payment_id,settlement_id,bank_txn_id,amount,method,fee,gst,tds,settle_date,split,ambiguous
pay_00000000000058,setl_T3RNGC_0001,bnk_000000000001,6953.03,netbanking,29.38,5.29,0.00,2025-11-03,train,0
pay_00000000000088,setl_T3RNGC_0001,bnk_000000000001,33151.03,card,663.02,119.34,331.51,2025-11-03,train,0
pay_00000000000124,setl_T3RNGC_0001,bnk_000000000001,115764.00,card,2315.28,416.75,1157.64,2025-11-03,train,0
pay_00000000000148,setl_T3RNGC_0001,bnk_000000000001,44466.33,netbanking,123.17,22.17,444.66,2025-11-03,train,0
pay_00000000000192,setl_T3RNGC_0001,bnk_000000000001,9184.00,upi,22.96,4.13,91.84,2025-11-03,train,0
pay_00000000000236,setl_T3RNGC_0001,bnk_000000000001,38009.00,netbanking,107.02,19.26,380.09,2025-11-03,train,0
pay_00000000000596,setl_T3RNGC_0001,bnk_000000000001,7466.56,upi,18.67,3.36,74.67,2025-11-03,train,0
pay_00000000000727,setl_T3RNGC_0001,bnk_000000000001,14516.35,card,290.33,52.26,0.00,2025-11-03,train,0
pay_00000000001132,setl_T3RNGC_0001,bnk_000000000001,33875.95,upi,84.69,15.24,338.76,2025-11-03,train,0
pay_00000000001383,setl_T3RNGC_0001,bnk_000000000001,32163.97,netbanking,92.41,16.63,321.64,2025-11-03,train,0
pay_00000000001413,setl_T3RNGC_0001,bnk_000000000001,13385.00,netbanking,45.46,8.18,133.85,2025-11-03,train,0
pay_00000000001443,setl_T3RNGC_0001,bnk_000000000001,180197.31,netbanking,462.49,83.25,0.00,2025-11-03,train,0
pay_00000000000158,setl_T3RNGC_0002,bnk_000000000002,125742.51,netbanking,12.00,2.16,1257.43,2025-11-04,train,0
pay_00000000000210,setl_T3RNGC_0002,bnk_000000000002,6733.00,upi,0.00,0.00,67.33,2025-11-04,train,0
pay_00000000000299,setl_T3RNGC_0002,bnk_000000000002,33464.10,netbanking,12.00,2.16,334.64,2025-11-04,train,0
pay_00000000000327,setl_T3RNGC_0002,bnk_000000000002,26964.57,upi,0.00,0.00,269.65,2025-11-04,train,0
pay_00000000000392,setl_T3RNGC_0002,bnk_000000000002,43391.66,netbanking,12.00,2.16,433.92,2025-11-04,train,0
pay_00000000000550,setl_T3RNGC_0002,bnk_000000000002,11877.48,netbanking,12.00,2.16,118.77,2025-11-04,train,0
pay_00000000000813,setl_T3RNGC_0002,bnk_000000000002,7979.61,card,139.64,25.14,79.80,2025-11-04,train,0
pay_00000000001170,setl_T3RNGC_0002,bnk_000000000002,4829.24,card,84.51,15.21,48.29,2025-11-04,train,0
pay_00000000001221,setl_T3RNGC_0002,bnk_000000000002,4709.99,netbanking,12.00,2.16,47.10,2025-11-04,train,0
pay_00000000001234,setl_T3RNGC_0002,bnk_000000000002,4175.00,netbanking,12.00,2.16,41.75,2025-11-04,train,0
pay_00000000001246,setl_T3RNGC_0002,bnk_000000000002,19371.00,card,338.99,61.02,0.00,2025-11-04,train,0
pay_00000000001283,setl_T3RNGC_0002,bnk_000000000002,218203.49,wallet,4582.27,824.81,0.00,2025-11-04,train,0
pay_00000000001339,setl_T3RNGC_0002,bnk_000000000002,8394.99,netbanking,12.00,2.16,83.95,2025-11-04,train,0
pay_00000000001496,setl_T3RNGC_0002,bnk_000000000002,17573.59,card,307.54,55.36,175.74,2025-11-04,train,0
pay_00000000000061,setl_T3RNGC_0003,bnk_000000000005,8260.99,card,144.57,26.02,82.61,2025-11-04,train,0
pay_00000000000106,setl_T3RNGC_0003,bnk_000000000005,11709.86,wallet,245.91,44.26,117.10,2025-11-04,train,0
pay_00000000000118,setl_T3RNGC_0003,bnk_000000000005,9409.99,netbanking,12.00,2.16,94.10,2025-11-04,train,0
pay_00000000000123,setl_T3RNGC_0003,bnk_000000000005,13863.11,upi,0.00,0.00,138.63,2025-11-04,train,0
pay_00000000000145,setl_T3RNGC_0003,bnk_000000000005,7956.86,card,139.25,25.07,79.57,2025-11-04,train,0
pay_00000000000173,setl_T3RNGC_0003,bnk_000000000005,4983.99,netbanking,12.00,2.16,0.00,2025-11-04,train,0
pay_00000000000244,setl_T3RNGC_0003,bnk_000000000005,8757.99,card,153.26,27.59,87.58,2025-11-04,train,0
pay_00000000000301,setl_T3RNGC_0003,bnk_000000000005,23487.99,netbanking,12.00,2.16,234.88,2025-11-04,train,0
pay_00000000000393,setl_T3RNGC_0003,bnk_000000000005,24974.99,upi,0.00,0.00,249.75,2025-11-04,train,0
pay_00000000000463,setl_T3RNGC_0003,bnk_000000000005,10729.00,card,187.76,33.80,107.29,2025-11-04,train,0
pay_00000000000629,setl_T3RNGC_0003,bnk_000000000005,6216.15,card,108.78,19.58,62.16,2025-11-04,train,0
pay_00000000000638,setl_T3RNGC_0003,bnk_000000000005,222568.64,card,3894.95,701.09,2225.69,2025-11-04,train,0
pay_00000000000689,setl_T3RNGC_0003,bnk_000000000005,19386.33,card,339.26,61.07,0.00,2025-11-04,train,0
pay_00000000000739,setl_T3RNGC_0003,bnk_000000000005,33229.20,netbanking,12.00,2.16,332.29,2025-11-04,train,0
pay_00000000000769,setl_T3RNGC_0003,bnk_000000000005,4050.22,card,70.88,12.76,40.50,2025-11-04,train,0
pay_00000000000809,setl_T3RNGC_0003,bnk_000000000005,162228.00,netbanking,12.00,2.16,0.00,2025-11-04,train,0
pay_00000000000831,setl_T3RNGC_0003,bnk_000000000005,55062.67,wallet,1156.32,208.14,550.63,2025-11-04,train,0
pay_00000000000839,setl_T3RNGC_0003,bnk_000000000005,17965.03,upi,0.00,0.00,179.65,2025-11-04,train,0
pay_00000000000878,setl_T3RNGC_0003,bnk_000000000005,4864.00,card,85.12,15.32,48.64,2025-11-04,train,0
pay_00000000000917,setl_T3RNGC_0003,bnk_000000000005,38930.00,wallet,817.53,147.16,389.30,2025-11-04,train,0
pay_00000000000967,setl_T3RNGC_0003,bnk_000000000005,26074.00,netbanking,12.00,2.16,260.74,2025-11-04,train,0
pay_00000000000998,setl_T3RNGC_0003,bnk_000000000005,22065.99,card,386.15,69.51,220.66,2025-11-04,train,0
pay_00000000001019,setl_T3RNGC_0003,bnk_000000000005,19780.00,upi,0.00,0.00,197.80,2025-11-04,train,0
pay_00000000001025,setl_T3RNGC_0003,bnk_000000000005,207147.18,netbanking,12.00,2.16,0.00,2025-11-04,train,0
pay_00000000001044,setl_T3RNGC_0003,bnk_000000000005,8548.00,upi,0.00,0.00,85.48,2025-11-04,train,0
pay_00000000001047,setl_T3RNGC_0003,bnk_000000000005,30890.23,wallet,648.69,116.76,308.90,2025-11-04,train,0
pay_00000000001121,setl_T3RNGC_0003,bnk_000000000005,23992.23,wallet,503.84,90.69,239.92,2025-11-04,train,0
pay_00000000001128,setl_T3RNGC_0003,bnk_000000000005,43963.99,netbanking,12.00,2.16,439.64,2025-11-04,train,0
pay_00000000001145,setl_T3RNGC_0003,bnk_000000000005,4632.99,wallet,97.29,17.51,46.33,2025-11-04,train,0
pay_00000000001159,setl_T3RNGC_0003,bnk_000000000005,130496.00,upi,0.00,0.00,1304.96,2025-11-04,train,0
pay_00000000001180,setl_T3RNGC_0003,bnk_000000000005,33604.63,card,588.08,105.85,336.05,2025-11-04,train,0
pay_00000000001186,setl_T3RNGC_0003,bnk_000000000005,6652.00,netbanking,12.00,2.16,0.00,2025-11-04,train,0
pay_00000000001257,setl_T3RNGC_0003,bnk_000000000005,5507.00,upi,0.00,0.00,55.07,2025-11-04,train,0
pay_00000000001306,setl_T3RNGC_0003,bnk_000000000005,27898.00,upi,0.00,0.00,278.98,2025-11-04,train,0
pay_00000000001340,setl_T3RNGC_0003,bnk_000000000005,78728.99,upi,0.00,0.00,787.29,2025-11-04,train,0
pay_00000000001352,setl_T3RNGC_0003,bnk_000000000005,27188.97,netbanking,12.00,2.16,271.89,2025-11-04,train,0
pay_00000000001356,setl_T3RNGC_0003,bnk_000000000005,41917.00,wallet,880.26,158.45,419.17,2025-11-04,train,0
pay_00000000001376,setl_T3RNGC_0003,bnk_000000000005,71342.00,card,1248.49,224.73,713.42,2025-11-04,train,0
pay_00000000001394,setl_T3RNGC_0003,bnk_000000000005,16638.47,netbanking,12.00,2.16,166.38,2025-11-04,train,0
pay_00000000001412,setl_T3RNGC_0003,bnk_000000000005,57387.22,netbanking,12.00,2.16,573.87,2025-11-04,train,0
pay_00000000001459,setl_T3RNGC_0003,bnk_000000000005,28645.53,netbanking,12.00,2.16,286.46,2025-11-04,train,0
pay_00000000001478,setl_T3RNGC_0003,bnk_000000000005,5417.94,upi,0.00,0.00,54.18,2025-11-04,train,0
pay_00000000000007,setl_T3RNGC_0004,bnk_000000000006,23048.00,netbanking,69.62,12.53,230.48,2025-11-06,train,0
pay_00000000000086,setl_T3RNGC_0004,bnk_000000000006,142514.09,netbanking,368.29,66.29,1425.14,2025-11-06,train,0
pay_00000000000284,setl_T3RNGC_0004,bnk_000000000006,8023.57,card,160.47,28.88,80.24,2025-11-06,train,0
pay_00000000000371,setl_T3RNGC_0004,bnk_000000000006,154379.60,wallet,3627.92,653.03,1543.80,2025-11-06,train,0
pay_00000000000427,setl_T3RNGC_0004,bnk_000000000006,220041.00,card,4400.82,792.15,2200.41,2025-11-06,train,0
pay_00000000000526,setl_T3RNGC_0004,bnk_000000000006,7428.47,netbanking,30.57,5.50,0.00,2025-11-06,train,0
pay_00000000000544,setl_T3RNGC_0004,bnk_000000000006,23796.01,upi,59.49,10.71,237.96,2025-11-06,train,0
pay_00000000000605,setl_T3RNGC_0004,bnk_000000000006,18333.48,netbanking,57.83,10.41,183.33,2025-11-06,train,0
pay_00000000000618,setl_T3RNGC_0004,bnk_000000000006,150773.99,netbanking,388.93,70.01,1507.74,2025-11-06,train,0
pay_00000000000630,setl_T3RNGC_0004,bnk_000000000006,3434.22,card,68.69,12.36,34.34,2025-11-06,train,0
pay_00000000000730,setl_T3RNGC_0004,bnk_000000000006,17759.00,netbanking,56.40,10.15,177.59,2025-11-06,train,0
pay_00000000000846,setl_T3RNGC_0004,bnk_000000000006,11157.99,netbanking,39.89,7.18,111.58,2025-11-06,train,0
pay_00000000000920,setl_T3RNGC_0004,bnk_000000000006,10337.81,card,206.75,37.22,103.38,2025-11-06,train,0
pay_00000000001004,setl_T3RNGC_0004,bnk_000000000006,31051.00,wallet,729.70,131.35,310.51,2025-11-06,train,0
pay_00000000001016,setl_T3RNGC_0004,bnk_000000000006,102649.00,netbanking,268.62,48.35,1026.49,2025-11-06,train,0
pay_00000000001147,setl_T3RNGC_0004,bnk_000000000006,39250.44,netbanking,110.13,19.82,0.00,2025-11-06,train,0
pay_00000000001241,setl_T3RNGC_0004,bnk_000000000006,11442.38,netbanking,40.61,7.31,114.42,2025-11-06,train,0
pay_00000000000260,setl_T3RNGC_0005,bnk_000000000007,6293.00,card,110.13,19.82,62.93,2025-11-06,train,0
pay_00000000000372,setl_T3RNGC_0005,bnk_000000000007,17256.76,netbanking,12.00,2.16,172.57,2025-11-06,train,0
pay_00000000000634,setl_T3RNGC_0005,bnk_000000000007,2646.99,netbanking,12.00,2.16,26.47,2025-11-06,train,0
pay_00000000000733,setl_T3RNGC_0005,bnk_000000000007,5206.90,wallet,109.34,19.68,52.07,2025-11-06,train,0
pay_00000000001048,setl_T3RNGC_0005,bnk_000000000007,3058.62,netbanking,12.00,2.16,30.59,2025-11-06,train,0
pay_00000000001276,setl_T3RNGC_0005,bnk_000000000007,8367.27,card,146.43,26.36,83.67,2025-11-06,train,0
pay_00000000001337,setl_T3RNGC_0005,bnk_000000000007,22595.82,upi,0.00,0.00,225.96,2025-11-06,train,0
pay_00000000001390,setl_T3RNGC_0005,bnk_000000000007,4182.99,netbanking,12.00,2.16,41.83,2025-11-06,train,0
pay_00000000001450,setl_T3RNGC_0005,bnk_000000000007,12033.00,upi,0.00,0.00,120.33,2025-11-06,train,0
pay_00000000000025,setl_T3RNGC_0006,bnk_000000000008,22609.00,netbanking,12.00,2.16,226.09,2025-11-06,train,0
pay_00000000000049,setl_T3RNGC_0006,bnk_000000000008,212797.50,netbanking,12.00,2.16,2127.98,2025-11-06,train,0
pay_00000000000062,setl_T3RNGC_0006,bnk_000000000008,23574.00,netbanking,12.00,2.16,235.74,2025-11-06,train,0
pay_00000000000064,setl_T3RNGC_0006,bnk_000000000008,37026.99,card,647.97,116.63,370.27,2025-11-06,train,0
pay_00000000000099,setl_T3RNGC_0006,bnk_000000000008,52373.73,netbanking,12.00,2.16,523.74,2025-11-06,train,0
pay_00000000000114,setl_T3RNGC_0006,bnk_000000000008,36811.96,wallet,773.05,139.15,368.12,2025-11-06,train,0
pay_00000000000119,setl_T3RNGC_0006,bnk_000000000008,155160.48,netbanking,12.00,2.16,1551.60,2025-11-06,train,0
pay_00000000000135,setl_T3RNGC_0006,bnk_000000000008,4268.62,upi,0.00,0.00,42.69,2025-11-06,train,0
pay_00000000000140,setl_T3RNGC_0006,bnk_000000000008,6201.99,card,108.53,19.54,62.02,2025-11-06,train,0
pay_00000000000190,setl_T3RNGC_0006,bnk_000000000008,15960.99,card,279.32,50.28,159.61,2025-11-06,train,0
pay_00000000000213,setl_T3RNGC_0006,bnk_000000000008,101786.99,netbanking,12.00,2.16,1017.87,2025-11-06,train,0
pay_00000000000239,setl_T3RNGC_0006,bnk_000000000008,3006.98,netbanking,12.00,2.16,30.07,2025-11-06,train,0
pay_00000000000254,setl_T3RNGC_0006,bnk_000000000008,7463.95,netbanking,12.00,2.16,0.00,2025-11-06,train,0
pay_00000000000263,setl_T3RNGC_0006,bnk_000000000008,40183.00,netbanking,12.00,2.16,401.83,2025-11-06,train,0
pay_00000000000288,setl_T3RNGC_0006,bnk_000000000008,38039.99,upi,0.00,0.00,380.40,2025-11-06,train,0
pay_00000000000306,setl_T3RNGC_0006,bnk_000000000008,94289.00,netbanking,12.00,2.16,942.89,2025-11-06,train,0
pay_00000000000366,setl_T3RNGC_0006,bnk_000000000008,2510.99,card,43.94,7.91,25.11,2025-11-06,train,0
pay_00000000000376,setl_T3RNGC_0006,bnk_000000000008,40747.07,upi,0.00,0.00,407.47,2025-11-06,train,0
pay_00000000000379,setl_T3RNGC_0006,bnk_000000000008,71444.56,card,1250.28,225.05,0.00,2025-11-06,train,0
pay_00000000000399,setl_T3RNGC_0006,bnk_000000000008,27083.99,netbanking,12.00,2.16,0.00,2025-11-06,train,0
pay_00000000000440,setl_T3RNGC_0006,bnk_000000000008,21006.99,netbanking,12.00,2.16,210.07,2025-11-06,train,0
pay_00000000000482,setl_T3RNGC_0006,bnk_000000000008,33787.00,netbanking,12.00,2.16,337.87,2025-11-06,train,0
pay_00000000000510,setl_T3RNGC_0006,bnk_000000000008,162223.52,card,2838.91,511.00,1622.24,2025-11-06,train,0
pay_00000000000545,setl_T3RNGC_0006,bnk_000000000008,43381.34,netbanking,12.00,2.16,433.81,2025-11-06,train,0
pay_00000000000551,setl_T3RNGC_0006,bnk_000000000008,7648.99,wallet,160.63,28.91,76.49,2025-11-06,train,0
pay_00000000000577,setl_T3RNGC_0006,bnk_000000000008,6383.00,netbanking,12.00,2.16,63.83,2025-11-06,train,0
pay_00000000000579,setl_T3RNGC_0006,bnk_000000000008,8849.99,netbanking,12.00,2.16,88.50,2025-11-06,train,0
pay_00000000000619,setl_T3RNGC_0006,bnk_000000000008,140093.12,netbanking,12.00,2.16,1400.93,2025-11-06,train,0
pay_00000000000621,setl_T3RNGC_0006,bnk_000000000008,3141.91,wallet,65.98,11.88,31.42,2025-11-06,train,0
pay_00000000000623,setl_T3RNGC_0006,bnk_000000000008,39235.00,netbanking,12.00,2.16,0.00,2025-11-06,train,0
pay_00000000000631,setl_T3RNGC_0006,bnk_000000000008,5660.00,netbanking,12.00,2.16,0.00,2025-11-06,train,0
pay_00000000000648,setl_T3RNGC_0006,bnk_000000000008,41536.04,netbanking,12.00,2.16,415.36,2025-11-06,train,0
pay_00000000000703,setl_T3RNGC_0006,bnk_000000000008,8039.00,wallet,168.82,30.39,80.39,2025-11-06,train,0
pay_00000000000723,setl_T3RNGC_0006,bnk_000000000008,240585.86,upi,0.00,0.00,2405.86,2025-11-06,train,0
pay_00000000000762,setl_T3RNGC_0006,bnk_000000000008,98032.00,netbanking,12.00,2.16,980.32,2025-11-06,train,0
pay_00000000000794,setl_T3RNGC_0006,bnk_000000000008,3084.00,wallet,64.76,11.66,30.84,2025-11-06,train,0
pay_00000000000857,setl_T3RNGC_0006,bnk_000000000008,3123.99,wallet,65.60,11.81,31.24,2025-11-06,train,0
pay_00000000000873,setl_T3RNGC_0006,bnk_000000000008,14704.99,netbanking,12.00,2.16,147.05,2025-11-06,train,0
pay_00000000000888,setl_T3RNGC_0006,bnk_000000000008,15582.00,card,272.69,49.08,155.82,2025-11-06,train,0
pay_00000000000889,setl_T3RNGC_0006,bnk_000000000008,5007.73,card,87.64,15.78,50.08,2025-11-06,train,0
pay_00000000000890,setl_T3RNGC_0006,bnk_000000000008,4327.00,upi,0.00,0.00,43.27,2025-11-06,train,0
pay_00000000000915,setl_T3RNGC_0006,bnk_000000000008,9976.00,upi,0.00,0.00,99.76,2025-11-06,train,0
pay_00000000000934,setl_T3RNGC_0006,bnk_000000000008,42073.11,wallet,883.54,159.04,420.73,2025-11-06,train,0
pay_00000000000936,setl_T3RNGC_0006,bnk_000000000008,15899.93,upi,0.00,0.00,159.00,2025-11-06,train,0
pay_00000000000984,setl_T3RNGC_0006,bnk_000000000008,2167.99,wallet,45.53,8.20,21.68,2025-11-06,train,0
pay_00000000000985,setl_T3RNGC_0006,bnk_000000000008,5276.99,card,92.35,16.62,52.77,2025-11-06,train,0
pay_00000000000986,setl_T3RNGC_0006,bnk_000000000008,44680.85,upi,0.00,0.00,446.81,2025-11-06,train,0
pay_00000000001034,setl_T3RNGC_0006,bnk_000000000008,16741.00,card,292.97,52.73,167.41,2025-11-06,train,0
pay_00000000001089,setl_T3RNGC_0006,bnk_000000000008,3924.88,upi,0.00,0.00,39.25,2025-11-06,train,0
pay_00000000001124,setl_T3RNGC_0006,bnk_000000000008,5442.00,netbanking,12.00,2.16,54.42,2025-11-06,train,0
pay_00000000001140,setl_T3RNGC_0006,bnk_000000000008,7908.64,card,138.40,24.91,79.09,2025-11-06,train,0
pay_00000000001156,setl_T3RNGC_0006,bnk_000000000008,243506.59,netbanking,12.00,2.16,2435.07,2025-11-06,train,0
pay_00000000001178,setl_T3RNGC_0006,bnk_000000000008,3179.99,netbanking,12.00,2.16,31.80,2025-11-06,train,0
pay_00000000001199,setl_T3RNGC_0006,bnk_000000000008,66543.00,card,1164.50,209.61,665.43,2025-11-06,train,0
pay_00000000001202,setl_T3RNGC_0006,bnk_000000000008,23580.97,card,412.67,74.28,235.81,2025-11-06,train,0
pay_00000000001213,setl_T3RNGC_0006,bnk_000000000008,3078.34,wallet,64.65,11.64,30.78,2025-11-06,train,0
pay_00000000001254,setl_T3RNGC_0006,bnk_000000000008,33531.71,upi,0.00,0.00,335.32,2025-11-06,train,0
pay_00000000001279,setl_T3RNGC_0006,bnk_000000000008,18433.99,card,322.59,58.07,184.34,2025-11-06,train,0
pay_00000000001297,setl_T3RNGC_0006,bnk_000000000008,7629.31,netbanking,12.00,2.16,76.29,2025-11-06,train,0
pay_00000000001304,setl_T3RNGC_0006,bnk_000000000008,21196.00,netbanking,12.00,2.16,211.96,2025-11-06,train,0
pay_00000000001313,setl_T3RNGC_0006,bnk_000000000008,27454.99,netbanking,12.00,2.16,274.55,2025-11-06,train,0
pay_00000000001342,setl_T3RNGC_0006,bnk_000000000008,2382.89,netbanking,12.00,2.16,0.00,2025-11-06,train,0
pay_00000000001372,setl_T3RNGC_0006,bnk_000000000008,148517.00,netbanking,12.00,2.16,0.00,2025-11-06,train,0
pay_00000000001400,setl_T3RNGC_0006,bnk_000000000008,5502.00,wallet,115.54,20.80,0.00,2025-11-06,train,0
pay_00000000001402,setl_T3RNGC_0006,bnk_000000000008,43838.99,wallet,920.62,165.71,438.39,2025-11-06,train,0
pay_00000000001421,setl_T3RNGC_0006,bnk_000000000008,4208.42,netbanking,12.00,2.16,42.08,2025-11-06,train,0
pay_00000000001458,setl_T3RNGC_0006,bnk_000000000008,2930.38,netbanking,12.00,2.16,29.30,2025-11-06,train,0
pay_00000000001472,setl_T3RNGC_0006,bnk_000000000008,24367.99,card,426.44,76.76,243.68,2025-11-06,train,0
pay_00000000000017,setl_T3RNGC_0007,bnk_000000000009,221262.00,netbanking,12.00,2.16,2212.62,2025-11-07,train,0
pay_00000000000048,setl_T3RNGC_0007,bnk_000000000009,6559.89,netbanking,12.00,2.16,65.60,2025-11-07,train,0
pay_00000000000070,setl_T3RNGC_0007,bnk_000000000009,25928.91,netbanking,12.00,2.16,0.00,2025-11-07,train,0
pay_00000000000112,setl_T3RNGC_0007,bnk_000000000009,2120.00,netbanking,12.00,2.16,0.00,2025-11-07,train,0
pay_00000000000117,setl_T3RNGC_0007,bnk_000000000009,143843.00,upi,0.00,0.00,0.00,2025-11-07,train,0
pay_00000000000242,setl_T3RNGC_0007,bnk_000000000009,15017.29,netbanking,12.00,2.16,150.17,2025-11-07,train,0
pay_00000000000266,setl_T3RNGC_0007,bnk_000000000009,19004.00,netbanking,12.00,2.16,0.00,2025-11-07,train,0
pay_00000000000282,setl_T3RNGC_0007,bnk_000000000009,7626.05,card,133.46,24.02,76.26,2025-11-07,train,0
pay_00000000000385,setl_T3RNGC_0007,bnk_000000000009,3075.52,netbanking,12.00,2.16,30.76,2025-11-07,train,0
pay_00000000000438,setl_T3RNGC_0007,bnk_000000000009,35040.99,card,613.22,110.38,350.41,2025-11-07,train,0
pay_00000000000555,setl_T3RNGC_0007,bnk_000000000009,43572.24,netbanking,12.00,2.16,435.72,2025-11-07,train,0
pay_00000000001076,setl_T3RNGC_0007,bnk_000000000009,4455.34,card,77.97,14.03,44.55,2025-11-07,train,0
pay_00000000001081,setl_T3RNGC_0007,bnk_000000000009,22270.80,upi,0.00,0.00,222.71,2025-11-07,train,0
pay_00000000001341,setl_T3RNGC_0007,bnk_000000000009,71197.85,card,1245.96,224.27,711.98,2025-11-07,train,0
pay_00000000001463,setl_T3RNGC_0007,bnk_000000000009,35724.28,netbanking,12.00,2.16,0.00,2025-11-07,train,0
pay_00000000001483,setl_T3RNGC_0007,bnk_000000000009,99167.51,upi,0.00,0.00,991.68,2025-11-07,train,0
pay_00000000001503,setl_T3RNGC_0007,bnk_000000000009,4455.34,card,77.97,14.03,44.55,2025-11-07,train,1
pay_00000000000024,setl_T3RNGC_0008,bnk_000000000010,41280.00,netbanking,12.00,2.16,412.80,2025-11-07,train,0
pay_00000000000033,setl_T3RNGC_0008,bnk_000000000010,122220.99,netbanking,12.00,2.16,1222.21,2025-11-07,train,0
pay_00000000000036,setl_T3RNGC_0008,bnk_000000000010,19443.96,netbanking,12.00,2.16,0.00,2025-11-07,train,0
pay_00000000000078,setl_T3RNGC_0008,bnk_000000000010,41107.00,card,719.37,129.49,411.07,2025-11-07,train,0
pay_00000000000081,setl_T3RNGC_0008,bnk_000000000010,9744.00,wallet,204.62,36.83,97.44,2025-11-07,train,0
pay_00000000000096,setl_T3RNGC_0008,bnk_000000000010,43190.56,card,755.83,136.05,431.91,2025-11-07,train,0
pay_00000000000150,setl_T3RNGC_0008,bnk_000000000010,27229.00,netbanking,12.00,2.16,272.29,2025-11-07,train,0
pay_00000000000161,setl_T3RNGC_0008,bnk_000000000010,82867.88,netbanking,12.00,2.16,828.68,2025-11-07,train,0
pay_00000000000194,setl_T3RNGC_0008,bnk_000000000010,24428.00,wallet,512.99,92.34,0.00,2025-11-07,train,0
pay_00000000000206,setl_T3RNGC_0008,bnk_000000000010,2184.00,upi,0.00,0.00,21.84,2025-11-07,train,0
pay_00000000000386,setl_T3RNGC_0008,bnk_000000000010,8701.99,wallet,182.74,32.89,87.02,2025-11-07,train,0
pay_00000000000409,setl_T3RNGC_0008,bnk_000000000010,43365.15,card,758.89,136.60,433.65,2025-11-07,train,0
pay_00000000000421,setl_T3RNGC_0008,bnk_000000000010,74350.76,upi,0.00,0.00,743.51,2025-11-07,train,0
pay_00000000000489,setl_T3RNGC_0008,bnk_000000000010,3879.00,netbanking,12.00,2.16,0.00,2025-11-07,train,0
pay_00000000000512,setl_T3RNGC_0008,bnk_000000000010,173238.62,netbanking,12.00,2.16,1732.39,2025-11-07,train,0
pay_00000000000529,setl_T3RNGC_0008,bnk_000000000010,230812.93,card,4039.23,727.06,2308.13,2025-11-07,train,0
pay_00000000000547,setl_T3RNGC_0008,bnk_000000000010,3265.43,netbanking,12.00,2.16,32.65,2025-11-07,train,0
pay_00000000000582,setl_T3RNGC_0008,bnk_000000000010,5955.00,upi,0.00,0.00,59.55,2025-11-07,train,0
pay_00000000000706,setl_T3RNGC_0008,bnk_000000000010,6762.99,netbanking,12.00,2.16,67.63,2025-11-07,train,0
pay_00000000000742,setl_T3RNGC_0008,bnk_000000000010,2443.00,wallet,51.30,9.23,24.43,2025-11-07,train,0
pay_00000000000749,setl_T3RNGC_0008,bnk_000000000010,25362.28,upi,0.00,0.00,253.62,2025-11-07,train,0
pay_00000000000770,setl_T3RNGC_0008,bnk_000000000010,229657.71,netbanking,12.00,2.16,2296.58,2025-11-07,train,0
pay_00000000000879,setl_T3RNGC_0008,bnk_000000000010,40735.99,card,712.88,128.32,407.36,2025-11-07,train,0
pay_00000000000882,setl_T3RNGC_0008,bnk_000000000010,8711.99,netbanking,12.00,2.16,87.12,2025-11-07,train,0
pay_00000000000885,setl_T3RNGC_0008,bnk_000000000010,243929.99,card,4268.77,768.38,2439.30,2025-11-07,train,0
pay_00000000000931,setl_T3RNGC_0008,bnk_000000000010,13761.00,netbanking,12.00,2.16,137.61,2025-11-07,train,0
pay_00000000000943,setl_T3RNGC_0008,bnk_000000000010,36954.99,netbanking,12.00,2.16,369.55,2025-11-07,train,0
pay_00000000000987,setl_T3RNGC_0008,bnk_000000000010,5919.18,wallet,124.30,22.37,59.19,2025-11-07,train,0
pay_00000000000995,setl_T3RNGC_0008,bnk_000000000010,25880.36,netbanking,12.00,2.16,258.80,2025-11-07,train,0
pay_00000000000996,setl_T3RNGC_0008,bnk_000000000010,6715.41,upi,0.00,0.00,67.15,2025-11-07,train,0
pay_00000000001010,setl_T3RNGC_0008,bnk_000000000010,15969.15,wallet,335.35,60.36,159.69,2025-11-07,train,0
pay_00000000001018,setl_T3RNGC_0008,bnk_000000000010,3763.52,card,65.86,11.85,37.64,2025-11-07,train,0
pay_00000000001065,setl_T3RNGC_0008,bnk_000000000010,210537.77,card,3684.41,663.19,0.00,2025-11-07,train,0
pay_00000000001107,setl_T3RNGC_0008,bnk_000000000010,6516.00,card,114.03,20.53,65.16,2025-11-07,train,0
pay_00000000001135,setl_T3RNGC_0008,bnk_000000000010,8059.00,netbanking,12.00,2.16,80.59,2025-11-07,train,0
pay_00000000001215,setl_T3RNGC_0008,bnk_000000000010,24255.00,card,424.46,76.40,242.55,2025-11-07,train,0
pay_00000000001298,setl_T3RNGC_0008,bnk_000000000010,38452.00,netbanking,12.00,2.16,384.52,2025-11-07,train,0
pay_00000000001415,setl_T3RNGC_0008,bnk_000000000010,16968.00,netbanking,12.00,2.16,169.68,2025-11-07,train,0
pay_00000000001440,setl_T3RNGC_0008,bnk_000000000010,241727.92,netbanking,12.00,2.16,2417.28,2025-11-07,train,0
pay_00000000001475,setl_T3RNGC_0008,bnk_000000000010,17780.00,wallet,373.38,67.21,177.80,2025-11-07,train,0
pay_00000000001504,setl_T3RNGC_0008,bnk_000000000010,4455.34,card,77.97,14.03,44.55,2025-11-07,train,1
pay_00000000000042,setl_T3RNGC_0009,bnk_000000000011,43612.00,wallet,915.85,164.85,436.12,2025-11-10,train,0
pay_00000000000357,setl_T3RNGC_0009,bnk_000000000011,5172.00,netbanking,12.00,2.16,51.72,2025-11-10,train,0
pay_00000000000384,setl_T3RNGC_0009,bnk_000000000011,85505.00,netbanking,12.00,2.16,855.05,2025-11-10,train,0
pay_00000000000453,setl_T3RNGC_0009,bnk_000000000011,19653.00,netbanking,12.00,2.16,196.53,2025-11-10,train,0
pay_00000000000459,setl_T3RNGC_0009,bnk_000000000011,9871.00,netbanking,12.00,2.16,0.00,2025-11-10,train,0
pay_00000000000591,setl_T3RNGC_0009,bnk_000000000011,31529.63,netbanking,12.00,2.16,0.00,2025-11-10,train,0
pay_00000000000602,setl_T3RNGC_0009,bnk_000000000011,200292.99,netbanking,12.00,2.16,2002.93,2025-11-10,train,0
pay_00000000000671,setl_T3RNGC_0009,bnk_000000000011,6464.25,netbanking,12.00,2.16,64.64,2025-11-10,train,0
pay_00000000000709,setl_T3RNGC_0009,bnk_000000000011,34737.00,netbanking,12.00,2.16,347.37,2025-11-10,train,0
pay_00000000000775,setl_T3RNGC_0009,bnk_000000000011,7346.99,wallet,154.29,27.77,0.00,2025-11-10,train,0
pay_00000000001104,setl_T3RNGC_0009,bnk_000000000011,26176.00,upi,0.00,0.00,261.76,2025-11-10,train,0
pay_00000000001295,setl_T3RNGC_0009,bnk_000000000011,34619.02,netbanking,12.00,2.16,0.00,2025-11-10,train,0
pay_00000000001451,setl_T3RNGC_0009,bnk_000000000011,119369.43,netbanking,12.00,2.16,1193.69,2025-11-10,train,0
pay_00000000000032,setl_T3RNGC_0010,bnk_000000000012,2347.00,card,41.07,7.39,23.47,2025-11-10,train,0
pay_00000000000045,setl_T3RNGC_0010,bnk_000000000012,186300.72,card,3260.26,586.85,0.00,2025-11-10,train,0
pay_00000000000052,setl_T3RNGC_0010,bnk_000000000012,2013.03,card,35.23,6.34,20.13,2025-11-10,train,0
pay_00000000000053,setl_T3RNGC_0010,bnk_000000000012,20152.99,card,352.68,63.48,201.53,2025-11-10,train,0
pay_00000000000059,setl_T3RNGC_0010,bnk_000000000012,158950.00,netbanking,12.00,2.16,1589.50,2025-11-10,train,0
pay_00000000000089,setl_T3RNGC_0010,bnk_000000000012,162583.66,upi,0.00,0.00,1625.84,2025-11-10,train,0
pay_00000000000094,setl_T3RNGC_0010,bnk_000000000012,43755.82,wallet,918.87,165.40,437.56,2025-11-10,train,0
pay_00000000000108,setl_T3RNGC_0010,bnk_000000000012,9046.76,netbanking,12.00,2.16,90.47,2025-11-10,train,0
pay_00000000000170,setl_T3RNGC_0010,bnk_000000000012,206094.99,netbanking,12.00,2.16,2060.95,2025-11-10,train,0
pay_00000000000177,setl_T3RNGC_0010,bnk_000000000012,5654.00,netbanking,12.00,2.16,56.54,2025-11-10,train,0
pay_00000000000184,setl_T3RNGC_0010,bnk_000000000012,2452.05,netbanking,12.00,2.16,24.52,2025-11-10,train,0
pay_00000000000212,setl_T3RNGC_0010,bnk_000000000012,22489.00,netbanking,12.00,2.16,224.89,2025-11-10,train,0
pay_00000000000214,setl_T3RNGC_0010,bnk_000000000012,41659.00,wallet,874.84,157.47,416.59,2025-11-10,train,0
pay_00000000000215,setl_T3RNGC_0010,bnk_000000000012,31101.00,upi,0.00,0.00,311.01,2025-11-10,train,0
pay_00000000000233,setl_T3RNGC_0010,bnk_000000000012,153865.91,card,2692.65,484.68,1538.66,2025-11-10,train,0
pay_00000000000247,setl_T3RNGC_0010,bnk_000000000012,33789.99,upi,0.00,0.00,337.90,2025-11-10,train,0
pay_00000000000269,setl_T3RNGC_0010,bnk_000000000012,12479.49,upi,0.00,0.00,124.79,2025-11-10,train,0
pay_00000000000298,setl_T3RNGC_0010,bnk_000000000012,8121.99,netbanking,12.00,2.16,81.22,2025-11-10,train,0
pay_00000000000312,setl_T3RNGC_0010,bnk_000000000012,44357.00,netbanking,12.00,2.16,0.00,2025-11-10,train,0
pay_00000000000337,setl_T3RNGC_0010,bnk_000000000012,2380.72,wallet,50.00,9.00,23.81,2025-11-10,train,0
pay_00000000000345,setl_T3RNGC_0010,bnk_000000000012,10741.15,upi,0.00,0.00,107.41,2025-11-10,train,0
pay_00000000000347,setl_T3RNGC_0010,bnk_000000000012,41352.99,netbanking,12.00,2.16,413.53,2025-11-10,train,0
pay_00000000000351,setl_T3RNGC_0010,bnk_000000000012,28854.00,netbanking,12.00,2.16,288.54,2025-11-10,train,0
pay_00000000000362,setl_T3RNGC_0010,bnk_000000000012,34026.98,netbanking,12.00,2.16,0.00,2025-11-10,train,0
pay_00000000000367,setl_T3RNGC_0010,bnk_000000000012,7662.27,upi,0.00,0.00,76.62,2025-11-10,train,0
pay_00000000000370,setl_T3RNGC_0010,bnk_000000000012,8407.00,wallet,176.55,31.78,0.00,2025-11-10,train,0
pay_00000000000377,setl_T3RNGC_0010,bnk_000000000012,8591.00,wallet,180.41,32.47,85.91,2025-11-10,train,0
pay_00000000000381,setl_T3RNGC_0010,bnk_000000000012,8627.00,netbanking,12.00,2.16,0.00,2025-11-10,train,0
pay_00000000000394,setl_T3RNGC_0010,bnk_000000000012,8218.00,netbanking,12.00,2.16,0.00,2025-11-10,train,0
pay_00000000000401,setl_T3RNGC_0010,bnk_000000000012,92148.32,netbanking,12.00,2.16,921.48,2025-11-10,train,0
pay_00000000000422,setl_T3RNGC_0010,bnk_000000000012,13090.12,wallet,274.89,49.48,130.90,2025-11-10,train,0
pay_00000000000428,setl_T3RNGC_0010,bnk_000000000012,8948.99,netbanking,12.00,2.16,89.49,2025-11-10,train,0
pay_00000000000500,setl_T3RNGC_0010,bnk_000000000012,4626.99,card,80.97,14.57,46.27,2025-11-10,train,0
pay_00000000000505,setl_T3RNGC_0010,bnk_000000000012,39506.82,card,691.37,124.45,395.07,2025-11-10,train,0
pay_00000000000527,setl_T3RNGC_0010,bnk_000000000012,8116.78,upi,0.00,0.00,81.17,2025-11-10,train,0
pay_00000000000534,setl_T3RNGC_0010,bnk_000000000012,5082.00,wallet,106.72,19.21,50.82,2025-11-10,train,0
pay_00000000000564,setl_T3RNGC_0010,bnk_000000000012,23314.99,netbanking,12.00,2.16,233.15,2025-11-10,train,0
pay_00000000000574,setl_T3RNGC_0010,bnk_000000000012,33473.70,card,585.79,105.44,334.74,2025-11-10,train,0
pay_00000000000589,setl_T3RNGC_0010,bnk_000000000012,5447.83,card,95.34,17.16,54.48,2025-11-10,train,0
pay_00000000000603,setl_T3RNGC_0010,bnk_000000000012,14414.20,wallet,302.70,54.49,144.14,2025-11-10,train,0
pay_00000000000608,setl_T3RNGC_0010,bnk_000000000012,17682.99,wallet,371.34,66.84,0.00,2025-11-10,train,0
pay_00000000000632,setl_T3RNGC_0010,bnk_000000000012,6743.24,upi,0.00,0.00,67.43,2025-11-10,train,0
pay_00000000000646,setl_T3RNGC_0010,bnk_000000000012,21440.99,upi,0.00,0.00,0.00,2025-11-10,train,0
pay_00000000000660,setl_T3RNGC_0010,bnk_000000000012,16803.00,netbanking,12.00,2.16,168.03,2025-11-10,train,0
pay_00000000000664,setl_T3RNGC_0010,bnk_000000000012,96403.01,wallet,2024.46,364.40,964.03,2025-11-10,train,0
pay_00000000000667,setl_T3RNGC_0010,bnk_000000000012,7134.41,card,124.85,22.47,71.34,2025-11-10,train,0
pay_00000000000673,setl_T3RNGC_0010,bnk_000000000012,2795.00,netbanking,12.00,2.16,27.95,2025-11-10,train,0
pay_00000000000700,setl_T3RNGC_0010,bnk_000000000012,7663.00,netbanking,12.00,2.16,76.63,2025-11-10,train,0
pay_00000000000717,setl_T3RNGC_0010,bnk_000000000012,10549.00,netbanking,12.00,2.16,105.49,2025-11-10,train,0
pay_00000000000736,setl_T3RNGC_0010,bnk_000000000012,7549.99,upi,0.00,0.00,75.50,2025-11-10,train,0
pay_00000000000755,setl_T3RNGC_0010,bnk_000000000012,2521.58,card,44.13,7.94,0.00,2025-11-10,train,0
pay_00000000000756,setl_T3RNGC_0010,bnk_000000000012,22931.00,card,401.29,72.23,229.31,2025-11-10,train,0
pay_00000000000832,setl_T3RNGC_0010,bnk_000000000012,4894.69,netbanking,12.00,2.16,48.95,2025-11-10,train,0
pay_00000000000852,setl_T3RNGC_0010,bnk_000000000012,7125.31,netbanking,12.00,2.16,71.25,2025-11-10,train,0
pay_00000000000912,setl_T3RNGC_0010,bnk_000000000012,30015.63,netbanking,12.00,2.16,300.16,2025-11-10,train,0
pay_00000000000918,setl_T3RNGC_0010,bnk_000000000012,33605.00,upi,0.00,0.00,336.05,2025-11-10,train,0
pay_00000000000923,setl_T3RNGC_0010,bnk_000000000012,8746.12,card,153.06,27.55,87.46,2025-11-10,train,0
pay_00000000000937,setl_T3RNGC_0010,bnk_000000000012,220042.45,upi,0.00,0.00,0.00,2025-11-10,train,0
pay_00000000000968,setl_T3RNGC_0010,bnk_000000000012,28033.80,netbanking,12.00,2.16,280.34,2025-11-10,train,0
pay_00000000001026,setl_T3RNGC_0010,bnk_000000000012,16585.00,netbanking,12.00,2.16,0.00,2025-11-10,train,0
pay_00000000001035,setl_T3RNGC_0010,bnk_000000000012,2414.46,upi,0.00,0.00,24.14,2025-11-10,train,0
pay_00000000001057,setl_T3RNGC_0010,bnk_000000000012,6714.00,upi,0.00,0.00,67.14,2025-11-10,train,0
pay_00000000001068,setl_T3RNGC_0010,bnk_000000000012,19248.81,card,336.85,60.63,192.49,2025-11-10,train,0
pay_00000000001073,setl_T3RNGC_0010,bnk_000000000012,112645.00,wallet,2365.55,425.80,1126.45,2025-11-10,train,0
pay_00000000001075,setl_T3RNGC_0010,bnk_000000000012,15863.14,wallet,333.13,59.96,158.63,2025-11-10,train,0
pay_00000000001100,setl_T3RNGC_0010,bnk_000000000012,20325.62,upi,0.00,0.00,203.26,2025-11-10,train,0
pay_00000000001120,setl_T3RNGC_0010,bnk_000000000012,152950.86,netbanking,12.00,2.16,1529.51,2025-11-10,train,0
pay_00000000001134,setl_T3RNGC_0010,bnk_000000000012,6563.02,card,114.85,20.67,65.63,2025-11-10,train,0
pay_00000000001139,setl_T3RNGC_0010,bnk_000000000012,12668.00,card,221.69,39.90,126.68,2025-11-10,train,0
pay_00000000001148,setl_T3RNGC_0010,bnk_000000000012,6123.99,wallet,128.60,23.15,61.24,2025-11-10,train,0
pay_00000000001154,setl_T3RNGC_0010,bnk_000000000012,223423.99,netbanking,12.00,2.16,0.00,2025-11-10,train,0
pay_00000000001155,setl_T3RNGC_0010,bnk_000000000012,195222.18,upi,0.00,0.00,1952.22,2025-11-10,train,0
pay_00000000001165,setl_T3RNGC_0010,bnk_000000000012,19216.99,wallet,403.56,72.64,192.17,2025-11-10,train,0
pay_00000000001207,setl_T3RNGC_0010,bnk_000000000012,19123.99,wallet,401.60,72.29,191.24,2025-11-10,train,0
pay_00000000001244,setl_T3RNGC_0010,bnk_000000000012,24837.21,upi,0.00,0.00,248.37,2025-11-10,train,0
pay_00000000001258,setl_T3RNGC_0010,bnk_000000000012,3311.38,netbanking,12.00,2.16,0.00,2025-11-10,train,0
pay_00000000001327,setl_T3RNGC_0010,bnk_000000000012,172973.99,netbanking,12.00,2.16,1729.74,2025-11-10,train,0
pay_00000000001353,setl_T3RNGC_0010,bnk_000000000012,8947.59,wallet,187.90,33.82,0.00,2025-11-10,train,0
pay_00000000001381,setl_T3RNGC_0010,bnk_000000000012,6292.74,netbanking,12.00,2.16,62.93,2025-11-10,train,0
pay_00000000001389,setl_T3RNGC_0010,bnk_000000000012,2296.31,card,40.19,7.23,0.00,2025-11-10,train,0
pay_00000000001420,setl_T3RNGC_0010,bnk_000000000012,7594.00,netbanking,12.00,2.16,75.94,2025-11-10,train,0
pay_00000000001422,setl_T3RNGC_0010,bnk_000000000012,7003.70,upi,0.00,0.00,0.00,2025-11-10,train,0
pay_00000000001441,setl_T3RNGC_0010,bnk_000000000012,28615.73,netbanking,12.00,2.16,286.16,2025-11-10,train,0
pay_00000000001447,setl_T3RNGC_0010,bnk_000000000012,38998.73,netbanking,12.00,2.16,389.99,2025-11-10,train,0
pay_00000000001469,setl_T3RNGC_0010,bnk_000000000012,18286.98,card,320.02,57.60,182.87,2025-11-10,train,0
pay_00000000001491,setl_T3RNGC_0010,bnk_000000000012,36129.33,netbanking,12.00,2.16,361.29,2025-11-10,train,0
pay_00000000000071,setl_T3RNGC_0011,bnk_000000000013,17553.94,netbanking,12.00,2.16,175.54,2025-11-11,train,0
pay_00000000000093,setl_T3RNGC_0011,bnk_000000000013,7033.00,netbanking,12.00,2.16,70.33,2025-11-11,train,0
pay_00000000000142,setl_T3RNGC_0011,bnk_000000000013,6194.92,netbanking,12.00,2.16,61.95,2025-11-11,train,0
pay_00000000000281,setl_T3RNGC_0011,bnk_000000000013,7023.07,netbanking,12.00,2.16,70.23,2025-11-11,train,0
pay_00000000000462,setl_T3RNGC_0011,bnk_000000000013,12923.77,card,226.17,40.71,129.24,2025-11-11,train,0
pay_00000000000498,setl_T3RNGC_0011,bnk_000000000013,7730.99,card,135.29,24.35,77.31,2025-11-11,train,0
pay_00000000000708,setl_T3RNGC_0011,bnk_000000000013,76415.99,card,1337.28,240.71,764.16,2025-11-11,train,0
pay_00000000001052,setl_T3RNGC_0011,bnk_000000000013,2789.98,netbanking,12.00,2.16,27.90,2025-11-11,train,0
pay_00000000001397,setl_T3RNGC_0011,bnk_000000000013,3762.21,netbanking,12.00,2.16,37.62,2025-11-11,train,0
pay_00000000001492,setl_T3RNGC_0011,bnk_000000000013,138608.80,netbanking,12.00,2.16,1386.09,2025-11-11,train,0
pay_00000000000152,setl_T3RNGC_0012,bnk_000000000014,31638.68,upi,0.00,0.00,316.39,2025-11-11,train,0
pay_00000000000217,setl_T3RNGC_0012,bnk_000000000014,41592.33,wallet,873.44,157.22,415.92,2025-11-11,train,0
pay_00000000000264,setl_T3RNGC_0012,bnk_000000000014,109192.99,upi,0.00,0.00,1091.93,2025-11-11,train,0
pay_00000000000274,setl_T3RNGC_0012,bnk_000000000014,143523.00,netbanking,12.00,2.16,1435.23,2025-11-11,train,0
pay_00000000000359,setl_T3RNGC_0012,bnk_000000000014,8749.00,wallet,183.73,33.07,87.49,2025-11-11,train,0
pay_00000000000420,setl_T3RNGC_0012,bnk_000000000014,5330.00,netbanking,12.00,2.16,53.30,2025-11-11,train,0
pay_00000000000454,setl_T3RNGC_0012,bnk_000000000014,97827.49,netbanking,12.00,2.16,978.27,2025-11-11,train,0
pay_00000000000471,setl_T3RNGC_0012,bnk_000000000014,19663.00,wallet,412.92,74.33,196.63,2025-11-11,train,0
pay_00000000000530,setl_T3RNGC_0012,bnk_000000000014,185888.99,netbanking,12.00,2.16,1858.89,2025-11-11,train,0
pay_00000000000535,setl_T3RNGC_0012,bnk_000000000014,2736.91,upi,0.00,0.00,27.37,2025-11-11,train,0
pay_00000000000661,setl_T3RNGC_0012,bnk_000000000014,41731.00,wallet,876.35,157.74,417.31,2025-11-11,train,0
pay_00000000000690,setl_T3RNGC_0012,bnk_000000000014,3577.16,card,62.60,11.27,35.77,2025-11-11,train,0
pay_00000000000891,setl_T3RNGC_0012,bnk_000000000014,5664.95,netbanking,12.00,2.16,56.65,2025-11-11,train,0
pay_00000000000951,setl_T3RNGC_0012,bnk_000000000014,203505.57,upi,0.00,0.00,0.00,2025-11-11,train,0
pay_00000000001042,setl_T3RNGC_0012,bnk_000000000014,13369.00,netbanking,12.00,2.16,133.69,2025-11-11,train,0
pay_00000000001062,setl_T3RNGC_0012,bnk_000000000014,7641.13,card,133.72,24.07,0.00,2025-11-11,train,0
pay_00000000001141,setl_T3RNGC_0012,bnk_000000000014,6967.00,netbanking,12.00,2.16,69.67,2025-11-11,train,0
pay_00000000001162,setl_T3RNGC_0012,bnk_000000000014,223058.99,netbanking,12.00,2.16,2230.59,2025-11-11,train,0
pay_00000000001171,setl_T3RNGC_0012,bnk_000000000014,227428.99,netbanking,12.00,2.16,2274.29,2025-11-11,train,0
pay_00000000001184,setl_T3RNGC_0012,bnk_000000000014,149533.38,wallet,3140.20,565.24,1495.33,2025-11-11,train,0
pay_00000000001223,setl_T3RNGC_0012,bnk_000000000014,44997.64,netbanking,12.00,2.16,449.98,2025-11-11,train,0
pay_00000000001247,setl_T3RNGC_0012,bnk_000000000014,6317.99,card,110.56,19.90,63.18,2025-11-11,train,0
pay_00000000001265,setl_T3RNGC_0012,bnk_000000000014,2169.00,wallet,45.55,8.20,21.69,2025-11-11,train,0
pay_00000000001301,setl_T3RNGC_0012,bnk_000000000014,8183.99,wallet,171.86,30.93,81.84,2025-11-11,train,0
pay_00000000001423,setl_T3RNGC_0012,bnk_000000000014,30993.99,wallet,650.87,117.16,309.94,2025-11-11,train,0
pay_00000000001430,setl_T3RNGC_0012,bnk_000000000014,4207.95,card,73.64,13.26,42.08,2025-11-11,train,0
pay_00000000001432,setl_T3RNGC_0012,bnk_000000000014,6627.00,netbanking,12.00,2.16,66.27,2025-11-11,train,0
pay_00000000000006,setl_T3RNGC_0013,bnk_000000000015,3949.43,netbanking,12.00,2.16,39.49,2025-11-12,train,0
pay_00000000000011,setl_T3RNGC_0013,bnk_000000000015,5270.08,netbanking,12.00,2.16,0.00,2025-11-12,train,0
pay_00000000000013,setl_T3RNGC_0013,bnk_000000000015,60360.24,wallet,1267.57,228.16,603.60,2025-11-12,train,0
pay_00000000000066,setl_T3RNGC_0013,bnk_000000000015,23595.67,netbanking,12.00,2.16,0.00,2025-11-12,train,0
pay_00000000000083,setl_T3RNGC_0013,bnk_000000000015,33283.00,netbanking,12.00,2.16,332.83,2025-11-12,train,0
pay_00000000000090,setl_T3RNGC_0013,bnk_000000000015,30580.58,wallet,642.19,115.59,0.00,2025-11-12,train,0
pay_00000000000127,setl_T3RNGC_0013,bnk_000000000015,83613.06,upi,0.00,0.00,836.13,2025-11-12,train,0
pay_00000000000169,setl_T3RNGC_0013,bnk_000000000015,18043.00,wallet,378.90,68.20,180.43,2025-11-12,train,0
pay_00000000000171,setl_T3RNGC_0013,bnk_000000000015,3601.00,card,63.02,11.34,36.01,2025-11-12,train,0
pay_00000000000179,setl_T3RNGC_0013,bnk_000000000015,7234.92,netbanking,12.00,2.16,72.35,2025-11-12,train,0
pay_00000000000245,setl_T3RNGC_0013,bnk_000000000015,2691.38,upi,0.00,0.00,26.91,2025-11-12,train,0
pay_00000000000285,setl_T3RNGC_0013,bnk_000000000015,7906.00,card,138.36,24.90,79.06,2025-11-12,train,0
pay_00000000000313,setl_T3RNGC_0013,bnk_000000000015,228259.82,netbanking,12.00,2.16,0.00,2025-11-12,train,0
pay_00000000000325,setl_T3RNGC_0013,bnk_000000000015,23429.57,wallet,492.02,88.56,234.30,2025-11-12,train,0
pay_00000000000391,setl_T3RNGC_0013,bnk_000000000015,139019.10,netbanking,12.00,2.16,1390.19,2025-11-12,train,0
pay_00000000000469,setl_T3RNGC_0013,bnk_000000000015,5169.14,wallet,108.55,19.54,0.00,2025-11-12,train,0
pay_00000000000474,setl_T3RNGC_0013,bnk_000000000015,23156.57,wallet,486.29,87.53,231.57,2025-11-12,train,0
pay_00000000000485,setl_T3RNGC_0013,bnk_000000000015,137058.68,card,2398.53,431.74,1370.59,2025-11-12,train,0
pay_00000000000508,setl_T3RNGC_0013,bnk_000000000015,3181.61,netbanking,12.00,2.16,31.82,2025-11-12,train,0
pay_00000000000542,setl_T3RNGC_0013,bnk_000000000015,200318.81,netbanking,12.00,2.16,0.00,2025-11-12,train,0
pay_00000000000628,setl_T3RNGC_0013,bnk_000000000015,2008.78,card,35.15,6.33,20.09,2025-11-12,train,0
pay_00000000000649,setl_T3RNGC_0013,bnk_000000000015,44490.58,netbanking,12.00,2.16,444.91,2025-11-12,train,0
pay_00000000000685,setl_T3RNGC_0013,bnk_000000000015,12089.00,card,211.56,38.08,0.00,2025-11-12,train,0
pay_00000000000693,setl_T3RNGC_0013,bnk_000000000015,28426.65,card,497.47,89.54,284.27,2025-11-12,train,0
pay_00000000000776,setl_T3RNGC_0013,bnk_000000000015,3025.56,card,52.95,9.53,30.26,2025-11-12,train,0
pay_00000000000871,setl_T3RNGC_0013,bnk_000000000015,5468.99,wallet,114.85,20.67,54.69,2025-11-12,train,0
pay_00000000000877,setl_T3RNGC_0013,bnk_000000000015,3022.53,netbanking,12.00,2.16,30.23,2025-11-12,train,0
pay_00000000000899,setl_T3RNGC_0013,bnk_000000000015,2584.99,netbanking,12.00,2.16,25.85,2025-11-12,train,0
pay_00000000000928,setl_T3RNGC_0013,bnk_000000000015,23335.88,card,408.38,73.51,233.36,2025-11-12,train,0
pay_00000000000952,setl_T3RNGC_0013,bnk_000000000015,22137.53,wallet,464.89,83.68,221.38,2025-11-12,train,0
pay_00000000000958,setl_T3RNGC_0013,bnk_000000000015,19653.80,netbanking,12.00,2.16,196.54,2025-11-12,train,0
pay_00000000001090,setl_T3RNGC_0013,bnk_000000000015,44852.74,wallet,941.91,169.54,448.53,2025-11-12,train,0
pay_00000000001136,setl_T3RNGC_0013,bnk_000000000015,3073.45,netbanking,12.00,2.16,30.73,2025-11-12,train,0
pay_00000000001152,setl_T3RNGC_0013,bnk_000000000015,7401.79,card,129.53,23.32,74.02,2025-11-12,train,0
pay_00000000001161,setl_T3RNGC_0013,bnk_000000000015,27342.00,wallet,574.18,103.35,273.42,2025-11-12,train,0
pay_00000000001179,setl_T3RNGC_0013,bnk_000000000015,26195.89,netbanking,12.00,2.16,0.00,2025-11-12,train,0
pay_00000000001211,setl_T3RNGC_0013,bnk_000000000015,2071.00,netbanking,12.00,2.16,20.71,2025-11-12,train,0
pay_00000000001249,setl_T3RNGC_0013,bnk_000000000015,8478.00,netbanking,12.00,2.16,84.78,2025-11-12,train,0
pay_00000000001259,setl_T3RNGC_0013,bnk_000000000015,16461.79,netbanking,12.00,2.16,164.62,2025-11-12,train,0
pay_00000000001274,setl_T3RNGC_0013,bnk_000000000015,29294.00,netbanking,12.00,2.16,292.94,2025-11-12,train,0
pay_00000000001277,setl_T3RNGC_0013,bnk_000000000015,8224.99,netbanking,12.00,2.16,82.25,2025-11-12,train,0
pay_00000000001311,setl_T3RNGC_0013,bnk_000000000015,13043.61,netbanking,12.00,2.16,130.44,2025-11-12,train,0
pay_00000000001317,setl_T3RNGC_0013,bnk_000000000015,21659.00,netbanking,12.00,2.16,216.59,2025-11-12,train,0
pay_00000000001318,setl_T3RNGC_0013,bnk_000000000015,57157.00,card,1000.25,180.05,571.57,2025-11-12,train,0
pay_00000000001365,setl_T3RNGC_0013,bnk_000000000015,223354.46,wallet,4690.44,844.28,2233.54,2025-11-12,train,0
pay_00000000001452,setl_T3RNGC_0013,bnk_000000000015,82633.99,netbanking,12.00,2.16,826.34,2025-11-12,train,0
pay_00000000001456,setl_T3RNGC_0013,bnk_000000000015,27159.99,netbanking,12.00,2.16,271.60,2025-11-12,train,0
pay_00000000001477,setl_T3RNGC_0013,bnk_000000000015,6905.62,netbanking,12.00,2.16,69.06,2025-11-12,train,0
pay_00000000001482,setl_T3RNGC_0013,bnk_000000000015,16628.71,netbanking,12.00,2.16,166.29,2025-11-12,train,0
pay_00000000000001,setl_T3RNGC_0014,bnk_000000000016,5754.71,wallet,120.85,21.75,0.00,2025-11-12,train,0
pay_00000000000010,setl_T3RNGC_0014,bnk_000000000016,27298.99,upi,0.00,0.00,272.99,2025-11-12,train,0
pay_00000000000026,setl_T3RNGC_0014,bnk_000000000016,3125.91,upi,0.00,0.00,31.26,2025-11-12,train,0
pay_00000000000115,setl_T3RNGC_0014,bnk_000000000016,25891.56,netbanking,12.00,2.16,258.92,2025-11-12,train,0
pay_00000000000125,setl_T3RNGC_0014,bnk_000000000016,8631.05,netbanking,12.00,2.16,86.31,2025-11-12,train,0
pay_00000000000139,setl_T3RNGC_0014,bnk_000000000016,9856.00,netbanking,12.00,2.16,0.00,2025-11-12,train,0
pay_00000000000143,setl_T3RNGC_0014,bnk_000000000016,26703.44,card,467.31,84.12,0.00,2025-11-12,train,0
pay_00000000000168,setl_T3RNGC_0014,bnk_000000000016,26418.78,upi,0.00,0.00,264.19,2025-11-12,train,0
pay_00000000000195,setl_T3RNGC_0014,bnk_000000000016,4572.99,netbanking,12.00,2.16,45.73,2025-11-12,train,0
pay_00000000000230,setl_T3RNGC_0014,bnk_000000000016,34599.00,wallet,726.58,130.78,345.99,2025-11-12,train,0
pay_00000000000248,setl_T3RNGC_0014,bnk_000000000016,6027.99,upi,0.00,0.00,60.28,2025-11-12,train,0
pay_00000000000287,setl_T3RNGC_0014,bnk_000000000016,159895.54,netbanking,12.00,2.16,0.00,2025-11-12,train,0
pay_00000000000294,setl_T3RNGC_0014,bnk_000000000016,14895.00,netbanking,12.00,2.16,148.95,2025-11-12,train,0
pay_00000000000316,setl_T3RNGC_0014,bnk_000000000016,165890.10,netbanking,12.00,2.16,0.00,2025-11-12,train,0
pay_00000000000318,setl_T3RNGC_0014,bnk_000000000016,28080.00,netbanking,12.00,2.16,280.80,2025-11-12,train,0
pay_00000000000338,setl_T3RNGC_0014,bnk_000000000016,64038.46,netbanking,12.00,2.16,640.38,2025-11-12,train,0
pay_00000000000343,setl_T3RNGC_0014,bnk_000000000016,9775.56,netbanking,12.00,2.16,97.76,2025-11-12,train,0
pay_00000000000378,setl_T3RNGC_0014,bnk_000000000016,7949.05,card,139.11,25.04,79.49,2025-11-12,train,0
pay_00000000000410,setl_T3RNGC_0014,bnk_000000000016,8022.99,card,140.40,25.27,80.23,2025-11-12,train,0
pay_00000000000413,setl_T3RNGC_0014,bnk_000000000016,217214.99,upi,0.00,0.00,2172.15,2025-11-12,train,0
pay_00000000000418,setl_T3RNGC_0014,bnk_000000000016,3881.99,netbanking,12.00,2.16,38.82,2025-11-12,train,0
pay_00000000000490,setl_T3RNGC_0014,bnk_000000000016,5841.99,netbanking,12.00,2.16,58.42,2025-11-12,train,0
pay_00000000000499,setl_T3RNGC_0014,bnk_000000000016,197616.57,card,3458.29,622.49,1976.17,2025-11-12,train,0
pay_00000000000503,setl_T3RNGC_0014,bnk_000000000016,4725.99,netbanking,12.00,2.16,47.26,2025-11-12,train,0
pay_00000000000519,setl_T3RNGC_0014,bnk_000000000016,7536.00,netbanking,12.00,2.16,75.36,2025-11-12,train,0
pay_00000000000546,setl_T3RNGC_0014,bnk_000000000016,230999.00,netbanking,12.00,2.16,2309.99,2025-11-12,train,0
pay_00000000000562,setl_T3RNGC_0014,bnk_000000000016,6956.99,netbanking,12.00,2.16,69.57,2025-11-12,train,0
pay_00000000000571,setl_T3RNGC_0014,bnk_000000000016,124161.74,netbanking,12.00,2.16,1241.62,2025-11-12,train,0
pay_00000000000643,setl_T3RNGC_0014,bnk_000000000016,6866.00,netbanking,12.00,2.16,68.66,2025-11-12,train,0
pay_00000000000687,setl_T3RNGC_0014,bnk_000000000016,5350.46,netbanking,12.00,2.16,0.00,2025-11-12,train,0
pay_00000000000710,setl_T3RNGC_0014,bnk_000000000016,173362.46,card,3033.84,546.09,1733.62,2025-11-12,train,0
pay_00000000000715,setl_T3RNGC_0014,bnk_000000000016,4043.80,upi,0.00,0.00,0.00,2025-11-12,train,0
pay_00000000000738,setl_T3RNGC_0014,bnk_000000000016,31932.57,upi,0.00,0.00,319.33,2025-11-12,train,0
pay_00000000000781,setl_T3RNGC_0014,bnk_000000000016,207540.05,netbanking,12.00,2.16,0.00,2025-11-12,train,0
pay_00000000000784,setl_T3RNGC_0014,bnk_000000000016,6104.17,netbanking,12.00,2.16,61.04,2025-11-12,train,0
pay_00000000000790,setl_T3RNGC_0014,bnk_000000000016,30511.00,netbanking,12.00,2.16,305.11,2025-11-12,train,0
pay_00000000000795,setl_T3RNGC_0014,bnk_000000000016,19528.14,upi,0.00,0.00,195.28,2025-11-12,train,0
pay_00000000000805,setl_T3RNGC_0014,bnk_000000000016,7321.61,netbanking,12.00,2.16,73.22,2025-11-12,train,0
pay_00000000000825,setl_T3RNGC_0014,bnk_000000000016,3160.99,netbanking,12.00,2.16,31.61,2025-11-12,train,0
pay_00000000000856,setl_T3RNGC_0014,bnk_000000000016,22213.00,netbanking,12.00,2.16,0.00,2025-11-12,train,0
pay_00000000000858,setl_T3RNGC_0014,bnk_000000000016,33649.79,wallet,706.65,127.20,336.50,2025-11-12,train,0
pay_00000000000906,setl_T3RNGC_0014,bnk_000000000016,45405.00,wallet,953.51,171.63,454.05,2025-11-12,train,0
pay_00000000000908,setl_T3RNGC_0014,bnk_000000000016,4105.49,wallet,86.22,15.52,41.05,2025-11-12,train,0
pay_00000000000913,setl_T3RNGC_0014,bnk_000000000016,31772.72,netbanking,12.00,2.16,317.73,2025-11-12,train,0
pay_00000000000921,setl_T3RNGC_0014,bnk_000000000016,16471.73,card,288.26,51.89,164.72,2025-11-12,train,0
pay_00000000000940,setl_T3RNGC_0014,bnk_000000000016,34866.99,netbanking,12.00,2.16,348.67,2025-11-12,train,0
pay_00000000000956,setl_T3RNGC_0014,bnk_000000000016,40205.99,netbanking,12.00,2.16,402.06,2025-11-12,train,0
pay_00000000000964,setl_T3RNGC_0014,bnk_000000000016,3214.67,netbanking,12.00,2.16,32.15,2025-11-12,train,0
pay_00000000000990,setl_T3RNGC_0014,bnk_000000000016,240688.85,netbanking,12.00,2.16,0.00,2025-11-12,train,0
pay_00000000001002,setl_T3RNGC_0014,bnk_000000000016,8616.99,upi,0.00,0.00,0.00,2025-11-12,train,0
pay_00000000001021,setl_T3RNGC_0014,bnk_000000000016,88021.00,card,1540.37,277.27,880.21,2025-11-12,train,0
pay_00000000001031,setl_T3RNGC_0014,bnk_000000000016,16149.99,card,282.62,50.87,161.50,2025-11-12,train,0
pay_00000000001036,setl_T3RNGC_0014,bnk_000000000016,45595.38,netbanking,12.00,2.16,455.95,2025-11-12,train,0
pay_00000000001066,setl_T3RNGC_0014,bnk_000000000016,4578.25,card,80.12,14.42,45.78,2025-11-12,train,0
pay_00000000001071,setl_T3RNGC_0014,bnk_000000000016,3268.99,card,57.21,10.30,0.00,2025-11-12,train,0
pay_00000000001079,setl_T3RNGC_0014,bnk_000000000016,8261.18,upi,0.00,0.00,82.61,2025-11-12,train,0
pay_00000000001080,setl_T3RNGC_0014,bnk_000000000016,27210.00,netbanking,12.00,2.16,272.10,2025-11-12,train,0
pay_00000000001084,setl_T3RNGC_0014,bnk_000000000016,7557.99,card,132.26,23.81,75.58,2025-11-12,train,0
pay_00000000001092,setl_T3RNGC_0014,bnk_000000000016,36074.00,card,631.30,113.63,360.74,2025-11-12,train,0
pay_00000000001133,setl_T3RNGC_0014,bnk_000000000016,6903.00,card,120.80,21.74,69.03,2025-11-12,train,0
pay_00000000001175,setl_T3RNGC_0014,bnk_000000000016,4958.62,upi,0.00,0.00,49.59,2025-11-12,train,0
pay_00000000001183,setl_T3RNGC_0014,bnk_000000000016,6607.00,upi,0.00,0.00,66.07,2025-11-12,train,0
pay_00000000001208,setl_T3RNGC_0014,bnk_000000000016,25031.00,card,438.04,78.85,250.31,2025-11-12,train,0
pay_00000000001228,setl_T3RNGC_0014,bnk_000000000016,3877.43,netbanking,12.00,2.16,38.77,2025-11-12,train,0
pay_00000000001238,setl_T3RNGC_0014,bnk_000000000016,191239.99,netbanking,12.00,2.16,1912.40,2025-11-12,train,0
pay_00000000001314,setl_T3RNGC_0014,bnk_000000000016,24920.00,netbanking,12.00,2.16,249.20,2025-11-12,train,0
pay_00000000001321,setl_T3RNGC_0014,bnk_000000000016,21376.99,netbanking,12.00,2.16,213.77,2025-11-12,train,0
pay_00000000001332,setl_T3RNGC_0014,bnk_000000000016,2127.35,netbanking,12.00,2.16,21.27,2025-11-12,train,0
pay_00000000001333,setl_T3RNGC_0014,bnk_000000000016,30604.31,netbanking,12.00,2.16,306.04,2025-11-12,train,0
pay_00000000001446,setl_T3RNGC_0014,bnk_000000000016,231858.00,netbanking,12.00,2.16,2318.58,2025-11-12,train,0
pay_00000000001448,setl_T3RNGC_0014,bnk_000000000016,5466.00,card,95.66,17.22,0.00,2025-11-12,train,0
pay_00000000001466,setl_T3RNGC_0014,bnk_000000000016,211717.41,card,3705.05,666.91,2117.17,2025-11-12,train,0
pay_00000000001468,setl_T3RNGC_0014,bnk_000000000016,44589.99,netbanking,12.00,2.16,445.90,2025-11-12,train,0
pay_00000000001476,setl_T3RNGC_0014,bnk_000000000016,5942.31,netbanking,12.00,2.16,59.42,2025-11-12,train,0
pay_00000000001490,setl_T3RNGC_0014,bnk_000000000016,35996.00,netbanking,12.00,2.16,359.96,2025-11-12,train,0
pay_00000000000208,setl_T3RNGC_0015,bnk_000000000017,2545.00,netbanking,12.00,2.16,25.45,2025-11-13,train,0
pay_00000000000368,setl_T3RNGC_0015,bnk_000000000017,13359.07,card,233.78,42.08,133.59,2025-11-13,train,0
pay_00000000000388,setl_T3RNGC_0015,bnk_000000000017,94241.70,netbanking,12.00,2.16,942.42,2025-11-13,train,0
pay_00000000000604,setl_T3RNGC_0015,bnk_000000000017,9364.00,wallet,196.64,35.40,93.64,2025-11-13,train,0
pay_00000000001116,setl_T3RNGC_0015,bnk_000000000017,8167.16,netbanking,12.00,2.16,0.00,2025-11-13,train,0
pay_00000000001158,setl_T3RNGC_0015,bnk_000000000017,44269.90,wallet,929.67,167.34,442.70,2025-11-13,train,0
pay_00000000001216,setl_T3RNGC_0015,bnk_000000000017,8383.00,netbanking,12.00,2.16,0.00,2025-11-13,train,0
pay_00000000001226,setl_T3RNGC_0015,bnk_000000000017,24151.00,wallet,507.17,91.29,241.51,2025-11-13,train,0
pay_00000000000107,setl_T3RNGC_0016,bnk_000000000018,167176.00,card,2925.58,526.60,1671.76,2025-11-13,train,0
pay_00000000000175,setl_T3RNGC_0016,bnk_000000000018,31459.86,upi,0.00,0.00,314.60,2025-11-13,train,0
pay_00000000000488,setl_T3RNGC_0016,bnk_000000000018,3043.99,netbanking,12.00,2.16,30.44,2025-11-13,train,0
pay_00000000000513,setl_T3RNGC_0016,bnk_000000000018,29039.28,netbanking,12.00,2.16,290.39,2025-11-13,train,0
pay_00000000000614,setl_T3RNGC_0016,bnk_000000000018,23610.30,upi,0.00,0.00,236.10,2025-11-13,train,0
pay_00000000000639,setl_T3RNGC_0016,bnk_000000000018,16335.91,card,285.88,51.46,163.36,2025-11-13,train,0
pay_00000000000644,setl_T3RNGC_0016,bnk_000000000018,38928.51,upi,0.00,0.00,389.29,2025-11-13,train,0
pay_00000000000662,setl_T3RNGC_0016,bnk_000000000018,7984.15,netbanking,12.00,2.16,79.84,2025-11-13,train,0
pay_00000000000716,setl_T3RNGC_0016,bnk_000000000018,23410.10,card,409.68,73.74,234.10,2025-11-13,train,0
pay_00000000000777,setl_T3RNGC_0016,bnk_000000000018,2848.99,wallet,59.83,10.77,28.49,2025-11-13,train,0
pay_00000000000787,setl_T3RNGC_0016,bnk_000000000018,11964.25,wallet,251.25,45.23,119.64,2025-11-13,train,0
pay_00000000000869,setl_T3RNGC_0016,bnk_000000000018,4036.35,wallet,84.76,15.26,40.36,2025-11-13,train,0
pay_00000000000894,setl_T3RNGC_0016,bnk_000000000018,3998.99,upi,0.00,0.00,39.99,2025-11-13,train,0
pay_00000000000947,setl_T3RNGC_0016,bnk_000000000018,3381.00,wallet,71.00,12.78,33.81,2025-11-13,train,0
pay_00000000001118,setl_T3RNGC_0016,bnk_000000000018,4881.99,card,85.43,15.38,48.82,2025-11-13,train,0
pay_00000000001195,setl_T3RNGC_0016,bnk_000000000018,4312.51,wallet,90.56,16.30,43.13,2025-11-13,train,0
pay_00000000001210,setl_T3RNGC_0016,bnk_000000000018,12911.13,upi,0.00,0.00,0.00,2025-11-13,train,0
pay_00000000001325,setl_T3RNGC_0016,bnk_000000000018,7782.00,card,136.19,24.51,77.82,2025-11-13,train,0
pay_00000000000057,setl_T3RNGC_0017,bnk_000000000019,12963.36,netbanking,12.00,2.16,129.63,2025-11-15,train,0
pay_00000000000121,setl_T3RNGC_0017,bnk_000000000019,8950.68,netbanking,12.00,2.16,89.51,2025-11-15,train,0
pay_00000000000131,setl_T3RNGC_0017,bnk_000000000019,89383.00,netbanking,12.00,2.16,893.83,2025-11-15,train,0
pay_00000000000342,setl_T3RNGC_0017,bnk_000000000019,3500.00,netbanking,12.00,2.16,0.00,2025-11-15,train,0
pay_00000000000507,setl_T3RNGC_0017,bnk_000000000019,2301.99,netbanking,12.00,2.16,23.02,2025-11-15,train,0
pay_00000000000524,setl_T3RNGC_0017,bnk_000000000019,13146.00,netbanking,12.00,2.16,0.00,2025-11-15,train,0
pay_00000000000570,setl_T3RNGC_0017,bnk_000000000019,28985.00,netbanking,12.00,2.16,289.85,2025-11-15,train,0
pay_00000000000592,setl_T3RNGC_0017,bnk_000000000019,5108.11,wallet,107.27,19.31,51.08,2025-11-15,train,0
pay_00000000000616,setl_T3RNGC_0017,bnk_000000000019,18670.18,upi,0.00,0.00,0.00,2025-11-15,train,0
pay_00000000001094,setl_T3RNGC_0017,bnk_000000000019,4600.91,netbanking,12.00,2.16,0.00,2025-11-15,train,0
pay_00000000001309,setl_T3RNGC_0017,bnk_000000000019,154588.12,wallet,3246.35,584.34,1545.88,2025-11-15,train,0
pay_00000000001470,setl_T3RNGC_0017,bnk_000000000019,239052.00,netbanking,12.00,2.16,2390.52,2025-11-15,train,0
pay_00000000000095,setl_T3RNGC_0018,bnk_000000000020,10816.61,netbanking,12.00,2.16,108.17,2025-11-15,train,0
pay_00000000000154,setl_T3RNGC_0018,bnk_000000000020,30328.99,upi,0.00,0.00,303.29,2025-11-15,train,0
pay_00000000000185,setl_T3RNGC_0018,bnk_000000000020,2955.99,netbanking,12.00,2.16,29.56,2025-11-15,train,0
pay_00000000000286,setl_T3RNGC_0018,bnk_000000000020,35958.07,wallet,755.12,135.92,359.58,2025-11-15,train,0
pay_00000000000290,setl_T3RNGC_0018,bnk_000000000020,34920.56,wallet,733.33,132.00,0.00,2025-11-15,train,0
pay_00000000000417,setl_T3RNGC_0018,bnk_000000000020,115605.00,netbanking,12.00,2.16,1156.05,2025-11-15,train,0
pay_00000000000442,setl_T3RNGC_0018,bnk_000000000020,6616.73,netbanking,12.00,2.16,66.17,2025-11-15,train,0
pay_00000000000445,setl_T3RNGC_0018,bnk_000000000020,86372.63,netbanking,12.00,2.16,863.73,2025-11-15,train,0
pay_00000000000565,setl_T3RNGC_0018,bnk_000000000020,11815.95,wallet,248.13,44.66,118.16,2025-11-15,train,0
pay_00000000000568,setl_T3RNGC_0018,bnk_000000000020,194766.23,upi,0.00,0.00,1947.66,2025-11-15,train,0
pay_00000000000601,setl_T3RNGC_0018,bnk_000000000020,20042.24,netbanking,12.00,2.16,200.42,2025-11-15,train,0
pay_00000000000663,setl_T3RNGC_0018,bnk_000000000020,6186.28,card,108.26,19.49,61.86,2025-11-15,train,0
pay_00000000000670,setl_T3RNGC_0018,bnk_000000000020,85545.15,card,1497.04,269.47,855.45,2025-11-15,train,0
pay_00000000000698,setl_T3RNGC_0018,bnk_000000000020,36276.11,upi,0.00,0.00,362.76,2025-11-15,train,0
pay_00000000000729,setl_T3RNGC_0018,bnk_000000000020,196723.88,upi,0.00,0.00,1967.24,2025-11-15,train,0
pay_00000000000732,setl_T3RNGC_0018,bnk_000000000020,2253.33,card,39.43,7.10,22.53,2025-11-15,train,0
pay_00000000000740,setl_T3RNGC_0018,bnk_000000000020,41280.70,netbanking,12.00,2.16,0.00,2025-11-15,train,0
pay_00000000000788,setl_T3RNGC_0018,bnk_000000000020,8314.00,netbanking,12.00,2.16,83.14,2025-11-15,train,0
pay_00000000000792,setl_T3RNGC_0018,bnk_000000000020,44230.39,card,774.03,139.33,442.30,2025-11-15,train,0
pay_00000000000875,setl_T3RNGC_0018,bnk_000000000020,136401.00,netbanking,12.00,2.16,1364.01,2025-11-15,train,0
pay_00000000000916,setl_T3RNGC_0018,bnk_000000000020,41392.00,netbanking,12.00,2.16,413.92,2025-11-15,train,0
pay_00000000001160,setl_T3RNGC_0018,bnk_000000000020,2946.00,netbanking,12.00,2.16,29.46,2025-11-15,train,0
pay_00000000001219,setl_T3RNGC_0018,bnk_000000000020,6318.00,wallet,132.68,23.88,63.18,2025-11-15,train,0
pay_00000000001354,setl_T3RNGC_0018,bnk_000000000020,37713.00,netbanking,12.00,2.16,377.13,2025-11-15,train,0
pay_00000000001439,setl_T3RNGC_0018,bnk_000000000020,30421.00,card,532.37,95.83,304.21,2025-11-15,train,0
pay_00000000001460,setl_T3RNGC_0018,bnk_000000000020,34312.28,card,600.46,108.08,343.12,2025-11-15,train,0
pay_00000000001485,setl_T3RNGC_0018,bnk_000000000020,106699.00,netbanking,12.00,2.16,0.00,2025-11-15,train,0
pay_00000000001500,setl_T3RNGC_0018,bnk_000000000020,8288.92,card,145.06,26.11,82.89,2025-11-15,train,0
pay_00000000000468,setl_T3RNGC_0019,bnk_000000000021,36413.00,card,637.23,114.70,364.13,2025-11-17,train,0
pay_00000000000647,setl_T3RNGC_0019,bnk_000000000021,13608.55,netbanking,12.00,2.16,0.00,2025-11-17,train,0
pay_00000000001138,setl_T3RNGC_0019,bnk_000000000021,101345.99,card,1773.55,319.24,1013.46,2025-11-17,train,0
pay_00000000000040,setl_T3RNGC_0020,bnk_000000000022,14129.00,netbanking,12.00,2.16,141.29,2025-11-17,train,0
pay_00000000000074,setl_T3RNGC_0020,bnk_000000000022,84467.37,upi,0.00,0.00,844.67,2025-11-17,train,0
pay_00000000000201,setl_T3RNGC_0020,bnk_000000000022,22822.17,netbanking,12.00,2.16,228.22,2025-11-17,train,0
pay_00000000000250,setl_T3RNGC_0020,bnk_000000000022,237203.08,netbanking,12.00,2.16,2372.03,2025-11-17,train,0
pay_00000000000317,setl_T3RNGC_0020,bnk_000000000022,97788.00,netbanking,12.00,2.16,977.88,2025-11-17,train,0
pay_00000000000328,setl_T3RNGC_0020,bnk_000000000022,185756.99,netbanking,12.00,2.16,1857.57,2025-11-17,train,0
pay_00000000000363,setl_T3RNGC_0020,bnk_000000000022,33157.00,netbanking,12.00,2.16,331.57,2025-11-17,train,0
pay_00000000000473,setl_T3RNGC_0020,bnk_000000000022,38602.33,card,675.54,121.60,386.02,2025-11-17,train,0
pay_00000000000514,setl_T3RNGC_0020,bnk_000000000022,101411.99,netbanking,12.00,2.16,1014.12,2025-11-17,train,0
pay_00000000000552,setl_T3RNGC_0020,bnk_000000000022,30657.00,netbanking,12.00,2.16,306.57,2025-11-17,train,0
pay_00000000000561,setl_T3RNGC_0020,bnk_000000000022,14530.99,upi,0.00,0.00,145.31,2025-11-17,train,0
pay_00000000000587,setl_T3RNGC_0020,bnk_000000000022,135881.63,wallet,2853.51,513.63,1358.82,2025-11-17,train,0
pay_00000000000595,setl_T3RNGC_0020,bnk_000000000022,161881.99,upi,0.00,0.00,1618.82,2025-11-17,train,0
pay_00000000000615,setl_T3RNGC_0020,bnk_000000000022,42142.00,upi,0.00,0.00,421.42,2025-11-17,train,0
pay_00000000000620,setl_T3RNGC_0020,bnk_000000000022,24142.51,wallet,506.99,91.26,241.43,2025-11-17,train,0
pay_00000000000627,setl_T3RNGC_0020,bnk_000000000022,17054.99,netbanking,12.00,2.16,170.55,2025-11-17,train,0
pay_00000000000694,setl_T3RNGC_0020,bnk_000000000022,41534.99,card,726.86,130.83,415.35,2025-11-17,train,0
pay_00000000000695,setl_T3RNGC_0020,bnk_000000000022,34253.99,netbanking,12.00,2.16,342.54,2025-11-17,train,0
pay_00000000000752,setl_T3RNGC_0020,bnk_000000000022,7309.11,upi,0.00,0.00,73.09,2025-11-17,train,0
pay_00000000000761,setl_T3RNGC_0020,bnk_000000000022,7507.90,netbanking,12.00,2.16,75.08,2025-11-17,train,0
pay_00000000000765,setl_T3RNGC_0020,bnk_000000000022,3141.00,wallet,65.96,11.87,31.41,2025-11-17,train,0
pay_00000000000826,setl_T3RNGC_0020,bnk_000000000022,3347.69,card,58.58,10.54,33.48,2025-11-17,train,0
pay_00000000000898,setl_T3RNGC_0020,bnk_000000000022,3841.78,netbanking,12.00,2.16,38.42,2025-11-17,train,0
pay_00000000000919,setl_T3RNGC_0020,bnk_000000000022,104072.00,netbanking,12.00,2.16,1040.72,2025-11-17,train,0
pay_00000000000933,setl_T3RNGC_0020,bnk_000000000022,16104.31,netbanking,12.00,2.16,161.04,2025-11-17,train,0
pay_00000000000994,setl_T3RNGC_0020,bnk_000000000022,4644.39,card,81.28,14.63,46.44,2025-11-17,train,0
pay_00000000001009,setl_T3RNGC_0020,bnk_000000000022,4802.07,wallet,100.84,18.15,0.00,2025-11-17,train,0
pay_00000000001050,setl_T3RNGC_0020,bnk_000000000022,212731.87,upi,0.00,0.00,2127.32,2025-11-17,train,0
pay_00000000001087,setl_T3RNGC_0020,bnk_000000000022,6478.36,card,113.37,20.41,64.78,2025-11-17,train,0
pay_00000000001105,setl_T3RNGC_0020,bnk_000000000022,39634.65,card,693.61,124.85,396.35,2025-11-17,train,0
pay_00000000001235,setl_T3RNGC_0020,bnk_000000000022,6775.73,wallet,142.29,25.61,67.76,2025-11-17,train,0
pay_00000000001250,setl_T3RNGC_0020,bnk_000000000022,17947.01,card,314.07,56.53,179.47,2025-11-17,train,0
pay_00000000001269,setl_T3RNGC_0020,bnk_000000000022,7691.00,netbanking,12.00,2.16,76.91,2025-11-17,train,0
pay_00000000001302,setl_T3RNGC_0020,bnk_000000000022,41111.99,wallet,863.35,155.40,411.12,2025-11-17,train,0
pay_00000000001358,setl_T3RNGC_0020,bnk_000000000022,5737.00,wallet,120.48,21.69,57.37,2025-11-17,train,0
pay_00000000001398,setl_T3RNGC_0020,bnk_000000000022,163568.48,netbanking,12.00,2.16,1635.68,2025-11-17,train,0
pay_00000000001445,setl_T3RNGC_0020,bnk_000000000022,20337.99,card,355.91,64.06,203.38,2025-11-17,train,0
pay_00000000000009,setl_T3RNGC_0021,bnk_000000000023,44454.76,card,777.96,140.03,444.55,2025-11-18,train,0
pay_00000000000054,setl_T3RNGC_0021,bnk_000000000023,4642.52,netbanking,12.00,2.16,46.43,2025-11-18,train,0
pay_00000000000138,setl_T3RNGC_0021,bnk_000000000023,21460.00,card,375.55,67.60,214.60,2025-11-18,train,0
pay_00000000000146,setl_T3RNGC_0021,bnk_000000000023,8127.00,wallet,170.67,30.72,0.00,2025-11-18,train,0
pay_00000000000204,setl_T3RNGC_0021,bnk_000000000023,27342.80,netbanking,12.00,2.16,273.43,2025-11-18,train,0
pay_00000000000222,setl_T3RNGC_0021,bnk_000000000023,7112.67,netbanking,12.00,2.16,71.13,2025-11-18,train,0
pay_00000000000333,setl_T3RNGC_0021,bnk_000000000023,179273.58,netbanking,12.00,2.16,0.00,2025-11-18,train,0
pay_00000000000383,setl_T3RNGC_0021,bnk_000000000023,232271.00,netbanking,12.00,2.16,2322.71,2025-11-18,train,0
pay_00000000000404,setl_T3RNGC_0021,bnk_000000000023,28778.99,wallet,604.36,108.78,287.79,2025-11-18,train,0
pay_00000000000426,setl_T3RNGC_0021,bnk_000000000023,66808.55,card,1169.15,210.45,668.09,2025-11-18,train,0
pay_00000000000434,setl_T3RNGC_0021,bnk_000000000023,189745.62,upi,0.00,0.00,1897.46,2025-11-18,train,0
pay_00000000000437,setl_T3RNGC_0021,bnk_000000000023,16892.66,wallet,354.75,63.86,168.93,2025-11-18,train,0
pay_00000000000439,setl_T3RNGC_0021,bnk_000000000023,25845.34,netbanking,12.00,2.16,258.45,2025-11-18,train,0
pay_00000000000444,setl_T3RNGC_0021,bnk_000000000023,6340.00,wallet,133.14,23.97,63.40,2025-11-18,train,0
pay_00000000000653,setl_T3RNGC_0021,bnk_000000000023,19414.00,wallet,407.69,73.38,194.14,2025-11-18,train,0
pay_00000000000656,setl_T3RNGC_0021,bnk_000000000023,104942.55,netbanking,12.00,2.16,0.00,2025-11-18,train,0
pay_00000000000679,setl_T3RNGC_0021,bnk_000000000023,8126.30,upi,0.00,0.00,0.00,2025-11-18,train,0
pay_00000000000692,setl_T3RNGC_0021,bnk_000000000023,12702.00,netbanking,12.00,2.16,127.02,2025-11-18,train,0
pay_00000000000718,setl_T3RNGC_0021,bnk_000000000023,2636.00,netbanking,12.00,2.16,26.36,2025-11-18,train,0
pay_00000000000750,setl_T3RNGC_0021,bnk_000000000023,40891.60,upi,0.00,0.00,408.92,2025-11-18,train,0
pay_00000000000758,setl_T3RNGC_0021,bnk_000000000023,6965.14,netbanking,12.00,2.16,69.65,2025-11-18,train,0
pay_00000000000800,setl_T3RNGC_0021,bnk_000000000023,8879.00,upi,0.00,0.00,88.79,2025-11-18,train,0
pay_00000000000822,setl_T3RNGC_0021,bnk_000000000023,223534.99,netbanking,12.00,2.16,2235.35,2025-11-18,train,0
pay_00000000000909,setl_T3RNGC_0021,bnk_000000000023,28967.74,netbanking,12.00,2.16,289.68,2025-11-18,train,0
pay_00000000001051,setl_T3RNGC_0021,bnk_000000000023,61819.93,wallet,1298.22,233.68,618.20,2025-11-18,train,0
pay_00000000001127,setl_T3RNGC_0021,bnk_000000000023,35415.00,netbanking,12.00,2.16,354.15,2025-11-18,train,0
pay_00000000001231,setl_T3RNGC_0021,bnk_000000000023,4475.94,netbanking,12.00,2.16,0.00,2025-11-18,train,0
pay_00000000001310,setl_T3RNGC_0021,bnk_000000000023,53688.10,wallet,1127.45,202.94,536.88,2025-11-18,train,0
pay_00000000001324,setl_T3RNGC_0021,bnk_000000000023,4483.99,netbanking,12.00,2.16,44.84,2025-11-18,train,0
pay_00000000001338,setl_T3RNGC_0021,bnk_000000000023,2443.00,upi,0.00,0.00,0.00,2025-11-18,train,0
pay_00000000001361,setl_T3RNGC_0021,bnk_000000000023,19958.00,wallet,419.12,75.44,199.58,2025-11-18,train,0
pay_00000000001384,setl_T3RNGC_0021,bnk_000000000023,63488.99,upi,0.00,0.00,634.89,2025-11-18,train,0
pay_00000000001408,setl_T3RNGC_0021,bnk_000000000023,7678.43,netbanking,12.00,2.16,0.00,2025-11-18,train,0
pay_00000000001489,setl_T3RNGC_0021,bnk_000000000023,84134.77,netbanking,12.00,2.16,841.35,2025-11-18,train,0
pay_00000000000002,setl_T3RNGC_0022,bnk_000000000024,166752.00,netbanking,12.00,2.16,1667.52,2025-11-18,train,0
pay_00000000000004,setl_T3RNGC_0022,bnk_000000000024,34218.53,netbanking,12.00,2.16,0.00,2025-11-18,train,0
pay_00000000000029,setl_T3RNGC_0022,bnk_000000000024,174586.00,netbanking,12.00,2.16,0.00,2025-11-18,train,0
pay_00000000000044,setl_T3RNGC_0022,bnk_000000000024,2390.55,netbanking,12.00,2.16,23.91,2025-11-18,train,0
pay_00000000000101,setl_T3RNGC_0022,bnk_000000000024,6896.00,wallet,144.82,26.07,68.96,2025-11-18,train,0
pay_00000000000164,setl_T3RNGC_0022,bnk_000000000024,7275.99,netbanking,12.00,2.16,72.76,2025-11-18,train,0
pay_00000000000183,setl_T3RNGC_0022,bnk_000000000024,29358.02,upi,0.00,0.00,293.58,2025-11-18,train,0
pay_00000000000218,setl_T3RNGC_0022,bnk_000000000024,35504.00,netbanking,12.00,2.16,355.04,2025-11-18,train,0
pay_00000000000246,setl_T3RNGC_0022,bnk_000000000024,15230.00,netbanking,12.00,2.16,152.30,2025-11-18,train,0
pay_00000000000277,setl_T3RNGC_0022,bnk_000000000024,13361.00,card,233.82,42.09,133.61,2025-11-18,train,0
pay_00000000000305,setl_T3RNGC_0022,bnk_000000000024,125316.34,upi,0.00,0.00,0.00,2025-11-18,train,0
pay_00000000000308,setl_T3RNGC_0022,bnk_000000000024,105870.05,netbanking,12.00,2.16,1058.70,2025-11-18,train,0
pay_00000000000311,setl_T3RNGC_0022,bnk_000000000024,2697.66,netbanking,12.00,2.16,26.98,2025-11-18,train,0
pay_00000000000364,setl_T3RNGC_0022,bnk_000000000024,156260.12,netbanking,12.00,2.16,1562.60,2025-11-18,train,0
pay_00000000000380,setl_T3RNGC_0022,bnk_000000000024,31610.00,netbanking,12.00,2.16,316.10,2025-11-18,train,0
pay_00000000000406,setl_T3RNGC_0022,bnk_000000000024,7878.00,netbanking,12.00,2.16,78.78,2025-11-18,train,0
pay_00000000000425,setl_T3RNGC_0022,bnk_000000000024,8918.99,wallet,187.30,33.71,89.19,2025-11-18,train,0
pay_00000000000450,setl_T3RNGC_0022,bnk_000000000024,7015.00,wallet,147.32,26.52,70.15,2025-11-18,train,0
pay_00000000000478,setl_T3RNGC_0022,bnk_000000000024,4207.00,netbanking,12.00,2.16,42.07,2025-11-18,train,0
pay_00000000000483,setl_T3RNGC_0022,bnk_000000000024,31044.99,wallet,651.94,117.35,310.45,2025-11-18,train,0
pay_00000000000528,setl_T3RNGC_0022,bnk_000000000024,65553.00,netbanking,12.00,2.16,655.53,2025-11-18,train,0
pay_00000000000539,setl_T3RNGC_0022,bnk_000000000024,3181.00,wallet,66.80,12.02,31.81,2025-11-18,train,0
pay_00000000000572,setl_T3RNGC_0022,bnk_000000000024,25291.10,card,442.59,79.67,252.91,2025-11-18,train,0
pay_00000000000590,setl_T3RNGC_0022,bnk_000000000024,4461.00,netbanking,12.00,2.16,44.61,2025-11-18,train,0
pay_00000000000594,setl_T3RNGC_0022,bnk_000000000024,7623.56,netbanking,12.00,2.16,76.24,2025-11-18,train,0
pay_00000000000599,setl_T3RNGC_0022,bnk_000000000024,6275.26,netbanking,12.00,2.16,62.75,2025-11-18,train,0
pay_00000000000613,setl_T3RNGC_0022,bnk_000000000024,19881.99,netbanking,12.00,2.16,198.82,2025-11-18,train,0
pay_00000000000674,setl_T3RNGC_0022,bnk_000000000024,4478.99,upi,0.00,0.00,44.79,2025-11-18,train,0
pay_00000000000678,setl_T3RNGC_0022,bnk_000000000024,228737.00,netbanking,12.00,2.16,2287.37,2025-11-18,train,0
pay_00000000000683,setl_T3RNGC_0022,bnk_000000000024,7829.42,upi,0.00,0.00,0.00,2025-11-18,train,0
pay_00000000000719,setl_T3RNGC_0022,bnk_000000000024,43835.00,wallet,920.54,165.70,438.35,2025-11-18,train,0
pay_00000000000725,setl_T3RNGC_0022,bnk_000000000024,33961.99,netbanking,12.00,2.16,0.00,2025-11-18,train,0
pay_00000000000726,setl_T3RNGC_0022,bnk_000000000024,29231.00,netbanking,12.00,2.16,292.31,2025-11-18,train,0
pay_00000000000734,setl_T3RNGC_0022,bnk_000000000024,22421.55,netbanking,12.00,2.16,224.22,2025-11-18,train,0
pay_00000000000754,setl_T3RNGC_0022,bnk_000000000024,7326.49,netbanking,12.00,2.16,73.26,2025-11-18,train,0
pay_00000000000798,setl_T3RNGC_0022,bnk_000000000024,120472.54,card,2108.27,379.49,1204.73,2025-11-18,train,0
pay_00000000000817,setl_T3RNGC_0022,bnk_000000000024,207274.25,wallet,4352.76,783.50,2072.74,2025-11-18,train,0
pay_00000000000819,setl_T3RNGC_0022,bnk_000000000024,14797.59,netbanking,12.00,2.16,147.98,2025-11-18,train,0
pay_00000000000868,setl_T3RNGC_0022,bnk_000000000024,4085.00,netbanking,12.00,2.16,40.85,2025-11-18,train,0
pay_00000000000896,setl_T3RNGC_0022,bnk_000000000024,3956.82,netbanking,12.00,2.16,39.57,2025-11-18,train,0
pay_00000000000901,setl_T3RNGC_0022,bnk_000000000024,20044.00,upi,0.00,0.00,0.00,2025-11-18,train,0
pay_00000000000911,setl_T3RNGC_0022,bnk_000000000024,41710.00,netbanking,12.00,2.16,417.10,2025-11-18,train,0
pay_00000000000945,setl_T3RNGC_0022,bnk_000000000024,24207.00,netbanking,12.00,2.16,242.07,2025-11-18,train,0
pay_00000000000957,setl_T3RNGC_0022,bnk_000000000024,8747.34,upi,0.00,0.00,0.00,2025-11-18,train,0
pay_00000000000960,setl_T3RNGC_0022,bnk_000000000024,42645.20,netbanking,12.00,2.16,426.45,2025-11-18,train,0
pay_00000000000978,setl_T3RNGC_0022,bnk_000000000024,7065.45,netbanking,12.00,2.16,70.65,2025-11-18,train,0
pay_00000000001003,setl_T3RNGC_0022,bnk_000000000024,7720.19,netbanking,12.00,2.16,0.00,2025-11-18,train,0
pay_00000000001011,setl_T3RNGC_0022,bnk_000000000024,32002.65,netbanking,12.00,2.16,320.03,2025-11-18,train,0
pay_00000000001033,setl_T3RNGC_0022,bnk_000000000024,9148.41,upi,0.00,0.00,91.48,2025-11-18,train,0
pay_00000000001069,setl_T3RNGC_0022,bnk_000000000024,235696.43,wallet,4949.63,890.93,0.00,2025-11-18,train,0
pay_00000000001103,setl_T3RNGC_0022,bnk_000000000024,25034.98,netbanking,12.00,2.16,250.35,2025-11-18,train,0
pay_00000000001109,setl_T3RNGC_0022,bnk_000000000024,6789.00,card,118.81,21.39,67.89,2025-11-18,train,0
pay_00000000001112,setl_T3RNGC_0022,bnk_000000000024,44744.32,netbanking,12.00,2.16,0.00,2025-11-18,train,0
pay_00000000001144,setl_T3RNGC_0022,bnk_000000000024,4086.26,netbanking,12.00,2.16,40.86,2025-11-18,train,0
pay_00000000001181,setl_T3RNGC_0022,bnk_000000000024,18478.71,card,323.38,58.21,0.00,2025-11-18,train,0
pay_00000000001236,setl_T3RNGC_0022,bnk_000000000024,2198.75,netbanking,12.00,2.16,21.99,2025-11-18,train,0
pay_00000000001285,setl_T3RNGC_0022,bnk_000000000024,17729.00,upi,0.00,0.00,177.29,2025-11-18,train,0
pay_00000000001290,setl_T3RNGC_0022,bnk_000000000024,105771.99,netbanking,12.00,2.16,1057.72,2025-11-18,train,0
pay_00000000001326,setl_T3RNGC_0022,bnk_000000000024,2365.09,netbanking,12.00,2.16,23.65,2025-11-18,train,0
pay_00000000001346,setl_T3RNGC_0022,bnk_000000000024,23575.00,upi,0.00,0.00,235.75,2025-11-18,train,0
pay_00000000001349,setl_T3RNGC_0022,bnk_000000000024,12984.49,netbanking,12.00,2.16,0.00,2025-11-18,train,0
pay_00000000001368,setl_T3RNGC_0022,bnk_000000000024,6826.10,card,119.46,21.50,68.26,2025-11-18,train,0
pay_00000000001395,setl_T3RNGC_0022,bnk_000000000024,2905.00,netbanking,12.00,2.16,29.05,2025-11-18,train,0
pay_00000000001429,setl_T3RNGC_0022,bnk_000000000024,13661.00,card,239.07,43.03,136.61,2025-11-18,train,0
pay_00000000001442,setl_T3RNGC_0022,bnk_000000000024,8808.00,netbanking,12.00,2.16,88.08,2025-11-18,train,0
pay_00000000001471,setl_T3RNGC_0022,bnk_000000000024,111722.52,wallet,2346.17,422.31,0.00,2025-11-18,train,0
pay_00000000000199,setl_T3RNGC_0023,bnk_000000000025,6982.11,netbanking,12.00,2.16,0.00,2025-11-19,dev,0
pay_00000000000209,setl_T3RNGC_0023,bnk_000000000025,19114.53,card,334.50,60.21,0.00,2025-11-19,dev,0
pay_00000000000234,setl_T3RNGC_0023,bnk_000000000025,19281.00,upi,0.00,0.00,192.81,2025-11-19,dev,0
pay_00000000000300,setl_T3RNGC_0023,bnk_000000000025,22372.00,card,391.51,70.47,223.72,2025-11-19,dev,0
pay_00000000000303,setl_T3RNGC_0023,bnk_000000000025,96683.44,netbanking,12.00,2.16,966.83,2025-11-19,dev,0
pay_00000000000397,setl_T3RNGC_0023,bnk_000000000025,38548.00,netbanking,12.00,2.16,385.48,2025-11-19,dev,0
pay_00000000000456,setl_T3RNGC_0023,bnk_000000000025,40143.99,upi,0.00,0.00,401.44,2025-11-19,dev,0
pay_00000000000467,setl_T3RNGC_0023,bnk_000000000025,121424.00,netbanking,12.00,2.16,1214.24,2025-11-19,dev,0
pay_00000000000722,setl_T3RNGC_0023,bnk_000000000025,5785.24,netbanking,12.00,2.16,57.85,2025-11-19,dev,0
pay_00000000000728,setl_T3RNGC_0023,bnk_000000000025,29920.78,upi,0.00,0.00,0.00,2025-11-19,dev,0
pay_00000000000782,setl_T3RNGC_0023,bnk_000000000025,168383.89,netbanking,12.00,2.16,1683.84,2025-11-19,dev,0
pay_00000000000807,setl_T3RNGC_0023,bnk_000000000025,217124.00,netbanking,12.00,2.16,2171.24,2025-11-19,dev,0
pay_00000000000835,setl_T3RNGC_0023,bnk_000000000025,43308.99,netbanking,12.00,2.16,433.09,2025-11-19,dev,0
pay_00000000000895,setl_T3RNGC_0023,bnk_000000000025,7907.20,netbanking,12.00,2.16,79.07,2025-11-19,dev,0
pay_00000000000950,setl_T3RNGC_0023,bnk_000000000025,25922.43,wallet,544.37,97.99,259.22,2025-11-19,dev,0
pay_00000000000962,setl_T3RNGC_0023,bnk_000000000025,60498.87,netbanking,12.00,2.16,604.99,2025-11-19,dev,0
pay_00000000000997,setl_T3RNGC_0023,bnk_000000000025,6394.38,card,111.90,20.14,63.94,2025-11-19,dev,0
pay_00000000001045,setl_T3RNGC_0023,bnk_000000000025,7255.00,netbanking,12.00,2.16,0.00,2025-11-19,dev,0
pay_00000000001095,setl_T3RNGC_0023,bnk_000000000025,157024.00,netbanking,12.00,2.16,1570.24,2025-11-19,dev,0
pay_00000000001106,setl_T3RNGC_0023,bnk_000000000025,229400.73,netbanking,12.00,2.16,2294.01,2025-11-19,dev,0
pay_00000000001130,setl_T3RNGC_0023,bnk_000000000025,26096.70,netbanking,12.00,2.16,260.97,2025-11-19,dev,0
pay_00000000001206,setl_T3RNGC_0023,bnk_000000000025,12448.53,netbanking,12.00,2.16,0.00,2025-11-19,dev,0
pay_00000000001248,setl_T3RNGC_0023,bnk_000000000025,30657.56,netbanking,12.00,2.16,306.58,2025-11-19,dev,0
pay_00000000001364,setl_T3RNGC_0023,bnk_000000000025,237742.99,card,4160.50,748.89,2377.43,2025-11-19,dev,0
pay_00000000000008,setl_T3RNGC_0024,bnk_000000000026,33824.00,netbanking,12.00,2.16,338.24,2025-11-19,dev,0
pay_00000000000056,setl_T3RNGC_0024,bnk_000000000026,17944.37,card,314.03,56.53,179.44,2025-11-19,dev,0
pay_00000000000076,setl_T3RNGC_0024,bnk_000000000026,2211.63,netbanking,12.00,2.16,22.12,2025-11-19,dev,0
pay_00000000000084,setl_T3RNGC_0024,bnk_000000000026,8631.00,netbanking,12.00,2.16,86.31,2025-11-19,dev,0
pay_00000000000085,setl_T3RNGC_0024,bnk_000000000026,29213.50,netbanking,12.00,2.16,292.14,2025-11-19,dev,0
pay_00000000000087,setl_T3RNGC_0024,bnk_000000000026,38437.00,card,672.65,121.08,384.37,2025-11-19,dev,0
pay_00000000000091,setl_T3RNGC_0024,bnk_000000000026,18363.99,netbanking,12.00,2.16,183.64,2025-11-19,dev,0
pay_00000000000100,setl_T3RNGC_0024,bnk_000000000026,37303.00,card,652.80,117.50,373.03,2025-11-19,dev,0
pay_00000000000116,setl_T3RNGC_0024,bnk_000000000026,2273.00,card,39.78,7.16,22.73,2025-11-19,dev,0
pay_00000000000133,setl_T3RNGC_0024,bnk_000000000026,8903.14,wallet,186.97,33.65,89.03,2025-11-19,dev,0
pay_00000000000202,setl_T3RNGC_0024,bnk_000000000026,20743.53,netbanking,12.00,2.16,207.44,2025-11-19,dev,0
pay_00000000000216,setl_T3RNGC_0024,bnk_000000000026,40169.36,wallet,843.56,151.84,401.69,2025-11-19,dev,0
pay_00000000000223,setl_T3RNGC_0024,bnk_000000000026,2658.00,wallet,55.82,10.05,26.58,2025-11-19,dev,0
pay_00000000000240,setl_T3RNGC_0024,bnk_000000000026,44642.67,card,781.25,140.63,446.43,2025-11-19,dev,0
pay_00000000000257,setl_T3RNGC_0024,bnk_000000000026,2755.00,netbanking,12.00,2.16,27.55,2025-11-19,dev,0
pay_00000000000259,setl_T3RNGC_0024,bnk_000000000026,198443.00,upi,0.00,0.00,1984.43,2025-11-19,dev,0
pay_00000000000270,setl_T3RNGC_0024,bnk_000000000026,36827.00,netbanking,12.00,2.16,368.27,2025-11-19,dev,0
pay_00000000000295,setl_T3RNGC_0024,bnk_000000000026,15508.24,netbanking,12.00,2.16,155.08,2025-11-19,dev,0
pay_00000000000346,setl_T3RNGC_0024,bnk_000000000026,120537.65,netbanking,12.00,2.16,1205.38,2025-11-19,dev,0
pay_00000000000382,setl_T3RNGC_0024,bnk_000000000026,37402.02,upi,0.00,0.00,374.02,2025-11-19,dev,0
pay_00000000000491,setl_T3RNGC_0024,bnk_000000000026,3392.68,card,59.37,10.69,33.93,2025-11-19,dev,0
pay_00000000000495,setl_T3RNGC_0024,bnk_000000000026,24129.23,card,422.26,76.01,241.29,2025-11-19,dev,0
pay_00000000000532,setl_T3RNGC_0024,bnk_000000000026,22655.58,card,396.47,71.36,226.56,2025-11-19,dev,0
pay_00000000000536,setl_T3RNGC_0024,bnk_000000000026,8920.88,netbanking,12.00,2.16,89.21,2025-11-19,dev,0
pay_00000000000541,setl_T3RNGC_0024,bnk_000000000026,8624.35,netbanking,12.00,2.16,86.24,2025-11-19,dev,0
pay_00000000000580,setl_T3RNGC_0024,bnk_000000000026,34523.06,netbanking,12.00,2.16,0.00,2025-11-19,dev,0
pay_00000000000586,setl_T3RNGC_0024,bnk_000000000026,39931.68,netbanking,12.00,2.16,399.32,2025-11-19,dev,0
pay_00000000000624,setl_T3RNGC_0024,bnk_000000000026,6994.66,card,122.41,22.03,69.95,2025-11-19,dev,0
pay_00000000000666,setl_T3RNGC_0024,bnk_000000000026,31979.67,wallet,671.57,120.88,319.80,2025-11-19,dev,0
pay_00000000000705,setl_T3RNGC_0024,bnk_000000000026,42372.00,wallet,889.81,160.17,423.72,2025-11-19,dev,0
pay_00000000000737,setl_T3RNGC_0024,bnk_000000000026,22292.99,card,390.13,70.22,222.93,2025-11-19,dev,0
pay_00000000000791,setl_T3RNGC_0024,bnk_000000000026,35756.48,netbanking,12.00,2.16,357.56,2025-11-19,dev,0
pay_00000000000806,setl_T3RNGC_0024,bnk_000000000026,63680.00,netbanking,12.00,2.16,636.80,2025-11-19,dev,0
pay_00000000000815,setl_T3RNGC_0024,bnk_000000000026,153329.69,card,2683.27,482.99,1533.30,2025-11-19,dev,0
pay_00000000000816,setl_T3RNGC_0024,bnk_000000000026,15891.00,upi,0.00,0.00,158.91,2025-11-19,dev,0
pay_00000000000865,setl_T3RNGC_0024,bnk_000000000026,178215.58,card,3118.77,561.38,1782.16,2025-11-19,dev,0
pay_00000000000872,setl_T3RNGC_0024,bnk_000000000026,24924.00,netbanking,12.00,2.16,249.24,2025-11-19,dev,0
pay_00000000000929,setl_T3RNGC_0024,bnk_000000000026,3345.99,netbanking,12.00,2.16,33.46,2025-11-19,dev,0
pay_00000000000974,setl_T3RNGC_0024,bnk_000000000026,42568.99,wallet,893.95,160.91,425.69,2025-11-19,dev,0
pay_00000000001041,setl_T3RNGC_0024,bnk_000000000026,12736.58,upi,0.00,0.00,127.37,2025-11-19,dev,0
pay_00000000001055,setl_T3RNGC_0024,bnk_000000000026,93290.00,netbanking,12.00,2.16,932.90,2025-11-19,dev,0
pay_00000000001056,setl_T3RNGC_0024,bnk_000000000026,27797.07,card,486.45,87.56,277.97,2025-11-19,dev,0
pay_00000000001077,setl_T3RNGC_0024,bnk_000000000026,13837.37,card,242.15,43.59,138.37,2025-11-19,dev,0
pay_00000000001164,setl_T3RNGC_0024,bnk_000000000026,24501.06,netbanking,12.00,2.16,245.01,2025-11-19,dev,0
pay_00000000001169,setl_T3RNGC_0024,bnk_000000000026,14976.31,card,262.09,47.18,149.76,2025-11-19,dev,0
pay_00000000001182,setl_T3RNGC_0024,bnk_000000000026,2002.76,netbanking,12.00,2.16,20.03,2025-11-19,dev,0
pay_00000000001196,setl_T3RNGC_0024,bnk_000000000026,97772.15,netbanking,12.00,2.16,977.72,2025-11-19,dev,0
pay_00000000001214,setl_T3RNGC_0024,bnk_000000000026,34397.47,card,601.96,108.35,343.97,2025-11-19,dev,0
pay_00000000001271,setl_T3RNGC_0024,bnk_000000000026,221161.00,card,3870.32,696.66,0.00,2025-11-19,dev,0
pay_00000000001286,setl_T3RNGC_0024,bnk_000000000026,113995.00,card,1994.91,359.08,1139.95,2025-11-19,dev,0
pay_00000000001300,setl_T3RNGC_0024,bnk_000000000026,32359.24,wallet,679.54,122.32,323.59,2025-11-19,dev,0
pay_00000000001308,setl_T3RNGC_0024,bnk_000000000026,42182.58,wallet,885.83,159.45,421.83,2025-11-19,dev,0
pay_00000000001323,setl_T3RNGC_0024,bnk_000000000026,11238.00,wallet,236.00,42.48,112.38,2025-11-19,dev,0
pay_00000000001360,setl_T3RNGC_0024,bnk_000000000026,6915.99,card,121.03,21.79,69.16,2025-11-19,dev,0
pay_00000000001403,setl_T3RNGC_0024,bnk_000000000026,3303.99,upi,0.00,0.00,33.04,2025-11-19,dev,0
pay_00000000001404,setl_T3RNGC_0024,bnk_000000000026,40793.46,netbanking,12.00,2.16,407.93,2025-11-19,dev,0
pay_00000000001407,setl_T3RNGC_0024,bnk_000000000026,240548.55,upi,0.00,0.00,2405.49,2025-11-19,dev,0
pay_00000000001419,setl_T3RNGC_0024,bnk_000000000026,32417.39,wallet,680.77,122.54,324.17,2025-11-19,dev,0
pay_00000000001479,setl_T3RNGC_0024,bnk_000000000026,5696.26,netbanking,12.00,2.16,56.96,2025-11-19,dev,0
pay_00000000000251,setl_T3RNGC_0025,bnk_000000000027,31802.00,upi,0.00,0.00,318.02,2025-11-20,dev,0
pay_00000000000271,setl_T3RNGC_0025,bnk_000000000027,7613.99,netbanking,12.00,2.16,76.14,2025-11-20,dev,0
pay_00000000000283,setl_T3RNGC_0025,bnk_000000000027,89009.00,wallet,1869.19,336.45,890.09,2025-11-20,dev,0
pay_00000000000373,setl_T3RNGC_0025,bnk_000000000027,196089.78,wallet,4117.89,741.22,1960.90,2025-11-20,dev,0
pay_00000000000569,setl_T3RNGC_0025,bnk_000000000027,18900.19,netbanking,12.00,2.16,0.00,2025-11-20,dev,0
pay_00000000000981,setl_T3RNGC_0025,bnk_000000000027,69064.99,netbanking,12.00,2.16,690.65,2025-11-20,dev,0
pay_00000000001137,setl_T3RNGC_0025,bnk_000000000027,29869.39,netbanking,12.00,2.16,298.69,2025-11-20,dev,0
pay_00000000001392,setl_T3RNGC_0025,bnk_000000000027,7417.75,wallet,155.77,28.04,74.18,2025-11-20,dev,0
pay_00000000000079,setl_T3RNGC_0026,bnk_000000000028,2533.09,netbanking,12.00,2.16,25.33,2025-11-20,dev,0
pay_00000000000163,setl_T3RNGC_0026,bnk_000000000028,66467.56,netbanking,12.00,2.16,664.68,2025-11-20,dev,0
pay_00000000000196,setl_T3RNGC_0026,bnk_000000000028,17461.00,netbanking,12.00,2.16,174.61,2025-11-20,dev,0
pay_00000000000232,setl_T3RNGC_0026,bnk_000000000028,10830.91,wallet,227.45,40.94,108.31,2025-11-20,dev,0
pay_00000000000275,setl_T3RNGC_0026,bnk_000000000028,21411.89,card,374.71,67.45,214.12,2025-11-20,dev,0
pay_00000000000280,setl_T3RNGC_0026,bnk_000000000028,123475.99,netbanking,12.00,2.16,1234.76,2025-11-20,dev,0
pay_00000000000292,setl_T3RNGC_0026,bnk_000000000028,6225.03,card,108.94,19.61,62.25,2025-11-20,dev,0
pay_00000000000353,setl_T3RNGC_0026,bnk_000000000028,14746.79,netbanking,12.00,2.16,147.47,2025-11-20,dev,0
pay_00000000000387,setl_T3RNGC_0026,bnk_000000000028,229506.00,wallet,4819.63,867.53,2295.06,2025-11-20,dev,0
pay_00000000000502,setl_T3RNGC_0026,bnk_000000000028,44858.33,netbanking,12.00,2.16,448.58,2025-11-20,dev,0
pay_00000000000511,setl_T3RNGC_0026,bnk_000000000028,4394.99,netbanking,12.00,2.16,43.95,2025-11-20,dev,0
pay_00000000000540,setl_T3RNGC_0026,bnk_000000000028,4907.99,netbanking,12.00,2.16,49.08,2025-11-20,dev,0
pay_00000000000622,setl_T3RNGC_0026,bnk_000000000028,40895.55,wallet,858.81,154.59,408.96,2025-11-20,dev,0
pay_00000000000675,setl_T3RNGC_0026,bnk_000000000028,40945.16,netbanking,12.00,2.16,409.45,2025-11-20,dev,0
pay_00000000000684,setl_T3RNGC_0026,bnk_000000000028,22215.00,netbanking,12.00,2.16,222.15,2025-11-20,dev,0
pay_00000000000712,setl_T3RNGC_0026,bnk_000000000028,8555.73,netbanking,12.00,2.16,85.56,2025-11-20,dev,0
pay_00000000000821,setl_T3RNGC_0026,bnk_000000000028,19781.88,upi,0.00,0.00,0.00,2025-11-20,dev,0
pay_00000000000828,setl_T3RNGC_0026,bnk_000000000028,237453.00,netbanking,12.00,2.16,2374.53,2025-11-20,dev,0
pay_00000000000862,setl_T3RNGC_0026,bnk_000000000028,40984.17,netbanking,12.00,2.16,409.84,2025-11-20,dev,0
pay_00000000000876,setl_T3RNGC_0026,bnk_000000000028,9543.90,card,167.02,30.06,95.44,2025-11-20,dev,0
pay_00000000000927,setl_T3RNGC_0026,bnk_000000000028,2292.00,card,40.11,7.22,22.92,2025-11-20,dev,0
pay_00000000000932,setl_T3RNGC_0026,bnk_000000000028,17719.10,netbanking,12.00,2.16,177.19,2025-11-20,dev,0
pay_00000000000972,setl_T3RNGC_0026,bnk_000000000028,33460.99,wallet,702.68,126.48,334.61,2025-11-20,dev,0
pay_00000000001000,setl_T3RNGC_0026,bnk_000000000028,3059.43,card,53.54,9.64,30.59,2025-11-20,dev,0
pay_00000000001024,setl_T3RNGC_0026,bnk_000000000028,27919.45,wallet,586.31,105.54,0.00,2025-11-20,dev,0
pay_00000000001074,setl_T3RNGC_0026,bnk_000000000028,164766.36,wallet,3460.09,622.82,1647.66,2025-11-20,dev,0
pay_00000000001099,setl_T3RNGC_0026,bnk_000000000028,247484.00,netbanking,12.00,2.16,2474.84,2025-11-20,dev,0
pay_00000000001122,setl_T3RNGC_0026,bnk_000000000028,178886.51,wallet,3756.62,676.19,1788.87,2025-11-20,dev,0
pay_00000000001129,setl_T3RNGC_0026,bnk_000000000028,33069.07,netbanking,12.00,2.16,330.69,2025-11-20,dev,0
pay_00000000001189,setl_T3RNGC_0026,bnk_000000000028,2855.20,upi,0.00,0.00,28.55,2025-11-20,dev,0
pay_00000000001261,setl_T3RNGC_0026,bnk_000000000028,6917.86,card,121.06,21.79,69.18,2025-11-20,dev,0
pay_00000000001280,setl_T3RNGC_0026,bnk_000000000028,38298.81,netbanking,12.00,2.16,382.99,2025-11-20,dev,0
pay_00000000001291,setl_T3RNGC_0026,bnk_000000000028,6904.00,card,120.82,21.75,69.04,2025-11-20,dev,0
pay_00000000001343,setl_T3RNGC_0026,bnk_000000000028,3951.00,wallet,82.97,14.93,39.51,2025-11-20,dev,0
pay_00000000001345,setl_T3RNGC_0026,bnk_000000000028,25408.45,netbanking,12.00,2.16,254.08,2025-11-20,dev,0
pay_00000000001382,setl_T3RNGC_0026,bnk_000000000028,19871.90,card,347.76,62.60,0.00,2025-11-20,dev,0
pay_00000000001406,setl_T3RNGC_0026,bnk_000000000028,5667.64,wallet,119.02,21.42,56.68,2025-11-20,dev,0
pay_00000000001473,setl_T3RNGC_0026,bnk_000000000028,40543.99,wallet,851.42,153.26,0.00,2025-11-20,dev,0
pay_00000000000166,setl_T3RNGC_0027,bnk_000000000029,2376.95,card,41.60,7.49,23.77,2025-11-21,dev,0
pay_00000000000302,setl_T3RNGC_0027,bnk_000000000029,30960.20,card,541.80,97.52,309.60,2025-11-21,dev,0
pay_00000000000477,setl_T3RNGC_0027,bnk_000000000029,26223.75,wallet,550.70,99.13,262.24,2025-11-21,dev,0
pay_00000000000697,setl_T3RNGC_0027,bnk_000000000029,43686.00,netbanking,12.00,2.16,436.86,2025-11-21,dev,0
pay_00000000000830,setl_T3RNGC_0027,bnk_000000000029,27351.28,netbanking,12.00,2.16,273.51,2025-11-21,dev,0
pay_00000000000843,setl_T3RNGC_0027,bnk_000000000029,222564.00,netbanking,12.00,2.16,2225.64,2025-11-21,dev,0
pay_00000000000904,setl_T3RNGC_0027,bnk_000000000029,43901.00,netbanking,12.00,2.16,439.01,2025-11-21,dev,0
pay_00000000000910,setl_T3RNGC_0027,bnk_000000000029,7527.26,card,131.73,23.71,75.27,2025-11-21,dev,0
pay_00000000001008,setl_T3RNGC_0027,bnk_000000000029,164294.00,netbanking,12.00,2.16,1642.94,2025-11-21,dev,0
pay_00000000001143,setl_T3RNGC_0027,bnk_000000000029,23387.31,netbanking,12.00,2.16,233.87,2025-11-21,dev,0
pay_00000000001256,setl_T3RNGC_0027,bnk_000000000029,103610.00,netbanking,12.00,2.16,1036.10,2025-11-21,dev,0
pay_00000000001289,setl_T3RNGC_0027,bnk_000000000029,5085.99,netbanking,12.00,2.16,0.00,2025-11-21,dev,0
pay_00000000001453,setl_T3RNGC_0027,bnk_000000000029,67472.41,wallet,1416.92,255.05,674.72,2025-11-21,dev,0
pay_00000000000041,setl_T3RNGC_0028,bnk_000000000030,20730.86,netbanking,12.00,2.16,207.31,2025-11-21,dev,0
pay_00000000000055,setl_T3RNGC_0028,bnk_000000000030,5550.00,netbanking,12.00,2.16,55.50,2025-11-21,dev,0
pay_00000000000104,setl_T3RNGC_0028,bnk_000000000030,8860.99,upi,0.00,0.00,88.61,2025-11-21,dev,0
pay_00000000000141,setl_T3RNGC_0028,bnk_000000000030,173648.06,upi,0.00,0.00,1736.48,2025-11-21,dev,0
pay_00000000000162,setl_T3RNGC_0028,bnk_000000000030,37676.00,wallet,791.20,142.42,376.76,2025-11-21,dev,0
pay_00000000000265,setl_T3RNGC_0028,bnk_000000000030,19507.00,netbanking,12.00,2.16,195.07,2025-11-21,dev,0
pay_00000000000374,setl_T3RNGC_0028,bnk_000000000030,21961.90,netbanking,12.00,2.16,219.62,2025-11-21,dev,0
pay_00000000000400,setl_T3RNGC_0028,bnk_000000000030,6041.99,card,105.73,19.03,60.42,2025-11-21,dev,0
pay_00000000000433,setl_T3RNGC_0028,bnk_000000000030,9388.51,netbanking,12.00,2.16,0.00,2025-11-21,dev,0
pay_00000000000441,setl_T3RNGC_0028,bnk_000000000030,17470.89,upi,0.00,0.00,174.71,2025-11-21,dev,0
pay_00000000000458,setl_T3RNGC_0028,bnk_000000000030,23561.65,wallet,494.79,89.06,235.62,2025-11-21,dev,0
pay_00000000000475,setl_T3RNGC_0028,bnk_000000000030,8083.95,upi,0.00,0.00,80.84,2025-11-21,dev,0
pay_00000000000522,setl_T3RNGC_0028,bnk_000000000030,24073.00,netbanking,12.00,2.16,0.00,2025-11-21,dev,0
pay_00000000000549,setl_T3RNGC_0028,bnk_000000000030,21459.00,netbanking,12.00,2.16,214.59,2025-11-21,dev,0
pay_00000000000566,setl_T3RNGC_0028,bnk_000000000030,155216.99,upi,0.00,0.00,1552.17,2025-11-21,dev,0
pay_00000000000581,setl_T3RNGC_0028,bnk_000000000030,17615.41,netbanking,12.00,2.16,176.15,2025-11-21,dev,0
pay_00000000000714,setl_T3RNGC_0028,bnk_000000000030,166806.00,netbanking,12.00,2.16,1668.06,2025-11-21,dev,0
pay_00000000000720,setl_T3RNGC_0028,bnk_000000000030,17327.67,upi,0.00,0.00,173.28,2025-11-21,dev,0
pay_00000000000747,setl_T3RNGC_0028,bnk_000000000030,13775.96,netbanking,12.00,2.16,137.76,2025-11-21,dev,0
pay_00000000000808,setl_T3RNGC_0028,bnk_000000000030,19480.16,card,340.90,61.36,194.80,2025-11-21,dev,0
pay_00000000000854,setl_T3RNGC_0028,bnk_000000000030,100849.00,wallet,2117.83,381.21,0.00,2025-11-21,dev,0
pay_00000000000922,setl_T3RNGC_0028,bnk_000000000030,5503.88,netbanking,12.00,2.16,55.04,2025-11-21,dev,0
pay_00000000001015,setl_T3RNGC_0028,bnk_000000000030,7799.19,card,136.49,24.57,77.99,2025-11-21,dev,0
pay_00000000001028,setl_T3RNGC_0028,bnk_000000000030,6829.19,upi,0.00,0.00,68.29,2025-11-21,dev,0
pay_00000000001083,setl_T3RNGC_0028,bnk_000000000030,38922.99,wallet,817.38,147.13,389.23,2025-11-21,dev,0
pay_00000000001108,setl_T3RNGC_0028,bnk_000000000030,14371.77,netbanking,12.00,2.16,143.72,2025-11-21,dev,0
pay_00000000001125,setl_T3RNGC_0028,bnk_000000000030,93027.80,netbanking,12.00,2.16,930.28,2025-11-21,dev,0
pay_00000000001201,setl_T3RNGC_0028,bnk_000000000030,2884.06,card,50.47,9.08,28.84,2025-11-21,dev,0
pay_00000000001233,setl_T3RNGC_0028,bnk_000000000030,3366.00,netbanking,12.00,2.16,33.66,2025-11-21,dev,0
pay_00000000001293,setl_T3RNGC_0028,bnk_000000000030,32340.00,netbanking,12.00,2.16,323.40,2025-11-21,dev,0
pay_00000000001312,setl_T3RNGC_0028,bnk_000000000030,15244.00,netbanking,12.00,2.16,152.44,2025-11-21,dev,0
pay_00000000001328,setl_T3RNGC_0028,bnk_000000000030,6576.62,card,115.09,20.72,65.77,2025-11-21,dev,0
pay_00000000001344,setl_T3RNGC_0028,bnk_000000000030,4467.02,card,78.17,14.07,44.67,2025-11-21,dev,0
pay_00000000001409,setl_T3RNGC_0028,bnk_000000000030,24716.00,netbanking,12.00,2.16,247.16,2025-11-21,dev,0
pay_00000000001457,setl_T3RNGC_0028,bnk_000000000030,4450.94,netbanking,12.00,2.16,44.51,2025-11-21,dev,0
pay_00000000001480,setl_T3RNGC_0028,bnk_000000000030,86845.99,wallet,1823.77,328.28,868.46,2025-11-21,dev,0
pay_00000000000046,setl_T3RNGC_0029,bnk_000000000031,10192.00,upi,0.00,0.00,101.92,2025-11-24,dev,0
pay_00000000000077,setl_T3RNGC_0029,bnk_000000000031,4239.99,upi,0.00,0.00,42.40,2025-11-24,dev,0
pay_00000000000137,setl_T3RNGC_0029,bnk_000000000031,7009.00,card,122.66,22.08,70.09,2025-11-24,dev,0
pay_00000000000156,setl_T3RNGC_0029,bnk_000000000031,7628.99,netbanking,12.00,2.16,0.00,2025-11-24,dev,0
pay_00000000000200,setl_T3RNGC_0029,bnk_000000000031,42457.00,netbanking,12.00,2.16,424.57,2025-11-24,dev,0
pay_00000000000224,setl_T3RNGC_0029,bnk_000000000031,6205.00,netbanking,12.00,2.16,62.05,2025-11-24,dev,0
pay_00000000000358,setl_T3RNGC_0029,bnk_000000000031,171143.73,card,2995.02,539.10,1711.44,2025-11-24,dev,0
pay_00000000000375,setl_T3RNGC_0029,bnk_000000000031,138138.24,netbanking,12.00,2.16,1381.38,2025-11-24,dev,0
pay_00000000000452,setl_T3RNGC_0029,bnk_000000000031,18013.72,netbanking,12.00,2.16,180.14,2025-11-24,dev,0
pay_00000000000480,setl_T3RNGC_0029,bnk_000000000031,38117.78,netbanking,12.00,2.16,381.18,2025-11-24,dev,0
pay_00000000000665,setl_T3RNGC_0029,bnk_000000000031,246834.99,card,4319.61,777.53,0.00,2025-11-24,dev,0
pay_00000000000845,setl_T3RNGC_0029,bnk_000000000031,10912.00,netbanking,12.00,2.16,109.12,2025-11-24,dev,0
pay_00000000001037,setl_T3RNGC_0029,bnk_000000000031,183343.45,wallet,3850.21,693.04,1833.43,2025-11-24,dev,0
pay_00000000001111,setl_T3RNGC_0029,bnk_000000000031,2841.63,upi,0.00,0.00,28.42,2025-11-24,dev,0
pay_00000000001292,setl_T3RNGC_0029,bnk_000000000031,27437.99,upi,0.00,0.00,274.38,2025-11-24,dev,0
pay_00000000001497,setl_T3RNGC_0029,bnk_000000000031,6304.93,netbanking,12.00,2.16,63.05,2025-11-24,dev,0
pay_00000000000019,setl_T3RNGC_0030,bnk_000000000032,41436.00,netbanking,12.00,2.16,0.00,2025-11-24,dev,0
pay_00000000000225,setl_T3RNGC_0030,bnk_000000000032,4885.00,card,85.49,15.39,0.00,2025-11-24,dev,0
pay_00000000000228,setl_T3RNGC_0030,bnk_000000000032,37297.46,netbanking,12.00,2.16,372.97,2025-11-24,dev,0
pay_00000000000235,setl_T3RNGC_0030,bnk_000000000032,28064.20,netbanking,12.00,2.16,280.64,2025-11-24,dev,0
pay_00000000000238,setl_T3RNGC_0030,bnk_000000000032,28911.00,netbanking,12.00,2.16,289.11,2025-11-24,dev,0
pay_00000000000255,setl_T3RNGC_0030,bnk_000000000032,9319.00,netbanking,12.00,2.16,93.19,2025-11-24,dev,0
pay_00000000000261,setl_T3RNGC_0030,bnk_000000000032,33749.56,upi,0.00,0.00,337.50,2025-11-24,dev,0
pay_00000000000324,setl_T3RNGC_0030,bnk_000000000032,17297.40,netbanking,12.00,2.16,0.00,2025-11-24,dev,0
pay_00000000000332,setl_T3RNGC_0030,bnk_000000000032,14238.49,wallet,299.01,53.82,142.38,2025-11-24,dev,0
pay_00000000000398,setl_T3RNGC_0030,bnk_000000000032,92803.00,netbanking,12.00,2.16,928.03,2025-11-24,dev,0
pay_00000000000521,setl_T3RNGC_0030,bnk_000000000032,31413.99,netbanking,12.00,2.16,314.14,2025-11-24,dev,0
pay_00000000000548,setl_T3RNGC_0030,bnk_000000000032,40192.00,card,703.36,126.60,401.92,2025-11-24,dev,0
pay_00000000000593,setl_T3RNGC_0030,bnk_000000000032,203990.39,netbanking,12.00,2.16,0.00,2025-11-24,dev,0
pay_00000000000607,setl_T3RNGC_0030,bnk_000000000032,179987.99,netbanking,12.00,2.16,1799.88,2025-11-24,dev,0
pay_00000000000682,setl_T3RNGC_0030,bnk_000000000032,141357.37,card,2473.75,445.28,0.00,2025-11-24,dev,0
pay_00000000000766,setl_T3RNGC_0030,bnk_000000000032,4975.99,wallet,104.50,18.81,49.76,2025-11-24,dev,0
pay_00000000000785,setl_T3RNGC_0030,bnk_000000000032,28972.99,netbanking,12.00,2.16,0.00,2025-11-24,dev,0
pay_00000000000824,setl_T3RNGC_0030,bnk_000000000032,105768.83,upi,0.00,0.00,1057.69,2025-11-24,dev,0
pay_00000000000844,setl_T3RNGC_0030,bnk_000000000032,113172.74,netbanking,12.00,2.16,1131.73,2025-11-24,dev,0
pay_00000000000897,setl_T3RNGC_0030,bnk_000000000032,31777.00,card,556.10,100.10,317.77,2025-11-24,dev,0
pay_00000000000948,setl_T3RNGC_0030,bnk_000000000032,3814.00,card,66.75,12.02,38.14,2025-11-24,dev,0
pay_00000000001038,setl_T3RNGC_0030,bnk_000000000032,8061.08,upi,0.00,0.00,80.61,2025-11-24,dev,0
pay_00000000001110,setl_T3RNGC_0030,bnk_000000000032,8648.65,netbanking,12.00,2.16,86.49,2025-11-24,dev,0
pay_00000000001166,setl_T3RNGC_0030,bnk_000000000032,4240.99,wallet,89.06,16.03,42.41,2025-11-24,dev,0
pay_00000000001188,setl_T3RNGC_0030,bnk_000000000032,15777.00,netbanking,12.00,2.16,157.77,2025-11-24,dev,0
pay_00000000001193,setl_T3RNGC_0030,bnk_000000000032,133787.00,card,2341.27,421.43,1337.87,2025-11-24,dev,0
pay_00000000001212,setl_T3RNGC_0030,bnk_000000000032,20440.29,netbanking,12.00,2.16,204.40,2025-11-24,dev,0
pay_00000000001242,setl_T3RNGC_0030,bnk_000000000032,133112.56,upi,0.00,0.00,1331.13,2025-11-24,dev,0
pay_00000000001284,setl_T3RNGC_0030,bnk_000000000032,36492.53,card,638.62,114.95,364.93,2025-11-24,dev,0
pay_00000000001378,setl_T3RNGC_0030,bnk_000000000032,12891.01,netbanking,12.00,2.16,128.91,2025-11-24,dev,0
pay_00000000001401,setl_T3RNGC_0030,bnk_000000000032,8422.00,netbanking,12.00,2.16,84.22,2025-11-24,dev,0
pay_00000000000012,setl_T3RNGC_0031,bnk_000000000033,22566.97,netbanking,12.00,2.16,225.67,2025-11-26,test,0
pay_00000000000126,setl_T3RNGC_0031,bnk_000000000033,15562.99,card,272.35,49.02,155.63,2025-11-26,test,0
pay_00000000000193,setl_T3RNGC_0031,bnk_000000000033,39582.99,netbanking,12.00,2.16,395.83,2025-11-26,test,0
pay_00000000000203,setl_T3RNGC_0031,bnk_000000000033,3595.00,wallet,75.50,13.59,35.95,2025-11-26,test,0
pay_00000000000229,setl_T3RNGC_0031,bnk_000000000033,42855.21,upi,0.00,0.00,428.55,2025-11-26,test,0
pay_00000000000304,setl_T3RNGC_0031,bnk_000000000033,30018.00,netbanking,12.00,2.16,300.18,2025-11-26,test,0
pay_00000000000314,setl_T3RNGC_0031,bnk_000000000033,31253.78,netbanking,12.00,2.16,312.54,2025-11-26,test,0
pay_00000000000449,setl_T3RNGC_0031,bnk_000000000033,81066.00,netbanking,12.00,2.16,810.66,2025-11-26,test,0
pay_00000000000559,setl_T3RNGC_0031,bnk_000000000033,51172.00,card,895.51,161.19,511.72,2025-11-26,test,0
pay_00000000000837,setl_T3RNGC_0031,bnk_000000000033,43468.00,card,760.69,136.92,434.68,2025-11-26,test,0
pay_00000000000939,setl_T3RNGC_0031,bnk_000000000033,38242.51,card,669.24,120.46,382.43,2025-11-26,test,0
pay_00000000000970,setl_T3RNGC_0031,bnk_000000000033,213235.00,netbanking,12.00,2.16,2132.35,2025-11-26,test,0
pay_00000000001023,setl_T3RNGC_0031,bnk_000000000033,31343.38,upi,0.00,0.00,313.43,2025-11-26,test,0
pay_00000000001054,setl_T3RNGC_0031,bnk_000000000033,27932.16,wallet,586.58,105.58,279.32,2025-11-26,test,0
pay_00000000001253,setl_T3RNGC_0031,bnk_000000000033,35271.21,upi,0.00,0.00,352.71,2025-11-26,test,0
pay_00000000001270,setl_T3RNGC_0031,bnk_000000000033,23917.68,card,418.56,75.34,239.18,2025-11-26,test,0
pay_00000000001410,setl_T3RNGC_0031,bnk_000000000033,3362.00,wallet,70.60,12.71,33.62,2025-11-26,test,0
pay_00000000001505,setl_T3RNGC_0031,bnk_000000000033,3595.00,wallet,75.50,13.59,35.95,2025-11-26,test,1
pay_00000000000016,setl_T3RNGC_0032,bnk_000000000034,3291.00,netbanking,12.00,2.16,32.91,2025-11-26,test,0
pay_00000000000038,setl_T3RNGC_0032,bnk_000000000034,12259.00,wallet,257.44,46.34,122.59,2025-11-26,test,0
pay_00000000000050,setl_T3RNGC_0032,bnk_000000000034,142889.73,wallet,3000.68,540.12,1428.90,2025-11-26,test,0
pay_00000000000113,setl_T3RNGC_0032,bnk_000000000034,188934.44,netbanking,12.00,2.16,1889.34,2025-11-26,test,0
pay_00000000000160,setl_T3RNGC_0032,bnk_000000000034,34994.00,card,612.40,110.23,0.00,2025-11-26,test,0
pay_00000000000340,setl_T3RNGC_0032,bnk_000000000034,155267.99,upi,0.00,0.00,1552.68,2025-11-26,test,0
pay_00000000000424,setl_T3RNGC_0032,bnk_000000000034,22716.00,netbanking,12.00,2.16,0.00,2025-11-26,test,0
pay_00000000000429,setl_T3RNGC_0032,bnk_000000000034,118186.95,netbanking,12.00,2.16,1181.87,2025-11-26,test,0
pay_00000000000435,setl_T3RNGC_0032,bnk_000000000034,174041.43,upi,0.00,0.00,1740.41,2025-11-26,test,0
pay_00000000000584,setl_T3RNGC_0032,bnk_000000000034,135257.99,wallet,2840.42,511.28,1352.58,2025-11-26,test,0
pay_00000000000691,setl_T3RNGC_0032,bnk_000000000034,36135.00,wallet,758.84,136.59,0.00,2025-11-26,test,0
pay_00000000000707,setl_T3RNGC_0032,bnk_000000000034,245160.00,netbanking,12.00,2.16,2451.60,2025-11-26,test,0
pay_00000000000731,setl_T3RNGC_0032,bnk_000000000034,20195.00,netbanking,12.00,2.16,201.95,2025-11-26,test,0
pay_00000000000827,setl_T3RNGC_0032,bnk_000000000034,242171.86,card,4238.01,762.84,2421.72,2025-11-26,test,0
pay_00000000000860,setl_T3RNGC_0032,bnk_000000000034,2400.99,card,42.02,7.56,24.01,2025-11-26,test,0
pay_00000000000861,setl_T3RNGC_0032,bnk_000000000034,3217.99,card,56.31,10.14,0.00,2025-11-26,test,0
pay_00000000000942,setl_T3RNGC_0032,bnk_000000000034,163404.72,wallet,3431.50,617.67,1634.05,2025-11-26,test,0
pay_00000000000993,setl_T3RNGC_0032,bnk_000000000034,4772.71,netbanking,12.00,2.16,47.73,2025-11-26,test,0
pay_00000000001013,setl_T3RNGC_0032,bnk_000000000034,2282.45,netbanking,12.00,2.16,22.82,2025-11-26,test,0
pay_00000000001086,setl_T3RNGC_0032,bnk_000000000034,35929.00,netbanking,12.00,2.16,0.00,2025-11-26,test,0
pay_00000000001146,setl_T3RNGC_0032,bnk_000000000034,8476.68,card,148.34,26.70,84.77,2025-11-26,test,0
pay_00000000001153,setl_T3RNGC_0032,bnk_000000000034,19593.00,wallet,411.45,74.06,195.93,2025-11-26,test,0
pay_00000000001194,setl_T3RNGC_0032,bnk_000000000034,21288.49,upi,0.00,0.00,212.88,2025-11-26,test,0
pay_00000000001305,setl_T3RNGC_0032,bnk_000000000034,8474.00,wallet,177.95,32.03,0.00,2025-11-26,test,0
pay_00000000001427,setl_T3RNGC_0032,bnk_000000000034,121784.00,card,2131.22,383.62,1217.84,2025-11-26,test,0
pay_00000000001454,setl_T3RNGC_0032,bnk_000000000034,9214.99,wallet,193.51,34.83,92.15,2025-11-26,test,0
pay_00000000001461,setl_T3RNGC_0032,bnk_000000000034,35329.99,card,618.27,111.29,353.30,2025-11-26,test,0
pay_00000000001506,setl_T3RNGC_0032,bnk_000000000034,3595.00,wallet,75.50,13.59,35.95,2025-11-26,test,1
pay_00000000000068,setl_T3RNGC_0033,bnk_000000000035,3891.99,netbanking,12.00,2.16,38.92,2025-11-27,test,0
pay_00000000000157,setl_T3RNGC_0033,bnk_000000000035,38863.96,netbanking,12.00,2.16,388.64,2025-11-27,test,0
pay_00000000000172,setl_T3RNGC_0033,bnk_000000000035,5395.00,netbanking,12.00,2.16,0.00,2025-11-27,test,0
pay_00000000000220,setl_T3RNGC_0033,bnk_000000000035,41899.75,netbanking,12.00,2.16,419.00,2025-11-27,test,0
pay_00000000000267,setl_T3RNGC_0033,bnk_000000000035,40418.00,wallet,848.78,152.78,404.18,2025-11-27,test,0
pay_00000000000309,setl_T3RNGC_0033,bnk_000000000035,87701.91,card,1534.78,276.26,877.02,2025-11-27,test,0
pay_00000000000341,setl_T3RNGC_0033,bnk_000000000035,58790.86,wallet,1234.61,222.23,0.00,2025-11-27,test,0
pay_00000000000360,setl_T3RNGC_0033,bnk_000000000035,19963.85,card,349.37,62.89,0.00,2025-11-27,test,0
pay_00000000000403,setl_T3RNGC_0033,bnk_000000000035,72466.99,upi,0.00,0.00,0.00,2025-11-27,test,0
pay_00000000000419,setl_T3RNGC_0033,bnk_000000000035,21894.29,netbanking,12.00,2.16,218.94,2025-11-27,test,0
pay_00000000000461,setl_T3RNGC_0033,bnk_000000000035,152866.35,card,2675.16,481.53,1528.66,2025-11-27,test,0
pay_00000000000464,setl_T3RNGC_0033,bnk_000000000035,6709.13,netbanking,12.00,2.16,67.09,2025-11-27,test,0
pay_00000000000465,setl_T3RNGC_0033,bnk_000000000035,117254.23,card,2051.95,369.35,1172.54,2025-11-27,test,0
pay_00000000000486,setl_T3RNGC_0033,bnk_000000000035,18438.00,upi,0.00,0.00,184.38,2025-11-27,test,0
pay_00000000000497,setl_T3RNGC_0033,bnk_000000000035,82375.94,wallet,1729.89,311.38,823.76,2025-11-27,test,0
pay_00000000000567,setl_T3RNGC_0033,bnk_000000000035,41874.59,netbanking,12.00,2.16,418.75,2025-11-27,test,0
pay_00000000000611,setl_T3RNGC_0033,bnk_000000000035,2063.00,card,36.10,6.50,20.63,2025-11-27,test,0
pay_00000000000612,setl_T3RNGC_0033,bnk_000000000035,4553.00,wallet,95.61,17.21,45.53,2025-11-27,test,0
pay_00000000000633,setl_T3RNGC_0033,bnk_000000000035,68486.30,netbanking,12.00,2.16,684.86,2025-11-27,test,0
pay_00000000000724,setl_T3RNGC_0033,bnk_000000000035,6986.86,wallet,146.72,26.41,69.87,2025-11-27,test,0
pay_00000000000741,setl_T3RNGC_0033,bnk_000000000035,18956.89,netbanking,12.00,2.16,189.57,2025-11-27,test,0
pay_00000000000743,setl_T3RNGC_0033,bnk_000000000035,2425.26,card,42.44,7.64,24.25,2025-11-27,test,0
pay_00000000000778,setl_T3RNGC_0033,bnk_000000000035,139791.00,netbanking,12.00,2.16,1397.91,2025-11-27,test,0
pay_00000000000780,setl_T3RNGC_0033,bnk_000000000035,5057.00,netbanking,12.00,2.16,50.57,2025-11-27,test,0
pay_00000000000859,setl_T3RNGC_0033,bnk_000000000035,12111.00,wallet,254.33,45.78,121.11,2025-11-27,test,0
pay_00000000000881,setl_T3RNGC_0033,bnk_000000000035,44544.21,card,779.52,140.31,445.44,2025-11-27,test,0
pay_00000000000883,setl_T3RNGC_0033,bnk_000000000035,9779.54,netbanking,12.00,2.16,97.80,2025-11-27,test,0
pay_00000000000980,setl_T3RNGC_0033,bnk_000000000035,199819.30,netbanking,12.00,2.16,1998.19,2025-11-27,test,0
pay_00000000001014,setl_T3RNGC_0033,bnk_000000000035,22737.50,netbanking,12.00,2.16,227.38,2025-11-27,test,0
pay_00000000001167,setl_T3RNGC_0033,bnk_000000000035,20777.99,netbanking,12.00,2.16,207.78,2025-11-27,test,0
pay_00000000001209,setl_T3RNGC_0033,bnk_000000000035,126380.99,card,2211.67,398.10,1263.81,2025-11-27,test,0
pay_00000000001218,setl_T3RNGC_0033,bnk_000000000035,14563.00,netbanking,12.00,2.16,0.00,2025-11-27,test,0
pay_00000000001252,setl_T3RNGC_0033,bnk_000000000035,9978.00,wallet,209.54,37.72,0.00,2025-11-27,test,0
pay_00000000001288,setl_T3RNGC_0033,bnk_000000000035,3671.00,netbanking,12.00,2.16,36.71,2025-11-27,test,0
pay_00000000001296,setl_T3RNGC_0033,bnk_000000000035,42772.00,wallet,898.21,161.68,427.72,2025-11-27,test,0
pay_00000000001303,setl_T3RNGC_0033,bnk_000000000035,125213.14,netbanking,12.00,2.16,0.00,2025-11-27,test,0
pay_00000000001316,setl_T3RNGC_0033,bnk_000000000035,23496.89,netbanking,12.00,2.16,234.97,2025-11-27,test,0
pay_00000000001348,setl_T3RNGC_0033,bnk_000000000035,7039.13,netbanking,12.00,2.16,0.00,2025-11-27,test,0
pay_00000000001359,setl_T3RNGC_0033,bnk_000000000035,41966.00,upi,0.00,0.00,419.66,2025-11-27,test,0
pay_00000000001377,setl_T3RNGC_0033,bnk_000000000035,241461.00,netbanking,12.00,2.16,2414.61,2025-11-27,test,0
pay_00000000001380,setl_T3RNGC_0033,bnk_000000000035,125120.59,wallet,2627.53,472.96,1251.21,2025-11-27,test,0
pay_00000000001414,setl_T3RNGC_0033,bnk_000000000035,4061.00,card,71.07,12.79,40.61,2025-11-27,test,0
pay_00000000001424,setl_T3RNGC_0033,bnk_000000000035,235803.01,card,4126.55,742.78,2358.03,2025-11-27,test,0
pay_00000000001425,setl_T3RNGC_0033,bnk_000000000035,174089.93,wallet,3655.89,658.06,0.00,2025-11-27,test,0
pay_00000000001426,setl_T3RNGC_0033,bnk_000000000035,77679.83,wallet,1631.28,293.63,776.80,2025-11-27,test,0
pay_00000000001495,setl_T3RNGC_0033,bnk_000000000035,56127.79,netbanking,12.00,2.16,0.00,2025-11-27,test,0
pay_00000000000015,setl_T3RNGC_0034,bnk_000000000036,2014.93,wallet,42.31,7.62,20.15,2025-11-27,test,0
pay_00000000000020,setl_T3RNGC_0034,bnk_000000000036,185821.79,card,3251.88,585.34,1858.22,2025-11-27,test,0
pay_00000000000022,setl_T3RNGC_0034,bnk_000000000036,4513.99,upi,0.00,0.00,45.14,2025-11-27,test,0
pay_00000000000047,setl_T3RNGC_0034,bnk_000000000036,7751.00,netbanking,12.00,2.16,77.51,2025-11-27,test,0
pay_00000000000067,setl_T3RNGC_0034,bnk_000000000036,160236.31,upi,0.00,0.00,0.00,2025-11-27,test,0
pay_00000000000069,setl_T3RNGC_0034,bnk_000000000036,34240.81,netbanking,12.00,2.16,342.41,2025-11-27,test,0
pay_00000000000072,setl_T3RNGC_0034,bnk_000000000036,21491.03,card,376.09,67.70,214.91,2025-11-27,test,0
pay_00000000000227,setl_T3RNGC_0034,bnk_000000000036,37126.21,netbanking,12.00,2.16,371.26,2025-11-27,test,0
pay_00000000000253,setl_T3RNGC_0034,bnk_000000000036,35109.18,upi,0.00,0.00,351.09,2025-11-27,test,0
pay_00000000000272,setl_T3RNGC_0034,bnk_000000000036,39714.99,netbanking,12.00,2.16,397.15,2025-11-27,test,0
pay_00000000000279,setl_T3RNGC_0034,bnk_000000000036,10951.82,netbanking,12.00,2.16,109.52,2025-11-27,test,0
pay_00000000000289,setl_T3RNGC_0034,bnk_000000000036,22107.22,wallet,464.25,83.57,221.07,2025-11-27,test,0
pay_00000000000293,setl_T3RNGC_0034,bnk_000000000036,43724.41,netbanking,12.00,2.16,437.24,2025-11-27,test,0
pay_00000000000322,setl_T3RNGC_0034,bnk_000000000036,156599.00,wallet,3288.58,591.94,1565.99,2025-11-27,test,0
pay_00000000000329,setl_T3RNGC_0034,bnk_000000000036,40832.59,wallet,857.48,154.35,408.33,2025-11-27,test,0
pay_00000000000348,setl_T3RNGC_0034,bnk_000000000036,36477.00,card,638.35,114.90,0.00,2025-11-27,test,0
pay_00000000000414,setl_T3RNGC_0034,bnk_000000000036,27460.00,card,480.55,86.50,274.60,2025-11-27,test,0
pay_00000000000436,setl_T3RNGC_0034,bnk_000000000036,24992.99,wallet,524.85,94.47,249.93,2025-11-27,test,0
pay_00000000000457,setl_T3RNGC_0034,bnk_000000000036,43160.28,netbanking,12.00,2.16,431.60,2025-11-27,test,0
pay_00000000000487,setl_T3RNGC_0034,bnk_000000000036,79891.00,netbanking,12.00,2.16,798.91,2025-11-27,test,0
pay_00000000000493,setl_T3RNGC_0034,bnk_000000000036,12829.03,card,224.51,40.41,128.29,2025-11-27,test,0
pay_00000000000494,setl_T3RNGC_0034,bnk_000000000036,5932.00,wallet,124.57,22.42,59.32,2025-11-27,test,0
pay_00000000000520,setl_T3RNGC_0034,bnk_000000000036,22462.74,upi,0.00,0.00,224.63,2025-11-27,test,0
pay_00000000000531,setl_T3RNGC_0034,bnk_000000000036,7875.18,wallet,165.38,29.77,0.00,2025-11-27,test,0
pay_00000000000558,setl_T3RNGC_0034,bnk_000000000036,11374.00,card,199.05,35.83,113.74,2025-11-27,test,0
pay_00000000000578,setl_T3RNGC_0034,bnk_000000000036,146136.99,netbanking,12.00,2.16,1461.37,2025-11-27,test,0
pay_00000000000583,setl_T3RNGC_0034,bnk_000000000036,7148.76,netbanking,12.00,2.16,71.49,2025-11-27,test,0
pay_00000000000645,setl_T3RNGC_0034,bnk_000000000036,7955.84,upi,0.00,0.00,79.56,2025-11-27,test,0
pay_00000000000652,setl_T3RNGC_0034,bnk_000000000036,2263.50,netbanking,12.00,2.16,22.64,2025-11-27,test,0
pay_00000000000657,setl_T3RNGC_0034,bnk_000000000036,23666.99,netbanking,12.00,2.16,236.67,2025-11-27,test,0
pay_00000000000659,setl_T3RNGC_0034,bnk_000000000036,11553.45,upi,0.00,0.00,115.53,2025-11-27,test,0
pay_00000000000721,setl_T3RNGC_0034,bnk_000000000036,19733.99,card,345.34,62.16,197.34,2025-11-27,test,0
pay_00000000000753,setl_T3RNGC_0034,bnk_000000000036,39262.99,card,687.10,123.68,392.63,2025-11-27,test,0
pay_00000000000779,setl_T3RNGC_0034,bnk_000000000036,3650.00,card,63.88,11.50,0.00,2025-11-27,test,0
pay_00000000000786,setl_T3RNGC_0034,bnk_000000000036,229852.99,netbanking,12.00,2.16,2298.53,2025-11-27,test,0
pay_00000000000789,setl_T3RNGC_0034,bnk_000000000036,15371.00,netbanking,12.00,2.16,153.71,2025-11-27,test,0
pay_00000000000812,setl_T3RNGC_0034,bnk_000000000036,6658.00,netbanking,12.00,2.16,66.58,2025-11-27,test,0
pay_00000000000836,setl_T3RNGC_0034,bnk_000000000036,17540.91,upi,0.00,0.00,175.41,2025-11-27,test,0
pay_00000000000853,setl_T3RNGC_0034,bnk_000000000036,5331.00,upi,0.00,0.00,0.00,2025-11-27,test,0
pay_00000000000886,setl_T3RNGC_0034,bnk_000000000036,94579.66,netbanking,12.00,2.16,945.80,2025-11-27,test,0
pay_00000000000902,setl_T3RNGC_0034,bnk_000000000036,12935.00,netbanking,12.00,2.16,129.35,2025-11-27,test,0
pay_00000000000905,setl_T3RNGC_0034,bnk_000000000036,7702.22,netbanking,12.00,2.16,77.02,2025-11-27,test,0
pay_00000000000925,setl_T3RNGC_0034,bnk_000000000036,8431.00,card,147.54,26.56,84.31,2025-11-27,test,0
pay_00000000000926,setl_T3RNGC_0034,bnk_000000000036,8727.00,upi,0.00,0.00,87.27,2025-11-27,test,0
pay_00000000000935,setl_T3RNGC_0034,bnk_000000000036,120371.72,netbanking,12.00,2.16,1203.72,2025-11-27,test,0
pay_00000000000944,setl_T3RNGC_0034,bnk_000000000036,18823.99,upi,0.00,0.00,0.00,2025-11-27,test,0
pay_00000000000953,setl_T3RNGC_0034,bnk_000000000036,14629.98,netbanking,12.00,2.16,0.00,2025-11-27,test,0
pay_00000000000954,setl_T3RNGC_0034,bnk_000000000036,37419.77,netbanking,12.00,2.16,374.20,2025-11-27,test,0
pay_00000000000965,setl_T3RNGC_0034,bnk_000000000036,114707.99,wallet,2408.87,433.60,1147.08,2025-11-27,test,0
pay_00000000000969,setl_T3RNGC_0034,bnk_000000000036,37490.00,netbanking,12.00,2.16,374.90,2025-11-27,test,0
pay_00000000000976,setl_T3RNGC_0034,bnk_000000000036,28124.99,netbanking,12.00,2.16,281.25,2025-11-27,test,0
pay_00000000000988,setl_T3RNGC_0034,bnk_000000000036,24460.31,wallet,513.67,92.46,244.60,2025-11-27,test,0
pay_00000000001040,setl_T3RNGC_0034,bnk_000000000036,118858.14,card,2080.02,374.40,1188.58,2025-11-27,test,0
pay_00000000001082,setl_T3RNGC_0034,bnk_000000000036,28265.57,wallet,593.58,106.84,282.66,2025-11-27,test,0
pay_00000000001085,setl_T3RNGC_0034,bnk_000000000036,5281.63,card,92.43,16.64,52.82,2025-11-27,test,0
pay_00000000001098,setl_T3RNGC_0034,bnk_000000000036,15775.00,card,276.06,49.69,157.75,2025-11-27,test,0
pay_00000000001114,setl_T3RNGC_0034,bnk_000000000036,38331.00,netbanking,12.00,2.16,383.31,2025-11-27,test,0
pay_00000000001115,setl_T3RNGC_0034,bnk_000000000036,6651.99,card,116.41,20.95,66.52,2025-11-27,test,0
pay_00000000001123,setl_T3RNGC_0034,bnk_000000000036,3985.31,card,69.74,12.55,39.85,2025-11-27,test,0
pay_00000000001131,setl_T3RNGC_0034,bnk_000000000036,20068.96,netbanking,12.00,2.16,200.69,2025-11-27,test,0
pay_00000000001150,setl_T3RNGC_0034,bnk_000000000036,33729.00,netbanking,12.00,2.16,337.29,2025-11-27,test,0
pay_00000000001151,setl_T3RNGC_0034,bnk_000000000036,34690.23,netbanking,12.00,2.16,346.90,2025-11-27,test,0
pay_00000000001177,setl_T3RNGC_0034,bnk_000000000036,100747.99,card,1763.09,317.36,0.00,2025-11-27,test,0
pay_00000000001185,setl_T3RNGC_0034,bnk_000000000036,4018.00,netbanking,12.00,2.16,40.18,2025-11-27,test,0
pay_00000000001187,setl_T3RNGC_0034,bnk_000000000036,2674.57,netbanking,12.00,2.16,0.00,2025-11-27,test,0
pay_00000000001197,setl_T3RNGC_0034,bnk_000000000036,4676.00,card,81.83,14.73,0.00,2025-11-27,test,0
pay_00000000001200,setl_T3RNGC_0034,bnk_000000000036,12830.00,netbanking,12.00,2.16,128.30,2025-11-27,test,0
pay_00000000001203,setl_T3RNGC_0034,bnk_000000000036,16112.99,wallet,338.37,60.91,161.13,2025-11-27,test,0
pay_00000000001205,setl_T3RNGC_0034,bnk_000000000036,96910.99,netbanking,12.00,2.16,969.11,2025-11-27,test,0
pay_00000000001220,setl_T3RNGC_0034,bnk_000000000036,7983.00,upi,0.00,0.00,79.83,2025-11-27,test,0
pay_00000000001222,setl_T3RNGC_0034,bnk_000000000036,188339.00,wallet,3955.12,711.92,1883.39,2025-11-27,test,0
pay_00000000001232,setl_T3RNGC_0034,bnk_000000000036,42118.50,netbanking,12.00,2.16,421.19,2025-11-27,test,0
pay_00000000001239,setl_T3RNGC_0034,bnk_000000000036,58079.99,netbanking,12.00,2.16,580.80,2025-11-27,test,0
pay_00000000001255,setl_T3RNGC_0034,bnk_000000000036,40474.09,netbanking,12.00,2.16,404.74,2025-11-27,test,0
pay_00000000001260,setl_T3RNGC_0034,bnk_000000000036,10982.00,netbanking,12.00,2.16,109.82,2025-11-27,test,0
pay_00000000001262,setl_T3RNGC_0034,bnk_000000000036,14066.54,card,246.16,44.31,140.67,2025-11-27,test,0
pay_00000000001266,setl_T3RNGC_0034,bnk_000000000036,18556.00,netbanking,12.00,2.16,185.56,2025-11-27,test,0
pay_00000000001268,setl_T3RNGC_0034,bnk_000000000036,63619.00,wallet,1336.00,240.48,636.19,2025-11-27,test,0
pay_00000000001282,setl_T3RNGC_0034,bnk_000000000036,25313.00,wallet,531.57,95.68,253.13,2025-11-27,test,0
pay_00000000001299,setl_T3RNGC_0034,bnk_000000000036,4543.67,wallet,95.42,17.18,45.44,2025-11-27,test,0
pay_00000000001320,setl_T3RNGC_0034,bnk_000000000036,172375.00,card,3016.56,542.98,0.00,2025-11-27,test,0
pay_00000000001331,setl_T3RNGC_0034,bnk_000000000036,4692.17,netbanking,12.00,2.16,46.92,2025-11-27,test,0
pay_00000000001370,setl_T3RNGC_0034,bnk_000000000036,10730.19,netbanking,12.00,2.16,0.00,2025-11-27,test,0
pay_00000000001374,setl_T3RNGC_0034,bnk_000000000036,199993.99,netbanking,12.00,2.16,1999.94,2025-11-27,test,0
pay_00000000001375,setl_T3RNGC_0034,bnk_000000000036,3088.71,card,54.05,9.73,30.89,2025-11-27,test,0
pay_00000000001387,setl_T3RNGC_0034,bnk_000000000036,8954.90,wallet,188.05,33.85,89.55,2025-11-27,test,0
pay_00000000001437,setl_T3RNGC_0034,bnk_000000000036,2183.99,netbanking,12.00,2.16,21.84,2025-11-27,test,0
pay_00000000001462,setl_T3RNGC_0034,bnk_000000000036,34073.99,upi,0.00,0.00,340.74,2025-11-27,test,0
pay_00000000001487,setl_T3RNGC_0034,bnk_000000000036,3903.83,netbanking,12.00,2.16,0.00,2025-11-27,test,0
pay_00000000001493,setl_T3RNGC_0034,bnk_000000000036,233744.51,wallet,4908.63,883.55,2337.45,2025-11-27,test,0
pay_00000000001499,setl_T3RNGC_0034,bnk_000000000036,18980.00,netbanking,12.00,2.16,189.80,2025-11-27,test,0
pay_00000000000014,setl_T3RNGC_0035,bnk_000000000037,98662.99,card,1726.60,310.79,986.63,2025-11-28,test,0
pay_00000000000031,setl_T3RNGC_0035,bnk_000000000037,18298.99,netbanking,12.00,2.16,182.99,2025-11-28,test,0
pay_00000000000073,setl_T3RNGC_0035,bnk_000000000037,3578.67,netbanking,12.00,2.16,0.00,2025-11-28,test,0
pay_00000000000092,setl_T3RNGC_0035,bnk_000000000037,35653.79,netbanking,12.00,2.16,356.54,2025-11-28,test,0
pay_00000000000249,setl_T3RNGC_0035,bnk_000000000037,12732.92,netbanking,12.00,2.16,127.33,2025-11-28,test,0
pay_00000000000252,setl_T3RNGC_0035,bnk_000000000037,48631.73,upi,0.00,0.00,486.32,2025-11-28,test,0
pay_00000000000319,setl_T3RNGC_0035,bnk_000000000037,40525.94,card,709.20,127.66,405.26,2025-11-28,test,0
pay_00000000000321,setl_T3RNGC_0035,bnk_000000000037,29333.02,netbanking,12.00,2.16,293.33,2025-11-28,test,0
pay_00000000000349,setl_T3RNGC_0035,bnk_000000000037,13323.74,upi,0.00,0.00,133.24,2025-11-28,test,0
pay_00000000000395,setl_T3RNGC_0035,bnk_000000000037,42818.88,card,749.33,134.88,428.19,2025-11-28,test,0
pay_00000000000402,setl_T3RNGC_0035,bnk_000000000037,13591.99,card,237.86,42.81,135.92,2025-11-28,test,0
pay_00000000000504,setl_T3RNGC_0035,bnk_000000000037,17998.45,netbanking,12.00,2.16,179.98,2025-11-28,test,0
pay_00000000000585,setl_T3RNGC_0035,bnk_000000000037,80644.59,upi,0.00,0.00,0.00,2025-11-28,test,0
pay_00000000000610,setl_T3RNGC_0035,bnk_000000000037,26814.00,netbanking,12.00,2.16,268.14,2025-11-28,test,0
pay_00000000000713,setl_T3RNGC_0035,bnk_000000000037,6778.00,netbanking,12.00,2.16,67.78,2025-11-28,test,0
pay_00000000000748,setl_T3RNGC_0035,bnk_000000000037,103405.53,netbanking,12.00,2.16,1034.06,2025-11-28,test,0
pay_00000000000823,setl_T3RNGC_0035,bnk_000000000037,104079.62,upi,0.00,0.00,1040.80,2025-11-28,test,0
pay_00000000000833,setl_T3RNGC_0035,bnk_000000000037,10481.86,netbanking,12.00,2.16,104.82,2025-11-28,test,0
pay_00000000000851,setl_T3RNGC_0035,bnk_000000000037,35336.64,netbanking,12.00,2.16,353.37,2025-11-28,test,0
pay_00000000000867,setl_T3RNGC_0035,bnk_000000000037,74934.20,netbanking,12.00,2.16,0.00,2025-11-28,test,0
pay_00000000000973,setl_T3RNGC_0035,bnk_000000000037,2082.00,netbanking,12.00,2.16,20.82,2025-11-28,test,0
pay_00000000000982,setl_T3RNGC_0035,bnk_000000000037,43220.45,card,756.36,136.14,432.20,2025-11-28,test,0
pay_00000000001058,setl_T3RNGC_0035,bnk_000000000037,7017.00,netbanking,12.00,2.16,70.17,2025-11-28,test,0
pay_00000000001142,setl_T3RNGC_0035,bnk_000000000037,67123.23,netbanking,12.00,2.16,671.23,2025-11-28,test,0
pay_00000000001168,setl_T3RNGC_0035,bnk_000000000037,23071.00,card,403.74,72.67,230.71,2025-11-28,test,0
pay_00000000001204,setl_T3RNGC_0035,bnk_000000000037,4565.91,netbanking,12.00,2.16,45.66,2025-11-28,test,0
pay_00000000001351,setl_T3RNGC_0035,bnk_000000000037,14988.30,card,262.30,47.21,0.00,2025-11-28,test,0
pay_00000000001434,setl_T3RNGC_0035,bnk_000000000037,21456.00,netbanking,12.00,2.16,214.56,2025-11-28,test,0
pay_00000000001464,setl_T3RNGC_0035,bnk_000000000037,207437.36,card,3630.15,653.43,2074.37,2025-11-28,test,0
pay_00000000001486,setl_T3RNGC_0035,bnk_000000000037,5871.99,card,102.76,18.50,58.72,2025-11-28,test,0
pay_00000000000005,setl_T3RNGC_0036,bnk_000000000038,5362.48,netbanking,12.00,2.16,53.62,2025-11-28,test,0
pay_00000000000028,setl_T3RNGC_0036,bnk_000000000038,5311.00,wallet,111.53,20.08,53.11,2025-11-28,test,0
pay_00000000000075,setl_T3RNGC_0036,bnk_000000000038,177672.00,wallet,3731.11,671.60,1776.72,2025-11-28,test,0
pay_00000000000080,setl_T3RNGC_0036,bnk_000000000038,140139.00,card,2452.43,441.44,1401.39,2025-11-28,test,0
pay_00000000000103,setl_T3RNGC_0036,bnk_000000000038,9949.00,upi,0.00,0.00,99.49,2025-11-28,test,0
pay_00000000000105,setl_T3RNGC_0036,bnk_000000000038,7553.00,upi,0.00,0.00,75.53,2025-11-28,test,0
pay_00000000000129,setl_T3RNGC_0036,bnk_000000000038,13302.00,card,232.79,41.90,0.00,2025-11-28,test,0
pay_00000000000130,setl_T3RNGC_0036,bnk_000000000038,39073.00,card,683.78,123.08,390.73,2025-11-28,test,0
pay_00000000000151,setl_T3RNGC_0036,bnk_000000000038,47634.35,netbanking,12.00,2.16,476.34,2025-11-28,test,0
pay_00000000000165,setl_T3RNGC_0036,bnk_000000000038,19332.09,wallet,405.97,73.07,193.32,2025-11-28,test,0
pay_00000000000178,setl_T3RNGC_0036,bnk_000000000038,5726.00,card,100.21,18.04,0.00,2025-11-28,test,0
pay_00000000000187,setl_T3RNGC_0036,bnk_000000000038,11179.15,wallet,234.76,42.26,111.79,2025-11-28,test,0
pay_00000000000191,setl_T3RNGC_0036,bnk_000000000038,27360.00,netbanking,12.00,2.16,273.60,2025-11-28,test,0
pay_00000000000256,setl_T3RNGC_0036,bnk_000000000038,13391.00,netbanking,12.00,2.16,133.91,2025-11-28,test,0
pay_00000000000278,setl_T3RNGC_0036,bnk_000000000038,4691.07,netbanking,12.00,2.16,46.91,2025-11-28,test,0
pay_00000000000291,setl_T3RNGC_0036,bnk_000000000038,6823.46,netbanking,12.00,2.16,68.23,2025-11-28,test,0
pay_00000000000323,setl_T3RNGC_0036,bnk_000000000038,8469.99,upi,0.00,0.00,84.70,2025-11-28,test,0
pay_00000000000326,setl_T3RNGC_0036,bnk_000000000038,32823.05,upi,0.00,0.00,0.00,2025-11-28,test,0
pay_00000000000339,setl_T3RNGC_0036,bnk_000000000038,10244.88,upi,0.00,0.00,102.45,2025-11-28,test,0
pay_00000000000369,setl_T3RNGC_0036,bnk_000000000038,29959.89,upi,0.00,0.00,299.60,2025-11-28,test,0
pay_00000000000432,setl_T3RNGC_0036,bnk_000000000038,6945.00,netbanking,12.00,2.16,69.45,2025-11-28,test,0
pay_00000000000472,setl_T3RNGC_0036,bnk_000000000038,33501.99,upi,0.00,0.00,335.02,2025-11-28,test,0
pay_00000000000517,setl_T3RNGC_0036,bnk_000000000038,5215.00,wallet,109.52,19.71,52.15,2025-11-28,test,0
pay_00000000000533,setl_T3RNGC_0036,bnk_000000000038,11288.45,netbanking,12.00,2.16,112.88,2025-11-28,test,0
pay_00000000000609,setl_T3RNGC_0036,bnk_000000000038,238356.00,wallet,5005.48,900.99,2383.56,2025-11-28,test,0
pay_00000000000637,setl_T3RNGC_0036,bnk_000000000038,6857.12,netbanking,12.00,2.16,68.57,2025-11-28,test,0
pay_00000000000642,setl_T3RNGC_0036,bnk_000000000038,52345.54,card,916.05,164.89,523.46,2025-11-28,test,0
pay_00000000000658,setl_T3RNGC_0036,bnk_000000000038,89016.99,card,1557.80,280.40,890.17,2025-11-28,test,0
pay_00000000000672,setl_T3RNGC_0036,bnk_000000000038,4625.55,wallet,97.14,17.49,46.26,2025-11-28,test,0
pay_00000000000686,setl_T3RNGC_0036,bnk_000000000038,39690.73,wallet,833.51,150.03,0.00,2025-11-28,test,0
pay_00000000000797,setl_T3RNGC_0036,bnk_000000000038,6892.99,netbanking,12.00,2.16,0.00,2025-11-28,test,0
pay_00000000000802,setl_T3RNGC_0036,bnk_000000000038,13054.99,wallet,274.15,49.35,130.55,2025-11-28,test,0
pay_00000000000810,setl_T3RNGC_0036,bnk_000000000038,236558.30,netbanking,12.00,2.16,2365.58,2025-11-28,test,0
pay_00000000000818,setl_T3RNGC_0036,bnk_000000000038,20586.99,card,360.27,64.85,205.87,2025-11-28,test,0
pay_00000000000838,setl_T3RNGC_0036,bnk_000000000038,35787.00,netbanking,12.00,2.16,357.87,2025-11-28,test,0
pay_00000000000847,setl_T3RNGC_0036,bnk_000000000038,6846.36,card,119.81,21.57,68.46,2025-11-28,test,0
pay_00000000000864,setl_T3RNGC_0036,bnk_000000000038,8202.89,netbanking,12.00,2.16,82.03,2025-11-28,test,0
pay_00000000000866,setl_T3RNGC_0036,bnk_000000000038,9887.00,netbanking,12.00,2.16,98.87,2025-11-28,test,0
pay_00000000000880,setl_T3RNGC_0036,bnk_000000000038,43675.54,card,764.32,137.58,436.76,2025-11-28,test,0
pay_00000000000924,setl_T3RNGC_0036,bnk_000000000038,79786.99,netbanking,12.00,2.16,797.87,2025-11-28,test,0
pay_00000000000946,setl_T3RNGC_0036,bnk_000000000038,132719.29,upi,0.00,0.00,1327.19,2025-11-28,test,0
pay_00000000000971,setl_T3RNGC_0036,bnk_000000000038,178275.00,netbanking,12.00,2.16,0.00,2025-11-28,test,0
pay_00000000000975,setl_T3RNGC_0036,bnk_000000000038,215393.00,netbanking,12.00,2.16,2153.93,2025-11-28,test,0
pay_00000000000992,setl_T3RNGC_0036,bnk_000000000038,109464.86,netbanking,12.00,2.16,1094.65,2025-11-28,test,0
pay_00000000000999,setl_T3RNGC_0036,bnk_000000000038,27364.99,card,478.89,86.20,273.65,2025-11-28,test,0
pay_00000000001027,setl_T3RNGC_0036,bnk_000000000038,2335.16,netbanking,12.00,2.16,0.00,2025-11-28,test,0
pay_00000000001049,setl_T3RNGC_0036,bnk_000000000038,33461.00,card,585.57,105.40,334.61,2025-11-28,test,0
pay_00000000001053,setl_T3RNGC_0036,bnk_000000000038,31130.99,netbanking,12.00,2.16,311.31,2025-11-28,test,0
pay_00000000001059,setl_T3RNGC_0036,bnk_000000000038,24595.00,upi,0.00,0.00,245.95,2025-11-28,test,0
pay_00000000001060,setl_T3RNGC_0036,bnk_000000000038,28985.00,upi,0.00,0.00,0.00,2025-11-28,test,0
pay_00000000001064,setl_T3RNGC_0036,bnk_000000000038,6571.99,netbanking,12.00,2.16,65.72,2025-11-28,test,0
pay_00000000001070,setl_T3RNGC_0036,bnk_000000000038,4059.08,upi,0.00,0.00,40.59,2025-11-28,test,0
pay_00000000001096,setl_T3RNGC_0036,bnk_000000000038,112124.00,netbanking,12.00,2.16,0.00,2025-11-28,test,0
pay_00000000001172,setl_T3RNGC_0036,bnk_000000000038,7325.00,netbanking,12.00,2.16,73.25,2025-11-28,test,0
pay_00000000001217,setl_T3RNGC_0036,bnk_000000000038,32583.00,upi,0.00,0.00,325.83,2025-11-28,test,0
pay_00000000001225,setl_T3RNGC_0036,bnk_000000000038,19449.24,card,340.36,61.26,194.49,2025-11-28,test,0
pay_00000000001263,setl_T3RNGC_0036,bnk_000000000038,180406.00,netbanking,12.00,2.16,1804.06,2025-11-28,test,0
pay_00000000001273,setl_T3RNGC_0036,bnk_000000000038,37116.99,netbanking,12.00,2.16,371.17,2025-11-28,test,0
pay_00000000001307,setl_T3RNGC_0036,bnk_000000000038,42115.71,wallet,884.43,159.20,421.16,2025-11-28,test,0
pay_00000000001350,setl_T3RNGC_0036,bnk_000000000038,5849.71,upi,0.00,0.00,58.50,2025-11-28,test,0
pay_00000000001416,setl_T3RNGC_0036,bnk_000000000038,39406.00,netbanking,12.00,2.16,394.06,2025-11-28,test,0
pay_00000000001467,setl_T3RNGC_0036,bnk_000000000038,2685.00,upi,0.00,0.00,26.85,2025-11-28,test,0
pay_00000000001474,setl_T3RNGC_0036,bnk_000000000038,8201.16,upi,0.00,0.00,82.01,2025-11-28,test,0
pay_00000000000082,setl_T3RNGC_0037,bnk_000000000039,5613.27,card,98.23,17.68,56.13,2025-11-29,test,0
pay_00000000000180,setl_T3RNGC_0037,bnk_000000000039,43795.00,upi,0.00,0.00,437.95,2025-11-29,test,0
pay_00000000000390,setl_T3RNGC_0037,bnk_000000000039,4589.00,upi,0.00,0.00,0.00,2025-11-29,test,0
pay_00000000000431,setl_T3RNGC_0037,bnk_000000000039,182537.00,upi,0.00,0.00,0.00,2025-11-29,test,0
pay_00000000000625,setl_T3RNGC_0037,bnk_000000000039,132156.00,card,2312.73,416.29,1321.56,2025-11-29,test,0
pay_00000000001032,setl_T3RNGC_0037,bnk_000000000039,41763.35,card,730.86,131.55,417.63,2025-11-29,test,0
pay_00000000001093,setl_T3RNGC_0037,bnk_000000000039,5607.00,netbanking,12.00,2.16,56.07,2025-11-29,test,0
pay_00000000001176,setl_T3RNGC_0037,bnk_000000000039,29466.00,netbanking,12.00,2.16,294.66,2025-11-29,test,0
pay_00000000001330,setl_T3RNGC_0037,bnk_000000000039,32159.14,netbanking,12.00,2.16,321.59,2025-11-29,test,0
pay_00000000001362,setl_T3RNGC_0037,bnk_000000000039,3691.82,wallet,77.53,13.96,36.92,2025-11-29,test,0
pay_00000000001435,setl_T3RNGC_0037,bnk_000000000039,10637.06,card,186.15,33.51,106.37,2025-11-29,test,0
pay_00000000001501,setl_T3RNGC_0037,bnk_000000000039,132156.00,card,2312.73,416.29,1321.56,2025-11-29,test,1
pay_00000000000110,setl_T3RNGC_0038,bnk_000000000040,41909.00,netbanking,12.00,2.16,419.09,2025-11-29,test,0
pay_00000000000128,setl_T3RNGC_0038,bnk_000000000040,50813.64,card,889.24,160.06,508.14,2025-11-29,test,0
pay_00000000000188,setl_T3RNGC_0038,bnk_000000000040,35684.00,card,624.47,112.40,0.00,2025-11-29,test,0
pay_00000000000207,setl_T3RNGC_0038,bnk_000000000040,28821.35,card,504.37,90.79,288.21,2025-11-29,test,0
pay_00000000000350,setl_T3RNGC_0038,bnk_000000000040,93992.49,netbanking,12.00,2.16,939.92,2025-11-29,test,0
pay_00000000000430,setl_T3RNGC_0038,bnk_000000000040,6200.00,card,108.50,19.53,62.00,2025-11-29,test,0
pay_00000000000448,setl_T3RNGC_0038,bnk_000000000040,67490.09,netbanking,12.00,2.16,674.90,2025-11-29,test,0
pay_00000000000455,setl_T3RNGC_0038,bnk_000000000040,17352.49,netbanking,12.00,2.16,173.52,2025-11-29,test,0
pay_00000000000496,setl_T3RNGC_0038,bnk_000000000040,8251.99,netbanking,12.00,2.16,82.52,2025-11-29,test,0
pay_00000000000501,setl_T3RNGC_0038,bnk_000000000040,13738.58,upi,0.00,0.00,0.00,2025-11-29,test,0
pay_00000000000576,setl_T3RNGC_0038,bnk_000000000040,29022.32,netbanking,12.00,2.16,290.22,2025-11-29,test,0
pay_00000000000597,setl_T3RNGC_0038,bnk_000000000040,33230.12,netbanking,12.00,2.16,332.30,2025-11-29,test,0
pay_00000000000635,setl_T3RNGC_0038,bnk_000000000040,22325.37,netbanking,12.00,2.16,223.25,2025-11-29,test,0
pay_00000000000651,setl_T3RNGC_0038,bnk_000000000040,39161.26,card,685.32,123.36,391.61,2025-11-29,test,0
pay_00000000000677,setl_T3RNGC_0038,bnk_000000000040,77013.53,netbanking,12.00,2.16,770.14,2025-11-29,test,0
pay_00000000000803,setl_T3RNGC_0038,bnk_000000000040,7881.04,wallet,165.50,29.79,78.81,2025-11-29,test,0
pay_00000000000840,setl_T3RNGC_0038,bnk_000000000040,5589.75,card,97.82,17.61,55.90,2025-11-29,test,0
pay_00000000000955,setl_T3RNGC_0038,bnk_000000000040,31702.00,netbanking,12.00,2.16,317.02,2025-11-29,test,0
pay_00000000001006,setl_T3RNGC_0038,bnk_000000000040,16875.00,wallet,354.38,63.79,168.75,2025-11-29,test,0
pay_00000000001030,setl_T3RNGC_0038,bnk_000000000040,24887.52,netbanking,12.00,2.16,0.00,2025-11-29,test,0
pay_00000000001097,setl_T3RNGC_0038,bnk_000000000040,7974.23,wallet,167.46,30.14,79.74,2025-11-29,test,0
pay_00000000001149,setl_T3RNGC_0038,bnk_000000000040,238300.04,netbanking,12.00,2.16,2383.00,2025-11-29,test,0
pay_00000000001198,setl_T3RNGC_0038,bnk_000000000040,13102.11,netbanking,12.00,2.16,131.02,2025-11-29,test,0
pay_00000000001227,setl_T3RNGC_0038,bnk_000000000040,31284.27,netbanking,12.00,2.16,312.84,2025-11-29,test,0
pay_00000000001243,setl_T3RNGC_0038,bnk_000000000040,2146.05,card,37.56,6.76,21.46,2025-11-29,test,0
pay_00000000001272,setl_T3RNGC_0038,bnk_000000000040,31599.45,card,552.99,99.54,315.99,2025-11-29,test,0
pay_00000000001315,setl_T3RNGC_0038,bnk_000000000040,7339.09,netbanking,12.00,2.16,73.39,2025-11-29,test,0
pay_00000000001405,setl_T3RNGC_0038,bnk_000000000040,13611.00,wallet,285.83,51.45,136.11,2025-11-29,test,0
pay_00000000001502,setl_T3RNGC_0038,bnk_000000000040,132156.00,card,2312.73,416.29,1321.56,2025-11-29,test,1
pay_00000000000273,setl_T3RNGC_0039,bnk_000000000041,8022.02,card,140.39,25.27,80.22,2025-12-01,test,0
pay_00000000000297,setl_T3RNGC_0039,bnk_000000000041,200606.91,netbanking,12.00,2.16,0.00,2025-12-01,test,0
pay_00000000000492,setl_T3RNGC_0039,bnk_000000000041,21698.43,netbanking,12.00,2.16,216.98,2025-12-01,test,0
pay_00000000000588,setl_T3RNGC_0039,bnk_000000000041,157055.95,wallet,3298.17,593.67,1570.56,2025-12-01,test,0
pay_00000000000676,setl_T3RNGC_0039,bnk_000000000041,220962.78,netbanking,12.00,2.16,0.00,2025-12-01,test,0
pay_00000000000746,setl_T3RNGC_0039,bnk_000000000041,15966.42,upi,0.00,0.00,159.66,2025-12-01,test,0
pay_00000000000811,setl_T3RNGC_0039,bnk_000000000041,39657.72,wallet,832.81,149.91,396.58,2025-12-01,test,0
pay_00000000000850,setl_T3RNGC_0039,bnk_000000000041,27149.00,netbanking,12.00,2.16,271.49,2025-12-01,test,0
pay_00000000001061,setl_T3RNGC_0039,bnk_000000000041,24868.17,netbanking,12.00,2.16,248.68,2025-12-01,test,0
pay_00000000001157,setl_T3RNGC_0039,bnk_000000000041,21836.89,netbanking,12.00,2.16,218.37,2025-12-01,test,0
pay_00000000001224,setl_T3RNGC_0039,bnk_000000000041,3671.48,netbanking,12.00,2.16,36.71,2025-12-01,test,0
pay_00000000001230,setl_T3RNGC_0039,bnk_000000000041,10440.99,card,182.72,32.89,104.41,2025-12-01,test,0
pay_00000000001245,setl_T3RNGC_0039,bnk_000000000041,109691.73,card,1919.61,345.53,0.00,2025-12-01,test,0
pay_00000000001322,setl_T3RNGC_0039,bnk_000000000041,3225.04,wallet,67.73,12.19,32.25,2025-12-01,test,0
pay_00000000000034,setl_T3RNGC_0040,bnk_000000000042,175324.44,netbanking,12.00,2.16,1753.24,2025-12-01,test,0
pay_00000000000037,setl_T3RNGC_0040,bnk_000000000042,13513.20,card,236.48,42.57,135.13,2025-12-01,test,0
pay_00000000000039,setl_T3RNGC_0040,bnk_000000000042,16101.00,card,281.77,50.72,0.00,2025-12-01,test,0
pay_00000000000153,setl_T3RNGC_0040,bnk_000000000042,31848.00,wallet,668.81,120.39,318.48,2025-12-01,test,0
pay_00000000000167,setl_T3RNGC_0040,bnk_000000000042,88681.73,netbanking,12.00,2.16,886.82,2025-12-01,test,0
pay_00000000000211,setl_T3RNGC_0040,bnk_000000000042,14248.99,card,249.36,44.88,142.49,2025-12-01,test,0
pay_00000000000344,setl_T3RNGC_0040,bnk_000000000042,95980.74,netbanking,12.00,2.16,959.81,2025-12-01,test,0
pay_00000000000361,setl_T3RNGC_0040,bnk_000000000042,11518.00,upi,0.00,0.00,115.18,2025-12-01,test,0
pay_00000000000446,setl_T3RNGC_0040,bnk_000000000042,8106.36,netbanking,12.00,2.16,81.06,2025-12-01,test,0
pay_00000000000509,setl_T3RNGC_0040,bnk_000000000042,4470.49,netbanking,12.00,2.16,44.70,2025-12-01,test,0
pay_00000000000554,setl_T3RNGC_0040,bnk_000000000042,64739.53,netbanking,12.00,2.16,647.40,2025-12-01,test,0
pay_00000000000575,setl_T3RNGC_0040,bnk_000000000042,4276.00,netbanking,12.00,2.16,0.00,2025-12-01,test,0
pay_00000000000606,setl_T3RNGC_0040,bnk_000000000042,22927.71,card,401.23,72.22,229.28,2025-12-01,test,0
pay_00000000000617,setl_T3RNGC_0040,bnk_000000000042,221867.18,upi,0.00,0.00,2218.67,2025-12-01,test,0
pay_00000000000641,setl_T3RNGC_0040,bnk_000000000042,2278.00,netbanking,12.00,2.16,22.78,2025-12-01,test,0
pay_00000000000699,setl_T3RNGC_0040,bnk_000000000042,34624.95,card,605.94,109.07,346.25,2025-12-01,test,0
pay_00000000000701,setl_T3RNGC_0040,bnk_000000000042,3264.85,netbanking,12.00,2.16,32.65,2025-12-01,test,0
pay_00000000000745,setl_T3RNGC_0040,bnk_000000000042,99428.02,netbanking,12.00,2.16,994.28,2025-12-01,test,0
pay_00000000000751,setl_T3RNGC_0040,bnk_000000000042,8415.99,netbanking,12.00,2.16,84.16,2025-12-01,test,0
pay_00000000000772,setl_T3RNGC_0040,bnk_000000000042,2661.00,wallet,55.88,10.06,26.61,2025-12-01,test,0
pay_00000000000773,setl_T3RNGC_0040,bnk_000000000042,19713.79,upi,0.00,0.00,197.14,2025-12-01,test,0
pay_00000000000892,setl_T3RNGC_0040,bnk_000000000042,242336.99,upi,0.00,0.00,2423.37,2025-12-01,test,0
pay_00000000000949,setl_T3RNGC_0040,bnk_000000000042,8402.00,netbanking,12.00,2.16,84.02,2025-12-01,test,0
pay_00000000000959,setl_T3RNGC_0040,bnk_000000000042,4256.41,netbanking,12.00,2.16,42.56,2025-12-01,test,0
pay_00000000001001,setl_T3RNGC_0040,bnk_000000000042,81263.68,netbanking,12.00,2.16,812.64,2025-12-01,test,0
pay_00000000001005,setl_T3RNGC_0040,bnk_000000000042,56120.00,netbanking,12.00,2.16,561.20,2025-12-01,test,0
pay_00000000001101,setl_T3RNGC_0040,bnk_000000000042,7864.00,netbanking,12.00,2.16,78.64,2025-12-01,test,0
pay_00000000001113,setl_T3RNGC_0040,bnk_000000000042,14707.00,card,257.37,46.33,0.00,2025-12-01,test,0
pay_00000000001126,setl_T3RNGC_0040,bnk_000000000042,32471.00,card,568.24,102.28,324.71,2025-12-01,test,0
pay_00000000001229,setl_T3RNGC_0040,bnk_000000000042,2885.12,card,50.49,9.09,28.85,2025-12-01,test,0
pay_00000000001465,setl_T3RNGC_0040,bnk_000000000042,165085.99,card,2889.00,520.02,1650.86,2025-12-01,test,0
pay_00000000001488,setl_T3RNGC_0040,bnk_000000000042,35164.99,netbanking,12.00,2.16,351.65,2025-12-01,test,0
pay_00000000001498,setl_T3RNGC_0040,bnk_000000000042,157967.00,netbanking,12.00,2.16,1579.67,2025-12-01,test,0
pay_00000000000018,setl_T3RNGC_0041,bnk_000000000043,28966.15,netbanking,12.00,2.16,289.66,2025-12-02,test,0
pay_00000000000219,setl_T3RNGC_0041,bnk_000000000043,5234.43,upi,0.00,0.00,52.34,2025-12-02,test,0
pay_00000000000231,setl_T3RNGC_0041,bnk_000000000043,43285.67,netbanking,12.00,2.16,432.86,2025-12-02,test,0
pay_00000000000320,setl_T3RNGC_0041,bnk_000000000043,112148.61,netbanking,12.00,2.16,0.00,2025-12-02,test,0
pay_00000000000330,setl_T3RNGC_0041,bnk_000000000043,27291.27,netbanking,12.00,2.16,272.91,2025-12-02,test,0
pay_00000000000396,setl_T3RNGC_0041,bnk_000000000043,41005.00,card,717.59,129.17,0.00,2025-12-02,test,0
pay_00000000000408,setl_T3RNGC_0041,bnk_000000000043,6798.00,netbanking,12.00,2.16,67.98,2025-12-02,test,0
pay_00000000000484,setl_T3RNGC_0041,bnk_000000000043,112265.00,netbanking,12.00,2.16,1122.65,2025-12-02,test,0
pay_00000000000525,setl_T3RNGC_0041,bnk_000000000043,137239.00,upi,0.00,0.00,1372.39,2025-12-02,test,0
pay_00000000000600,setl_T3RNGC_0041,bnk_000000000043,201570.00,wallet,4232.97,761.93,2015.70,2025-12-02,test,0
pay_00000000000681,setl_T3RNGC_0041,bnk_000000000043,30629.03,wallet,643.21,115.78,306.29,2025-12-02,test,0
pay_00000000000702,setl_T3RNGC_0041,bnk_000000000043,2983.91,card,52.22,9.40,29.84,2025-12-02,test,0
pay_00000000000814,setl_T3RNGC_0041,bnk_000000000043,13784.17,netbanking,12.00,2.16,137.84,2025-12-02,test,0
pay_00000000000820,setl_T3RNGC_0041,bnk_000000000043,246250.99,netbanking,12.00,2.16,2462.51,2025-12-02,test,0
pay_00000000000834,setl_T3RNGC_0041,bnk_000000000043,35253.00,card,616.93,111.05,352.53,2025-12-02,test,0
pay_00000000000870,setl_T3RNGC_0041,bnk_000000000043,9129.00,card,159.76,28.76,91.29,2025-12-02,test,0
pay_00000000000907,setl_T3RNGC_0041,bnk_000000000043,14021.00,upi,0.00,0.00,0.00,2025-12-02,test,0
pay_00000000001007,setl_T3RNGC_0041,bnk_000000000043,67345.20,wallet,1414.25,254.57,673.45,2025-12-02,test,0
pay_00000000001022,setl_T3RNGC_0041,bnk_000000000043,29112.25,card,509.46,91.70,0.00,2025-12-02,test,0
pay_00000000001039,setl_T3RNGC_0041,bnk_000000000043,2762.78,netbanking,12.00,2.16,27.63,2025-12-02,test,0
pay_00000000001046,setl_T3RNGC_0041,bnk_000000000043,16331.15,card,285.80,51.44,163.31,2025-12-02,test,0
pay_00000000001102,setl_T3RNGC_0041,bnk_000000000043,2989.00,card,52.31,9.42,29.89,2025-12-02,test,0
pay_00000000001369,setl_T3RNGC_0041,bnk_000000000043,17660.11,card,309.05,55.63,0.00,2025-12-02,test,0
pay_00000000001417,setl_T3RNGC_0041,bnk_000000000043,16835.92,netbanking,12.00,2.16,168.36,2025-12-02,test,0
pay_00000000000176,setl_T3RNGC_0042,bnk_000000000044,38531.35,wallet,809.16,145.65,0.00,2025-12-02,test,0
pay_00000000000241,setl_T3RNGC_0042,bnk_000000000044,20568.08,wallet,431.93,77.75,0.00,2025-12-02,test,0
pay_00000000000331,setl_T3RNGC_0042,bnk_000000000044,13284.15,card,232.47,41.84,132.84,2025-12-02,test,0
pay_00000000000354,setl_T3RNGC_0042,bnk_000000000044,5798.99,netbanking,12.00,2.16,57.99,2025-12-02,test,0
pay_00000000000415,setl_T3RNGC_0042,bnk_000000000044,4121.68,card,72.13,12.98,0.00,2025-12-02,test,0
pay_00000000000506,setl_T3RNGC_0042,bnk_000000000044,33288.00,wallet,699.05,125.83,332.88,2025-12-02,test,0
pay_00000000000560,setl_T3RNGC_0042,bnk_000000000044,8068.00,netbanking,12.00,2.16,80.68,2025-12-02,test,0
pay_00000000000654,setl_T3RNGC_0042,bnk_000000000044,2941.99,wallet,61.78,11.12,29.42,2025-12-02,test,0
pay_00000000000668,setl_T3RNGC_0042,bnk_000000000044,18879.41,upi,0.00,0.00,188.79,2025-12-02,test,0
pay_00000000000688,setl_T3RNGC_0042,bnk_000000000044,10978.96,card,192.13,34.58,0.00,2025-12-02,test,0
pay_00000000000696,setl_T3RNGC_0042,bnk_000000000044,118884.00,netbanking,12.00,2.16,0.00,2025-12-02,test,0
pay_00000000000757,setl_T3RNGC_0042,bnk_000000000044,3138.33,netbanking,12.00,2.16,31.38,2025-12-02,test,0
pay_00000000000763,setl_T3RNGC_0042,bnk_000000000044,43948.48,card,769.10,138.44,0.00,2025-12-02,test,0
pay_00000000000796,setl_T3RNGC_0042,bnk_000000000044,5523.00,wallet,115.98,20.88,55.23,2025-12-02,test,0
pay_00000000000801,setl_T3RNGC_0042,bnk_000000000044,31393.00,netbanking,12.00,2.16,313.93,2025-12-02,test,0
pay_00000000000849,setl_T3RNGC_0042,bnk_000000000044,28055.00,card,490.96,88.37,280.55,2025-12-02,test,0
pay_00000000000914,setl_T3RNGC_0042,bnk_000000000044,29986.99,netbanking,12.00,2.16,299.87,2025-12-02,test,0
pay_00000000000966,setl_T3RNGC_0042,bnk_000000000044,4303.99,card,75.32,13.56,43.04,2025-12-02,test,0
pay_00000000000989,setl_T3RNGC_0042,bnk_000000000044,33061.17,netbanking,12.00,2.16,0.00,2025-12-02,test,0
pay_00000000000991,setl_T3RNGC_0042,bnk_000000000044,44268.39,upi,0.00,0.00,442.68,2025-12-02,test,0
pay_00000000001240,setl_T3RNGC_0042,bnk_000000000044,169405.45,card,2964.60,533.63,1694.05,2025-12-02,test,0
pay_00000000001366,setl_T3RNGC_0042,bnk_000000000044,53460.99,upi,0.00,0.00,534.61,2025-12-02,test,0
pay_00000000000043,setl_T3RNGC_0043,bnk_000000000045,17780.91,netbanking,12.00,2.16,177.81,2025-12-03,test,0
pay_00000000000109,setl_T3RNGC_0043,bnk_000000000045,7198.00,netbanking,12.00,2.16,0.00,2025-12-03,test,0
pay_00000000000182,setl_T3RNGC_0043,bnk_000000000045,33502.51,wallet,703.55,126.64,335.03,2025-12-03,test,0
pay_00000000000258,setl_T3RNGC_0043,bnk_000000000045,6210.99,netbanking,12.00,2.16,62.11,2025-12-03,test,0
pay_00000000000315,setl_T3RNGC_0043,bnk_000000000045,2809.00,card,49.16,8.85,28.09,2025-12-03,test,0
pay_00000000000334,setl_T3RNGC_0043,bnk_000000000045,31064.86,wallet,652.36,117.42,310.65,2025-12-03,test,0
pay_00000000000335,setl_T3RNGC_0043,bnk_000000000045,3172.00,card,55.51,9.99,31.72,2025-12-03,test,0
pay_00000000001190,setl_T3RNGC_0043,bnk_000000000045,8429.28,netbanking,12.00,2.16,84.29,2025-12-03,test,0
pay_00000000001411,setl_T3RNGC_0043,bnk_000000000045,37743.69,netbanking,12.00,2.16,377.44,2025-12-03,test,0
pay_00000000000021,setl_T3RNGC_0044,bnk_000000000046,30649.18,netbanking,12.00,2.16,306.49,2025-12-03,test,0
pay_00000000000051,setl_T3RNGC_0044,bnk_000000000046,16377.99,upi,0.00,0.00,163.78,2025-12-03,test,0
pay_00000000000063,setl_T3RNGC_0044,bnk_000000000046,7055.32,netbanking,12.00,2.16,70.55,2025-12-03,test,0
pay_00000000000097,setl_T3RNGC_0044,bnk_000000000046,19829.00,wallet,416.41,74.95,198.29,2025-12-03,test,0
pay_00000000000122,setl_T3RNGC_0044,bnk_000000000046,23122.99,netbanking,12.00,2.16,231.23,2025-12-03,test,0
pay_00000000000136,setl_T3RNGC_0044,bnk_000000000046,16466.79,netbanking,12.00,2.16,164.67,2025-12-03,test,0
pay_00000000000147,setl_T3RNGC_0044,bnk_000000000046,164791.97,netbanking,12.00,2.16,0.00,2025-12-03,test,0
pay_00000000000186,setl_T3RNGC_0044,bnk_000000000046,145525.76,upi,0.00,0.00,0.00,2025-12-03,test,0
pay_00000000000189,setl_T3RNGC_0044,bnk_000000000046,6527.18,upi,0.00,0.00,65.27,2025-12-03,test,0
pay_00000000000198,setl_T3RNGC_0044,bnk_000000000046,93941.58,wallet,1972.77,355.10,939.42,2025-12-03,test,0
pay_00000000000237,setl_T3RNGC_0044,bnk_000000000046,24089.00,card,421.56,75.88,240.89,2025-12-03,test,0
pay_00000000000355,setl_T3RNGC_0044,bnk_000000000046,3792.07,wallet,79.63,14.33,37.92,2025-12-03,test,0
pay_00000000000356,setl_T3RNGC_0044,bnk_000000000046,228797.31,wallet,4804.74,864.85,2287.97,2025-12-03,test,0
pay_00000000000389,setl_T3RNGC_0044,bnk_000000000046,34431.00,wallet,723.05,130.15,0.00,2025-12-03,test,0
pay_00000000000411,setl_T3RNGC_0044,bnk_000000000046,38175.84,card,668.08,120.25,381.76,2025-12-03,test,0
pay_00000000000476,setl_T3RNGC_0044,bnk_000000000046,26866.00,card,470.16,84.63,0.00,2025-12-03,test,0
pay_00000000000481,setl_T3RNGC_0044,bnk_000000000046,4248.93,wallet,89.23,16.06,42.49,2025-12-03,test,0
pay_00000000000515,setl_T3RNGC_0044,bnk_000000000046,8653.64,wallet,181.73,32.71,86.54,2025-12-03,test,0
pay_00000000000537,setl_T3RNGC_0044,bnk_000000000046,57716.00,netbanking,12.00,2.16,577.16,2025-12-03,test,0
pay_00000000000538,setl_T3RNGC_0044,bnk_000000000046,68016.00,wallet,1428.34,257.10,680.16,2025-12-03,test,0
pay_00000000000543,setl_T3RNGC_0044,bnk_000000000046,6404.67,card,112.08,20.17,64.05,2025-12-03,test,0
pay_00000000000553,setl_T3RNGC_0044,bnk_000000000046,37950.00,wallet,796.95,143.45,0.00,2025-12-03,test,0
pay_00000000000556,setl_T3RNGC_0044,bnk_000000000046,35578.94,wallet,747.16,134.49,0.00,2025-12-03,test,0
pay_00000000000557,setl_T3RNGC_0044,bnk_000000000046,230081.00,wallet,4831.70,869.71,2300.81,2025-12-03,test,0
pay_00000000000598,setl_T3RNGC_0044,bnk_000000000046,59011.55,upi,0.00,0.00,590.12,2025-12-03,test,0
pay_00000000000680,setl_T3RNGC_0044,bnk_000000000046,13364.00,wallet,280.64,50.52,133.64,2025-12-03,test,0
pay_00000000000760,setl_T3RNGC_0044,bnk_000000000046,24175.00,wallet,507.68,91.38,241.75,2025-12-03,test,0
pay_00000000000771,setl_T3RNGC_0044,bnk_000000000046,124864.14,netbanking,12.00,2.16,1248.64,2025-12-03,test,0
pay_00000000000783,setl_T3RNGC_0044,bnk_000000000046,25341.99,netbanking,12.00,2.16,253.42,2025-12-03,test,0
pay_00000000000829,setl_T3RNGC_0044,bnk_000000000046,123399.77,wallet,2591.40,466.45,1234.00,2025-12-03,test,0
pay_00000000000887,setl_T3RNGC_0044,bnk_000000000046,32680.00,card,571.90,102.94,326.80,2025-12-03,test,0
pay_00000000000893,setl_T3RNGC_0044,bnk_000000000046,167736.18,card,2935.38,528.37,0.00,2025-12-03,test,0
pay_00000000000900,setl_T3RNGC_0044,bnk_000000000046,40374.49,card,706.55,127.18,403.74,2025-12-03,test,0
pay_00000000000938,setl_T3RNGC_0044,bnk_000000000046,11590.76,wallet,243.41,43.81,115.91,2025-12-03,test,0
pay_00000000001020,setl_T3RNGC_0044,bnk_000000000046,40870.41,upi,0.00,0.00,408.70,2025-12-03,test,0
pay_00000000001043,setl_T3RNGC_0044,bnk_000000000046,36560.00,wallet,767.76,138.20,365.60,2025-12-03,test,0
pay_00000000001251,setl_T3RNGC_0044,bnk_000000000046,17448.00,wallet,366.41,65.95,174.48,2025-12-03,test,0
pay_00000000001287,setl_T3RNGC_0044,bnk_000000000046,19815.81,netbanking,12.00,2.16,198.16,2025-12-03,test,0
pay_00000000001379,setl_T3RNGC_0044,bnk_000000000046,127301.99,netbanking,12.00,2.16,1273.02,2025-12-03,test,0
pay_00000000001396,setl_T3RNGC_0044,bnk_000000000046,81301.93,netbanking,12.00,2.16,813.02,2025-12-03,test,0
pay_00000000001433,setl_T3RNGC_0044,bnk_000000000046,36819.49,card,644.34,115.98,368.19,2025-12-03,test,0
