order_id,customer_id,amount,created_at_utc
order_0000000001,cust_0263,436.66,2025-11-15T09:04:09+00:00
order_0000000002,cust_0340,1967.00,2025-11-24T13:42:00+00:00
order_0000000003,cust_0184,736.00,2025-11-28T14:19:31+00:00
order_0000000004,cust_0255,313.00,2025-11-30T02:38:30+00:00
order_0000000005,cust_0462,669.99,2025-11-12T02:41:45+00:00
order_0000000006,cust_0598,14121.92,2025-11-07T14:43:39+00:00
order_0000000007,cust_0522,873.79,2025-11-22T14:13:27+00:00
order_0000000008,cust_0699,725.22,2025-11-22T06:49:29+00:00
order_0000000009,cust_0310,348.75,2025-11-17T08:42:29+00:00
order_0000000010,cust_0341,909.00,2025-11-10T15:20:22+00:00
order_0000000011,cust_0418,561.99,2025-11-19T11:15:15+00:00
order_0000000012,cust_0543,3131.80,2025-11-22T07:52:55+00:00
order_0000000013,cust_0726,398.99,2025-11-29T00:27:37+00:00
order_0000000014,cust_0189,2208.59,2025-11-03T04:27:09+00:00
order_0000000015,cust_0712,332.99,2025-11-12T07:52:12+00:00
order_0000000016,cust_0666,587.00,2025-11-04T06:02:52+00:00
order_0000000017,cust_0317,333.88,2025-11-22T01:17:22+00:00
order_0000000018,cust_0849,1212.99,2025-11-22T08:28:11+00:00
order_0000000019,cust_0011,566.00,2025-11-24T07:40:49+00:00
order_0000000020,cust_0100,440.94,2025-11-06T06:16:26+00:00
order_0000000021,cust_0731,578.99,2025-11-08T13:36:00+00:00
order_0000000022,cust_0767,471.73,2025-11-26T15:26:09+00:00
order_0000000023,cust_0405,923.25,2025-11-12T06:41:56+00:00
order_0000000024,cust_0046,1896.00,2025-11-08T03:51:03+00:00
order_0000000025,cust_0002,819.33,2025-11-13T05:54:29+00:00
order_0000000026,cust_0261,629.00,2025-11-18T13:34:28+00:00
order_0000000027,cust_0151,191.99,2025-11-12T21:30:26+00:00
order_0000000028,cust_0436,803.70,2025-11-12T03:47:35+00:00
order_0000000029,cust_0608,248.40,2025-11-05T08:44:18+00:00
order_0000000030,cust_0508,837.08,2025-11-01T15:50:34+00:00
order_0000000031,cust_0407,167.79,2025-11-23T17:20:13+00:00
order_0000000032,cust_0032,434.13,2025-11-03T09:45:28+00:00
order_0000000033,cust_0254,783.00,2025-11-01T03:04:01+00:00
order_0000000034,cust_0045,339.98,2025-11-27T03:26:58+00:00
order_0000000035,cust_0113,819.84,2025-11-10T13:39:31+00:00
order_0000000036,cust_0339,269.10,2025-11-21T18:19:42+00:00
order_0000000037,cust_0514,821.34,2025-11-08T09:41:08+00:00
order_0000000038,cust_0505,1567.72,2025-11-01T19:49:29+00:00
order_0000000039,cust_0426,1012.00,2025-11-23T10:15:38+00:00
order_0000000040,cust_0657,3318.99,2025-11-28T08:43:50+00:00
order_0000000041,cust_0013,315.32,2025-11-25T08:39:38+00:00
order_0000000042,cust_0879,580.99,2025-11-19T04:53:14+00:00
order_0000000043,cust_0097,7970.00,2025-11-01T23:14:52+00:00
order_0000000044,cust_0087,779.21,2025-11-15T15:10:57+00:00
order_0000000045,cust_0569,1024.67,2025-11-17T07:55:11+00:00
order_0000000046,cust_0007,401.30,2025-11-08T04:16:12+00:00
order_0000000047,cust_0795,2945.00,2025-11-07T10:34:10+00:00
order_0000000048,cust_0621,284.00,2025-11-09T14:46:37+00:00
order_0000000049,cust_0280,985.99,2025-11-22T10:25:33+00:00
order_0000000050,cust_0036,16580.53,2025-11-04T20:02:42+00:00
order_0000000051,cust_0506,799.99,2025-11-24T08:17:35+00:00
order_0000000052,cust_0379,121.23,2025-11-16T04:59:19+00:00
order_0000000053,cust_0738,662.00,2025-11-23T13:46:36+00:00
order_0000000054,cust_0348,3545.55,2025-11-09T18:40:22+00:00
order_0000000055,cust_0545,450.00,2025-11-12T06:27:53+00:00
order_0000000056,cust_0287,840.89,2025-11-06T18:13:36+00:00
order_0000000057,cust_0377,3430.29,2025-11-22T15:53:10+00:00
order_0000000058,cust_0092,1288.00,2025-11-28T10:26:07+00:00
order_0000000059,cust_0630,245.95,2025-11-03T14:42:07+00:00
order_0000000060,cust_0278,963.98,2025-11-29T06:28:12+00:00
order_0000000061,cust_0667,566.00,2025-11-20T17:44:04+00:00
order_0000000062,cust_0806,487.15,2025-11-01T22:36:42+00:00
order_0000000063,cust_0616,106.12,2025-11-08T07:40:55+00:00
order_0000000064,cust_0640,993.00,2025-11-02T08:03:54+00:00
order_0000000065,cust_0060,773.00,2025-11-09T05:42:37+00:00
order_0000000066,cust_0426,263.77,2025-11-14T22:51:03+00:00
order_0000000067,cust_0079,914.99,2025-11-10T14:58:17+00:00
order_0000000068,cust_0374,1668.93,2025-11-21T05:04:54+00:00
order_0000000069,cust_0707,1057.00,2025-11-12T13:32:40+00:00
order_0000000070,cust_0644,1025.99,2025-11-30T14:13:31+00:00
order_0000000071,cust_0552,2291.00,2025-11-17T09:52:12+00:00
order_0000000072,cust_0578,1040.00,2025-11-13T08:02:11+00:00
order_0000000073,cust_0097,1025.99,2025-11-20T14:24:45+00:00
order_0000000074,cust_0185,205.00,2025-11-28T13:37:17+00:00
order_0000000075,cust_0188,1073.00,2025-11-13T09:03:31+00:00
order_0000000076,cust_0777,2840.00,2025-11-23T12:54:39+00:00
order_0000000077,cust_0214,695.25,2025-11-01T02:28:02+00:00
order_0000000078,cust_0828,381.00,2025-11-28T15:17:53+00:00
order_0000000079,cust_0257,574.25,2025-11-13T11:19:55+00:00
order_0000000080,cust_0622,902.42,2025-11-17T17:25:40+00:00
order_0000000081,cust_0096,801.00,2025-11-10T02:19:55+00:00
order_0000000082,cust_0896,767.40,2025-11-12T13:08:46+00:00
order_0000000083,cust_0384,324.99,2025-11-03T05:34:41+00:00
order_0000000084,cust_0420,1589.85,2025-11-23T15:55:27+00:00
order_0000000085,cust_0382,1044.08,2025-11-19T12:58:06+00:00
order_0000000086,cust_0872,508.60,2025-11-22T03:12:39+00:00
order_0000000087,cust_0109,479.99,2025-11-09T13:12:49+00:00
order_0000000088,cust_0685,445.00,2025-11-12T17:55:41+00:00
order_0000000089,cust_0767,507.00,2025-11-13T12:18:19+00:00
order_0000000090,cust_0280,500.00,2025-11-19T06:29:18+00:00
order_0000000091,cust_0468,1005.80,2025-11-10T11:48:44+00:00
order_0000000092,cust_0252,444.00,2025-11-13T16:54:09+00:00
order_0000000093,cust_0667,13480.00,2025-11-04T09:34:45+00:00
order_0000000094,cust_0228,250.99,2025-11-04T02:06:00+00:00
order_0000000095,cust_0493,841.00,2025-11-05T01:54:17+00:00
order_0000000096,cust_0528,11757.45,2025-11-27T05:31:39+00:00
order_0000000097,cust_0453,924.50,2025-11-20T17:30:00+00:00
order_0000000098,cust_0712,547.00,2025-11-18T14:41:43+00:00
order_0000000099,cust_0683,1002.58,2025-11-23T09:44:17+00:00
order_0000000100,cust_0020,762.00,2025-11-14T16:57:13+00:00
order_0000000101,cust_0503,439.02,2025-11-10T16:34:55+00:00
order_0000000102,cust_0286,2343.83,2025-11-03T18:33:49+00:00
order_0000000103,cust_0114,856.85,2025-11-26T03:36:46+00:00
order_0000000104,cust_0661,697.00,2025-11-24T09:06:32+00:00
order_0000000105,cust_0084,874.99,2025-11-13T21:13:07+00:00
order_0000000106,cust_0346,346.00,2025-11-17T11:55:48+00:00
order_0000000107,cust_0272,1054.00,2025-11-04T15:47:26+00:00
order_0000000108,cust_0286,640.00,2025-11-18T17:11:52+00:00
order_0000000109,cust_0040,742.18,2025-11-28T15:32:50+00:00
order_0000000110,cust_0214,357.38,2025-11-16T05:37:38+00:00
order_0000000111,cust_0004,552.00,2025-11-04T04:15:49+00:00
order_0000000112,cust_0744,1063.33,2025-11-06T17:32:08+00:00
order_0000000113,cust_0520,561.70,2025-11-08T21:52:30+00:00
order_0000000114,cust_0870,600.30,2025-11-11T06:52:01+00:00
order_0000000115,cust_0514,647.51,2025-11-25T05:54:36+00:00
order_0000000116,cust_0189,641.17,2025-11-21T08:55:12+00:00
order_0000000117,cust_0262,653.95,2025-11-11T10:47:46+00:00
order_0000000118,cust_0877,382.99,2025-11-24T16:32:06+00:00
order_0000000119,cust_0765,1035.99,2025-11-18T23:29:41+00:00
order_0000000120,cust_0757,507.42,2025-11-13T08:16:11+00:00
order_0000000121,cust_0733,993.20,2025-11-08T16:40:37+00:00
order_0000000122,cust_0397,2094.18,2025-11-19T10:44:21+00:00
order_0000000123,cust_0175,932.00,2025-11-29T11:23:42+00:00
order_0000000124,cust_0242,928.00,2025-11-03T20:16:14+00:00
order_0000000125,cust_0771,721.10,2025-11-26T07:12:40+00:00
order_0000000126,cust_0718,3206.00,2025-11-14T16:05:25+00:00
order_0000000127,cust_0546,2438.22,2025-11-22T10:32:15+00:00
order_0000000128,cust_0303,180.77,2025-11-16T11:22:29+00:00
order_0000000129,cust_0854,999.32,2025-11-13T17:40:35+00:00
order_0000000130,cust_0852,246.38,2025-11-11T03:08:53+00:00
order_0000000131,cust_0181,14086.00,2025-11-17T02:08:40+00:00
order_0000000132,cust_0029,991.22,2025-11-10T11:25:33+00:00
order_0000000133,cust_0705,2812.00,2025-11-18T20:32:45+00:00
order_0000000134,cust_0625,718.75,2025-11-16T18:28:26+00:00
order_0000000135,cust_0455,4249.00,2025-11-30T02:45:43+00:00
order_0000000136,cust_0234,940.33,2025-11-11T17:16:21+00:00
order_0000000137,cust_0665,1180.38,2025-11-08T16:58:43+00:00
order_0000000138,cust_0786,518.59,2025-11-19T08:20:19+00:00
order_0000000139,cust_0093,3555.99,2025-11-13T14:19:47+00:00
order_0000000140,cust_0861,599.99,2025-11-16T12:46:29+00:00
order_0000000141,cust_0563,124.28,2025-11-09T10:21:29+00:00
order_0000000142,cust_0011,2092.00,2025-11-07T13:39:02+00:00
order_0000000143,cust_0054,1271.99,2025-11-10T10:45:53+00:00
order_0000000144,cust_0098,632.99,2025-11-12T12:12:43+00:00
order_0000000145,cust_0564,930.99,2025-11-24T11:45:18+00:00
order_0000000146,cust_0466,718.08,2025-11-06T06:42:39+00:00
order_0000000147,cust_0033,1039.00,2025-11-10T10:57:13+00:00
order_0000000148,cust_0635,857.99,2025-11-11T00:09:26+00:00
order_0000000149,cust_0517,315.00,2025-11-08T22:52:53+00:00
order_0000000150,cust_0208,1066.00,2025-11-08T14:46:41+00:00
order_0000000151,cust_0017,879.00,2025-11-22T00:46:37+00:00
order_0000000152,cust_0133,369.20,2025-11-08T19:10:13+00:00
order_0000000153,cust_0064,407.00,2025-11-01T13:48:08+00:00
order_0000000154,cust_0195,11962.00,2025-11-19T16:29:13+00:00
order_0000000155,cust_0270,887.63,2025-11-20T12:49:39+00:00
order_0000000156,cust_0701,293.00,2025-11-18T14:49:31+00:00
order_0000000157,cust_0163,613.00,2025-11-04T06:55:24+00:00
order_0000000158,cust_0419,298.00,2025-11-06T01:25:25+00:00
order_0000000159,cust_0306,625.18,2025-11-30T05:09:59+00:00
order_0000000160,cust_0813,2100.94,2025-11-12T13:56:40+00:00
order_0000000161,cust_0057,16202.00,2025-11-25T06:02:56+00:00
order_0000000162,cust_0613,2726.67,2025-11-03T17:05:38+00:00
order_0000000163,cust_0799,291.54,2025-11-27T15:04:37+00:00
order_0000000164,cust_0342,2654.07,2025-11-28T15:00:06+00:00
order_0000000165,cust_0088,1059.00,2025-11-07T12:30:59+00:00
order_0000000166,cust_0504,353.86,2025-11-12T08:44:01+00:00
order_0000000167,cust_0272,132.37,2025-11-25T04:14:25+00:00
order_0000000168,cust_0720,657.27,2025-11-13T17:59:58+00:00
order_0000000169,cust_0033,2261.54,2025-11-09T07:56:40+00:00
order_0000000170,cust_0442,571.99,2025-11-07T15:08:56+00:00
order_0000000171,cust_0293,1017.00,2025-11-19T01:03:17+00:00
order_0000000172,cust_0759,1260.72,2025-11-11T00:35:11+00:00
order_0000000173,cust_0407,228.08,2025-11-28T05:34:30+00:00
order_0000000174,cust_0103,1040.99,2025-11-10T22:40:03+00:00
order_0000000175,cust_0104,267.00,2025-11-26T12:22:13+00:00
order_0000000176,cust_0475,420.99,2025-11-11T07:35:36+00:00
order_0000000177,cust_0307,1030.99,2025-11-28T08:33:31+00:00
order_0000000178,cust_0098,452.38,2025-11-14T14:06:43+00:00
order_0000000179,cust_0436,6432.99,2025-11-23T17:33:24+00:00
order_0000000180,cust_0867,480.06,2025-11-12T12:55:18+00:00
order_0000000181,cust_0478,214.99,2025-11-27T11:40:47+00:00
order_0000000182,cust_0492,287.00,2025-11-17T09:37:09+00:00
order_0000000183,cust_0341,969.36,2025-11-08T14:35:35+00:00
order_0000000184,cust_0332,730.35,2025-11-05T14:39:35+00:00
order_0000000185,cust_0415,297.14,2025-11-07T10:10:06+00:00
order_0000000186,cust_0639,381.00,2025-11-02T06:48:48+00:00
order_0000000187,cust_0374,492.73,2025-11-08T11:38:03+00:00
order_0000000188,cust_0832,228.33,2025-10-31T19:29:29+00:00
order_0000000189,cust_0159,177.81,2025-11-27T11:08:57+00:00
order_0000000190,cust_0270,476.62,2025-11-09T06:43:44+00:00
order_0000000191,cust_0302,643.00,2025-11-10T00:45:07+00:00
order_0000000192,cust_0109,139.99,2025-11-24T19:35:11+00:00
order_0000000193,cust_0009,467.64,2025-11-03T13:02:24+00:00
order_0000000194,cust_0677,964.43,2025-11-03T10:56:40+00:00
order_0000000195,cust_0408,953.00,2025-11-21T09:40:22+00:00
order_0000000196,cust_0670,825.86,2025-11-29T08:30:10+00:00
order_0000000197,cust_0897,2694.99,2025-11-26T10:58:47+00:00
order_0000000198,cust_0879,988.00,2025-11-28T09:46:50+00:00
order_0000000199,cust_0551,708.18,2025-11-08T08:07:17+00:00
order_0000000200,cust_0544,883.56,2025-11-11T04:52:08+00:00
order_0000000201,cust_0401,620.99,2025-11-13T12:34:32+00:00
order_0000000202,cust_0365,424.09,2025-11-23T08:26:26+00:00
order_0000000203,cust_0655,774.00,2025-11-30T14:49:10+00:00
order_0000000204,cust_0310,891.99,2025-11-20T18:16:31+00:00
order_0000000205,cust_0702,792.51,2025-11-22T16:14:40+00:00
order_0000000206,cust_0515,272.96,2025-11-24T23:46:43+00:00
order_0000000207,cust_0750,405.99,2025-11-05T08:58:08+00:00
order_0000000208,cust_0709,232.65,2025-11-29T06:40:47+00:00
order_0000000209,cust_0872,2474.00,2025-11-14T23:03:46+00:00
order_0000000210,cust_0775,651.53,2025-11-11T10:14:42+00:00
order_0000000211,cust_0805,180.99,2025-11-01T16:55:02+00:00
order_0000000212,cust_0865,3158.83,2025-11-22T02:27:19+00:00
order_0000000213,cust_0598,749.00,2025-11-09T20:46:11+00:00
order_0000000214,cust_0349,438.00,2025-11-11T09:14:58+00:00
order_0000000215,cust_0338,376.99,2025-11-20T13:10:35+00:00
order_0000000216,cust_0251,623.00,2025-11-26T08:54:49+00:00
order_0000000217,cust_0182,3527.56,2025-11-01T16:30:53+00:00
order_0000000218,cust_0424,770.89,2025-11-15T11:34:46+00:00
order_0000000219,cust_0125,607.99,2025-11-24T07:56:20+00:00
order_0000000220,cust_0325,642.99,2025-11-13T12:30:17+00:00
order_0000000221,cust_0217,101.00,2025-11-28T00:38:57+00:00
order_0000000222,cust_0669,2622.49,2025-11-24T10:05:20+00:00
order_0000000223,cust_0078,706.00,2025-11-10T01:52:09+00:00
order_0000000224,cust_0309,433.34,2025-11-29T23:28:16+00:00
order_0000000225,cust_0378,2840.00,2025-11-11T22:02:52+00:00
order_0000000226,cust_0578,2727.35,2025-11-11T20:33:13+00:00
order_0000000227,cust_0287,606.00,2025-11-29T08:15:21+00:00
order_0000000228,cust_0442,772.11,2025-11-19T11:37:11+00:00
order_0000000229,cust_0630,997.86,2025-11-17T00:26:00+00:00
order_0000000230,cust_0621,213.00,2025-11-07T13:51:51+00:00
order_0000000231,cust_0049,743.82,2025-11-21T11:41:54+00:00
order_0000000232,cust_0063,1074.77,2025-11-26T14:05:56+00:00
order_0000000233,cust_0290,321.46,2025-11-26T17:36:40+00:00
order_0000000234,cust_0043,146.00,2025-11-25T18:28:44+00:00
order_0000000235,cust_0488,1051.37,2025-11-25T08:41:55+00:00
order_0000000236,cust_0593,547.70,2025-11-21T08:55:40+00:00
order_0000000237,cust_0594,843.32,2025-11-29T16:58:45+00:00
order_0000000238,cust_0581,724.00,2025-11-20T18:11:11+00:00
order_0000000239,cust_0860,353.99,2025-11-14T10:31:03+00:00
order_0000000240,cust_0850,1020.00,2025-11-12T14:49:35+00:00
order_0000000241,cust_0301,549.54,2025-11-21T07:47:05+00:00
order_0000000242,cust_0215,2709.70,2025-11-12T08:22:05+00:00
order_0000000243,cust_0627,983.99,2025-11-26T10:26:10+00:00
order_0000000244,cust_0463,9872.80,2025-11-18T18:07:24+00:00
order_0000000245,cust_0025,209.99,2025-11-14T14:00:50+00:00
order_0000000246,cust_0121,993.17,2025-11-22T06:21:49+00:00
order_0000000247,cust_0655,2834.70,2025-11-11T07:59:46+00:00
order_0000000248,cust_0094,180.37,2025-11-23T17:14:20+00:00
order_0000000249,cust_0885,464.00,2025-11-03T13:35:23+00:00
order_0000000250,cust_0156,116.15,2025-11-20T04:32:28+00:00
order_0000000251,cust_0283,749.08,2025-11-23T06:04:53+00:00
order_0000000252,cust_0052,1304.99,2025-11-22T20:02:54+00:00
order_0000000253,cust_0458,751.49,2025-11-11T04:46:51+00:00
order_0000000254,cust_0193,608.45,2025-11-02T02:36:59+00:00
order_0000000255,cust_0146,938.54,2025-11-30T11:58:04+00:00
order_0000000256,cust_0634,1023.99,2025-11-24T22:04:36+00:00
order_0000000257,cust_0819,338.02,2025-11-27T17:27:06+00:00
order_0000000258,cust_0877,810.87,2025-11-13T07:00:36+00:00
order_0000000259,cust_0392,353.00,2025-11-21T13:15:46+00:00
order_0000000260,cust_0683,217.71,2025-11-15T13:28:54+00:00
order_0000000261,cust_0865,460.00,2025-11-26T08:25:51+00:00
order_0000000262,cust_0631,2472.99,2025-11-07T16:23:53+00:00
order_0000000263,cust_0125,769.99,2025-11-17T05:27:27+00:00
order_0000000264,cust_0586,3578.24,2025-11-22T06:47:14+00:00
order_0000000265,cust_0541,260.00,2025-11-22T09:44:55+00:00
order_0000000266,cust_0235,2199.86,2025-11-18T12:19:39+00:00
order_0000000267,cust_0180,982.30,2025-11-01T04:07:24+00:00
order_0000000268,cust_0102,738.99,2025-11-25T07:11:34+00:00
order_0000000269,cust_0295,442.43,2025-11-14T10:54:03+00:00
order_0000000270,cust_0651,920.13,2025-11-26T07:43:19+00:00
order_0000000271,cust_0880,460.00,2025-11-23T09:48:52+00:00
order_0000000272,cust_0715,914.00,2025-11-16T18:49:47+00:00
order_0000000273,cust_0126,640.85,2025-11-05T00:49:57+00:00
order_0000000274,cust_0830,284.08,2025-11-23T17:54:14+00:00
order_0000000275,cust_0295,8895.99,2025-11-05T08:58:29+00:00
order_0000000276,cust_0890,733.57,2025-11-10T13:14:01+00:00
order_0000000277,cust_0273,276.99,2025-11-16T12:24:55+00:00
order_0000000278,cust_0018,774.58,2025-11-18T04:38:01+00:00
order_0000000279,cust_0175,17245.00,2025-11-13T13:48:19+00:00
order_0000000280,cust_0677,1485.23,2025-11-24T17:23:44+00:00
order_0000000281,cust_0340,382.66,2025-11-25T01:35:09+00:00
order_0000000282,cust_0216,516.99,2025-11-15T10:57:51+00:00
order_0000000283,cust_0133,628.15,2025-11-21T10:37:29+00:00
order_0000000284,cust_0673,565.99,2025-11-22T19:09:52+00:00
order_0000000285,cust_0658,613.79,2025-11-21T17:11:53+00:00
order_0000000286,cust_0739,277.00,2025-11-26T17:04:26+00:00
order_0000000287,cust_0459,219.39,2025-11-11T01:20:29+00:00
order_0000000288,cust_0782,189.00,2025-11-05T14:38:51+00:00
order_0000000289,cust_0579,506.00,2025-11-20T05:05:20+00:00
order_0000000290,cust_0311,382.99,2025-11-04T09:35:59+00:00
order_0000000291,cust_0021,14840.41,2025-11-13T04:31:13+00:00
order_0000000292,cust_0462,953.88,2025-11-03T02:19:16+00:00
order_0000000293,cust_0744,146.48,2025-11-01T15:05:15+00:00
order_0000000294,cust_0145,1045.19,2025-11-06T05:38:08+00:00
order_0000000295,cust_0726,322.19,2025-11-06T22:05:26+00:00
order_0000000296,cust_0823,606.00,2025-11-28T12:10:16+00:00
order_0000000297,cust_0641,3141.99,2025-11-08T08:19:55+00:00
order_0000000298,cust_0582,639.13,2025-11-23T10:42:58+00:00
order_0000000299,cust_0686,900.59,2025-11-14T13:17:58+00:00
order_0000000300,cust_0763,2588.45,2025-11-17T11:17:49+00:00
order_0000000301,cust_0818,952.00,2025-11-08T09:10:07+00:00
order_0000000302,cust_0876,577.99,2025-11-06T04:33:34+00:00
order_0000000303,cust_0016,1141.75,2025-11-29T03:39:54+00:00
order_0000000304,cust_0097,732.00,2025-11-26T06:37:07+00:00
order_0000000305,cust_0114,673.00,2025-11-20T11:47:10+00:00
order_0000000306,cust_0845,517.62,2025-11-01T03:00:51+00:00
order_0000000307,cust_0259,2085.00,2025-11-17T15:14:18+00:00
order_0000000308,cust_0299,705.00,2025-11-03T09:16:49+00:00
order_0000000309,cust_0465,224.80,2025-11-01T02:20:01+00:00
order_0000000310,cust_0513,3475.00,2025-11-15T13:14:07+00:00
order_0000000311,cust_0099,710.08,2025-11-30T10:40:07+00:00
order_0000000312,cust_0783,1037.99,2025-11-21T11:57:51+00:00
order_0000000313,cust_0483,371.00,2025-11-25T22:10:17+00:00
order_0000000314,cust_0400,205.00,2025-11-27T08:11:11+00:00
order_0000000315,cust_0390,1256.84,2025-11-15T14:15:15+00:00
order_0000000316,cust_0506,746.00,2025-11-16T07:25:02+00:00
order_0000000317,cust_0241,606.00,2025-11-04T07:10:24+00:00
order_0000000318,cust_0151,2027.00,2025-11-19T07:56:32+00:00
order_0000000319,cust_0856,327.00,2025-11-06T11:32:55+00:00
order_0000000320,cust_0726,165.16,2025-11-16T08:51:51+00:00
order_0000000321,cust_0053,145.64,2025-11-19T11:32:16+00:00
order_0000000322,cust_0068,311.00,2025-11-01T23:57:03+00:00
order_0000000323,cust_0568,581.23,2025-11-10T08:56:13+00:00
order_0000000324,cust_0616,446.00,2025-11-16T18:04:02+00:00
order_0000000325,cust_0705,604.00,2025-11-03T02:15:03+00:00
order_0000000326,cust_0606,2683.00,2025-11-30T12:45:48+00:00
order_0000000327,cust_0018,821.00,2025-11-29T03:48:00+00:00
order_0000000328,cust_0043,536.00,2025-11-28T13:07:52+00:00
order_0000000329,cust_0500,365.70,2025-11-26T20:11:57+00:00
order_0000000330,cust_0289,510.57,2025-11-25T16:02:01+00:00
order_0000000331,cust_0836,889.35,2025-11-22T16:16:53+00:00
order_0000000332,cust_0084,1020.88,2025-11-03T16:50:50+00:00
order_0000000333,cust_0173,192.00,2025-11-01T19:58:42+00:00
order_0000000334,cust_0845,1986.99,2025-11-26T08:50:53+00:00
order_0000000335,cust_0460,211.00,2025-11-28T07:47:45+00:00
order_0000000336,cust_0834,313.70,2025-11-24T15:51:18+00:00
order_0000000337,cust_0103,422.36,2025-11-13T12:14:53+00:00
order_0000000338,cust_0534,2303.40,2025-11-20T10:47:40+00:00
order_0000000339,cust_0358,1017.99,2025-11-05T17:56:23+00:00
order_0000000340,cust_0512,197.00,2025-11-27T10:47:49+00:00
order_0000000341,cust_0816,703.00,2025-11-12T12:38:28+00:00
order_0000000342,cust_0039,535.99,2025-11-14T15:52:08+00:00
order_0000000343,cust_0604,3598.00,2025-11-30T12:11:40+00:00
order_0000000344,cust_0408,206.00,2025-11-09T10:16:13+00:00
order_0000000345,cust_0300,195.00,2025-11-06T15:16:39+00:00
order_0000000346,cust_0111,318.00,2025-11-17T19:02:35+00:00
order_0000000347,cust_0780,312.59,2025-11-06T16:35:18+00:00
order_0000000348,cust_0803,17122.00,2025-11-19T00:37:19+00:00
order_0000000349,cust_0498,156.98,2025-11-14T09:14:14+00:00
order_0000000350,cust_0771,799.99,2025-11-19T15:48:20+00:00
order_0000000351,cust_0148,335.71,2025-11-21T08:05:04+00:00
order_0000000352,cust_0026,14509.76,2025-11-09T12:02:00+00:00
order_0000000353,cust_0068,977.00,2025-11-23T08:16:24+00:00
order_0000000354,cust_0155,429.00,2025-11-15T06:37:51+00:00
order_0000000355,cust_0436,1015.00,2025-11-05T03:46:58+00:00
order_0000000356,cust_0607,1838.05,2025-11-26T15:15:42+00:00
order_0000000357,cust_0003,3987.55,2025-11-22T09:48:28+00:00
order_0000000358,cust_0795,1014.99,2025-11-13T16:33:49+00:00
order_0000000359,cust_0079,245.99,2025-11-28T08:21:52+00:00
order_0000000360,cust_0694,3366.62,2025-11-18T16:40:54+00:00
order_0000000361,cust_0681,1161.42,2025-11-20T21:19:35+00:00
order_0000000362,cust_0095,1077.20,2025-11-15T20:00:06+00:00
order_0000000363,cust_0837,836.99,2025-11-26T16:22:49+00:00
order_0000000364,cust_0314,1068.50,2025-11-23T06:50:28+00:00
order_0000000365,cust_0367,504.27,2025-11-04T05:06:41+00:00
order_0000000366,cust_0343,907.00,2025-11-29T13:02:51+00:00
order_0000000367,cust_0373,766.54,2025-11-29T15:03:18+00:00
order_0000000368,cust_0057,359.99,2025-11-24T08:38:07+00:00
order_0000000369,cust_0642,906.04,2025-11-27T17:19:54+00:00
order_0000000370,cust_0323,696.28,2025-11-06T03:09:34+00:00
order_0000000371,cust_0847,656.00,2025-11-26T14:38:44+00:00
order_0000000372,cust_0610,682.34,2025-11-26T11:59:33+00:00
order_0000000373,cust_0728,1019.00,2025-11-27T05:43:20+00:00
order_0000000374,cust_0113,444.42,2025-11-01T02:37:02+00:00
order_0000000375,cust_0452,355.00,2025-11-26T09:44:00+00:00
order_0000000376,cust_0216,3451.00,2025-11-12T11:06:59+00:00
order_0000000377,cust_0488,323.12,2025-11-26T06:56:23+00:00
order_0000000378,cust_0844,770.00,2025-11-19T09:47:24+00:00
order_0000000379,cust_0576,749.62,2025-11-11T10:57:16+00:00
order_0000000380,cust_0629,678.00,2025-11-25T12:44:45+00:00
order_0000000381,cust_0687,413.43,2025-11-08T08:25:33+00:00
order_0000000382,cust_0572,2713.99,2025-11-13T14:33:38+00:00
order_0000000383,cust_0387,1072.30,2025-11-20T12:13:22+00:00
order_0000000384,cust_0351,2557.09,2025-11-18T06:29:58+00:00
order_0000000385,cust_0572,391.39,2025-11-12T12:15:16+00:00
order_0000000386,cust_0037,924.46,2025-11-21T12:15:47+00:00
order_0000000387,cust_0032,2916.00,2025-11-04T09:17:42+00:00
order_0000000388,cust_0177,2615.08,2025-11-11T11:01:08+00:00
order_0000000389,cust_0390,2124.75,2025-11-10T03:33:15+00:00
order_0000000390,cust_0149,547.19,2025-11-24T09:33:27+00:00
order_0000000391,cust_0382,2841.99,2025-11-21T17:31:26+00:00
order_0000000392,cust_0333,827.04,2025-11-02T05:09:23+00:00
order_0000000393,cust_0654,995.52,2025-11-09T06:31:23+00:00
order_0000000394,cust_0508,788.14,2025-11-25T03:17:03+00:00
order_0000000395,cust_0455,390.00,2025-11-24T06:55:49+00:00
order_0000000396,cust_0311,276.00,2025-11-20T15:10:33+00:00
order_0000000397,cust_0742,4276.99,2025-11-14T01:05:24+00:00
order_0000000398,cust_0003,640.15,2025-11-28T08:48:20+00:00
order_0000000399,cust_0451,856.00,2025-11-11T03:39:47+00:00
order_0000000400,cust_0692,1022.46,2025-11-08T10:17:38+00:00
order_0000000401,cust_0461,209.56,2025-11-21T03:36:40+00:00
order_0000000402,cust_0005,187.00,2025-11-10T05:47:41+00:00
order_0000000403,cust_0029,154.68,2025-11-01T00:03:40+00:00
order_0000000404,cust_0472,894.75,2025-11-19T04:27:10+00:00
order_0000000405,cust_0372,514.82,2025-11-17T09:54:51+00:00
order_0000000406,cust_0825,1473.00,2025-11-28T13:48:08+00:00
order_0000000407,cust_0776,770.75,2025-11-18T11:37:19+00:00
order_0000000408,cust_0261,914.00,2025-11-24T16:18:43+00:00
order_0000000409,cust_0228,546.46,2025-11-18T23:12:11+00:00
order_0000000410,cust_0721,928.60,2025-11-29T06:29:12+00:00
order_0000000411,cust_0443,2337.27,2025-11-13T10:01:30+00:00
order_0000000412,cust_0737,3542.00,2025-11-24T12:00:54+00:00
order_0000000413,cust_0506,1840.55,2025-11-16T10:21:51+00:00
order_0000000414,cust_0273,943.09,2025-11-13T02:36:19+00:00
order_0000000415,cust_0287,3031.00,2025-11-30T04:55:39+00:00
order_0000000416,cust_0752,342.52,2025-11-02T04:01:28+00:00
order_0000000417,cust_0858,889.34,2025-11-16T10:05:17+00:00
order_0000000418,cust_0411,253.67,2025-11-01T03:55:14+00:00
order_0000000419,cust_0384,317.68,2025-11-17T18:24:55+00:00
order_0000000420,cust_0424,99.00,2025-11-20T09:27:36+00:00
order_0000000421,cust_0404,1273.00,2025-11-07T09:07:08+00:00
order_0000000422,cust_0145,865.00,2025-11-03T17:15:36+00:00
order_0000000423,cust_0799,255.67,2025-11-15T17:08:32+00:00
order_0000000424,cust_0757,1055.00,2025-11-29T16:17:40+00:00
order_0000000425,cust_0520,885.00,2025-11-03T03:47:47+00:00
order_0000000426,cust_0704,773.57,2025-11-12T10:05:57+00:00
order_0000000427,cust_0495,591.72,2025-11-05T17:53:03+00:00
order_0000000428,cust_0223,797.99,2025-11-16T10:07:29+00:00
order_0000000429,cust_0058,2257.00,2025-11-01T07:30:44+00:00
order_0000000430,cust_0603,265.35,2025-11-05T06:57:06+00:00
order_0000000431,cust_0890,2952.57,2025-11-10T18:13:37+00:00
order_0000000432,cust_0007,10462.86,2025-11-30T12:50:06+00:00
order_0000000433,cust_0607,284.83,2025-11-14T15:48:03+00:00
order_0000000434,cust_0392,913.65,2025-11-15T01:17:35+00:00
order_0000000435,cust_0631,597.39,2025-11-03T04:08:45+00:00
order_0000000436,cust_0828,1043.52,2025-11-18T16:31:27+00:00
order_0000000437,cust_0675,1059.00,2025-11-02T17:00:28+00:00
order_0000000438,cust_0276,862.00,2025-11-23T12:43:17+00:00
order_0000000439,cust_0086,2415.00,2025-11-21T10:21:40+00:00
order_0000000440,cust_0382,323.00,2025-11-27T20:44:45+00:00
order_0000000441,cust_0625,285.00,2025-11-29T01:18:36+00:00
order_0000000442,cust_0458,2279.46,2025-11-25T18:14:21+00:00
order_0000000443,cust_0419,149.00,2025-11-24T15:09:17+00:00
order_0000000444,cust_0212,2175.00,2025-11-05T09:08:05+00:00
order_0000000445,cust_0340,730.99,2025-11-26T16:13:12+00:00
order_0000000446,cust_0084,294.99,2025-11-13T15:06:14+00:00
order_0000000447,cust_0278,3091.00,2025-11-26T14:34:48+00:00
order_0000000448,cust_0879,2971.21,2025-11-01T13:47:12+00:00
order_0000000449,cust_0038,328.84,2025-11-21T09:17:37+00:00
order_0000000450,cust_0672,109.98,2025-11-21T11:30:09+00:00
order_0000000451,cust_0608,3432.87,2025-11-26T07:09:29+00:00
order_0000000452,cust_0220,123.00,2025-11-08T13:16:10+00:00
order_0000000453,cust_0876,267.66,2025-11-07T03:30:27+00:00
order_0000000454,cust_0251,408.99,2025-11-15T13:54:09+00:00
order_0000000455,cust_0470,856.03,2025-11-10T03:29:59+00:00
order_0000000456,cust_0414,715.47,2025-11-03T17:28:44+00:00
order_0000000457,cust_0202,113.62,2025-11-23T17:05:21+00:00
order_0000000458,cust_0701,5597.00,2025-11-20T12:22:02+00:00
order_0000000459,cust_0712,391.44,2025-11-28T17:47:35+00:00
order_0000000460,cust_0872,402.94,2025-11-07T17:25:35+00:00
order_0000000461,cust_0262,551.67,2025-11-05T12:54:47+00:00
order_0000000462,cust_0262,955.99,2025-11-18T17:18:42+00:00
order_0000000463,cust_0008,555.13,2025-11-10T09:08:46+00:00
order_0000000464,cust_0166,332.00,2025-11-19T06:12:47+00:00
order_0000000465,cust_0741,697.00,2025-11-25T01:51:06+00:00
order_0000000466,cust_0019,525.82,2025-11-04T12:23:18+00:00
order_0000000467,cust_0727,938.99,2025-11-15T13:42:52+00:00
order_0000000468,cust_0877,408.95,2025-11-05T15:28:05+00:00
order_0000000469,cust_0085,630.84,2025-11-04T11:13:13+00:00
order_0000000470,cust_0245,159.99,2025-11-20T13:26:47+00:00
order_0000000471,cust_0288,158.20,2025-11-10T11:24:04+00:00
order_0000000472,cust_0674,1003.09,2025-11-15T02:00:23+00:00
order_0000000473,cust_0384,567.99,2025-11-06T00:50:40+00:00
order_0000000474,cust_0837,547.35,2025-11-15T14:26:38+00:00
order_0000000475,cust_0641,315.00,2025-11-24T14:18:40+00:00
order_0000000476,cust_0081,6627.00,2025-11-18T16:15:22+00:00
order_0000000477,cust_0664,173.00,2025-11-09T11:43:41+00:00
order_0000000478,cust_0185,679.00,2025-11-19T01:21:24+00:00
order_0000000479,cust_0700,156.00,2025-11-18T11:12:56+00:00
order_0000000480,cust_0116,1074.99,2025-11-14T19:10:33+00:00
order_0000000481,cust_0557,347.28,2025-11-25T05:28:39+00:00
order_0000000482,cust_0389,3441.88,2025-11-02T07:38:10+00:00
order_0000000483,cust_0438,2973.02,2025-11-19T01:59:03+00:00
order_0000000484,cust_0169,3280.61,2025-11-22T21:44:45+00:00
order_0000000485,cust_0636,979.60,2025-11-18T04:27:38+00:00
order_0000000486,cust_0719,533.27,2025-11-21T17:05:33+00:00
order_0000000487,cust_0279,15303.00,2025-11-19T20:34:36+00:00
order_0000000488,cust_0006,413.31,2025-11-28T07:05:29+00:00
order_0000000489,cust_0400,704.47,2025-11-14T11:15:15+00:00
order_0000000490,cust_0411,711.29,2025-11-27T10:58:01+00:00
order_0000000491,cust_0616,281.69,2025-11-02T14:14:44+00:00
order_0000000492,cust_0362,2400.01,2025-11-03T08:21:19+00:00
order_0000000493,cust_0007,2449.99,2025-11-16T07:58:56+00:00
order_0000000494,cust_0058,290.99,2025-11-01T23:17:23+00:00
order_0000000495,cust_0166,245.99,2025-11-13T18:07:56+00:00
order_0000000496,cust_0071,778.99,2025-11-02T20:44:48+00:00
order_0000000497,cust_0583,908.99,2025-11-19T06:47:34+00:00
order_0000000498,cust_0299,656.51,2025-11-11T16:51:30+00:00
order_0000000499,cust_0729,2329.56,2025-11-23T08:00:41+00:00
order_0000000500,cust_0552,455.00,2025-11-02T12:40:14+00:00
order_0000000501,cust_0880,176.00,2025-11-21T15:24:39+00:00
order_0000000502,cust_0630,610.63,2025-11-07T04:39:05+00:00
order_0000000503,cust_0395,287.62,2025-11-27T20:42:37+00:00
order_0000000504,cust_0454,1025.00,2025-11-08T02:47:25+00:00
order_0000000505,cust_0150,651.18,2025-11-23T16:55:53+00:00
order_0000000506,cust_0516,2343.69,2025-11-23T11:24:12+00:00
order_0000000507,cust_0811,796.00,2025-11-16T16:49:18+00:00
order_0000000508,cust_0690,1078.37,2025-11-07T04:30:01+00:00
order_0000000509,cust_0002,331.99,2025-11-11T16:08:56+00:00
order_0000000510,cust_0045,400.99,2025-11-16T04:30:08+00:00
order_0000000511,cust_0581,931.99,2025-11-22T02:58:21+00:00
order_0000000512,cust_0586,472.99,2025-11-08T02:54:09+00:00
order_0000000513,cust_0108,591.16,2025-11-01T06:09:50+00:00
order_0000000514,cust_0480,235.00,2025-11-07T20:09:03+00:00
order_0000000515,cust_0612,9662.83,2025-11-04T09:08:36+00:00
order_0000000516,cust_0689,248.93,2025-11-01T16:21:43+00:00
order_0000000517,cust_0194,15846.99,2025-11-13T03:23:56+00:00
order_0000000518,cust_0218,595.42,2025-11-07T15:03:41+00:00
order_0000000519,cust_0885,361.00,2025-11-16T08:57:12+00:00
order_0000000520,cust_0290,258.99,2025-11-02T06:28:17+00:00
order_0000000521,cust_0130,1049.68,2025-11-04T15:46:30+00:00
order_0000000522,cust_0822,3156.45,2025-11-25T14:31:31+00:00
order_0000000523,cust_0412,127.21,2025-11-19T09:25:50+00:00
order_0000000524,cust_0060,913.00,2025-11-22T07:38:11+00:00
order_0000000525,cust_0832,8205.99,2025-11-02T16:48:05+00:00
order_0000000526,cust_0090,637.54,2025-11-28T12:55:06+00:00
order_0000000527,cust_0065,415.00,2025-11-01T04:31:39+00:00
order_0000000528,cust_0530,440.60,2025-11-06T05:04:44+00:00
order_0000000529,cust_0680,205.90,2025-11-20T16:00:51+00:00
order_0000000530,cust_0581,1987.99,2025-11-08T08:39:12+00:00
order_0000000531,cust_0353,261.00,2025-11-09T08:53:38+00:00
order_0000000532,cust_0791,185.00,2025-11-02T18:54:14+00:00
order_0000000533,cust_0623,296.71,2025-11-11T04:41:49+00:00
order_0000000534,cust_0726,477.09,2025-11-14T08:47:32+00:00
order_0000000535,cust_0011,2484.99,2025-11-01T10:21:32+00:00
order_0000000536,cust_0060,971.64,2025-11-28T03:56:44+00:00
order_0000000537,cust_0749,2246.00,2025-11-06T15:21:40+00:00
order_0000000538,cust_0405,525.00,2025-11-05T15:59:06+00:00
order_0000000539,cust_0723,1064.99,2025-11-21T07:57:23+00:00
order_0000000540,cust_0187,525.78,2025-11-15T17:30:11+00:00
order_0000000541,cust_0755,385.01,2025-11-20T11:51:41+00:00
order_0000000542,cust_0819,3501.00,2025-11-15T11:52:28+00:00
order_0000000543,cust_0789,3582.23,2025-11-03T07:59:04+00:00
order_0000000544,cust_0321,644.17,2025-11-22T16:33:52+00:00
order_0000000545,cust_0585,940.06,2025-11-24T02:23:43+00:00
order_0000000546,cust_0520,749.00,2025-11-17T09:23:23+00:00
order_0000000547,cust_0481,1734.99,2025-11-12T08:48:50+00:00
order_0000000548,cust_0798,2450.53,2025-11-26T07:02:24+00:00
order_0000000549,cust_0638,269.73,2025-11-20T07:17:20+00:00
order_0000000550,cust_0194,106.24,2025-11-03T18:11:18+00:00
order_0000000551,cust_0222,1767.09,2025-11-05T07:51:44+00:00
order_0000000552,cust_0266,2163.82,2025-11-04T14:36:55+00:00
order_0000000553,cust_0540,511.00,2025-11-21T06:18:05+00:00
order_0000000554,cust_0141,911.00,2025-11-08T09:24:51+00:00
order_0000000555,cust_0414,482.00,2025-11-28T22:15:31+00:00
order_0000000556,cust_0628,580.99,2025-11-02T17:49:00+00:00
order_0000000557,cust_0122,996.47,2025-11-28T17:59:46+00:00
order_0000000558,cust_0827,2264.11,2025-11-20T23:39:50+00:00
order_0000000559,cust_0037,236.00,2025-11-18T16:44:55+00:00
order_0000000560,cust_0192,367.96,2025-11-10T04:45:42+00:00
order_0000000561,cust_0162,2365.10,2025-11-27T16:19:01+00:00
order_0000000562,cust_0008,290.00,2025-11-13T06:53:15+00:00
order_0000000563,cust_0241,299.24,2025-11-20T18:08:25+00:00
order_0000000564,cust_0583,541.80,2025-11-07T16:09:21+00:00
order_0000000565,cust_0478,133.00,2025-11-14T03:34:55+00:00
order_0000000566,cust_0237,1601.41,2025-11-10T22:42:24+00:00
order_0000000567,cust_0737,116.99,2025-11-21T04:42:31+00:00
order_0000000568,cust_0698,392.99,2025-11-05T20:09:48+00:00
order_0000000569,cust_0643,975.98,2025-11-28T16:22:32+00:00
order_0000000570,cust_0062,954.00,2025-11-22T14:05:11+00:00
order_0000000571,cust_0744,285.00,2025-11-01T06:19:07+00:00
order_0000000572,cust_0174,408.96,2025-11-24T21:07:39+00:00
order_0000000573,cust_0375,642.00,2025-11-10T08:42:50+00:00
order_0000000574,cust_0213,5785.99,2025-11-04T04:54:00+00:00
order_0000000575,cust_0732,946.42,2025-11-04T17:06:55+00:00
order_0000000576,cust_0551,1016.94,2025-11-29T05:36:57+00:00
order_0000000577,cust_0155,386.10,2025-11-24T09:48:45+00:00
order_0000000578,cust_0026,1924.00,2025-11-23T10:28:08+00:00
order_0000000579,cust_0434,559.00,2025-11-21T10:57:52+00:00
order_0000000580,cust_0370,863.00,2025-11-18T10:13:22+00:00
order_0000000581,cust_0717,590.97,2025-11-21T01:09:10+00:00
order_0000000582,cust_0416,601.99,2025-11-15T07:33:32+00:00
order_0000000583,cust_0342,512.44,2025-11-29T03:38:36+00:00
order_0000000584,cust_0591,992.99,2025-11-13T03:27:21+00:00
order_0000000585,cust_0207,188.96,2025-11-03T12:08:36+00:00
order_0000000586,cust_0269,546.00,2025-11-21T04:40:42+00:00
order_0000000587,cust_0367,846.00,2025-11-10T02:22:36+00:00
order_0000000588,cust_0290,834.00,2025-11-06T07:44:13+00:00
order_0000000589,cust_0509,1556.04,2025-11-19T11:00:24+00:00
order_0000000590,cust_0121,546.00,2025-11-14T19:34:27+00:00
order_0000000591,cust_0551,403.99,2025-11-15T09:02:38+00:00
order_0000000592,cust_0008,895.00,2025-11-25T17:48:00+00:00
order_0000000593,cust_0070,1056.00,2025-11-17T03:46:54+00:00
order_0000000594,cust_0702,1187.99,2025-11-26T11:25:37+00:00
order_0000000595,cust_0663,207.65,2025-11-15T10:52:06+00:00
order_0000000596,cust_0161,2509.84,2025-11-09T12:27:36+00:00
order_0000000597,cust_0046,494.00,2025-11-11T18:02:00+00:00
order_0000000598,cust_0640,431.00,2025-11-09T08:47:11+00:00
order_0000000599,cust_0298,2390.95,2025-11-26T09:46:08+00:00
order_0000000600,cust_0045,337.44,2025-11-08T12:12:00+00:00
order_0000000601,cust_0397,486.00,2025-11-16T15:49:08+00:00
order_0000000602,cust_0775,216.00,2025-11-29T06:11:24+00:00
order_0000000603,cust_0334,516.75,2025-11-28T11:51:29+00:00
order_0000000604,cust_0532,284.00,2025-11-16T15:42:49+00:00
order_0000000605,cust_0642,2926.00,2025-11-11T02:39:38+00:00
order_0000000606,cust_0688,725.00,2025-11-29T04:11:44+00:00
order_0000000607,cust_0510,681.10,2025-11-20T08:20:12+00:00
order_0000000608,cust_0276,3439.90,2025-11-23T08:30:49+00:00
order_0000000609,cust_0156,597.03,2025-11-28T12:05:17+00:00
order_0000000610,cust_0615,846.00,2025-11-01T10:07:58+00:00
order_0000000611,cust_0531,671.84,2025-11-24T07:31:03+00:00
order_0000000612,cust_0015,1408.00,2025-11-10T11:55:29+00:00
order_0000000613,cust_0589,172.21,2025-11-15T16:19:24+00:00
order_0000000614,cust_0414,2343.00,2025-11-11T10:52:49+00:00
order_0000000615,cust_0680,927.00,2025-11-07T12:41:09+00:00
order_0000000616,cust_0508,949.00,2025-11-20T01:14:39+00:00
order_0000000617,cust_0867,734.93,2025-11-17T16:24:17+00:00
order_0000000618,cust_0212,165.00,2025-11-12T09:30:05+00:00
order_0000000619,cust_0863,382.51,2025-11-18T14:42:33+00:00
order_0000000620,cust_0337,1954.99,2025-11-22T06:26:56+00:00
order_0000000621,cust_0651,14478.00,2025-11-07T06:57:31+00:00
order_0000000622,cust_0380,964.54,2025-11-28T12:49:09+00:00
order_0000000623,cust_0464,1071.00,2025-11-11T09:17:31+00:00
order_0000000624,cust_0537,572.44,2025-11-19T00:12:25+00:00
order_0000000625,cust_0281,547.07,2025-11-17T15:01:17+00:00
order_0000000626,cust_0323,814.62,2025-11-26T14:34:38+00:00
order_0000000627,cust_0863,954.67,2025-11-05T02:31:21+00:00
order_0000000628,cust_0723,2646.17,2025-11-21T14:47:17+00:00
order_0000000629,cust_0704,547.80,2025-11-05T16:58:32+00:00
order_0000000630,cust_0718,771.00,2025-11-16T06:56:23+00:00
order_0000000631,cust_0392,850.99,2025-11-12T10:36:38+00:00
order_0000000632,cust_0189,1400.00,2025-11-03T07:14:25+00:00
order_0000000633,cust_0375,123.00,2025-11-29T15:18:08+00:00
order_0000000634,cust_0657,2484.00,2025-11-25T18:07:36+00:00
order_0000000635,cust_0205,1037.99,2025-11-16T04:23:47+00:00
order_0000000636,cust_0767,964.99,2025-11-29T03:03:37+00:00
order_0000000637,cust_0438,527.68,2025-11-03T17:27:25+00:00
order_0000000638,cust_0553,675.42,2025-11-13T09:22:06+00:00
order_0000000639,cust_0033,910.87,2025-11-05T13:44:09+00:00
order_0000000640,cust_0072,704.99,2025-11-16T08:11:08+00:00
order_0000000641,cust_0002,897.99,2025-11-19T05:07:22+00:00
order_0000000642,cust_0371,1094.32,2025-11-14T12:53:02+00:00
order_0000000643,cust_0681,869.00,2025-11-11T07:10:40+00:00
order_0000000644,cust_0762,16142.99,2025-11-24T08:54:44+00:00
order_0000000645,cust_0189,631.00,2025-11-03T12:57:13+00:00
order_0000000646,cust_0596,1388.00,2025-11-14T16:50:37+00:00
order_0000000647,cust_0586,697.98,2025-11-04T05:10:39+00:00
order_0000000648,cust_0081,739.50,2025-11-21T13:54:35+00:00
order_0000000649,cust_0334,1027.00,2025-11-25T06:32:55+00:00
order_0000000650,cust_0895,713.06,2025-11-30T09:42:21+00:00
order_0000000651,cust_0643,330.71,2025-11-05T14:23:21+00:00
order_0000000652,cust_0567,349.99,2025-11-30T04:03:53+00:00
order_0000000653,cust_0180,850.63,2025-11-07T03:36:50+00:00
order_0000000654,cust_0420,1546.99,2025-11-27T13:43:33+00:00
order_0000000655,cust_0822,895.00,2025-11-19T11:50:12+00:00
order_0000000656,cust_0378,1156.00,2025-11-19T03:30:22+00:00
order_0000000657,cust_0040,747.00,2025-11-03T06:50:17+00:00
order_0000000658,cust_0508,2593.00,2025-11-09T02:28:31+00:00
order_0000000659,cust_0021,704.00,2025-11-02T03:37:38+00:00
order_0000000660,cust_0375,2147.00,2025-11-06T02:43:16+00:00
order_0000000661,cust_0108,569.00,2025-11-07T21:21:24+00:00
order_0000000662,cust_0364,2442.21,2025-11-21T04:16:40+00:00
order_0000000663,cust_0640,551.53,2025-11-11T09:12:59+00:00
order_0000000664,cust_0335,962.27,2025-11-17T09:04:35+00:00
order_0000000665,cust_0754,753.99,2025-11-25T08:38:07+00:00
order_0000000666,cust_0807,14359.00,2025-11-07T15:31:04+00:00
order_0000000667,cust_0058,863.88,2025-11-15T16:38:34+00:00
order_0000000668,cust_0438,354.61,2025-11-08T12:55:15+00:00
order_0000000669,cust_0707,887.99,2025-11-06T12:51:56+00:00
order_0000000670,cust_0535,1074.99,2025-11-27T13:24:06+00:00
order_0000000671,cust_0850,495.00,2025-11-17T10:51:01+00:00
order_0000000672,cust_0030,935.00,2025-11-24T12:49:39+00:00
order_0000000673,cust_0081,922.99,2025-11-09T13:46:34+00:00
order_0000000674,cust_0090,1300.43,2025-11-29T18:45:13+00:00
order_0000000675,cust_0271,2949.99,2025-11-13T07:05:10+00:00
order_0000000676,cust_0782,140.00,2025-11-20T17:02:22+00:00
order_0000000677,cust_0498,3410.00,2025-11-22T22:46:15+00:00
order_0000000678,cust_0496,587.68,2025-11-11T01:32:51+00:00
order_0000000679,cust_0899,838.23,2025-11-27T02:19:13+00:00
order_0000000680,cust_0877,2359.70,2025-11-30T11:40:30+00:00
order_0000000681,cust_0433,176.60,2025-11-16T09:09:06+00:00
order_0000000682,cust_0831,362.00,2025-11-14T07:36:04+00:00
order_0000000683,cust_0766,892.58,2025-11-29T02:27:08+00:00
order_0000000684,cust_0274,1033.34,2025-11-02T11:40:34+00:00
order_0000000685,cust_0831,780.95,2025-11-08T15:09:56+00:00
order_0000000686,cust_0299,1021.36,2025-10-31T20:11:26+00:00
order_0000000687,cust_0444,590.99,2025-11-15T16:33:53+00:00
order_0000000688,cust_0832,846.00,2025-11-28T21:10:47+00:00
order_0000000689,cust_0460,910.99,2025-11-08T12:48:43+00:00
order_0000000690,cust_0850,1049.38,2025-11-05T12:05:20+00:00
order_0000000691,cust_0303,2669.00,2025-11-15T07:21:50+00:00
order_0000000692,cust_0347,966.99,2025-11-21T11:55:07+00:00
order_0000000693,cust_0606,2868.31,2025-11-24T13:17:28+00:00
order_0000000694,cust_0366,632.94,2025-11-22T17:07:29+00:00
order_0000000695,cust_0011,476.43,2025-11-15T10:59:45+00:00
order_0000000696,cust_0783,949.01,2025-11-22T19:22:33+00:00
order_0000000697,cust_0737,940.94,2025-11-19T03:12:18+00:00
order_0000000698,cust_0072,1021.94,2025-11-28T23:39:30+00:00
order_0000000699,cust_0131,621.63,2025-11-06T23:32:04+00:00
order_0000000700,cust_0143,912.99,2025-11-17T10:52:36+00:00
order_0000000701,cust_0121,937.23,2025-11-27T04:05:47+00:00
order_0000000702,cust_0519,1283.39,2025-11-21T06:28:15+00:00
order_0000000703,cust_0877,109.43,2025-11-30T14:32:33+00:00
order_0000000704,cust_0658,405.99,2025-11-06T09:47:06+00:00
order_0000000705,cust_0215,649.00,2025-11-13T14:57:41+00:00
order_0000000706,cust_0626,334.00,2025-11-25T20:51:24+00:00
order_0000000707,cust_0798,111.00,2025-11-02T12:15:47+00:00
order_0000000708,cust_0372,275.74,2025-11-08T16:38:44+00:00
order_0000000709,cust_0029,239.55,2025-11-09T12:55:14+00:00
order_0000000710,cust_0511,761.43,2025-11-03T11:15:53+00:00
order_0000000711,cust_0434,1951.00,2025-11-11T11:11:55+00:00
order_0000000712,cust_0033,205.64,2025-11-22T13:15:41+00:00
order_0000000713,cust_0851,116.12,2025-11-03T02:25:28+00:00
order_0000000714,cust_0733,784.99,2025-11-18T16:47:23+00:00
order_0000000715,cust_0266,421.99,2025-11-29T14:22:25+00:00
order_0000000716,cust_0102,875.00,2025-11-11T23:45:06+00:00
order_0000000717,cust_0111,276.00,2025-11-15T18:10:33+00:00
order_0000000718,cust_0426,752.99,2025-11-25T17:06:28+00:00
order_0000000719,cust_0421,130.07,2025-11-23T17:34:07+00:00
order_0000000720,cust_0658,261.00,2025-11-06T16:13:21+00:00
order_0000000721,cust_0159,249.00,2025-11-16T11:54:41+00:00
order_0000000722,cust_0085,2288.00,2025-11-16T17:45:10+00:00
order_0000000723,cust_0214,1022.45,2025-11-25T03:25:14+00:00
order_0000000724,cust_0373,263.99,2025-11-29T21:17:18+00:00
order_0000000725,cust_0637,266.27,2025-11-19T12:31:25+00:00
order_0000000726,cust_0593,796.00,2025-11-20T20:45:10+00:00
order_0000000727,cust_0278,1538.34,2025-11-27T10:35:13+00:00
order_0000000728,cust_0029,436.00,2025-11-01T21:25:19+00:00
order_0000000729,cust_0666,548.68,2025-11-18T06:26:36+00:00
order_0000000730,cust_0575,2819.36,2025-11-15T13:25:51+00:00
order_0000000731,cust_0580,14076.57,2025-11-05T15:34:45+00:00
order_0000000732,cust_0213,1932.00,2025-11-21T09:51:15+00:00
order_0000000733,cust_0738,705.29,2025-11-17T22:38:44+00:00
order_0000000734,cust_0374,817.34,2025-11-20T04:52:59+00:00
order_0000000735,cust_0015,534.99,2025-11-15T09:40:59+00:00
order_0000000736,cust_0762,149.04,2025-11-22T04:11:34+00:00
order_0000000737,cust_0155,194.77,2025-11-06T10:01:22+00:00
order_0000000738,cust_0576,406.78,2025-11-30T17:22:40+00:00
order_0000000739,cust_0521,920.46,2025-11-21T16:16:26+00:00
order_0000000740,cust_0118,2261.00,2025-11-10T18:14:45+00:00
order_0000000741,cust_0674,566.00,2025-11-12T12:10:48+00:00
order_0000000742,cust_0606,1785.90,2025-11-04T07:32:50+00:00
order_0000000743,cust_0018,810.99,2025-11-24T17:49:57+00:00
order_0000000744,cust_0239,595.99,2025-11-30T01:57:55+00:00
order_0000000745,cust_0432,279.20,2025-11-14T17:14:00+00:00
order_0000000746,cust_0657,295.00,2025-11-05T16:24:28+00:00
order_0000000747,cust_0367,174.20,2025-11-04T02:47:06+00:00
order_0000000748,cust_0311,175.00,2025-11-11T14:49:15+00:00
order_0000000749,cust_0372,856.71,2025-11-28T11:23:16+00:00
order_0000000750,cust_0178,1620.41,2025-11-13T21:05:11+00:00
order_0000000751,cust_0664,1005.00,2025-11-04T20:36:42+00:00
order_0000000752,cust_0540,313.00,2025-11-24T14:22:14+00:00
order_0000000753,cust_0383,147.73,2025-11-09T14:29:53+00:00
order_0000000754,cust_0812,914.09,2025-11-23T23:30:07+00:00
order_0000000755,cust_0326,913.58,2025-11-23T19:36:12+00:00
order_0000000756,cust_0684,1113.00,2025-11-11T16:11:01+00:00
order_0000000757,cust_0566,1375.99,2025-11-03T02:20:44+00:00
order_0000000758,cust_0038,732.29,2025-11-01T21:06:09+00:00
order_0000000759,cust_0582,415.00,2025-11-17T04:16:10+00:00
order_0000000760,cust_0115,756.87,2025-11-09T08:06:07+00:00
order_0000000761,cust_0163,6104.30,2025-11-09T16:24:43+00:00
order_0000000762,cust_0735,381.00,2025-11-05T07:34:56+00:00
order_0000000763,cust_0790,726.89,2025-11-29T14:30:27+00:00
order_0000000764,cust_0154,193.00,2025-11-18T08:34:58+00:00
order_0000000765,cust_0441,426.00,2025-11-29T16:07:16+00:00
order_0000000766,cust_0397,517.76,2025-11-15T14:28:53+00:00
order_0000000767,cust_0595,970.00,2025-11-05T15:46:12+00:00
order_0000000768,cust_0826,594.29,2025-11-29T10:49:23+00:00
order_0000000769,cust_0475,368.48,2025-11-26T10:19:24+00:00
order_0000000770,cust_0787,1167.00,2025-11-06T17:12:38+00:00
order_0000000771,cust_0337,642.93,2025-11-29T11:28:45+00:00
order_0000000772,cust_0404,699.14,2025-11-19T15:47:19+00:00
order_0000000773,cust_0574,941.00,2025-11-29T19:15:49+00:00
order_0000000774,cust_0866,1988.00,2025-11-05T19:47:52+00:00
order_0000000775,cust_0629,236.90,2025-11-15T18:20:36+00:00
order_0000000776,cust_0334,527.99,2025-11-17T00:21:22+00:00
order_0000000777,cust_0148,842.76,2025-11-29T03:08:12+00:00
order_0000000778,cust_0417,545.25,2025-11-19T18:16:26+00:00
order_0000000779,cust_0112,325.29,2025-11-06T12:14:22+00:00
order_0000000780,cust_0839,808.82,2025-11-30T14:01:55+00:00
order_0000000781,cust_0023,907.05,2025-11-01T15:22:50+00:00
order_0000000782,cust_0188,3293.66,2025-11-08T10:22:04+00:00
order_0000000783,cust_0034,1005.00,2025-11-11T12:06:29+00:00
order_0000000784,cust_0460,573.00,2025-11-20T16:35:08+00:00
order_0000000785,cust_0018,2399.99,2025-11-13T04:09:48+00:00
order_0000000786,cust_0803,254.00,2025-11-16T13:44:14+00:00
order_0000000787,cust_0599,128.00,2025-11-14T14:40:16+00:00
order_0000000788,cust_0376,348.87,2025-11-08T08:09:16+00:00
order_0000000789,cust_0499,716.50,2025-11-15T23:18:07+00:00
order_0000000790,cust_0244,1287.00,2025-11-01T09:56:09+00:00
order_0000000791,cust_0802,389.99,2025-11-09T07:36:41+00:00
order_0000000792,cust_0426,441.00,2025-11-29T15:23:57+00:00
order_0000000793,cust_0705,427.99,2025-11-10T06:39:53+00:00
order_0000000794,cust_0178,189.36,2025-11-13T19:20:38+00:00
order_0000000795,cust_0064,969.21,2025-11-14T22:14:18+00:00
order_0000000796,cust_0182,183.99,2025-11-05T10:17:28+00:00
order_0000000797,cust_0481,500.51,2025-11-22T07:06:54+00:00
order_0000000798,cust_0099,900.99,2025-11-19T02:13:21+00:00
order_0000000799,cust_0773,1492.23,2025-11-04T15:04:47+00:00
order_0000000800,cust_0197,1049.00,2025-11-18T07:13:24+00:00
order_0000000801,cust_0577,531.99,2025-11-11T01:17:08+00:00
order_0000000802,cust_0845,419.00,2025-11-12T06:40:35+00:00
order_0000000803,cust_0698,616.00,2025-11-06T04:55:12+00:00
order_0000000804,cust_0703,944.47,2025-11-08T17:16:59+00:00
order_0000000805,cust_0296,1199.78,2025-11-16T02:51:53+00:00
order_0000000806,cust_0740,1263.00,2025-11-25T11:27:02+00:00
order_0000000807,cust_0478,735.00,2025-11-09T10:59:07+00:00
order_0000000808,cust_0360,657.78,2025-11-15T12:08:13+00:00
order_0000000809,cust_0636,305.00,2025-11-15T22:54:21+00:00
order_0000000810,cust_0853,1051.43,2025-11-23T21:06:36+00:00
order_0000000811,cust_0159,942.00,2025-11-19T03:38:45+00:00
order_0000000812,cust_0243,618.74,2025-11-26T05:28:30+00:00
order_0000000813,cust_0618,424.00,2025-11-15T07:11:32+00:00
order_0000000814,cust_0830,490.02,2025-11-03T22:52:48+00:00
order_0000000815,cust_0524,702.75,2025-11-15T04:31:14+00:00
order_0000000816,cust_0020,629.56,2025-11-24T07:06:00+00:00
order_0000000817,cust_0170,490.00,2025-11-22T17:56:24+00:00
order_0000000818,cust_0593,521.99,2025-11-03T04:38:56+00:00
order_0000000819,cust_0200,402.99,2025-11-07T17:36:38+00:00
order_0000000820,cust_0566,483.00,2025-11-01T11:38:52+00:00
order_0000000821,cust_0447,190.00,2025-11-13T05:14:42+00:00
order_0000000822,cust_0684,882.00,2025-11-01T07:59:06+00:00
order_0000000823,cust_0350,665.38,2025-11-29T17:26:01+00:00
order_0000000824,cust_0494,259.53,2025-11-25T12:16:12+00:00
order_0000000825,cust_0425,367.68,2025-11-19T01:58:11+00:00
order_0000000826,cust_0100,754.50,2025-11-29T23:25:38+00:00
order_0000000827,cust_0635,2090.99,2025-11-28T12:29:37+00:00
order_0000000828,cust_0706,521.99,2025-11-12T10:51:23+00:00
order_0000000829,cust_0603,199.00,2025-11-20T07:19:44+00:00
order_0000000830,cust_0054,590.46,2025-11-14T10:46:11+00:00
order_0000000831,cust_0247,913.00,2025-11-08T10:16:54+00:00
order_0000000832,cust_0106,536.02,2025-11-26T13:27:40+00:00
order_0000000833,cust_0346,585.00,2025-11-27T04:33:28+00:00
order_0000000834,cust_0485,297.52,2025-11-08T15:13:13+00:00
order_0000000835,cust_0318,673.99,2025-11-05T15:39:41+00:00
order_0000000836,cust_0258,460.09,2025-11-25T15:46:21+00:00
order_0000000837,cust_0050,204.00,2025-11-07T19:39:28+00:00
order_0000000838,cust_0044,664.99,2025-11-23T15:59:58+00:00
order_0000000839,cust_0103,1153.62,2025-11-17T16:31:14+00:00
order_0000000840,cust_0288,2386.75,2025-11-04T08:21:41+00:00
order_0000000841,cust_0140,2555.62,2025-11-14T05:20:25+00:00
order_0000000842,cust_0091,1999.99,2025-11-22T12:53:06+00:00
order_0000000843,cust_0700,1008.00,2025-11-04T09:57:37+00:00
order_0000000844,cust_0092,651.99,2025-11-02T08:55:49+00:00
order_0000000845,cust_0615,2067.24,2025-11-08T08:04:54+00:00
order_0000000846,cust_0291,1599.07,2025-11-15T05:28:14+00:00
order_0000000847,cust_0441,866.79,2025-11-14T11:38:49+00:00
order_0000000848,cust_0262,3025.81,2025-11-16T08:47:55+00:00
order_0000000849,cust_0199,2665.89,2025-11-13T12:56:42+00:00
order_0000000850,cust_0797,2950.61,2025-11-23T07:31:13+00:00
order_0000000851,cust_0368,2908.60,2025-11-28T12:05:12+00:00
order_0000000852,cust_0701,1047.60,2025-11-14T11:15:35+00:00
order_0000000853,cust_0351,331.31,2025-11-15T05:12:49+00:00
order_0000000854,cust_0571,1024.00,2025-11-09T10:11:14+00:00
order_0000000855,cust_0775,412.96,2025-11-09T06:41:59+00:00
order_0000000856,cust_0330,4066.10,2025-11-11T13:40:06+00:00
order_0000000857,cust_0532,340.00,2025-11-15T19:08:47+00:00
order_0000000858,cust_0775,107.86,2025-11-07T15:45:53+00:00
order_0000000859,cust_0687,2161.00,2025-11-28T14:54:11+00:00
order_0000000860,cust_0782,1873.99,2025-11-08T08:39:10+00:00
order_0000000861,cust_0140,622.99,2025-11-02T18:13:27+00:00
order_0000000862,cust_0748,1957.00,2025-11-28T13:54:03+00:00
order_0000000863,cust_0470,505.15,2025-11-10T13:36:47+00:00
order_0000000864,cust_0872,1320.79,2025-11-15T10:18:17+00:00
order_0000000865,cust_0574,717.00,2025-11-24T07:26:23+00:00
order_0000000866,cust_0581,1658.85,2025-11-12T11:16:53+00:00
order_0000000867,cust_0686,2223.60,2025-11-07T00:54:22+00:00
order_0000000868,cust_0718,221.52,2025-11-27T08:45:42+00:00
order_0000000869,cust_0193,136.99,2025-11-30T03:11:09+00:00
order_0000000870,cust_0336,232.99,2025-11-23T17:41:59+00:00
order_0000000871,cust_0099,522.01,2025-11-08T05:32:06+00:00
order_0000000872,cust_0724,2036.36,2025-11-30T18:00:00+00:00
order_0000000873,cust_0699,853.93,2025-11-02T14:46:28+00:00
order_0000000874,cust_0386,673.36,2025-11-21T03:17:57+00:00
order_0000000875,cust_0828,2322.10,2025-11-19T07:04:56+00:00
order_0000000876,cust_0359,350.91,2025-11-02T19:41:24+00:00
order_0000000877,cust_0753,486.00,2025-11-24T12:54:37+00:00
order_0000000878,cust_0570,853.42,2025-11-13T11:14:24+00:00
order_0000000879,cust_0442,216.65,2025-11-29T07:05:52+00:00
order_0000000880,cust_0458,330.00,2025-11-29T17:30:11+00:00
order_0000000881,cust_0423,457.00,2025-11-20T07:17:49+00:00
order_0000000882,cust_0326,528.00,2025-11-19T10:20:52+00:00
order_0000000883,cust_0364,3686.00,2025-11-05T08:35:50+00:00
order_0000000884,cust_0282,864.88,2025-11-08T19:35:24+00:00
order_0000000885,cust_0528,812.99,2025-11-08T13:01:42+00:00
order_0000000886,cust_0886,343.13,2025-11-06T08:27:11+00:00
order_0000000887,cust_0627,134.00,2025-11-27T18:21:47+00:00
order_0000000888,cust_0025,394.33,2025-11-15T07:57:26+00:00
order_0000000889,cust_0465,1926.53,2025-11-08T07:35:43+00:00
order_0000000890,cust_0723,230.23,2025-11-20T11:43:47+00:00
order_0000000891,cust_0826,1024.99,2025-11-11T14:19:43+00:00
order_0000000892,cust_0630,595.99,2025-11-23T00:20:03+00:00
order_0000000893,cust_0252,899.99,2025-11-27T03:59:48+00:00
order_0000000894,cust_0284,945.21,2025-11-01T15:35:15+00:00
order_0000000895,cust_0868,748.00,2025-11-19T13:27:17+00:00
order_0000000896,cust_0304,1661.99,2025-11-15T01:51:13+00:00
order_0000000897,cust_0422,247.26,2025-11-21T08:52:16+00:00
order_0000000898,cust_0105,1821.00,2025-11-10T02:55:07+00:00
order_0000000899,cust_0891,762.92,2025-11-28T17:45:51+00:00
order_0000000900,cust_0208,426.79,2025-11-07T00:43:24+00:00
order_0000000901,cust_0563,6467.00,2025-11-12T21:07:50+00:00
order_0000000902,cust_0113,335.22,2025-11-05T03:47:21+00:00
order_0000000903,cust_0277,2606.00,2025-11-01T14:22:35+00:00
order_0000000904,cust_0733,475.00,2025-11-01T04:16:10+00:00
order_0000000905,cust_0713,3857.58,2025-11-24T22:13:31+00:00
order_0000000906,cust_0018,3195.49,2025-11-08T10:43:31+00:00
order_0000000907,cust_0749,1497.00,2025-11-02T00:17:05+00:00
order_0000000908,cust_0554,1065.00,2025-11-22T17:06:15+00:00
order_0000000909,cust_0351,327.13,2025-11-04T19:04:53+00:00
order_0000000910,cust_0034,2668.00,2025-11-10T17:15:23+00:00
order_0000000911,cust_0038,7647.00,2025-11-20T09:07:18+00:00
order_0000000912,cust_0058,660.48,2025-11-11T16:12:03+00:00
order_0000000913,cust_0013,265.63,2025-11-22T04:06:01+00:00
order_0000000914,cust_0722,108.82,2025-11-19T11:44:00+00:00
order_0000000915,cust_0408,948.00,2025-11-08T14:07:25+00:00
order_0000000916,cust_0611,284.79,2025-11-03T10:20:30+00:00
order_0000000917,cust_0575,574.00,2025-11-17T18:35:44+00:00
order_0000000918,cust_0360,1039.00,2025-11-07T04:19:55+00:00
order_0000000919,cust_0542,910.09,2025-11-29T15:48:50+00:00
order_0000000920,cust_0664,309.48,2025-11-17T06:47:45+00:00
order_0000000921,cust_0478,745.00,2025-11-06T14:08:34+00:00
order_0000000922,cust_0176,265.45,2025-11-25T14:10:56+00:00
order_0000000923,cust_0056,166.00,2025-11-02T12:26:37+00:00
order_0000000924,cust_0039,2656.00,2025-11-10T12:54:56+00:00
order_0000000925,cust_0366,276.11,2025-11-30T06:30:48+00:00
order_0000000926,cust_0273,687.00,2025-11-18T11:36:49+00:00
order_0000000927,cust_0756,268.00,2025-11-15T11:10:06+00:00
order_0000000928,cust_0251,677.44,2025-11-30T05:56:16+00:00
order_0000000929,cust_0089,1025.90,2025-11-09T12:30:05+00:00
order_0000000930,cust_0137,428.53,2025-11-25T04:24:35+00:00
order_0000000931,cust_0846,158.86,2025-11-02T12:55:17+00:00
order_0000000932,cust_0567,383.00,2025-11-18T17:17:53+00:00
order_0000000933,cust_0750,663.15,2025-11-01T11:30:38+00:00
order_0000000934,cust_0866,12517.84,2025-11-09T14:19:11+00:00
order_0000000935,cust_0635,1853.99,2025-11-28T12:11:45+00:00
order_0000000936,cust_0126,258.90,2025-11-29T13:11:01+00:00
order_0000000937,cust_0718,241.00,2025-11-04T05:22:55+00:00
order_0000000938,cust_0818,3288.62,2025-11-03T17:39:26+00:00
order_0000000939,cust_0366,596.64,2025-11-11T03:05:25+00:00
order_0000000940,cust_0530,1012.00,2025-11-22T08:11:00+00:00
order_0000000941,cust_0461,149.88,2025-11-25T14:12:49+00:00
order_0000000942,cust_0091,14629.40,2025-11-14T15:37:29+00:00
order_0000000943,cust_0579,201.34,2025-11-23T11:15:37+00:00
order_0000000944,cust_0145,598.99,2025-11-19T01:52:51+00:00
order_0000000945,cust_0457,512.19,2025-11-30T02:04:46+00:00
order_0000000946,cust_0848,601.07,2025-11-29T13:36:24+00:00
order_0000000947,cust_0483,533.65,2025-11-14T22:58:48+00:00
order_0000000948,cust_0021,290.25,2025-11-03T02:49:39+00:00
order_0000000949,cust_0455,850.67,2025-11-15T06:10:38+00:00
order_0000000950,cust_0630,2574.00,2025-11-07T12:01:33+00:00
order_0000000951,cust_0527,505.00,2025-11-04T06:05:29+00:00
order_0000000952,cust_0090,325.00,2025-11-04T14:45:33+00:00
order_0000000953,cust_0093,639.45,2025-11-08T09:57:45+00:00
order_0000000954,cust_0093,1955.85,2025-11-29T13:16:37+00:00
order_0000000955,cust_0222,229.00,2025-11-01T06:34:30+00:00
order_0000000956,cust_0719,403.99,2025-11-23T14:37:25+00:00
order_0000000957,cust_0107,1797.00,2025-11-28T04:18:35+00:00
order_0000000958,cust_0085,880.99,2025-11-15T22:36:14+00:00
order_0000000959,cust_0340,678.99,2025-11-07T07:35:10+00:00
order_0000000960,cust_0812,389.43,2025-11-03T18:00:04+00:00
order_0000000961,cust_0320,307.52,2025-11-01T10:13:11+00:00
order_0000000962,cust_0720,624.00,2025-11-26T08:10:29+00:00
order_0000000963,cust_0540,124.12,2025-11-12T06:14:01+00:00
order_0000000964,cust_0325,540.24,2025-11-02T22:24:55+00:00
order_0000000965,cust_0528,384.99,2025-11-05T13:57:40+00:00
order_0000000966,cust_0657,154.30,2025-11-02T05:45:23+00:00
order_0000000967,cust_0003,876.00,2025-11-16T09:36:56+00:00
order_0000000968,cust_0793,240.99,2025-11-30T02:12:46+00:00
order_0000000969,cust_0106,961.99,2025-11-15T12:04:55+00:00
order_0000000970,cust_0240,512.00,2025-11-14T06:35:16+00:00
order_0000000971,cust_0605,959.57,2025-11-13T04:43:29+00:00
order_0000000972,cust_0525,269.99,2025-11-15T13:09:51+00:00
order_0000000973,cust_0599,2276.00,2025-11-22T06:04:02+00:00
order_0000000974,cust_0843,245.68,2025-11-25T08:20:30+00:00
order_0000000975,cust_0464,212.00,2025-11-21T07:14:56+00:00
order_0000000976,cust_0774,757.00,2025-11-22T16:49:22+00:00
order_0000000977,cust_0316,607.36,2025-11-24T16:12:20+00:00
order_0000000978,cust_0144,909.99,2025-11-20T03:35:56+00:00
order_0000000979,cust_0527,1222.99,2025-11-02T11:39:20+00:00
order_0000000980,cust_0151,467.75,2025-11-20T09:21:09+00:00
order_0000000981,cust_0614,814.00,2025-11-12T06:14:41+00:00
order_0000000982,cust_0545,460.68,2025-11-02T11:41:03+00:00
order_0000000983,cust_0615,1671.99,2025-11-29T10:15:42+00:00
order_0000000984,cust_0095,803.00,2025-11-09T08:04:54+00:00
order_0000000985,cust_0141,1202.45,2025-11-14T07:34:19+00:00
order_0000000986,cust_0767,1359.37,2025-11-07T14:23:35+00:00
order_0000000987,cust_0756,683.00,2025-11-06T07:04:16+00:00
order_0000000988,cust_0019,3334.00,2025-11-22T15:32:50+00:00
order_0000000989,cust_0098,575.41,2025-11-13T05:56:15+00:00
order_0000000990,cust_0720,367.00,2025-11-07T02:29:12+00:00
order_0000000991,cust_0384,1648.99,2025-11-07T01:28:05+00:00
order_0000000992,cust_0892,140.27,2025-11-02T14:04:57+00:00
order_0000000993,cust_0624,746.00,2025-11-28T07:37:37+00:00
order_0000000994,cust_0520,894.00,2025-11-20T10:53:58+00:00
order_0000000995,cust_0350,350.00,2025-11-28T14:17:48+00:00
order_0000000996,cust_0801,431.00,2025-11-19T12:47:39+00:00
order_0000000997,cust_0105,367.01,2025-11-10T12:44:45+00:00
order_0000000998,cust_0402,2476.98,2025-11-20T17:09:11+00:00
order_0000000999,cust_0605,388.00,2025-11-25T14:38:17+00:00
order_0000001000,cust_0465,976.00,2025-11-19T16:16:27+00:00
order_0000001001,cust_0521,428.80,2025-11-26T06:40:31+00:00
order_0000001002,cust_0609,248.78,2025-11-07T15:29:15+00:00
order_0000001003,cust_0620,3158.33,2025-11-23T09:38:30+00:00
order_0000001004,cust_0757,2218.03,2025-11-02T14:36:14+00:00
order_0000001005,cust_0011,1042.81,2025-11-23T14:16:36+00:00
order_0000001006,cust_0408,779.96,2025-11-30T12:11:18+00:00
order_0000001007,cust_0252,1079.00,2025-11-25T15:11:52+00:00
order_0000001008,cust_0593,1042.18,2025-11-25T09:29:42+00:00
order_0000001009,cust_0192,545.43,2025-11-08T03:38:26+00:00
order_0000001010,cust_0129,3470.00,2025-11-15T16:16:39+00:00
order_0000001011,cust_0842,881.04,2025-11-28T11:10:28+00:00
order_0000001012,cust_0500,2469.69,2025-11-26T20:03:42+00:00
order_0000001013,cust_0652,1449.52,2025-11-29T05:17:42+00:00
order_0000001014,cust_0135,17481.22,2025-11-09T23:01:52+00:00
order_0000001015,cust_0361,510.39,2025-11-13T03:08:49+00:00
order_0000001016,cust_0507,564.00,2025-11-10T15:37:28+00:00
order_0000001017,cust_0684,195.69,2025-11-08T01:00:04+00:00
order_0000001018,cust_0616,2725.99,2025-11-12T07:32:30+00:00
order_0000001019,cust_0152,690.55,2025-11-27T14:35:36+00:00
order_0000001020,cust_0879,773.00,2025-11-19T19:10:56+00:00
order_0000001021,cust_0015,335.00,2025-11-20T04:20:03+00:00
order_0000001022,cust_0588,402.00,2025-11-04T01:08:16+00:00
order_0000001023,cust_0172,2340.26,2025-11-17T14:01:24+00:00
order_0000001024,cust_0430,725.25,2025-11-13T15:36:41+00:00
order_0000001025,cust_0013,826.53,2025-11-10T08:05:21+00:00
order_0000001026,cust_0719,387.99,2025-11-27T15:45:22+00:00
order_0000001027,cust_0401,618.82,2025-11-28T16:42:31+00:00
order_0000001028,cust_0820,927.15,2025-11-09T10:23:31+00:00
order_0000001029,cust_0605,697.00,2025-11-06T06:14:59+00:00
order_0000001030,cust_0134,205.92,2025-11-22T02:30:44+00:00
order_0000001031,cust_0750,2579.99,2025-11-15T11:00:54+00:00
order_0000001032,cust_0565,666.24,2025-11-01T16:54:41+00:00
order_0000001033,cust_0724,1031.55,2025-11-12T13:02:35+00:00
order_0000001034,cust_0894,424.99,2025-11-01T15:44:57+00:00
order_0000001035,cust_0551,814.28,2025-11-20T08:34:49+00:00
order_0000001036,cust_0811,451.99,2025-11-08T00:55:10+00:00
order_0000001037,cust_0210,594.00,2025-11-29T07:24:34+00:00
order_0000001038,cust_0651,126.52,2025-11-24T11:20:47+00:00
order_0000001039,cust_0255,1874.00,2025-11-06T15:18:10+00:00
order_0000001040,cust_0462,892.00,2025-11-04T19:41:09+00:00
order_0000001041,cust_0660,378.91,2025-11-25T15:22:16+00:00
order_0000001042,cust_0476,839.11,2025-11-10T16:15:47+00:00
order_0000001043,cust_0610,1406.00,2025-11-12T01:31:25+00:00
order_0000001044,cust_0501,569.99,2025-11-06T08:14:24+00:00
order_0000001045,cust_0224,1044.59,2025-11-17T14:19:19+00:00
order_0000001046,cust_0776,950.00,2025-11-29T16:08:01+00:00
order_0000001047,cust_0205,12284.06,2025-11-19T22:30:13+00:00
order_0000001048,cust_0128,3041.00,2025-11-07T23:05:33+00:00
order_0000001049,cust_0290,3243.30,2025-11-19T01:00:54+00:00
order_0000001050,cust_0370,448.89,2025-11-01T02:37:02+00:00
order_0000001051,cust_0051,1021.00,2025-11-22T18:10:25+00:00
order_0000001052,cust_0235,2563.12,2025-11-23T13:20:59+00:00
order_0000001053,cust_0847,3218.25,2025-11-06T15:36:56+00:00
order_0000001054,cust_0628,920.59,2025-11-12T11:38:34+00:00
order_0000001055,cust_0429,667.99,2025-11-19T20:57:43+00:00
order_0000001056,cust_0373,973.16,2025-11-24T16:46:41+00:00
order_0000001057,cust_0686,212.00,2025-11-14T14:24:59+00:00
order_0000001058,cust_0592,1469.59,2025-11-22T16:39:06+00:00
order_0000001059,cust_0694,187.05,2025-11-12T12:24:37+00:00
order_0000001060,cust_0683,149.19,2025-11-06T16:29:29+00:00
order_0000001061,cust_0379,607.00,2025-11-10T09:15:11+00:00
order_0000001062,cust_0123,1320.99,2025-11-28T04:18:23+00:00
order_0000001063,cust_0866,2808.78,2025-11-28T16:10:18+00:00
order_0000001064,cust_0567,1033.65,2025-11-30T13:54:04+00:00
order_0000001065,cust_0792,1057.87,2025-11-25T09:20:33+00:00
order_0000001066,cust_0547,1050.32,2025-11-15T14:12:35+00:00
order_0000001067,cust_0502,896.23,2025-11-03T11:24:14+00:00
order_0000001068,cust_0346,3039.00,2025-11-29T15:05:58+00:00
order_0000001069,cust_0138,2120.00,2025-11-04T14:35:39+00:00
order_0000001070,cust_0070,789.01,2025-11-24T15:39:46+00:00
order_0000001071,cust_0089,773.00,2025-11-21T20:41:54+00:00
order_0000001072,cust_0142,430.00,2025-11-07T09:20:44+00:00
order_0000001073,cust_0828,941.99,2025-11-19T13:06:21+00:00
order_0000001074,cust_0339,542.00,2025-11-01T07:21:03+00:00
order_0000001075,cust_0587,754.84,2025-11-22T03:55:07+00:00
order_0000001076,cust_0563,847.00,2025-11-19T16:57:17+00:00
order_0000001077,cust_0526,590.00,2025-11-01T01:03:47+00:00
order_0000001078,cust_0366,1078.00,2025-11-20T06:26:27+00:00
order_0000001079,cust_0247,1025.00,2025-11-03T13:45:42+00:00
order_0000001080,cust_0014,749.99,2025-11-17T01:39:18+00:00
order_0000001081,cust_0898,564.87,2025-11-23T13:15:38+00:00
order_0000001082,cust_0692,3533.64,2025-11-13T03:22:45+00:00
order_0000001083,cust_0563,577.00,2025-11-12T06:04:53+00:00
order_0000001084,cust_0842,476.12,2025-11-27T17:12:19+00:00
order_0000001085,cust_0639,231.25,2025-11-15T14:13:22+00:00
order_0000001086,cust_0485,1046.99,2025-11-14T14:21:29+00:00
order_0000001087,cust_0880,460.97,2025-11-28T07:20:18+00:00
order_0000001088,cust_0220,1149.30,2025-11-09T11:17:44+00:00
order_0000001089,cust_0489,465.09,2025-11-20T01:55:00+00:00
order_0000001090,cust_0861,1039.58,2025-11-03T08:06:19+00:00
order_0000001091,cust_0369,941.00,2025-11-26T07:33:54+00:00
order_0000001092,cust_0040,685.00,2025-11-27T16:06:31+00:00
order_0000001093,cust_0550,207.71,2025-11-14T09:07:51+00:00
order_0000001094,cust_0185,1019.24,2025-11-16T11:01:37+00:00
order_0000001095,cust_0442,1183.18,2025-11-21T01:57:05+00:00
order_0000001096,cust_0265,429.00,2025-11-22T01:40:35+00:00
order_0000001097,cust_0136,687.00,2025-11-15T10:12:26+00:00
order_0000001098,cust_0524,114.40,2025-11-02T07:37:54+00:00
order_0000001099,cust_0480,369.00,2025-11-11T17:10:33+00:00
order_0000001100,cust_0602,195.99,2025-11-07T13:39:02+00:00
order_0000001101,cust_0256,2540.27,2025-11-17T17:36:51+00:00
order_0000001102,cust_0294,896.00,2025-11-01T07:42:32+00:00
order_0000001103,cust_0217,144.00,2025-11-10T07:55:21+00:00
order_0000001104,cust_0866,2704.95,2025-11-25T08:50:46+00:00
order_0000001105,cust_0170,683.55,2025-11-08T16:58:11+00:00
order_0000001106,cust_0621,569.00,2025-11-04T12:29:28+00:00
order_0000001107,cust_0384,935.00,2025-11-16T15:54:38+00:00
order_0000001108,cust_0143,290.00,2025-11-15T12:03:25+00:00
order_0000001109,cust_0454,1465.00,2025-11-04T09:12:19+00:00
order_0000001110,cust_0659,217.00,2025-11-13T15:45:50+00:00
order_0000001111,cust_0690,825.99,2025-11-10T08:43:46+00:00
order_0000001112,cust_0447,889.00,2025-11-14T00:51:27+00:00
order_0000001113,cust_0740,611.09,2025-11-09T12:48:54+00:00
order_0000001114,cust_0838,2939.00,2025-11-16T14:57:47+00:00
order_0000001115,cust_0631,813.46,2025-11-07T07:13:28+00:00
order_0000001116,cust_0242,638.54,2025-11-30T06:45:32+00:00
order_0000001117,cust_0763,972.41,2025-11-12T16:04:22+00:00
order_0000001118,cust_0423,3022.18,2025-11-23T05:24:59+00:00
order_0000001119,cust_0482,994.05,2025-11-25T12:51:21+00:00
order_0000001120,cust_0072,250.00,2025-11-16T08:56:21+00:00
order_0000001121,cust_0439,857.00,2025-11-28T08:03:17+00:00
order_0000001122,cust_0757,348.49,2025-11-09T05:31:34+00:00
order_0000001123,cust_0492,572.85,2025-11-08T17:03:13+00:00
order_0000001124,cust_0108,12663.00,2025-11-18T19:04:10+00:00
order_0000001125,cust_0054,17146.00,2025-11-23T12:23:24+00:00
order_0000001126,cust_0521,239.62,2025-11-29T02:49:32+00:00
order_0000001127,cust_0555,890.00,2025-11-08T15:42:04+00:00
order_0000001128,cust_0493,504.63,2025-11-01T10:07:19+00:00
order_0000001129,cust_0734,189.00,2025-11-11T01:43:45+00:00
order_0000001130,cust_0701,210.39,2025-11-13T11:26:08+00:00
order_0000001131,cust_0399,153.00,2025-11-27T12:25:20+00:00
order_0000001132,cust_0817,229.38,2025-11-08T11:50:38+00:00
order_0000001133,cust_0425,977.99,2025-11-29T04:46:41+00:00
order_0000001134,cust_0895,519.67,2025-11-30T16:53:41+00:00
order_0000001135,cust_0350,632.95,2025-11-08T10:11:27+00:00
order_0000001136,cust_0441,1064.08,2025-11-28T00:49:32+00:00
order_0000001137,cust_0574,994.00,2025-11-30T08:12:39+00:00
order_0000001138,cust_0162,929.00,2025-11-24T15:26:28+00:00
order_0000001139,cust_0876,1978.45,2025-11-11T13:04:18+00:00
order_0000001140,cust_0648,208.00,2025-11-16T18:18:39+00:00
order_0000001141,cust_0500,1069.85,2025-11-18T04:47:03+00:00
order_0000001142,cust_0625,681.00,2025-11-11T10:43:48+00:00
order_0000001143,cust_0187,1737.30,2025-11-23T04:27:26+00:00
order_0000001144,cust_0526,503.00,2025-11-11T02:47:00+00:00
order_0000001145,cust_0270,169.44,2025-11-02T11:47:34+00:00
order_0000001146,cust_0717,2414.07,2025-11-26T13:30:18+00:00
order_0000001147,cust_0709,358.03,2025-11-16T16:03:08+00:00
order_0000001148,cust_0767,1449.62,2025-11-30T10:47:45+00:00
order_0000001149,cust_0743,13400.99,2025-11-01T15:57:05+00:00
order_0000001150,cust_0734,594.99,2025-11-21T16:02:49+00:00
order_0000001151,cust_0458,518.00,2025-11-17T12:11:03+00:00
order_0000001152,cust_0181,400.00,2025-11-24T13:30:51+00:00
order_0000001153,cust_0015,340.00,2025-11-03T05:06:25+00:00
order_0000001154,cust_0541,114.25,2025-11-28T23:34:05+00:00
order_0000001155,cust_0251,2130.53,2025-11-22T14:55:12+00:00
order_0000001156,cust_0251,338.00,2025-11-06T20:35:26+00:00
order_0000001157,cust_0656,524.17,2025-11-28T03:48:20+00:00
order_0000001158,cust_0258,1571.48,2025-11-11T06:48:35+00:00
order_0000001159,cust_0225,981.99,2025-11-05T08:33:19+00:00
order_0000001160,cust_0537,1076.42,2025-11-25T07:09:12+00:00
order_0000001161,cust_0455,889.98,2025-11-14T13:47:09+00:00
order_0000001162,cust_0164,221.99,2025-11-04T09:29:59+00:00
order_0000001163,cust_0448,1011.05,2025-11-10T19:12:40+00:00
order_0000001164,cust_0235,367.00,2025-11-09T09:18:20+00:00
order_0000001165,cust_0698,402.00,2025-11-15T17:03:54+00:00
order_0000001166,cust_0744,496.58,2025-11-27T09:42:06+00:00
order_0000001167,cust_0288,755.93,2025-11-09T08:49:28+00:00
order_0000001168,cust_0468,658.00,2025-11-14T21:37:40+00:00
order_0000001169,cust_0143,651.10,2025-11-30T12:24:33+00:00
order_0000001170,cust_0624,301.00,2025-11-27T10:53:19+00:00
order_0000001171,cust_0268,891.72,2025-11-05T06:51:07+00:00
order_0000001172,cust_0255,574.99,2025-11-11T21:36:44+00:00
order_0000001173,cust_0495,257.00,2025-11-28T12:06:58+00:00
order_0000001174,cust_0010,861.00,2025-11-08T11:40:53+00:00
order_0000001175,cust_0473,569.27,2025-11-29T18:06:49+00:00
order_0000001176,cust_0139,424.10,2025-11-27T05:17:00+00:00
order_0000001177,cust_0257,2373.99,2025-11-27T06:29:18+00:00
order_0000001178,cust_0608,434.15,2025-11-21T10:52:38+00:00
order_0000001179,cust_0254,372.00,2025-11-23T18:00:04+00:00
order_0000001180,cust_0612,17114.99,2025-11-16T13:45:12+00:00
order_0000001181,cust_0880,410.00,2025-11-07T10:19:32+00:00
order_0000001182,cust_0258,795.38,2025-11-03T06:38:59+00:00
order_0000001183,cust_0497,755.21,2025-11-06T03:46:10+00:00
order_0000001184,cust_0497,1037.99,2025-11-26T20:21:10+00:00
order_0000001185,cust_0095,926.00,2025-11-26T11:15:18+00:00
order_0000001186,cust_0009,1794.99,2025-11-20T15:10:41+00:00
order_0000001187,cust_0711,485.99,2025-11-02T19:34:10+00:00
order_0000001188,cust_0664,431.00,2025-11-11T03:12:34+00:00
order_0000001189,cust_0744,523.70,2025-11-10T12:00:30+00:00
order_0000001190,cust_0102,588.11,2025-11-22T22:50:14+00:00
order_0000001191,cust_0335,346.00,2025-11-14T02:59:59+00:00
order_0000001192,cust_0181,928.00,2025-11-29T03:56:47+00:00
order_0000001193,cust_0645,760.00,2025-11-06T15:36:21+00:00
order_0000001194,cust_0693,2945.00,2025-11-21T09:55:07+00:00
order_0000001195,cust_0351,140.90,2025-11-19T03:12:46+00:00
order_0000001196,cust_0685,842.99,2025-11-15T07:08:01+00:00
order_0000001197,cust_0769,1053.31,2025-11-12T21:46:51+00:00
order_0000001198,cust_0409,315.99,2025-11-24T10:40:56+00:00
order_0000001199,cust_0841,324.69,2025-11-08T15:11:21+00:00
order_0000001200,cust_0182,213.00,2025-11-16T12:46:31+00:00
order_0000001201,cust_0217,851.46,2025-11-08T16:11:01+00:00
order_0000001202,cust_0549,189.77,2025-11-21T13:59:55+00:00
order_0000001203,cust_0735,1933.00,2025-11-25T13:00:10+00:00
order_0000001204,cust_0560,391.52,2025-11-02T11:53:53+00:00
order_0000001205,cust_0246,376.00,2025-11-03T07:41:27+00:00
order_0000001206,cust_0884,132.91,2025-11-04T10:59:55+00:00
order_0000001207,cust_0871,554.18,2025-11-09T08:13:11+00:00
order_0000001208,cust_0566,740.01,2025-11-07T15:39:49+00:00
order_0000001209,cust_0290,226.88,2025-11-15T06:20:26+00:00
order_0000001210,cust_0378,951.79,2025-11-13T14:53:30+00:00
order_0000001211,cust_0325,1187.00,2025-11-07T14:47:02+00:00
order_0000001212,cust_0298,958.70,2025-11-13T05:47:22+00:00
order_0000001213,cust_0602,892.00,2025-11-21T21:58:46+00:00
order_0000001214,cust_0518,543.00,2025-11-08T11:59:33+00:00
order_0000001215,cust_0090,457.09,2025-11-25T15:03:13+00:00
order_0000001216,cust_0165,804.00,2025-11-04T11:46:41+00:00
order_0000001217,cust_0829,235.00,2025-11-24T11:31:20+00:00
order_0000001218,cust_0319,1039.36,2025-11-25T09:20:53+00:00
order_0000001219,cust_0186,3435.20,2025-11-03T13:54:56+00:00
order_0000001220,cust_0461,884.28,2025-11-24T17:51:25+00:00
order_0000001221,cust_0334,913.29,2025-11-14T17:39:43+00:00
order_0000001222,cust_0411,455.97,2025-11-02T14:41:15+00:00
order_0000001223,cust_0139,3216.56,2025-11-19T15:45:21+00:00
order_0000001224,cust_0488,102.00,2025-11-26T16:37:49+00:00
order_0000001225,cust_0166,2091.00,2025-11-19T07:25:35+00:00
order_0000001226,cust_0347,386.23,2025-11-22T07:03:01+00:00
order_0000001227,cust_0618,150.06,2025-11-09T13:16:33+00:00
order_0000001228,cust_0142,712.59,2025-11-29T16:37:20+00:00
order_0000001229,cust_0360,13950.08,2025-11-11T16:57:08+00:00
order_0000001230,cust_0105,2502.99,2025-11-19T10:46:42+00:00
order_0000001231,cust_0531,722.00,2025-11-30T03:04:19+00:00
order_0000001232,cust_0382,402.00,2025-11-16T00:34:37+00:00
order_0000001233,cust_0534,148.00,2025-11-17T21:44:58+00:00
order_0000001234,cust_0337,5684.02,2025-11-13T02:36:21+00:00
order_0000001235,cust_0153,7640.35,2025-11-19T09:17:42+00:00
order_0000001236,cust_0100,570.00,2025-11-23T18:50:30+00:00
order_0000001237,cust_0451,707.00,2025-11-08T08:01:32+00:00
order_0000001238,cust_0174,327.24,2025-11-12T08:52:29+00:00
order_0000001239,cust_0844,1130.30,2025-11-30T04:16:48+00:00
order_0000001240,cust_0152,285.21,2025-11-25T01:51:38+00:00
order_0000001241,cust_0135,411.35,2025-11-22T16:21:05+00:00
order_0000001242,cust_0625,536.99,2025-11-25T08:32:50+00:00
order_0000001243,cust_0197,168.00,2025-11-02T06:39:03+00:00
order_0000001244,cust_0276,6226.42,2025-11-08T10:39:07+00:00
order_0000001245,cust_0676,639.05,2025-11-01T07:52:40+00:00
order_0000001246,cust_0344,915.00,2025-11-21T18:19:05+00:00
order_0000001247,cust_0300,1512.89,2025-11-19T08:13:38+00:00
order_0000001248,cust_0655,1054.99,2025-11-23T12:46:46+00:00
order_0000001249,cust_0571,925.48,2025-11-26T10:48:42+00:00
order_0000001250,cust_0853,745.53,2025-11-17T09:46:44+00:00
order_0000001251,cust_0581,12927.00,2025-11-17T16:06:52+00:00
order_0000001252,cust_0213,1501.23,2025-11-14T17:44:25+00:00
order_0000001253,cust_0205,451.00,2025-11-07T15:01:57+00:00
order_0000001254,cust_0682,227.00,2025-11-21T09:45:00+00:00
order_0000001255,cust_0863,252.00,2025-11-17T07:56:33+00:00
order_0000001256,cust_0582,432.17,2025-11-10T12:51:24+00:00
order_0000001257,cust_0009,552.29,2025-11-27T15:52:42+00:00
order_0000001258,cust_0434,180.97,2025-11-24T13:20:19+00:00
order_0000001259,cust_0517,1109.99,2025-11-02T13:16:48+00:00
order_0000001260,cust_0511,631.00,2025-11-05T06:43:49+00:00
order_0000001261,cust_0100,238.64,2025-11-05T08:09:32+00:00
order_0000001262,cust_0721,514.71,2025-11-04T01:14:36+00:00
order_0000001263,cust_0857,5562.07,2025-11-28T18:39:45+00:00
order_0000001264,cust_0258,830.00,2025-11-21T12:48:26+00:00
order_0000001265,cust_0792,714.20,2025-11-17T13:22:33+00:00
order_0000001266,cust_0790,14229.00,2025-11-29T00:50:23+00:00
order_0000001267,cust_0486,1037.00,2025-11-14T16:37:16+00:00
order_0000001268,cust_0195,935.00,2025-11-26T00:16:29+00:00
order_0000001269,cust_0488,827.85,2025-11-21T09:50:30+00:00
order_0000001270,cust_0019,127.91,2025-11-04T04:53:03+00:00
order_0000001271,cust_0371,789.18,2025-11-26T23:31:22+00:00
order_0000001272,cust_0564,565.25,2025-11-10T06:41:03+00:00
order_0000001273,cust_0360,2389.30,2025-11-08T06:10:49+00:00
order_0000001274,cust_0573,780.10,2025-11-10T06:41:35+00:00
order_0000001275,cust_0322,520.77,2025-11-06T10:09:25+00:00
order_0000001276,cust_0506,482.89,2025-11-05T17:46:55+00:00
order_0000001277,cust_0642,1061.82,2025-11-23T15:01:45+00:00
order_0000001278,cust_0593,1052.63,2025-11-30T08:29:45+00:00
order_0000001279,cust_0094,325.00,2025-11-22T10:54:03+00:00
order_0000001280,cust_0052,289.00,2025-11-14T14:31:11+00:00
order_0000001281,cust_0893,684.00,2025-11-08T03:19:45+00:00
order_0000001282,cust_0254,485.32,2025-11-04T12:38:00+00:00
order_0000001283,cust_0688,1063.99,2025-11-25T11:40:04+00:00
order_0000001284,cust_0174,3250.49,2025-11-12T00:38:48+00:00
order_0000001285,cust_0496,910.00,2025-11-25T08:14:57+00:00
order_0000001286,cust_0528,981.03,2025-11-17T09:59:07+00:00
order_0000001287,cust_0408,590.34,2025-11-05T04:11:55+00:00
order_0000001288,cust_0461,7744.00,2025-11-04T12:35:40+00:00
order_0000001289,cust_0702,1686.67,2025-11-17T22:38:18+00:00
order_0000001290,cust_0027,817.89,2025-11-13T18:24:00+00:00
order_0000001291,cust_0574,405.31,2025-11-28T15:45:25+00:00
order_0000001292,cust_0456,902.00,2025-11-14T02:52:29+00:00
order_0000001293,cust_0250,2275.00,2025-11-28T02:33:12+00:00
order_0000001294,cust_0150,719.40,2025-11-18T12:15:28+00:00
order_0000001295,cust_0506,749.78,2025-11-09T16:44:33+00:00
order_0000001296,cust_0020,189.99,2025-11-13T08:12:40+00:00
order_0000001297,cust_0561,178.64,2025-11-22T17:31:29+00:00
order_0000001298,cust_0181,237.27,2025-11-30T12:51:03+00:00
order_0000001299,cust_0184,418.99,2025-11-27T16:28:42+00:00
order_0000001300,cust_0853,3865.98,2025-11-13T10:14:21+00:00
order_0000001301,cust_0427,387.89,2025-11-27T23:02:17+00:00
order_0000001302,cust_0430,503.57,2025-11-05T07:53:47+00:00
order_0000001303,cust_0648,604.00,2025-11-06T07:51:21+00:00
order_0000001304,cust_0025,244.00,2025-11-30T14:49:19+00:00
order_0000001305,cust_0501,864.22,2025-11-17T15:42:17+00:00
order_0000001306,cust_0545,1048.49,2025-11-14T23:23:17+00:00
order_0000001307,cust_0061,1050.09,2025-11-22T01:01:33+00:00
order_0000001308,cust_0262,820.00,2025-11-24T08:13:37+00:00
order_0000001309,cust_0291,916.99,2025-11-29T15:02:46+00:00
order_0000001310,cust_0331,991.72,2025-11-25T11:35:21+00:00
order_0000001311,cust_0164,824.95,2025-11-06T05:20:17+00:00
order_0000001312,cust_0275,14962.37,2025-11-25T03:18:37+00:00
order_0000001313,cust_0488,587.52,2025-11-18T15:38:29+00:00
order_0000001314,cust_0259,444.79,2025-11-25T01:05:36+00:00
order_0000001315,cust_0433,206.00,2025-11-28T16:31:28+00:00
order_0000001316,cust_0347,945.79,2025-11-17T08:41:50+00:00
order_0000001317,cust_0871,405.00,2025-11-03T01:17:47+00:00
order_0000001318,cust_0763,773.00,2025-11-07T17:27:16+00:00
order_0000001319,cust_0114,397.22,2025-11-01T06:09:29+00:00
order_0000001320,cust_0502,658.00,2025-11-04T06:56:02+00:00
order_0000001321,cust_0241,122.99,2025-11-28T17:15:06+00:00
order_0000001322,cust_0886,720.23,2025-11-07T13:00:18+00:00
order_0000001323,cust_0666,923.00,2025-11-05T18:57:47+00:00
order_0000001324,cust_0823,527.99,2025-11-23T10:54:57+00:00
order_0000001325,cust_0419,849.58,2025-11-23T12:27:42+00:00
order_0000001326,cust_0180,128.00,2025-11-24T23:11:27+00:00
order_0000001327,cust_0679,798.28,2025-11-19T10:43:41+00:00
order_0000001328,cust_0523,2466.09,2025-11-24T01:57:12+00:00
order_0000001329,cust_0733,214.82,2025-11-24T15:08:38+00:00
order_0000001330,cust_0347,1565.05,2025-11-27T10:47:39+00:00
order_0000001331,cust_0736,697.20,2025-11-07T16:27:31+00:00
order_0000001332,cust_0647,2948.85,2025-11-17T16:43:08+00:00
order_0000001333,cust_0536,709.03,2025-11-02T12:46:20+00:00
order_0000001334,cust_0729,667.11,2025-11-01T12:09:12+00:00
order_0000001335,cust_0804,734.00,2025-11-25T12:37:13+00:00
order_0000001336,cust_0720,923.99,2025-11-25T03:48:16+00:00
order_0000001337,cust_0687,333.77,2025-11-23T12:48:54+00:00
order_0000001338,cust_0718,845.33,2025-11-12T22:55:10+00:00
order_0000001339,cust_0757,604.99,2025-11-14T13:46:31+00:00
order_0000001340,cust_0725,488.00,2025-11-26T09:18:51+00:00
order_0000001341,cust_0758,806.27,2025-11-04T07:43:41+00:00
order_0000001342,cust_0259,110.99,2025-11-20T11:34:20+00:00
order_0000001343,cust_0267,794.36,2025-11-06T17:23:14+00:00
order_0000001344,cust_0312,800.00,2025-11-10T12:03:10+00:00
order_0000001345,cust_0749,837.49,2025-11-20T09:10:56+00:00
order_0000001346,cust_0783,645.66,2025-11-02T08:59:03+00:00
order_0000001347,cust_0049,1025.00,2025-11-27T16:53:05+00:00
order_0000001348,cust_0576,279.12,2025-11-01T14:53:04+00:00
order_0000001349,cust_0046,3598.00,2025-11-19T15:39:53+00:00
order_0000001350,cust_0069,290.97,2025-11-27T14:23:43+00:00
order_0000001351,cust_0502,841.13,2025-11-25T09:58:36+00:00
order_0000001352,cust_0892,585.16,2025-11-13T11:14:47+00:00
order_0000001353,cust_0381,1025.10,2025-11-08T08:07:40+00:00
order_0000001354,cust_0713,791.32,2025-11-21T12:59:24+00:00
order_0000001355,cust_0099,486.00,2025-11-29T14:24:17+00:00
order_0000001356,cust_0033,995.99,2025-11-19T02:04:53+00:00
order_0000001357,cust_0138,971.00,2025-11-17T11:51:03+00:00
order_0000001358,cust_0873,216.99,2025-11-08T20:13:33+00:00
order_0000001359,cust_0632,269.99,2025-11-08T08:06:56+00:00
order_0000001360,cust_0665,1270.43,2025-11-20T08:33:44+00:00
order_0000001361,cust_0482,392.00,2025-11-26T09:00:34+00:00
order_0000001362,cust_0669,648.00,2025-11-07T01:46:41+00:00
order_0000001363,cust_0558,863.00,2025-11-25T15:20:52+00:00
order_0000001364,cust_0546,3052.00,2025-11-28T10:04:30+00:00
order_0000001365,cust_0270,239.32,2025-11-21T12:04:44+00:00
order_0000001366,cust_0242,3012.33,2025-11-04T01:23:51+00:00
order_0000001367,cust_0799,8637.12,2025-11-11T10:40:03+00:00
order_0000001368,cust_0286,680.19,2025-11-07T16:58:25+00:00
order_0000001369,cust_0026,678.94,2025-11-11T19:30:11+00:00
order_0000001370,cust_0692,546.64,2025-11-21T07:19:41+00:00
order_0000001371,cust_0361,800.00,2025-11-23T06:35:06+00:00
order_0000001372,cust_0562,345.46,2025-11-16T16:22:41+00:00
order_0000001373,cust_0168,923.00,2025-11-25T18:44:23+00:00
order_0000001374,cust_0383,934.58,2025-11-10T13:04:33+00:00
order_0000001375,cust_0794,17406.13,2025-11-11T10:09:38+00:00
order_0000001376,cust_0783,847.00,2025-11-27T10:05:55+00:00
order_0000001377,cust_0031,1025.18,2025-11-09T04:55:00+00:00
order_0000001378,cust_0610,163.00,2025-11-21T03:34:23+00:00
order_0000001379,cust_0107,251.00,2025-11-27T06:33:20+00:00
order_0000001380,cust_0643,1674.35,2025-11-10T03:19:10+00:00
order_0000001381,cust_0689,615.31,2025-11-12T18:57:27+00:00
order_0000001382,cust_0767,283.52,2025-11-10T15:17:15+00:00
order_0000001383,cust_0583,213.43,2025-11-13T11:46:31+00:00
order_0000001384,cust_0366,625.00,2025-11-03T14:45:28+00:00
order_0000001385,cust_0006,989.39,2025-11-07T12:59:53+00:00
order_0000001386,cust_0015,810.00,2025-11-02T08:22:01+00:00
order_0000001387,cust_0001,3390.00,2025-11-28T00:15:25+00:00
order_0000001388,cust_0829,153.00,2025-11-17T20:22:19+00:00
order_0000001389,cust_0032,208.83,2025-11-25T05:36:08+00:00
order_0000001390,cust_0423,233.00,2025-11-20T05:26:07+00:00
order_0000001391,cust_0747,825.99,2025-11-25T04:03:40+00:00
order_0000001392,cust_0405,949.89,2025-11-10T11:39:35+00:00
order_0000001393,cust_0464,1054.50,2025-11-16T06:27:15+00:00
order_0000001394,cust_0198,456.00,2025-11-27T07:20:19+00:00
order_0000001395,cust_0594,14842.49,2025-11-02T19:20:09+00:00
order_0000001396,cust_0672,616.00,2025-11-22T03:21:56+00:00
order_0000001397,cust_0305,2376.97,2025-11-08T12:55:25+00:00
order_0000001398,cust_0328,509.99,2025-11-13T07:54:45+00:00
order_0000001399,cust_0221,9904.86,2025-11-16T18:21:12+00:00
order_0000001400,cust_0463,3258.00,2025-11-10T09:01:16+00:00
order_0000001401,cust_0848,219.00,2025-11-15T15:44:19+00:00
order_0000001402,cust_0552,228.89,2025-11-02T12:57:20+00:00
order_0000001403,cust_0773,11420.00,2025-11-18T21:57:01+00:00
order_0000001404,cust_0668,1779.52,2025-11-24T03:59:45+00:00
order_0000001405,cust_0626,663.78,2025-11-27T00:29:45+00:00
order_0000001406,cust_0109,507.00,2025-11-26T10:31:48+00:00
order_0000001407,cust_0820,556.27,2025-11-08T06:40:39+00:00
order_0000001408,cust_0492,1540.00,2025-11-08T23:43:51+00:00
order_0000001409,cust_0318,765.28,2025-11-30T12:01:57+00:00
order_0000001410,cust_0770,671.08,2025-11-13T05:38:13+00:00
order_0000001411,cust_0050,434.00,2025-11-07T08:02:08+00:00
order_0000001412,cust_0120,8556.99,2025-11-17T19:41:37+00:00
order_0000001413,cust_0684,170.99,2025-11-18T23:06:16+00:00
order_0000001414,cust_0707,1079.00,2025-11-29T18:14:32+00:00
order_0000001415,cust_0678,628.99,2025-11-04T11:14:01+00:00
order_0000001416,cust_0454,505.09,2025-11-23T10:44:38+00:00
order_0000001417,cust_0876,1652.99,2025-11-01T02:03:34+00:00
order_0000001418,cust_0809,211.74,2025-11-14T10:28:04+00:00
order_0000001419,cust_0501,579.55,2025-11-13T08:42:31+00:00
order_0000001420,cust_0467,254.00,2025-11-05T08:40:51+00:00
order_0000001421,cust_0007,546.00,2025-11-21T15:42:12+00:00
order_0000001422,cust_0139,1423.99,2025-11-15T17:10:58+00:00
order_0000001423,cust_0411,182.00,2025-11-06T20:20:52+00:00
order_0000001424,cust_0755,3290.04,2025-11-27T03:29:19+00:00
order_0000001425,cust_0344,1039.78,2025-11-13T18:39:12+00:00
order_0000001426,cust_0732,461.00,2025-11-24T01:11:22+00:00
order_0000001427,cust_0247,661.28,2025-11-09T21:11:47+00:00
order_0000001428,cust_0090,11320.71,2025-11-21T11:44:40+00:00
order_0000001429,cust_0530,440.26,2025-11-27T02:32:58+00:00
order_0000001430,cust_0773,660.36,2025-11-01T12:13:35+00:00
order_0000001431,cust_0567,2890.81,2025-11-18T16:36:37+00:00
order_0000001432,cust_0361,13067.82,2025-11-22T07:38:28+00:00
order_0000001433,cust_0424,129.57,2025-11-16T13:37:35+00:00
order_0000001434,cust_0088,3074.48,2025-11-29T04:13:50+00:00
order_0000001435,cust_0736,424.00,2025-11-29T13:53:41+00:00
order_0000001436,cust_0716,321.28,2025-11-04T14:43:56+00:00
order_0000001437,cust_0341,300.70,2025-11-25T07:44:17+00:00
order_0000001438,cust_0408,113.00,2025-11-07T00:29:19+00:00
order_0000001439,cust_0142,1488.69,2025-11-23T13:05:39+00:00
order_0000001440,cust_0835,1013.21,2025-11-26T12:11:55+00:00
order_0000001441,cust_0506,7919.00,2025-11-12T18:13:00+00:00
order_0000001442,cust_0830,819.00,2025-11-21T15:15:49+00:00
order_0000001443,cust_0661,1887.99,2025-11-21T04:49:52+00:00
order_0000001444,cust_0242,328.00,2025-11-26T20:27:54+00:00
order_0000001445,cust_0151,744.00,2025-11-02T13:04:09+00:00
order_0000001446,cust_0148,248.00,2025-11-24T18:15:09+00:00
order_0000001447,cust_0496,754.42,2025-11-01T14:59:26+00:00
order_0000001448,cust_0334,297.70,2025-11-25T02:46:27+00:00
order_0000001449,cust_0439,1667.37,2025-11-29T11:59:41+00:00
order_0000001450,cust_0842,848.27,2025-11-19T17:37:29+00:00
order_0000001451,cust_0730,875.99,2025-11-11T23:23:24+00:00
order_0000001452,cust_0267,10692.10,2025-11-10T04:46:50+00:00
order_0000001453,cust_0057,743.87,2025-11-28T15:13:04+00:00
order_0000001454,cust_0664,3189.61,2025-11-28T03:17:19+00:00
order_0000001455,cust_0057,337.84,2025-11-14T14:00:56+00:00
order_0000001456,cust_0690,2338.03,2025-11-24T16:01:47+00:00
order_0000001457,cust_0850,1002.57,2025-11-09T02:27:45+00:00
order_0000001458,cust_0242,13935.00,2025-11-14T14:00:27+00:00
order_0000001459,cust_0132,657.00,2025-11-03T03:57:35+00:00
order_0000001460,cust_0312,296.04,2025-11-18T16:55:39+00:00
order_0000001461,cust_0040,5877.76,2025-11-14T06:50:59+00:00
order_0000001462,cust_0458,743.00,2025-11-01T18:25:26+00:00
order_0000001463,cust_0004,663.99,2025-11-13T08:08:10+00:00
order_0000001464,cust_0629,2557.06,2025-11-18T07:48:09+00:00
order_0000001465,cust_0520,210.00,2025-11-14T08:26:12+00:00
order_0000001466,cust_0394,1076.52,2025-11-22T14:53:49+00:00
order_0000001467,cust_0008,3302.00,2025-11-27T08:49:01+00:00
order_0000001468,cust_0026,1017.00,2025-11-13T04:41:00+00:00
order_0000001469,cust_0068,671.00,2025-11-07T06:17:27+00:00
order_0000001470,cust_0103,1756.93,2025-11-24T14:40:18+00:00
order_0000001471,cust_0770,2580.06,2025-11-14T02:14:30+00:00
order_0000001472,cust_0400,154.64,2025-11-04T10:29:18+00:00
order_0000001473,cust_0691,117.02,2025-11-25T07:54:49+00:00
order_0000001474,cust_0359,812.00,2025-11-23T11:06:01+00:00
order_0000001475,cust_0476,733.03,2025-11-11T13:58:17+00:00
order_0000001476,cust_0600,2383.92,2025-11-28T12:13:09+00:00
order_0000001477,cust_0094,216.44,2025-11-30T16:34:41+00:00
order_0000001478,cust_0163,878.67,2025-11-14T23:58:47+00:00
order_0000001479,cust_0216,1006.99,2025-11-25T09:23:21+00:00
order_0000001480,cust_0829,898.00,2025-11-22T03:56:27+00:00
order_0000001481,cust_0360,845.99,2025-11-22T18:26:21+00:00
order_0000001482,cust_0577,15811.00,2025-11-29T06:31:42+00:00
order_0000001483,cust_0051,390.00,2025-11-11T10:07:06+00:00
order_0000001484,cust_0803,599.00,2025-11-17T08:44:09+00:00
order_0000001485,cust_0166,110.93,2025-11-03T10:13:11+00:00
order_0000001486,cust_0310,3212.18,2025-11-09T09:10:02+00:00
order_0000001487,cust_0385,382.48,2025-11-25T11:06:28+00:00
order_0000001488,cust_0795,175.00,2025-11-28T13:53:16+00:00
order_0000001489,cust_0603,103.00,2025-11-22T18:14:30+00:00
order_0000001490,cust_0719,770.42,2025-11-23T20:48:04+00:00
order_0000001491,cust_0815,476.92,2025-11-30T10:23:43+00:00
order_0000001492,cust_0417,115.39,2025-11-04T17:38:01+00:00
order_0000001493,cust_0188,869.60,2025-11-19T11:31:42+00:00
order_0000001494,cust_0817,1077.00,2025-11-10T11:33:19+00:00
order_0000001495,cust_0594,668.64,2025-11-06T06:36:58+00:00
order_0000001496,cust_0332,1042.00,2025-11-06T00:47:01+00:00
order_0000001497,cust_0117,338.71,2025-11-24T07:43:10+00:00
order_0000001498,cust_0786,611.55,2025-11-09T07:56:49+00:00
order_0000001499,cust_0319,2999.00,2025-11-06T16:51:34+00:00
order_0000001500,cust_0255,730.14,2025-11-25T13:18:21+00:00
order_0000001501,cust_0719,2211.99,2025-11-18T17:08:57+00:00
order_0000001502,cust_0049,2402.00,2025-11-17T15:47:50+00:00
order_0000001503,cust_0844,415.99,2025-11-04T10:27:32+00:00
order_0000001504,cust_0562,2265.99,2025-11-17T13:49:24+00:00
order_0000001505,cust_0104,128.19,2025-11-30T04:14:15+00:00
order_0000001506,cust_0063,553.99,2025-10-31T19:12:58+00:00
order_0000001507,cust_0793,9431.00,2025-11-03T19:50:37+00:00
order_0000001508,cust_0234,595.99,2025-11-19T19:16:26+00:00
order_0000001509,cust_0516,381.99,2025-11-22T08:02:43+00:00
order_0000001510,cust_0271,848.00,2025-11-05T10:57:00+00:00
order_0000001511,cust_0540,913.35,2025-11-16T16:39:43+00:00
order_0000001512,cust_0607,1079.91,2025-11-24T05:45:52+00:00
order_0000001513,cust_0677,1543.75,2025-11-14T21:58:19+00:00
order_0000001514,cust_0543,1010.99,2025-11-17T11:50:06+00:00
order_0000001515,cust_0791,997.00,2025-11-11T06:56:44+00:00
order_0000001516,cust_0766,412.00,2025-11-12T13:13:16+00:00
order_0000001517,cust_0183,1331.99,2025-11-11T21:17:01+00:00
order_0000001518,cust_0508,1119.62,2025-11-16T22:32:23+00:00
order_0000001519,cust_0521,3354.00,2025-11-16T04:41:45+00:00
order_0000001520,cust_0817,916.00,2025-11-16T11:34:58+00:00
order_0000001521,cust_0657,907.00,2025-11-08T15:50:55+00:00
order_0000001522,cust_0486,170.10,2025-11-18T13:19:34+00:00
order_0000001523,cust_0732,1297.03,2025-11-17T08:32:57+00:00
order_0000001524,cust_0722,993.24,2025-11-24T16:32:57+00:00
order_0000001525,cust_0852,552.91,2025-11-23T08:04:54+00:00
order_0000001526,cust_0606,269.28,2025-11-22T13:55:39+00:00
order_0000001527,cust_0113,514.99,2025-11-19T16:16:55+00:00
order_0000001528,cust_0323,510.20,2025-11-17T07:11:44+00:00
order_0000001529,cust_0090,891.75,2025-11-24T11:32:27+00:00
order_0000001530,cust_0453,449.20,2025-11-25T17:54:43+00:00
order_0000001531,cust_0100,3386.99,2025-11-26T08:54:38+00:00
order_0000001532,cust_0422,752.99,2025-11-08T11:11:01+00:00
order_0000001533,cust_0703,385.99,2025-11-27T07:27:38+00:00
order_0000001534,cust_0666,112.42,2025-11-16T15:31:35+00:00
order_0000001535,cust_0183,2243.07,2025-11-17T04:08:40+00:00
order_0000001536,cust_0448,2920.14,2025-11-15T11:47:52+00:00
order_0000001537,cust_0389,186.88,2025-11-02T13:38:04+00:00
order_0000001538,cust_0335,145.04,2025-11-02T19:28:21+00:00
order_0000001539,cust_0400,508.90,2025-11-23T14:37:56+00:00
order_0000001540,cust_0683,465.00,2025-11-03T08:50:52+00:00
order_0000001541,cust_0022,885.99,2025-11-16T00:35:47+00:00
order_0000001542,cust_0477,1039.34,2025-11-19T13:34:04+00:00
order_0000001543,cust_0197,102.00,2025-11-10T13:30:38+00:00
order_0000001544,cust_0327,660.77,2025-11-13T14:54:28+00:00
order_0000001545,cust_0572,781.14,2025-11-21T11:50:05+00:00
order_0000001546,cust_0802,160.44,2025-11-06T08:22:27+00:00
order_0000001547,cust_0484,604.22,2025-11-11T13:06:35+00:00
order_0000001548,cust_0341,457.76,2025-11-26T01:52:58+00:00
order_0000001549,cust_0165,3227.44,2025-11-18T14:36:19+00:00
order_0000001550,cust_0754,458.00,2025-11-15T08:53:13+00:00
order_0000001551,cust_0838,817.92,2025-11-06T03:41:38+00:00
order_0000001552,cust_0505,153.99,2025-11-22T07:56:05+00:00
order_0000001553,cust_0795,1021.00,2025-11-02T11:24:34+00:00
order_0000001554,cust_0322,341.03,2025-11-24T10:04:02+00:00
order_0000001555,cust_0642,139.00,2025-11-01T16:36:22+00:00
order_0000001556,cust_0080,522.99,2025-11-03T13:37:01+00:00
order_0000001557,cust_0682,919.03,2025-11-26T08:58:46+00:00
order_0000001558,cust_0847,196.99,2025-11-03T07:35:37+00:00
order_0000001559,cust_0333,627.00,2025-11-20T09:38:40+00:00
order_0000001560,cust_0025,498.96,2025-11-22T14:54:58+00:00
order_0000001561,cust_0848,1992.99,2025-11-08T17:21:02+00:00
order_0000001562,cust_0087,220.24,2025-11-24T14:43:50+00:00
order_0000001563,cust_0357,637.00,2025-11-04T13:48:00+00:00
order_0000001564,cust_0782,197.00,2025-11-25T13:00:44+00:00
order_0000001565,cust_0405,1986.00,2025-11-06T15:00:54+00:00
order_0000001566,cust_0693,17235.99,2025-11-26T07:52:12+00:00
order_0000001567,cust_0283,565.42,2025-11-08T09:47:06+00:00
order_0000001568,cust_0266,269.00,2025-11-16T11:15:17+00:00
order_0000001569,cust_0792,3175.34,2025-11-10T04:46:19+00:00
order_0000001570,cust_0018,609.79,2025-11-26T07:37:29+00:00
order_0000001571,cust_0262,176.22,2025-11-20T00:42:33+00:00
order_0000001572,cust_0045,13767.24,2025-11-15T12:47:58+00:00
order_0000001573,cust_0485,1166.86,2025-11-18T09:53:29+00:00
order_0000001574,cust_0211,183.92,2025-11-21T08:46:26+00:00
order_0000001575,cust_0676,492.67,2025-11-15T04:34:47+00:00
order_0000001576,cust_0439,234.57,2025-11-04T09:02:18+00:00
order_0000001577,cust_0858,728.99,2025-11-20T13:02:39+00:00
order_0000001578,cust_0216,3165.68,2025-11-26T09:46:00+00:00
order_0000001579,cust_0408,553.00,2025-11-07T06:30:13+00:00
order_0000001580,cust_0261,271.15,2025-11-14T12:00:54+00:00
order_0000001581,cust_0468,288.99,2025-11-02T04:49:32+00:00
order_0000001582,cust_0126,1037.99,2025-11-12T14:18:28+00:00
order_0000001583,cust_0386,212.82,2025-11-16T09:56:11+00:00
order_0000001584,cust_0531,2759.64,2025-11-15T08:56:02+00:00
order_0000001585,cust_0373,991.41,2025-11-02T11:07:27+00:00
order_0000001586,cust_0894,330.00,2025-11-20T13:06:12+00:00
order_0000001587,cust_0539,2674.23,2025-11-19T14:57:26+00:00
order_0000001588,cust_0385,6694.72,2025-11-10T01:27:30+00:00
order_0000001589,cust_0726,524.82,2025-11-07T09:43:49+00:00
order_0000001590,cust_0825,845.90,2025-11-28T17:13:49+00:00
order_0000001591,cust_0010,1132.99,2025-11-30T17:37:11+00:00
order_0000001592,cust_0647,817.00,2025-11-22T05:44:40+00:00
order_0000001593,cust_0718,563.02,2025-11-15T05:05:44+00:00
order_0000001594,cust_0016,426.18,2025-11-14T09:18:24+00:00
order_0000001595,cust_0605,753.13,2025-11-06T11:51:51+00:00
order_0000001596,cust_0107,265.83,2025-11-14T12:17:30+00:00
order_0000001597,cust_0810,974.99,2025-11-12T00:34:22+00:00
order_0000001598,cust_0760,188.99,2025-11-09T16:30:37+00:00
order_0000001599,cust_0236,655.71,2025-11-22T03:29:57+00:00
order_0000001600,cust_0655,11690.78,2025-11-13T04:19:28+00:00
order_0000001601,cust_0787,1001.00,2025-11-30T02:44:01+00:00
order_0000001602,cust_0160,422.10,2025-11-09T21:59:08+00:00
order_0000001603,cust_0558,318.00,2025-11-10T00:56:01+00:00
order_0000001604,cust_0308,641.99,2025-11-04T04:25:39+00:00
order_0000001605,cust_0760,1027.40,2025-11-16T10:58:36+00:00
order_0000001606,cust_0161,956.99,2025-11-17T06:45:40+00:00
order_0000001607,cust_0807,3585.21,2025-11-30T01:25:13+00:00
order_0000001608,cust_0733,687.99,2025-10-31T22:59:52+00:00
order_0000001609,cust_0170,2893.99,2025-11-02T10:46:15+00:00
order_0000001610,cust_0720,399.00,2025-11-25T12:09:49+00:00
order_0000001611,cust_0126,242.00,2025-11-05T05:48:20+00:00
order_0000001612,cust_0176,547.00,2025-11-29T10:03:48+00:00
order_0000001613,cust_0707,462.50,2025-11-10T03:37:10+00:00
order_0000001614,cust_0518,981.00,2025-11-13T17:06:27+00:00
order_0000001615,cust_0475,674.00,2025-11-20T07:25:17+00:00
order_0000001616,cust_0514,721.00,2025-11-18T07:36:37+00:00
order_0000001617,cust_0270,631.18,2025-11-21T03:03:31+00:00
order_0000001618,cust_0372,1047.60,2025-11-21T15:23:08+00:00
order_0000001619,cust_0025,960.99,2025-11-27T09:04:01+00:00
order_0000001620,cust_0655,229.19,2025-11-23T00:38:23+00:00
order_0000001621,cust_0808,567.99,2025-11-09T04:11:31+00:00
order_0000001622,cust_0876,125.79,2025-11-18T16:53:45+00:00
order_0000001623,cust_0205,830.00,2025-11-01T09:16:23+00:00
order_0000001624,cust_0794,14343.85,2025-11-03T07:00:39+00:00
order_0000001625,cust_0524,610.67,2025-11-26T18:45:02+00:00
order_0000001626,cust_0496,1072.30,2025-11-25T19:33:46+00:00
order_0000001627,cust_0352,462.00,2025-11-18T18:09:10+00:00
order_0000001628,cust_0015,2131.85,2025-11-27T08:05:39+00:00
order_0000001629,cust_0079,664.07,2025-11-11T01:38:24+00:00
order_0000001630,cust_0222,846.00,2025-11-02T14:18:56+00:00
order_0000001631,cust_0563,439.49,2025-11-06T01:04:10+00:00
order_0000001632,cust_0620,1020.93,2025-11-23T14:31:39+00:00
order_0000001633,cust_0077,983.99,2025-11-24T07:50:54+00:00
order_0000001634,cust_0075,2732.99,2025-11-22T15:15:29+00:00
order_0000001635,cust_0466,126.00,2025-11-27T14:45:59+00:00
order_0000001636,cust_0342,904.02,2025-11-23T03:28:22+00:00
order_0000001637,cust_0116,11914.26,2025-11-27T17:01:15+00:00
order_0000001638,cust_0781,652.69,2025-11-11T10:33:08+00:00
order_0000001639,cust_0785,513.59,2025-11-23T15:05:55+00:00
order_0000001640,cust_0755,423.02,2025-11-30T04:08:33+00:00
order_0000001641,cust_0215,162.99,2025-11-17T05:25:04+00:00
order_0000001642,cust_0075,397.51,2025-11-26T10:45:12+00:00
order_0000001643,cust_0132,255.32,2025-11-08T18:17:11+00:00
order_0000001644,cust_0712,134.00,2025-11-15T16:41:51+00:00
order_0000001645,cust_0580,133.00,2025-11-05T13:08:36+00:00
order_0000001646,cust_0286,4826.13,2025-11-15T10:08:15+00:00
order_0000001647,cust_0051,1005.80,2025-11-20T07:29:48+00:00
order_0000001648,cust_0595,484.00,2025-11-12T07:08:45+00:00
order_0000001649,cust_0559,2325.00,2025-11-05T02:57:30+00:00
order_0000001650,cust_0720,2095.86,2025-11-28T08:11:56+00:00
order_0000001651,cust_0022,488.00,2025-11-17T22:53:09+00:00
order_0000001652,cust_0318,2782.99,2025-11-08T16:36:13+00:00
order_0000001653,cust_0138,137.01,2025-11-30T07:57:04+00:00
order_0000001654,cust_0505,10704.64,2025-11-10T12:34:52+00:00
order_0000001655,cust_0799,878.81,2025-11-11T14:39:41+00:00
order_0000001656,cust_0368,706.49,2025-11-27T08:17:01+00:00
order_0000001657,cust_0102,270.00,2025-11-22T00:35:35+00:00
order_0000001658,cust_0616,249.00,2025-11-18T07:56:35+00:00
order_0000001659,cust_0583,1015.70,2025-11-04T01:09:57+00:00
order_0000001660,cust_0694,498.00,2025-11-04T15:47:41+00:00
order_0000001661,cust_0410,716.00,2025-11-26T15:11:44+00:00
order_0000001662,cust_0297,378.37,2025-11-02T01:01:08+00:00
order_0000001663,cust_0444,965.99,2025-11-11T11:51:54+00:00
order_0000001664,cust_0455,492.77,2025-11-09T12:23:08+00:00
order_0000001665,cust_0575,444.99,2025-11-27T23:56:00+00:00
order_0000001666,cust_0426,544.54,2025-11-22T15:03:42+00:00
order_0000001667,cust_0359,2684.70,2025-11-29T09:00:13+00:00
order_0000001668,cust_0885,531.99,2025-11-12T22:29:33+00:00
order_0000001669,cust_0634,310.00,2025-11-14T22:10:43+00:00
order_0000001670,cust_0051,3423.99,2025-11-13T08:55:14+00:00
order_0000001671,cust_0841,3553.49,2025-11-27T03:38:54+00:00
order_0000001672,cust_0491,360.11,2025-11-18T05:17:42+00:00
order_0000001673,cust_0131,197.92,2025-11-21T10:01:38+00:00
order_0000001674,cust_0803,705.00,2025-11-05T08:48:56+00:00
order_0000001675,cust_0373,757.72,2025-11-24T19:55:16+00:00
order_0000001676,cust_0280,863.99,2025-10-31T20:22:52+00:00
order_0000001677,cust_0137,379.37,2025-11-12T11:58:30+00:00
order_0000001678,cust_0098,870.44,2025-11-27T04:59:57+00:00
order_0000001679,cust_0290,1851.56,2025-11-03T14:42:21+00:00
order_0000001680,cust_0580,159.99,2025-11-09T18:43:10+00:00
order_0000001681,cust_0534,2278.11,2025-11-11T16:58:00+00:00
order_0000001682,cust_0028,364.81,2025-11-15T13:15:48+00:00
order_0000001683,cust_0650,1004.59,2025-11-08T03:59:02+00:00
order_0000001684,cust_0701,1287.00,2025-11-10T00:47:21+00:00
order_0000001685,cust_0845,125.07,2025-11-06T05:36:05+00:00
order_0000001686,cust_0251,163.55,2025-11-28T13:24:06+00:00
order_0000001687,cust_0271,1071.50,2025-11-12T10:06:49+00:00
order_0000001688,cust_0736,833.12,2025-11-25T13:00:29+00:00
order_0000001689,cust_0783,590.43,2025-11-23T10:38:01+00:00
order_0000001690,cust_0825,227.99,2025-11-24T22:50:48+00:00
order_0000001691,cust_0153,1046.13,2025-11-30T15:23:43+00:00
order_0000001692,cust_0455,5604.46,2025-11-18T11:37:43+00:00
order_0000001693,cust_0124,3167.46,2025-11-19T10:21:28+00:00
order_0000001694,cust_0275,666.33,2025-11-07T21:01:03+00:00
order_0000001695,cust_0787,649.00,2025-11-20T23:40:18+00:00
order_0000001696,cust_0768,396.80,2025-11-08T19:19:39+00:00
order_0000001697,cust_0643,1054.39,2025-11-27T11:12:57+00:00
order_0000001698,cust_0521,530.00,2025-11-30T04:56:22+00:00
order_0000001699,cust_0515,1427.00,2025-11-15T08:30:44+00:00
order_0000001700,cust_0301,1015.00,2025-11-07T03:58:17+00:00
order_0000001701,cust_0151,798.88,2025-11-11T07:34:33+00:00
order_0000001702,cust_0256,2482.70,2025-11-20T05:15:20+00:00
order_0000001703,cust_0705,563.99,2025-11-13T08:06:53+00:00
order_0000001704,cust_0163,391.68,2025-11-26T15:07:24+00:00
order_0000001705,cust_0197,459.00,2025-11-24T04:45:32+00:00
order_0000001706,cust_0323,1876.00,2025-11-26T13:10:37+00:00
order_0000001707,cust_0699,346.00,2025-11-03T14:10:20+00:00
order_0000001708,cust_0054,3058.00,2025-11-08T05:11:14+00:00
order_0000001709,cust_0453,205.00,2025-11-27T03:27:51+00:00
order_0000001710,cust_0350,342.22,2025-11-01T06:27:17+00:00
order_0000001711,cust_0597,132.00,2025-11-11T07:46:18+00:00
order_0000001712,cust_0699,500.14,2025-11-09T17:05:06+00:00
order_0000001713,cust_0115,866.83,2025-11-25T14:57:11+00:00
order_0000001714,cust_0747,2074.99,2025-11-06T10:06:33+00:00
order_0000001715,cust_0880,792.00,2025-11-18T14:13:23+00:00
order_0000001716,cust_0382,607.45,2025-11-03T14:57:47+00:00
order_0000001717,cust_0369,558.99,2025-11-14T05:55:35+00:00
order_0000001718,cust_0686,1811.40,2025-11-24T03:09:19+00:00
order_0000001719,cust_0455,940.99,2025-11-21T01:26:41+00:00
order_0000001720,cust_0421,107.99,2025-11-04T06:31:41+00:00
order_0000001721,cust_0879,456.00,2025-11-30T07:09:58+00:00
order_0000001722,cust_0553,757.02,2025-11-01T09:35:45+00:00
order_0000001723,cust_0230,888.99,2025-11-17T15:05:03+00:00
order_0000001724,cust_0376,567.00,2025-11-13T07:25:44+00:00
order_0000001725,cust_0637,990.69,2025-11-22T06:53:32+00:00
order_0000001726,cust_0684,416.07,2025-11-14T14:50:47+00:00
order_0000001727,cust_0144,321.61,2025-11-23T08:14:35+00:00
order_0000001728,cust_0093,3489.12,2025-11-27T13:17:46+00:00
order_0000001729,cust_0336,426.00,2025-11-25T10:50:09+00:00
order_0000001730,cust_0205,15174.45,2025-11-17T06:37:58+00:00
order_0000001731,cust_0317,471.90,2025-11-17T14:35:38+00:00
order_0000001732,cust_0829,279.78,2025-11-13T05:15:21+00:00
order_0000001733,cust_0556,2741.00,2025-11-18T18:08:55+00:00
order_0000001734,cust_0042,419.26,2025-11-25T13:40:48+00:00
order_0000001735,cust_0323,6141.80,2025-11-12T16:36:15+00:00
order_0000001736,cust_0648,768.30,2025-11-06T10:08:38+00:00
order_0000001737,cust_0723,2301.00,2025-11-22T10:44:50+00:00
order_0000001738,cust_0198,376.74,2025-11-02T17:39:01+00:00
order_0000001739,cust_0700,146.00,2025-11-09T15:37:02+00:00
order_0000001740,cust_0210,3121.53,2025-11-24T00:14:43+00:00
order_0000001741,cust_0507,155.22,2025-11-11T18:08:25+00:00
order_0000001742,cust_0797,936.18,2025-11-18T07:06:05+00:00
order_0000001743,cust_0865,2173.99,2025-11-27T14:01:42+00:00
order_0000001744,cust_0507,1160.31,2025-11-15T13:17:13+00:00
order_0000001745,cust_0608,962.00,2025-11-18T15:38:26+00:00
order_0000001746,cust_0051,152.89,2025-11-30T11:38:52+00:00
order_0000001747,cust_0186,629.04,2025-11-07T17:45:13+00:00
order_0000001748,cust_0277,1848.32,2025-11-18T00:47:32+00:00
order_0000001749,cust_0162,665.09,2025-11-23T19:35:13+00:00
order_0000001750,cust_0443,820.42,2025-11-07T09:28:39+00:00
order_0000001751,cust_0358,146.09,2025-11-03T12:05:41+00:00
order_0000001752,cust_0601,926.07,2025-11-20T06:04:40+00:00
order_0000001753,cust_0160,408.41,2025-11-19T09:03:22+00:00
order_0000001754,cust_0014,2911.04,2025-11-28T18:12:16+00:00
order_0000001755,cust_0595,2461.72,2025-11-22T07:22:32+00:00
order_0000001756,cust_0767,119.53,2025-11-26T12:02:46+00:00
order_0000001757,cust_0536,377.09,2025-11-18T04:24:06+00:00
order_0000001758,cust_0663,639.27,2025-11-06T18:12:18+00:00
order_0000001759,cust_0001,527.68,2025-11-23T15:10:25+00:00
order_0000001760,cust_0222,138.45,2025-11-04T16:03:33+00:00
order_0000001761,cust_0018,2799.46,2025-11-13T00:53:05+00:00
order_0000001762,cust_0472,966.71,2025-11-16T13:25:25+00:00
order_0000001763,cust_0197,1047.14,2025-11-27T13:28:01+00:00
order_0000001764,cust_0809,309.23,2025-11-30T12:52:02+00:00
order_0000001765,cust_0390,574.64,2025-11-22T10:08:23+00:00
order_0000001766,cust_0564,677.44,2025-11-25T04:04:04+00:00
order_0000001767,cust_0839,610.30,2025-11-25T17:40:10+00:00
order_0000001768,cust_0742,581.99,2025-11-26T16:40:21+00:00
order_0000001769,cust_0331,691.99,2025-11-22T20:58:37+00:00
order_0000001770,cust_0393,1054.99,2025-11-08T15:31:00+00:00
order_0000001771,cust_0257,774.16,2025-11-24T00:53:02+00:00
order_0000001772,cust_0605,958.00,2025-11-30T00:40:35+00:00
order_0000001773,cust_0458,389.00,2025-11-07T10:08:48+00:00
order_0000001774,cust_0370,930.11,2025-11-05T12:42:27+00:00
order_0000001775,cust_0176,1452.00,2025-11-27T08:20:49+00:00
order_0000001776,cust_0798,369.10,2025-11-23T08:45:38+00:00
order_0000001777,cust_0215,677.99,2025-11-20T12:37:30+00:00
order_0000001778,cust_0419,1057.00,2025-11-17T08:08:19+00:00
order_0000001779,cust_0207,12966.77,2025-11-19T02:00:02+00:00
order_0000001780,cust_0843,409.99,2025-11-22T05:52:07+00:00
order_0000001781,cust_0477,738.00,2025-11-14T12:34:11+00:00
order_0000001782,cust_0049,425.00,2025-11-01T17:10:34+00:00
order_0000001783,cust_0669,623.99,2025-11-07T10:22:19+00:00
order_0000001784,cust_0384,511.18,2025-11-13T06:07:06+00:00
order_0000001785,cust_0677,625.11,2025-11-27T06:49:13+00:00
order_0000001786,cust_0591,730.00,2025-11-24T01:05:44+00:00
order_0000001787,cust_0095,252.56,2025-11-12T17:51:37+00:00
order_0000001788,cust_0005,481.00,2025-11-30T07:38:11+00:00
order_0000001789,cust_0005,430.02,2025-11-24T08:53:22+00:00
order_0000001790,cust_0426,723.00,2025-11-25T07:07:40+00:00
order_0000001791,cust_0802,2841.43,2025-11-02T13:45:36+00:00
order_0000001792,cust_0776,3511.78,2025-11-15T05:23:14+00:00
order_0000001793,cust_0833,385.00,2025-11-08T06:32:30+00:00
order_0000001794,cust_0773,404.99,2025-11-16T12:12:01+00:00
order_0000001795,cust_0230,1067.00,2025-11-17T10:48:55+00:00
order_0000001796,cust_0532,847.78,2025-11-18T17:06:19+00:00
order_0000001797,cust_0253,865.58,2025-11-18T15:53:31+00:00
order_0000001798,cust_0297,241.00,2025-11-18T18:47:52+00:00
order_0000001799,cust_0099,732.99,2025-11-10T03:10:43+00:00
order_0000001800,cust_0284,823.69,2025-11-18T09:41:36+00:00
order_0000001801,cust_0157,418.00,2025-11-29T13:30:37+00:00
order_0000001802,cust_0303,974.77,2025-11-11T03:20:27+00:00
order_0000001803,cust_0493,649.00,2025-11-23T11:34:42+00:00
order_0000001804,cust_0821,694.99,2025-11-08T09:07:07+00:00
order_0000001805,cust_0297,676.00,2025-11-29T23:03:24+00:00
order_0000001806,cust_0369,337.07,2025-11-13T01:13:03+00:00
order_0000001807,cust_0036,685.99,2025-11-15T19:36:15+00:00
order_0000001808,cust_0626,989.00,2025-11-11T13:08:21+00:00
order_0000001809,cust_0457,183.99,2025-11-23T13:41:41+00:00
order_0000001810,cust_0794,967.99,2025-11-08T00:33:44+00:00
order_0000001811,cust_0887,447.50,2025-11-16T09:46:45+00:00
order_0000001812,cust_0665,306.41,2025-11-29T14:00:34+00:00
order_0000001813,cust_0418,575.00,2025-11-22T13:29:10+00:00
order_0000001814,cust_0584,1000.41,2025-11-06T09:42:02+00:00
order_0000001815,cust_0485,663.00,2025-11-07T08:10:28+00:00
order_0000001816,cust_0766,671.09,2025-11-01T20:39:23+00:00
order_0000001817,cust_0800,972.17,2025-11-17T00:00:52+00:00
order_0000001818,cust_0698,1742.00,2025-11-09T13:37:25+00:00
order_0000001819,cust_0590,387.20,2025-11-27T05:07:21+00:00
order_0000001820,cust_0509,2156.99,2025-11-01T14:56:47+00:00
order_0000001821,cust_0757,1006.99,2025-11-25T05:10:22+00:00
order_0000001822,cust_0309,458.39,2025-11-08T08:02:50+00:00
order_0000001823,cust_0555,3117.09,2025-11-17T10:41:44+00:00
order_0000001824,cust_0379,464.00,2025-11-12T16:29:24+00:00
order_0000001825,cust_0763,325.90,2025-11-24T07:58:31+00:00
order_0000001826,cust_0568,632.06,2025-11-20T12:12:56+00:00
order_0000001827,cust_0768,294.15,2025-11-30T14:20:55+00:00
order_0000001828,cust_0124,430.00,2025-11-04T09:22:07+00:00
order_0000001829,cust_0232,516.00,2025-11-23T11:34:44+00:00
order_0000001830,cust_0181,792.00,2025-11-26T10:12:14+00:00
order_0000001831,cust_0378,964.34,2025-11-24T17:57:19+00:00
order_0000001832,cust_0390,360.99,2025-11-11T03:13:30+00:00
order_0000001833,cust_0205,1051.00,2025-11-03T00:33:23+00:00
order_0000001834,cust_0785,245.24,2025-11-01T03:37:17+00:00
order_0000001835,cust_0377,16993.99,2025-11-28T07:27:47+00:00
order_0000001836,cust_0815,399.51,2025-11-07T22:25:04+00:00
order_0000001837,cust_0846,894.05,2025-11-21T03:28:12+00:00
order_0000001838,cust_0851,100.00,2025-11-23T14:33:07+00:00
order_0000001839,cust_0581,1365.46,2025-11-17T13:44:45+00:00
order_0000001840,cust_0057,803.00,2025-11-17T13:43:18+00:00
order_0000001841,cust_0565,581.69,2025-11-17T12:52:55+00:00
order_0000001842,cust_0673,120.00,2025-11-14T14:16:43+00:00
order_0000001843,cust_0243,2323.00,2025-11-17T07:54:45+00:00
order_0000001844,cust_0361,567.00,2025-11-25T08:35:45+00:00
order_0000001845,cust_0823,1126.44,2025-11-13T11:21:42+00:00
order_0000001846,cust_0023,986.50,2025-11-20T04:47:43+00:00
order_0000001847,cust_0090,194.00,2025-11-22T09:59:33+00:00
order_0000001848,cust_0499,598.99,2025-11-05T12:30:48+00:00
order_0000001849,cust_0126,847.32,2025-11-29T15:13:51+00:00
order_0000001850,cust_0574,1720.13,2025-11-22T01:10:07+00:00
order_0000001851,cust_0610,950.84,2025-11-01T16:52:32+00:00
order_0000001852,cust_0203,510.00,2025-11-17T12:17:53+00:00
order_0000001853,cust_0639,196.17,2025-11-29T16:41:19+00:00
order_0000001854,cust_0616,2677.00,2025-11-19T13:28:04+00:00
order_0000001855,cust_0537,1054.99,2025-11-09T09:06:59+00:00
order_0000001856,cust_0468,124.01,2025-11-30T05:55:45+00:00
order_0000001857,cust_0830,274.60,2025-11-05T04:08:07+00:00
order_0000001858,cust_0151,693.00,2025-11-12T07:28:33+00:00
order_0000001859,cust_0349,490.71,2025-11-15T04:01:45+00:00
order_0000001860,cust_0861,2964.99,2025-11-11T16:23:04+00:00
order_0000001861,cust_0348,467.99,2025-11-13T06:46:42+00:00
order_0000001862,cust_0437,467.92,2025-11-08T11:19:06+00:00
order_0000001863,cust_0859,6121.73,2025-11-20T13:42:57+00:00
order_0000001864,cust_0871,1053.00,2025-11-20T10:46:56+00:00
order_0000001865,cust_0086,560.00,2025-11-23T17:30:04+00:00
order_0000001866,cust_0733,563.11,2025-11-29T17:17:00+00:00
order_0000001867,cust_0594,249.99,2025-11-29T01:10:01+00:00
order_0000001868,cust_0732,698.00,2025-11-25T09:08:41+00:00
order_0000001869,cust_0366,313.89,2025-11-13T07:03:39+00:00
order_0000001870,cust_0619,315.18,2025-11-07T07:34:14+00:00
order_0000001871,cust_0126,719.00,2025-11-17T09:42:11+00:00
order_0000001872,cust_0689,3277.99,2025-11-10T02:39:50+00:00
order_0000001873,cust_0778,535.94,2025-11-27T16:06:38+00:00
order_0000001874,cust_0221,406.37,2025-11-09T09:05:41+00:00
order_0000001875,cust_0303,2392.83,2025-11-24T04:20:04+00:00
order_0000001876,cust_0500,1476.00,2025-11-09T11:15:10+00:00
order_0000001877,cust_0681,582.36,2025-11-07T13:26:33+00:00
order_0000001878,cust_0589,385.15,2025-11-29T10:27:29+00:00
order_0000001879,cust_0757,624.50,2025-11-15T07:32:13+00:00
order_0000001880,cust_0236,506.00,2025-11-12T16:59:22+00:00
order_0000001881,cust_0293,954.95,2025-11-10T11:50:11+00:00
order_0000001882,cust_0570,209.00,2025-11-07T21:32:58+00:00
order_0000001883,cust_0499,864.91,2025-11-15T06:24:00+00:00
order_0000001884,cust_0455,1014.00,2025-11-29T17:38:34+00:00
order_0000001885,cust_0039,795.00,2025-11-21T19:24:03+00:00
order_0000001886,cust_0179,638.99,2025-11-30T08:28:20+00:00
order_0000001887,cust_0362,848.91,2025-11-04T12:21:07+00:00
order_0000001888,cust_0653,270.99,2025-11-02T10:37:09+00:00
order_0000001889,cust_0409,588.00,2025-11-06T07:44:32+00:00
order_0000001890,cust_0687,847.85,2025-11-27T14:32:58+00:00
order_0000001891,cust_0250,715.56,2025-11-29T16:55:33+00:00
order_0000001892,cust_0047,373.00,2025-11-06T00:32:18+00:00
order_0000001893,cust_0237,547.51,2025-11-16T05:57:30+00:00
order_0000001894,cust_0658,923.32,2025-11-06T18:26:31+00:00
order_0000001895,cust_0180,707.26,2025-11-05T14:00:31+00:00
order_0000001896,cust_0576,936.00,2025-11-15T08:25:01+00:00
order_0000001897,cust_0126,767.46,2025-11-03T08:08:23+00:00
order_0000001898,cust_0448,940.15,2025-11-23T13:13:30+00:00
order_0000001899,cust_0685,303.07,2025-11-23T02:20:17+00:00
order_0000001900,cust_0726,872.87,2025-11-24T11:03:20+00:00
order_0000001901,cust_0376,769.10,2025-11-04T18:41:37+00:00
order_0000001902,cust_0276,226.00,2025-11-08T23:01:36+00:00
order_0000001903,cust_0447,308.06,2025-11-20T04:40:59+00:00
order_0000001904,cust_0422,807.36,2025-11-12T06:22:14+00:00
order_0000001905,cust_0491,11405.52,2025-11-07T14:28:34+00:00
order_0000001906,cust_0440,176.96,2025-11-30T06:39:04+00:00
order_0000001907,cust_0283,265.58,2025-11-14T19:04:04+00:00
order_0000001908,cust_0459,787.76,2025-11-18T02:54:07+00:00
order_0000001909,cust_0499,263.00,2025-11-23T16:32:18+00:00
order_0000001910,cust_0331,1068.00,2025-11-24T00:05:33+00:00
order_0000001911,cust_0186,2240.00,2025-11-08T13:51:02+00:00
order_0000001912,cust_0735,965.38,2025-11-04T13:53:19+00:00
order_0000001913,cust_0422,351.00,2025-11-15T06:43:24+00:00
order_0000001914,cust_0322,546.81,2025-11-24T20:42:23+00:00
order_0000001915,cust_0758,280.21,2025-11-16T08:56:04+00:00
order_0000001916,cust_0404,925.06,2025-11-11T03:18:59+00:00
order_0000001917,cust_0274,2039.00,2025-11-08T16:03:20+00:00
order_0000001918,cust_0401,153.76,2025-11-21T16:58:33+00:00
order_0000001919,cust_0516,15459.00,2025-11-29T04:24:28+00:00
order_0000001920,cust_0224,1036.00,2025-11-11T01:56:43+00:00
order_0000001921,cust_0354,911.00,2025-11-26T12:18:23+00:00
order_0000001922,cust_0328,5145.52,2025-11-19T16:37:01+00:00
order_0000001923,cust_0714,549.00,2025-11-27T04:09:48+00:00
order_0000001924,cust_0832,1623.99,2025-11-19T06:43:43+00:00
order_0000001925,cust_0417,276.03,2025-11-30T16:45:55+00:00
order_0000001926,cust_0536,14601.00,2025-11-07T22:50:47+00:00
order_0000001927,cust_0445,3410.49,2025-11-17T03:37:23+00:00
order_0000001928,cust_0195,2203.88,2025-11-05T21:18:33+00:00
order_0000001929,cust_0656,1088.96,2025-11-06T11:59:42+00:00
order_0000001930,cust_0111,3201.00,2025-11-23T11:08:18+00:00
order_0000001931,cust_0741,887.00,2025-11-06T08:23:10+00:00
order_0000001932,cust_0706,861.97,2025-11-10T16:47:21+00:00
order_0000001933,cust_0297,935.99,2025-11-12T13:07:27+00:00
order_0000001934,cust_0279,3669.00,2025-11-27T11:16:06+00:00
order_0000001935,cust_0146,957.69,2025-11-12T13:04:38+00:00
order_0000001936,cust_0333,1042.23,2025-11-18T04:49:16+00:00
order_0000001937,cust_0164,876.13,2025-11-12T16:41:02+00:00
order_0000001938,cust_0102,811.58,2025-11-11T14:10:00+00:00
order_0000001939,cust_0192,354.05,2025-11-17T05:51:28+00:00
order_0000001940,cust_0097,677.31,2025-11-18T00:15:43+00:00
order_0000001941,cust_0001,534.86,2025-11-02T02:48:24+00:00
order_0000001942,cust_0659,523.00,2025-11-22T13:47:47+00:00
order_0000001943,cust_0671,450.90,2025-11-20T12:32:32+00:00
order_0000001944,cust_0308,349.99,2025-11-01T08:14:30+00:00
order_0000001945,cust_0048,972.00,2025-11-18T14:40:00+00:00
order_0000001946,cust_0058,755.99,2025-11-19T14:59:28+00:00
order_0000001947,cust_0726,831.37,2025-11-24T21:19:21+00:00
order_0000001948,cust_0762,3027.00,2025-11-30T14:26:10+00:00
order_0000001949,cust_0304,474.42,2025-11-15T14:04:38+00:00
order_0000001950,cust_0577,289.00,2025-11-04T07:00:56+00:00
order_0000001951,cust_0157,2036.99,2025-11-03T15:12:11+00:00
order_0000001952,cust_0627,151.99,2025-11-22T13:57:04+00:00
order_0000001953,cust_0212,143.29,2025-11-08T08:55:58+00:00
order_0000001954,cust_0253,944.69,2025-11-11T15:34:09+00:00
order_0000001955,cust_0213,440.89,2025-11-17T04:03:29+00:00
order_0000001956,cust_0811,2483.77,2025-11-22T05:17:45+00:00
order_0000001957,cust_0852,186.54,2025-11-05T18:07:38+00:00
order_0000001958,cust_0507,464.00,2025-11-05T08:31:50+00:00
order_0000001959,cust_0105,789.00,2025-11-05T09:59:14+00:00
order_0000001960,cust_0683,698.07,2025-11-07T12:22:19+00:00
order_0000001961,cust_0830,592.44,2025-11-29T06:19:30+00:00
order_0000001962,cust_0089,217.00,2025-11-12T11:50:20+00:00
order_0000001963,cust_0424,308.99,2025-11-04T00:28:07+00:00
order_0000001964,cust_0356,1047.86,2025-11-04T00:33:41+00:00
order_0000001965,cust_0358,735.00,2025-11-08T09:01:58+00:00
order_0000001966,cust_0549,1078.18,2025-11-01T14:23:08+00:00
order_0000001967,cust_0235,278.00,2025-11-02T10:03:30+00:00
order_0000001968,cust_0305,277.03,2025-11-16T08:09:24+00:00
order_0000001969,cust_0692,110.11,2025-11-20T09:13:38+00:00
order_0000001970,cust_0799,280.99,2025-11-19T07:52:53+00:00
order_0000001971,cust_0495,393.58,2025-11-14T13:37:38+00:00
order_0000001972,cust_0031,2989.15,2025-11-19T10:44:03+00:00
order_0000001973,cust_0025,979.00,2025-11-27T05:47:31+00:00
order_0000001974,cust_0079,2729.52,2025-11-07T18:14:00+00:00
order_0000001975,cust_0473,1070.00,2025-11-09T06:28:38+00:00
order_0000001976,cust_0781,724.17,2025-11-08T18:06:56+00:00
order_0000001977,cust_0610,899.05,2025-11-30T06:30:07+00:00
order_0000001978,cust_0455,265.00,2025-11-21T14:41:52+00:00
order_0000001979,cust_0434,3515.47,2025-11-26T09:59:35+00:00
order_0000001980,cust_0581,305.92,2025-11-28T07:11:13+00:00
order_0000001981,cust_0514,2213.55,2025-11-14T02:39:46+00:00
order_0000001982,cust_0390,245.17,2025-11-22T17:07:03+00:00
order_0000001983,cust_0359,2503.00,2025-11-19T17:26:10+00:00
order_0000001984,cust_0241,2010.22,2025-11-19T13:40:22+00:00
order_0000001985,cust_0049,339.00,2025-11-16T14:39:08+00:00
order_0000001986,cust_0727,1060.79,2025-11-02T09:57:36+00:00
order_0000001987,cust_0258,404.00,2025-11-17T06:23:40+00:00
order_0000001988,cust_0077,151.00,2025-11-12T22:06:06+00:00
order_0000001989,cust_0633,1080.00,2025-11-16T09:04:00+00:00
order_0000001990,cust_0210,676.00,2025-11-24T05:12:25+00:00
order_0000001991,cust_0407,391.52,2025-11-01T11:24:15+00:00
order_0000001992,cust_0045,859.99,2025-11-23T17:20:38+00:00
order_0000001993,cust_0330,1061.90,2025-11-16T13:15:25+00:00
order_0000001994,cust_0434,488.43,2025-11-30T12:30:45+00:00
order_0000001995,cust_0493,768.99,2025-11-25T01:35:36+00:00
order_0000001996,cust_0862,375.37,2025-11-01T03:31:57+00:00
order_0000001997,cust_0897,337.01,2025-11-11T12:25:38+00:00
order_0000001998,cust_0861,257.10,2025-11-10T04:00:45+00:00
order_0000001999,cust_0170,2949.94,2025-11-25T07:35:09+00:00
order_0000002000,cust_0454,5276.12,2025-11-09T06:25:13+00:00
order_0000002001,cust_0300,919.00,2025-11-29T05:19:03+00:00
order_0000002002,cust_0555,2965.00,2025-11-03T06:27:32+00:00
order_0000002003,cust_0428,410.00,2025-11-01T16:39:27+00:00
order_0000002004,cust_0892,492.12,2025-11-17T13:05:47+00:00
order_0000002005,cust_0643,357.08,2025-11-20T15:24:51+00:00
order_0000002006,cust_0716,890.34,2025-11-19T10:24:00+00:00
order_0000002007,cust_0583,1074.20,2025-11-23T06:43:51+00:00
order_0000002008,cust_0187,230.70,2025-11-16T21:34:45+00:00
order_0000002009,cust_0580,1644.00,2025-11-26T14:04:14+00:00
order_0000002010,cust_0067,327.00,2025-11-21T14:49:10+00:00
order_0000002011,cust_0280,228.75,2025-11-10T23:47:52+00:00
order_0000002012,cust_0643,161.00,2025-11-15T11:59:48+00:00
order_0000002013,cust_0744,183.02,2025-11-10T16:14:22+00:00
order_0000002014,cust_0244,820.18,2025-11-21T21:31:51+00:00
order_0000002015,cust_0745,821.00,2025-11-18T15:24:30+00:00
order_0000002016,cust_0142,270.82,2025-11-03T13:40:57+00:00
order_0000002017,cust_0866,730.18,2025-11-06T09:46:41+00:00
order_0000002018,cust_0743,513.87,2025-11-14T08:45:12+00:00
order_0000002019,cust_0795,984.99,2025-11-06T07:55:39+00:00
order_0000002020,cust_0727,287.71,2025-11-10T15:50:47+00:00
order_0000002021,cust_0454,2623.91,2025-11-17T17:01:37+00:00
order_0000002022,cust_0262,381.00,2025-11-20T01:54:50+00:00
order_0000002023,cust_0202,124.00,2025-11-15T16:24:10+00:00
order_0000002024,cust_0882,182.45,2025-11-15T09:53:17+00:00
order_0000002025,cust_0814,710.99,2025-11-06T03:47:00+00:00
order_0000002026,cust_0181,2382.00,2025-11-22T07:59:34+00:00
order_0000002027,cust_0313,1251.91,2025-11-12T16:52:58+00:00
order_0000002028,cust_0129,953.68,2025-11-27T07:01:52+00:00
order_0000002029,cust_0068,639.18,2025-11-28T01:39:32+00:00
order_0000002030,cust_0133,1273.00,2025-11-11T13:53:58+00:00
order_0000002031,cust_0337,14896.61,2025-11-30T01:56:41+00:00
order_0000002032,cust_0230,382.89,2025-11-14T04:04:22+00:00
order_0000002033,cust_0441,946.99,2025-11-10T08:57:45+00:00
order_0000002034,cust_0294,2960.99,2025-11-26T08:13:59+00:00
order_0000002035,cust_0176,1819.00,2025-11-04T08:25:17+00:00
order_0000002036,cust_0257,2297.00,2025-11-10T11:04:36+00:00
order_0000002037,cust_0091,713.54,2025-11-18T16:36:38+00:00
order_0000002038,cust_0723,674.88,2025-11-07T18:35:06+00:00
order_0000002039,cust_0804,1612.00,2025-11-28T15:46:32+00:00
order_0000002040,cust_0755,641.00,2025-11-21T14:32:53+00:00
order_0000002041,cust_0265,1027.99,2025-11-07T14:47:20+00:00
order_0000002042,cust_0512,121.00,2025-11-24T16:38:38+00:00
order_0000002043,cust_0883,2184.70,2025-11-04T17:39:26+00:00
order_0000002044,cust_0732,7778.47,2025-11-24T00:51:50+00:00
order_0000002045,cust_0689,1335.00,2025-11-10T06:02:38+00:00
order_0000002046,cust_0642,332.79,2025-11-07T08:24:39+00:00
order_0000002047,cust_0348,559.57,2025-11-20T07:01:15+00:00
order_0000002048,cust_0131,509.99,2025-11-02T02:33:37+00:00
order_0000002049,cust_0362,3145.99,2025-11-22T23:24:09+00:00
order_0000002050,cust_0692,580.00,2025-11-16T06:11:46+00:00
order_0000002051,cust_0083,569.70,2025-11-29T16:01:03+00:00
order_0000002052,cust_0284,994.96,2025-11-22T12:23:45+00:00
order_0000002053,cust_0114,962.59,2025-11-07T00:10:25+00:00
order_0000002054,cust_0298,11387.88,2025-11-22T13:06:38+00:00
order_0000002055,cust_0653,563.46,2025-11-15T13:33:08+00:00
order_0000002056,cust_0361,468.00,2025-11-06T05:26:45+00:00
order_0000002057,cust_0771,199.99,2025-11-09T06:48:51+00:00
order_0000002058,cust_0100,867.99,2025-11-01T08:41:27+00:00
order_0000002059,cust_0833,420.64,2025-11-03T08:38:31+00:00
order_0000002060,cust_0002,380.00,2025-11-28T07:32:30+00:00
order_0000002061,cust_0143,422.00,2025-11-20T06:52:17+00:00
order_0000002062,cust_0638,396.30,2025-11-16T20:27:57+00:00
order_0000002063,cust_0183,906.99,2025-11-09T07:13:34+00:00
order_0000002064,cust_0467,807.00,2025-11-25T04:58:26+00:00
order_0000002065,cust_0177,556.99,2025-11-15T09:21:40+00:00
order_0000002066,cust_0644,1062.00,2025-11-19T09:06:10+00:00
order_0000002067,cust_0886,1061.85,2025-11-08T06:42:08+00:00
order_0000002068,cust_0196,188.18,2025-11-12T04:38:49+00:00
order_0000002069,cust_0443,1452.25,2025-11-06T15:33:44+00:00
order_0000002070,cust_0089,660.88,2025-11-29T18:21:26+00:00
order_0000002071,cust_0811,663.72,2025-11-26T09:05:16+00:00
order_0000002072,cust_0519,814.00,2025-11-25T14:32:00+00:00
order_0000002073,cust_0005,359.00,2025-11-08T00:26:47+00:00
order_0000002074,cust_0725,1736.90,2025-11-11T14:36:27+00:00
order_0000002075,cust_0182,3373.29,2025-11-20T17:28:29+00:00
order_0000002076,cust_0490,633.16,2025-11-08T14:41:38+00:00
order_0000002077,cust_0495,2616.59,2025-11-14T01:04:04+00:00
order_0000002078,cust_0800,459.99,2025-11-29T15:48:44+00:00
order_0000002079,cust_0875,844.00,2025-11-19T14:29:39+00:00
order_0000002080,cust_0253,910.76,2025-11-20T16:05:01+00:00
order_0000002081,cust_0393,6112.00,2025-11-11T12:54:44+00:00
order_0000002082,cust_0869,2898.00,2025-11-17T11:07:29+00:00
order_0000002083,cust_0074,1074.00,2025-11-14T23:40:46+00:00
order_0000002084,cust_0095,3443.33,2025-11-04T21:41:48+00:00
order_0000002085,cust_0818,946.87,2025-11-26T02:02:04+00:00
order_0000002086,cust_0088,966.53,2025-11-07T08:27:47+00:00
order_0000002087,cust_0728,731.53,2025-11-28T23:04:16+00:00
order_0000002088,cust_0048,459.99,2025-11-10T07:11:16+00:00
order_0000002089,cust_0547,3559.35,2025-11-18T16:26:35+00:00
order_0000002090,cust_0463,1134.96,2025-11-05T04:27:34+00:00
order_0000002091,cust_0830,258.00,2025-11-18T12:42:13+00:00
order_0000002092,cust_0842,421.75,2025-11-03T04:34:21+00:00
order_0000002093,cust_0047,586.55,2025-11-04T14:45:04+00:00
order_0000002094,cust_0108,789.99,2025-11-03T09:29:46+00:00
order_0000002095,cust_0354,216.93,2025-11-09T01:41:17+00:00
order_0000002096,cust_0791,543.54,2025-11-13T02:02:15+00:00
order_0000002097,cust_0359,1751.32,2025-11-20T17:19:51+00:00
order_0000002098,cust_0305,2259.00,2025-11-29T12:42:13+00:00
order_0000002099,cust_0824,124.56,2025-11-27T14:40:45+00:00
order_0000002100,cust_0730,619.44,2025-11-14T05:34:51+00:00
order_0000002101,cust_0832,117.99,2025-11-28T07:42:34+00:00
order_0000002102,cust_0675,2829.82,2025-11-12T13:47:10+00:00
order_0000002103,cust_0469,372.99,2025-11-04T13:49:29+00:00
order_0000002104,cust_0898,198.42,2025-11-23T17:50:25+00:00
order_0000002105,cust_0811,308.51,2025-11-15T08:48:49+00:00
order_0000002106,cust_0463,1025.34,2025-11-13T07:59:54+00:00
order_0000002107,cust_0103,661.00,2025-11-30T11:51:06+00:00
order_0000002108,cust_0037,836.99,2025-11-12T16:40:25+00:00
order_0000002109,cust_0541,406.00,2025-11-07T08:57:22+00:00
order_0000002110,cust_0899,273.60,2025-11-09T17:27:08+00:00
order_0000002111,cust_0537,781.99,2025-11-10T03:04:43+00:00
order_0000002112,cust_0470,422.99,2025-11-16T12:05:44+00:00
order_0000002113,cust_0669,634.00,2025-11-08T10:11:47+00:00
order_0000002114,cust_0300,623.63,2025-11-14T19:40:39+00:00
order_0000002115,cust_0368,1064.94,2025-11-27T10:42:07+00:00
order_0000002116,cust_0561,2531.23,2025-11-29T14:09:07+00:00
order_0000002117,cust_0590,2807.35,2025-11-16T10:28:35+00:00
order_0000002118,cust_0422,895.06,2025-11-17T07:49:36+00:00
order_0000002119,cust_0082,274.41,2025-11-09T10:32:29+00:00
order_0000002120,cust_0018,584.65,2025-11-02T18:09:37+00:00
order_0000002121,cust_0090,824.45,2025-11-10T15:17:13+00:00
order_0000002122,cust_0791,1058.52,2025-11-03T17:54:59+00:00
order_0000002123,cust_0390,8832.16,2025-11-13T16:52:21+00:00
order_0000002124,cust_0794,573.52,2025-11-25T10:27:54+00:00
order_0000002125,cust_0676,1011.08,2025-10-31T23:25:59+00:00
order_0000002126,cust_0808,1057.99,2025-10-31T19:54:01+00:00
order_0000002127,cust_0143,686.00,2025-11-10T09:58:07+00:00
order_0000002128,cust_0514,798.00,2025-11-29T16:49:02+00:00
order_0000002129,cust_0419,945.48,2025-11-07T19:47:34+00:00
order_0000002130,cust_0474,1072.99,2025-11-19T16:24:23+00:00
order_0000002131,cust_0365,2721.93,2025-11-02T12:52:03+00:00
order_0000002132,cust_0558,1048.85,2025-11-03T07:22:03+00:00
order_0000002133,cust_0341,1992.00,2025-11-16T22:31:45+00:00
order_0000002134,cust_0415,854.00,2025-11-05T08:52:43+00:00
order_0000002135,cust_0284,541.21,2025-11-11T05:22:20+00:00
order_0000002136,cust_0481,467.00,2025-11-25T00:21:03+00:00
order_0000002137,cust_0494,543.00,2025-11-07T15:14:14+00:00
order_0000002138,cust_0047,984.46,2025-11-06T17:34:25+00:00
order_0000002139,cust_0773,4364.99,2025-11-18T17:48:07+00:00
order_0000002140,cust_0100,942.99,2025-11-12T07:33:57+00:00
order_0000002141,cust_0105,533.72,2025-11-06T11:43:05+00:00
order_0000002142,cust_0086,239.99,2025-11-17T20:50:47+00:00
order_0000002143,cust_0073,755.65,2025-11-03T02:59:37+00:00
order_0000002144,cust_0377,5988.99,2025-11-09T02:09:26+00:00
order_0000002145,cust_0057,747.42,2025-11-02T05:02:38+00:00
order_0000002146,cust_0558,742.00,2025-11-29T02:38:27+00:00
order_0000002147,cust_0143,433.67,2025-11-05T15:04:33+00:00
order_0000002148,cust_0419,3554.00,2025-11-19T12:06:06+00:00
order_0000002149,cust_0782,992.00,2025-11-17T17:39:12+00:00
order_0000002150,cust_0354,464.00,2025-11-14T00:37:56+00:00
order_0000002151,cust_0025,1333.07,2025-11-08T16:00:00+00:00
order_0000002152,cust_0537,159.25,2025-11-05T06:37:46+00:00
order_0000002153,cust_0479,789.38,2025-11-24T17:11:04+00:00
order_0000002154,cust_0205,915.99,2025-11-27T16:32:54+00:00
order_0000002155,cust_0231,518.28,2025-11-23T13:56:45+00:00
order_0000002156,cust_0006,2939.88,2025-11-21T00:26:22+00:00
order_0000002157,cust_0654,2837.99,2025-11-30T07:39:37+00:00
order_0000002158,cust_0552,2651.47,2025-11-25T05:17:08+00:00
order_0000002159,cust_0239,723.25,2025-11-16T14:23:50+00:00
order_0000002160,cust_0214,1303.99,2025-11-22T18:19:26+00:00
order_0000002161,cust_0494,354.90,2025-11-04T18:08:10+00:00
order_0000002162,cust_0111,120.02,2025-11-11T04:42:47+00:00
order_0000002163,cust_0296,428.77,2025-11-03T12:00:57+00:00
order_0000002164,cust_0723,512.99,2025-11-14T12:44:14+00:00
order_0000002165,cust_0237,1022.15,2025-11-08T22:52:03+00:00
order_0000002166,cust_0485,14786.95,2025-11-17T14:55:56+00:00
order_0000002167,cust_0138,200.00,2025-11-21T11:10:05+00:00
order_0000002168,cust_0591,8675.59,2025-11-27T04:14:24+00:00
order_0000002169,cust_0387,590.99,2025-11-08T07:04:28+00:00
order_0000002170,cust_0181,2832.17,2025-11-29T02:13:34+00:00
order_0000002171,cust_0875,191.78,2025-11-27T00:51:41+00:00
order_0000002172,cust_0065,893.00,2025-11-17T13:07:24+00:00
order_0000002173,cust_0100,348.00,2025-11-11T13:10:50+00:00
order_0000002174,cust_0825,957.55,2025-11-12T03:15:20+00:00
order_0000002175,cust_0826,675.38,2025-11-02T16:05:13+00:00
order_0000002176,cust_0388,452.79,2025-11-01T03:52:04+00:00
order_0000002177,cust_0099,945.99,2025-11-26T21:20:02+00:00
order_0000002178,cust_0714,234.22,2025-11-19T11:41:05+00:00
order_0000002179,cust_0301,818.10,2025-11-09T07:27:04+00:00
order_0000002180,cust_0282,238.00,2025-11-01T05:35:47+00:00
order_0000002181,cust_0030,2572.94,2025-11-02T03:28:57+00:00
order_0000002182,cust_0562,2263.01,2025-11-05T11:35:34+00:00
order_0000002183,cust_0078,313.99,2025-11-12T15:50:48+00:00
order_0000002184,cust_0100,842.77,2025-11-27T11:00:35+00:00
order_0000002185,cust_0053,3241.99,2025-11-27T11:48:09+00:00
order_0000002186,cust_0899,923.99,2025-11-24T00:03:23+00:00
order_0000002187,cust_0179,793.00,2025-11-25T11:11:52+00:00
order_0000002188,cust_0184,336.38,2025-11-09T23:43:21+00:00
order_0000002189,cust_0091,127.00,2025-11-09T05:41:13+00:00
order_0000002190,cust_0107,583.70,2025-11-13T15:03:24+00:00
order_0000002191,cust_0852,1015.30,2025-11-02T10:09:37+00:00
order_0000002192,cust_0678,905.00,2025-11-26T08:09:41+00:00
order_0000002193,cust_0747,875.00,2025-11-09T16:40:24+00:00
order_0000002194,cust_0183,949.08,2025-11-20T15:44:05+00:00
order_0000002195,cust_0478,213.35,2025-11-29T14:33:12+00:00
order_0000002196,cust_0524,225.13,2025-11-15T18:24:05+00:00
order_0000002197,cust_0390,205.00,2025-11-09T08:11:36+00:00
order_0000002198,cust_0266,637.98,2025-11-12T16:55:42+00:00
order_0000002199,cust_0676,189.99,2025-11-08T02:36:29+00:00
order_0000002200,cust_0616,867.00,2025-11-02T12:55:49+00:00
order_0000002201,cust_0292,328.00,2025-11-30T11:15:59+00:00
order_0000002202,cust_0899,261.00,2025-11-01T21:03:11+00:00
order_0000002203,cust_0091,984.99,2025-11-06T14:25:22+00:00
order_0000002204,cust_0026,722.88,2025-11-18T06:08:34+00:00
order_0000002205,cust_0103,482.48,2025-11-15T04:00:27+00:00
order_0000002206,cust_0866,527.00,2025-11-19T08:45:50+00:00
order_0000002207,cust_0310,767.99,2025-11-15T00:25:02+00:00
order_0000002208,cust_0361,2871.20,2025-11-13T17:27:08+00:00
order_0000002209,cust_0267,172.99,2025-11-13T05:45:00+00:00
order_0000002210,cust_0237,342.53,2025-11-28T12:18:27+00:00
order_0000002211,cust_0356,488.10,2025-11-29T02:29:54+00:00
order_0000002212,cust_0259,115.46,2025-11-17T07:30:27+00:00
order_0000002213,cust_0311,526.99,2025-11-11T20:13:24+00:00
order_0000002214,cust_0838,920.41,2025-11-18T08:34:31+00:00
order_0000002215,cust_0339,870.28,2025-11-23T18:18:09+00:00
order_0000002216,cust_0631,446.30,2025-11-05T13:15:56+00:00
order_0000002217,cust_0101,256.90,2025-11-07T20:01:27+00:00
order_0000002218,cust_0798,271.77,2025-11-30T12:23:20+00:00
order_0000002219,cust_0040,560.13,2025-11-16T03:14:21+00:00
order_0000002220,cust_0371,355.24,2025-11-01T05:14:55+00:00
order_0000002221,cust_0485,228.26,2025-11-14T10:20:31+00:00
order_0000002222,cust_0474,564.59,2025-11-24T11:54:38+00:00
order_0000002223,cust_0013,1067.99,2025-11-22T16:22:03+00:00
order_0000002224,cust_0427,1963.00,2025-11-19T18:36:37+00:00
order_0000002225,cust_0492,555.78,2025-11-29T12:42:00+00:00
order_0000002226,cust_0088,960.87,2025-11-18T05:35:48+00:00
order_0000002227,cust_0074,134.00,2025-11-21T12:17:02+00:00
order_0000002228,cust_0037,1393.66,2025-11-28T09:38:42+00:00
order_0000002229,cust_0792,852.00,2025-11-29T18:25:26+00:00
order_0000002230,cust_0314,121.00,2025-11-20T04:04:04+00:00
order_0000002231,cust_0069,139.51,2025-11-02T03:24:15+00:00
order_0000002232,cust_0012,399.00,2025-11-16T19:36:14+00:00
order_0000002233,cust_0821,687.99,2025-11-07T07:39:33+00:00
order_0000002234,cust_0111,746.58,2025-11-15T16:55:34+00:00
order_0000002235,cust_0820,641.63,2025-11-02T05:12:52+00:00
order_0000002236,cust_0314,227.35,2025-11-01T10:31:11+00:00
order_0000002237,cust_0526,2620.99,2025-11-05T06:43:32+00:00
order_0000002238,cust_0188,371.60,2025-11-05T18:44:20+00:00
order_0000002239,cust_0348,104.00,2025-11-08T13:14:17+00:00
order_0000002240,cust_0486,839.44,2025-11-29T13:36:38+00:00
order_0000002241,cust_0824,14752.90,2025-11-10T16:32:09+00:00
order_0000002242,cust_0611,989.33,2025-11-13T13:19:07+00:00
order_0000002243,cust_0581,183.99,2025-11-15T01:19:11+00:00
order_0000002244,cust_0493,1087.00,2025-11-09T08:58:04+00:00
order_0000002245,cust_0685,2350.46,2025-11-29T10:47:06+00:00
order_0000002246,cust_0074,749.56,2025-11-29T13:05:30+00:00
order_0000002247,cust_0298,773.00,2025-11-21T04:30:13+00:00
order_0000002248,cust_0404,980.60,2025-11-04T08:44:50+00:00
order_0000002249,cust_0228,1475.00,2025-11-26T07:43:17+00:00
order_0000002250,cust_0632,317.24,2025-11-17T17:32:29+00:00
order_0000002251,cust_0376,472.23,2025-11-19T10:28:00+00:00
order_0000002252,cust_0431,682.83,2025-11-30T02:05:07+00:00
order_0000002253,cust_0292,652.00,2025-11-25T13:40:20+00:00
order_0000002254,cust_0442,255.00,2025-11-06T12:01:52+00:00
order_0000002255,cust_0829,550.49,2025-11-19T03:41:47+00:00
order_0000002256,cust_0572,578.30,2025-11-04T05:04:42+00:00
order_0000002257,cust_0257,286.00,2025-11-28T00:34:14+00:00
order_0000002258,cust_0228,565.95,2025-11-13T09:51:12+00:00
order_0000002259,cust_0700,546.99,2025-11-20T13:13:19+00:00
order_0000002260,cust_0250,782.35,2025-11-23T06:29:17+00:00
order_0000002261,cust_0676,776.96,2025-11-13T12:28:27+00:00
order_0000002262,cust_0218,866.00,2025-11-08T09:49:01+00:00
order_0000002263,cust_0748,725.00,2025-11-09T00:39:54+00:00
order_0000002264,cust_0376,615.33,2025-11-14T11:12:19+00:00
order_0000002265,cust_0148,924.32,2025-11-25T11:29:09+00:00
order_0000002266,cust_0576,683.42,2025-11-05T04:04:06+00:00
order_0000002267,cust_0843,791.89,2025-11-17T13:00:35+00:00
order_0000002268,cust_0037,10477.00,2025-11-07T10:23:00+00:00
order_0000002269,cust_0718,917.15,2025-11-27T17:01:26+00:00
order_0000002270,cust_0861,988.00,2025-11-08T15:59:26+00:00
order_0000002271,cust_0879,585.00,2025-11-02T14:46:31+00:00
order_0000002272,cust_0658,973.04,2025-11-10T09:37:05+00:00
order_0000002273,cust_0354,2102.99,2025-11-30T08:31:44+00:00
order_0000002274,cust_0209,511.99,2025-11-20T00:39:12+00:00
order_0000002275,cust_0270,3207.99,2025-11-21T04:15:09+00:00
order_0000002276,cust_0440,982.99,2025-11-06T15:42:22+00:00
order_0000002277,cust_0203,798.99,2025-11-04T15:21:16+00:00
order_0000002278,cust_0578,850.00,2025-11-27T00:56:34+00:00
order_0000002279,cust_0081,2761.16,2025-11-18T11:06:00+00:00
order_0000002280,cust_0306,355.47,2025-11-23T10:30:11+00:00
order_0000002281,cust_0431,2802.00,2025-11-12T13:11:14+00:00
order_0000002282,cust_0694,756.00,2025-11-25T12:16:39+00:00
order_0000002283,cust_0171,876.03,2025-11-26T14:21:23+00:00
order_0000002284,cust_0323,891.00,2025-11-21T09:41:04+00:00
order_0000002285,cust_0553,728.99,2025-11-22T02:06:49+00:00
order_0000002286,cust_0738,268.00,2025-11-11T11:27:39+00:00
order_0000002287,cust_0791,675.99,2025-11-25T15:44:47+00:00
order_0000002288,cust_0831,371.21,2025-11-17T01:39:20+00:00
order_0000002289,cust_0250,952.00,2025-11-02T08:20:15+00:00
order_0000002290,cust_0703,895.11,2025-11-30T07:21:39+00:00
order_0000002291,cust_0486,619.30,2025-11-25T10:19:28+00:00
order_0000002292,cust_0601,2408.00,2025-11-20T15:21:42+00:00
order_0000002293,cust_0704,770.45,2025-11-28T11:35:36+00:00
order_0000002294,cust_0441,751.00,2025-11-19T13:04:24+00:00
order_0000002295,cust_0583,227.00,2025-11-05T15:23:07+00:00
order_0000002296,cust_0725,168.04,2025-11-24T09:18:46+00:00
order_0000002297,cust_0689,334.32,2025-11-24T09:09:07+00:00
order_0000002298,cust_0165,2784.00,2025-11-01T22:22:23+00:00
order_0000002299,cust_0257,745.00,2025-11-12T15:35:52+00:00
order_0000002300,cust_0128,913.60,2025-11-03T14:26:35+00:00
order_0000002301,cust_0698,199.99,2025-11-26T09:41:06+00:00
order_0000002302,cust_0505,655.84,2025-11-02T09:46:11+00:00
order_0000002303,cust_0569,272.50,2025-11-23T04:51:48+00:00
order_0000002304,cust_0327,514.00,2025-11-12T07:39:11+00:00
order_0000002305,cust_0420,1030.75,2025-11-15T10:01:42+00:00
order_0000002306,cust_0169,437.72,2025-11-26T08:14:55+00:00
order_0000002307,cust_0516,266.17,2025-11-14T17:41:22+00:00
order_0000002308,cust_0845,351.15,2025-11-26T16:42:39+00:00
order_0000002309,cust_0213,304.00,2025-11-29T10:27:50+00:00
order_0000002310,cust_0004,580.95,2025-11-01T06:31:50+00:00
order_0000002311,cust_0886,933.49,2025-11-29T10:49:29+00:00
order_0000002312,cust_0686,279.00,2025-11-17T21:16:48+00:00
order_0000002313,cust_0289,2429.99,2025-11-02T14:14:22+00:00
order_0000002314,cust_0747,145.55,2025-11-27T22:24:57+00:00
order_0000002315,cust_0156,173.82,2025-11-04T15:37:02+00:00
order_0000002316,cust_0191,466.98,2025-11-21T01:30:38+00:00
order_0000002317,cust_0335,399.00,2025-11-13T01:56:44+00:00
order_0000002318,cust_0437,12664.99,2025-11-22T13:12:22+00:00
order_0000002319,cust_0663,793.77,2025-11-11T09:36:12+00:00
order_0000002320,cust_0727,1003.00,2025-11-10T21:44:07+00:00
order_0000002321,cust_0125,943.00,2025-11-04T07:31:48+00:00
order_0000002322,cust_0594,935.98,2025-11-02T01:32:59+00:00
order_0000002323,cust_0511,1982.77,2025-11-07T18:58:44+00:00
order_0000002324,cust_0330,156.99,2025-11-23T16:25:22+00:00
order_0000002325,cust_0841,990.00,2025-11-15T00:20:50+00:00
order_0000002326,cust_0593,280.77,2025-11-04T09:19:27+00:00
order_0000002327,cust_0344,10655.00,2025-11-19T10:43:59+00:00
order_0000002328,cust_0799,956.16,2025-11-16T03:01:07+00:00
order_0000002329,cust_0434,341.47,2025-11-29T06:35:31+00:00
order_0000002330,cust_0697,235.35,2025-11-28T07:36:08+00:00
order_0000002331,cust_0409,891.34,2025-11-17T18:23:41+00:00
order_0000002332,cust_0349,361.58,2025-11-02T13:50:39+00:00
order_0000002333,cust_0812,1078.00,2025-11-11T08:33:49+00:00
order_0000002334,cust_0567,957.99,2025-11-06T13:04:47+00:00
order_0000002335,cust_0018,1016.00,2025-11-15T13:30:07+00:00
order_0000002336,cust_0244,748.84,2025-11-16T07:01:13+00:00
order_0000002337,cust_0216,965.00,2025-10-31T22:35:44+00:00
order_0000002338,cust_0015,639.49,2025-11-08T04:58:24+00:00
order_0000002339,cust_0267,1034.92,2025-11-14T03:53:00+00:00
order_0000002340,cust_0722,555.00,2025-11-23T01:14:46+00:00
order_0000002341,cust_0443,433.34,2025-11-16T08:59:40+00:00
order_0000002342,cust_0411,621.00,2025-11-13T05:21:15+00:00
order_0000002343,cust_0348,5628.00,2025-11-06T07:02:37+00:00
order_0000002344,cust_0802,1902.56,2025-11-15T14:14:04+00:00
order_0000002345,cust_0281,265.99,2025-11-25T03:16:16+00:00
order_0000002346,cust_0868,479.00,2025-11-09T11:20:58+00:00
order_0000002347,cust_0375,658.12,2025-11-11T03:06:42+00:00
order_0000002348,cust_0840,485.49,2025-11-28T10:14:29+00:00
order_0000002349,cust_0310,613.00,2025-11-25T10:25:45+00:00
order_0000002350,cust_0457,950.44,2025-11-08T10:39:10+00:00
order_0000002351,cust_0655,3585.04,2025-11-22T17:49:18+00:00
order_0000002352,cust_0194,730.42,2025-11-17T14:43:13+00:00
order_0000002353,cust_0513,1007.00,2025-11-18T04:12:52+00:00
order_0000002354,cust_0191,2506.00,2025-11-12T03:30:15+00:00
order_0000002355,cust_0889,472.52,2025-11-26T06:11:55+00:00
order_0000002356,cust_0818,701.00,2025-11-26T04:23:31+00:00
order_0000002357,cust_0650,377.63,2025-11-06T07:10:50+00:00
order_0000002358,cust_0751,579.60,2025-11-11T17:35:28+00:00
order_0000002359,cust_0833,2238.00,2025-11-16T09:13:11+00:00
order_0000002360,cust_0485,870.99,2025-11-25T06:35:45+00:00
order_0000002361,cust_0450,896.99,2025-11-14T13:28:18+00:00
order_0000002362,cust_0546,2657.88,2025-11-26T16:28:16+00:00
order_0000002363,cust_0883,874.00,2025-11-08T13:03:32+00:00
order_0000002364,cust_0878,12859.00,2025-11-22T16:55:50+00:00
order_0000002365,cust_0258,1055.43,2025-11-06T08:48:34+00:00
order_0000002366,cust_0704,570.32,2025-11-03T18:56:01+00:00
order_0000002367,cust_0097,666.99,2025-11-16T01:52:06+00:00
order_0000002368,cust_0448,325.97,2025-11-13T14:14:47+00:00
order_0000002369,cust_0704,174.43,2025-11-14T17:34:55+00:00
order_0000002370,cust_0268,713.94,2025-11-20T16:42:22+00:00
order_0000002371,cust_0775,10999.05,2025-11-30T17:36:41+00:00
order_0000002372,cust_0756,768.30,2025-11-08T21:21:59+00:00
order_0000002373,cust_0670,312.99,2025-11-11T10:11:10+00:00
order_0000002374,cust_0509,16951.23,2025-11-03T13:23:38+00:00
order_0000002375,cust_0790,811.99,2025-11-16T16:36:01+00:00
order_0000002376,cust_0321,2019.99,2025-11-16T11:29:44+00:00
order_0000002377,cust_0043,7806.00,2025-11-02T17:26:40+00:00
order_0000002378,cust_0651,1160.99,2025-11-25T11:11:01+00:00
order_0000002379,cust_0762,754.00,2025-11-08T03:05:12+00:00
order_0000002380,cust_0704,915.99,2025-11-05T23:59:34+00:00
order_0000002381,cust_0565,710.56,2025-11-16T19:39:31+00:00
order_0000002382,cust_0562,349.48,2025-11-20T02:16:31+00:00
order_0000002383,cust_0141,469.00,2025-11-21T06:36:37+00:00
order_0000002384,cust_0098,250.48,2025-11-11T12:30:47+00:00
order_0000002385,cust_0674,320.00,2025-11-26T13:52:47+00:00
order_0000002386,cust_0642,2652.82,2025-11-11T17:51:16+00:00
order_0000002387,cust_0540,227.24,2025-11-12T13:06:29+00:00
order_0000002388,cust_0559,222.99,2025-11-12T16:08:50+00:00
order_0000002389,cust_0332,774.39,2025-11-22T04:35:10+00:00
order_0000002390,cust_0378,663.60,2025-11-23T09:30:57+00:00
order_0000002391,cust_0772,897.20,2025-11-01T08:42:04+00:00
order_0000002392,cust_0069,783.53,2025-11-17T15:08:19+00:00
order_0000002393,cust_0481,3032.40,2025-11-11T01:06:06+00:00
order_0000002394,cust_0622,3527.99,2025-11-28T09:38:39+00:00
order_0000002395,cust_0855,2779.33,2025-11-20T00:24:51+00:00
order_0000002396,cust_0342,388.00,2025-11-01T15:59:18+00:00
order_0000002397,cust_0762,105.52,2025-11-09T04:21:17+00:00
order_0000002398,cust_0188,228.36,2025-11-21T06:10:57+00:00
order_0000002399,cust_0095,804.50,2025-11-16T08:36:23+00:00
order_0000002400,cust_0174,605.42,2025-11-03T02:10:52+00:00
order_0000002401,cust_0728,300.17,2025-11-16T12:06:30+00:00
order_0000002402,cust_0616,783.25,2025-11-22T02:04:47+00:00
order_0000002403,cust_0229,907.00,2025-11-28T11:52:34+00:00
order_0000002404,cust_0571,765.35,2025-11-26T06:22:59+00:00
order_0000002405,cust_0538,576.16,2025-11-21T10:39:52+00:00
order_0000002406,cust_0317,467.00,2025-11-19T15:07:23+00:00
order_0000002407,cust_0144,2494.99,2025-11-03T07:45:11+00:00
order_0000002408,cust_0368,474.04,2025-11-18T09:57:39+00:00
order_0000002409,cust_0178,1318.44,2025-11-02T04:36:28+00:00
order_0000002410,cust_0292,883.73,2025-11-05T08:13:48+00:00
order_0000002411,cust_0360,1435.22,2025-11-12T14:40:54+00:00
order_0000002412,cust_0715,131.00,2025-11-23T15:31:41+00:00
order_0000002413,cust_0651,888.99,2025-11-10T00:27:43+00:00
order_0000002414,cust_0769,237.40,2025-11-04T07:13:00+00:00
order_0000002415,cust_0813,2047.99,2025-11-26T17:54:03+00:00
order_0000002416,cust_0205,669.95,2025-11-19T06:29:46+00:00
order_0000002417,cust_0637,3289.73,2025-11-30T13:46:21+00:00
order_0000002418,cust_0493,579.12,2025-11-21T15:57:17+00:00
order_0000002419,cust_0560,725.33,2025-11-04T10:25:20+00:00
order_0000002420,cust_0310,12802.56,2025-11-29T02:53:44+00:00
order_0000002421,cust_0385,915.93,2025-11-28T07:59:31+00:00
order_0000002422,cust_0070,690.58,2025-11-25T14:52:48+00:00
order_0000002423,cust_0022,522.00,2025-11-16T15:48:58+00:00
order_0000002424,cust_0010,2559.59,2025-11-11T10:27:20+00:00
order_0000002425,cust_0405,333.99,2025-11-06T12:07:11+00:00
order_0000002426,cust_0664,161.76,2025-11-28T13:16:43+00:00
order_0000002427,cust_0870,189.26,2025-11-18T23:57:48+00:00
order_0000002428,cust_0680,291.00,2025-11-17T09:52:11+00:00
order_0000002429,cust_0666,339.68,2025-11-03T15:16:01+00:00
order_0000002430,cust_0855,1039.00,2025-11-17T23:14:17+00:00
order_0000002431,cust_0124,835.85,2025-11-05T13:45:08+00:00
order_0000002432,cust_0413,677.03,2025-11-20T11:38:19+00:00
order_0000002433,cust_0054,264.00,2025-11-29T12:35:25+00:00
order_0000002434,cust_0061,540.00,2025-11-03T02:02:17+00:00
order_0000002435,cust_0126,415.70,2025-11-04T02:10:28+00:00
order_0000002436,cust_0631,261.00,2025-11-08T04:51:56+00:00
order_0000002437,cust_0386,676.99,2025-11-02T06:50:22+00:00
order_0000002438,cust_0051,781.83,2025-11-28T16:45:17+00:00
order_0000002439,cust_0096,1744.99,2025-11-01T16:46:59+00:00
order_0000002440,cust_0037,1264.16,2025-11-10T17:12:41+00:00
order_0000002441,cust_0438,1056.33,2025-11-01T04:29:18+00:00
order_0000002442,cust_0342,922.00,2025-11-14T17:27:54+00:00
order_0000002443,cust_0628,696.19,2025-11-15T00:16:19+00:00
order_0000002444,cust_0725,483.99,2025-11-08T11:42:13+00:00
order_0000002445,cust_0766,538.00,2025-11-09T14:28:43+00:00
order_0000002446,cust_0289,472.97,2025-11-27T17:44:59+00:00
order_0000002447,cust_0730,419.00,2025-11-24T10:57:42+00:00
order_0000002448,cust_0560,737.99,2025-11-30T05:43:47+00:00
order_0000002449,cust_0095,777.00,2025-11-17T03:10:26+00:00
order_0000002450,cust_0034,427.92,2025-11-14T07:42:34+00:00
order_0000002451,cust_0771,387.00,2025-11-22T14:48:07+00:00
order_0000002452,cust_0844,423.35,2025-11-01T11:15:45+00:00
order_0000002453,cust_0671,1016.74,2025-11-24T08:15:14+00:00
order_0000002454,cust_0159,697.91,2025-11-03T07:59:34+00:00
order_0000002455,cust_0837,1299.00,2025-11-26T10:19:00+00:00
order_0000002456,cust_0458,107.88,2025-11-16T09:30:04+00:00
order_0000002457,cust_0378,829.88,2025-11-19T11:42:07+00:00
order_0000002458,cust_0722,342.00,2025-11-26T17:17:51+00:00
order_0000002459,cust_0621,815.40,2025-11-15T07:01:10+00:00
order_0000002460,cust_0600,709.23,2025-11-07T17:05:29+00:00
order_0000002461,cust_0458,165.10,2025-11-29T07:25:51+00:00
order_0000002462,cust_0046,754.00,2025-11-21T12:25:00+00:00
order_0000002463,cust_0266,13937.00,2025-11-22T11:13:50+00:00
order_0000002464,cust_0188,519.62,2025-11-13T00:23:44+00:00
order_0000002465,cust_0229,838.00,2025-11-28T14:25:25+00:00
order_0000002466,cust_0129,129.61,2025-11-06T15:50:48+00:00
order_0000002467,cust_0642,312.99,2025-11-25T01:03:13+00:00
order_0000002468,cust_0889,260.00,2025-11-29T01:01:11+00:00
order_0000002469,cust_0329,853.77,2025-11-11T03:37:39+00:00
order_0000002470,cust_0345,238.00,2025-11-04T14:30:29+00:00
order_0000002471,cust_0863,989.03,2025-11-08T15:25:06+00:00
order_0000002472,cust_0755,396.78,2025-11-25T08:28:30+00:00
order_0000002473,cust_0105,510.79,2025-11-06T12:11:51+00:00
order_0000002474,cust_0870,3264.90,2025-11-07T07:54:35+00:00
order_0000002475,cust_0208,550.48,2025-11-07T19:05:05+00:00
order_0000002476,cust_0129,211.00,2025-11-19T17:09:00+00:00
order_0000002477,cust_0800,1039.99,2025-11-08T05:26:01+00:00
order_0000002478,cust_0823,615.15,2025-11-26T20:16:33+00:00
order_0000002479,cust_0680,102.98,2025-11-29T06:37:01+00:00
order_0000002480,cust_0441,1020.00,2025-11-17T13:31:50+00:00
order_0000002481,cust_0530,677.99,2025-11-03T14:58:20+00:00
order_0000002482,cust_0417,1060.00,2025-11-04T05:27:19+00:00
order_0000002483,cust_0063,676.84,2025-11-22T00:32:49+00:00
order_0000002484,cust_0135,750.00,2025-11-21T10:06:17+00:00
order_0000002485,cust_0308,809.00,2025-11-26T14:56:54+00:00
order_0000002486,cust_0669,4985.10,2025-11-10T15:31:12+00:00
order_0000002487,cust_0746,989.71,2025-11-20T09:29:53+00:00
order_0000002488,cust_0836,516.00,2025-11-18T08:05:52+00:00
order_0000002489,cust_0861,347.74,2025-11-30T03:21:45+00:00
order_0000002490,cust_0518,419.03,2025-11-26T06:53:57+00:00
order_0000002491,cust_0433,495.00,2025-11-11T05:42:42+00:00
order_0000002492,cust_0867,365.83,2025-11-14T09:09:38+00:00
order_0000002493,cust_0170,783.99,2025-11-22T09:18:31+00:00
order_0000002494,cust_0174,182.80,2025-11-16T10:06:43+00:00
order_0000002495,cust_0429,15889.00,2025-11-05T06:39:00+00:00
order_0000002496,cust_0238,824.00,2025-11-12T16:29:48+00:00
order_0000002497,cust_0004,1050.44,2025-11-06T17:34:46+00:00
order_0000002498,cust_0677,127.00,2025-11-26T12:03:40+00:00
order_0000002499,cust_0700,198.99,2025-11-19T06:07:18+00:00
order_0000002500,cust_0665,1013.00,2025-11-24T11:18:37+00:00
order_0000002501,cust_0575,3028.00,2025-11-03T13:04:46+00:00
order_0000002502,cust_0138,231.79,2025-11-20T20:08:04+00:00
order_0000002503,cust_0061,105.00,2025-11-06T15:53:01+00:00
order_0000002504,cust_0551,2643.00,2025-11-14T17:18:51+00:00
order_0000002505,cust_0881,3299.99,2025-11-27T14:40:54+00:00
order_0000002506,cust_0184,3143.00,2025-11-27T15:28:11+00:00
order_0000002507,cust_0436,860.82,2025-11-16T23:30:12+00:00
order_0000002508,cust_0252,1031.00,2025-11-28T08:53:34+00:00
order_0000002509,cust_0391,223.77,2025-11-30T04:35:52+00:00
order_0000002510,cust_0317,554.99,2025-11-02T16:27:50+00:00
order_0000002511,cust_0043,384.37,2025-11-06T08:25:13+00:00
order_0000002512,cust_0283,346.00,2025-11-04T01:56:24+00:00
order_0000002513,cust_0079,420.52,2025-11-10T05:45:45+00:00
order_0000002514,cust_0725,369.42,2025-11-06T08:02:36+00:00
order_0000002515,cust_0195,3200.00,2025-11-04T06:35:54+00:00
order_0000002516,cust_0264,2388.37,2025-11-19T09:57:58+00:00
order_0000002517,cust_0220,14184.34,2025-11-08T10:41:28+00:00
order_0000002518,cust_0819,2327.12,2025-11-28T10:35:51+00:00
order_0000002519,cust_0874,326.00,2025-11-08T02:44:17+00:00
order_0000002520,cust_0337,981.27,2025-11-05T14:53:00+00:00
order_0000002521,cust_0422,13764.00,2025-11-18T00:56:30+00:00
order_0000002522,cust_0347,450.15,2025-11-13T02:31:28+00:00
order_0000002523,cust_0518,206.49,2025-11-05T16:22:53+00:00
order_0000002524,cust_0160,3492.00,2025-11-05T12:36:16+00:00
order_0000002525,cust_0198,395.08,2025-11-03T09:41:34+00:00
order_0000002526,cust_0650,3102.49,2025-11-25T02:41:01+00:00
order_0000002527,cust_0465,1025.15,2025-11-28T04:29:01+00:00
order_0000002528,cust_0050,147.27,2025-11-07T08:50:08+00:00
order_0000002529,cust_0543,801.00,2025-11-17T05:26:46+00:00
order_0000002530,cust_0854,414.00,2025-11-23T14:59:32+00:00
order_0000002531,cust_0414,1114.00,2025-11-24T07:28:50+00:00
order_0000002532,cust_0801,490.86,2025-11-12T07:14:50+00:00
order_0000002533,cust_0853,567.64,2025-11-03T10:16:57+00:00
order_0000002534,cust_0506,2287.47,2025-11-01T03:54:48+00:00
order_0000002535,cust_0075,952.99,2025-11-08T08:17:07+00:00
order_0000002536,cust_0290,1002.67,2025-11-02T07:09:19+00:00
order_0000002537,cust_0729,137.10,2025-11-06T18:16:54+00:00
order_0000002538,cust_0440,1220.18,2025-11-07T02:20:41+00:00
order_0000002539,cust_0563,287.40,2025-11-06T10:30:39+00:00
order_0000002540,cust_0707,699.00,2025-11-07T00:57:00+00:00
order_0000002541,cust_0770,729.11,2025-11-11T02:49:29+00:00
order_0000002542,cust_0624,2767.19,2025-11-04T08:36:39+00:00
order_0000002543,cust_0452,938.86,2025-11-10T18:00:44+00:00
order_0000002544,cust_0387,2778.00,2025-11-27T07:39:37+00:00
order_0000002545,cust_0284,502.00,2025-11-28T12:00:20+00:00
order_0000002546,cust_0488,2773.99,2025-11-06T11:43:28+00:00
order_0000002547,cust_0699,358.29,2025-11-23T09:38:34+00:00
order_0000002548,cust_0647,1177.92,2025-11-14T02:32:55+00:00
order_0000002549,cust_0367,1059.00,2025-11-18T09:53:31+00:00
order_0000002550,cust_0746,654.00,2025-11-17T15:46:43+00:00
order_0000002551,cust_0524,679.14,2025-11-25T12:34:11+00:00
order_0000002552,cust_0482,618.64,2025-11-29T15:55:19+00:00
order_0000002553,cust_0242,594.80,2025-11-26T12:44:16+00:00
order_0000002554,cust_0867,1046.99,2025-11-10T11:42:24+00:00
order_0000002555,cust_0415,521.84,2025-11-22T02:48:50+00:00
order_0000002556,cust_0726,827.34,2025-11-16T03:11:43+00:00
order_0000002557,cust_0087,1025.00,2025-11-07T21:25:13+00:00
order_0000002558,cust_0488,1055.31,2025-11-21T18:11:35+00:00
order_0000002559,cust_0326,284.15,2025-11-22T17:02:30+00:00
order_0000002560,cust_0458,958.88,2025-11-20T11:45:35+00:00
order_0000002561,cust_0648,394.45,2025-11-29T04:29:04+00:00
order_0000002562,cust_0871,259.99,2025-11-01T11:35:31+00:00
order_0000002563,cust_0329,1183.15,2025-11-16T12:59:12+00:00
order_0000002564,cust_0429,4388.97,2025-11-26T15:47:48+00:00
order_0000002565,cust_0134,316.99,2025-11-25T15:49:07+00:00
order_0000002566,cust_0647,524.00,2025-11-26T15:27:55+00:00
order_0000002567,cust_0415,643.00,2025-11-18T01:23:17+00:00
order_0000002568,cust_0810,3533.00,2025-11-28T08:04:49+00:00
order_0000002569,cust_0007,171.58,2025-11-08T20:52:09+00:00
order_0000002570,cust_0231,200.00,2025-11-23T11:18:30+00:00
order_0000002571,cust_0406,788.77,2025-11-20T06:50:38+00:00
order_0000002572,cust_0363,601.57,2025-11-04T12:26:08+00:00
order_0000002573,cust_0063,657.00,2025-11-04T18:58:09+00:00
order_0000002574,cust_0212,429.00,2025-11-08T09:25:18+00:00
order_0000002575,cust_0395,922.00,2025-11-02T08:55:03+00:00
order_0000002576,cust_0352,402.84,2025-11-27T10:21:12+00:00
order_0000002577,cust_0066,528.40,2025-11-07T10:14:05+00:00
order_0000002578,cust_0140,1460.49,2025-11-03T10:36:53+00:00
order_0000002579,cust_0469,14236.52,2025-11-29T05:25:31+00:00
order_0000002580,cust_0106,299.99,2025-11-08T14:23:50+00:00
order_0000002581,cust_0862,1210.42,2025-11-18T12:00:23+00:00
order_0000002582,cust_0480,219.19,2025-11-17T01:29:59+00:00
order_0000002583,cust_0337,2135.86,2025-11-27T07:33:00+00:00
order_0000002584,cust_0345,456.13,2025-11-19T13:29:33+00:00
order_0000002585,cust_0069,557.30,2025-11-15T15:50:00+00:00
order_0000002586,cust_0724,142.30,2025-11-18T10:50:45+00:00
order_0000002587,cust_0128,988.57,2025-11-21T16:21:54+00:00
order_0000002588,cust_0334,788.99,2025-11-29T11:57:44+00:00
order_0000002589,cust_0701,1339.00,2025-11-19T14:47:36+00:00
order_0000002590,cust_0872,776.00,2025-11-15T15:59:03+00:00
order_0000002591,cust_0147,233.00,2025-11-25T08:38:13+00:00
order_0000002592,cust_0573,637.00,2025-11-23T12:46:58+00:00
order_0000002593,cust_0357,916.00,2025-11-04T11:37:51+00:00
order_0000002594,cust_0772,603.00,2025-11-16T15:45:56+00:00
order_0000002595,cust_0539,553.98,2025-11-27T03:34:54+00:00
order_0000002596,cust_0208,999.00,2025-11-06T00:30:06+00:00
order_0000002597,cust_0418,202.44,2025-11-15T05:44:06+00:00
order_0000002598,cust_0318,2323.00,2025-11-19T04:31:44+00:00
order_0000002599,cust_0859,431.93,2025-11-02T16:53:14+00:00
order_0000002600,cust_0685,503.00,2025-11-28T14:34:07+00:00
order_0000002601,cust_0182,473.00,2025-11-05T10:50:33+00:00
order_0000002602,cust_0812,765.31,2025-11-27T14:16:20+00:00
order_0000002603,cust_0713,634.99,2025-11-10T01:56:30+00:00
order_0000002604,cust_0241,686.11,2025-11-09T01:36:09+00:00
order_0000002605,cust_0071,372.88,2025-11-30T12:34:10+00:00
order_0000002606,cust_0063,521.00,2025-11-08T23:44:39+00:00
order_0000002607,cust_0471,550.00,2025-11-09T13:01:08+00:00
order_0000002608,cust_0132,412.40,2025-11-12T01:23:06+00:00
order_0000002609,cust_0857,989.83,2025-11-14T02:56:04+00:00
order_0000002610,cust_0271,552.81,2025-11-30T10:43:42+00:00
order_0000002611,cust_0132,1989.00,2025-11-13T20:07:16+00:00
order_0000002612,cust_0892,2206.00,2025-11-30T06:49:16+00:00
order_0000002613,cust_0262,391.00,2025-11-20T05:01:21+00:00
order_0000002614,cust_0810,488.00,2025-11-26T21:19:17+00:00
order_0000002615,cust_0688,1926.00,2025-11-23T15:56:52+00:00
order_0000002616,cust_0864,152.00,2025-11-16T13:44:49+00:00
order_0000002617,cust_0868,2002.00,2025-11-17T14:57:54+00:00
order_0000002618,cust_0109,154.34,2025-11-23T13:12:28+00:00
order_0000002619,cust_0255,3277.00,2025-11-14T04:51:12+00:00
order_0000002620,cust_0769,13274.66,2025-11-18T09:28:24+00:00
order_0000002621,cust_0596,1011.18,2025-11-01T14:44:29+00:00
order_0000002622,cust_0373,741.99,2025-11-12T10:52:21+00:00
order_0000002623,cust_0103,545.99,2025-11-08T05:08:24+00:00
order_0000002624,cust_0072,393.79,2025-11-22T08:45:55+00:00
order_0000002625,cust_0063,1984.30,2025-11-26T06:28:15+00:00
order_0000002626,cust_0134,666.99,2025-11-06T11:28:48+00:00
order_0000002627,cust_0024,585.36,2025-11-28T23:23:30+00:00
order_0000002628,cust_0466,293.54,2025-11-17T19:23:10+00:00
order_0000002629,cust_0695,15733.58,2025-11-30T07:05:54+00:00
order_0000002630,cust_0355,622.58,2025-11-18T21:58:38+00:00
order_0000002631,cust_0584,718.00,2025-11-05T07:14:33+00:00
order_0000002632,cust_0832,14008.17,2025-11-16T17:33:17+00:00
order_0000002633,cust_0395,798.69,2025-11-20T13:27:34+00:00
order_0000002634,cust_0760,819.00,2025-11-05T02:49:26+00:00
order_0000002635,cust_0626,662.87,2025-11-01T03:13:24+00:00
order_0000002636,cust_0290,2343.33,2025-11-13T02:25:13+00:00
order_0000002637,cust_0454,335.01,2025-11-09T05:15:06+00:00
order_0000002638,cust_0406,153.51,2025-11-18T05:26:53+00:00
order_0000002639,cust_0171,663.35,2025-11-02T15:19:28+00:00
order_0000002640,cust_0896,16032.00,2025-11-07T16:49:50+00:00
order_0000002641,cust_0387,2100.00,2025-11-21T05:07:33+00:00
order_0000002642,cust_0650,936.30,2025-11-19T12:18:54+00:00
order_0000002643,cust_0625,1842.68,2025-11-24T01:10:50+00:00
order_0000002644,cust_0478,888.26,2025-11-10T17:28:48+00:00
order_0000002645,cust_0453,744.38,2025-11-10T14:52:11+00:00
order_0000002646,cust_0598,11494.89,2025-11-29T00:39:39+00:00
order_0000002647,cust_0843,364.08,2025-11-25T07:36:09+00:00
order_0000002648,cust_0779,331.00,2025-11-17T11:34:06+00:00
order_0000002649,cust_0126,123.23,2025-11-06T15:09:01+00:00
order_0000002650,cust_0036,623.00,2025-11-07T13:42:16+00:00
order_0000002651,cust_0528,251.99,2025-11-09T05:32:22+00:00
order_0000002652,cust_0230,1042.02,2025-11-01T12:51:04+00:00
order_0000002653,cust_0003,2208.99,2025-11-07T04:57:15+00:00
order_0000002654,cust_0524,944.19,2025-11-28T04:32:33+00:00
order_0000002655,cust_0616,973.67,2025-11-12T08:44:16+00:00
order_0000002656,cust_0543,6324.00,2025-11-27T16:46:27+00:00
order_0000002657,cust_0721,146.65,2025-11-13T17:54:35+00:00
order_0000002658,cust_0840,1073.99,2025-11-01T10:25:02+00:00
order_0000002659,cust_0745,1391.00,2025-11-09T00:42:45+00:00
order_0000002660,cust_0423,1148.99,2025-11-03T09:07:24+00:00
order_0000002661,cust_0618,9660.84,2025-11-29T04:55:43+00:00
order_0000002662,cust_0136,739.84,2025-11-20T02:25:15+00:00
order_0000002663,cust_0138,11335.00,2025-11-14T15:48:25+00:00
order_0000002664,cust_0066,273.00,2025-11-21T16:47:38+00:00
order_0000002665,cust_0761,2515.99,2025-11-05T12:37:51+00:00
order_0000002666,cust_0780,878.00,2025-11-11T14:32:46+00:00
order_0000002667,cust_0233,641.50,2025-11-08T16:35:48+00:00
order_0000002668,cust_0031,833.99,2025-11-02T16:36:22+00:00
order_0000002669,cust_0701,455.39,2025-10-31T22:12:42+00:00
order_0000002670,cust_0352,1514.16,2025-11-04T15:25:27+00:00
order_0000002671,cust_0281,14589.99,2025-11-17T08:57:53+00:00
order_0000002672,cust_0615,902.74,2025-11-21T06:51:43+00:00
order_0000002673,cust_0382,1633.63,2025-11-07T13:00:47+00:00
order_0000002674,cust_0406,2882.00,2025-11-09T19:09:44+00:00
order_0000002675,cust_0852,3504.37,2025-11-11T10:29:15+00:00
order_0000002676,cust_0621,2641.00,2025-11-22T05:28:22+00:00
order_0000002677,cust_0544,2816.00,2025-11-06T16:50:53+00:00
order_0000002678,cust_0402,2463.18,2025-11-12T14:28:18+00:00
order_0000002679,cust_0228,857.34,2025-11-07T17:34:40+00:00
order_0000002680,cust_0398,550.00,2025-11-15T02:35:55+00:00
order_0000002681,cust_0487,3041.00,2025-11-08T14:58:06+00:00
order_0000002682,cust_0188,808.60,2025-11-24T13:59:25+00:00
order_0000002683,cust_0793,128.00,2025-11-07T03:28:33+00:00
order_0000002684,cust_0027,858.00,2025-11-22T18:25:59+00:00
order_0000002685,cust_0003,10993.99,2025-11-30T17:47:20+00:00
order_0000002686,cust_0465,500.85,2025-11-28T02:54:02+00:00
order_0000002687,cust_0850,1034.99,2025-11-23T16:13:41+00:00
order_0000002688,cust_0871,153.91,2025-11-15T10:53:05+00:00
order_0000002689,cust_0558,481.89,2025-11-09T12:26:49+00:00
order_0000002690,cust_0532,3300.27,2025-11-14T12:25:29+00:00
order_0000002691,cust_0824,2566.68,2025-11-05T16:02:25+00:00
order_0000002692,cust_0742,249.90,2025-11-11T06:44:22+00:00
order_0000002693,cust_0100,312.99,2025-11-28T10:24:27+00:00
order_0000002694,cust_0267,793.17,2025-11-25T17:32:55+00:00
order_0000002695,cust_0652,735.00,2025-11-16T07:53:31+00:00
order_0000002696,cust_0897,348.00,2025-11-16T15:41:21+00:00
order_0000002697,cust_0063,142.99,2025-11-07T11:47:34+00:00
order_0000002698,cust_0866,802.32,2025-11-28T15:24:06+00:00
order_0000002699,cust_0005,945.66,2025-11-21T10:13:50+00:00
order_0000002700,cust_0527,1008.08,2025-11-20T15:39:19+00:00
order_0000002701,cust_0151,498.00,2025-11-24T10:34:43+00:00
order_0000002702,cust_0605,3555.00,2025-11-14T13:05:33+00:00
order_0000002703,cust_0327,1281.00,2025-11-27T07:04:33+00:00
order_0000002704,cust_0885,2350.72,2025-11-08T16:21:33+00:00
order_0000002705,cust_0683,371.05,2025-11-25T04:46:45+00:00
order_0000002706,cust_0018,114.71,2025-11-21T09:45:46+00:00
order_0000002707,cust_0590,738.69,2025-11-25T22:32:01+00:00
order_0000002708,cust_0403,326.31,2025-11-16T17:25:53+00:00
order_0000002709,cust_0315,552.23,2025-11-02T13:39:10+00:00
order_0000002710,cust_0361,911.99,2025-11-20T17:00:13+00:00
order_0000002711,cust_0612,967.92,2025-11-12T06:59:49+00:00
order_0000002712,cust_0825,232.50,2025-11-07T15:02:04+00:00
order_0000002713,cust_0270,2233.00,2025-11-11T13:22:54+00:00
order_0000002714,cust_0533,781.45,2025-11-25T00:43:33+00:00
order_0000002715,cust_0418,2278.99,2025-11-23T09:02:23+00:00
order_0000002716,cust_0297,540.41,2025-11-26T15:45:35+00:00
order_0000002717,cust_0739,141.99,2025-11-14T07:36:30+00:00
order_0000002718,cust_0419,395.04,2025-11-18T12:35:01+00:00
order_0000002719,cust_0698,1433.10,2025-11-06T15:27:05+00:00
order_0000002720,cust_0786,7905.99,2025-11-29T07:28:02+00:00
order_0000002721,cust_0540,292.09,2025-11-14T06:49:37+00:00
order_0000002722,cust_0674,325.00,2025-11-08T01:45:17+00:00
order_0000002723,cust_0626,489.93,2025-11-25T08:15:58+00:00
order_0000002724,cust_0417,14556.00,2025-11-15T08:37:50+00:00
order_0000002725,cust_0594,2224.00,2025-11-30T08:57:46+00:00
order_0000002726,cust_0796,1464.00,2025-11-19T08:51:09+00:00
order_0000002727,cust_0825,925.12,2025-11-29T15:53:36+00:00
order_0000002728,cust_0597,459.00,2025-11-28T09:48:51+00:00
order_0000002729,cust_0717,1988.52,2025-11-15T07:55:52+00:00
order_0000002730,cust_0885,784.68,2025-11-14T20:57:01+00:00
order_0000002731,cust_0668,548.00,2025-11-18T12:20:25+00:00
order_0000002732,cust_0247,555.80,2025-11-16T15:16:05+00:00
order_0000002733,cust_0063,1028.00,2025-11-03T07:08:50+00:00
order_0000002734,cust_0247,714.79,2025-11-03T07:01:14+00:00
order_0000002735,cust_0610,2361.21,2025-11-26T07:26:22+00:00
order_0000002736,cust_0342,848.27,2025-11-03T18:32:43+00:00
order_0000002737,cust_0342,167.00,2025-11-21T14:31:52+00:00
order_0000002738,cust_0174,511.14,2025-11-01T12:06:13+00:00
order_0000002739,cust_0386,219.00,2025-11-21T03:41:47+00:00
order_0000002740,cust_0415,121.00,2025-11-23T05:25:22+00:00
order_0000002741,cust_0778,2255.00,2025-11-13T09:39:18+00:00
order_0000002742,cust_0889,973.00,2025-11-22T12:16:18+00:00
order_0000002743,cust_0343,883.31,2025-11-28T06:15:28+00:00
order_0000002744,cust_0506,417.00,2025-11-17T03:26:52+00:00
order_0000002745,cust_0459,675.45,2025-11-02T08:32:35+00:00
order_0000002746,cust_0454,2807.99,2025-11-07T14:48:00+00:00
order_0000002747,cust_0004,463.00,2025-11-17T06:45:00+00:00
order_0000002748,cust_0534,333.00,2025-11-19T09:03:40+00:00
order_0000002749,cust_0041,1010.00,2025-11-12T08:22:24+00:00
order_0000002750,cust_0412,278.85,2025-11-15T10:19:40+00:00
order_0000002751,cust_0143,428.46,2025-11-28T07:16:31+00:00
order_0000002752,cust_0856,348.00,2025-11-06T19:15:51+00:00
order_0000002753,cust_0149,443.00,2025-11-09T13:56:45+00:00
order_0000002754,cust_0722,1015.00,2025-11-03T05:52:09+00:00
order_0000002755,cust_0728,514.04,2025-11-09T21:05:38+00:00
order_0000002756,cust_0783,129.99,2025-11-14T07:41:21+00:00
order_0000002757,cust_0446,455.07,2025-11-23T08:26:21+00:00
order_0000002758,cust_0729,3438.13,2025-11-19T13:26:44+00:00
order_0000002759,cust_0449,182.99,2025-11-12T12:09:27+00:00
order_0000002760,cust_0659,3121.80,2025-11-25T12:31:32+00:00
order_0000002761,cust_0561,2176.89,2025-11-26T03:12:10+00:00
order_0000002762,cust_0751,333.99,2025-11-18T07:22:05+00:00
order_0000002763,cust_0576,361.86,2025-11-08T22:29:30+00:00
order_0000002764,cust_0623,409.99,2025-11-21T12:08:47+00:00
order_0000002765,cust_0877,303.99,2025-11-17T04:19:12+00:00
order_0000002766,cust_0615,197.48,2025-11-28T00:54:29+00:00
order_0000002767,cust_0338,1069.00,2025-11-07T03:07:16+00:00
order_0000002768,cust_0563,348.97,2025-11-17T06:44:21+00:00
order_0000002769,cust_0570,114.49,2025-11-05T08:01:34+00:00
order_0000002770,cust_0647,12095.00,2025-11-07T11:12:19+00:00
order_0000002771,cust_0101,521.99,2025-11-30T02:24:51+00:00
order_0000002772,cust_0016,437.99,2025-11-16T22:58:38+00:00
order_0000002773,cust_0852,473.55,2025-11-19T15:09:29+00:00
order_0000002774,cust_0112,1706.15,2025-11-30T17:59:24+00:00
order_0000002775,cust_0535,825.99,2025-11-26T15:00:13+00:00
order_0000002776,cust_0708,492.40,2025-11-03T08:18:39+00:00
order_0000002777,cust_0386,849.71,2025-11-03T13:26:14+00:00
order_0000002778,cust_0743,1968.00,2025-11-15T19:43:24+00:00
order_0000002779,cust_0121,3334.57,2025-11-22T14:34:18+00:00
order_0000002780,cust_0244,304.98,2025-11-11T01:39:56+00:00
order_0000002781,cust_0068,147.00,2025-11-26T07:18:13+00:00
order_0000002782,cust_0382,735.29,2025-11-08T20:46:41+00:00
order_0000002783,cust_0687,2861.12,2025-11-30T14:26:39+00:00
order_0000002784,cust_0891,990.19,2025-11-08T09:50:23+00:00
order_0000002785,cust_0564,760.00,2025-11-25T06:37:02+00:00
order_0000002786,cust_0602,215.48,2025-11-05T15:08:29+00:00
order_0000002787,cust_0351,1320.95,2025-11-17T10:47:03+00:00
order_0000002788,cust_0545,353.06,2025-11-06T08:11:49+00:00
order_0000002789,cust_0556,597.00,2025-11-17T18:14:49+00:00
order_0000002790,cust_0212,532.99,2025-11-10T03:11:36+00:00
order_0000002791,cust_0726,960.00,2025-11-26T22:49:47+00:00
order_0000002792,cust_0322,1809.99,2025-11-27T11:49:57+00:00
order_0000002793,cust_0373,460.05,2025-11-26T05:31:14+00:00
order_0000002794,cust_0599,646.00,2025-11-07T15:05:26+00:00
order_0000002795,cust_0341,273.00,2025-11-02T16:48:55+00:00
order_0000002796,cust_0877,499.38,2025-11-24T06:25:11+00:00
order_0000002797,cust_0323,718.99,2025-11-07T13:14:07+00:00
order_0000002798,cust_0375,117.00,2025-11-02T15:40:29+00:00
order_0000002799,cust_0530,255.82,2025-11-17T05:16:15+00:00
order_0000002800,cust_0698,2669.00,2025-11-11T15:12:44+00:00
order_0000002801,cust_0044,813.05,2025-11-15T02:39:00+00:00
order_0000002802,cust_0880,1399.00,2025-11-19T05:07:30+00:00
order_0000002803,cust_0403,938.59,2025-11-12T10:40:11+00:00
order_0000002804,cust_0432,108.01,2025-11-26T16:39:55+00:00
order_0000002805,cust_0757,847.89,2025-11-10T00:05:54+00:00
order_0000002806,cust_0828,2353.83,2025-11-15T10:05:48+00:00
order_0000002807,cust_0451,588.12,2025-11-10T16:22:00+00:00
order_0000002808,cust_0248,980.33,2025-11-17T07:54:19+00:00
order_0000002809,cust_0639,734.29,2025-11-29T16:03:27+00:00
order_0000002810,cust_0657,102.00,2025-11-18T16:59:04+00:00
order_0000002811,cust_0383,3401.99,2025-11-13T11:33:57+00:00
order_0000002812,cust_0715,899.00,2025-11-19T16:55:58+00:00
order_0000002813,cust_0323,956.68,2025-11-23T02:48:01+00:00
order_0000002814,cust_0409,825.03,2025-11-13T07:24:14+00:00
order_0000002815,cust_0573,564.54,2025-11-18T17:06:09+00:00
order_0000002816,cust_0488,368.00,2025-11-05T15:59:35+00:00
order_0000002817,cust_0466,831.99,2025-11-07T08:32:39+00:00
order_0000002818,cust_0882,473.00,2025-11-12T02:22:51+00:00
order_0000002819,cust_0315,463.99,2025-11-15T07:36:07+00:00
order_0000002820,cust_0379,189.66,2025-11-16T17:56:43+00:00
order_0000002821,cust_0839,1074.13,2025-11-18T20:55:36+00:00
order_0000002822,cust_0489,1002.30,2025-11-08T07:42:39+00:00
order_0000002823,cust_0690,1563.99,2025-11-16T07:02:00+00:00
order_0000002824,cust_0669,536.99,2025-11-14T11:19:59+00:00
order_0000002825,cust_0173,901.00,2025-11-23T09:31:21+00:00
order_0000002826,cust_0630,621.65,2025-11-23T14:38:47+00:00
order_0000002827,cust_0206,3537.00,2025-11-11T11:45:17+00:00
order_0000002828,cust_0413,317.00,2025-11-28T18:00:34+00:00
order_0000002829,cust_0894,291.00,2025-11-20T15:49:15+00:00
order_0000002830,cust_0182,940.60,2025-11-07T17:24:57+00:00
order_0000002831,cust_0133,313.99,2025-11-04T10:51:35+00:00
order_0000002832,cust_0866,128.99,2025-11-29T08:57:20+00:00
order_0000002833,cust_0742,665.00,2025-11-13T16:15:14+00:00
order_0000002834,cust_0699,3176.00,2025-11-09T09:14:18+00:00
order_0000002835,cust_0101,907.00,2025-11-26T15:07:27+00:00
order_0000002836,cust_0046,667.00,2025-11-27T21:15:45+00:00
order_0000002837,cust_0884,3345.00,2025-11-23T06:48:55+00:00
order_0000002838,cust_0639,4083.99,2025-11-22T02:30:31+00:00
order_0000002839,cust_0350,207.00,2025-11-06T16:42:53+00:00
order_0000002840,cust_0427,974.47,2025-11-30T11:19:59+00:00
order_0000002841,cust_0232,2942.00,2025-11-14T06:01:30+00:00
order_0000002842,cust_0460,1959.00,2025-11-04T09:29:38+00:00
order_0000002843,cust_0672,3454.00,2025-11-20T04:59:13+00:00
order_0000002844,cust_0832,610.05,2025-11-30T16:46:53+00:00
order_0000002845,cust_0678,12689.00,2025-11-22T17:07:22+00:00
order_0000002846,cust_0565,754.00,2025-11-16T06:09:57+00:00
order_0000002847,cust_0174,798.40,2025-11-29T13:04:23+00:00
order_0000002848,cust_0216,1004.91,2025-11-21T01:00:34+00:00
order_0000002849,cust_0875,331.99,2025-11-16T08:41:53+00:00
order_0000002850,cust_0741,687.00,2025-11-06T01:19:39+00:00
order_0000002851,cust_0497,810.00,2025-11-07T07:56:52+00:00
order_0000002852,cust_0356,1219.55,2025-11-19T14:34:33+00:00
order_0000002853,cust_0015,3817.50,2025-11-03T00:35:24+00:00
order_0000002854,cust_0188,585.00,2025-11-15T02:06:28+00:00
order_0000002855,cust_0379,766.54,2025-11-13T14:38:34+00:00
order_0000002856,cust_0044,1065.99,2025-11-22T14:50:57+00:00
order_0000002857,cust_0093,213.85,2025-11-03T22:50:59+00:00
order_0000002858,cust_0697,495.00,2025-11-17T00:54:32+00:00
order_0000002859,cust_0729,1267.01,2025-11-01T15:41:44+00:00
order_0000002860,cust_0452,313.31,2025-11-22T22:04:53+00:00
order_0000002861,cust_0262,174.71,2025-11-13T03:36:46+00:00
order_0000002862,cust_0433,948.00,2025-11-06T09:44:38+00:00
order_0000002863,cust_0022,3476.00,2025-11-16T20:34:43+00:00
order_0000002864,cust_0511,995.00,2025-11-19T02:53:05+00:00
order_0000002865,cust_0405,2764.99,2025-11-26T06:37:57+00:00
order_0000002866,cust_0467,129.13,2025-11-22T11:08:50+00:00
order_0000002867,cust_0415,2160.49,2025-11-04T09:13:15+00:00
order_0000002868,cust_0621,862.98,2025-11-15T22:04:19+00:00
order_0000002869,cust_0056,775.00,2025-11-29T10:49:57+00:00
order_0000002870,cust_0183,1027.27,2025-11-18T04:12:39+00:00
order_0000002871,cust_0155,865.99,2025-11-29T10:25:58+00:00
order_0000002872,cust_0441,175.00,2025-11-06T08:49:59+00:00
order_0000002873,cust_0068,231.87,2025-11-06T05:52:34+00:00
order_0000002874,cust_0833,617.29,2025-11-22T15:26:54+00:00
order_0000002875,cust_0065,690.99,2025-11-15T17:57:11+00:00
order_0000002876,cust_0417,795.79,2025-11-22T03:28:56+00:00
order_0000002877,cust_0526,989.99,2025-11-08T12:47:57+00:00
order_0000002878,cust_0749,3124.44,2025-11-07T18:47:46+00:00
order_0000002879,cust_0498,1009.49,2025-11-21T03:43:08+00:00
order_0000002880,cust_0223,566.99,2025-11-28T14:33:29+00:00
order_0000002881,cust_0215,918.00,2025-11-07T12:54:58+00:00
order_0000002882,cust_0538,428.00,2025-11-22T15:41:24+00:00
order_0000002883,cust_0814,1057.99,2025-11-20T15:17:04+00:00
order_0000002884,cust_0590,2964.00,2025-11-17T12:37:05+00:00
order_0000002885,cust_0817,296.00,2025-11-23T01:31:47+00:00
order_0000002886,cust_0869,648.00,2025-11-26T10:11:04+00:00
order_0000002887,cust_0239,2260.52,2025-11-02T23:47:55+00:00
order_0000002888,cust_0573,956.23,2025-11-28T17:41:54+00:00
order_0000002889,cust_0413,813.99,2025-11-07T01:19:22+00:00
order_0000002890,cust_0653,3569.69,2025-11-07T13:46:38+00:00
order_0000002891,cust_0049,1062.88,2025-11-07T15:12:09+00:00
order_0000002892,cust_0823,332.00,2025-11-30T06:19:31+00:00
order_0000002893,cust_0439,1150.17,2025-11-24T19:31:25+00:00
order_0000002894,cust_0537,1225.91,2025-11-19T10:56:55+00:00
order_0000002895,cust_0884,10595.64,2025-11-28T14:28:38+00:00
order_0000002896,cust_0660,835.52,2025-11-02T08:50:43+00:00
order_0000002897,cust_0109,177.75,2025-11-10T12:20:02+00:00
order_0000002898,cust_0403,809.99,2025-11-12T07:42:39+00:00
order_0000002899,cust_0726,610.20,2025-11-29T07:42:30+00:00
order_0000002900,cust_0201,9542.56,2025-11-01T11:09:07+00:00
order_0000002901,cust_0516,840.00,2025-11-21T11:23:17+00:00
order_0000002902,cust_0624,1040.00,2025-11-17T07:51:39+00:00
order_0000002903,cust_0138,1027.26,2025-11-16T17:47:10+00:00
order_0000002904,cust_0232,550.56,2025-11-22T18:06:43+00:00
order_0000002905,cust_0758,712.55,2025-11-11T06:03:26+00:00
order_0000002906,cust_0796,380.61,2025-11-14T05:19:23+00:00
order_0000002907,cust_0099,641.99,2025-11-20T11:36:12+00:00
order_0000002908,cust_0012,710.18,2025-11-30T09:59:55+00:00
order_0000002909,cust_0533,461.65,2025-11-28T12:12:13+00:00
order_0000002910,cust_0170,859.00,2025-11-25T01:11:05+00:00
order_0000002911,cust_0422,486.99,2025-11-03T08:56:22+00:00
order_0000002912,cust_0058,500.67,2025-11-28T04:22:18+00:00
order_0000002913,cust_0150,438.16,2025-11-27T01:21:06+00:00
order_0000002914,cust_0527,482.99,2025-11-23T21:28:39+00:00
order_0000002915,cust_0446,576.99,2025-11-27T13:18:35+00:00
order_0000002916,cust_0072,1575.82,2025-11-26T14:15:12+00:00
order_0000002917,cust_0827,361.00,2025-11-29T09:31:51+00:00
order_0000002918,cust_0742,2820.39,2025-11-06T11:42:38+00:00
order_0000002919,cust_0564,150.86,2025-11-21T03:20:40+00:00
order_0000002920,cust_0490,624.99,2025-11-29T07:15:40+00:00
order_0000002921,cust_0470,1754.00,2025-11-08T11:02:47+00:00
order_0000002922,cust_0731,829.87,2025-11-09T13:03:19+00:00
order_0000002923,cust_0812,269.22,2025-11-12T07:30:41+00:00
order_0000002924,cust_0324,263.99,2025-11-20T15:23:30+00:00
order_0000002925,cust_0886,120.00,2025-11-02T09:23:13+00:00
order_0000002926,cust_0335,943.00,2025-11-10T08:27:00+00:00
order_0000002927,cust_0242,447.00,2025-11-04T18:14:47+00:00
order_0000002928,cust_0565,1056.99,2025-11-25T13:53:14+00:00
order_0000002929,cust_0422,3201.48,2025-11-11T08:44:50+00:00
order_0000002930,cust_0520,359.00,2025-11-03T16:00:16+00:00
order_0000002931,cust_0105,1125.48,2025-11-16T02:35:11+00:00
order_0000002932,cust_0590,651.55,2025-11-29T17:48:43+00:00
order_0000002933,cust_0570,115.99,2025-11-07T01:58:32+00:00
order_0000002934,cust_0707,589.00,2025-11-29T08:16:49+00:00
order_0000002935,cust_0229,419.99,2025-11-04T02:58:43+00:00
order_0000002936,cust_0179,1761.00,2025-11-24T08:05:36+00:00
order_0000002937,cust_0731,1057.00,2025-11-25T13:00:03+00:00
order_0000002938,cust_0173,2913.00,2025-11-16T14:31:58+00:00
order_0000002939,cust_0362,244.43,2025-11-19T12:34:44+00:00
order_0000002940,cust_0673,611.79,2025-11-02T06:40:30+00:00
order_0000002941,cust_0373,1061.63,2025-11-08T14:46:51+00:00
order_0000002942,cust_0099,413.95,2025-11-29T23:58:34+00:00
order_0000002943,cust_0094,680.70,2025-11-16T15:45:43+00:00
order_0000002944,cust_0711,604.08,2025-11-26T13:40:20+00:00
order_0000002945,cust_0140,764.14,2025-11-26T04:15:00+00:00
order_0000002946,cust_0585,885.99,2025-11-18T03:27:17+00:00
order_0000002947,cust_0813,1057.99,2025-11-05T23:39:39+00:00
order_0000002948,cust_0249,140.06,2025-11-14T05:17:36+00:00
order_0000002949,cust_0046,767.00,2025-11-10T19:52:45+00:00
order_0000002950,cust_0124,881.00,2025-11-18T11:55:02+00:00
order_0000002951,cust_0886,274.81,2025-11-22T10:47:58+00:00
order_0000002952,cust_0092,220.95,2025-11-30T01:26:46+00:00
order_0000002953,cust_0521,259.79,2025-11-24T16:39:35+00:00
order_0000002954,cust_0854,483.99,2025-11-16T16:42:22+00:00
order_0000002955,cust_0672,879.00,2025-11-06T06:51:43+00:00
order_0000002956,cust_0287,1029.51,2025-11-01T11:06:57+00:00
order_0000002957,cust_0031,1204.47,2025-11-02T18:16:44+00:00
order_0000002958,cust_0350,2137.99,2025-11-23T09:48:12+00:00
order_0000002959,cust_0796,1894.23,2025-11-08T14:33:53+00:00
order_0000002960,cust_0451,796.97,2025-11-30T04:10:21+00:00
order_0000002961,cust_0268,1001.00,2025-11-21T08:59:42+00:00
order_0000002962,cust_0871,706.14,2025-11-06T06:41:59+00:00
order_0000002963,cust_0320,951.00,2025-11-22T16:50:03+00:00
order_0000002964,cust_0612,471.16,2025-11-04T23:00:49+00:00
order_0000002965,cust_0643,466.70,2025-11-26T08:22:36+00:00
order_0000002966,cust_0030,1474.98,2025-11-05T11:54:44+00:00
order_0000002967,cust_0510,1027.00,2025-11-13T04:53:20+00:00
order_0000002968,cust_0549,394.00,2025-11-04T11:13:11+00:00
order_0000002969,cust_0206,712.54,2025-11-26T01:45:29+00:00
order_0000002970,cust_0451,1285.99,2025-11-05T06:23:40+00:00
order_0000002971,cust_0198,2933.54,2025-11-19T08:09:32+00:00
order_0000002972,cust_0209,590.02,2025-11-17T12:49:13+00:00
order_0000002973,cust_0820,262.07,2025-11-25T23:16:11+00:00
order_0000002974,cust_0335,8316.63,2025-11-29T10:42:39+00:00
order_0000002975,cust_0106,985.99,2025-11-22T04:56:11+00:00
order_0000002976,cust_0166,133.63,2025-11-20T17:50:48+00:00
order_0000002977,cust_0743,227.99,2025-11-27T11:51:04+00:00
order_0000002978,cust_0310,349.57,2025-11-02T15:48:48+00:00
order_0000002979,cust_0780,1810.70,2025-11-23T23:44:41+00:00
order_0000002980,cust_0555,178.02,2025-11-06T04:15:54+00:00
order_0000002981,cust_0144,482.94,2025-11-14T16:54:04+00:00
order_0000002982,cust_0627,165.00,2025-11-10T02:07:56+00:00
order_0000002983,cust_0183,943.51,2025-11-28T03:37:48+00:00
order_0000002984,cust_0308,754.33,2025-11-18T16:50:42+00:00
order_0000002985,cust_0341,367.00,2025-11-18T14:51:30+00:00
order_0000002986,cust_0566,2312.83,2025-11-26T17:03:55+00:00
order_0000002987,cust_0852,2560.21,2025-11-28T20:36:51+00:00
order_0000002988,cust_0753,517.00,2025-11-02T08:55:29+00:00
order_0000002989,cust_0564,14541.00,2025-11-25T16:57:36+00:00
order_0000002990,cust_0568,664.01,2025-11-10T11:42:34+00:00
order_0000002991,cust_0136,579.76,2025-11-02T09:52:29+00:00
order_0000002992,cust_0644,1088.99,2025-11-18T18:42:11+00:00
order_0000002993,cust_0744,640.73,2025-11-15T14:12:17+00:00
order_0000002994,cust_0854,140.61,2025-11-17T16:02:11+00:00
order_0000002995,cust_0302,542.99,2025-11-11T08:19:47+00:00
order_0000002996,cust_0692,1793.00,2025-11-29T21:34:09+00:00
order_0000002997,cust_0768,494.83,2025-11-21T10:22:49+00:00
order_0000002998,cust_0312,596.18,2025-11-14T22:02:22+00:00
order_0000002999,cust_0765,618.30,2025-11-11T18:16:32+00:00
order_0000003000,cust_0191,295.95,2025-11-21T23:27:53+00:00
order_0000003001,cust_0731,379.87,2025-11-19T13:08:47+00:00
order_0000003002,cust_0656,1011.00,2025-11-11T12:08:22+00:00
order_0000003003,cust_0500,806.00,2025-11-04T01:06:13+00:00
order_0000003004,cust_0748,140.51,2025-11-28T20:52:48+00:00
order_0000003005,cust_0640,915.43,2025-11-04T09:12:25+00:00
order_0000003006,cust_0680,2017.37,2025-11-03T12:23:50+00:00
order_0000003007,cust_0801,678.27,2025-11-22T14:25:49+00:00
order_0000003008,cust_0620,452.18,2025-11-02T06:45:44+00:00
order_0000003009,cust_0409,113.99,2025-11-20T21:55:55+00:00
order_0000003010,cust_0766,909.53,2025-11-14T08:37:33+00:00
order_0000003011,cust_0621,494.00,2025-11-28T10:59:20+00:00
order_0000003012,cust_0535,993.00,2025-11-27T13:05:54+00:00
order_0000003013,cust_0450,623.13,2025-11-18T04:30:19+00:00
order_0000003014,cust_0243,917.00,2025-11-26T18:14:49+00:00
order_0000003015,cust_0812,813.99,2025-11-02T16:20:54+00:00
order_0000003016,cust_0480,1041.67,2025-11-10T08:20:10+00:00
order_0000003017,cust_0174,418.69,2025-11-13T08:33:52+00:00
order_0000003018,cust_0382,3174.31,2025-11-16T14:17:28+00:00
order_0000003019,cust_0531,437.32,2025-11-05T21:34:34+00:00
order_0000003020,cust_0226,316.40,2025-11-07T17:39:13+00:00
order_0000003021,cust_0633,15485.77,2025-11-30T06:56:33+00:00
order_0000003022,cust_0745,583.31,2025-11-13T07:48:33+00:00
order_0000003023,cust_0828,250.99,2025-11-17T14:20:06+00:00
order_0000003024,cust_0685,388.37,2025-11-28T09:45:10+00:00
order_0000003025,cust_0365,3353.82,2025-11-17T09:51:18+00:00
order_0000003026,cust_0001,2258.99,2025-11-03T16:46:42+00:00
order_0000003027,cust_0356,2249.99,2025-11-20T00:07:58+00:00
order_0000003028,cust_0576,495.00,2025-11-07T15:16:21+00:00
order_0000003029,cust_0371,112.00,2025-11-07T09:54:47+00:00
order_0000003030,cust_0351,16184.90,2025-11-29T07:36:26+00:00
order_0000003031,cust_0591,828.00,2025-11-09T11:25:23+00:00
order_0000003032,cust_0717,727.20,2025-11-25T14:44:11+00:00
order_0000003033,cust_0298,739.08,2025-11-28T06:22:51+00:00
order_0000003034,cust_0805,935.85,2025-11-28T02:38:26+00:00
order_0000003035,cust_0238,1007.84,2025-11-24T22:16:38+00:00
order_0000003036,cust_0845,607.05,2025-11-08T13:19:31+00:00
order_0000003037,cust_0215,246.49,2025-11-28T16:37:28+00:00
order_0000003038,cust_0132,473.27,2025-11-09T02:34:55+00:00
order_0000003039,cust_0140,159.00,2025-11-03T06:22:37+00:00
order_0000003040,cust_0416,1073.48,2025-11-13T03:35:44+00:00
order_0000003041,cust_0656,1129.70,2025-11-04T09:11:26+00:00
order_0000003042,cust_0320,619.00,2025-11-10T05:10:14+00:00
order_0000003043,cust_0294,3552.36,2025-11-12T04:29:54+00:00
order_0000003044,cust_0310,560.48,2025-11-30T14:52:51+00:00
order_0000003045,cust_0858,1066.01,2025-11-02T16:32:52+00:00
order_0000003046,cust_0625,754.36,2025-11-20T06:49:03+00:00
order_0000003047,cust_0023,638.00,2025-11-19T12:44:50+00:00
order_0000003048,cust_0573,1649.75,2025-11-06T16:32:17+00:00
order_0000003049,cust_0289,847.00,2025-11-11T12:00:55+00:00
order_0000003050,cust_0745,1171.78,2025-11-10T17:01:14+00:00
order_0000003051,cust_0354,756.43,2025-11-19T04:10:05+00:00
order_0000003052,cust_0534,980.00,2025-11-16T09:11:31+00:00
order_0000003053,cust_0273,3315.50,2025-11-01T12:00:32+00:00
order_0000003054,cust_0099,557.93,2025-11-28T02:53:20+00:00
order_0000003055,cust_0778,217.00,2025-11-06T13:20:40+00:00
order_0000003056,cust_0890,748.28,2025-11-21T13:09:02+00:00
order_0000003057,cust_0310,5646.00,2025-11-16T03:03:33+00:00
order_0000003058,cust_0291,1699.02,2025-11-09T08:33:06+00:00
order_0000003059,cust_0634,536.99,2025-11-05T15:30:32+00:00
order_0000003060,cust_0849,369.09,2025-11-28T17:54:10+00:00
order_0000003061,cust_0130,808.79,2025-11-21T03:01:54+00:00
order_0000003062,cust_0273,361.28,2025-11-09T12:27:34+00:00
order_0000003063,cust_0589,780.11,2025-11-11T17:23:03+00:00
order_0000003064,cust_0791,1575.44,2025-11-20T18:29:57+00:00
order_0000003065,cust_0299,956.76,2025-11-21T09:36:45+00:00
order_0000003066,cust_0018,1001.70,2025-11-13T14:01:27+00:00
order_0000003067,cust_0589,744.18,2025-11-25T00:24:18+00:00
order_0000003068,cust_0043,1146.02,2025-11-04T18:14:07+00:00
order_0000003069,cust_0362,768.93,2025-11-12T12:32:57+00:00
order_0000003070,cust_0089,921.68,2025-11-30T08:20:28+00:00
order_0000003071,cust_0209,2845.32,2025-11-23T01:50:11+00:00
order_0000003072,cust_0657,597.00,2025-11-26T08:03:50+00:00
order_0000003073,cust_0423,114.00,2025-11-14T13:09:25+00:00
order_0000003074,cust_0894,15827.67,2025-11-07T14:12:46+00:00
order_0000003075,cust_0514,512.00,2025-11-20T05:36:19+00:00
order_0000003076,cust_0778,726.27,2025-11-10T13:39:00+00:00
order_0000003077,cust_0694,2361.21,2025-11-21T17:57:07+00:00
order_0000003078,cust_0698,1071.17,2025-11-22T11:21:31+00:00
order_0000003079,cust_0338,1107.86,2025-11-27T03:16:54+00:00
order_0000003080,cust_0885,1326.37,2025-11-08T13:59:49+00:00
order_0000003081,cust_0814,1349.00,2025-11-24T12:01:00+00:00
order_0000003082,cust_0627,1049.00,2025-11-27T13:10:24+00:00
order_0000003083,cust_0395,6524.14,2025-11-02T14:54:32+00:00
order_0000003084,cust_0301,1069.23,2025-11-20T11:58:59+00:00
order_0000003085,cust_0330,283.92,2025-11-08T15:12:38+00:00
order_0000003086,cust_0650,6146.00,2025-11-03T12:24:17+00:00
order_0000003087,cust_0193,833.00,2025-11-03T17:48:06+00:00
order_0000003088,cust_0319,201.99,2025-11-30T11:41:18+00:00
order_0000003089,cust_0897,5442.00,2025-11-29T16:05:34+00:00
order_0000003090,cust_0218,911.00,2025-11-07T04:26:58+00:00
order_0000003091,cust_0667,227.00,2025-11-10T04:06:12+00:00
order_0000003092,cust_0849,498.09,2025-11-04T06:05:46+00:00
order_0000003093,cust_0531,634.00,2025-11-19T10:01:53+00:00
order_0000003094,cust_0837,244.43,2025-11-19T22:29:36+00:00
order_0000003095,cust_0386,950.00,2025-11-23T09:27:27+00:00
order_0000003096,cust_0259,111.83,2025-11-28T11:33:17+00:00
order_0000003097,cust_0111,1715.99,2025-11-05T05:57:34+00:00
order_0000003098,cust_0602,123.89,2025-11-27T15:53:06+00:00
order_0000003099,cust_0625,1000.00,2025-11-24T07:56:25+00:00
order_0000003100,cust_0240,803.99,2025-11-05T09:56:54+00:00
order_0000003101,cust_0816,682.99,2025-11-07T18:56:32+00:00
order_0000003102,cust_0591,196.98,2025-11-15T13:19:31+00:00
order_0000003103,cust_0498,903.99,2025-11-18T11:49:33+00:00
order_0000003104,cust_0158,442.00,2025-11-30T16:42:53+00:00
order_0000003105,cust_0762,1200.65,2025-11-30T15:08:28+00:00
order_0000003106,cust_0374,10472.50,2025-11-14T14:11:54+00:00
order_0000003107,cust_0352,707.83,2025-11-08T17:54:39+00:00
order_0000003108,cust_0857,1063.82,2025-11-14T18:05:55+00:00
order_0000003109,cust_0314,924.00,2025-11-30T01:33:46+00:00
order_0000003110,cust_0005,145.99,2025-11-30T14:07:36+00:00
order_0000003111,cust_0731,231.00,2025-11-09T08:05:38+00:00
order_0000003112,cust_0684,259.00,2025-11-09T10:00:16+00:00
order_0000003113,cust_0537,957.21,2025-11-04T10:24:30+00:00
order_0000003114,cust_0778,1528.00,2025-11-20T10:00:48+00:00
order_0000003115,cust_0584,129.99,2025-11-28T11:20:31+00:00
order_0000003116,cust_0189,2265.88,2025-11-22T17:40:48+00:00
order_0000003117,cust_0768,937.99,2025-11-04T19:24:12+00:00
order_0000003118,cust_0335,2818.99,2025-11-13T04:58:16+00:00
order_0000003119,cust_0281,12911.99,2025-11-12T23:29:42+00:00
order_0000003120,cust_0371,152.69,2025-11-28T02:57:59+00:00
order_0000003121,cust_0685,15142.00,2025-11-01T10:13:00+00:00
order_0000003122,cust_0697,954.35,2025-11-25T17:15:05+00:00
order_0000003123,cust_0630,2989.12,2025-11-13T12:19:13+00:00
order_0000003124,cust_0555,3353.00,2025-11-20T06:20:15+00:00
order_0000003125,cust_0594,823.00,2025-11-02T13:03:19+00:00
order_0000003126,cust_0182,233.92,2025-11-21T13:55:23+00:00
order_0000003127,cust_0144,1063.57,2025-11-25T10:58:24+00:00
order_0000003128,cust_0209,516.01,2025-11-08T18:20:18+00:00
order_0000003129,cust_0478,445.57,2025-11-02T18:16:56+00:00
order_0000003130,cust_0577,512.00,2025-11-21T16:54:05+00:00
order_0000003131,cust_0774,434.76,2025-11-22T03:42:28+00:00
order_0000003132,cust_0765,886.94,2025-11-04T14:27:01+00:00
order_0000003133,cust_0645,2704.99,2025-11-24T21:13:06+00:00
order_0000003134,cust_0315,3050.00,2025-11-13T13:57:46+00:00
order_0000003135,cust_0504,2990.00,2025-11-10T15:58:30+00:00
order_0000003136,cust_0216,444.00,2025-11-19T11:54:46+00:00
order_0000003137,cust_0464,783.17,2025-11-05T11:38:33+00:00
order_0000003138,cust_0233,640.06,2025-11-16T01:56:52+00:00
order_0000003139,cust_0698,2898.39,2025-11-10T05:11:41+00:00
order_0000003140,cust_0475,1487.10,2025-11-02T16:37:11+00:00
order_0000003141,cust_0178,304.99,2025-11-17T16:12:12+00:00
order_0000003142,cust_0061,1057.00,2025-11-18T09:45:53+00:00
order_0000003143,cust_0236,878.99,2025-11-03T02:20:17+00:00
order_0000003144,cust_0790,1102.21,2025-11-16T22:39:12+00:00
order_0000003145,cust_0417,272.00,2025-11-01T09:40:17+00:00
order_0000003146,cust_0242,162.50,2025-11-24T07:38:25+00:00
order_0000003147,cust_0180,434.36,2025-11-10T02:31:00+00:00
order_0000003148,cust_0636,383.99,2025-11-22T10:00:39+00:00
order_0000003149,cust_0866,1562.54,2025-11-08T09:33:27+00:00
order_0000003150,cust_0358,271.00,2025-11-13T09:34:08+00:00
order_0000003151,cust_0402,236.00,2025-11-28T03:31:47+00:00
order_0000003152,cust_0311,2826.35,2025-11-14T07:57:48+00:00
order_0000003153,cust_0687,327.00,2025-11-16T08:41:44+00:00
order_0000003154,cust_0476,10613.37,2025-11-12T17:44:46+00:00
order_0000003155,cust_0270,300.20,2025-11-01T16:06:29+00:00
order_0000003156,cust_0839,2777.08,2025-11-01T04:50:58+00:00
order_0000003157,cust_0570,2826.99,2025-11-21T11:19:52+00:00
order_0000003158,cust_0618,218.00,2025-11-11T23:11:00+00:00
order_0000003159,cust_0093,707.73,2025-11-20T18:47:04+00:00
order_0000003160,cust_0672,926.48,2025-11-21T05:07:07+00:00
order_0000003161,cust_0602,8838.70,2025-11-04T18:43:51+00:00
order_0000003162,cust_0325,759.06,2025-11-13T23:36:48+00:00
order_0000003163,cust_0477,142.99,2025-11-05T06:05:48+00:00
order_0000003164,cust_0443,797.00,2025-11-16T13:15:06+00:00
order_0000003165,cust_0092,969.34,2025-11-07T09:00:56+00:00
order_0000003166,cust_0103,179.18,2025-11-26T10:58:39+00:00
order_0000003167,cust_0487,686.10,2025-11-02T09:46:20+00:00
order_0000003168,cust_0450,961.99,2025-10-31T19:46:41+00:00
order_0000003169,cust_0363,2651.71,2025-11-18T10:35:59+00:00
order_0000003170,cust_0323,547.95,2025-11-21T01:42:16+00:00
order_0000003171,cust_0805,789.00,2025-11-01T09:21:08+00:00
order_0000003172,cust_0696,401.00,2025-11-08T14:18:29+00:00
order_0000003173,cust_0223,738.57,2025-11-07T17:20:23+00:00
order_0000003174,cust_0411,646.59,2025-11-28T11:47:16+00:00
order_0000003175,cust_0572,429.00,2025-11-05T20:49:31+00:00
order_0000003176,cust_0088,1323.00,2025-11-25T10:41:29+00:00
order_0000003177,cust_0725,490.03,2025-11-06T11:37:56+00:00
order_0000003178,cust_0028,997.00,2025-11-20T07:40:03+00:00
order_0000003179,cust_0284,351.78,2025-11-28T03:02:21+00:00
order_0000003180,cust_0741,990.99,2025-11-13T04:07:44+00:00
order_0000003181,cust_0381,944.73,2025-11-18T02:18:19+00:00
order_0000003182,cust_0704,506.71,2025-11-29T13:19:43+00:00
order_0000003183,cust_0215,831.00,2025-11-15T18:46:09+00:00
order_0000003184,cust_0588,954.99,2025-11-28T11:33:48+00:00
order_0000003185,cust_0215,2636.19,2025-11-27T00:00:36+00:00
order_0000003186,cust_0082,746.04,2025-11-26T18:05:27+00:00
order_0000003187,cust_0258,284.27,2025-11-13T12:45:33+00:00
order_0000003188,cust_0671,286.00,2025-11-24T09:45:16+00:00
order_0000003189,cust_0250,625.99,2025-11-09T12:17:37+00:00
order_0000003190,cust_0364,741.00,2025-11-09T11:22:26+00:00
order_0000003191,cust_0569,3323.88,2025-11-28T16:40:46+00:00
order_0000003192,cust_0751,13080.00,2025-11-22T10:59:28+00:00
order_0000003193,cust_0321,522.99,2025-11-26T01:09:09+00:00
order_0000003194,cust_0093,554.99,2025-11-08T11:05:20+00:00
order_0000003195,cust_0859,2227.98,2025-11-15T11:59:32+00:00
order_0000003196,cust_0371,915.97,2025-11-05T10:52:24+00:00
order_0000003197,cust_0621,410.99,2025-11-14T04:16:50+00:00
order_0000003198,cust_0087,16627.39,2025-11-18T10:16:45+00:00
order_0000003199,cust_0130,3660.00,2025-11-15T09:28:06+00:00
order_0000003200,cust_0744,644.00,2025-11-05T05:33:54+00:00
order_0000003201,cust_0007,1015.00,2025-11-21T21:47:32+00:00
order_0000003202,cust_0196,222.56,2025-11-27T15:11:04+00:00
order_0000003203,cust_0099,792.00,2025-11-22T01:16:57+00:00
order_0000003204,cust_0841,579.09,2025-11-11T15:31:48+00:00
order_0000003205,cust_0725,1445.16,2025-11-10T00:30:36+00:00
order_0000003206,cust_0257,342.23,2025-11-06T17:47:11+00:00
order_0000003207,cust_0275,684.00,2025-11-12T02:55:32+00:00
order_0000003208,cust_0403,3481.00,2025-11-17T13:46:17+00:00
order_0000003209,cust_0740,107.99,2025-11-14T17:19:59+00:00
order_0000003210,cust_0730,818.60,2025-11-25T11:26:27+00:00
order_0000003211,cust_0142,410.69,2025-11-05T10:28:24+00:00
order_0000003212,cust_0110,460.95,2025-11-02T11:13:16+00:00
order_0000003213,cust_0343,856.31,2025-11-17T15:19:20+00:00
order_0000003214,cust_0613,1027.29,2025-11-23T14:42:49+00:00
order_0000003215,cust_0655,131.00,2025-11-23T15:46:56+00:00
order_0000003216,cust_0115,526.00,2025-11-28T14:30:19+00:00
order_0000003217,cust_0604,3266.62,2025-11-06T16:05:49+00:00
order_0000003218,cust_0235,278.69,2025-11-12T05:54:54+00:00
order_0000003219,cust_0466,1068.00,2025-11-26T08:56:00+00:00
order_0000003220,cust_0012,3144.44,2025-11-28T01:12:02+00:00
order_0000003221,cust_0835,429.19,2025-11-01T15:43:58+00:00
order_0000003222,cust_0143,1005.78,2025-11-02T13:11:09+00:00
order_0000003223,cust_0309,728.99,2025-11-09T10:03:02+00:00
order_0000003224,cust_0506,554.68,2025-11-30T16:35:13+00:00
order_0000003225,cust_0635,155.00,2025-11-21T17:02:03+00:00
order_0000003226,cust_0603,459.03,2025-11-02T13:38:13+00:00
order_0000003227,cust_0735,1076.00,2025-11-27T08:29:36+00:00
order_0000003228,cust_0242,739.95,2025-11-07T11:28:08+00:00
order_0000003229,cust_0267,785.93,2025-11-04T23:31:01+00:00
order_0000003230,cust_0522,407.00,2025-11-20T08:56:12+00:00
order_0000003231,cust_0138,1034.19,2025-11-02T08:48:10+00:00
order_0000003232,cust_0378,620.46,2025-11-18T19:43:34+00:00
order_0000003233,cust_0096,586.66,2025-11-14T08:50:46+00:00
order_0000003234,cust_0409,222.95,2025-11-09T10:36:15+00:00
order_0000003235,cust_0251,589.00,2025-11-12T15:59:53+00:00
order_0000003236,cust_0581,794.39,2025-11-30T08:17:44+00:00
order_0000003237,cust_0234,764.99,2025-11-01T12:24:04+00:00
order_0000003238,cust_0607,926.52,2025-11-20T06:59:01+00:00
order_0000003239,cust_0422,3250.40,2025-11-08T06:52:11+00:00
order_0000003240,cust_0763,2735.00,2025-11-14T12:43:30+00:00
order_0000003241,cust_0537,99.00,2025-11-16T07:25:54+00:00
order_0000003242,cust_0033,742.00,2025-11-21T16:31:43+00:00
order_0000003243,cust_0092,501.21,2025-11-22T19:18:19+00:00
order_0000003244,cust_0416,3558.13,2025-11-06T07:28:35+00:00
order_0000003245,cust_0170,398.66,2025-11-12T12:37:50+00:00
order_0000003246,cust_0553,486.00,2025-11-29T16:24:57+00:00
order_0000003247,cust_0320,2470.82,2025-11-09T06:32:26+00:00
order_0000003248,cust_0726,889.00,2025-11-14T09:20:17+00:00
order_0000003249,cust_0525,478.99,2025-11-07T03:33:19+00:00
order_0000003250,cust_0640,1275.00,2025-11-01T17:45:30+00:00
order_0000003251,cust_0860,982.40,2025-11-26T08:20:53+00:00
order_0000003252,cust_0058,200.62,2025-11-08T10:18:34+00:00
order_0000003253,cust_0630,2010.63,2025-11-19T17:58:27+00:00
order_0000003254,cust_0760,790.24,2025-11-09T11:48:59+00:00
order_0000003255,cust_0679,318.99,2025-11-22T15:38:51+00:00
order_0000003256,cust_0513,791.25,2025-11-12T16:12:30+00:00
order_0000003257,cust_0633,151.75,2025-11-13T18:52:51+00:00
order_0000003258,cust_0397,9000.00,2025-11-13T19:40:26+00:00
order_0000003259,cust_0837,334.17,2025-11-06T12:57:26+00:00
order_0000003260,cust_0423,13345.04,2025-11-25T13:35:44+00:00
order_0000003261,cust_0464,2159.00,2025-11-19T09:34:37+00:00
order_0000003262,cust_0024,1251.99,2025-11-23T16:14:29+00:00
order_0000003263,cust_0575,3217.87,2025-11-03T05:35:20+00:00
order_0000003264,cust_0207,350.56,2025-11-21T17:07:01+00:00
order_0000003265,cust_0069,904.00,2025-11-16T03:23:08+00:00
order_0000003266,cust_0331,633.99,2025-11-16T10:11:19+00:00
order_0000003267,cust_0077,260.00,2025-11-29T13:31:55+00:00
order_0000003268,cust_0558,857.12,2025-11-11T07:46:09+00:00
order_0000003269,cust_0233,349.15,2025-11-24T13:39:51+00:00
order_0000003270,cust_0677,388.00,2025-11-20T15:29:26+00:00
order_0000003271,cust_0650,784.78,2025-11-21T04:19:26+00:00
order_0000003272,cust_0107,303.99,2025-11-21T12:26:19+00:00
order_0000003273,cust_0430,925.48,2025-11-01T04:10:53+00:00
order_0000003274,cust_0802,220.28,2025-11-10T04:19:20+00:00
order_0000003275,cust_0403,418.00,2025-11-14T16:03:09+00:00
order_0000003276,cust_0155,429.99,2025-11-14T03:05:17+00:00
order_0000003277,cust_0374,1133.00,2025-11-02T23:23:03+00:00
order_0000003278,cust_0046,718.40,2025-11-01T11:16:25+00:00
order_0000003279,cust_0412,7490.00,2025-11-01T09:04:32+00:00
order_0000003280,cust_0155,6053.50,2025-11-17T22:57:43+00:00
order_0000003281,cust_0896,525.88,2025-11-23T06:16:08+00:00
order_0000003282,cust_0064,14510.00,2025-11-16T06:00:31+00:00
order_0000003283,cust_0548,179.18,2025-11-11T08:39:35+00:00
order_0000003284,cust_0797,516.00,2025-11-12T10:34:01+00:00
order_0000003285,cust_0764,831.69,2025-11-08T07:05:01+00:00
order_0000003286,cust_0482,3259.00,2025-11-30T14:28:15+00:00
order_0000003287,cust_0162,445.16,2025-11-11T08:52:47+00:00
order_0000003288,cust_0537,115.33,2025-11-23T05:36:06+00:00
order_0000003289,cust_0884,837.52,2025-11-10T15:04:40+00:00
order_0000003290,cust_0381,1047.14,2025-11-04T14:59:04+00:00
order_0000003291,cust_0783,895.51,2025-11-28T00:39:53+00:00
order_0000003292,cust_0114,660.99,2025-11-16T02:34:30+00:00
order_0000003293,cust_0182,861.34,2025-11-29T11:15:19+00:00
order_0000003294,cust_0332,246.99,2025-11-20T10:20:30+00:00
order_0000003295,cust_0091,849.00,2025-11-04T16:43:01+00:00
order_0000003296,cust_0440,860.00,2025-11-10T01:15:57+00:00
order_0000003297,cust_0478,595.83,2025-11-29T17:24:21+00:00
order_0000003298,cust_0680,284.49,2025-11-28T04:54:13+00:00
order_0000003299,cust_0607,673.58,2025-10-31T21:09:41+00:00
order_0000003300,cust_0312,315.64,2025-11-28T00:18:56+00:00
order_0000003301,cust_0465,409.91,2025-11-30T03:53:58+00:00
order_0000003302,cust_0231,331.56,2025-11-06T17:29:15+00:00
order_0000003303,cust_0212,1859.00,2025-11-12T06:20:27+00:00
order_0000003304,cust_0878,1074.00,2025-11-07T12:07:27+00:00
order_0000003305,cust_0226,956.45,2025-11-12T02:42:58+00:00
order_0000003306,cust_0582,499.68,2025-11-16T17:29:25+00:00
order_0000003307,cust_0803,835.34,2025-11-28T15:07:05+00:00
order_0000003308,cust_0354,3523.00,2025-11-05T15:07:03+00:00
order_0000003309,cust_0147,3065.00,2025-11-10T06:09:52+00:00
order_0000003310,cust_0578,17246.00,2025-11-24T02:09:22+00:00
order_0000003311,cust_0202,744.76,2025-11-05T14:31:05+00:00
order_0000003312,cust_0356,1007.00,2025-11-30T18:05:54+00:00
order_0000003313,cust_0258,629.71,2025-11-27T03:58:09+00:00
order_0000003314,cust_0802,575.00,2025-11-23T15:17:40+00:00
order_0000003315,cust_0316,897.63,2025-11-12T11:14:41+00:00
order_0000003316,cust_0524,793.99,2025-11-22T14:09:47+00:00
order_0000003317,cust_0887,165.00,2025-11-02T06:52:16+00:00
order_0000003318,cust_0796,182.00,2025-11-19T16:33:06+00:00
order_0000003319,cust_0114,278.00,2025-11-06T07:17:57+00:00
order_0000003320,cust_0004,132.66,2025-11-25T10:09:18+00:00
order_0000003321,cust_0624,1202.00,2025-11-08T03:00:42+00:00
order_0000003322,cust_0023,280.11,2025-11-22T11:58:18+00:00
order_0000003323,cust_0591,209.99,2025-11-29T14:48:06+00:00
order_0000003324,cust_0625,562.77,2025-11-26T00:51:14+00:00
order_0000003325,cust_0839,159.99,2025-11-12T22:16:49+00:00
order_0000003326,cust_0011,658.44,2025-11-22T21:29:51+00:00
order_0000003327,cust_0611,844.99,2025-11-02T16:20:09+00:00
order_0000003328,cust_0005,551.26,2025-11-04T06:06:00+00:00
order_0000003329,cust_0713,3132.66,2025-11-22T13:30:38+00:00
order_0000003330,cust_0875,848.00,2025-11-28T18:20:01+00:00
order_0000003331,cust_0676,236.00,2025-11-27T04:42:35+00:00
order_0000003332,cust_0838,823.00,2025-11-24T12:36:03+00:00
order_0000003333,cust_0896,6001.00,2025-11-12T03:00:03+00:00
order_0000003334,cust_0063,1035.31,2025-11-09T12:29:58+00:00
order_0000003335,cust_0131,820.45,2025-11-11T15:24:59+00:00
order_0000003336,cust_0157,570.30,2025-11-14T13:58:40+00:00
order_0000003337,cust_0477,460.00,2025-11-03T08:25:42+00:00
order_0000003338,cust_0454,835.99,2025-11-27T19:37:01+00:00
order_0000003339,cust_0367,375.99,2025-11-25T17:26:33+00:00
order_0000003340,cust_0359,965.20,2025-11-15T16:05:46+00:00
order_0000003341,cust_0353,862.24,2025-11-17T14:40:45+00:00
order_0000003342,cust_0769,871.68,2025-11-03T14:05:00+00:00
order_0000003343,cust_0418,713.79,2025-11-18T14:15:43+00:00
order_0000003344,cust_0207,305.11,2025-11-01T07:33:05+00:00
order_0000003345,cust_0404,1055.88,2025-11-15T08:12:43+00:00
order_0000003346,cust_0109,123.99,2025-11-13T16:10:46+00:00
order_0000003347,cust_0121,556.67,2025-11-12T12:30:21+00:00
order_0000003348,cust_0310,302.00,2025-11-07T16:23:56+00:00
order_0000003349,cust_0409,3494.12,2025-11-21T19:31:19+00:00
order_0000003350,cust_0824,1056.00,2025-11-09T09:32:27+00:00
order_0000003351,cust_0582,528.57,2025-11-11T17:14:25+00:00
order_0000003352,cust_0125,974.12,2025-11-02T09:14:34+00:00
order_0000003353,cust_0062,3570.08,2025-11-11T23:45:25+00:00
order_0000003354,cust_0113,936.10,2025-11-14T00:44:28+00:00
order_0000003355,cust_0118,242.74,2025-11-12T04:38:33+00:00
order_0000003356,cust_0727,733.77,2025-11-20T17:50:10+00:00
order_0000003357,cust_0746,13451.99,2025-11-04T07:17:51+00:00
order_0000003358,cust_0253,331.99,2025-11-30T07:56:48+00:00
order_0000003359,cust_0472,2794.14,2025-11-24T17:23:04+00:00
order_0000003360,cust_0745,679.00,2025-11-11T12:02:07+00:00
order_0000003361,cust_0351,168.00,2025-11-28T09:18:42+00:00
order_0000003362,cust_0081,909.29,2025-11-15T12:09:41+00:00
order_0000003363,cust_0751,859.09,2025-11-28T01:59:57+00:00
order_0000003364,cust_0355,593.75,2025-11-25T19:26:29+00:00
order_0000003365,cust_0257,2685.00,2025-11-20T15:27:06+00:00
order_0000003366,cust_0798,515.43,2025-11-13T17:25:12+00:00
order_0000003367,cust_0448,598.98,2025-11-10T16:43:45+00:00
order_0000003368,cust_0404,1411.34,2025-11-12T06:29:53+00:00
order_0000003369,cust_0538,168.00,2025-11-17T04:30:24+00:00
order_0000003370,cust_0838,178.68,2025-11-17T16:44:34+00:00
order_0000003371,cust_0126,267.12,2025-11-29T06:15:18+00:00
order_0000003372,cust_0341,507.10,2025-11-12T07:04:39+00:00
order_0000003373,cust_0395,388.00,2025-11-13T07:37:07+00:00
order_0000003374,cust_0643,1451.32,2025-11-14T16:48:26+00:00
order_0000003375,cust_0300,946.17,2025-11-21T13:14:21+00:00
order_0000003376,cust_0034,161.39,2025-11-15T15:56:52+00:00
order_0000003377,cust_0020,934.20,2025-11-17T10:10:39+00:00
order_0000003378,cust_0743,1007.00,2025-11-28T02:50:32+00:00
order_0000003379,cust_0845,801.17,2025-11-23T07:47:27+00:00
order_0000003380,cust_0832,366.00,2025-11-14T16:38:29+00:00
order_0000003381,cust_0804,3020.05,2025-11-15T10:25:51+00:00
order_0000003382,cust_0372,572.99,2025-11-07T11:03:06+00:00
order_0000003383,cust_0111,769.23,2025-11-19T13:12:16+00:00
order_0000003384,cust_0879,454.00,2025-11-19T06:45:51+00:00
order_0000003385,cust_0501,1700.70,2025-11-05T12:39:19+00:00
order_0000003386,cust_0076,304.00,2025-11-20T10:46:13+00:00
order_0000003387,cust_0434,1492.33,2025-11-16T06:35:49+00:00
order_0000003388,cust_0860,477.00,2025-11-26T22:59:05+00:00
order_0000003389,cust_0694,276.55,2025-11-09T03:02:21+00:00
order_0000003390,cust_0188,301.00,2025-11-28T06:16:46+00:00
order_0000003391,cust_0730,13615.99,2025-11-12T16:15:07+00:00
order_0000003392,cust_0424,624.57,2025-11-05T11:52:26+00:00
order_0000003393,cust_0698,672.00,2025-11-24T14:39:51+00:00
order_0000003394,cust_0198,804.00,2025-11-27T18:16:24+00:00
order_0000003395,cust_0379,542.27,2025-11-12T02:24:30+00:00
order_0000003396,cust_0405,876.26,2025-11-11T17:24:18+00:00
order_0000003397,cust_0539,374.85,2025-11-11T13:20:36+00:00
order_0000003398,cust_0449,319.99,2025-11-14T12:06:46+00:00
order_0000003399,cust_0769,871.99,2025-11-04T22:06:26+00:00
order_0000003400,cust_0089,435.00,2025-11-27T02:28:05+00:00
order_0000003401,cust_0735,229.00,2025-11-28T08:35:27+00:00
order_0000003402,cust_0574,1473.28,2025-11-11T10:28:35+00:00
order_0000003403,cust_0333,702.38,2025-11-27T15:28:41+00:00
order_0000003404,cust_0792,775.99,2025-11-21T10:27:02+00:00
order_0000003405,cust_0241,763.00,2025-11-10T12:14:27+00:00
order_0000003406,cust_0750,230.99,2025-11-17T02:50:02+00:00
order_0000003407,cust_0337,703.00,2025-11-18T15:06:25+00:00
order_0000003408,cust_0230,898.99,2025-11-21T16:44:02+00:00
order_0000003409,cust_0433,195.00,2025-11-25T01:46:28+00:00
order_0000003410,cust_0608,434.62,2025-11-01T17:20:46+00:00
order_0000003411,cust_0249,348.13,2025-11-18T12:44:30+00:00
order_0000003412,cust_0236,909.00,2025-11-10T03:03:16+00:00
order_0000003413,cust_0584,215.00,2025-11-23T12:22:19+00:00
order_0000003414,cust_0831,839.00,2025-11-30T02:53:58+00:00
order_0000003415,cust_0173,1421.63,2025-11-23T03:22:01+00:00
order_0000003416,cust_0452,705.99,2025-11-16T17:47:20+00:00
order_0000003417,cust_0865,715.00,2025-11-16T01:28:47+00:00
order_0000003418,cust_0415,756.52,2025-11-18T17:10:37+00:00
order_0000003419,cust_0038,818.00,2025-11-12T02:00:34+00:00
order_0000003420,cust_0520,722.99,2025-11-30T03:06:53+00:00
order_0000003421,cust_0358,833.68,2025-11-23T11:46:56+00:00
order_0000003422,cust_0094,1284.32,2025-11-08T16:48:31+00:00
order_0000003423,cust_0226,529.88,2025-11-09T14:45:24+00:00
order_0000003424,cust_0439,3126.78,2025-11-24T07:22:41+00:00
order_0000003425,cust_0626,1035.18,2025-11-19T03:05:34+00:00
order_0000003426,cust_0841,164.00,2025-11-07T17:08:46+00:00
order_0000003427,cust_0388,3351.57,2025-11-14T11:10:19+00:00
order_0000003428,cust_0137,388.00,2025-11-25T15:03:36+00:00
order_0000003429,cust_0541,1050.00,2025-11-12T10:42:17+00:00
order_0000003430,cust_0048,487.99,2025-11-11T08:19:09+00:00
order_0000003431,cust_0551,989.95,2025-11-21T17:28:37+00:00
order_0000003432,cust_0037,3098.23,2025-11-19T03:35:42+00:00
order_0000003433,cust_0633,383.12,2025-11-19T11:45:56+00:00
order_0000003434,cust_0578,2768.00,2025-11-13T17:05:35+00:00
order_0000003435,cust_0572,9377.18,2025-11-08T08:42:51+00:00
order_0000003436,cust_0532,1547.00,2025-11-28T10:08:46+00:00
order_0000003437,cust_0460,3210.00,2025-11-09T03:29:53+00:00
order_0000003438,cust_0028,1387.00,2025-11-26T08:39:46+00:00
order_0000003439,cust_0713,724.09,2025-11-05T18:22:44+00:00
order_0000003440,cust_0070,3380.00,2025-11-26T12:32:19+00:00
order_0000003441,cust_0309,1065.49,2025-11-13T04:00:02+00:00
order_0000003442,cust_0896,782.00,2025-11-26T16:17:05+00:00
order_0000003443,cust_0661,285.76,2025-11-26T17:28:40+00:00
order_0000003444,cust_0580,3434.00,2025-11-15T11:47:32+00:00
order_0000003445,cust_0221,3020.00,2025-11-11T07:10:10+00:00
order_0000003446,cust_0803,430.00,2025-11-26T14:28:38+00:00
order_0000003447,cust_0339,714.00,2025-11-13T09:16:31+00:00
order_0000003448,cust_0773,116.20,2025-11-10T08:15:24+00:00
order_0000003449,cust_0683,630.00,2025-11-20T06:39:16+00:00
order_0000003450,cust_0418,356.00,2025-11-16T03:12:36+00:00
order_0000003451,cust_0888,354.55,2025-11-21T12:54:20+00:00
order_0000003452,cust_0189,601.73,2025-11-19T01:49:41+00:00
order_0000003453,cust_0403,376.99,2025-11-25T01:49:07+00:00
order_0000003454,cust_0549,483.06,2025-11-23T13:40:03+00:00
order_0000003455,cust_0344,528.30,2025-11-18T20:22:59+00:00
order_0000003456,cust_0128,434.99,2025-11-02T16:54:18+00:00
order_0000003457,cust_0087,955.08,2025-11-14T01:42:49+00:00
order_0000003458,cust_0496,843.47,2025-11-27T17:09:16+00:00
order_0000003459,cust_0041,351.28,2025-11-14T09:34:11+00:00
order_0000003460,cust_0537,2586.30,2025-11-23T10:00:56+00:00
order_0000003461,cust_0396,118.00,2025-11-24T17:39:50+00:00
order_0000003462,cust_0029,951.95,2025-11-14T14:16:07+00:00
order_0000003463,cust_0027,832.74,2025-11-11T01:49:06+00:00
order_0000003464,cust_0737,9481.37,2025-11-23T12:05:08+00:00
order_0000003465,cust_0134,135.77,2025-11-22T13:34:21+00:00
order_0000003466,cust_0354,875.00,2025-11-30T10:28:56+00:00
order_0000003467,cust_0082,15891.41,2025-11-18T11:42:16+00:00
order_0000003468,cust_0691,757.63,2025-11-10T15:03:20+00:00
order_0000003469,cust_0555,577.00,2025-11-06T10:35:51+00:00
order_0000003470,cust_0570,926.87,2025-11-14T14:31:43+00:00
order_0000003471,cust_0374,1057.68,2025-11-20T02:34:44+00:00
order_0000003472,cust_0245,295.63,2025-11-27T15:59:40+00:00
order_0000003473,cust_0704,267.99,2025-11-28T15:24:08+00:00
order_0000003474,cust_0002,316.99,2025-11-27T05:10:04+00:00
order_0000003475,cust_0312,875.50,2025-11-25T17:14:07+00:00
order_0000003476,cust_0458,1296.39,2025-11-05T05:34:23+00:00
order_0000003477,cust_0359,819.00,2025-11-03T06:32:15+00:00
order_0000003478,cust_0279,552.99,2025-11-13T03:40:39+00:00
order_0000003479,cust_0323,821.00,2025-11-11T09:58:47+00:00
order_0000003480,cust_0059,665.08,2025-11-17T23:04:59+00:00
order_0000003481,cust_0178,727.99,2025-11-20T10:30:36+00:00
order_0000003482,cust_0099,873.20,2025-11-13T19:04:16+00:00
order_0000003483,cust_0605,428.92,2025-11-27T16:31:37+00:00
order_0000003484,cust_0123,517.17,2025-11-28T04:41:41+00:00
order_0000003485,cust_0587,1797.96,2025-11-29T09:24:12+00:00
order_0000003486,cust_0599,967.67,2025-11-06T09:57:51+00:00
order_0000003487,cust_0607,851.00,2025-11-22T08:24:12+00:00
order_0000003488,cust_0253,111.96,2025-11-04T10:21:46+00:00
order_0000003489,cust_0516,949.81,2025-11-06T16:07:12+00:00
order_0000003490,cust_0129,344.99,2025-11-23T14:21:17+00:00
order_0000003491,cust_0276,912.31,2025-11-04T08:17:52+00:00
order_0000003492,cust_0570,1053.86,2025-11-26T01:37:29+00:00
order_0000003493,cust_0100,531.99,2025-11-23T08:27:40+00:00
order_0000003494,cust_0689,770.25,2025-11-03T02:07:27+00:00
order_0000003495,cust_0663,1285.73,2025-11-22T07:58:31+00:00
order_0000003496,cust_0054,1345.31,2025-11-10T12:58:49+00:00
order_0000003497,cust_0450,194.36,2025-11-30T05:22:23+00:00
order_0000003498,cust_0489,704.99,2025-11-01T10:14:00+00:00
order_0000003499,cust_0702,1949.10,2025-11-12T08:34:12+00:00
order_0000003500,cust_0229,854.13,2025-11-30T09:02:09+00:00
order_0000003501,cust_0286,3295.35,2025-11-03T14:19:57+00:00
order_0000003502,cust_0837,565.00,2025-11-18T19:00:39+00:00
order_0000003503,cust_0558,453.00,2025-11-30T07:50:52+00:00
order_0000003504,cust_0248,810.49,2025-11-07T23:12:05+00:00
order_0000003505,cust_0364,896.98,2025-11-22T22:55:58+00:00
order_0000003506,cust_0204,527.00,2025-11-15T15:39:43+00:00
order_0000003507,cust_0741,947.92,2025-11-24T18:11:13+00:00
order_0000003508,cust_0502,880.36,2025-11-04T17:37:15+00:00
order_0000003509,cust_0599,886.46,2025-11-26T09:10:12+00:00
order_0000003510,cust_0328,1482.71,2025-11-20T08:10:45+00:00
order_0000003511,cust_0881,1034.49,2025-11-15T12:42:16+00:00
order_0000003512,cust_0640,659.90,2025-11-20T10:49:38+00:00
order_0000003513,cust_0626,1001.95,2025-11-29T16:34:50+00:00
order_0000003514,cust_0648,148.00,2025-11-23T11:39:27+00:00
order_0000003515,cust_0046,857.14,2025-11-16T18:20:39+00:00
order_0000003516,cust_0336,897.49,2025-11-01T03:27:12+00:00
order_0000003517,cust_0334,507.88,2025-11-23T08:58:41+00:00
order_0000003518,cust_0219,701.11,2025-11-08T03:02:07+00:00
order_0000003519,cust_0433,235.00,2025-11-03T17:35:07+00:00
order_0000003520,cust_0514,492.50,2025-11-09T17:57:06+00:00
order_0000003521,cust_0549,3527.99,2025-11-05T10:04:18+00:00
order_0000003522,cust_0604,450.41,2025-11-29T17:09:35+00:00
order_0000003523,cust_0285,696.22,2025-11-17T07:39:36+00:00
order_0000003524,cust_0248,762.56,2025-11-16T13:51:18+00:00
order_0000003525,cust_0762,549.75,2025-11-27T08:43:52+00:00
order_0000003526,cust_0087,906.05,2025-11-21T11:43:06+00:00
order_0000003527,cust_0391,870.00,2025-11-02T09:57:11+00:00
order_0000003528,cust_0243,851.00,2025-11-03T08:22:52+00:00
order_0000003529,cust_0736,411.75,2025-11-08T16:34:56+00:00
order_0000003530,cust_0848,932.46,2025-11-15T08:15:01+00:00
order_0000003531,cust_0024,489.18,2025-11-05T14:23:20+00:00
order_0000003532,cust_0691,478.00,2025-11-18T08:33:28+00:00
order_0000003533,cust_0885,3161.62,2025-11-22T14:38:40+00:00
order_0000003534,cust_0309,1031.66,2025-11-17T05:06:04+00:00
order_0000003535,cust_0671,885.37,2025-11-26T06:34:07+00:00
order_0000003536,cust_0833,147.00,2025-11-24T11:06:28+00:00
order_0000003537,cust_0482,2082.00,2025-11-01T18:25:46+00:00
order_0000003538,cust_0420,712.63,2025-11-04T16:11:42+00:00
order_0000003539,cust_0065,627.00,2025-11-12T14:02:26+00:00
order_0000003540,cust_0595,234.99,2025-11-17T00:20:21+00:00
order_0000003541,cust_0314,567.00,2025-11-02T22:14:42+00:00
order_0000003542,cust_0456,1043.76,2025-11-09T06:34:09+00:00
order_0000003543,cust_0348,1069.63,2025-11-13T12:34:21+00:00
order_0000003544,cust_0563,812.52,2025-11-17T16:02:03+00:00
order_0000003545,cust_0656,435.55,2025-11-03T15:39:27+00:00
order_0000003546,cust_0040,1903.21,2025-11-23T16:56:13+00:00
order_0000003547,cust_0327,1850.59,2025-11-12T09:49:04+00:00
order_0000003548,cust_0888,950.00,2025-11-04T11:16:35+00:00
order_0000003549,cust_0564,1666.00,2025-11-21T09:08:45+00:00
order_0000003550,cust_0213,159.99,2025-11-24T06:49:39+00:00
order_0000003551,cust_0484,182.26,2025-11-19T05:43:27+00:00
order_0000003552,cust_0371,728.00,2025-11-10T09:13:55+00:00
order_0000003553,cust_0058,732.00,2025-11-05T14:43:10+00:00
order_0000003554,cust_0156,606.23,2025-11-22T08:01:31+00:00
order_0000003555,cust_0757,745.99,2025-11-14T16:14:08+00:00
order_0000003556,cust_0309,774.58,2025-11-01T14:33:59+00:00
order_0000003557,cust_0001,408.99,2025-11-16T09:07:25+00:00
order_0000003558,cust_0468,535.00,2025-11-18T03:08:22+00:00
order_0000003559,cust_0899,1049.99,2025-11-04T11:01:27+00:00
order_0000003560,cust_0806,489.00,2025-11-05T07:06:45+00:00
order_0000003561,cust_0865,279.45,2025-11-24T10:59:40+00:00
order_0000003562,cust_0825,302.00,2025-11-28T09:05:54+00:00
order_0000003563,cust_0625,15309.28,2025-11-03T13:38:49+00:00
order_0000003564,cust_0782,369.50,2025-11-11T03:35:42+00:00
order_0000003565,cust_0019,2509.97,2025-11-09T10:33:52+00:00
order_0000003566,cust_0806,2925.11,2025-11-27T14:10:30+00:00
order_0000003567,cust_0536,724.99,2025-11-25T10:56:44+00:00
order_0000003568,cust_0689,981.00,2025-11-19T14:58:16+00:00
order_0000003569,cust_0573,420.00,2025-11-29T14:43:47+00:00
order_0000003570,cust_0774,222.00,2025-11-05T05:00:39+00:00
order_0000003571,cust_0436,284.18,2025-11-07T03:28:22+00:00
order_0000003572,cust_0527,832.07,2025-11-26T13:22:59+00:00
order_0000003573,cust_0537,904.90,2025-11-27T13:44:14+00:00
order_0000003574,cust_0221,424.00,2025-11-16T02:51:05+00:00
order_0000003575,cust_0270,2313.00,2025-11-13T05:18:59+00:00
order_0000003576,cust_0508,467.99,2025-11-30T11:54:38+00:00
order_0000003577,cust_0860,687.35,2025-11-05T17:25:08+00:00
order_0000003578,cust_0732,929.99,2025-11-18T03:59:46+00:00
order_0000003579,cust_0308,736.43,2025-11-25T10:23:10+00:00
order_0000003580,cust_0726,3198.00,2025-11-22T07:01:52+00:00
order_0000003581,cust_0294,1057.99,2025-11-21T20:51:22+00:00
order_0000003582,cust_0256,2337.00,2025-11-13T07:47:44+00:00
order_0000003583,cust_0073,916.41,2025-11-24T11:33:01+00:00
order_0000003584,cust_0379,292.00,2025-11-04T23:33:53+00:00
order_0000003585,cust_0670,2642.99,2025-11-04T02:19:56+00:00
order_0000003586,cust_0868,551.24,2025-11-27T07:32:59+00:00
order_0000003587,cust_0151,400.26,2025-11-06T16:27:48+00:00
order_0000003588,cust_0337,838.00,2025-11-12T11:24:33+00:00
order_0000003589,cust_0730,951.49,2025-11-30T07:29:21+00:00
order_0000003590,cust_0643,962.00,2025-11-13T09:33:23+00:00
order_0000003591,cust_0287,150.00,2025-11-26T17:22:19+00:00
order_0000003592,cust_0054,1005.67,2025-11-24T01:31:03+00:00
order_0000003593,cust_0254,902.17,2025-11-02T01:50:04+00:00
order_0000003594,cust_0489,722.52,2025-11-25T17:16:15+00:00
order_0000003595,cust_0830,984.54,2025-11-21T08:21:27+00:00
order_0000003596,cust_0130,10807.30,2025-11-14T15:47:23+00:00
order_0000003597,cust_0011,337.18,2025-11-01T14:25:11+00:00
order_0000003598,cust_0621,4914.00,2025-11-21T13:13:54+00:00
order_0000003599,cust_0128,470.00,2025-11-09T01:52:39+00:00
order_0000003600,cust_0632,801.82,2025-11-09T00:15:06+00:00
order_0000003601,cust_0697,201.32,2025-11-15T16:11:29+00:00
order_0000003602,cust_0031,1459.00,2025-11-27T17:13:47+00:00
order_0000003603,cust_0378,1261.00,2025-11-29T10:25:47+00:00
order_0000003604,cust_0803,2434.00,2025-11-02T14:31:25+00:00
order_0000003605,cust_0559,15684.49,2025-11-13T09:16:10+00:00
order_0000003606,cust_0687,140.00,2025-11-03T08:30:08+00:00
order_0000003607,cust_0756,827.99,2025-11-10T05:40:15+00:00
order_0000003608,cust_0298,772.00,2025-11-07T09:59:15+00:00
order_0000003609,cust_0463,983.28,2025-11-05T05:11:51+00:00
order_0000003610,cust_0826,944.00,2025-11-20T12:57:36+00:00
order_0000003611,cust_0267,609.00,2025-11-30T14:42:53+00:00
order_0000003612,cust_0569,209.99,2025-11-06T03:09:44+00:00
order_0000003613,cust_0576,1017.57,2025-11-02T16:33:26+00:00
order_0000003614,cust_0490,3443.00,2025-11-25T05:30:58+00:00
order_0000003615,cust_0706,834.99,2025-11-29T08:28:32+00:00
order_0000003616,cust_0404,618.43,2025-11-23T09:50:26+00:00
order_0000003617,cust_0698,333.00,2025-11-17T10:51:12+00:00
order_0000003618,cust_0431,424.55,2025-11-18T00:20:14+00:00
order_0000003619,cust_0450,10969.24,2025-11-18T07:53:53+00:00
order_0000003620,cust_0032,1040.13,2025-11-16T00:05:53+00:00
order_0000003621,cust_0351,654.28,2025-11-04T13:06:26+00:00
order_0000003622,cust_0481,788.16,2025-11-09T13:41:33+00:00
order_0000003623,cust_0708,941.05,2025-11-23T13:34:46+00:00
order_0000003624,cust_0532,1512.99,2025-11-04T07:32:24+00:00
order_0000003625,cust_0381,2564.09,2025-11-22T09:44:52+00:00
order_0000003626,cust_0290,622.09,2025-11-30T09:45:26+00:00
order_0000003627,cust_0010,2197.99,2025-11-20T13:35:13+00:00
order_0000003628,cust_0828,1062.00,2025-11-18T20:57:07+00:00
order_0000003629,cust_0802,943.00,2025-11-28T06:18:53+00:00
order_0000003630,cust_0883,594.88,2025-11-12T14:03:02+00:00
order_0000003631,cust_0046,124.00,2025-11-03T05:00:38+00:00
order_0000003632,cust_0336,523.11,2025-11-29T10:45:51+00:00
order_0000003633,cust_0422,680.13,2025-11-19T09:37:46+00:00
order_0000003634,cust_0173,428.00,2025-11-13T10:39:16+00:00
order_0000003635,cust_0767,644.00,2025-11-12T04:39:15+00:00
order_0000003636,cust_0035,1891.93,2025-11-07T09:42:57+00:00
order_0000003637,cust_0429,1154.57,2025-11-20T03:28:49+00:00
order_0000003638,cust_0765,785.00,2025-11-23T12:42:37+00:00
order_0000003639,cust_0358,1035.99,2025-11-17T08:34:49+00:00
order_0000003640,cust_0407,579.13,2025-11-20T09:35:37+00:00
order_0000003641,cust_0213,915.00,2025-11-25T16:35:53+00:00
order_0000003642,cust_0479,112.00,2025-11-21T14:25:30+00:00
order_0000003643,cust_0560,675.37,2025-11-19T04:00:52+00:00
order_0000003644,cust_0721,761.00,2025-11-20T11:35:27+00:00
order_0000003645,cust_0405,843.00,2025-11-28T09:29:29+00:00
order_0000003646,cust_0026,101.63,2025-11-13T16:41:31+00:00
order_0000003647,cust_0271,585.00,2025-11-12T14:49:24+00:00
order_0000003648,cust_0808,370.97,2025-11-09T13:19:30+00:00
order_0000003649,cust_0100,881.82,2025-11-15T08:01:25+00:00
order_0000003650,cust_0131,926.41,2025-11-21T03:52:46+00:00
order_0000003651,cust_0816,111.63,2025-11-02T02:26:31+00:00
order_0000003652,cust_0019,671.77,2025-11-24T14:02:41+00:00
order_0000003653,cust_0469,1038.67,2025-11-25T17:55:03+00:00
order_0000003654,cust_0584,275.67,2025-11-24T08:51:58+00:00
order_0000003655,cust_0773,187.02,2025-11-23T08:47:35+00:00
order_0000003656,cust_0168,169.00,2025-11-22T05:29:05+00:00
order_0000003657,cust_0561,432.00,2025-11-28T13:00:01+00:00
order_0000003658,cust_0268,931.59,2025-11-04T04:11:53+00:00
order_0000003659,cust_0712,703.95,2025-11-25T11:19:07+00:00
order_0000003660,cust_0364,356.99,2025-11-22T03:02:36+00:00
order_0000003661,cust_0189,3590.00,2025-11-02T07:30:33+00:00
order_0000003662,cust_0247,872.99,2025-11-12T11:42:41+00:00
order_0000003663,cust_0196,2200.99,2025-11-24T16:19:40+00:00
order_0000003664,cust_0592,645.00,2025-11-20T07:26:24+00:00
order_0000003665,cust_0196,332.00,2025-11-16T22:31:49+00:00
order_0000003666,cust_0270,212.00,2025-11-02T09:08:30+00:00
order_0000003667,cust_0016,960.31,2025-11-25T16:34:01+00:00
order_0000003668,cust_0852,463.99,2025-11-06T13:27:56+00:00
order_0000003669,cust_0539,143.61,2025-11-13T15:32:23+00:00
order_0000003670,cust_0329,1074.99,2025-11-09T17:56:53+00:00
order_0000003671,cust_0429,902.30,2025-11-09T11:34:17+00:00
order_0000003672,cust_0663,429.32,2025-11-22T18:17:40+00:00
order_0000003673,cust_0002,302.00,2025-11-21T17:36:08+00:00
order_0000003674,cust_0203,421.46,2025-11-05T03:14:19+00:00
order_0000003675,cust_0070,554.82,2025-11-10T09:22:46+00:00
order_0000003676,cust_0777,958.70,2025-11-20T10:55:44+00:00
order_0000003677,cust_0055,514.50,2025-11-13T04:58:43+00:00
order_0000003678,cust_0062,242.36,2025-11-11T23:36:23+00:00
order_0000003679,cust_0418,1044.54,2025-11-07T14:02:37+00:00
order_0000003680,cust_0397,3283.85,2025-11-12T17:43:57+00:00
order_0000003681,cust_0882,134.29,2025-11-08T05:29:03+00:00
order_0000003682,cust_0236,656.00,2025-11-05T15:12:35+00:00
order_0000003683,cust_0559,767.28,2025-11-02T16:27:54+00:00
order_0000003684,cust_0499,471.00,2025-11-08T02:55:18+00:00
order_0000003685,cust_0451,830.00,2025-11-20T18:15:24+00:00
order_0000003686,cust_0314,1906.99,2025-11-11T08:01:12+00:00
order_0000003687,cust_0657,648.01,2025-11-12T09:18:38+00:00
order_0000003688,cust_0075,733.00,2025-11-24T12:44:27+00:00
order_0000003689,cust_0541,2701.74,2025-11-25T11:59:26+00:00
order_0000003690,cust_0271,256.00,2025-11-25T04:47:49+00:00
order_0000003691,cust_0483,1532.00,2025-11-18T03:48:51+00:00
order_0000003692,cust_0771,1634.57,2025-11-17T14:26:06+00:00
order_0000003693,cust_0188,1025.00,2025-11-02T16:32:31+00:00
order_0000003694,cust_0382,519.00,2025-11-16T22:14:28+00:00
order_0000003695,cust_0577,984.09,2025-11-09T11:25:44+00:00
order_0000003696,cust_0649,1077.00,2025-11-08T15:19:26+00:00
order_0000003697,cust_0146,2673.80,2025-11-16T01:50:30+00:00
order_0000003698,cust_0267,14156.00,2025-11-06T07:39:09+00:00
order_0000003699,cust_0827,670.99,2025-11-02T10:21:05+00:00
order_0000003700,cust_0876,554.00,2025-11-16T00:18:11+00:00
order_0000003701,cust_0315,805.60,2025-11-02T09:08:33+00:00
order_0000003702,cust_0131,2648.00,2025-11-29T02:40:58+00:00
order_0000003703,cust_0041,664.00,2025-11-16T12:38:32+00:00
order_0000003704,cust_0702,716.00,2025-11-12T16:20:04+00:00
order_0000003705,cust_0717,619.00,2025-11-19T05:48:24+00:00
order_0000003706,cust_0728,262.99,2025-11-02T12:04:50+00:00
order_0000003707,cust_0397,127.00,2025-11-04T02:52:32+00:00
order_0000003708,cust_0501,612.00,2025-11-21T06:26:20+00:00
order_0000003709,cust_0676,157.54,2025-11-07T01:01:29+00:00
order_0000003710,cust_0423,421.00,2025-11-10T19:02:24+00:00
order_0000003711,cust_0545,1941.01,2025-11-29T04:29:18+00:00
order_0000003712,cust_0401,215.86,2025-11-21T18:13:16+00:00
order_0000003713,cust_0778,376.30,2025-11-18T13:10:20+00:00
order_0000003714,cust_0089,372.00,2025-11-10T18:18:27+00:00
order_0000003715,cust_0753,2566.55,2025-11-05T15:37:55+00:00
order_0000003716,cust_0644,901.00,2025-11-10T15:10:22+00:00
order_0000003717,cust_0497,382.46,2025-11-22T01:41:45+00:00
order_0000003718,cust_0429,117.96,2025-11-14T12:10:41+00:00
order_0000003719,cust_0464,322.21,2025-11-26T09:49:56+00:00
order_0000003720,cust_0809,165.99,2025-11-01T04:18:33+00:00
order_0000003721,cust_0223,575.53,2025-11-08T14:22:41+00:00
order_0000003722,cust_0641,408.00,2025-11-07T05:01:43+00:00
order_0000003723,cust_0485,694.47,2025-11-21T08:20:46+00:00
order_0000003724,cust_0423,320.60,2025-11-01T06:28:12+00:00
order_0000003725,cust_0080,709.00,2025-11-30T13:11:02+00:00
order_0000003726,cust_0845,1004.00,2025-11-04T16:53:56+00:00
order_0000003727,cust_0419,953.35,2025-11-06T06:28:18+00:00
order_0000003728,cust_0041,816.65,2025-11-16T12:41:59+00:00
order_0000003729,cust_0639,985.42,2025-11-04T17:28:48+00:00
order_0000003730,cust_0055,484.99,2025-11-21T16:17:43+00:00
order_0000003731,cust_0599,544.65,2025-11-28T13:19:18+00:00
order_0000003732,cust_0836,261.93,2025-11-27T17:50:46+00:00
order_0000003733,cust_0417,400.00,2025-11-01T12:01:49+00:00
order_0000003734,cust_0423,627.78,2025-11-14T10:22:47+00:00
order_0000003735,cust_0503,824.00,2025-11-04T01:31:13+00:00
order_0000003736,cust_0783,3296.00,2025-11-04T09:16:33+00:00
order_0000003737,cust_0379,361.99,2025-11-20T01:44:28+00:00
order_0000003738,cust_0208,2626.91,2025-11-28T22:05:43+00:00
order_0000003739,cust_0437,1418.92,2025-11-28T05:24:10+00:00
order_0000003740,cust_0759,579.81,2025-11-27T09:26:09+00:00
order_0000003741,cust_0186,397.00,2025-11-01T15:37:38+00:00
order_0000003742,cust_0772,2533.00,2025-11-25T14:22:14+00:00
order_0000003743,cust_0889,101.83,2025-11-15T02:14:34+00:00
order_0000003744,cust_0477,2517.00,2025-11-24T05:53:35+00:00
order_0000003745,cust_0021,865.00,2025-11-19T09:50:13+00:00
order_0000003746,cust_0600,1452.20,2025-11-05T07:42:31+00:00
order_0000003747,cust_0448,1079.83,2025-11-17T07:00:52+00:00
order_0000003748,cust_0148,411.29,2025-11-27T16:51:47+00:00
order_0000003749,cust_0612,2416.00,2025-11-11T12:19:27+00:00
order_0000003750,cust_0135,104.14,2025-11-17T18:22:23+00:00
order_0000003751,cust_0247,289.29,2025-11-27T03:07:32+00:00
order_0000003752,cust_0139,524.89,2025-11-01T11:38:38+00:00
order_0000003753,cust_0409,842.13,2025-11-30T14:55:59+00:00
order_0000003754,cust_0153,463.83,2025-11-26T05:05:01+00:00
order_0000003755,cust_0760,236.00,2025-11-17T10:59:03+00:00
order_0000003756,cust_0545,235.99,2025-11-20T09:43:12+00:00
order_0000003757,cust_0779,262.00,2025-11-26T17:38:35+00:00
order_0000003758,cust_0441,841.49,2025-11-13T09:22:07+00:00
order_0000003759,cust_0173,849.69,2025-11-19T18:04:42+00:00
order_0000003760,cust_0247,374.00,2025-11-26T09:10:29+00:00
order_0000003761,cust_0184,1008.55,2025-11-07T00:28:05+00:00
order_0000003762,cust_0287,857.99,2025-11-14T15:51:43+00:00
order_0000003763,cust_0446,686.99,2025-11-23T11:48:03+00:00
order_0000003764,cust_0633,1033.96,2025-11-13T14:27:56+00:00
order_0000003765,cust_0002,820.50,2025-11-18T18:08:50+00:00
order_0000003766,cust_0809,1001.99,2025-11-20T11:41:00+00:00
order_0000003767,cust_0790,2359.88,2025-11-18T10:16:19+00:00
order_0000003768,cust_0315,857.22,2025-11-11T08:17:18+00:00
order_0000003769,cust_0590,732.19,2025-11-23T02:02:55+00:00
order_0000003770,cust_0103,253.66,2025-11-08T16:18:45+00:00
order_0000003771,cust_0782,17451.00,2025-11-16T07:55:49+00:00
order_0000003772,cust_0824,3175.00,2025-11-17T08:35:34+00:00
order_0000003773,cust_0329,1307.00,2025-11-15T19:22:05+00:00
order_0000003774,cust_0369,484.00,2025-11-24T08:26:30+00:00
order_0000003775,cust_0870,1157.02,2025-11-05T08:51:56+00:00
order_0000003776,cust_0416,957.53,2025-11-01T10:52:08+00:00
order_0000003777,cust_0805,270.27,2025-11-23T02:10:57+00:00
order_0000003778,cust_0658,671.99,2025-11-02T07:19:31+00:00
order_0000003779,cust_0802,1895.23,2025-11-07T11:12:53+00:00
order_0000003780,cust_0335,394.00,2025-11-19T17:31:30+00:00
order_0000003781,cust_0681,2358.00,2025-11-09T16:53:07+00:00
order_0000003782,cust_0270,556.90,2025-11-18T05:33:44+00:00
order_0000003783,cust_0637,3693.66,2025-11-04T15:19:06+00:00
order_0000003784,cust_0618,320.91,2025-11-21T00:38:23+00:00
order_0000003785,cust_0731,931.65,2025-11-17T17:29:23+00:00
order_0000003786,cust_0238,992.67,2025-11-16T02:16:53+00:00
order_0000003787,cust_0709,8597.13,2025-11-06T22:56:15+00:00
order_0000003788,cust_0553,593.92,2025-11-14T11:43:19+00:00
order_0000003789,cust_0071,514.00,2025-11-19T23:28:54+00:00
order_0000003790,cust_0361,1499.00,2025-11-24T16:31:19+00:00
order_0000003791,cust_0714,347.90,2025-11-12T09:23:04+00:00
order_0000003792,cust_0828,934.69,2025-11-10T14:13:19+00:00
order_0000003793,cust_0431,6408.00,2025-11-06T08:23:08+00:00
order_0000003794,cust_0691,438.00,2025-11-12T08:07:51+00:00
order_0000003795,cust_0816,2764.26,2025-11-09T08:53:36+00:00
order_0000003796,cust_0294,267.00,2025-11-29T15:45:06+00:00
order_0000003797,cust_0522,581.00,2025-11-30T08:12:15+00:00
order_0000003798,cust_0102,2902.99,2025-11-11T05:22:22+00:00
order_0000003799,cust_0540,2628.30,2025-11-13T18:55:37+00:00
order_0000003800,cust_0557,1102.14,2025-11-10T00:53:35+00:00
order_0000003801,cust_0716,978.04,2025-11-09T14:47:14+00:00
order_0000003802,cust_0410,342.00,2025-11-18T11:17:15+00:00
order_0000003803,cust_0397,647.00,2025-11-25T17:17:53+00:00
order_0000003804,cust_0462,1036.85,2025-11-09T04:37:49+00:00
order_0000003805,cust_0376,766.63,2025-11-26T10:34:53+00:00
order_0000003806,cust_0808,806.00,2025-11-05T09:17:33+00:00
order_0000003807,cust_0724,1221.01,2025-11-24T14:56:26+00:00
order_0000003808,cust_0282,960.60,2025-11-16T10:25:03+00:00
order_0000003809,cust_0551,848.65,2025-11-25T10:03:20+00:00
order_0000003810,cust_0308,975.00,2025-11-20T15:04:15+00:00
order_0000003811,cust_0671,175.99,2025-11-22T09:23:41+00:00
order_0000003812,cust_0096,952.00,2025-11-05T16:41:12+00:00
order_0000003813,cust_0683,604.65,2025-11-02T10:49:18+00:00
order_0000003814,cust_0761,902.61,2025-11-12T10:05:14+00:00
order_0000003815,cust_0537,920.66,2025-11-08T04:55:26+00:00
order_0000003816,cust_0190,968.05,2025-11-28T09:51:54+00:00
order_0000003817,cust_0143,380.57,2025-11-15T18:49:17+00:00
order_0000003818,cust_0548,144.95,2025-11-21T19:46:17+00:00
order_0000003819,cust_0519,402.53,2025-11-27T16:32:39+00:00
order_0000003820,cust_0806,196.03,2025-11-23T06:29:12+00:00
order_0000003821,cust_0215,926.34,2025-11-24T19:10:34+00:00
order_0000003822,cust_0586,579.00,2025-11-26T07:00:57+00:00
order_0000003823,cust_0865,885.02,2025-11-14T10:07:27+00:00
order_0000003824,cust_0392,2142.47,2025-11-04T13:18:26+00:00
order_0000003825,cust_0493,976.33,2025-11-21T21:53:09+00:00
order_0000003826,cust_0232,534.17,2025-11-21T11:10:01+00:00
order_0000003827,cust_0207,1012.00,2025-11-20T14:49:36+00:00
order_0000003828,cust_0019,6865.71,2025-11-03T17:51:24+00:00
order_0000003829,cust_0519,157.00,2025-11-10T13:52:37+00:00
order_0000003830,cust_0806,883.36,2025-11-27T18:34:38+00:00
order_0000003831,cust_0840,738.26,2025-11-01T00:07:43+00:00
order_0000003832,cust_0420,986.00,2025-11-07T07:00:24+00:00
order_0000003833,cust_0898,790.85,2025-11-01T14:35:40+00:00
order_0000003834,cust_0612,987.00,2025-11-25T17:01:18+00:00
order_0000003835,cust_0831,620.76,2025-11-12T20:27:48+00:00
order_0000003836,cust_0825,862.71,2025-11-06T11:07:59+00:00
order_0000003837,cust_0063,172.34,2025-11-06T04:06:33+00:00
order_0000003838,cust_0393,2748.00,2025-11-24T06:44:41+00:00
order_0000003839,cust_0278,776.99,2025-11-22T11:06:31+00:00
order_0000003840,cust_0308,10506.99,2025-11-04T10:51:14+00:00
order_0000003841,cust_0568,1476.00,2025-11-30T06:28:47+00:00
order_0000003842,cust_0693,3442.15,2025-11-11T09:01:29+00:00
order_0000003843,cust_0374,208.29,2025-11-26T22:26:02+00:00
order_0000003844,cust_0065,1044.51,2025-11-26T04:49:52+00:00
order_0000003845,cust_0386,238.30,2025-11-17T09:15:42+00:00
order_0000003846,cust_0535,213.62,2025-11-30T18:03:39+00:00
order_0000003847,cust_0810,258.99,2025-11-08T09:16:57+00:00
order_0000003848,cust_0520,864.00,2025-11-14T16:35:56+00:00
order_0000003849,cust_0714,2480.02,2025-11-17T11:07:52+00:00
order_0000003850,cust_0371,289.30,2025-11-27T13:42:50+00:00
order_0000003851,cust_0479,710.54,2025-11-04T11:09:25+00:00
order_0000003852,cust_0870,350.25,2025-11-23T16:38:42+00:00
order_0000003853,cust_0506,596.99,2025-11-18T15:16:19+00:00
order_0000003854,cust_0516,7951.00,2025-11-15T14:20:00+00:00
order_0000003855,cust_0110,483.13,2025-11-30T11:20:43+00:00
order_0000003856,cust_0033,906.89,2025-11-03T10:54:43+00:00
order_0000003857,cust_0094,320.00,2025-11-24T14:54:19+00:00
order_0000003858,cust_0737,602.99,2025-11-21T09:07:41+00:00
order_0000003859,cust_0233,986.00,2025-11-17T23:16:14+00:00
order_0000003860,cust_0378,1079.54,2025-11-12T07:22:03+00:00
order_0000003861,cust_0545,235.05,2025-11-01T07:56:14+00:00
order_0000003862,cust_0792,9892.99,2025-11-19T20:08:49+00:00
order_0000003863,cust_0812,264.41,2025-11-16T16:16:06+00:00
order_0000003864,cust_0264,163.03,2025-11-26T16:21:13+00:00
order_0000003865,cust_0244,811.99,2025-11-16T01:01:36+00:00
order_0000003866,cust_0344,1243.99,2025-11-02T15:57:33+00:00
order_0000003867,cust_0736,3244.21,2025-11-27T04:03:40+00:00
order_0000003868,cust_0877,402.00,2025-11-19T01:38:09+00:00
order_0000003869,cust_0681,788.00,2025-11-30T08:13:08+00:00
order_0000003870,cust_0668,407.99,2025-11-04T04:29:14+00:00
order_0000003871,cust_0727,1006.00,2025-11-26T05:40:02+00:00
order_0000003872,cust_0623,1014.65,2025-11-01T06:20:38+00:00
order_0000003873,cust_0763,2725.00,2025-11-16T07:40:31+00:00
order_0000003874,cust_0599,3516.90,2025-11-11T08:03:58+00:00
order_0000003875,cust_0772,2269.25,2025-11-28T06:27:34+00:00
order_0000003876,cust_0192,1915.54,2025-11-28T13:46:22+00:00
order_0000003877,cust_0136,214.63,2025-11-11T00:35:21+00:00
order_0000003878,cust_0865,673.49,2025-11-24T02:17:21+00:00
order_0000003879,cust_0898,1038.97,2025-11-19T06:49:42+00:00
order_0000003880,cust_0244,904.97,2025-11-21T04:52:19+00:00
order_0000003881,cust_0475,912.66,2025-11-06T04:07:35+00:00
order_0000003882,cust_0423,296.71,2025-11-20T16:48:20+00:00
order_0000003883,cust_0264,818.49,2025-11-26T16:16:21+00:00
order_0000003884,cust_0206,548.38,2025-11-04T17:35:29+00:00
order_0000003885,cust_0149,1574.00,2025-11-16T18:12:00+00:00
order_0000003886,cust_0329,787.26,2025-11-14T15:10:14+00:00
order_0000003887,cust_0117,281.79,2025-11-03T22:32:55+00:00
order_0000003888,cust_0709,215.00,2025-11-29T21:17:49+00:00
order_0000003889,cust_0821,641.20,2025-11-13T15:03:27+00:00
order_0000003890,cust_0826,579.00,2025-11-23T16:15:10+00:00
order_0000003891,cust_0826,439.73,2025-11-05T03:38:06+00:00
order_0000003892,cust_0001,1047.91,2025-11-16T15:21:52+00:00
order_0000003893,cust_0544,879.00,2025-11-07T10:22:53+00:00
order_0000003894,cust_0071,297.59,2025-11-05T15:31:28+00:00
order_0000003895,cust_0167,919.00,2025-11-13T02:05:27+00:00
order_0000003896,cust_0291,557.00,2025-11-10T03:39:52+00:00
order_0000003897,cust_0088,262.00,2025-11-15T13:31:10+00:00
order_0000003898,cust_0522,474.41,2025-11-20T10:37:55+00:00
order_0000003899,cust_0808,246.99,2025-11-14T02:20:06+00:00
order_0000003900,cust_0594,995.29,2025-11-11T06:29:48+00:00
order_0000003901,cust_0885,964.23,2025-11-26T11:53:41+00:00
order_0000003902,cust_0535,1077.09,2025-11-17T09:27:57+00:00
order_0000003903,cust_0059,535.74,2025-11-01T18:04:36+00:00
order_0000003904,cust_0326,174.33,2025-11-07T04:06:00+00:00
order_0000003905,cust_0077,9333.00,2025-11-23T15:55:04+00:00
order_0000003906,cust_0355,1580.00,2025-11-14T07:18:30+00:00
order_0000003907,cust_0792,2411.00,2025-11-28T17:34:51+00:00
order_0000003908,cust_0289,176.00,2025-11-09T13:35:51+00:00
order_0000003909,cust_0817,729.91,2025-11-13T14:29:14+00:00
order_0000003910,cust_0507,502.00,2025-11-05T06:31:34+00:00
order_0000003911,cust_0176,522.55,2025-11-24T01:01:27+00:00
order_0000003912,cust_0220,14989.40,2025-11-27T12:13:54+00:00
order_0000003913,cust_0217,2625.26,2025-11-19T06:36:36+00:00
order_0000003914,cust_0446,10216.99,2025-11-13T14:57:08+00:00
order_0000003915,cust_0074,720.69,2025-11-23T15:48:03+00:00
order_0000003916,cust_0001,342.00,2025-11-04T17:50:46+00:00
order_0000003917,cust_0720,119.99,2025-11-24T05:28:37+00:00
order_0000003918,cust_0069,1018.54,2025-11-11T17:58:35+00:00
order_0000003919,cust_0809,649.00,2025-11-25T23:48:33+00:00
order_0000003920,cust_0313,786.62,2025-11-03T12:42:40+00:00
order_0000003921,cust_0789,129.99,2025-11-25T02:06:20+00:00
order_0000003922,cust_0866,693.51,2025-11-04T14:04:49+00:00
order_0000003923,cust_0083,121.00,2025-11-08T01:05:52+00:00
order_0000003924,cust_0255,1085.99,2025-11-06T08:07:29+00:00
order_0000003925,cust_0564,751.12,2025-11-06T02:06:36+00:00
order_0000003926,cust_0079,1142.87,2025-11-03T13:48:57+00:00
order_0000003927,cust_0111,3132.99,2025-11-01T16:06:54+00:00
order_0000003928,cust_0253,167.00,2025-11-04T08:36:48+00:00
order_0000003929,cust_0112,762.33,2025-11-23T07:47:32+00:00
order_0000003930,cust_0405,476.35,2025-11-06T19:30:01+00:00
order_0000003931,cust_0109,2848.53,2025-11-25T02:24:43+00:00
order_0000003932,cust_0090,251.00,2025-11-01T11:09:41+00:00
order_0000003933,cust_0673,665.00,2025-11-11T02:00:55+00:00
order_0000003934,cust_0761,590.00,2025-11-19T09:20:18+00:00
order_0000003935,cust_0065,886.18,2025-11-03T11:13:01+00:00
order_0000003936,cust_0654,285.00,2025-11-18T13:04:09+00:00
order_0000003937,cust_0187,955.79,2025-11-18T05:53:50+00:00
order_0000003938,cust_0583,485.00,2025-11-17T07:58:11+00:00
order_0000003939,cust_0718,2105.00,2025-11-22T06:30:27+00:00
order_0000003940,cust_0480,1276.99,2025-11-03T21:20:07+00:00
order_0000003941,cust_0094,909.93,2025-11-19T18:01:02+00:00
order_0000003942,cust_0742,753.00,2025-11-07T18:22:52+00:00
order_0000003943,cust_0756,865.84,2025-11-24T10:53:51+00:00
order_0000003944,cust_0852,705.00,2025-11-17T16:14:06+00:00
order_0000003945,cust_0863,534.25,2025-11-01T17:56:31+00:00
order_0000003946,cust_0147,1375.87,2025-11-05T06:37:31+00:00
order_0000003947,cust_0344,114.43,2025-11-18T17:39:47+00:00
order_0000003948,cust_0150,1416.00,2025-11-12T08:57:30+00:00
order_0000003949,cust_0848,643.62,2025-11-22T17:32:26+00:00
order_0000003950,cust_0378,1380.09,2025-11-15T13:57:15+00:00
order_0000003951,cust_0833,695.26,2025-11-21T07:37:55+00:00
order_0000003952,cust_0320,391.00,2025-11-16T03:52:39+00:00
order_0000003953,cust_0678,164.46,2025-11-04T02:22:34+00:00
order_0000003954,cust_0896,781.99,2025-11-13T22:13:25+00:00
order_0000003955,cust_0897,435.34,2025-11-17T13:27:58+00:00
order_0000003956,cust_0072,254.00,2025-11-14T15:21:01+00:00
order_0000003957,cust_0678,967.00,2025-11-17T13:33:08+00:00
order_0000003958,cust_0662,107.07,2025-11-04T15:05:15+00:00
order_0000003959,cust_0052,3548.36,2025-11-06T05:00:18+00:00
order_0000003960,cust_0695,2069.00,2025-11-30T17:39:39+00:00
order_0000003961,cust_0805,377.00,2025-11-08T15:29:26+00:00
order_0000003962,cust_0007,149.36,2025-11-11T19:18:54+00:00
order_0000003963,cust_0228,393.80,2025-11-02T04:34:21+00:00
order_0000003964,cust_0126,291.00,2025-11-19T11:37:56+00:00
order_0000003965,cust_0548,197.99,2025-11-13T13:42:51+00:00
order_0000003966,cust_0529,1869.00,2025-11-12T15:03:38+00:00
order_0000003967,cust_0308,1357.55,2025-10-31T20:03:11+00:00
order_0000003968,cust_0369,507.78,2025-11-15T09:47:46+00:00
order_0000003969,cust_0437,3534.72,2025-11-07T19:51:16+00:00
order_0000003970,cust_0548,436.99,2025-11-15T13:33:37+00:00
order_0000003971,cust_0236,488.99,2025-11-14T08:49:20+00:00
order_0000003972,cust_0067,174.90,2025-11-19T02:41:49+00:00
order_0000003973,cust_0126,471.99,2025-11-13T17:32:12+00:00
order_0000003974,cust_0145,570.00,2025-11-05T06:24:14+00:00
order_0000003975,cust_0662,1064.04,2025-11-22T16:48:18+00:00
order_0000003976,cust_0651,293.68,2025-11-15T08:38:34+00:00
order_0000003977,cust_0731,1003.00,2025-11-29T07:46:29+00:00
order_0000003978,cust_0446,676.52,2025-11-28T10:06:39+00:00
order_0000003979,cust_0485,442.29,2025-11-24T16:10:51+00:00
order_0000003980,cust_0014,2325.00,2025-11-26T18:05:24+00:00
order_0000003981,cust_0181,951.00,2025-11-17T13:09:55+00:00
order_0000003982,cust_0036,367.79,2025-11-30T11:46:15+00:00
order_0000003983,cust_0127,180.00,2025-11-21T04:31:10+00:00
order_0000003984,cust_0110,11081.76,2025-11-19T02:36:33+00:00
order_0000003985,cust_0246,164.51,2025-11-28T09:44:59+00:00
order_0000003986,cust_0209,932.00,2025-11-26T05:45:44+00:00
order_0000003987,cust_0445,686.41,2025-11-02T20:43:01+00:00
order_0000003988,cust_0370,3059.61,2025-11-27T09:46:11+00:00
order_0000003989,cust_0699,607.44,2025-11-24T14:09:15+00:00
order_0000003990,cust_0878,195.74,2025-11-23T20:08:34+00:00
order_0000003991,cust_0737,1179.20,2025-11-27T14:34:02+00:00
order_0000003992,cust_0522,477.71,2025-11-08T02:45:15+00:00
order_0000003993,cust_0372,1042.90,2025-11-16T14:59:54+00:00
order_0000003994,cust_0895,205.99,2025-11-12T03:49:03+00:00
order_0000003995,cust_0084,292.00,2025-11-24T03:07:11+00:00
order_0000003996,cust_0338,406.10,2025-11-14T12:21:49+00:00
order_0000003997,cust_0404,490.50,2025-11-20T08:00:09+00:00
order_0000003998,cust_0522,392.00,2025-11-26T09:27:47+00:00
order_0000003999,cust_0512,130.00,2025-11-22T01:16:48+00:00
order_0000004000,cust_0108,921.12,2025-11-02T09:04:55+00:00
order_0000004001,cust_0115,964.00,2025-11-10T17:19:08+00:00
order_0000004002,cust_0463,197.99,2025-11-01T16:40:08+00:00
order_0000004003,cust_0473,955.77,2025-11-11T18:08:45+00:00
order_0000004004,cust_0310,879.33,2025-11-18T01:30:43+00:00
order_0000004005,cust_0128,379.99,2025-11-03T08:28:28+00:00
order_0000004006,cust_0362,977.01,2025-11-26T23:44:14+00:00
order_0000004007,cust_0782,768.00,2025-11-06T06:58:31+00:00
order_0000004008,cust_0524,528.00,2025-11-06T06:42:12+00:00
order_0000004009,cust_0746,294.99,2025-11-20T17:36:50+00:00
order_0000004010,cust_0072,323.65,2025-11-04T00:00:02+00:00
order_0000004011,cust_0626,411.79,2025-11-12T03:10:16+00:00
order_0000004012,cust_0748,926.54,2025-11-30T13:42:16+00:00
order_0000004013,cust_0853,410.90,2025-11-24T03:14:07+00:00
order_0000004014,cust_0796,480.99,2025-11-07T03:15:48+00:00
order_0000004015,cust_0879,185.99,2025-11-11T09:29:47+00:00
order_0000004016,cust_0536,504.90,2025-11-15T11:09:23+00:00
order_0000004017,cust_0880,897.99,2025-11-01T02:58:11+00:00
order_0000004018,cust_0198,661.99,2025-11-23T14:57:50+00:00
order_0000004019,cust_0120,296.00,2025-11-10T10:14:35+00:00
order_0000004020,cust_0287,293.82,2025-11-14T02:11:58+00:00
order_0000004021,cust_0434,272.99,2025-11-15T05:40:54+00:00
order_0000004022,cust_0052,2585.80,2025-11-09T16:45:03+00:00
order_0000004023,cust_0688,321.00,2025-11-02T08:41:09+00:00
order_0000004024,cust_0734,462.36,2025-11-29T07:44:30+00:00
order_0000004025,cust_0715,536.99,2025-11-08T09:17:10+00:00
order_0000004026,cust_0737,935.03,2025-11-17T04:59:00+00:00
order_0000004027,cust_0448,294.99,2025-11-29T13:31:32+00:00
order_0000004028,cust_0580,856.26,2025-11-07T07:04:51+00:00
order_0000004029,cust_0697,160.65,2025-11-13T12:36:33+00:00
order_0000004030,cust_0798,984.00,2025-11-09T02:33:17+00:00
order_0000004031,cust_0061,507.00,2025-11-10T08:07:13+00:00
order_0000004032,cust_0328,3138.37,2025-11-01T04:26:55+00:00
order_0000004033,cust_0458,816.41,2025-11-22T16:53:50+00:00
order_0000004034,cust_0132,344.22,2025-11-20T15:08:43+00:00
order_0000004035,cust_0487,270.51,2025-11-13T10:43:04+00:00
order_0000004036,cust_0726,762.00,2025-11-04T17:11:34+00:00
order_0000004037,cust_0182,375.61,2025-11-16T07:42:46+00:00
order_0000004038,cust_0772,727.99,2025-11-08T16:47:01+00:00
order_0000004039,cust_0593,696.21,2025-11-10T01:16:52+00:00
order_0000004040,cust_0101,1508.00,2025-11-19T16:38:09+00:00
order_0000004041,cust_0889,3476.99,2025-11-23T14:15:12+00:00
order_0000004042,cust_0239,374.00,2025-11-21T09:49:50+00:00
order_0000004043,cust_0497,751.43,2025-11-14T09:48:01+00:00
order_0000004044,cust_0001,645.00,2025-11-19T18:02:24+00:00
order_0000004045,cust_0800,923.25,2025-11-04T04:57:15+00:00
order_0000004046,cust_0681,2264.65,2025-10-31T23:08:58+00:00
order_0000004047,cust_0010,3693.38,2025-11-26T11:43:18+00:00
order_0000004048,cust_0146,11040.99,2025-11-28T11:28:53+00:00
order_0000004049,cust_0417,596.35,2025-11-22T00:47:10+00:00
order_0000004050,cust_0114,196.75,2025-11-25T01:26:59+00:00
order_0000004051,cust_0796,2962.94,2025-11-30T02:44:52+00:00
order_0000004052,cust_0524,3153.79,2025-11-02T00:59:04+00:00
order_0000004053,cust_0216,3060.00,2025-11-10T07:20:05+00:00
order_0000004054,cust_0476,10742.00,2025-11-23T16:00:42+00:00
order_0000004055,cust_0009,1042.00,2025-11-15T14:34:15+00:00
order_0000004056,cust_0845,520.00,2025-11-30T11:29:03+00:00
order_0000004057,cust_0840,1000.61,2025-11-16T08:08:28+00:00
order_0000004058,cust_0133,387.00,2025-11-21T04:20:48+00:00
order_0000004059,cust_0077,323.55,2025-11-29T15:31:14+00:00
order_0000004060,cust_0348,690.99,2025-11-02T13:32:11+00:00
order_0000004061,cust_0482,795.00,2025-11-17T08:27:14+00:00
order_0000004062,cust_0591,612.39,2025-11-02T03:41:52+00:00
order_0000004063,cust_0184,679.22,2025-11-14T07:16:26+00:00
order_0000004064,cust_0244,176.46,2025-11-06T05:24:27+00:00
order_0000004065,cust_0131,108.82,2025-11-26T09:19:34+00:00
order_0000004066,cust_0515,925.00,2025-11-30T08:59:04+00:00
order_0000004067,cust_0443,288.00,2025-11-04T17:10:56+00:00
order_0000004068,cust_0363,1031.69,2025-11-03T06:37:21+00:00
order_0000004069,cust_0350,14587.99,2025-11-17T17:38:37+00:00
order_0000004070,cust_0446,473.74,2025-11-01T14:58:58+00:00
order_0000004071,cust_0131,369.99,2025-11-28T22:35:07+00:00
order_0000004072,cust_0554,799.99,2025-11-29T15:00:40+00:00
order_0000004073,cust_0068,104.03,2025-11-09T15:59:53+00:00
order_0000004074,cust_0230,234.00,2025-11-21T12:57:31+00:00
order_0000004075,cust_0458,2489.39,2025-11-12T07:45:20+00:00
order_0000004076,cust_0578,648.29,2025-11-04T07:34:58+00:00
order_0000004077,cust_0692,2467.71,2025-11-22T16:50:16+00:00
order_0000004078,cust_0574,706.00,2025-11-08T03:13:08+00:00
order_0000004079,cust_0029,740.44,2025-11-05T08:13:51+00:00
order_0000004080,cust_0388,1074.52,2025-11-05T08:11:49+00:00
order_0000004081,cust_0415,2644.99,2025-11-09T15:55:45+00:00
order_0000004082,cust_0482,246.97,2025-11-23T08:31:40+00:00
order_0000004083,cust_0299,173.50,2025-11-04T17:38:43+00:00
order_0000004084,cust_0344,276.52,2025-11-02T06:44:58+00:00
order_0000004085,cust_0219,1041.55,2025-11-20T12:41:31+00:00
order_0000004086,cust_0430,519.14,2025-11-18T17:03:29+00:00
order_0000004087,cust_0265,750.62,2025-11-11T09:17:00+00:00
order_0000004088,cust_0874,273.56,2025-11-05T08:03:34+00:00
order_0000004089,cust_0431,507.14,2025-11-13T14:46:04+00:00
order_0000004090,cust_0627,982.37,2025-11-10T01:41:45+00:00
order_0000004091,cust_0792,879.00,2025-11-08T07:11:33+00:00
order_0000004092,cust_0121,2267.87,2025-11-18T17:21:10+00:00
order_0000004093,cust_0681,1020.00,2025-11-23T01:05:00+00:00
order_0000004094,cust_0039,652.63,2025-11-16T13:02:56+00:00
order_0000004095,cust_0850,678.00,2025-11-12T03:58:00+00:00
order_0000004096,cust_0748,2038.22,2025-11-08T07:29:38+00:00
order_0000004097,cust_0515,2527.13,2025-11-10T03:03:04+00:00
order_0000004098,cust_0321,168.99,2025-11-05T16:45:28+00:00
order_0000004099,cust_0002,2255.44,2025-11-05T16:22:20+00:00
order_0000004100,cust_0512,254.28,2025-11-23T09:29:32+00:00
order_0000004101,cust_0143,303.36,2025-11-24T16:17:47+00:00
order_0000004102,cust_0162,2793.00,2025-11-23T22:23:54+00:00
order_0000004103,cust_0395,1004.00,2025-11-24T11:34:48+00:00
order_0000004104,cust_0491,1004.72,2025-11-01T03:23:02+00:00
order_0000004105,cust_0530,470.99,2025-11-05T17:34:18+00:00
order_0000004106,cust_0667,1754.79,2025-11-16T16:35:12+00:00
order_0000004107,cust_0595,990.62,2025-11-27T04:39:01+00:00
order_0000004108,cust_0778,203.82,2025-11-03T04:07:27+00:00
order_0000004109,cust_0789,229.32,2025-11-16T07:42:12+00:00
order_0000004110,cust_0171,453.99,2025-11-04T11:25:13+00:00
order_0000004111,cust_0721,814.00,2025-11-02T10:56:08+00:00
order_0000004112,cust_0709,761.48,2025-11-13T01:31:54+00:00
order_0000004113,cust_0467,827.29,2025-11-23T20:23:03+00:00
order_0000004114,cust_0440,815.00,2025-11-06T05:16:30+00:00
order_0000004115,cust_0327,972.81,2025-11-20T12:50:36+00:00
order_0000004116,cust_0067,1019.00,2025-11-20T21:02:45+00:00
order_0000004117,cust_0770,819.59,2025-11-28T08:38:26+00:00
order_0000004118,cust_0357,365.00,2025-11-23T01:50:19+00:00
order_0000004119,cust_0837,227.99,2025-11-12T00:07:06+00:00
order_0000004120,cust_0736,852.00,2025-11-22T03:15:46+00:00
order_0000004121,cust_0758,204.00,2025-11-02T14:25:58+00:00
order_0000004122,cust_0649,2251.21,2025-11-14T14:13:01+00:00
order_0000004123,cust_0696,627.76,2025-11-14T17:14:22+00:00
order_0000004124,cust_0894,1014.00,2025-11-27T07:42:58+00:00
order_0000004125,cust_0649,700.21,2025-11-24T09:53:12+00:00
order_0000004126,cust_0691,855.44,2025-11-19T11:40:02+00:00
order_0000004127,cust_0276,331.00,2025-11-21T14:29:44+00:00
order_0000004128,cust_0621,1437.00,2025-11-26T17:26:59+00:00
order_0000004129,cust_0528,312.00,2025-11-09T04:28:32+00:00
order_0000004130,cust_0261,552.99,2025-11-24T06:50:21+00:00
order_0000004131,cust_0612,907.19,2025-11-02T13:03:54+00:00
order_0000004132,cust_0724,1997.00,2025-11-30T09:12:41+00:00
order_0000004133,cust_0158,507.99,2025-11-12T08:54:12+00:00
order_0000004134,cust_0590,299.00,2025-11-04T07:40:33+00:00
order_0000004135,cust_0081,973.99,2025-11-03T07:34:40+00:00
order_0000004136,cust_0527,1331.00,2025-11-29T06:00:50+00:00
order_0000004137,cust_0795,363.99,2025-11-11T16:47:08+00:00
order_0000004138,cust_0243,699.00,2025-11-15T13:48:22+00:00
order_0000004139,cust_0290,715.62,2025-11-24T09:29:10+00:00
order_0000004140,cust_0726,2486.53,2025-11-03T11:56:28+00:00
order_0000004141,cust_0455,1690.20,2025-11-16T09:21:56+00:00
order_0000004142,cust_0575,810.13,2025-11-05T16:56:35+00:00
order_0000004143,cust_0195,810.00,2025-11-24T10:35:55+00:00
order_0000004144,cust_0459,187.44,2025-11-06T06:36:01+00:00
order_0000004145,cust_0395,1360.00,2025-11-21T16:47:21+00:00
order_0000004146,cust_0724,922.99,2025-11-23T04:38:12+00:00
order_0000004147,cust_0496,291.00,2025-11-13T20:05:57+00:00
order_0000004148,cust_0022,224.99,2025-11-16T06:33:03+00:00
order_0000004149,cust_0748,2291.99,2025-11-25T12:36:20+00:00
order_0000004150,cust_0061,142.67,2025-11-17T00:47:50+00:00
order_0000004151,cust_0761,300.96,2025-11-27T06:44:30+00:00
order_0000004152,cust_0164,2691.00,2025-11-14T08:16:16+00:00
order_0000004153,cust_0844,394.63,2025-11-17T07:08:06+00:00
order_0000004154,cust_0471,301.24,2025-11-01T09:23:05+00:00
order_0000004155,cust_0674,166.61,2025-11-02T07:55:29+00:00
order_0000004156,cust_0273,2130.47,2025-11-20T20:17:37+00:00
order_0000004157,cust_0285,15540.99,2025-11-04T11:38:47+00:00
order_0000004158,cust_0531,3156.19,2025-11-23T04:03:48+00:00
order_0000004159,cust_0343,2321.00,2025-11-11T03:19:41+00:00
order_0000004160,cust_0823,537.99,2025-11-27T12:25:18+00:00
order_0000004161,cust_0216,964.83,2025-11-18T05:20:05+00:00
order_0000004162,cust_0736,1992.00,2025-11-17T06:14:14+00:00
order_0000004163,cust_0203,1052.99,2025-11-28T09:20:10+00:00
order_0000004164,cust_0208,15135.12,2025-11-05T18:26:30+00:00
order_0000004165,cust_0171,652.57,2025-11-03T01:13:25+00:00
order_0000004166,cust_0721,921.45,2025-11-20T14:42:20+00:00
order_0000004167,cust_0382,614.05,2025-11-08T18:18:56+00:00
order_0000004168,cust_0642,3315.40,2025-11-08T12:21:34+00:00
order_0000004169,cust_0309,2354.92,2025-11-21T15:39:46+00:00
order_0000004170,cust_0142,462.78,2025-11-18T19:08:41+00:00
order_0000004171,cust_0752,326.30,2025-11-22T07:40:29+00:00
order_0000004172,cust_0300,1079.99,2025-11-04T16:07:43+00:00
order_0000004173,cust_0475,909.00,2025-11-30T13:14:20+00:00
order_0000004174,cust_0725,166.33,2025-11-18T04:25:07+00:00
order_0000004175,cust_0694,183.07,2025-11-05T03:32:54+00:00
order_0000004176,cust_0100,963.00,2025-11-15T08:46:58+00:00
order_0000004177,cust_0075,304.75,2025-11-22T14:36:00+00:00
order_0000004178,cust_0779,852.99,2025-11-26T15:03:24+00:00
order_0000004179,cust_0851,323.00,2025-11-29T14:08:47+00:00
order_0000004180,cust_0430,369.00,2025-11-27T12:48:30+00:00
order_0000004181,cust_0165,783.15,2025-11-10T09:00:34+00:00
order_0000004182,cust_0835,142.61,2025-11-26T07:56:47+00:00
order_0000004183,cust_0442,557.27,2025-11-14T14:53:23+00:00
order_0000004184,cust_0445,837.99,2025-11-01T20:03:32+00:00
order_0000004185,cust_0602,1213.35,2025-11-28T10:47:54+00:00
order_0000004186,cust_0325,1622.99,2025-11-28T10:23:02+00:00
order_0000004187,cust_0161,810.99,2025-11-05T17:08:33+00:00
order_0000004188,cust_0668,448.26,2025-11-20T14:51:10+00:00
order_0000004189,cust_0378,812.00,2025-11-03T16:37:15+00:00
order_0000004190,cust_0135,590.99,2025-11-10T18:07:41+00:00
order_0000004191,cust_0594,1597.00,2025-11-12T05:00:36+00:00
order_0000004192,cust_0830,178.77,2025-11-21T18:40:31+00:00
order_0000004193,cust_0595,402.99,2025-11-16T03:56:38+00:00
order_0000004194,cust_0542,272.25,2025-11-06T20:37:15+00:00
order_0000004195,cust_0505,259.59,2025-11-28T22:06:13+00:00
order_0000004196,cust_0689,385.00,2025-11-23T16:29:07+00:00
order_0000004197,cust_0526,489.00,2025-11-23T09:27:29+00:00
order_0000004198,cust_0172,257.00,2025-11-17T12:18:22+00:00
order_0000004199,cust_0851,361.61,2025-11-04T08:10:17+00:00
order_0000004200,cust_0568,831.00,2025-11-09T14:28:20+00:00
order_0000004201,cust_0386,761.34,2025-11-12T13:50:49+00:00
order_0000004202,cust_0055,264.13,2025-11-10T23:01:19+00:00
order_0000004203,cust_0741,702.40,2025-11-11T04:49:48+00:00
order_0000004204,cust_0660,1372.00,2025-11-24T15:38:05+00:00
order_0000004205,cust_0526,188.38,2025-11-28T07:18:20+00:00
order_0000004206,cust_0617,504.00,2025-11-08T05:34:33+00:00
order_0000004207,cust_0815,193.99,2025-11-20T10:08:15+00:00
order_0000004208,cust_0564,590.26,2025-11-13T20:42:52+00:00
order_0000004209,cust_0518,527.00,2025-11-20T11:49:29+00:00
order_0000004210,cust_0468,1033.99,2025-11-20T00:45:33+00:00
order_0000004211,cust_0388,9832.00,2025-11-06T08:36:32+00:00
order_0000004212,cust_0532,504.00,2025-11-08T07:32:28+00:00
order_0000004213,cust_0614,2344.00,2025-11-14T00:26:09+00:00
order_0000004214,cust_0692,220.89,2025-11-10T03:54:14+00:00
order_0000004215,cust_0509,235.99,2025-11-07T22:19:58+00:00
order_0000004216,cust_0109,458.37,2025-11-12T13:55:28+00:00
order_0000004217,cust_0379,700.00,2025-11-25T10:11:25+00:00
order_0000004218,cust_0259,1548.99,2025-11-06T20:23:25+00:00
order_0000004219,cust_0606,1865.04,2025-11-12T02:41:02+00:00
order_0000004220,cust_0099,8154.76,2025-11-19T17:48:41+00:00
order_0000004221,cust_0303,119.44,2025-11-17T08:41:55+00:00
order_0000004222,cust_0481,1068.15,2025-11-12T04:51:26+00:00
order_0000004223,cust_0051,1108.00,2025-11-04T01:32:27+00:00
order_0000004224,cust_0871,154.26,2025-11-04T16:27:36+00:00
order_0000004225,cust_0308,613.20,2025-11-13T16:00:31+00:00
order_0000004226,cust_0675,2218.11,2025-11-11T06:32:25+00:00
order_0000004227,cust_0043,352.22,2025-11-15T13:57:44+00:00
order_0000004228,cust_0549,242.53,2025-11-05T15:42:36+00:00
order_0000004229,cust_0345,381.92,2025-11-30T12:12:13+00:00
order_0000004230,cust_0267,882.27,2025-11-25T09:12:16+00:00
order_0000004231,cust_0791,1036.90,2025-11-06T13:19:11+00:00
order_0000004232,cust_0832,462.00,2025-11-30T13:35:49+00:00
order_0000004233,cust_0146,974.89,2025-11-25T22:08:20+00:00
order_0000004234,cust_0089,436.99,2025-11-03T16:51:24+00:00
order_0000004235,cust_0326,1295.00,2025-11-12T18:26:47+00:00
order_0000004236,cust_0200,14648.38,2025-11-18T23:58:49+00:00
order_0000004237,cust_0845,635.55,2025-11-10T14:31:34+00:00
order_0000004238,cust_0386,1149.00,2025-11-13T11:44:19+00:00
order_0000004239,cust_0783,383.00,2025-11-13T13:40:42+00:00
order_0000004240,cust_0317,1022.33,2025-11-28T08:36:07+00:00
order_0000004241,cust_0016,292.99,2025-11-10T08:43:29+00:00
order_0000004242,cust_0469,1837.74,2025-11-19T12:14:03+00:00
order_0000004243,cust_0137,673.99,2025-11-25T00:30:23+00:00
order_0000004244,cust_0661,647.00,2025-11-19T12:23:20+00:00
order_0000004245,cust_0198,742.32,2025-11-03T12:20:39+00:00
order_0000004246,cust_0801,134.48,2025-11-18T10:09:48+00:00
order_0000004247,cust_0397,611.00,2025-11-22T11:50:48+00:00
order_0000004248,cust_0642,1770.33,2025-11-29T03:57:46+00:00
order_0000004249,cust_0725,939.01,2025-11-06T15:25:17+00:00
order_0000004250,cust_0471,805.09,2025-11-05T14:42:08+00:00
order_0000004251,cust_0775,1591.99,2025-11-13T01:10:18+00:00
order_0000004252,cust_0735,121.87,2025-11-11T11:25:15+00:00
order_0000004253,cust_0198,170.42,2025-11-01T02:28:38+00:00
order_0000004254,cust_0146,102.82,2025-11-28T14:14:52+00:00
order_0000004255,cust_0834,427.99,2025-11-16T19:16:12+00:00
order_0000004256,cust_0645,375.80,2025-11-09T14:09:34+00:00
order_0000004257,cust_0466,112.87,2025-11-07T01:29:23+00:00
order_0000004258,cust_0310,1071.00,2025-11-17T10:44:32+00:00
order_0000004259,cust_0239,15590.29,2025-11-09T14:52:46+00:00
order_0000004260,cust_0416,1560.09,2025-11-27T13:35:22+00:00
order_0000004261,cust_0466,299.34,2025-11-11T15:29:18+00:00
order_0000004262,cust_0026,1026.62,2025-11-23T16:40:31+00:00
order_0000004263,cust_0706,208.99,2025-11-04T02:23:52+00:00
order_0000004264,cust_0516,152.99,2025-11-03T00:08:17+00:00
order_0000004265,cust_0421,2661.53,2025-11-14T10:24:15+00:00
order_0000004266,cust_0583,1096.13,2025-11-22T04:56:57+00:00
order_0000004267,cust_0689,295.79,2025-11-02T16:49:06+00:00
order_0000004268,cust_0176,1833.00,2025-11-29T16:10:02+00:00
order_0000004269,cust_0248,459.99,2025-11-25T11:55:17+00:00
order_0000004270,cust_0664,876.00,2025-11-14T17:08:16+00:00
order_0000004271,cust_0209,592.00,2025-11-02T16:34:07+00:00
order_0000004272,cust_0752,832.38,2025-11-02T17:36:46+00:00
order_0000004273,cust_0779,621.59,2025-11-16T12:11:50+00:00
order_0000004274,cust_0836,1142.83,2025-11-09T09:22:10+00:00
order_0000004275,cust_0288,627.55,2025-11-19T17:01:06+00:00
order_0000004276,cust_0778,623.87,2025-11-12T02:59:10+00:00
order_0000004277,cust_0059,721.59,2025-11-30T14:48:54+00:00
order_0000004278,cust_0720,436.02,2025-11-02T01:23:13+00:00
order_0000004279,cust_0375,929.31,2025-11-06T13:34:07+00:00
order_0000004280,cust_0878,894.00,2025-11-23T14:36:07+00:00
order_0000004281,cust_0010,135.29,2025-11-24T11:52:35+00:00
order_0000004282,cust_0325,837.00,2025-11-12T07:37:19+00:00
order_0000004283,cust_0188,362.85,2025-11-26T11:50:32+00:00
order_0000004284,cust_0804,797.24,2025-11-01T17:21:49+00:00
order_0000004285,cust_0119,1798.00,2025-11-01T15:21:32+00:00
order_0000004286,cust_0301,473.81,2025-11-29T18:21:57+00:00
order_0000004287,cust_0625,104.44,2025-11-21T11:31:40+00:00
order_0000004288,cust_0568,592.00,2025-11-17T17:12:31+00:00
order_0000004289,cust_0372,560.73,2025-11-27T03:56:56+00:00
order_0000004290,cust_0625,461.00,2025-11-17T16:13:09+00:00
order_0000004291,cust_0400,543.99,2025-11-27T17:15:54+00:00
order_0000004292,cust_0680,1809.00,2025-11-22T13:38:16+00:00
order_0000004293,cust_0506,524.85,2025-11-19T11:28:51+00:00
order_0000004294,cust_0570,441.60,2025-11-27T06:03:32+00:00
order_0000004295,cust_0736,1745.16,2025-11-01T13:49:52+00:00
order_0000004296,cust_0497,1582.85,2025-11-30T06:02:36+00:00
order_0000004297,cust_0167,1059.00,2025-11-20T03:20:45+00:00
order_0000004298,cust_0651,1038.36,2025-11-12T02:37:51+00:00
order_0000004299,cust_0581,516.12,2025-11-30T06:38:58+00:00
order_0000004300,cust_0193,3317.48,2025-11-09T20:50:14+00:00
order_0000004301,cust_0583,3452.00,2025-11-20T16:13:52+00:00
order_0000004302,cust_0617,2175.92,2025-11-11T10:50:42+00:00
order_0000004303,cust_0184,251.58,2025-11-13T12:47:35+00:00
order_0000004304,cust_0542,851.16,2025-11-10T02:17:17+00:00
order_0000004305,cust_0330,361.00,2025-11-28T05:05:11+00:00
order_0000004306,cust_0356,891.79,2025-11-24T11:43:00+00:00
order_0000004307,cust_0828,685.78,2025-11-15T06:48:36+00:00
order_0000004308,cust_0384,727.74,2025-11-03T01:06:53+00:00
order_0000004309,cust_0260,771.01,2025-11-07T01:53:53+00:00
order_0000004310,cust_0090,1031.67,2025-11-04T21:37:22+00:00
order_0000004311,cust_0136,904.27,2025-11-04T06:14:27+00:00
order_0000004312,cust_0101,191.26,2025-11-12T07:02:01+00:00
order_0000004313,cust_0365,886.72,2025-11-27T14:54:22+00:00
order_0000004314,cust_0665,678.99,2025-11-15T17:34:20+00:00
order_0000004315,cust_0137,3244.35,2025-11-25T04:08:54+00:00
order_0000004316,cust_0147,979.93,2025-11-07T16:19:42+00:00
order_0000004317,cust_0146,370.00,2025-11-25T18:28:06+00:00
order_0000004318,cust_0115,928.35,2025-11-13T02:08:46+00:00
order_0000004319,cust_0170,816.99,2025-11-18T21:51:32+00:00
order_0000004320,cust_0131,468.00,2025-11-27T17:47:08+00:00
order_0000004321,cust_0843,927.00,2025-11-25T23:21:16+00:00
order_0000004322,cust_0284,803.77,2025-11-28T07:11:15+00:00
order_0000004323,cust_0024,411.00,2025-11-02T07:53:12+00:00
order_0000004324,cust_0477,538.82,2025-11-12T01:30:19+00:00
order_0000004325,cust_0011,1933.00,2025-11-16T16:49:25+00:00
order_0000004326,cust_0076,249.11,2025-11-12T07:17:48+00:00
order_0000004327,cust_0735,2514.30,2025-11-02T12:55:37+00:00
order_0000004328,cust_0607,732.27,2025-11-01T09:33:08+00:00
order_0000004329,cust_0844,2950.00,2025-11-04T16:44:52+00:00
order_0000004330,cust_0045,835.99,2025-11-22T03:55:49+00:00
order_0000004331,cust_0140,9402.99,2025-11-10T16:35:52+00:00
order_0000004332,cust_0206,489.52,2025-11-01T19:51:47+00:00
order_0000004333,cust_0547,3521.50,2025-11-19T08:00:07+00:00
order_0000004334,cust_0446,2653.18,2025-11-29T15:20:34+00:00
order_0000004335,cust_0401,604.96,2025-11-24T12:20:21+00:00
order_0000004336,cust_0823,672.99,2025-11-25T19:11:16+00:00
order_0000004337,cust_0671,3398.00,2025-11-16T17:44:14+00:00
order_0000004338,cust_0510,1054.73,2025-11-06T01:28:44+00:00
order_0000004339,cust_0754,107.99,2025-11-13T08:44:59+00:00
order_0000004340,cust_0056,290.43,2025-11-10T11:36:21+00:00
order_0000004341,cust_0572,844.99,2025-11-15T09:44:05+00:00
order_0000004342,cust_0595,857.99,2025-11-15T21:20:03+00:00
order_0000004343,cust_0227,802.49,2025-11-21T10:53:54+00:00
order_0000004344,cust_0436,363.43,2025-11-23T08:11:48+00:00
order_0000004345,cust_0217,168.73,2025-11-08T14:05:33+00:00
order_0000004346,cust_0782,392.52,2025-11-09T17:58:49+00:00
order_0000004347,cust_0478,201.52,2025-11-01T00:26:10+00:00
order_0000004348,cust_0142,466.00,2025-11-23T05:39:42+00:00
order_0000004349,cust_0173,886.86,2025-11-30T17:13:55+00:00
order_0000004350,cust_0442,581.99,2025-11-11T13:26:57+00:00
order_0000004351,cust_0472,484.68,2025-11-09T02:10:36+00:00
order_0000004352,cust_0236,523.00,2025-11-21T09:00:17+00:00
order_0000004353,cust_0514,454.00,2025-11-30T09:24:14+00:00
order_0000004354,cust_0658,971.31,2025-11-12T18:04:40+00:00
order_0000004355,cust_0696,1536.99,2025-11-26T15:41:45+00:00
order_0000004356,cust_0443,390.36,2025-11-01T09:16:20+00:00
order_0000004357,cust_0702,3166.14,2025-11-12T01:58:29+00:00
order_0000004358,cust_0517,2047.92,2025-11-24T01:54:35+00:00
order_0000004359,cust_0168,104.00,2025-11-06T10:09:18+00:00
order_0000004360,cust_0174,2395.00,2025-11-05T16:46:08+00:00
order_0000004361,cust_0072,124.99,2025-11-11T05:12:33+00:00
order_0000004362,cust_0674,813.10,2025-11-04T17:25:22+00:00
order_0000004363,cust_0584,1890.46,2025-11-18T10:27:25+00:00
order_0000004364,cust_0731,782.41,2025-11-14T07:23:33+00:00
order_0000004365,cust_0856,561.80,2025-11-03T01:22:24+00:00
order_0000004366,cust_0712,181.99,2025-11-13T02:00:05+00:00
order_0000004367,cust_0888,901.51,2025-11-29T10:43:47+00:00
order_0000004368,cust_0759,692.68,2025-11-05T04:49:53+00:00
order_0000004369,cust_0314,915.00,2025-11-26T17:10:40+00:00
order_0000004370,cust_0679,895.00,2025-11-26T15:35:19+00:00
order_0000004371,cust_0313,1672.59,2025-11-22T07:53:49+00:00
order_0000004372,cust_0056,399.22,2025-11-07T15:47:33+00:00
order_0000004373,cust_0866,285.99,2025-11-17T08:30:44+00:00
order_0000004374,cust_0020,420.16,2025-11-06T17:44:40+00:00
order_0000004375,cust_0809,17489.82,2025-11-09T11:54:03+00:00
order_0000004376,cust_0370,499.74,2025-11-24T04:19:03+00:00
order_0000004377,cust_0192,3045.26,2025-11-24T03:17:14+00:00
order_0000004378,cust_0628,9159.90,2025-11-15T18:07:53+00:00
order_0000004379,cust_0753,928.00,2025-11-25T10:00:17+00:00
order_0000004380,cust_0627,368.99,2025-11-04T13:45:28+00:00
order_0000004381,cust_0227,193.01,2025-11-07T15:21:45+00:00
order_0000004382,cust_0041,767.19,2025-11-09T00:42:14+00:00
order_0000004383,cust_0827,777.00,2025-11-12T04:22:05+00:00
order_0000004384,cust_0705,534.99,2025-11-06T10:59:51+00:00
order_0000004385,cust_0418,3103.00,2025-11-11T09:37:38+00:00
order_0000004386,cust_0591,931.99,2025-11-07T13:13:13+00:00
order_0000004387,cust_0282,189.00,2025-11-29T11:59:16+00:00
order_0000004388,cust_0621,892.65,2025-11-14T09:03:10+00:00
order_0000004389,cust_0162,8534.51,2025-11-22T16:00:49+00:00
order_0000004390,cust_0883,412.00,2025-11-26T06:36:44+00:00
order_0000004391,cust_0155,752.82,2025-11-22T16:38:52+00:00
order_0000004392,cust_0152,1243.14,2025-11-07T09:30:02+00:00
order_0000004393,cust_0532,411.00,2025-11-17T08:30:30+00:00
order_0000004394,cust_0507,826.00,2025-11-10T12:35:11+00:00
order_0000004395,cust_0144,710.00,2025-11-09T08:44:03+00:00
order_0000004396,cust_0234,170.00,2025-11-02T07:57:19+00:00
order_0000004397,cust_0810,679.02,2025-11-23T06:10:39+00:00
order_0000004398,cust_0056,5145.00,2025-11-25T12:23:48+00:00
order_0000004399,cust_0432,161.00,2025-11-06T08:41:03+00:00
order_0000004400,cust_0487,200.99,2025-11-13T17:57:10+00:00
order_0000004401,cust_0676,655.00,2025-11-25T19:57:41+00:00
order_0000004402,cust_0098,6425.36,2025-11-08T00:01:41+00:00
order_0000004403,cust_0658,510.67,2025-11-01T14:29:02+00:00
order_0000004404,cust_0046,686.10,2025-11-07T15:39:41+00:00
order_0000004405,cust_0421,1874.10,2025-11-13T04:09:47+00:00
order_0000004406,cust_0140,146.31,2025-11-19T05:07:43+00:00
order_0000004407,cust_0264,999.00,2025-11-24T08:19:00+00:00
order_0000004408,cust_0203,211.00,2025-11-10T07:47:49+00:00
order_0000004409,cust_0650,297.00,2025-11-10T05:53:59+00:00
order_0000004410,cust_0683,562.99,2025-11-12T18:08:38+00:00
order_0000004411,cust_0454,500.00,2025-11-14T00:59:37+00:00
order_0000004412,cust_0441,796.99,2025-11-26T11:36:41+00:00
order_0000004413,cust_0138,691.10,2025-11-05T08:48:03+00:00
order_0000004414,cust_0583,628.60,2025-11-25T10:37:55+00:00
order_0000004415,cust_0117,736.00,2025-11-30T17:29:10+00:00
order_0000004416,cust_0686,310.00,2025-11-24T13:59:32+00:00
order_0000004417,cust_0458,586.18,2025-11-20T08:34:18+00:00
order_0000004418,cust_0370,756.21,2025-11-19T07:38:20+00:00
order_0000004419,cust_0595,596.52,2025-11-11T08:08:50+00:00
order_0000004420,cust_0565,1495.00,2025-11-11T12:15:30+00:00
order_0000004421,cust_0620,994.00,2025-11-10T02:31:25+00:00
order_0000004422,cust_0680,1074.79,2025-11-29T12:23:00+00:00
order_0000004423,cust_0014,963.48,2025-11-13T15:59:24+00:00
order_0000004424,cust_0843,828.00,2025-11-05T10:28:13+00:00
order_0000004425,cust_0867,815.90,2025-11-16T05:02:09+00:00
order_0000004426,cust_0650,626.99,2025-11-20T05:30:35+00:00
order_0000004427,cust_0800,438.00,2025-11-11T12:57:11+00:00
order_0000004428,cust_0619,2417.00,2025-11-05T17:19:35+00:00
order_0000004429,cust_0035,958.25,2025-11-25T02:33:24+00:00
order_0000004430,cust_0355,562.25,2025-11-02T05:26:32+00:00
order_0000004431,cust_0530,601.06,2025-11-09T12:09:04+00:00
order_0000004432,cust_0079,683.00,2025-11-10T12:37:40+00:00
order_0000004433,cust_0799,1307.27,2025-11-15T12:05:29+00:00
order_0000004434,cust_0018,116.69,2025-11-26T00:46:12+00:00
order_0000004435,cust_0421,510.99,2025-11-13T11:45:59+00:00
order_0000004436,cust_0226,561.02,2025-11-22T07:08:44+00:00
order_0000004437,cust_0381,501.00,2025-11-02T15:43:01+00:00
order_0000004438,cust_0719,615.99,2025-11-06T15:54:51+00:00
order_0000004439,cust_0242,445.93,2025-11-12T02:37:44+00:00
order_0000004440,cust_0657,692.32,2025-11-13T21:24:16+00:00
order_0000004441,cust_0299,595.99,2025-11-06T06:27:36+00:00
order_0000004442,cust_0218,1432.12,2025-11-23T12:57:36+00:00
order_0000004443,cust_0713,1056.00,2025-11-03T08:33:16+00:00
order_0000004444,cust_0026,422.00,2025-11-11T06:25:29+00:00
order_0000004445,cust_0162,923.96,2025-11-15T14:25:14+00:00
order_0000004446,cust_0018,586.00,2025-11-26T12:36:40+00:00
order_0000004447,cust_0437,1078.46,2025-11-07T03:28:08+00:00
order_0000004448,cust_0126,7298.83,2025-11-03T02:46:54+00:00
order_0000004449,cust_0125,3251.00,2025-11-02T15:26:42+00:00
order_0000004450,cust_0310,2273.00,2025-11-21T10:50:09+00:00
order_0000004451,cust_0296,1080.00,2025-11-26T02:31:11+00:00
order_0000004452,cust_0845,8735.35,2025-11-09T08:11:28+00:00
order_0000004453,cust_0563,3027.00,2025-11-29T23:17:25+00:00
order_0000004454,cust_0361,1437.15,2025-11-19T15:16:34+00:00
order_0000004455,cust_0093,451.20,2025-11-29T22:44:21+00:00
order_0000004456,cust_0871,860.18,2025-11-24T00:36:50+00:00
order_0000004457,cust_0088,409.00,2025-11-18T02:58:39+00:00
order_0000004458,cust_0679,635.00,2025-11-20T14:32:49+00:00
order_0000004459,cust_0443,598.33,2025-11-27T16:00:16+00:00
order_0000004460,cust_0264,585.90,2025-11-25T12:59:15+00:00
order_0000004461,cust_0627,833.96,2025-11-26T17:41:22+00:00
order_0000004462,cust_0377,775.79,2025-11-12T06:41:36+00:00
order_0000004463,cust_0878,2303.12,2025-11-09T03:05:11+00:00
order_0000004464,cust_0461,137.00,2025-11-03T21:21:30+00:00
order_0000004465,cust_0758,1495.99,2025-11-14T06:54:46+00:00
order_0000004466,cust_0794,941.15,2025-11-06T13:03:31+00:00
order_0000004467,cust_0485,768.46,2025-11-30T03:32:19+00:00
order_0000004468,cust_0008,216.00,2025-11-09T15:56:28+00:00
order_0000004469,cust_0499,427.00,2025-11-21T22:35:10+00:00
order_0000004470,cust_0893,1658.99,2025-11-10T05:57:17+00:00
order_0000004471,cust_0038,870.09,2025-11-19T17:09:43+00:00
order_0000004472,cust_0086,1590.04,2025-11-28T21:48:59+00:00
order_0000004473,cust_0643,1796.99,2025-11-14T13:13:36+00:00
order_0000004474,cust_0533,1826.00,2025-11-03T10:18:42+00:00
order_0000004475,cust_0182,391.85,2025-11-03T00:48:04+00:00
order_0000004476,cust_0852,3543.91,2025-11-14T07:30:50+00:00
order_0000004477,cust_0464,396.30,2025-11-10T11:25:16+00:00
order_0000004478,cust_0489,911.99,2025-11-20T12:08:26+00:00
order_0000004479,cust_0672,886.99,2025-11-09T10:27:00+00:00
order_0000004480,cust_0840,438.00,2025-11-06T18:06:19+00:00
order_0000004481,cust_0273,166.29,2025-11-06T11:56:04+00:00
order_0000004482,cust_0374,653.96,2025-11-10T01:28:18+00:00
order_0000004483,cust_0805,1071.00,2025-11-20T14:45:29+00:00
order_0000004484,cust_0618,240.56,2025-11-06T00:56:20+00:00
order_0000004485,cust_0319,1989.99,2025-11-08T09:10:46+00:00
order_0000004486,cust_0041,567.77,2025-11-24T02:09:40+00:00
order_0000004487,cust_0628,986.99,2025-11-26T19:50:34+00:00
order_0000004488,cust_0768,596.69,2025-11-15T02:07:08+00:00
order_0000004489,cust_0516,734.00,2025-11-07T08:39:38+00:00
order_0000004490,cust_0699,3242.39,2025-11-07T14:11:24+00:00
order_0000004491,cust_0600,1026.00,2025-11-28T06:45:46+00:00
order_0000004492,cust_0167,199.22,2025-11-12T16:59:01+00:00
order_0000004493,cust_0347,147.61,2025-11-08T21:54:28+00:00
order_0000004494,cust_0190,2757.63,2025-11-26T12:32:44+00:00
order_0000004495,cust_0563,492.14,2025-11-08T02:17:25+00:00
order_0000004496,cust_0125,3476.00,2025-11-10T07:34:20+00:00
order_0000004497,cust_0712,627.00,2025-11-29T05:19:30+00:00
order_0000004498,cust_0411,118.08,2025-11-28T04:12:05+00:00
order_0000004499,cust_0484,1768.99,2025-11-14T15:44:41+00:00
order_0000004500,cust_0600,2297.00,2025-11-12T02:48:17+00:00
order_0000004501,cust_0606,831.00,2025-11-03T09:55:41+00:00
order_0000004502,cust_0045,230.36,2025-11-18T11:14:23+00:00
order_0000004503,cust_0297,541.92,2025-11-22T16:31:07+00:00
order_0000004504,cust_0838,252.05,2025-11-07T02:16:07+00:00
order_0000004505,cust_0313,269.60,2025-11-09T10:23:04+00:00
order_0000004506,cust_0854,633.83,2025-11-09T16:14:04+00:00
order_0000004507,cust_0139,201.99,2025-11-04T15:31:48+00:00
order_0000004508,cust_0699,981.21,2025-11-08T19:39:02+00:00
order_0000004509,cust_0180,1062.74,2025-11-07T11:56:17+00:00
order_0000004510,cust_0319,2251.77,2025-11-03T05:37:40+00:00
order_0000004511,cust_0675,444.00,2025-11-25T03:57:10+00:00
order_0000004512,cust_0679,708.99,2025-11-27T09:22:15+00:00
order_0000004513,cust_0107,1705.99,2025-11-02T11:34:57+00:00
order_0000004514,cust_0886,847.08,2025-11-10T18:22:01+00:00
order_0000004515,cust_0679,349.17,2025-11-23T05:36:38+00:00
order_0000004516,cust_0862,450.00,2025-11-11T13:58:11+00:00
order_0000004517,cust_0219,1906.09,2025-11-10T21:10:31+00:00
order_0000004518,cust_0567,934.45,2025-11-21T06:30:16+00:00
order_0000004519,cust_0261,232.91,2025-11-27T18:13:24+00:00
order_0000004520,cust_0630,292.99,2025-11-19T04:46:32+00:00
order_0000004521,cust_0081,840.40,2025-11-29T09:59:44+00:00
order_0000004522,cust_0286,424.98,2025-11-07T06:29:40+00:00
order_0000004523,cust_0877,890.90,2025-11-26T12:02:48+00:00
order_0000004524,cust_0338,511.00,2025-11-29T15:45:55+00:00
order_0000004525,cust_0838,432.73,2025-11-29T17:20:25+00:00
order_0000004526,cust_0029,1494.00,2025-11-25T06:42:11+00:00
order_0000004527,cust_0698,2731.99,2025-11-23T16:25:36+00:00
order_0000004528,cust_0876,1884.04,2025-11-08T09:49:59+00:00
order_0000004529,cust_0102,1344.00,2025-11-17T08:08:08+00:00
order_0000004530,cust_0549,939.83,2025-11-27T18:10:40+00:00
order_0000004531,cust_0255,5081.00,2025-11-04T08:36:32+00:00
order_0000004532,cust_0293,522.00,2025-11-22T04:36:14+00:00
order_0000004533,cust_0030,2464.56,2025-11-01T11:31:55+00:00
order_0000004534,cust_0599,814.00,2025-11-27T18:04:58+00:00
order_0000004535,cust_0792,9009.00,2025-11-22T05:16:10+00:00
order_0000004536,cust_0634,872.00,2025-11-07T12:50:01+00:00
order_0000004537,cust_0788,354.97,2025-11-05T11:16:17+00:00
order_0000004538,cust_0444,1439.00,2025-11-11T09:53:34+00:00
order_0000004539,cust_0157,850.00,2025-11-08T15:28:43+00:00
order_0000004540,cust_0318,718.00,2025-11-24T04:09:21+00:00
order_0000004541,cust_0686,353.99,2025-11-01T10:07:41+00:00
order_0000004542,cust_0610,932.34,2025-11-16T14:48:16+00:00
order_0000004543,cust_0689,677.19,2025-11-16T17:14:53+00:00
order_0000004544,cust_0369,487.96,2025-11-24T08:05:59+00:00
order_0000004545,cust_0732,616.58,2025-11-12T16:06:48+00:00
order_0000004546,cust_0710,599.49,2025-11-10T08:07:55+00:00
order_0000004547,cust_0441,680.00,2025-11-21T13:43:43+00:00
order_0000004548,cust_0223,501.00,2025-11-15T06:58:53+00:00
order_0000004549,cust_0552,712.00,2025-11-06T11:53:35+00:00
order_0000004550,cust_0355,655.99,2025-11-12T18:09:44+00:00
order_0000004551,cust_0062,674.01,2025-11-08T11:26:00+00:00
order_0000004552,cust_0542,3508.83,2025-11-14T02:28:44+00:00
order_0000004553,cust_0459,240.00,2025-11-12T14:55:41+00:00
order_0000004554,cust_0753,1013.99,2025-11-11T17:02:12+00:00
order_0000004555,cust_0172,1901.99,2025-11-17T19:34:48+00:00
order_0000004556,cust_0686,662.00,2025-11-02T13:24:53+00:00
order_0000004557,cust_0405,1069.12,2025-11-29T18:08:03+00:00
order_0000004558,cust_0801,498.00,2025-11-25T04:46:41+00:00
order_0000004559,cust_0061,634.00,2025-11-29T12:28:27+00:00
order_0000004560,cust_0868,1079.13,2025-11-23T14:54:07+00:00
order_0000004561,cust_0278,776.28,2025-11-14T21:19:17+00:00
order_0000004562,cust_0562,1188.26,2025-11-09T13:18:46+00:00
order_0000004563,cust_0809,1053.00,2025-11-10T10:38:55+00:00
order_0000004564,cust_0480,778.19,2025-11-08T14:16:00+00:00
order_0000004565,cust_0671,2768.00,2025-11-20T19:25:51+00:00
order_0000004566,cust_0184,928.50,2025-11-27T15:07:09+00:00
order_0000004567,cust_0766,755.15,2025-11-16T11:04:36+00:00
order_0000004568,cust_0245,3083.00,2025-11-09T02:44:43+00:00
order_0000004569,cust_0138,12866.26,2025-11-30T09:54:39+00:00
order_0000004570,cust_0810,693.99,2025-11-30T11:51:21+00:00
order_0000004571,cust_0836,2835.00,2025-11-14T03:17:48+00:00
order_0000004572,cust_0574,1126.55,2025-11-17T14:20:12+00:00
order_0000004573,cust_0511,864.00,2025-11-21T15:43:26+00:00
order_0000004574,cust_0107,361.50,2025-11-12T00:36:51+00:00
order_0000004575,cust_0820,663.93,2025-11-06T16:05:28+00:00
order_0000004576,cust_0381,365.99,2025-11-22T20:39:55+00:00
order_0000004577,cust_0357,883.00,2025-11-23T13:09:45+00:00
order_0000004578,cust_0311,6064.25,2025-11-19T13:21:18+00:00
order_0000004579,cust_0460,374.31,2025-11-11T11:09:38+00:00
order_0000004580,cust_0101,920.77,2025-11-14T06:43:14+00:00
order_0000004581,cust_0013,346.80,2025-11-22T03:42:37+00:00
order_0000004582,cust_0789,1034.61,2025-11-23T10:22:31+00:00
order_0000004583,cust_0813,981.00,2025-11-23T13:02:37+00:00
order_0000004584,cust_0563,114.00,2025-11-08T04:09:16+00:00
order_0000004585,cust_0676,807.45,2025-11-02T09:11:50+00:00
order_0000004586,cust_0418,359.00,2025-11-03T10:58:28+00:00
order_0000004587,cust_0592,3031.81,2025-11-06T08:51:14+00:00
order_0000004588,cust_0667,232.59,2025-11-23T21:10:59+00:00
order_0000004589,cust_0715,507.00,2025-11-12T01:20:22+00:00
order_0000004590,cust_0449,11507.99,2025-11-02T01:19:29+00:00
order_0000004591,cust_0388,168.00,2025-11-03T00:51:13+00:00
order_0000004592,cust_0674,726.99,2025-11-09T10:22:16+00:00
order_0000004593,cust_0438,280.77,2025-11-27T13:37:26+00:00
order_0000004594,cust_0286,908.00,2025-11-15T12:40:43+00:00
order_0000004595,cust_0554,361.00,2025-11-24T13:09:36+00:00
order_0000004596,cust_0574,385.15,2025-11-27T08:16:49+00:00
order_0000004597,cust_0776,951.99,2025-11-25T16:36:43+00:00
order_0000004598,cust_0367,1887.99,2025-11-19T05:56:01+00:00
order_0000004599,cust_0664,769.00,2025-11-01T04:05:54+00:00
order_0000004600,cust_0230,11940.55,2025-11-02T16:26:04+00:00
order_0000004601,cust_0777,909.29,2025-11-15T12:27:59+00:00
order_0000004602,cust_0570,909.29,2025-11-15T12:27:59+00:00
order_0000004603,cust_0239,281.79,2025-11-04T00:27:59+00:00
order_0000004604,cust_0375,281.79,2025-11-04T00:27:59+00:00
order_0000004605,cust_0356,209.00,2025-11-08T00:27:59+00:00
order_0000004606,cust_0177,209.00,2025-11-08T00:27:59+00:00
order_0000004607,cust_0116,641.17,2025-11-21T12:27:59+00:00
order_0000004608,cust_0824,641.17,2025-11-21T12:27:59+00:00
order_0000004609,cust_0212,502.00,2025-11-05T12:27:59+00:00
order_0000004610,cust_0802,502.00,2025-11-05T12:27:59+00:00
order_0000004611,cust_0199,1056.00,2025-11-03T12:27:59+00:00
order_0000004612,cust_0059,1056.00,2025-11-03T12:27:59+00:00
