payment_id,order_id,amount,method,status,created_at_ist
pay_00000000000001,order_0000000001,436.66,upi,captured,2025-11-15T14:47:11+05:30
pay_00000000000002,order_0000000002,1967.00,card,captured,2025-11-24T19:14:28+05:30
pay_00000000000003,order_0000000003,736.00,upi,captured,2025-11-28T19:51:48+05:30
pay_00000000000004,order_0000000004,313.00,wallet,captured,2025-11-30T08:12:29+05:30
pay_00000000000005,order_0000000005,669.99,upi,captured,2025-11-12T08:13:11+05:30
pay_00000000000006,order_0000000006,14121.92,upi,captured,2025-11-07T20:16:49+05:30
pay_00000000000007,order_0000000007,873.79,upi,captured,2025-11-22T19:58:21+05:30
pay_00000000000008,order_0000000008,725.22,upi,captured,2025-11-22T12:27:40+05:30
pay_00000000000009,order_0000000009,348.75,netbanking,captured,2025-11-17T14:23:05+05:30
pay_00000000000010,order_0000000010,909.00,card,captured,2025-11-10T20:52:18+05:30
pay_00000000000011,order_0000000011,561.99,card,captured,2025-11-19T16:49:17+05:30
pay_00000000000012,order_0000000012,3131.80,upi,captured,2025-11-22T13:25:05+05:30
pay_00000000000013,order_0000000013,398.99,upi,captured,2025-11-29T06:11:48+05:30
pay_00000000000014,order_0000000014,2208.59,upi,captured,2025-11-03T10:09:40+05:30
pay_00000000000015,order_0000000015,332.99,wallet,captured,2025-11-12T13:26:39+05:30
pay_00000000000016,order_0000000016,587.00,wallet,captured,2025-11-04T11:36:14+05:30
pay_00000000000017,order_0000000017,333.88,card,captured,2025-11-22T07:02:20+05:30
pay_00000000000018,order_0000000018,1212.99,card,captured,2025-11-22T14:11:44+05:30
pay_00000000000019,order_0000000019,566.00,upi,failed,2025-11-24T13:19:23+05:30
pay_00000000000020,order_0000000020,440.94,card,captured,2025-11-06T11:56:58+05:30
pay_00000000000021,order_0000000021,578.99,upi,captured,2025-11-08T19:06:31+05:30
pay_00000000000022,order_0000000022,471.73,card,captured,2025-11-26T21:10:34+05:30
pay_00000000000023,order_0000000023,923.25,card,failed,2025-11-12T12:16:05+05:30
pay_00000000000024,order_0000000024,1896.00,card,captured,2025-11-08T09:30:17+05:30
pay_00000000000025,order_0000000025,819.33,card,captured,2025-11-13T11:27:46+05:30
pay_00000000000026,order_0000000026,629.00,upi,captured,2025-11-18T19:15:09+05:30
pay_00000000000027,order_0000000027,191.99,upi,captured,2025-11-13T03:15:11+05:30
pay_00000000000028,order_0000000028,803.70,upi,captured,2025-11-12T09:21:52+05:30
pay_00000000000029,order_0000000029,248.40,upi,captured,2025-11-05T14:24:56+05:30
pay_00000000000030,order_0000000030,837.08,upi,captured,2025-11-01T21:28:00+05:30
pay_00000000000031,order_0000000031,167.79,upi,captured,2025-11-23T23:02:14+05:30
pay_00000000000032,order_0000000032,434.13,wallet,captured,2025-11-03T15:22:13+05:30
pay_00000000000033,order_0000000033,783.00,upi,captured,2025-11-01T08:37:15+05:30
pay_00000000000034,order_0000000034,339.98,wallet,captured,2025-11-27T09:02:02+05:30
pay_00000000000035,order_0000000035,819.84,upi,captured,2025-11-10T19:18:56+05:30
pay_00000000000036,order_0000000036,269.10,card,captured,2025-11-21T23:55:24+05:30
pay_00000000000037,order_0000000037,821.34,netbanking,captured,2025-11-08T15:18:58+05:30
pay_00000000000038,order_0000000038,1567.72,card,captured,2025-11-02T01:22:37+05:30
pay_00000000000039,order_0000000039,1012.00,wallet,failed,2025-11-23T15:55:46+05:30
pay_00000000000040,order_0000000040,3318.99,upi,captured,2025-11-28T14:20:21+05:30
pay_00000000000041,order_0000000041,315.32,wallet,captured,2025-11-25T14:15:10+05:30
pay_00000000000042,order_0000000042,580.99,upi,captured,2025-11-19T10:32:41+05:30
pay_00000000000043,order_0000000043,7970.00,card,captured,2025-11-02T04:58:24+05:30
pay_00000000000044,order_0000000044,779.21,netbanking,captured,2025-11-15T20:49:03+05:30
pay_00000000000045,order_0000000045,1024.67,upi,captured,2025-11-17T13:30:02+05:30
pay_00000000000046,order_0000000046,401.30,card,captured,2025-11-08T09:50:50+05:30
pay_00000000000047,order_0000000047,2945.00,card,captured,2025-11-07T16:15:45+05:30
pay_00000000000048,order_0000000048,284.00,card,captured,2025-11-09T20:30:05+05:30
pay_00000000000049,order_0000000049,985.99,card,captured,2025-11-22T16:08:01+05:30
pay_00000000000050,order_0000000050,16580.53,wallet,captured,2025-11-05T01:34:26+05:30
pay_00000000000051,order_0000000051,799.99,wallet,captured,2025-11-24T13:58:30+05:30
pay_00000000000052,order_0000000052,121.23,netbanking,captured,2025-11-16T10:33:57+05:30
pay_00000000000053,order_0000000053,662.00,upi,captured,2025-11-23T19:17:11+05:30
pay_00000000000054,order_0000000054,3545.55,upi,captured,2025-11-10T00:18:08+05:30
pay_00000000000055,order_0000000055,450.00,netbanking,captured,2025-11-12T12:09:30+05:30
pay_00000000000056,order_0000000056,840.89,card,captured,2025-11-06T23:51:01+05:30
pay_00000000000057,order_0000000057,3430.29,card,failed,2025-11-22T21:25:55+05:30
pay_00000000000058,order_0000000058,1288.00,upi,captured,2025-11-28T15:58:03+05:30
pay_00000000000059,order_0000000059,245.95,wallet,captured,2025-11-03T20:15:55+05:30
pay_00000000000060,order_0000000060,963.98,wallet,captured,2025-11-29T12:06:45+05:30
pay_00000000000061,order_0000000061,566.00,upi,captured,2025-11-20T23:26:46+05:30
pay_00000000000062,order_0000000062,487.15,card,captured,2025-11-02T04:21:18+05:30
pay_00000000000063,order_0000000063,106.12,upi,captured,2025-11-08T13:20:46+05:30
pay_00000000000064,order_0000000064,993.00,wallet,captured,2025-11-02T13:45:24+05:30
pay_00000000000065,order_0000000065,773.00,upi,captured,2025-11-09T11:19:11+05:30
pay_00000000000066,order_0000000066,263.77,wallet,captured,2025-11-15T04:34:09+05:30
pay_00000000000067,order_0000000067,914.99,upi,captured,2025-11-10T20:35:52+05:30
pay_00000000000068,order_0000000068,1668.93,upi,captured,2025-11-21T10:48:50+05:30
pay_00000000000069,order_0000000069,1057.00,wallet,captured,2025-11-12T19:09:00+05:30
pay_00000000000070,order_0000000070,1025.99,upi,captured,2025-11-30T19:54:25+05:30
pay_00000000000071,order_0000000071,2291.00,upi,captured,2025-11-17T15:23:07+05:30
pay_00000000000072,order_0000000072,1040.00,card,captured,2025-11-13T13:32:49+05:30
pay_00000000000073,order_0000000073,1025.99,upi,captured,2025-11-20T20:01:24+05:30
pay_00000000000074,order_0000000074,205.00,upi,captured,2025-11-28T19:18:59+05:30
pay_00000000000075,order_0000000075,1073.00,card,captured,2025-11-13T14:38:06+05:30
pay_00000000000076,order_0000000076,2840.00,wallet,captured,2025-11-23T18:28:58+05:30
pay_00000000000077,order_0000000077,695.25,upi,captured,2025-11-01T08:04:48+05:30
pay_00000000000078,order_0000000078,381.00,netbanking,captured,2025-11-28T20:51:23+05:30
pay_00000000000079,order_0000000079,574.25,upi,failed,2025-11-13T16:53:41+05:30
pay_00000000000080,order_0000000080,902.42,card,captured,2025-11-17T23:03:03+05:30
pay_00000000000081,order_0000000081,801.00,card,captured,2025-11-10T07:58:23+05:30
pay_00000000000082,order_0000000082,767.40,wallet,captured,2025-11-12T18:47:35+05:30
pay_00000000000083,order_0000000083,324.99,upi,captured,2025-11-03T11:08:20+05:30
pay_00000000000084,order_0000000084,1589.85,upi,captured,2025-11-23T21:35:28+05:30
pay_00000000000085,order_0000000085,1044.08,upi,captured,2025-11-19T18:36:42+05:30
pay_00000000000086,order_0000000086,508.60,upi,captured,2025-11-22T08:44:57+05:30
pay_00000000000087,order_0000000087,479.99,upi,captured,2025-11-09T18:43:45+05:30
pay_00000000000088,order_0000000088,445.00,netbanking,captured,2025-11-12T23:38:23+05:30
pay_00000000000089,order_0000000089,507.00,wallet,captured,2025-11-13T17:56:38+05:30
pay_00000000000090,order_0000000090,500.00,upi,captured,2025-11-19T12:09:00+05:30
pay_00000000000091,order_0000000091,1005.80,upi,captured,2025-11-10T17:25:48+05:30
pay_00000000000092,order_0000000092,444.00,netbanking,failed,2025-11-13T22:36:35+05:30
pay_00000000000093,order_0000000093,13480.00,upi,captured,2025-11-04T15:06:29+05:30
pay_00000000000094,order_0000000094,250.99,upi,captured,2025-11-04T07:41:52+05:30
pay_00000000000095,order_0000000095,841.00,card,captured,2025-11-05T07:38:22+05:30
pay_00000000000096,order_0000000096,11757.45,upi,captured,2025-11-27T11:11:56+05:30
pay_00000000000097,order_0000000097,924.50,card,captured,2025-11-20T23:09:31+05:30
pay_00000000000098,order_0000000098,547.00,wallet,captured,2025-11-18T20:13:56+05:30
pay_00000000000099,order_0000000099,1002.58,upi,captured,2025-11-23T15:26:04+05:30
pay_00000000000100,order_0000000100,762.00,card,captured,2025-11-14T22:27:57+05:30
pay_00000000000101,order_0000000101,439.02,upi,captured,2025-11-10T22:16:36+05:30
pay_00000000000102,order_0000000102,2343.83,upi,captured,2025-11-04T00:08:11+05:30
pay_00000000000103,order_0000000103,856.85,upi,captured,2025-11-26T09:09:53+05:30
pay_00000000000104,order_0000000104,697.00,upi,captured,2025-11-24T14:51:28+05:30
pay_00000000000105,order_0000000105,874.99,upi,captured,2025-11-14T02:45:48+05:30
pay_00000000000106,order_0000000106,346.00,upi,captured,2025-11-17T17:26:39+05:30
pay_00000000000107,order_0000000107,1054.00,upi,captured,2025-11-04T21:21:39+05:30
pay_00000000000108,order_0000000108,640.00,upi,captured,2025-11-18T22:52:40+05:30
pay_00000000000109,order_0000000109,742.18,card,captured,2025-11-28T21:12:33+05:30
pay_00000000000110,order_0000000110,357.38,upi,captured,2025-11-16T11:16:02+05:30
pay_00000000000111,order_0000000111,552.00,upi,captured,2025-11-04T09:55:24+05:30
pay_00000000000112,order_0000000112,1063.33,upi,captured,2025-11-06T23:15:26+05:30
pay_00000000000113,order_0000000113,561.70,upi,captured,2025-11-09T03:28:42+05:30
pay_00000000000114,order_0000000114,600.30,upi,captured,2025-11-11T12:23:20+05:30
pay_00000000000115,order_0000000115,647.51,card,captured,2025-11-25T11:31:37+05:30
pay_00000000000116,order_0000000116,641.17,card,captured,2025-11-21T14:25:57+05:30
pay_00000000000117,order_0000000117,653.95,upi,captured,2025-11-11T16:22:43+05:30
pay_00000000000118,order_0000000118,382.99,upi,captured,2025-11-24T22:04:45+05:30
pay_00000000000119,order_0000000119,1035.99,upi,captured,2025-11-19T05:07:20+05:30
pay_00000000000120,order_0000000120,507.42,upi,captured,2025-11-13T13:46:55+05:30
pay_00000000000121,order_0000000121,993.20,upi,captured,2025-11-08T22:19:57+05:30
pay_00000000000122,order_0000000122,2094.18,upi,captured,2025-11-19T16:27:13+05:30
pay_00000000000123,order_0000000123,932.00,upi,captured,2025-11-29T17:07:38+05:30
pay_00000000000124,order_0000000124,928.00,netbanking,captured,2025-11-04T01:55:40+05:30
pay_00000000000125,order_0000000125,721.10,upi,captured,2025-11-26T12:49:27+05:30
pay_00000000000126,order_0000000126,3206.00,upi,captured,2025-11-14T21:42:05+05:30
pay_00000000000127,order_0000000127,2438.22,upi,captured,2025-11-22T16:07:39+05:30
pay_00000000000128,order_0000000128,180.77,upi,captured,2025-11-16T17:02:24+05:30
pay_00000000000129,order_0000000129,999.32,card,captured,2025-11-13T23:23:17+05:30
pay_00000000000130,order_0000000130,246.38,upi,captured,2025-11-11T08:42:36+05:30
pay_00000000000131,order_0000000131,14086.00,upi,captured,2025-11-17T07:53:32+05:30
pay_00000000000132,order_0000000132,991.22,upi,captured,2025-11-10T17:02:25+05:30
pay_00000000000133,order_0000000133,2812.00,card,captured,2025-11-19T02:09:49+05:30
pay_00000000000134,order_0000000134,718.75,upi,captured,2025-11-17T00:09:51+05:30
pay_00000000000135,order_0000000135,4249.00,wallet,captured,2025-11-30T08:20:12+05:30
pay_00000000000136,order_0000000136,940.33,card,captured,2025-11-11T22:54:48+05:30
pay_00000000000137,order_0000000137,1180.38,wallet,captured,2025-11-08T22:29:44+05:30
pay_00000000000138,order_0000000138,518.59,card,captured,2025-11-19T14:02:51+05:30
pay_00000000000139,order_0000000139,3555.99,upi,captured,2025-11-13T19:57:39+05:30
pay_00000000000140,order_0000000140,599.99,wallet,captured,2025-11-16T18:26:37+05:30
pay_00000000000141,order_0000000141,124.28,upi,captured,2025-11-09T16:02:41+05:30
pay_00000000000142,order_0000000142,2092.00,card,captured,2025-11-07T19:20:53+05:30
pay_00000000000143,order_0000000143,1271.99,card,captured,2025-11-10T16:18:34+05:30
pay_00000000000144,order_0000000144,632.99,upi,captured,2025-11-12T17:55:48+05:30
pay_00000000000145,order_0000000145,930.99,upi,captured,2025-11-24T17:18:53+05:30
pay_00000000000146,order_0000000146,718.08,upi,captured,2025-11-06T12:21:50+05:30
pay_00000000000147,order_0000000147,1039.00,upi,captured,2025-11-10T16:33:38+05:30
pay_00000000000148,order_0000000148,857.99,upi,captured,2025-11-11T05:53:30+05:30
pay_00000000000149,order_0000000149,315.00,upi,captured,2025-11-09T04:25:07+05:30
pay_00000000000150,order_0000000150,1066.00,card,captured,2025-11-08T20:19:58+05:30
pay_00000000000151,order_0000000151,879.00,upi,captured,2025-11-22T06:18:08+05:30
pay_00000000000152,order_0000000152,369.20,card,captured,2025-11-09T00:44:50+05:30
pay_00000000000153,order_0000000153,407.00,wallet,captured,2025-11-01T19:26:50+05:30
pay_00000000000154,order_0000000154,11962.00,upi,captured,2025-11-19T22:01:56+05:30
pay_00000000000155,order_0000000155,887.63,upi,captured,2025-11-20T18:26:15+05:30
pay_00000000000156,order_0000000156,293.00,card,captured,2025-11-18T20:28:46+05:30
pay_00000000000157,order_0000000157,613.00,wallet,captured,2025-11-04T12:30:57+05:30
pay_00000000000158,order_0000000158,298.00,card,captured,2025-11-06T07:09:48+05:30
pay_00000000000159,order_0000000159,625.18,upi,captured,2025-11-30T10:48:08+05:30
pay_00000000000160,order_0000000160,2100.94,upi,captured,2025-11-12T19:32:14+05:30
pay_00000000000161,order_0000000161,16202.00,wallet,captured,2025-11-25T11:41:56+05:30
pay_00000000000162,order_0000000162,2726.67,upi,captured,2025-11-03T22:41:30+05:30
pay_00000000000163,order_0000000163,291.54,card,failed,2025-11-27T20:48:39+05:30
pay_00000000000164,order_0000000164,2654.07,wallet,captured,2025-11-28T20:43:21+05:30
pay_00000000000165,order_0000000165,1059.00,card,captured,2025-11-07T18:09:41+05:30
pay_00000000000166,order_0000000166,353.86,card,captured,2025-11-12T14:23:55+05:30
pay_00000000000167,order_0000000167,132.37,upi,captured,2025-11-25T09:47:51+05:30
pay_00000000000168,order_0000000168,657.27,upi,captured,2025-11-13T23:37:44+05:30
pay_00000000000169,order_0000000169,2261.54,upi,captured,2025-11-09T13:36:58+05:30
pay_00000000000170,order_0000000170,571.99,card,captured,2025-11-07T20:44:28+05:30
pay_00000000000171,order_0000000171,1017.00,upi,captured,2025-11-19T06:48:07+05:30
pay_00000000000172,order_0000000172,1260.72,card,captured,2025-11-11T06:16:02+05:30
pay_00000000000173,order_0000000173,228.08,wallet,captured,2025-11-28T11:11:18+05:30
pay_00000000000174,order_0000000174,1040.99,card,captured,2025-11-11T04:13:44+05:30
pay_00000000000175,order_0000000175,267.00,card,captured,2025-11-26T17:57:56+05:30
pay_00000000000176,order_0000000176,420.99,upi,captured,2025-11-11T13:19:27+05:30
pay_00000000000177,order_0000000177,1030.99,wallet,captured,2025-11-28T14:17:36+05:30
pay_00000000000178,order_0000000178,452.38,card,captured,2025-11-14T19:42:13+05:30
pay_00000000000179,order_0000000179,6432.99,card,captured,2025-11-23T23:06:48+05:30
pay_00000000000180,order_0000000180,480.06,wallet,captured,2025-11-12T18:35:46+05:30
pay_00000000000181,order_0000000181,214.99,card,captured,2025-11-27T17:19:30+05:30
pay_00000000000182,order_0000000182,287.00,card,captured,2025-11-17T15:17:32+05:30
pay_00000000000183,order_0000000183,969.36,netbanking,captured,2025-11-08T20:11:40+05:30
pay_00000000000184,order_0000000184,730.35,card,captured,2025-11-05T20:14:42+05:30
pay_00000000000185,order_0000000185,297.14,upi,captured,2025-11-07T15:47:18+05:30
pay_00000000000186,order_0000000186,381.00,card,captured,2025-11-02T12:26:34+05:30
pay_00000000000187,order_0000000187,492.73,upi,captured,2025-11-08T17:22:54+05:30
pay_00000000000188,order_0000000188,228.33,card,captured,2025-11-01T01:07:05+05:30
pay_00000000000189,order_0000000189,177.81,upi,captured,2025-11-27T16:41:36+05:30
pay_00000000000190,order_0000000190,476.62,upi,captured,2025-11-09T12:17:10+05:30
pay_00000000000191,order_0000000191,643.00,netbanking,captured,2025-11-10T06:23:16+05:30
pay_00000000000192,order_0000000192,139.99,upi,captured,2025-11-25T01:19:29+05:30
pay_00000000000193,order_0000000193,467.64,card,captured,2025-11-03T18:39:13+05:30
pay_00000000000194,order_0000000194,964.43,card,captured,2025-11-03T16:34:28+05:30
pay_00000000000195,order_0000000195,953.00,upi,captured,2025-11-21T15:20:46+05:30
pay_00000000000196,order_0000000196,825.86,card,captured,2025-11-29T14:02:09+05:30
pay_00000000000197,order_0000000197,2694.99,card,captured,2025-11-26T16:40:24+05:30
pay_00000000000198,order_0000000198,988.00,upi,captured,2025-11-28T15:28:38+05:30
pay_00000000000199,order_0000000199,708.18,upi,captured,2025-11-08T13:49:45+05:30
pay_00000000000200,order_0000000200,883.56,upi,captured,2025-11-11T10:27:31+05:30
pay_00000000000201,order_0000000201,620.99,wallet,captured,2025-11-13T18:07:30+05:30
pay_00000000000202,order_0000000202,424.09,card,captured,2025-11-23T14:05:10+05:30
pay_00000000000203,order_0000000203,774.00,card,captured,2025-11-30T20:33:18+05:30
pay_00000000000204,order_0000000204,891.99,card,captured,2025-11-20T23:57:12+05:30
pay_00000000000205,order_0000000205,792.51,netbanking,captured,2025-11-22T21:47:57+05:30
pay_00000000000206,order_0000000206,272.96,card,captured,2025-11-25T05:22:12+05:30
pay_00000000000207,order_0000000207,405.99,upi,captured,2025-11-05T14:35:35+05:30
pay_00000000000208,order_0000000208,232.65,card,captured,2025-11-29T12:18:24+05:30
pay_00000000000209,order_0000000209,2474.00,upi,captured,2025-11-15T04:45:05+05:30
pay_00000000000210,order_0000000210,651.53,card,captured,2025-11-11T15:51:00+05:30
pay_00000000000211,order_0000000211,180.99,upi,captured,2025-11-01T22:34:56+05:30
pay_00000000000212,order_0000000212,3158.83,upi,captured,2025-11-22T08:02:01+05:30
pay_00000000000213,order_0000000213,749.00,upi,captured,2025-11-10T02:25:46+05:30
pay_00000000000214,order_0000000214,438.00,upi,captured,2025-11-11T14:45:28+05:30
pay_00000000000215,order_0000000215,376.99,upi,captured,2025-11-20T18:41:26+05:30
pay_00000000000216,order_0000000216,623.00,card,captured,2025-11-26T14:32:07+05:30
pay_00000000000217,order_0000000217,3527.56,upi,captured,2025-11-01T22:14:44+05:30
pay_00000000000218,order_0000000218,770.89,upi,captured,2025-11-15T17:09:33+05:30
pay_00000000000219,order_0000000219,607.99,wallet,captured,2025-11-24T13:29:42+05:30
pay_00000000000220,order_0000000220,642.99,wallet,captured,2025-11-13T18:10:46+05:30
pay_00000000000221,order_0000000221,101.00,upi,captured,2025-11-28T06:21:20+05:30
pay_00000000000222,order_0000000222,2622.49,upi,captured,2025-11-24T15:47:26+05:30
pay_00000000000223,order_0000000223,706.00,upi,captured,2025-11-10T07:35:14+05:30
pay_00000000000224,order_0000000224,433.34,upi,captured,2025-11-30T05:11:33+05:30
pay_00000000000225,order_0000000225,2840.00,upi,captured,2025-11-12T03:35:29+05:30
pay_00000000000226,order_0000000226,2727.35,wallet,captured,2025-11-12T02:09:06+05:30
pay_00000000000227,order_0000000227,606.00,upi,captured,2025-11-29T13:50:04+05:30
pay_00000000000228,order_0000000228,772.11,card,captured,2025-11-19T17:18:46+05:30
pay_00000000000229,order_0000000229,997.86,card,captured,2025-11-17T06:03:47+05:30
pay_00000000000230,order_0000000230,213.00,upi,captured,2025-11-07T19:32:17+05:30
pay_00000000000231,order_0000000231,743.82,card,captured,2025-11-21T17:20:15+05:30
pay_00000000000232,order_0000000232,1074.77,upi,captured,2025-11-26T19:44:20+05:30
pay_00000000000233,order_0000000233,321.46,upi,captured,2025-11-26T23:15:34+05:30
pay_00000000000234,order_0000000234,146.00,upi,captured,2025-11-26T00:05:01+05:30
pay_00000000000235,order_0000000235,1051.37,upi,captured,2025-11-25T14:13:18+05:30
pay_00000000000236,order_0000000236,547.70,upi,captured,2025-11-21T14:37:04+05:30
pay_00000000000237,order_0000000237,843.32,wallet,captured,2025-11-29T22:40:12+05:30
pay_00000000000238,order_0000000238,724.00,wallet,captured,2025-11-20T23:52:56+05:30
pay_00000000000239,order_0000000239,353.99,upi,captured,2025-11-14T16:03:15+05:30
pay_00000000000240,order_0000000240,1020.00,upi,captured,2025-11-12T20:30:21+05:30
pay_00000000000241,order_0000000241,549.54,card,captured,2025-11-21T13:21:54+05:30
pay_00000000000242,order_0000000242,2709.70,upi,captured,2025-11-12T14:04:58+05:30
pay_00000000000243,order_0000000243,983.99,card,captured,2025-11-26T16:03:56+05:30
pay_00000000000244,order_0000000244,9872.80,upi,captured,2025-11-18T23:40:10+05:30
pay_00000000000245,order_0000000245,209.99,wallet,captured,2025-11-14T19:34:51+05:30
pay_00000000000246,order_0000000246,993.17,card,captured,2025-11-22T11:55:42+05:30
pay_00000000000247,order_0000000247,2834.70,card,captured,2025-11-11T13:33:42+05:30
pay_00000000000248,order_0000000248,180.37,upi,captured,2025-11-23T22:46:35+05:30
pay_00000000000249,order_0000000249,464.00,card,captured,2025-11-03T19:08:05+05:30
pay_00000000000250,order_0000000250,116.15,upi,captured,2025-11-20T10:05:11+05:30
pay_00000000000251,order_0000000251,749.08,upi,captured,2025-11-23T11:48:52+05:30
pay_00000000000252,order_0000000252,1304.99,card,captured,2025-11-23T01:34:46+05:30
pay_00000000000253,order_0000000253,751.49,upi,captured,2025-11-11T10:24:41+05:30
pay_00000000000254,order_0000000254,608.45,upi,captured,2025-11-02T08:18:37+05:30
pay_00000000000255,order_0000000255,938.54,upi,captured,2025-11-30T17:38:01+05:30
pay_00000000000256,order_0000000256,1023.99,upi,captured,2025-11-25T03:38:28+05:30
pay_00000000000257,order_0000000257,338.02,upi,captured,2025-11-27T23:08:43+05:30
pay_00000000000258,order_0000000258,810.87,upi,captured,2025-11-13T12:38:51+05:30
pay_00000000000259,order_0000000259,353.00,card,captured,2025-11-21T18:53:05+05:30
pay_00000000000260,order_0000000260,217.71,upi,captured,2025-11-15T19:09:41+05:30
pay_00000000000261,order_0000000261,460.00,upi,captured,2025-11-26T13:59:09+05:30
pay_00000000000262,order_0000000262,2472.99,card,captured,2025-11-07T22:05:38+05:30
pay_00000000000263,order_0000000263,769.99,upi,captured,2025-11-17T10:59:16+05:30
pay_00000000000264,order_0000000264,3578.24,upi,captured,2025-11-22T12:31:09+05:30
pay_00000000000265,order_0000000265,260.00,upi,captured,2025-11-22T15:20:05+05:30
pay_00000000000266,order_0000000266,2199.86,upi,captured,2025-11-18T18:02:26+05:30
pay_00000000000267,order_0000000267,982.30,netbanking,captured,2025-11-01T09:44:52+05:30
pay_00000000000268,order_0000000268,738.99,upi,captured,2025-11-25T12:55:38+05:30
pay_00000000000269,order_0000000269,442.43,upi,captured,2025-11-14T16:36:05+05:30
pay_00000000000270,order_0000000270,920.13,upi,captured,2025-11-26T13:22:03+05:30
pay_00000000000271,order_0000000271,460.00,wallet,captured,2025-11-23T15:33:39+05:30
pay_00000000000272,order_0000000272,914.00,upi,captured,2025-11-17T00:21:12+05:30
pay_00000000000273,order_0000000273,640.85,upi,captured,2025-11-05T06:25:13+05:30
pay_00000000000274,order_0000000274,284.08,card,captured,2025-11-23T23:25:13+05:30
pay_00000000000275,order_0000000275,8895.99,upi,captured,2025-11-05T14:33:22+05:30
pay_00000000000276,order_0000000276,733.57,upi,captured,2025-11-10T18:58:23+05:30
pay_00000000000277,order_0000000277,276.99,card,captured,2025-11-16T18:01:33+05:30
pay_00000000000278,order_0000000278,774.58,card,captured,2025-11-18T10:14:31+05:30
pay_00000000000279,order_0000000279,17245.00,card,captured,2025-11-13T19:29:20+05:30
pay_00000000000280,order_0000000280,1485.23,card,captured,2025-11-24T23:07:03+05:30
pay_00000000000281,order_0000000281,382.66,netbanking,captured,2025-11-25T07:09:21+05:30
pay_00000000000282,order_0000000282,516.99,card,captured,2025-11-15T16:32:30+05:30
pay_00000000000283,order_0000000283,628.15,card,captured,2025-11-21T16:14:52+05:30
pay_00000000000284,order_0000000284,565.99,upi,captured,2025-11-23T00:51:21+05:30
pay_00000000000285,order_0000000285,613.79,upi,captured,2025-11-21T22:42:37+05:30
pay_00000000000286,order_0000000286,277.00,card,captured,2025-11-26T22:37:08+05:30
pay_00000000000287,order_0000000287,219.39,upi,captured,2025-11-11T07:03:36+05:30
pay_00000000000288,order_0000000288,189.00,card,captured,2025-11-05T20:11:45+05:30
pay_00000000000289,order_0000000289,506.00,wallet,captured,2025-11-20T10:38:15+05:30
pay_00000000000290,order_0000000290,382.99,netbanking,captured,2025-11-04T15:12:09+05:30
pay_00000000000291,order_0000000291,14840.41,card,captured,2025-11-13T10:13:35+05:30
pay_00000000000292,order_0000000292,953.88,card,captured,2025-11-03T07:53:49+05:30
pay_00000000000293,order_0000000293,146.48,upi,captured,2025-11-01T20:44:09+05:30
pay_00000000000294,order_0000000294,1045.19,card,captured,2025-11-06T11:11:22+05:30
pay_00000000000295,order_0000000295,322.19,upi,captured,2025-11-07T03:41:39+05:30
pay_00000000000296,order_0000000296,606.00,card,captured,2025-11-28T17:47:15+05:30
pay_00000000000297,order_0000000297,3141.99,netbanking,captured,2025-11-08T13:52:59+05:30
pay_00000000000298,order_0000000298,639.13,upi,captured,2025-11-23T16:17:57+05:30
pay_00000000000299,order_0000000299,900.59,upi,captured,2025-11-14T18:53:12+05:30
pay_00000000000300,order_0000000300,2588.45,card,captured,2025-11-17T16:52:10+05:30
pay_00000000000301,order_0000000301,952.00,wallet,captured,2025-11-08T14:48:14+05:30
pay_00000000000302,order_0000000302,577.99,upi,captured,2025-11-06T10:04:31+05:30
pay_00000000000303,order_0000000303,1141.75,card,captured,2025-11-29T09:12:46+05:30
pay_00000000000304,order_0000000304,732.00,card,captured,2025-11-26T12:21:27+05:30
pay_00000000000305,order_0000000305,673.00,upi,captured,2025-11-20T17:25:16+05:30
pay_00000000000306,order_0000000306,517.62,upi,captured,2025-11-01T08:44:35+05:30
pay_00000000000307,order_0000000307,2085.00,card,captured,2025-11-17T20:50:46+05:30
pay_00000000000308,order_0000000308,705.00,upi,captured,2025-11-03T15:00:17+05:30
pay_00000000000309,order_0000000309,224.80,wallet,captured,2025-11-01T08:03:23+05:30
pay_00000000000310,order_0000000310,3475.00,upi,captured,2025-11-15T18:50:06+05:30
pay_00000000000311,order_0000000311,710.08,wallet,captured,2025-11-30T16:14:44+05:30
pay_00000000000312,order_0000000312,1037.99,card,captured,2025-11-21T17:37:24+05:30
pay_00000000000313,order_0000000313,371.00,netbanking,captured,2025-11-26T03:45:34+05:30
pay_00000000000314,order_0000000314,205.00,card,captured,2025-11-27T13:49:17+05:30
pay_00000000000315,order_0000000315,1256.84,wallet,captured,2025-11-15T19:48:04+05:30
pay_00000000000316,order_0000000316,746.00,upi,captured,2025-11-16T12:55:35+05:30
pay_00000000000317,order_0000000317,606.00,upi,failed,2025-11-04T12:51:43+05:30
pay_00000000000318,order_0000000318,2027.00,upi,captured,2025-11-19T13:33:43+05:30
pay_00000000000319,order_0000000319,327.00,upi,captured,2025-11-06T17:14:57+05:30
pay_00000000000320,order_0000000320,165.16,upi,captured,2025-11-16T14:35:13+05:30
pay_00000000000321,order_0000000321,145.64,upi,captured,2025-11-19T17:14:38+05:30
pay_00000000000322,order_0000000322,311.00,wallet,captured,2025-11-02T05:36:14+05:30
pay_00000000000323,order_0000000323,581.23,upi,captured,2025-11-10T14:30:34+05:30
pay_00000000000324,order_0000000324,446.00,upi,captured,2025-11-16T23:36:16+05:30
pay_00000000000325,order_0000000325,604.00,upi,captured,2025-11-03T07:48:30+05:30
pay_00000000000326,order_0000000326,2683.00,upi,captured,2025-11-30T18:16:24+05:30
pay_00000000000327,order_0000000327,821.00,upi,captured,2025-11-29T09:32:31+05:30
pay_00000000000328,order_0000000328,536.00,upi,captured,2025-11-28T18:50:16+05:30
pay_00000000000329,order_0000000329,365.70,card,captured,2025-11-27T01:52:46+05:30
pay_00000000000330,order_0000000330,510.57,wallet,captured,2025-11-25T21:43:42+05:30
pay_00000000000331,order_0000000331,889.35,upi,captured,2025-11-22T21:50:58+05:30
pay_00000000000332,order_0000000332,1020.88,card,captured,2025-11-03T22:30:30+05:30
pay_00000000000333,order_0000000333,192.00,upi,captured,2025-11-02T01:35:30+05:30
pay_00000000000334,order_0000000334,1986.99,upi,captured,2025-11-26T14:34:55+05:30
pay_00000000000335,order_0000000335,211.00,wallet,captured,2025-11-28T13:28:15+05:30
pay_00000000000336,order_0000000336,313.70,wallet,captured,2025-11-24T21:27:25+05:30
pay_00000000000337,order_0000000337,422.36,upi,captured,2025-11-13T17:47:55+05:30
pay_00000000000338,order_0000000338,2303.40,card,captured,2025-11-20T16:26:27+05:30
pay_00000000000339,order_0000000339,1017.99,upi,captured,2025-11-05T23:38:58+05:30
pay_00000000000340,order_0000000340,197.00,card,captured,2025-11-27T16:30:22+05:30
pay_00000000000341,order_0000000341,703.00,upi,captured,2025-11-12T18:09:42+05:30
pay_00000000000342,order_0000000342,535.99,upi,captured,2025-11-14T21:28:10+05:30
pay_00000000000343,order_0000000343,3598.00,upi,captured,2025-11-30T17:45:24+05:30
pay_00000000000344,order_0000000344,206.00,upi,captured,2025-11-09T15:55:05+05:30
pay_00000000000345,order_0000000345,195.00,wallet,captured,2025-11-06T21:00:48+05:30
pay_00000000000346,order_0000000346,318.00,upi,captured,2025-11-18T00:46:09+05:30
pay_00000000000347,order_0000000347,312.59,upi,captured,2025-11-06T22:06:43+05:30
pay_00000000000348,order_0000000348,17122.00,upi,captured,2025-11-19T06:17:18+05:30
pay_00000000000349,order_0000000349,156.98,upi,captured,2025-11-14T14:52:55+05:30
pay_00000000000350,order_0000000350,799.99,netbanking,captured,2025-11-19T21:21:52+05:30
pay_00000000000351,order_0000000351,335.71,upi,captured,2025-11-21T13:48:38+05:30
pay_00000000000352,order_0000000352,14509.76,card,captured,2025-11-09T17:34:54+05:30
pay_00000000000353,order_0000000353,977.00,card,captured,2025-11-23T14:01:17+05:30
pay_00000000000354,order_0000000354,429.00,wallet,captured,2025-11-15T12:12:07+05:30
pay_00000000000355,order_0000000355,1015.00,upi,captured,2025-11-05T09:24:57+05:30
pay_00000000000356,order_0000000356,1838.05,wallet,captured,2025-11-26T20:50:51+05:30
pay_00000000000357,order_0000000357,3987.55,card,captured,2025-11-22T15:22:30+05:30
pay_00000000000358,order_0000000358,1014.99,upi,captured,2025-11-13T22:16:44+05:30
pay_00000000000359,order_0000000359,245.99,card,captured,2025-11-28T14:03:44+05:30
pay_00000000000360,order_0000000360,3366.62,upi,captured,2025-11-18T22:14:59+05:30
pay_00000000000361,order_0000000361,1161.42,netbanking,captured,2025-11-21T03:03:56+05:30
pay_00000000000362,order_0000000362,1077.20,netbanking,captured,2025-11-16T01:40:55+05:30
pay_00000000000363,order_0000000363,836.99,netbanking,captured,2025-11-26T22:07:31+05:30
pay_00000000000364,order_0000000364,1068.50,upi,captured,2025-11-23T12:23:41+05:30
pay_00000000000365,order_0000000365,504.27,netbanking,captured,2025-11-04T10:47:24+05:30
pay_00000000000366,order_0000000366,907.00,card,captured,2025-11-29T18:36:03+05:30
pay_00000000000367,order_0000000367,766.54,wallet,captured,2025-11-29T20:41:02+05:30
pay_00000000000368,order_0000000368,359.99,upi,captured,2025-11-24T14:13:33+05:30
pay_00000000000369,order_0000000369,906.04,upi,captured,2025-11-27T22:57:38+05:30
pay_00000000000370,order_0000000370,696.28,upi,captured,2025-11-06T08:43:04+05:30
pay_00000000000371,order_0000000371,656.00,upi,captured,2025-11-26T20:21:49+05:30
pay_00000000000372,order_0000000372,682.34,card,captured,2025-11-26T17:42:27+05:30
pay_00000000000373,order_0000000373,1019.00,upi,captured,2025-11-27T11:23:10+05:30
pay_00000000000374,order_0000000374,444.42,upi,captured,2025-11-01T08:10:34+05:30
pay_00000000000375,order_0000000375,355.00,upi,captured,2025-11-26T15:20:24+05:30
pay_00000000000376,order_0000000376,3451.00,card,captured,2025-11-12T16:41:47+05:30
pay_00000000000377,order_0000000377,323.12,wallet,captured,2025-11-26T12:31:10+05:30
pay_00000000000378,order_0000000378,770.00,upi,captured,2025-11-19T15:21:16+05:30
pay_00000000000379,order_0000000379,749.62,upi,captured,2025-11-11T16:37:34+05:30
pay_00000000000380,order_0000000380,678.00,upi,captured,2025-11-25T18:17:28+05:30
pay_00000000000381,order_0000000381,413.43,netbanking,captured,2025-11-08T14:07:45+05:30
pay_00000000000382,order_0000000382,2713.99,upi,captured,2025-11-13T20:11:08+05:30
pay_00000000000383,order_0000000383,1072.30,wallet,captured,2025-11-20T17:54:21+05:30
pay_00000000000384,order_0000000384,2557.09,wallet,captured,2025-11-18T12:02:12+05:30
pay_00000000000385,order_0000000385,391.39,upi,captured,2025-11-12T17:48:35+05:30
pay_00000000000386,order_0000000386,924.46,upi,captured,2025-11-21T17:54:51+05:30
pay_00000000000387,order_0000000387,2916.00,upi,captured,2025-11-04T15:01:33+05:30
pay_00000000000388,order_0000000388,2615.08,upi,captured,2025-11-11T16:41:39+05:30
pay_00000000000389,order_0000000389,2124.75,upi,captured,2025-11-10T09:11:12+05:30
pay_00000000000390,order_0000000390,547.19,netbanking,captured,2025-11-24T15:10:30+05:30
pay_00000000000391,order_0000000391,2841.99,wallet,captured,2025-11-21T23:06:39+05:30
pay_00000000000392,order_0000000392,827.04,upi,captured,2025-11-02T10:41:58+05:30
pay_00000000000393,order_0000000393,995.52,netbanking,captured,2025-11-09T12:09:35+05:30
pay_00000000000394,order_0000000394,788.14,upi,captured,2025-11-25T08:48:42+05:30
pay_00000000000395,order_0000000395,390.00,wallet,captured,2025-11-24T12:31:36+05:30
pay_00000000000396,order_0000000396,276.00,upi,captured,2025-11-20T20:44:16+05:30
pay_00000000000397,order_0000000397,4276.99,wallet,captured,2025-11-14T06:49:52+05:30
pay_00000000000398,order_0000000398,640.15,card,captured,2025-11-28T14:32:44+05:30
pay_00000000000399,order_0000000399,856.00,upi,captured,2025-11-11T09:15:35+05:30
pay_00000000000400,order_0000000400,1022.46,upi,captured,2025-11-08T16:01:04+05:30
pay_00000000000401,order_0000000401,209.56,card,captured,2025-11-21T09:15:26+05:30
pay_00000000000402,order_0000000402,187.00,card,captured,2025-11-10T11:23:45+05:30
pay_00000000000403,order_0000000403,154.68,card,captured,2025-11-01T05:40:14+05:30
pay_00000000000404,order_0000000404,894.75,card,captured,2025-11-19T10:08:39+05:30
pay_00000000000405,order_0000000405,514.82,card,captured,2025-11-17T15:34:11+05:30
pay_00000000000406,order_0000000406,1473.00,wallet,captured,2025-11-28T19:21:46+05:30
pay_00000000000407,order_0000000407,770.75,upi,captured,2025-11-18T17:12:51+05:30
pay_00000000000408,order_0000000408,914.00,upi,captured,2025-11-24T21:52:34+05:30
pay_00000000000409,order_0000000409,546.46,card,captured,2025-11-19T04:51:39+05:30
pay_00000000000410,order_0000000410,928.60,upi,captured,2025-11-29T12:13:18+05:30
pay_00000000000411,order_0000000411,2337.27,wallet,captured,2025-11-13T15:36:56+05:30
pay_00000000000412,order_0000000412,3542.00,upi,captured,2025-11-24T17:43:02+05:30
pay_00000000000413,order_0000000413,1840.55,upi,failed,2025-11-16T16:05:19+05:30
pay_00000000000414,order_0000000414,943.09,card,captured,2025-11-13T08:17:29+05:30
pay_00000000000415,order_0000000415,3031.00,upi,captured,2025-11-30T10:39:39+05:30
pay_00000000000416,order_0000000416,342.52,card,captured,2025-11-02T09:43:15+05:30
pay_00000000000417,order_0000000417,889.34,upi,captured,2025-11-16T15:44:53+05:30
pay_00000000000418,order_0000000418,253.67,upi,captured,2025-11-01T09:35:03+05:30
pay_00000000000419,order_0000000419,317.68,netbanking,captured,2025-11-17T23:55:43+05:30
pay_00000000000420,order_0000000420,99.00,card,captured,2025-11-20T15:07:27+05:30
pay_00000000000421,order_0000000421,1273.00,upi,captured,2025-11-07T14:47:11+05:30
pay_00000000000422,order_0000000422,865.00,wallet,captured,2025-11-03T22:52:02+05:30
pay_00000000000423,order_0000000423,255.67,card,failed,2025-11-15T22:40:26+05:30
pay_00000000000424,order_0000000424,1055.00,card,captured,2025-11-29T21:52:21+05:30
pay_00000000000425,order_0000000425,885.00,upi,captured,2025-11-03T09:21:44+05:30
pay_00000000000426,order_0000000426,773.57,card,captured,2025-11-12T15:45:57+05:30
pay_00000000000427,order_0000000427,591.72,wallet,captured,2025-11-05T23:24:58+05:30
pay_00000000000428,order_0000000428,797.99,upi,captured,2025-11-16T15:43:48+05:30
pay_00000000000429,order_0000000429,2257.00,upi,captured,2025-11-01T13:11:57+05:30
pay_00000000000430,order_0000000430,265.35,upi,captured,2025-11-05T12:35:25+05:30
pay_00000000000431,order_0000000431,2952.57,upi,captured,2025-11-10T23:49:38+05:30
pay_00000000000432,order_0000000432,10462.86,upi,captured,2025-11-30T18:29:54+05:30
pay_00000000000433,order_0000000433,284.83,upi,captured,2025-11-14T21:25:02+05:30
pay_00000000000434,order_0000000434,913.65,card,captured,2025-11-15T06:48:23+05:30
pay_00000000000435,order_0000000435,597.39,upi,captured,2025-11-03T09:52:14+05:30
pay_00000000000436,order_0000000436,1043.52,card,failed,2025-11-18T22:15:58+05:30
pay_00000000000437,order_0000000437,1059.00,upi,failed,2025-11-02T22:43:37+05:30
pay_00000000000438,order_0000000438,862.00,netbanking,captured,2025-11-23T18:20:34+05:30
pay_00000000000439,order_0000000439,2415.00,upi,captured,2025-11-21T16:06:08+05:30
pay_00000000000440,order_0000000440,323.00,card,captured,2025-11-28T02:18:19+05:30
pay_00000000000441,order_0000000441,285.00,card,failed,2025-11-29T06:51:01+05:30
pay_00000000000442,order_0000000442,2279.46,card,captured,2025-11-25T23:48:40+05:30
pay_00000000000443,order_0000000443,149.00,netbanking,captured,2025-11-24T20:47:05+05:30
pay_00000000000444,order_0000000444,2175.00,card,captured,2025-11-05T14:46:06+05:30
pay_00000000000445,order_0000000445,730.99,upi,captured,2025-11-26T21:52:38+05:30
pay_00000000000446,order_0000000446,294.99,upi,captured,2025-11-13T20:40:37+05:30
pay_00000000000447,order_0000000447,3091.00,upi,captured,2025-11-26T20:12:57+05:30
pay_00000000000448,order_0000000448,2971.21,upi,captured,2025-11-01T19:22:50+05:30
pay_00000000000449,order_0000000449,328.84,card,captured,2025-11-21T15:02:22+05:30
pay_00000000000450,order_0000000450,109.98,card,captured,2025-11-21T17:06:29+05:30
pay_00000000000451,order_0000000451,3432.87,card,captured,2025-11-26T12:47:05+05:30
pay_00000000000452,order_0000000452,123.00,card,captured,2025-11-08T18:53:16+05:30
pay_00000000000453,order_0000000453,267.66,upi,captured,2025-11-07T09:03:21+05:30
pay_00000000000454,order_0000000454,408.99,card,captured,2025-11-15T19:26:30+05:30
pay_00000000000455,order_0000000455,856.03,wallet,captured,2025-11-10T09:12:03+05:30
pay_00000000000456,order_0000000456,715.47,upi,captured,2025-11-03T23:10:58+05:30
pay_00000000000457,order_0000000457,113.62,upi,captured,2025-11-23T22:44:18+05:30
pay_00000000000458,order_0000000458,5597.00,upi,captured,2025-11-20T17:56:55+05:30
pay_00000000000459,order_0000000459,391.44,card,captured,2025-11-28T23:20:39+05:30
pay_00000000000460,order_0000000460,402.94,upi,captured,2025-11-07T22:56:19+05:30
pay_00000000000461,order_0000000461,551.67,card,captured,2025-11-05T18:39:01+05:30
pay_00000000000462,order_0000000462,955.99,upi,captured,2025-11-18T22:56:12+05:30
pay_00000000000463,order_0000000463,555.13,upi,captured,2025-11-10T14:43:08+05:30
pay_00000000000464,order_0000000464,332.00,upi,captured,2025-11-19T11:51:21+05:30
pay_00000000000465,order_0000000465,697.00,card,captured,2025-11-25T07:33:27+05:30
pay_00000000000466,order_0000000466,525.82,upi,captured,2025-11-04T17:59:03+05:30
pay_00000000000467,order_0000000467,938.99,upi,captured,2025-11-15T19:17:44+05:30
pay_00000000000468,order_0000000468,408.95,upi,captured,2025-11-05T20:59:12+05:30
pay_00000000000469,order_0000000469,630.84,upi,captured,2025-11-04T16:49:04+05:30
pay_00000000000470,order_0000000470,159.99,wallet,failed,2025-11-20T19:01:47+05:30
pay_00000000000471,order_0000000471,158.20,upi,captured,2025-11-10T16:55:35+05:30
pay_00000000000472,order_0000000472,1003.09,wallet,captured,2025-11-15T07:34:34+05:30
pay_00000000000473,order_0000000473,567.99,upi,captured,2025-11-06T06:26:16+05:30
pay_00000000000474,order_0000000474,547.35,upi,captured,2025-11-15T20:02:54+05:30
pay_00000000000475,order_0000000475,315.00,card,captured,2025-11-24T20:02:28+05:30
pay_00000000000476,order_0000000476,6627.00,upi,captured,2025-11-18T21:55:00+05:30
pay_00000000000477,order_0000000477,173.00,upi,captured,2025-11-09T17:24:35+05:30
pay_00000000000478,order_0000000478,679.00,upi,captured,2025-11-19T07:05:12+05:30
pay_00000000000479,order_0000000479,156.00,netbanking,captured,2025-11-18T16:51:24+05:30
pay_00000000000480,order_0000000480,1074.99,upi,captured,2025-11-15T00:55:20+05:30
pay_00000000000481,order_0000000481,347.28,upi,captured,2025-11-25T11:03:21+05:30
pay_00000000000482,order_0000000482,3441.88,card,captured,2025-11-02T13:18:29+05:30
pay_00000000000483,order_0000000483,2973.02,upi,captured,2025-11-19T07:30:31+05:30
pay_00000000000484,order_0000000484,3280.61,upi,captured,2025-11-23T03:16:49+05:30
pay_00000000000485,order_0000000485,979.60,netbanking,captured,2025-11-18T10:06:11+05:30
pay_00000000000486,order_0000000486,533.27,wallet,captured,2025-11-21T22:48:24+05:30
pay_00000000000487,order_0000000487,15303.00,wallet,captured,2025-11-20T02:14:46+05:30
pay_00000000000488,order_0000000488,413.31,card,captured,2025-11-28T12:49:05+05:30
pay_00000000000489,order_0000000489,704.47,upi,captured,2025-11-14T16:50:40+05:30
pay_00000000000490,order_0000000490,711.29,upi,captured,2025-11-27T16:33:33+05:30
pay_00000000000491,order_0000000491,281.69,upi,captured,2025-11-02T19:55:01+05:30
pay_00000000000492,order_0000000492,2400.01,upi,captured,2025-11-03T13:53:30+05:30
pay_00000000000493,order_0000000493,2449.99,upi,captured,2025-11-16T13:30:56+05:30
pay_00000000000494,order_0000000494,290.99,card,captured,2025-11-02T04:56:40+05:30
pay_00000000000495,order_0000000495,245.99,upi,captured,2025-11-13T23:46:38+05:30
pay_00000000000496,order_0000000496,778.99,upi,captured,2025-11-03T02:21:06+05:30
pay_00000000000497,order_0000000497,908.99,upi,captured,2025-11-19T12:19:52+05:30
pay_00000000000498,order_0000000498,656.51,card,captured,2025-11-11T22:24:32+05:30
pay_00000000000499,order_0000000499,2329.56,upi,captured,2025-11-23T13:32:01+05:30
pay_00000000000500,order_0000000500,455.00,wallet,captured,2025-11-02T18:12:19+05:30
pay_00000000000501,order_0000000501,176.00,wallet,captured,2025-11-21T20:59:33+05:30
pay_00000000000502,order_0000000502,610.63,upi,captured,2025-11-07T10:13:42+05:30
pay_00000000000503,order_0000000503,287.62,card,captured,2025-11-28T02:18:20+05:30
pay_00000000000504,order_0000000504,1025.00,upi,captured,2025-11-08T08:23:10+05:30
pay_00000000000505,order_0000000505,651.18,upi,captured,2025-11-23T22:28:41+05:30
pay_00000000000506,order_0000000506,2343.69,netbanking,captured,2025-11-23T17:02:51+05:30
pay_00000000000507,order_0000000507,796.00,upi,captured,2025-11-16T22:21:48+05:30
pay_00000000000508,order_0000000508,1078.37,upi,captured,2025-11-07T10:08:36+05:30
pay_00000000000509,order_0000000509,331.99,netbanking,captured,2025-11-11T21:48:37+05:30
pay_00000000000510,order_0000000510,400.99,upi,captured,2025-11-16T10:04:54+05:30
pay_00000000000511,order_0000000511,931.99,upi,captured,2025-11-22T08:31:25+05:30
pay_00000000000512,order_0000000512,472.99,upi,captured,2025-11-08T08:36:52+05:30
pay_00000000000513,order_0000000513,591.16,card,captured,2025-11-01T11:40:32+05:30
pay_00000000000514,order_0000000514,235.00,wallet,captured,2025-11-08T01:47:32+05:30
pay_00000000000515,order_0000000515,9662.83,wallet,captured,2025-11-04T14:42:58+05:30
pay_00000000000516,order_0000000516,248.93,upi,captured,2025-11-01T21:53:39+05:30
pay_00000000000517,order_0000000517,15846.99,card,captured,2025-11-13T09:03:42+05:30
pay_00000000000518,order_0000000518,595.42,upi,captured,2025-11-07T20:48:28+05:30
pay_00000000000519,order_0000000519,361.00,card,captured,2025-11-16T14:31:03+05:30
pay_00000000000520,order_0000000520,258.99,netbanking,captured,2025-11-02T12:04:07+05:30
pay_00000000000521,order_0000000521,1049.68,upi,captured,2025-11-04T21:23:41+05:30
pay_00000000000522,order_0000000522,3156.45,wallet,captured,2025-11-25T20:12:32+05:30
pay_00000000000523,order_0000000523,127.21,netbanking,captured,2025-11-19T15:07:04+05:30
pay_00000000000524,order_0000000524,913.00,card,captured,2025-11-22T13:16:22+05:30
pay_00000000000525,order_0000000525,8205.99,upi,captured,2025-11-02T22:32:26+05:30
pay_00000000000526,order_0000000526,637.54,upi,captured,2025-11-28T18:30:33+05:30
pay_00000000000527,order_0000000527,415.00,upi,captured,2025-11-01T10:11:58+05:30
pay_00000000000528,order_0000000528,440.60,netbanking,captured,2025-11-06T10:44:52+05:30
pay_00000000000529,order_0000000529,205.90,card,captured,2025-11-20T21:37:26+05:30
pay_00000000000530,order_0000000530,1987.99,card,captured,2025-11-08T14:21:19+05:30
pay_00000000000531,order_0000000531,261.00,upi,captured,2025-11-09T14:38:03+05:30
pay_00000000000532,order_0000000532,185.00,card,captured,2025-11-03T00:25:19+05:30
pay_00000000000533,order_0000000533,296.71,upi,captured,2025-11-11T10:19:48+05:30
pay_00000000000534,order_0000000534,477.09,upi,captured,2025-11-14T14:30:13+05:30
pay_00000000000535,order_0000000535,2484.99,wallet,captured,2025-11-01T16:06:17+05:30
pay_00000000000536,order_0000000536,971.64,upi,captured,2025-11-28T09:41:17+05:30
pay_00000000000537,order_0000000537,2246.00,upi,captured,2025-11-06T21:05:29+05:30
pay_00000000000538,order_0000000538,525.00,wallet,captured,2025-11-05T21:30:49+05:30
pay_00000000000539,order_0000000539,1064.99,card,captured,2025-11-21T13:37:51+05:30
pay_00000000000540,order_0000000540,525.78,upi,captured,2025-11-15T23:00:55+05:30
pay_00000000000541,order_0000000541,385.01,upi,captured,2025-11-20T17:31:27+05:30
pay_00000000000542,order_0000000542,3501.00,card,captured,2025-11-15T17:27:45+05:30
pay_00000000000543,order_0000000543,3582.23,upi,captured,2025-11-03T13:39:25+05:30
pay_00000000000544,order_0000000544,644.17,card,captured,2025-11-22T22:11:10+05:30
pay_00000000000545,order_0000000545,940.06,upi,captured,2025-11-24T08:01:07+05:30
pay_00000000000546,order_0000000546,749.00,card,captured,2025-11-17T15:06:16+05:30
pay_00000000000547,order_0000000547,1734.99,card,captured,2025-11-12T14:20:05+05:30
pay_00000000000548,order_0000000548,2450.53,upi,captured,2025-11-26T12:37:36+05:30
pay_00000000000549,order_0000000549,269.73,upi,captured,2025-11-20T12:48:56+05:30
pay_00000000000550,order_0000000550,106.24,card,captured,2025-11-03T23:46:06+05:30
pay_00000000000551,order_0000000551,1767.09,upi,captured,2025-11-05T13:25:46+05:30
pay_00000000000552,order_0000000552,2163.82,upi,captured,2025-11-04T20:18:12+05:30
pay_00000000000553,order_0000000553,511.00,card,captured,2025-11-21T11:52:19+05:30
pay_00000000000554,order_0000000554,911.00,upi,captured,2025-11-08T15:09:27+05:30
pay_00000000000555,order_0000000555,482.00,card,captured,2025-11-29T03:54:43+05:30
pay_00000000000556,order_0000000556,580.99,card,captured,2025-11-02T23:20:07+05:30
pay_00000000000557,order_0000000557,996.47,upi,captured,2025-11-28T23:44:22+05:30
pay_00000000000558,order_0000000558,2264.11,upi,captured,2025-11-21T05:16:28+05:30
pay_00000000000559,order_0000000559,236.00,netbanking,captured,2025-11-18T22:26:53+05:30
pay_00000000000560,order_0000000560,367.96,upi,captured,2025-11-10T10:19:30+05:30
pay_00000000000561,order_0000000561,2365.10,wallet,captured,2025-11-27T21:54:44+05:30
pay_00000000000562,order_0000000562,290.00,upi,captured,2025-11-13T12:25:17+05:30
pay_00000000000563,order_0000000563,299.24,netbanking,captured,2025-11-20T23:40:18+05:30
pay_00000000000564,order_0000000564,541.80,card,captured,2025-11-07T21:42:17+05:30
pay_00000000000565,order_0000000565,133.00,upi,captured,2025-11-14T09:10:04+05:30
pay_00000000000566,order_0000000566,1601.41,upi,captured,2025-11-11T04:22:24+05:30
pay_00000000000567,order_0000000567,116.99,wallet,captured,2025-11-21T10:21:22+05:30
pay_00000000000568,order_0000000568,392.99,card,captured,2025-11-06T01:48:42+05:30
pay_00000000000569,order_0000000569,975.98,upi,captured,2025-11-28T22:06:16+05:30
pay_00000000000570,order_0000000570,954.00,card,failed,2025-11-22T19:40:34+05:30
pay_00000000000571,order_0000000571,285.00,upi,captured,2025-11-01T11:50:14+05:30
pay_00000000000572,order_0000000572,408.96,upi,captured,2025-11-25T02:44:48+05:30
pay_00000000000573,order_0000000573,642.00,upi,captured,2025-11-10T14:13:21+05:30
pay_00000000000574,order_0000000574,5785.99,upi,captured,2025-11-04T10:33:10+05:30
pay_00000000000575,order_0000000575,946.42,card,captured,2025-11-04T22:44:00+05:30
pay_00000000000576,order_0000000576,1016.94,upi,failed,2025-11-29T11:21:18+05:30
pay_00000000000577,order_0000000577,386.10,upi,captured,2025-11-24T15:20:48+05:30
pay_00000000000578,order_0000000578,1924.00,netbanking,captured,2025-11-23T16:00:17+05:30
pay_00000000000579,order_0000000579,559.00,wallet,captured,2025-11-21T16:32:06+05:30
pay_00000000000580,order_0000000580,863.00,upi,captured,2025-11-18T15:54:35+05:30
pay_00000000000581,order_0000000581,590.97,upi,captured,2025-11-21T06:46:10+05:30
pay_00000000000582,order_0000000582,601.99,upi,captured,2025-11-15T13:09:53+05:30
pay_00000000000583,order_0000000583,512.44,card,captured,2025-11-29T09:19:07+05:30
pay_00000000000584,order_0000000584,992.99,wallet,captured,2025-11-13T09:11:46+05:30
pay_00000000000585,order_0000000585,188.96,upi,captured,2025-11-03T17:40:16+05:30
pay_00000000000586,order_0000000586,546.00,upi,captured,2025-11-21T10:17:39+05:30
pay_00000000000587,order_0000000587,846.00,upi,captured,2025-11-10T07:56:55+05:30
pay_00000000000588,order_0000000588,834.00,wallet,captured,2025-11-06T13:18:16+05:30
pay_00000000000589,order_0000000589,1556.04,upi,captured,2025-11-19T16:35:28+05:30
pay_00000000000590,order_0000000590,546.00,card,captured,2025-11-15T01:05:02+05:30
pay_00000000000591,order_0000000591,403.99,upi,captured,2025-11-15T14:39:05+05:30
pay_00000000000592,order_0000000592,895.00,card,captured,2025-11-25T23:27:01+05:30
pay_00000000000593,order_0000000593,1056.00,card,captured,2025-11-17T09:30:12+05:30
pay_00000000000594,order_0000000594,1187.99,upi,captured,2025-11-26T16:58:28+05:30
pay_00000000000595,order_0000000595,207.65,upi,captured,2025-11-15T16:29:20+05:30
pay_00000000000596,order_0000000596,2509.84,upi,captured,2025-11-09T18:12:22+05:30
pay_00000000000597,order_0000000597,494.00,upi,captured,2025-11-11T23:40:41+05:30
pay_00000000000598,order_0000000598,431.00,upi,captured,2025-11-09T14:25:07+05:30
pay_00000000000599,order_0000000599,2390.95,upi,captured,2025-11-26T15:21:08+05:30
pay_00000000000600,order_0000000600,337.44,upi,captured,2025-11-08T17:52:05+05:30
pay_00000000000601,order_0000000601,486.00,wallet,captured,2025-11-16T21:23:56+05:30
pay_00000000000602,order_0000000602,216.00,upi,captured,2025-11-29T11:45:43+05:30
pay_00000000000603,order_0000000603,516.75,card,captured,2025-11-28T17:24:26+05:30
pay_00000000000604,order_0000000604,284.00,card,captured,2025-11-16T21:15:42+05:30
pay_00000000000605,order_0000000605,2926.00,upi,captured,2025-11-11T08:14:29+05:30
pay_00000000000606,order_0000000606,725.00,netbanking,captured,2025-11-29T09:54:29+05:30
pay_00000000000607,order_0000000607,681.10,netbanking,captured,2025-11-20T13:55:34+05:30
pay_00000000000608,order_0000000608,3439.90,upi,captured,2025-11-23T14:05:41+05:30
pay_00000000000609,order_0000000609,597.03,card,captured,2025-11-28T17:45:08+05:30
pay_00000000000610,order_0000000610,846.00,card,captured,2025-11-01T15:42:48+05:30
pay_00000000000611,order_0000000611,671.84,upi,captured,2025-11-24T13:12:30+05:30
pay_00000000000612,order_0000000612,1408.00,wallet,captured,2025-11-10T17:37:05+05:30
pay_00000000000613,order_0000000613,172.21,card,captured,2025-11-15T21:58:48+05:30
pay_00000000000614,order_0000000614,2343.00,upi,captured,2025-11-11T16:31:40+05:30
pay_00000000000615,order_0000000615,927.00,upi,captured,2025-11-07T18:12:05+05:30
pay_00000000000616,order_0000000616,949.00,upi,captured,2025-11-20T06:55:54+05:30
pay_00000000000617,order_0000000617,734.93,upi,captured,2025-11-17T22:01:02+05:30
pay_00000000000618,order_0000000618,165.00,card,captured,2025-11-12T15:10:10+05:30
pay_00000000000619,order_0000000619,382.51,upi,captured,2025-11-18T20:26:27+05:30
pay_00000000000620,order_0000000620,1954.99,upi,captured,2025-11-22T11:57:41+05:30
pay_00000000000621,order_0000000621,14478.00,netbanking,captured,2025-11-07T12:29:39+05:30
pay_00000000000622,order_0000000622,964.54,upi,captured,2025-11-28T18:26:01+05:30
pay_00000000000623,order_0000000623,1071.00,card,captured,2025-11-11T15:01:14+05:30
pay_00000000000624,order_0000000624,572.44,card,captured,2025-11-19T05:55:01+05:30
pay_00000000000625,order_0000000625,547.07,upi,failed,2025-11-17T20:40:46+05:30
pay_00000000000626,order_0000000626,814.62,upi,captured,2025-11-26T20:12:49+05:30
pay_00000000000627,order_0000000627,954.67,upi,captured,2025-11-05T08:13:01+05:30
pay_00000000000628,order_0000000628,2646.17,upi,captured,2025-11-21T20:29:32+05:30
pay_00000000000629,order_0000000629,547.80,card,captured,2025-11-05T22:35:20+05:30
pay_00000000000630,order_0000000630,771.00,upi,captured,2025-11-16T12:38:31+05:30
pay_00000000000631,order_0000000631,850.99,card,captured,2025-11-12T16:10:53+05:30
pay_00000000000632,order_0000000632,1400.00,netbanking,captured,2025-11-03T12:51:01+05:30
pay_00000000000633,order_0000000633,123.00,upi,captured,2025-11-29T20:53:30+05:30
pay_00000000000634,order_0000000634,2484.00,upi,captured,2025-11-25T23:47:24+05:30
pay_00000000000635,order_0000000635,1037.99,upi,captured,2025-11-16T09:56:06+05:30
pay_00000000000636,order_0000000636,964.99,card,captured,2025-11-29T08:40:19+05:30
pay_00000000000637,order_0000000637,527.68,upi,captured,2025-11-03T23:09:42+05:30
pay_00000000000638,order_0000000638,675.42,upi,captured,2025-11-13T15:03:09+05:30
pay_00000000000639,order_0000000639,910.87,upi,captured,2025-11-05T19:26:50+05:30
pay_00000000000640,order_0000000640,704.99,upi,captured,2025-11-16T13:42:28+05:30
pay_00000000000641,order_0000000641,897.99,upi,captured,2025-11-19T10:47:29+05:30
pay_00000000000642,order_0000000642,1094.32,wallet,captured,2025-11-14T18:28:11+05:30
pay_00000000000643,order_0000000643,869.00,upi,captured,2025-11-11T12:55:36+05:30
pay_00000000000644,order_0000000644,16142.99,card,captured,2025-11-24T14:32:53+05:30
pay_00000000000645,order_0000000645,631.00,card,captured,2025-11-03T18:34:49+05:30
pay_00000000000646,order_0000000646,1388.00,upi,captured,2025-11-14T22:22:47+05:30
pay_00000000000647,order_0000000647,697.98,upi,captured,2025-11-04T10:54:12+05:30
pay_00000000000648,order_0000000648,739.50,card,captured,2025-11-21T19:26:15+05:30
pay_00000000000649,order_0000000649,1027.00,card,captured,2025-11-25T12:17:33+05:30
pay_00000000000650,order_0000000650,713.06,upi,captured,2025-11-30T15:13:25+05:30
pay_00000000000651,order_0000000651,330.71,upi,captured,2025-11-05T20:07:11+05:30
pay_00000000000652,order_0000000652,349.99,wallet,captured,2025-11-30T09:48:44+05:30
pay_00000000000653,order_0000000653,850.63,upi,captured,2025-11-07T09:19:46+05:30
pay_00000000000654,order_0000000654,1546.99,upi,captured,2025-11-27T19:24:22+05:30
pay_00000000000655,order_0000000655,895.00,upi,captured,2025-11-19T17:22:03+05:30
pay_00000000000656,order_0000000656,1156.00,card,captured,2025-11-19T09:09:47+05:30
pay_00000000000657,order_0000000657,747.00,card,captured,2025-11-03T12:35:01+05:30
pay_00000000000658,order_0000000658,2593.00,upi,captured,2025-11-09T08:05:32+05:30
pay_00000000000659,order_0000000659,704.00,card,captured,2025-11-02T09:16:56+05:30
pay_00000000000660,order_0000000660,2147.00,upi,captured,2025-11-06T08:26:40+05:30
pay_00000000000661,order_0000000661,569.00,netbanking,captured,2025-11-08T02:53:21+05:30
pay_00000000000662,order_0000000662,2442.21,card,captured,2025-11-21T09:50:05+05:30
pay_00000000000663,order_0000000663,551.53,card,captured,2025-11-11T14:49:12+05:30
pay_00000000000664,order_0000000664,962.27,card,captured,2025-11-17T14:44:03+05:30
pay_00000000000665,order_0000000665,753.99,netbanking,captured,2025-11-25T14:13:01+05:30
pay_00000000000666,order_0000000666,14359.00,upi,captured,2025-11-07T21:09:02+05:30
pay_00000000000667,order_0000000667,863.88,upi,captured,2025-11-15T22:15:23+05:30
pay_00000000000668,order_0000000668,354.61,upi,captured,2025-11-08T18:28:26+05:30
pay_00000000000669,order_0000000669,887.99,upi,captured,2025-11-06T18:26:52+05:30
pay_00000000000670,order_0000000670,1074.99,upi,captured,2025-11-27T18:59:00+05:30
pay_00000000000671,order_0000000671,495.00,card,failed,2025-11-17T16:35:04+05:30
pay_00000000000672,order_0000000672,935.00,upi,captured,2025-11-24T18:26:58+05:30
pay_00000000000673,order_0000000673,922.99,card,captured,2025-11-09T19:29:29+05:30
pay_00000000000674,order_0000000674,1300.43,card,captured,2025-11-30T00:18:21+05:30
pay_00000000000675,order_0000000675,2949.99,upi,captured,2025-11-13T12:39:09+05:30
pay_00000000000676,order_0000000676,140.00,wallet,captured,2025-11-20T22:45:42+05:30
pay_00000000000677,order_0000000677,3410.00,card,captured,2025-11-23T04:21:27+05:30
pay_00000000000678,order_0000000678,587.68,upi,captured,2025-11-11T07:11:20+05:30
pay_00000000000679,order_0000000679,838.23,netbanking,captured,2025-11-27T08:02:37+05:30
pay_00000000000680,order_0000000680,2359.70,card,captured,2025-11-30T17:21:53+05:30
pay_00000000000681,order_0000000681,176.60,card,captured,2025-11-16T14:53:11+05:30
pay_00000000000682,order_0000000682,362.00,card,captured,2025-11-14T13:16:01+05:30
pay_00000000000683,order_0000000683,892.58,upi,captured,2025-11-29T08:03:46+05:30
pay_00000000000684,order_0000000684,1033.34,card,captured,2025-11-02T17:19:56+05:30
pay_00000000000685,order_0000000685,780.95,upi,captured,2025-11-08T20:53:33+05:30
pay_00000000000686,order_0000000686,1021.36,card,captured,2025-11-01T01:50:57+05:30
pay_00000000000687,order_0000000687,590.99,card,captured,2025-11-15T22:18:24+05:30
pay_00000000000688,order_0000000688,846.00,card,captured,2025-11-29T02:51:46+05:30
pay_00000000000689,order_0000000689,910.99,card,captured,2025-11-08T18:27:58+05:30
pay_00000000000690,order_0000000690,1049.38,card,captured,2025-11-05T17:38:52+05:30
pay_00000000000691,order_0000000691,2669.00,upi,captured,2025-11-15T12:57:00+05:30
pay_00000000000692,order_0000000692,966.99,upi,captured,2025-11-21T17:39:24+05:30
pay_00000000000693,order_0000000693,2868.31,upi,captured,2025-11-24T18:57:31+05:30
pay_00000000000694,order_0000000694,632.94,upi,captured,2025-11-22T22:46:04+05:30
pay_00000000000695,order_0000000695,476.43,card,captured,2025-11-15T16:41:30+05:30
pay_00000000000696,order_0000000696,949.01,card,captured,2025-11-23T01:03:58+05:30
pay_00000000000697,order_0000000697,940.94,card,captured,2025-11-19T08:42:57+05:30
pay_00000000000698,order_0000000698,1021.94,card,captured,2025-11-29T05:20:34+05:30
pay_00000000000699,order_0000000699,621.63,upi,captured,2025-11-07T05:03:03+05:30
pay_00000000000700,order_0000000700,912.99,upi,captured,2025-11-17T16:37:12+05:30
pay_00000000000701,order_0000000701,937.23,card,captured,2025-11-27T09:48:33+05:30
pay_00000000000702,order_0000000702,1283.39,upi,captured,2025-11-21T12:12:24+05:30
pay_00000000000703,order_0000000703,109.43,card,captured,2025-11-30T20:15:20+05:30
pay_00000000000704,order_0000000704,405.99,wallet,captured,2025-11-06T15:20:38+05:30
pay_00000000000705,order_0000000705,649.00,upi,captured,2025-11-13T20:41:11+05:30
pay_00000000000706,order_0000000706,334.00,upi,captured,2025-11-26T02:36:03+05:30
pay_00000000000707,order_0000000707,111.00,upi,captured,2025-11-02T17:52:44+05:30
pay_00000000000708,order_0000000708,275.74,upi,captured,2025-11-08T22:19:27+05:30
pay_00000000000709,order_0000000709,239.55,card,captured,2025-11-09T18:32:24+05:30
pay_00000000000710,order_0000000710,761.43,netbanking,captured,2025-11-03T17:00:36+05:30
pay_00000000000711,order_0000000711,1951.00,card,captured,2025-11-11T16:43:13+05:30
pay_00000000000712,order_0000000712,205.64,upi,captured,2025-11-22T18:54:20+05:30
pay_00000000000713,order_0000000713,116.12,card,captured,2025-11-03T08:03:03+05:30
pay_00000000000714,order_0000000714,784.99,card,captured,2025-11-18T22:24:53+05:30
pay_00000000000715,order_0000000715,421.99,upi,captured,2025-11-29T20:02:49+05:30
pay_00000000000716,order_0000000716,875.00,upi,captured,2025-11-12T05:20:20+05:30
pay_00000000000717,order_0000000717,276.00,netbanking,captured,2025-11-15T23:51:30+05:30
pay_00000000000718,order_0000000718,752.99,upi,captured,2025-11-25T22:47:44+05:30
pay_00000000000719,order_0000000719,130.07,upi,failed,2025-11-23T23:17:50+05:30
pay_00000000000720,order_0000000720,261.00,upi,captured,2025-11-06T21:45:10+05:30
pay_00000000000721,order_0000000721,249.00,upi,captured,2025-11-16T17:31:18+05:30
pay_00000000000722,order_0000000722,2288.00,card,captured,2025-11-16T23:26:19+05:30
pay_00000000000723,order_0000000723,1022.45,upi,captured,2025-11-25T09:06:08+05:30
pay_00000000000724,order_0000000724,263.99,card,captured,2025-11-30T03:00:50+05:30
pay_00000000000725,order_0000000725,266.27,upi,captured,2025-11-19T18:13:44+05:30
pay_00000000000726,order_0000000726,796.00,upi,captured,2025-11-21T02:16:00+05:30
pay_00000000000727,order_0000000727,1538.34,upi,captured,2025-11-27T16:17:23+05:30
pay_00000000000728,order_0000000728,436.00,upi,captured,2025-11-02T03:03:02+05:30
pay_00000000000729,order_0000000729,548.68,card,captured,2025-11-18T12:10:48+05:30
pay_00000000000730,order_0000000730,2819.36,upi,captured,2025-11-15T19:05:28+05:30
pay_00000000000731,order_0000000731,14076.57,netbanking,captured,2025-11-05T21:17:30+05:30
pay_00000000000732,order_0000000732,1932.00,upi,captured,2025-11-21T15:24:56+05:30
pay_00000000000733,order_0000000733,705.29,card,captured,2025-11-18T04:20:59+05:30
pay_00000000000734,order_0000000734,817.34,wallet,captured,2025-11-20T10:34:19+05:30
pay_00000000000735,order_0000000735,534.99,card,captured,2025-11-15T15:20:10+05:30
pay_00000000000736,order_0000000736,149.04,upi,failed,2025-11-22T09:45:34+05:30
pay_00000000000737,order_0000000737,194.77,upi,captured,2025-11-06T15:43:30+05:30
pay_00000000000738,order_0000000738,406.78,upi,captured,2025-11-30T23:01:22+05:30
pay_00000000000739,order_0000000739,920.46,upi,captured,2025-11-21T21:51:15+05:30
pay_00000000000740,order_0000000740,2261.00,upi,captured,2025-11-10T23:46:19+05:30
pay_00000000000741,order_0000000741,566.00,netbanking,captured,2025-11-12T17:52:50+05:30
pay_00000000000742,order_0000000742,1785.90,upi,captured,2025-11-04T13:17:13+05:30
pay_00000000000743,order_0000000743,810.99,card,captured,2025-11-24T23:28:14+05:30
pay_00000000000744,order_0000000744,595.99,card,captured,2025-11-30T07:38:10+05:30
pay_00000000000745,order_0000000745,279.20,upi,captured,2025-11-14T22:48:36+05:30
pay_00000000000746,order_0000000746,295.00,upi,captured,2025-11-05T21:55:57+05:30
pay_00000000000747,order_0000000747,174.20,upi,captured,2025-11-04T08:18:17+05:30
pay_00000000000748,order_0000000748,175.00,upi,captured,2025-11-11T20:32:31+05:30
pay_00000000000749,order_0000000749,856.71,upi,captured,2025-11-28T16:59:56+05:30
pay_00000000000750,order_0000000750,1620.41,wallet,failed,2025-11-14T02:48:04+05:30
pay_00000000000751,order_0000000751,1005.00,upi,captured,2025-11-05T02:09:21+05:30
pay_00000000000752,order_0000000752,313.00,upi,captured,2025-11-24T20:05:27+05:30
pay_00000000000753,order_0000000753,147.73,card,captured,2025-11-09T20:01:48+05:30
pay_00000000000754,order_0000000754,914.09,card,captured,2025-11-24T05:12:00+05:30
pay_00000000000755,order_0000000755,913.58,upi,captured,2025-11-24T01:09:36+05:30
pay_00000000000756,order_0000000756,1113.00,card,captured,2025-11-11T21:46:50+05:30
pay_00000000000757,order_0000000757,1375.99,upi,captured,2025-11-03T07:51:27+05:30
pay_00000000000758,order_0000000758,732.29,upi,captured,2025-11-02T02:43:31+05:30
pay_00000000000759,order_0000000759,415.00,card,captured,2025-11-17T09:58:12+05:30
pay_00000000000760,order_0000000760,756.87,upi,captured,2025-11-09T13:40:04+05:30
pay_00000000000761,order_0000000761,6104.30,upi,captured,2025-11-09T22:06:20+05:30
pay_00000000000762,order_0000000762,381.00,netbanking,captured,2025-11-05T13:15:31+05:30
pay_00000000000763,order_0000000763,726.89,wallet,captured,2025-11-29T20:04:29+05:30
pay_00000000000764,order_0000000764,193.00,upi,captured,2025-11-18T14:10:09+05:30
pay_00000000000765,order_0000000765,426.00,card,captured,2025-11-29T21:42:23+05:30
pay_00000000000766,order_0000000766,517.76,upi,captured,2025-11-15T20:02:09+05:30
pay_00000000000767,order_0000000767,970.00,card,captured,2025-11-05T21:28:43+05:30
pay_00000000000768,order_0000000768,594.29,upi,captured,2025-11-29T16:29:08+05:30
pay_00000000000769,order_0000000769,368.48,netbanking,captured,2025-11-26T16:00:57+05:30
pay_00000000000770,order_0000000770,1167.00,wallet,captured,2025-11-06T22:57:15+05:30
pay_00000000000771,order_0000000771,642.93,upi,failed,2025-11-29T17:02:32+05:30
pay_00000000000772,order_0000000772,699.14,wallet,captured,2025-11-19T21:18:54+05:30
pay_00000000000773,order_0000000773,941.00,card,captured,2025-11-30T00:48:27+05:30
pay_00000000000774,order_0000000774,1988.00,card,captured,2025-11-06T01:18:57+05:30
pay_00000000000775,order_0000000775,236.90,netbanking,failed,2025-11-15T23:56:55+05:30
pay_00000000000776,order_0000000776,527.99,upi,captured,2025-11-17T05:58:20+05:30
pay_00000000000777,order_0000000777,842.76,upi,captured,2025-11-29T08:50:02+05:30
pay_00000000000778,order_0000000778,545.25,upi,captured,2025-11-19T23:59:52+05:30
pay_00000000000779,order_0000000779,325.29,card,captured,2025-11-06T17:51:29+05:30
pay_00000000000780,order_0000000780,808.82,card,captured,2025-11-30T19:42:28+05:30
pay_00000000000781,order_0000000781,907.05,upi,captured,2025-11-01T21:05:47+05:30
pay_00000000000782,order_0000000782,3293.66,netbanking,captured,2025-11-08T16:00:59+05:30
pay_00000000000783,order_0000000783,1005.00,card,captured,2025-11-11T17:37:51+05:30
pay_00000000000784,order_0000000784,573.00,upi,captured,2025-11-20T22:06:53+05:30
pay_00000000000785,order_0000000785,2399.99,upi,captured,2025-11-13T09:47:07+05:30
pay_00000000000786,order_0000000786,254.00,upi,captured,2025-11-16T19:21:46+05:30
pay_00000000000787,order_0000000787,128.00,netbanking,captured,2025-11-14T20:22:12+05:30
pay_00000000000788,order_0000000788,348.87,card,captured,2025-11-08T13:50:35+05:30
pay_00000000000789,order_0000000789,716.50,upi,captured,2025-11-16T04:53:00+05:30
pay_00000000000790,order_0000000790,1287.00,upi,captured,2025-11-01T15:28:21+05:30
pay_00000000000791,order_0000000791,389.99,wallet,captured,2025-11-09T13:20:18+05:30
pay_00000000000792,order_0000000792,441.00,card,captured,2025-11-29T21:07:22+05:30
pay_00000000000793,order_0000000793,427.99,card,captured,2025-11-10T12:24:32+05:30
pay_00000000000794,order_0000000794,189.36,upi,captured,2025-11-14T00:58:17+05:30
pay_00000000000795,order_0000000795,969.21,upi,captured,2025-11-15T03:53:02+05:30
pay_00000000000796,order_0000000796,183.99,card,captured,2025-11-05T15:51:20+05:30
pay_00000000000797,order_0000000797,500.51,card,captured,2025-11-22T12:42:49+05:30
pay_00000000000798,order_0000000798,900.99,card,captured,2025-11-19T07:46:18+05:30
pay_00000000000799,order_0000000799,1492.23,upi,captured,2025-11-04T20:42:49+05:30
pay_00000000000800,order_0000000800,1049.00,upi,captured,2025-11-18T12:58:09+05:30
pay_00000000000801,order_0000000801,531.99,card,captured,2025-11-11T06:59:41+05:30
pay_00000000000802,order_0000000802,419.00,wallet,captured,2025-11-12T12:11:41+05:30
pay_00000000000803,order_0000000803,616.00,card,captured,2025-11-06T10:38:32+05:30
pay_00000000000804,order_0000000804,944.47,netbanking,captured,2025-11-08T22:56:46+05:30
pay_00000000000805,order_0000000805,1199.78,upi,captured,2025-11-16T08:24:57+05:30
pay_00000000000806,order_0000000806,1263.00,upi,captured,2025-11-25T16:59:11+05:30
pay_00000000000807,order_0000000807,735.00,card,captured,2025-11-09T16:36:38+05:30
pay_00000000000808,order_0000000808,657.78,upi,captured,2025-11-15T17:48:16+05:30
pay_00000000000809,order_0000000809,305.00,netbanking,captured,2025-11-16T04:34:29+05:30
pay_00000000000810,order_0000000810,1051.43,upi,captured,2025-11-24T02:38:03+05:30
pay_00000000000811,order_0000000811,942.00,upi,captured,2025-11-19T09:16:08+05:30
pay_00000000000812,order_0000000812,618.74,netbanking,captured,2025-11-26T11:05:47+05:30
pay_00000000000813,order_0000000813,424.00,upi,captured,2025-11-15T12:48:28+05:30
pay_00000000000814,order_0000000814,490.02,card,captured,2025-11-04T04:36:07+05:30
pay_00000000000815,order_0000000815,702.75,card,captured,2025-11-15T10:02:00+05:30
pay_00000000000816,order_0000000816,629.56,upi,captured,2025-11-24T12:45:09+05:30
pay_00000000000817,order_0000000817,490.00,card,captured,2025-11-22T23:40:34+05:30
pay_00000000000818,order_0000000818,521.99,upi,captured,2025-11-03T10:18:11+05:30
pay_00000000000819,order_0000000819,402.99,upi,captured,2025-11-07T23:19:49+05:30
pay_00000000000820,order_0000000820,483.00,card,captured,2025-11-01T17:22:04+05:30
pay_00000000000821,order_0000000821,190.00,wallet,captured,2025-11-13T10:48:22+05:30
pay_00000000000822,order_0000000822,882.00,card,captured,2025-11-01T13:44:01+05:30
pay_00000000000823,order_0000000823,665.38,upi,captured,2025-11-29T22:59:18+05:30
pay_00000000000824,order_0000000824,259.53,upi,captured,2025-11-25T17:57:26+05:30
pay_00000000000825,order_0000000825,367.68,upi,captured,2025-11-19T07:36:16+05:30
pay_00000000000826,order_0000000826,754.50,upi,captured,2025-11-30T05:07:52+05:30
pay_00000000000827,order_0000000827,2090.99,card,captured,2025-11-28T18:07:00+05:30
pay_00000000000828,order_0000000828,521.99,card,captured,2025-11-12T16:23:19+05:30
pay_00000000000829,order_0000000829,199.00,upi,captured,2025-11-20T12:58:29+05:30
pay_00000000000830,order_0000000830,590.46,card,captured,2025-11-14T16:29:45+05:30
pay_00000000000831,order_0000000831,913.00,wallet,captured,2025-11-08T15:52:07+05:30
pay_00000000000832,order_0000000832,536.02,upi,captured,2025-11-26T19:10:42+05:30
pay_00000000000833,order_0000000833,585.00,upi,captured,2025-11-27T10:06:26+05:30
pay_00000000000834,order_0000000834,297.52,netbanking,captured,2025-11-08T20:46:10+05:30
pay_00000000000835,order_0000000835,673.99,wallet,captured,2025-11-05T21:21:46+05:30
pay_00000000000836,order_0000000836,460.09,netbanking,captured,2025-11-25T21:20:09+05:30
pay_00000000000837,order_0000000837,204.00,card,captured,2025-11-08T01:12:44+05:30
pay_00000000000838,order_0000000838,664.99,card,failed,2025-11-23T21:39:02+05:30
pay_00000000000839,order_0000000839,1153.62,netbanking,captured,2025-11-17T22:15:25+05:30
pay_00000000000840,order_0000000840,2386.75,card,captured,2025-11-04T14:01:04+05:30
pay_00000000000841,order_0000000841,2555.62,upi,captured,2025-11-14T10:54:15+05:30
pay_00000000000842,order_0000000842,1999.99,upi,captured,2025-11-22T18:27:51+05:30
pay_00000000000843,order_0000000843,1008.00,card,captured,2025-11-04T15:36:48+05:30
pay_00000000000844,order_0000000844,651.99,upi,captured,2025-11-02T14:28:30+05:30
pay_00000000000845,order_0000000845,2067.24,upi,captured,2025-11-08T13:42:11+05:30
pay_00000000000846,order_0000000846,1599.07,upi,captured,2025-11-15T11:10:29+05:30
pay_00000000000847,order_0000000847,866.79,upi,captured,2025-11-14T17:11:28+05:30
pay_00000000000848,order_0000000848,3025.81,card,failed,2025-11-16T14:18:50+05:30
pay_00000000000849,order_0000000849,2665.89,upi,captured,2025-11-13T18:40:21+05:30
pay_00000000000850,order_0000000850,2950.61,upi,captured,2025-11-23T13:12:56+05:30
pay_00000000000851,order_0000000851,2908.60,upi,captured,2025-11-28T17:39:08+05:30
pay_00000000000852,order_0000000852,1047.60,upi,captured,2025-11-14T16:48:02+05:30
pay_00000000000853,order_0000000853,331.31,wallet,captured,2025-11-15T10:47:20+05:30
pay_00000000000854,order_0000000854,1024.00,card,captured,2025-11-09T15:54:18+05:30
pay_00000000000855,order_0000000855,412.96,netbanking,captured,2025-11-09T12:15:12+05:30
pay_00000000000856,order_0000000856,4066.10,card,captured,2025-11-11T19:19:16+05:30
pay_00000000000857,order_0000000857,340.00,upi,captured,2025-11-16T00:50:13+05:30
pay_00000000000858,order_0000000858,107.86,card,captured,2025-11-07T21:22:28+05:30
pay_00000000000859,order_0000000859,2161.00,upi,captured,2025-11-28T20:28:14+05:30
pay_00000000000860,order_0000000860,1873.99,upi,captured,2025-11-08T14:09:46+05:30
pay_00000000000861,order_0000000861,622.99,card,captured,2025-11-02T23:48:13+05:30
pay_00000000000862,order_0000000862,1957.00,upi,captured,2025-11-28T19:34:11+05:30
pay_00000000000863,order_0000000863,505.15,card,captured,2025-11-10T19:07:34+05:30
pay_00000000000864,order_0000000864,1320.79,upi,failed,2025-11-15T15:52:26+05:30
pay_00000000000865,order_0000000865,717.00,card,captured,2025-11-24T13:11:07+05:30
pay_00000000000866,order_0000000866,1658.85,card,captured,2025-11-12T16:59:59+05:30
pay_00000000000867,order_0000000867,2223.60,upi,captured,2025-11-07T06:33:52+05:30
pay_00000000000868,order_0000000868,221.52,card,captured,2025-11-27T14:19:25+05:30
pay_00000000000869,order_0000000869,136.99,upi,captured,2025-11-30T08:44:19+05:30
pay_00000000000870,order_0000000870,232.99,upi,captured,2025-11-23T23:13:09+05:30
pay_00000000000871,order_0000000871,522.01,card,captured,2025-11-08T11:12:01+05:30
pay_00000000000872,order_0000000872,2036.36,card,captured,2025-11-30T23:43:57+05:30
pay_00000000000873,order_0000000873,853.93,card,captured,2025-11-02T20:30:46+05:30
pay_00000000000874,order_0000000874,673.36,upi,captured,2025-11-21T08:56:45+05:30
pay_00000000000875,order_0000000875,2322.10,netbanking,captured,2025-11-19T12:40:15+05:30
pay_00000000000876,order_0000000876,350.91,netbanking,captured,2025-11-03T01:25:51+05:30
pay_00000000000877,order_0000000877,486.00,upi,captured,2025-11-24T18:37:13+05:30
pay_00000000000878,order_0000000878,853.42,card,captured,2025-11-13T16:50:22+05:30
pay_00000000000879,order_0000000879,216.65,wallet,captured,2025-11-29T12:38:15+05:30
pay_00000000000880,order_0000000880,330.00,card,captured,2025-11-29T23:06:13+05:30
pay_00000000000881,order_0000000881,457.00,netbanking,captured,2025-11-20T12:49:49+05:30
pay_00000000000882,order_0000000882,528.00,upi,captured,2025-11-19T15:53:45+05:30
pay_00000000000883,order_0000000883,3686.00,wallet,captured,2025-11-05T14:11:06+05:30
pay_00000000000884,order_0000000884,864.88,upi,captured,2025-11-09T01:17:30+05:30
pay_00000000000885,order_0000000885,812.99,upi,captured,2025-11-08T18:35:09+05:30
pay_00000000000886,order_0000000886,343.13,upi,captured,2025-11-06T14:00:45+05:30
pay_00000000000887,order_0000000887,134.00,upi,captured,2025-11-27T23:57:37+05:30
pay_00000000000888,order_0000000888,394.33,upi,captured,2025-11-15T13:28:03+05:30
pay_00000000000889,order_0000000889,1926.53,upi,captured,2025-11-08T13:18:56+05:30
pay_00000000000890,order_0000000890,230.23,upi,captured,2025-11-20T17:21:12+05:30
pay_00000000000891,order_0000000891,1024.99,card,captured,2025-11-11T20:00:05+05:30
pay_00000000000892,order_0000000892,595.99,upi,captured,2025-11-23T06:03:53+05:30
pay_00000000000893,order_0000000893,899.99,upi,captured,2025-11-27T09:42:50+05:30
pay_00000000000894,order_0000000894,945.21,card,captured,2025-11-01T21:13:12+05:30
pay_00000000000895,order_0000000895,748.00,card,captured,2025-11-19T19:11:26+05:30
pay_00000000000896,order_0000000896,1661.99,upi,captured,2025-11-15T07:32:39+05:30
pay_00000000000897,order_0000000897,247.26,card,captured,2025-11-21T14:25:06+05:30
pay_00000000000898,order_0000000898,1821.00,netbanking,captured,2025-11-10T08:27:33+05:30
pay_00000000000899,order_0000000899,762.92,card,captured,2025-11-28T23:21:46+05:30
pay_00000000000900,order_0000000900,426.79,card,captured,2025-11-07T06:18:11+05:30
pay_00000000000901,order_0000000901,6467.00,upi,captured,2025-11-13T02:52:02+05:30
pay_00000000000902,order_0000000902,335.22,wallet,captured,2025-11-05T09:18:15+05:30
pay_00000000000903,order_0000000903,2606.00,upi,captured,2025-11-01T19:58:57+05:30
pay_00000000000904,order_0000000904,475.00,card,captured,2025-11-01T09:51:08+05:30
pay_00000000000905,order_0000000905,3857.58,card,captured,2025-11-25T03:45:20+05:30
pay_00000000000906,order_0000000906,3195.49,upi,captured,2025-11-08T16:16:02+05:30
pay_00000000000907,order_0000000907,1497.00,netbanking,captured,2025-11-02T05:51:48+05:30
pay_00000000000908,order_0000000908,1065.00,upi,captured,2025-11-22T22:47:40+05:30
pay_00000000000909,order_0000000909,327.13,upi,captured,2025-11-05T00:41:35+05:30
pay_00000000000910,order_0000000910,2668.00,netbanking,captured,2025-11-10T22:57:52+05:30
pay_00000000000911,order_0000000911,7647.00,netbanking,captured,2025-11-20T14:39:45+05:30
pay_00000000000912,order_0000000912,660.48,upi,captured,2025-11-11T21:48:40+05:30
pay_00000000000913,order_0000000913,265.63,card,captured,2025-11-22T09:49:24+05:30
pay_00000000000914,order_0000000914,108.82,upi,failed,2025-11-19T17:27:52+05:30
pay_00000000000915,order_0000000915,948.00,upi,captured,2025-11-08T19:51:54+05:30
pay_00000000000916,order_0000000916,284.79,card,captured,2025-11-03T15:55:19+05:30
pay_00000000000917,order_0000000917,574.00,upi,captured,2025-11-18T00:14:25+05:30
pay_00000000000918,order_0000000918,1039.00,netbanking,captured,2025-11-07T09:57:40+05:30
pay_00000000000919,order_0000000919,910.09,upi,captured,2025-11-29T21:20:35+05:30
pay_00000000000920,order_0000000920,309.48,upi,captured,2025-11-17T12:30:36+05:30
pay_00000000000921,order_0000000921,745.00,netbanking,captured,2025-11-06T19:47:22+05:30
pay_00000000000922,order_0000000922,265.45,card,failed,2025-11-25T19:45:35+05:30
pay_00000000000923,order_0000000923,166.00,upi,captured,2025-11-02T17:58:18+05:30
pay_00000000000924,order_0000000924,2656.00,upi,captured,2025-11-10T18:26:46+05:30
pay_00000000000925,order_0000000925,276.11,netbanking,captured,2025-11-30T12:07:47+05:30
pay_00000000000926,order_0000000926,687.00,card,captured,2025-11-18T17:12:49+05:30
pay_00000000000927,order_0000000927,268.00,card,captured,2025-11-15T16:54:37+05:30
pay_00000000000928,order_0000000928,677.44,card,captured,2025-11-30T11:34:54+05:30
pay_00000000000929,order_0000000929,1025.90,upi,captured,2025-11-09T18:10:23+05:30
pay_00000000000930,order_0000000930,428.53,wallet,captured,2025-11-25T10:04:19+05:30
pay_00000000000931,order_0000000931,158.86,card,captured,2025-11-02T18:27:16+05:30
pay_00000000000932,order_0000000932,383.00,card,captured,2025-11-18T22:59:35+05:30
pay_00000000000933,order_0000000933,663.15,upi,captured,2025-11-01T17:11:42+05:30
pay_00000000000934,order_0000000934,12517.84,wallet,captured,2025-11-09T19:50:47+05:30
pay_00000000000935,order_0000000935,1853.99,card,captured,2025-11-28T17:51:33+05:30
pay_00000000000936,order_0000000936,258.90,upi,captured,2025-11-29T18:42:28+05:30
pay_00000000000937,order_0000000937,241.00,upi,captured,2025-11-04T11:05:15+05:30
pay_00000000000938,order_0000000938,3288.62,card,captured,2025-11-03T23:12:47+05:30
pay_00000000000939,order_0000000939,596.64,upi,captured,2025-11-11T08:42:30+05:30
pay_00000000000940,order_0000000940,1012.00,upi,captured,2025-11-22T13:45:32+05:30
pay_00000000000941,order_0000000941,149.88,card,captured,2025-11-25T19:56:38+05:30
pay_00000000000942,order_0000000942,14629.40,upi,captured,2025-11-14T21:21:01+05:30
pay_00000000000943,order_0000000943,201.34,netbanking,captured,2025-11-23T16:46:20+05:30
pay_00000000000944,order_0000000944,598.99,card,captured,2025-11-19T07:36:40+05:30
pay_00000000000945,order_0000000945,512.19,card,captured,2025-11-30T07:47:00+05:30
pay_00000000000946,order_0000000946,601.07,upi,captured,2025-11-29T19:20:15+05:30
pay_00000000000947,order_0000000947,533.65,upi,captured,2025-11-15T04:36:40+05:30
pay_00000000000948,order_0000000948,290.25,netbanking,captured,2025-11-03T08:34:01+05:30
pay_00000000000949,order_0000000949,850.67,card,captured,2025-11-15T11:43:59+05:30
pay_00000000000950,order_0000000950,2574.00,netbanking,captured,2025-11-07T17:37:33+05:30
pay_00000000000951,order_0000000951,505.00,card,captured,2025-11-04T11:45:06+05:30
pay_00000000000952,order_0000000952,325.00,upi,captured,2025-11-04T20:16:37+05:30
pay_00000000000953,order_0000000953,639.45,upi,captured,2025-11-08T15:36:06+05:30
pay_00000000000954,order_0000000954,1955.85,upi,captured,2025-11-29T18:57:04+05:30
pay_00000000000955,order_0000000955,229.00,card,captured,2025-11-01T12:17:15+05:30
pay_00000000000956,order_0000000956,403.99,upi,captured,2025-11-23T20:13:03+05:30
pay_00000000000957,order_0000000957,1797.00,upi,captured,2025-11-28T09:51:07+05:30
pay_00000000000958,order_0000000958,880.99,netbanking,captured,2025-11-16T04:19:18+05:30
pay_00000000000959,order_0000000959,678.99,upi,failed,2025-11-07T13:07:28+05:30
pay_00000000000960,order_0000000960,389.43,card,failed,2025-11-03T23:33:22+05:30
pay_00000000000961,order_0000000961,307.52,upi,captured,2025-11-01T15:53:20+05:30
pay_00000000000962,order_0000000962,624.00,upi,captured,2025-11-26T13:44:47+05:30
pay_00000000000963,order_0000000963,124.12,netbanking,captured,2025-11-12T11:56:44+05:30
pay_00000000000964,order_0000000964,540.24,upi,captured,2025-11-03T04:00:11+05:30
pay_00000000000965,order_0000000965,384.99,card,captured,2025-11-05T19:32:11+05:30
pay_00000000000966,order_0000000966,154.30,upi,captured,2025-11-02T11:27:59+05:30
pay_00000000000967,order_0000000967,876.00,card,captured,2025-11-16T15:07:43+05:30
pay_00000000000968,order_0000000968,240.99,card,captured,2025-11-30T07:52:50+05:30
pay_00000000000969,order_0000000969,961.99,netbanking,captured,2025-11-15T17:35:50+05:30
pay_00000000000970,order_0000000970,512.00,card,captured,2025-11-14T12:15:46+05:30
pay_00000000000971,order_0000000971,959.57,upi,captured,2025-11-13T10:27:32+05:30
pay_00000000000972,order_0000000972,269.99,upi,captured,2025-11-15T18:42:50+05:30
pay_00000000000973,order_0000000973,2276.00,wallet,captured,2025-11-22T11:41:26+05:30
pay_00000000000974,order_0000000974,245.68,netbanking,captured,2025-11-25T14:00:56+05:30
pay_00000000000975,order_0000000975,212.00,card,captured,2025-11-21T12:58:58+05:30
pay_00000000000976,order_0000000976,757.00,card,captured,2025-11-22T22:24:07+05:30
pay_00000000000977,order_0000000977,607.36,upi,captured,2025-11-24T21:54:12+05:30
pay_00000000000978,order_0000000978,909.99,upi,captured,2025-11-20T09:14:37+05:30
pay_00000000000979,order_0000000979,1222.99,upi,captured,2025-11-02T17:13:44+05:30
pay_00000000000980,order_0000000980,467.75,upi,captured,2025-11-20T14:56:45+05:30
pay_00000000000981,order_0000000981,814.00,upi,captured,2025-11-12T11:55:58+05:30
pay_00000000000982,order_0000000982,460.68,wallet,captured,2025-11-02T17:13:22+05:30
pay_00000000000983,order_0000000983,1671.99,upi,captured,2025-11-29T15:49:38+05:30
pay_00000000000984,order_0000000984,803.00,upi,captured,2025-11-09T13:47:18+05:30
pay_00000000000985,order_0000000985,1202.45,upi,captured,2025-11-14T13:17:53+05:30
pay_00000000000986,order_0000000986,1359.37,card,captured,2025-11-07T20:06:43+05:30
pay_00000000000987,order_0000000987,683.00,netbanking,captured,2025-11-06T12:45:22+05:30
pay_00000000000988,order_0000000988,3334.00,card,captured,2025-11-22T21:15:58+05:30
pay_00000000000989,order_0000000989,575.41,upi,captured,2025-11-13T11:27:45+05:30
pay_00000000000990,order_0000000990,367.00,wallet,captured,2025-11-07T08:04:03+05:30
pay_00000000000991,order_0000000991,1648.99,card,captured,2025-11-07T07:01:18+05:30
pay_00000000000992,order_0000000992,140.27,upi,captured,2025-11-02T19:40:13+05:30
pay_00000000000993,order_0000000993,746.00,upi,captured,2025-11-28T13:13:12+05:30
pay_00000000000994,order_0000000994,894.00,upi,captured,2025-11-20T16:29:32+05:30
pay_00000000000995,order_0000000995,350.00,upi,captured,2025-11-28T19:58:03+05:30
pay_00000000000996,order_0000000996,431.00,card,captured,2025-11-19T18:18:29+05:30
pay_00000000000997,order_0000000997,367.01,card,captured,2025-11-10T18:24:25+05:30
pay_00000000000998,order_0000000998,2476.98,upi,captured,2025-11-20T22:49:44+05:30
pay_00000000000999,order_0000000999,388.00,upi,captured,2025-11-25T20:22:56+05:30
pay_00000000001000,order_0000001000,976.00,wallet,captured,2025-11-19T21:54:40+05:30
pay_00000000001001,order_0000001001,428.80,upi,captured,2025-11-26T12:14:08+05:30
pay_00000000001002,order_0000001002,248.78,wallet,captured,2025-11-07T21:06:32+05:30
pay_00000000001003,order_0000001003,3158.33,upi,captured,2025-11-23T15:16:17+05:30
pay_00000000001004,order_0000001004,2218.03,card,captured,2025-11-02T20:10:43+05:30
pay_00000000001005,order_0000001005,1042.81,card,captured,2025-11-23T19:56:37+05:30
pay_00000000001006,order_0000001006,779.96,upi,captured,2025-11-30T17:43:11+05:30
pay_00000000001007,order_0000001007,1079.00,wallet,captured,2025-11-25T20:47:24+05:30
pay_00000000001008,order_0000001008,1042.18,wallet,captured,2025-11-25T15:00:14+05:30
pay_00000000001009,order_0000001009,545.43,upi,captured,2025-11-08T09:20:46+05:30
pay_00000000001010,order_0000001010,3470.00,netbanking,captured,2025-11-15T21:58:23+05:30
pay_00000000001011,order_0000001011,881.04,wallet,captured,2025-11-28T16:42:42+05:30
pay_00000000001012,order_0000001012,2469.69,upi,captured,2025-11-27T01:37:53+05:30
pay_00000000001013,order_0000001013,1449.52,wallet,failed,2025-11-29T10:49:24+05:30
pay_00000000001014,order_0000001014,17481.22,card,captured,2025-11-10T04:36:04+05:30
pay_00000000001015,order_0000001015,510.39,upi,captured,2025-11-13T08:46:35+05:30
pay_00000000001016,order_0000001016,564.00,wallet,captured,2025-11-10T21:22:21+05:30
pay_00000000001017,order_0000001017,195.69,upi,captured,2025-11-08T06:30:35+05:30
pay_00000000001018,order_0000001018,2725.99,upi,captured,2025-11-12T13:14:03+05:30
pay_00000000001019,order_0000001019,690.55,card,captured,2025-11-27T20:19:39+05:30
pay_00000000001020,order_0000001020,773.00,upi,captured,2025-11-20T00:49:40+05:30
pay_00000000001021,order_0000001021,335.00,upi,captured,2025-11-20T10:02:11+05:30
pay_00000000001022,order_0000001022,402.00,wallet,captured,2025-11-04T06:46:56+05:30
pay_00000000001023,order_0000001023,2340.26,wallet,captured,2025-11-17T19:37:29+05:30
pay_00000000001024,order_0000001024,725.25,upi,captured,2025-11-13T21:17:12+05:30
pay_00000000001025,order_0000001025,826.53,upi,captured,2025-11-10T13:38:12+05:30
pay_00000000001026,order_0000001026,387.99,upi,captured,2025-11-27T21:23:24+05:30
pay_00000000001027,order_0000001027,618.82,upi,captured,2025-11-28T22:25:06+05:30
pay_00000000001028,order_0000001028,927.15,upi,captured,2025-11-09T16:07:19+05:30
pay_00000000001029,order_0000001029,697.00,upi,captured,2025-11-06T11:58:14+05:30
pay_00000000001030,order_0000001030,205.92,upi,captured,2025-11-22T08:06:38+05:30
pay_00000000001031,order_0000001031,2579.99,upi,captured,2025-11-15T16:35:03+05:30
pay_00000000001032,order_0000001032,666.24,wallet,captured,2025-11-01T22:38:09+05:30
pay_00000000001033,order_0000001033,1031.55,card,captured,2025-11-12T18:38:29+05:30
pay_00000000001034,order_0000001034,424.99,wallet,captured,2025-11-01T21:25:01+05:30
pay_00000000001035,order_0000001035,814.28,card,captured,2025-11-20T14:14:05+05:30
pay_00000000001036,order_0000001036,451.99,netbanking,captured,2025-11-08T06:33:28+05:30
pay_00000000001037,order_0000001037,594.00,upi,captured,2025-11-29T13:05:22+05:30
pay_00000000001038,order_0000001038,126.52,upi,captured,2025-11-24T16:56:22+05:30
pay_00000000001039,order_0000001039,1874.00,upi,captured,2025-11-06T20:58:38+05:30
pay_00000000001040,order_0000001040,892.00,upi,captured,2025-11-05T01:22:46+05:30
pay_00000000001041,order_0000001041,378.91,netbanking,captured,2025-11-25T20:55:08+05:30
pay_00000000001042,order_0000001042,839.11,upi,captured,2025-11-10T21:59:05+05:30
pay_00000000001043,order_0000001043,1406.00,card,captured,2025-11-12T07:03:33+05:30
pay_00000000001044,order_0000001044,569.99,upi,captured,2025-11-06T13:55:35+05:30
pay_00000000001045,order_0000001045,1044.59,upi,captured,2025-11-17T20:01:11+05:30
pay_00000000001046,order_0000001046,950.00,upi,captured,2025-11-29T21:45:17+05:30
pay_00000000001047,order_0000001047,12284.06,upi,captured,2025-11-20T04:07:13+05:30
pay_00000000001048,order_0000001048,3041.00,upi,captured,2025-11-08T04:49:07+05:30
pay_00000000001049,order_0000001049,3243.30,upi,captured,2025-11-19T06:42:21+05:30
pay_00000000001050,order_0000001050,448.89,netbanking,failed,2025-11-01T08:08:14+05:30
pay_00000000001051,order_0000001051,1021.00,upi,captured,2025-11-22T23:52:43+05:30
pay_00000000001052,order_0000001052,2563.12,upi,captured,2025-11-23T18:54:11+05:30
pay_00000000001053,order_0000001053,3218.25,wallet,captured,2025-11-06T21:21:14+05:30
pay_00000000001054,order_0000001054,920.59,card,captured,2025-11-12T17:19:30+05:30
pay_00000000001055,order_0000001055,667.99,upi,captured,2025-11-20T02:34:18+05:30
pay_00000000001056,order_0000001056,973.16,card,captured,2025-11-24T22:20:12+05:30
pay_00000000001057,order_0000001057,212.00,card,captured,2025-11-14T19:56:13+05:30
pay_00000000001058,order_0000001058,1469.59,card,captured,2025-11-22T22:23:39+05:30
pay_00000000001059,order_0000001059,187.05,netbanking,captured,2025-11-12T17:56:25+05:30
pay_00000000001060,order_0000001060,149.19,netbanking,captured,2025-11-06T22:11:17+05:30
pay_00000000001061,order_0000001061,607.00,netbanking,captured,2025-11-10T14:59:44+05:30
pay_00000000001062,order_0000001062,1320.99,upi,captured,2025-11-28T09:50:34+05:30
pay_00000000001063,order_0000001063,2808.78,upi,captured,2025-11-28T21:48:45+05:30
pay_00000000001064,order_0000001064,1033.65,upi,captured,2025-11-30T19:33:33+05:30
pay_00000000001065,order_0000001065,1057.87,upi,captured,2025-11-25T15:02:17+05:30
pay_00000000001066,order_0000001066,1050.32,upi,failed,2025-11-15T19:47:03+05:30
pay_00000000001067,order_0000001067,896.23,card,captured,2025-11-03T17:09:05+05:30
pay_00000000001068,order_0000001068,3039.00,netbanking,captured,2025-11-29T20:37:50+05:30
pay_00000000001069,order_0000001069,2120.00,card,captured,2025-11-04T20:16:08+05:30
pay_00000000001070,order_0000001070,789.01,wallet,captured,2025-11-24T21:12:53+05:30
pay_00000000001071,order_0000001071,773.00,netbanking,captured,2025-11-22T02:16:07+05:30
pay_00000000001072,order_0000001072,430.00,upi,captured,2025-11-07T14:58:07+05:30
pay_00000000001073,order_0000001073,941.99,wallet,failed,2025-11-19T18:37:18+05:30
pay_00000000001074,order_0000001074,542.00,card,captured,2025-11-01T13:03:58+05:30
pay_00000000001075,order_0000001075,754.84,card,captured,2025-11-22T09:33:25+05:30
pay_00000000001076,order_0000001076,847.00,upi,captured,2025-11-19T22:35:10+05:30
pay_00000000001077,order_0000001077,590.00,card,captured,2025-11-01T06:35:16+05:30
pay_00000000001078,order_0000001078,1078.00,card,captured,2025-11-20T12:01:25+05:30
pay_00000000001079,order_0000001079,1025.00,upi,captured,2025-11-03T19:29:39+05:30
pay_00000000001080,order_0000001080,749.99,upi,captured,2025-11-17T07:11:17+05:30
pay_00000000001081,order_0000001081,564.87,wallet,captured,2025-11-23T18:48:02+05:30
pay_00000000001082,order_0000001082,3533.64,upi,captured,2025-11-13T08:56:40+05:30
pay_00000000001083,order_0000001083,577.00,upi,captured,2025-11-12T11:37:45+05:30
pay_00000000001084,order_0000001084,476.12,wallet,captured,2025-11-27T22:49:00+05:30
pay_00000000001085,order_0000001085,231.25,upi,captured,2025-11-15T19:47:51+05:30
pay_00000000001086,order_0000001086,1046.99,upi,captured,2025-11-14T19:53:54+05:30
pay_00000000001087,order_0000001087,460.97,upi,captured,2025-11-28T13:01:32+05:30
pay_00000000001088,order_0000001088,1149.30,upi,captured,2025-11-09T16:55:47+05:30
pay_00000000001089,order_0000001089,465.09,upi,captured,2025-11-20T07:32:06+05:30
pay_00000000001090,order_0000001090,1039.58,upi,captured,2025-11-03T13:43:42+05:30
pay_00000000001091,order_0000001091,941.00,upi,captured,2025-11-26T13:06:25+05:30
pay_00000000001092,order_0000001092,685.00,card,captured,2025-11-27T21:40:29+05:30
pay_00000000001093,order_0000001093,207.71,card,captured,2025-11-14T14:45:53+05:30
pay_00000000001094,order_0000001094,1019.24,upi,captured,2025-11-16T16:43:22+05:30
pay_00000000001095,order_0000001095,1183.18,upi,failed,2025-11-21T07:28:33+05:30
pay_00000000001096,order_0000001096,429.00,card,captured,2025-11-22T07:14:37+05:30
pay_00000000001097,order_0000001097,687.00,upi,captured,2025-11-15T15:50:45+05:30
pay_00000000001098,order_0000001098,114.40,netbanking,captured,2025-11-02T13:21:11+05:30
pay_00000000001099,order_0000001099,369.00,card,captured,2025-11-11T22:49:38+05:30
pay_00000000001100,order_0000001100,195.99,upi,captured,2025-11-07T19:19:38+05:30
pay_00000000001101,order_0000001101,2540.27,upi,captured,2025-11-17T23:14:00+05:30
pay_00000000001102,order_0000001102,896.00,card,captured,2025-11-01T13:24:34+05:30
pay_00000000001103,order_0000001103,144.00,netbanking,captured,2025-11-10T13:37:47+05:30
pay_00000000001104,order_0000001104,2704.95,card,captured,2025-11-25T14:26:28+05:30
pay_00000000001105,order_0000001105,683.55,card,failed,2025-11-08T22:33:53+05:30
pay_00000000001106,order_0000001106,569.00,netbanking,failed,2025-11-04T18:08:45+05:30
pay_00000000001107,order_0000001107,935.00,upi,captured,2025-11-16T21:25:41+05:30
pay_00000000001108,order_0000001108,290.00,upi,captured,2025-11-15T17:39:49+05:30
pay_00000000001109,order_0000001109,1465.00,upi,captured,2025-11-04T14:53:44+05:30
pay_00000000001110,order_0000001110,217.00,upi,captured,2025-11-13T21:30:32+05:30
pay_00000000001111,order_0000001111,825.99,upi,captured,2025-11-10T14:28:42+05:30
pay_00000000001112,order_0000001112,889.00,upi,captured,2025-11-14T06:30:19+05:30
pay_00000000001113,order_0000001113,611.09,card,captured,2025-11-09T18:20:45+05:30
pay_00000000001114,order_0000001114,2939.00,upi,captured,2025-11-16T20:34:22+05:30
pay_00000000001115,order_0000001115,813.46,wallet,captured,2025-11-07T12:51:56+05:30
pay_00000000001116,order_0000001116,638.54,upi,captured,2025-11-30T12:22:49+05:30
pay_00000000001117,order_0000001117,972.41,card,captured,2025-11-12T21:47:19+05:30
pay_00000000001118,order_0000001118,3022.18,card,captured,2025-11-23T11:08:55+05:30
pay_00000000001119,order_0000001119,994.05,upi,captured,2025-11-25T18:35:00+05:30
pay_00000000001120,order_0000001120,250.00,upi,captured,2025-11-16T14:31:15+05:30
pay_00000000001121,order_0000001121,857.00,upi,captured,2025-11-28T13:44:25+05:30
pay_00000000001122,order_0000001122,348.49,card,captured,2025-11-09T11:02:25+05:30
pay_00000000001123,order_0000001123,572.85,card,captured,2025-11-08T22:42:05+05:30
pay_00000000001124,order_0000001124,12663.00,upi,captured,2025-11-19T00:39:24+05:30
pay_00000000001125,order_0000001125,17146.00,upi,captured,2025-11-23T18:00:51+05:30
pay_00000000001126,order_0000001126,239.62,upi,captured,2025-11-29T08:28:46+05:30
pay_00000000001127,order_0000001127,890.00,card,captured,2025-11-08T21:12:47+05:30
pay_00000000001128,order_0000001128,504.63,wallet,captured,2025-11-01T15:47:25+05:30
pay_00000000001129,order_0000001129,189.00,netbanking,captured,2025-11-11T07:16:07+05:30
pay_00000000001130,order_0000001130,210.39,upi,captured,2025-11-13T17:00:25+05:30
pay_00000000001131,order_0000001131,153.00,card,captured,2025-11-27T17:57:40+05:30
pay_00000000001132,order_0000001132,229.38,upi,captured,2025-11-08T17:34:14+05:30
pay_00000000001133,order_0000001133,977.99,upi,captured,2025-11-29T10:26:14+05:30
pay_00000000001134,order_0000001134,519.67,upi,captured,2025-11-30T22:26:52+05:30
pay_00000000001135,order_0000001135,632.95,upi,captured,2025-11-08T15:52:30+05:30
pay_00000000001136,order_0000001136,1064.08,upi,captured,2025-11-28T06:22:31+05:30
pay_00000000001137,order_0000001137,994.00,upi,captured,2025-11-30T13:47:17+05:30
pay_00000000001138,order_0000001138,929.00,wallet,captured,2025-11-24T21:08:01+05:30
pay_00000000001139,order_0000001139,1978.45,upi,captured,2025-11-11T18:49:03+05:30
pay_00000000001140,order_0000001140,208.00,card,captured,2025-11-16T23:52:41+05:30
pay_00000000001141,order_0000001141,1069.85,card,captured,2025-11-18T10:24:21+05:30
pay_00000000001142,order_0000001142,681.00,wallet,captured,2025-11-11T16:24:46+05:30
pay_00000000001143,order_0000001143,1737.30,upi,captured,2025-11-23T10:01:43+05:30
pay_00000000001144,order_0000001144,503.00,wallet,captured,2025-11-11T08:26:34+05:30
pay_00000000001145,order_0000001145,169.44,upi,captured,2025-11-02T17:26:20+05:30
pay_00000000001146,order_0000001146,2414.07,wallet,captured,2025-11-26T19:12:25+05:30
pay_00000000001147,order_0000001147,358.03,upi,captured,2025-11-16T21:40:23+05:30
pay_00000000001148,order_0000001148,1449.62,netbanking,captured,2025-11-30T16:20:18+05:30
pay_00000000001149,order_0000001149,13400.99,upi,captured,2025-11-01T21:40:52+05:30
pay_00000000001150,order_0000001150,594.99,netbanking,captured,2025-11-21T21:35:58+05:30
pay_00000000001151,order_0000001151,518.00,card,failed,2025-11-17T17:49:53+05:30
pay_00000000001152,order_0000001152,400.00,upi,captured,2025-11-24T19:05:20+05:30
pay_00000000001153,order_0000001153,340.00,wallet,captured,2025-11-03T10:43:32+05:30
pay_00000000001154,order_0000001154,114.25,card,captured,2025-11-29T05:18:25+05:30
pay_00000000001155,order_0000001155,2130.53,card,captured,2025-11-22T20:32:46+05:30
pay_00000000001156,order_0000001156,338.00,card,captured,2025-11-07T02:06:11+05:30
pay_00000000001157,order_0000001157,524.17,card,captured,2025-11-28T09:31:44+05:30
pay_00000000001158,order_0000001158,1571.48,card,captured,2025-11-11T12:20:02+05:30
pay_00000000001159,order_0000001159,981.99,upi,captured,2025-11-05T14:17:28+05:30
pay_00000000001160,order_0000001160,1076.42,upi,captured,2025-11-25T12:46:39+05:30
pay_00000000001161,order_0000001161,889.98,upi,captured,2025-11-14T19:31:19+05:30
pay_00000000001162,order_0000001162,221.99,wallet,captured,2025-11-04T15:10:55+05:30
pay_00000000001163,order_0000001163,1011.05,netbanking,captured,2025-11-11T00:46:06+05:30
pay_00000000001164,order_0000001164,367.00,upi,captured,2025-11-09T14:49:24+05:30
pay_00000000001165,order_0000001165,402.00,card,captured,2025-11-15T22:42:38+05:30
pay_00000000001166,order_0000001166,496.58,card,captured,2025-11-27T15:21:59+05:30
pay_00000000001167,order_0000001167,755.93,upi,captured,2025-11-09T14:32:43+05:30
pay_00000000001168,order_0000001168,658.00,card,captured,2025-11-15T03:13:12+05:30
pay_00000000001169,order_0000001169,651.10,upi,captured,2025-11-30T18:00:41+05:30
pay_00000000001170,order_0000001170,301.00,card,captured,2025-11-27T16:32:47+05:30
pay_00000000001171,order_0000001171,891.72,card,captured,2025-11-05T12:23:05+05:30
pay_00000000001172,order_0000001172,574.99,card,captured,2025-11-12T03:09:24+05:30
pay_00000000001173,order_0000001173,257.00,card,captured,2025-11-28T17:38:17+05:30
pay_00000000001174,order_0000001174,861.00,upi,captured,2025-11-08T17:15:44+05:30
pay_00000000001175,order_0000001175,569.27,card,captured,2025-11-29T23:49:20+05:30
pay_00000000001176,order_0000001176,424.10,upi,captured,2025-11-27T10:48:46+05:30
pay_00000000001177,order_0000001177,2373.99,netbanking,captured,2025-11-27T12:13:27+05:30
pay_00000000001178,order_0000001178,434.15,upi,captured,2025-11-21T16:32:13+05:30
pay_00000000001179,order_0000001179,372.00,card,captured,2025-11-23T23:40:03+05:30
pay_00000000001180,order_0000001180,17114.99,upi,captured,2025-11-16T19:24:11+05:30
pay_00000000001181,order_0000001181,410.00,upi,captured,2025-11-07T15:58:37+05:30
pay_00000000001182,order_0000001182,795.38,upi,captured,2025-11-03T12:22:35+05:30
pay_00000000001183,order_0000001183,755.21,netbanking,captured,2025-11-06T09:26:12+05:30
pay_00000000001184,order_0000001184,1037.99,wallet,captured,2025-11-27T01:52:33+05:30
pay_00000000001185,order_0000001185,926.00,card,captured,2025-11-26T16:56:40+05:30
pay_00000000001186,order_0000001186,1794.99,card,captured,2025-11-20T20:50:41+05:30
pay_00000000001187,order_0000001187,485.99,netbanking,captured,2025-11-03T01:18:47+05:30
pay_00000000001188,order_0000001188,431.00,card,captured,2025-11-11T08:55:22+05:30
pay_00000000001189,order_0000001189,523.70,upi,captured,2025-11-10T17:43:24+05:30
pay_00000000001190,order_0000001190,588.11,card,captured,2025-11-23T04:28:40+05:30
pay_00000000001191,order_0000001191,346.00,netbanking,captured,2025-11-14T08:32:00+05:30
pay_00000000001192,order_0000001192,928.00,upi,captured,2025-11-29T09:34:25+05:30
pay_00000000001193,order_0000001193,760.00,card,captured,2025-11-06T21:07:37+05:30
pay_00000000001194,order_0000001194,2945.00,upi,captured,2025-11-21T15:32:24+05:30
pay_00000000001195,order_0000001195,140.90,card,captured,2025-11-19T08:53:41+05:30
pay_00000000001196,order_0000001196,842.99,card,captured,2025-11-15T12:38:40+05:30
pay_00000000001197,order_0000001197,1053.31,wallet,captured,2025-11-13T03:30:06+05:30
pay_00000000001198,order_0000001198,315.99,upi,captured,2025-11-24T16:14:45+05:30
pay_00000000001199,order_0000001199,324.69,card,captured,2025-11-08T20:43:44+05:30
pay_00000000001200,order_0000001200,213.00,upi,captured,2025-11-16T18:30:14+05:30
pay_00000000001201,order_0000001201,851.46,upi,captured,2025-11-08T21:41:51+05:30
pay_00000000001202,order_0000001202,189.77,upi,captured,2025-11-21T19:38:04+05:30
pay_00000000001203,order_0000001203,1933.00,card,captured,2025-11-25T18:40:45+05:30
pay_00000000001204,order_0000001204,391.52,card,captured,2025-11-02T17:37:05+05:30
pay_00000000001205,order_0000001205,376.00,wallet,captured,2025-11-03T13:17:11+05:30
pay_00000000001206,order_0000001206,132.91,upi,captured,2025-11-04T16:43:53+05:30
pay_00000000001207,order_0000001207,554.18,card,captured,2025-11-09T13:54:20+05:30
pay_00000000001208,order_0000001208,740.01,card,captured,2025-11-07T21:12:00+05:30
pay_00000000001209,order_0000001209,226.88,upi,captured,2025-11-15T11:52:54+05:30
pay_00000000001210,order_0000001210,951.79,wallet,captured,2025-11-13T20:38:08+05:30
pay_00000000001211,order_0000001211,1187.00,card,captured,2025-11-07T20:25:46+05:30
pay_00000000001212,order_0000001212,958.70,upi,failed,2025-11-13T11:24:47+05:30
pay_00000000001213,order_0000001213,892.00,netbanking,captured,2025-11-22T03:33:19+05:30
pay_00000000001214,order_0000001214,543.00,netbanking,captured,2025-11-08T17:32:50+05:30
pay_00000000001215,order_0000001215,457.09,card,captured,2025-11-25T20:39:03+05:30
pay_00000000001216,order_0000001216,804.00,upi,captured,2025-11-04T17:22:06+05:30
pay_00000000001217,order_0000001217,235.00,upi,captured,2025-11-24T17:14:30+05:30
pay_00000000001218,order_0000001218,1039.36,card,captured,2025-11-25T14:51:33+05:30
pay_00000000001219,order_0000001219,3435.20,upi,captured,2025-11-03T19:27:16+05:30
pay_00000000001220,order_0000001220,884.28,upi,captured,2025-11-24T23:25:53+05:30
pay_00000000001221,order_0000001221,913.29,upi,captured,2025-11-14T23:15:52+05:30
pay_00000000001222,order_0000001222,455.97,card,captured,2025-11-02T20:17:13+05:30
pay_00000000001223,order_0000001223,3216.56,upi,captured,2025-11-19T21:18:33+05:30
pay_00000000001224,order_0000001224,102.00,wallet,captured,2025-11-26T22:20:02+05:30
pay_00000000001225,order_0000001225,2091.00,wallet,captured,2025-11-19T12:56:38+05:30
pay_00000000001226,order_0000001226,386.23,card,captured,2025-11-22T12:38:10+05:30
pay_00000000001227,order_0000001227,150.06,card,captured,2025-11-09T18:50:32+05:30
pay_00000000001228,order_0000001228,712.59,netbanking,captured,2025-11-29T22:19:31+05:30
pay_00000000001229,order_0000001229,13950.08,upi,captured,2025-11-11T22:36:04+05:30
pay_00000000001230,order_0000001230,2502.99,upi,captured,2025-11-19T16:19:39+05:30
pay_00000000001231,order_0000001231,722.00,upi,captured,2025-11-30T08:43:59+05:30
pay_00000000001232,order_0000001232,402.00,upi,captured,2025-11-16T06:06:56+05:30
pay_00000000001233,order_0000001233,148.00,card,captured,2025-11-18T03:21:44+05:30
pay_00000000001234,order_0000001234,5684.02,card,captured,2025-11-13T08:19:24+05:30
pay_00000000001235,order_0000001235,7640.35,card,captured,2025-11-19T14:49:08+05:30
pay_00000000001236,order_0000001236,570.00,card,captured,2025-11-24T00:29:12+05:30
pay_00000000001237,order_0000001237,707.00,upi,captured,2025-11-08T13:41:49+05:30
pay_00000000001238,order_0000001238,327.24,card,captured,2025-11-12T14:23:54+05:30
pay_00000000001239,order_0000001239,1130.30,netbanking,captured,2025-11-30T09:55:50+05:30
pay_00000000001240,order_0000001240,285.21,upi,captured,2025-11-25T07:29:31+05:30
pay_00000000001241,order_0000001241,411.35,upi,captured,2025-11-22T22:00:28+05:30
pay_00000000001242,order_0000001242,536.99,wallet,captured,2025-11-25T14:15:48+05:30
pay_00000000001243,order_0000001243,168.00,upi,captured,2025-11-02T12:19:05+05:30
pay_00000000001244,order_0000001244,6226.42,netbanking,captured,2025-11-08T16:18:49+05:30
pay_00000000001245,order_0000001245,639.05,wallet,captured,2025-11-01T13:34:37+05:30
pay_00000000001246,order_0000001246,915.00,upi,captured,2025-11-21T23:56:14+05:30
pay_00000000001247,order_0000001247,1512.89,upi,captured,2025-11-19T13:47:47+05:30
pay_00000000001248,order_0000001248,1054.99,upi,captured,2025-11-23T18:22:43+05:30
pay_00000000001249,order_0000001249,925.48,card,captured,2025-11-26T16:27:11+05:30
pay_00000000001250,order_0000001250,745.53,card,captured,2025-11-17T15:27:11+05:30
pay_00000000001251,order_0000001251,12927.00,upi,captured,2025-11-17T21:47:08+05:30
pay_00000000001252,order_0000001252,1501.23,wallet,captured,2025-11-14T23:15:42+05:30
pay_00000000001253,order_0000001253,451.00,card,captured,2025-11-07T20:36:38+05:30
pay_00000000001254,order_0000001254,227.00,netbanking,captured,2025-11-21T15:28:11+05:30
pay_00000000001255,order_0000001255,252.00,card,captured,2025-11-17T13:38:36+05:30
pay_00000000001256,order_0000001256,432.17,upi,captured,2025-11-10T18:27:13+05:30
pay_00000000001257,order_0000001257,552.29,upi,captured,2025-11-27T21:35:52+05:30
pay_00000000001258,order_0000001258,180.97,card,captured,2025-11-24T18:51:22+05:30
pay_00000000001259,order_0000001259,1109.99,card,captured,2025-11-02T19:00:34+05:30
pay_00000000001260,order_0000001260,631.00,card,failed,2025-11-05T12:19:24+05:30
pay_00000000001261,order_0000001261,238.64,card,captured,2025-11-05T13:48:11+05:30
pay_00000000001262,order_0000001262,514.71,upi,captured,2025-11-04T06:45:10+05:30
pay_00000000001263,order_0000001263,5562.07,upi,captured,2025-11-29T00:22:21+05:30
pay_00000000001264,order_0000001264,830.00,wallet,captured,2025-11-21T18:19:59+05:30
pay_00000000001265,order_0000001265,714.20,upi,captured,2025-11-17T18:57:04+05:30
pay_00000000001266,order_0000001266,14229.00,card,captured,2025-11-29T06:29:04+05:30
pay_00000000001267,order_0000001267,1037.00,wallet,captured,2025-11-14T22:18:34+05:30
pay_00000000001268,order_0000001268,935.00,netbanking,captured,2025-11-26T05:47:08+05:30
pay_00000000001269,order_0000001269,827.85,netbanking,captured,2025-11-21T15:35:03+05:30
pay_00000000001270,order_0000001270,127.91,upi,captured,2025-11-04T10:26:28+05:30
pay_00000000001271,order_0000001271,789.18,netbanking,captured,2025-11-27T05:14:03+05:30
pay_00000000001272,order_0000001272,565.25,upi,captured,2025-11-10T12:16:32+05:30
pay_00000000001273,order_0000001273,2389.30,upi,captured,2025-11-08T11:55:16+05:30
pay_00000000001274,order_0000001274,780.10,upi,captured,2025-11-10T12:14:46+05:30
pay_00000000001275,order_0000001275,520.77,card,captured,2025-11-06T15:43:34+05:30
pay_00000000001276,order_0000001276,482.89,upi,captured,2025-11-05T23:25:53+05:30
pay_00000000001277,order_0000001277,1061.82,netbanking,captured,2025-11-23T20:34:09+05:30
pay_00000000001278,order_0000001278,1052.63,wallet,failed,2025-11-30T14:02:23+05:30
pay_00000000001279,order_0000001279,325.00,upi,captured,2025-11-22T16:28:01+05:30
pay_00000000001280,order_0000001280,289.00,upi,captured,2025-11-14T20:15:09+05:30
pay_00000000001281,order_0000001281,684.00,upi,captured,2025-11-08T09:00:29+05:30
pay_00000000001282,order_0000001282,485.32,upi,captured,2025-11-04T18:22:56+05:30
pay_00000000001283,order_0000001283,1063.99,upi,captured,2025-11-25T17:24:46+05:30
pay_00000000001284,order_0000001284,3250.49,wallet,captured,2025-11-12T06:21:57+05:30
pay_00000000001285,order_0000001285,910.00,card,captured,2025-11-25T13:47:04+05:30
pay_00000000001286,order_0000001286,981.03,upi,captured,2025-11-17T15:43:38+05:30
pay_00000000001287,order_0000001287,590.34,card,captured,2025-11-05T09:49:11+05:30
pay_00000000001288,order_0000001288,7744.00,upi,captured,2025-11-04T18:11:17+05:30
pay_00000000001289,order_0000001289,1686.67,card,captured,2025-11-18T04:12:48+05:30
pay_00000000001290,order_0000001290,817.89,upi,captured,2025-11-13T23:57:25+05:30
pay_00000000001291,order_0000001291,405.31,upi,captured,2025-11-28T21:23:40+05:30
pay_00000000001292,order_0000001292,902.00,upi,captured,2025-11-14T08:33:00+05:30
pay_00000000001293,order_0000001293,2275.00,upi,captured,2025-11-28T08:17:20+05:30
pay_00000000001294,order_0000001294,719.40,upi,captured,2025-11-18T17:50:48+05:30
pay_00000000001295,order_0000001295,749.78,wallet,captured,2025-11-09T22:24:49+05:30
pay_00000000001296,order_0000001296,189.99,card,captured,2025-11-13T13:43:24+05:30
pay_00000000001297,order_0000001297,178.64,wallet,captured,2025-11-22T23:04:54+05:30
pay_00000000001298,order_0000001298,237.27,upi,captured,2025-11-30T18:25:41+05:30
pay_00000000001299,order_0000001299,418.99,upi,failed,2025-11-27T22:07:25+05:30
pay_00000000001300,order_0000001300,3865.98,card,captured,2025-11-13T15:52:23+05:30
pay_00000000001301,order_0000001301,387.89,upi,captured,2025-11-28T04:41:31+05:30
pay_00000000001302,order_0000001302,503.57,upi,captured,2025-11-05T13:24:57+05:30
pay_00000000001303,order_0000001303,604.00,wallet,captured,2025-11-06T13:27:49+05:30
pay_00000000001304,order_0000001304,244.00,upi,captured,2025-11-30T20:24:35+05:30
pay_00000000001305,order_0000001305,864.22,card,captured,2025-11-17T21:14:23+05:30
pay_00000000001306,order_0000001306,1048.49,upi,captured,2025-11-15T04:55:36+05:30
pay_00000000001307,order_0000001307,1050.09,upi,captured,2025-11-22T06:40:45+05:30
pay_00000000001308,order_0000001308,820.00,upi,captured,2025-11-24T13:57:06+05:30
pay_00000000001309,order_0000001309,916.99,upi,captured,2025-11-29T20:39:44+05:30
pay_00000000001310,order_0000001310,991.72,card,captured,2025-11-25T17:11:58+05:30
pay_00000000001311,order_0000001311,824.95,netbanking,failed,2025-11-06T10:58:46+05:30
pay_00000000001312,order_0000001312,14962.37,upi,captured,2025-11-25T09:00:52+05:30
pay_00000000001313,order_0000001313,587.52,upi,captured,2025-11-18T21:10:48+05:30
pay_00000000001314,order_0000001314,444.79,upi,captured,2025-11-25T06:45:10+05:30
pay_00000000001315,order_0000001315,206.00,card,captured,2025-11-28T22:09:17+05:30
pay_00000000001316,order_0000001316,945.79,upi,captured,2025-11-17T14:25:34+05:30
pay_00000000001317,order_0000001317,405.00,netbanking,captured,2025-11-03T07:01:14+05:30
pay_00000000001318,order_0000001318,773.00,card,captured,2025-11-07T23:04:46+05:30
pay_00000000001319,order_0000001319,397.22,upi,captured,2025-11-01T11:41:47+05:30
pay_00000000001320,order_0000001320,658.00,card,captured,2025-11-04T12:30:40+05:30
pay_00000000001321,order_0000001321,122.99,card,captured,2025-11-28T22:48:13+05:30
pay_00000000001322,order_0000001322,720.23,wallet,captured,2025-11-07T18:42:10+05:30
pay_00000000001323,order_0000001323,923.00,card,captured,2025-11-06T00:37:16+05:30
pay_00000000001324,order_0000001324,527.99,upi,captured,2025-11-23T16:36:59+05:30
pay_00000000001325,order_0000001325,849.58,upi,captured,2025-11-23T18:03:59+05:30
pay_00000000001326,order_0000001326,128.00,wallet,captured,2025-11-25T04:53:01+05:30
pay_00000000001327,order_0000001327,798.28,upi,captured,2025-11-19T16:27:39+05:30
pay_00000000001328,order_0000001328,2466.09,wallet,captured,2025-11-24T07:34:23+05:30
pay_00000000001329,order_0000001329,214.82,card,captured,2025-11-24T20:50:56+05:30
pay_00000000001330,order_0000001330,1565.05,wallet,captured,2025-11-27T16:25:18+05:30
pay_00000000001331,order_0000001331,697.20,upi,failed,2025-11-07T22:01:28+05:30
pay_00000000001332,order_0000001332,2948.85,upi,failed,2025-11-17T22:26:04+05:30
pay_00000000001333,order_0000001333,709.03,wallet,failed,2025-11-02T18:18:07+05:30
pay_00000000001334,order_0000001334,667.11,card,captured,2025-11-01T17:45:13+05:30
pay_00000000001335,order_0000001335,734.00,card,captured,2025-11-25T18:10:23+05:30
pay_00000000001336,order_0000001336,923.99,card,failed,2025-11-25T09:25:28+05:30
pay_00000000001337,order_0000001337,333.77,wallet,captured,2025-11-23T18:26:43+05:30
pay_00000000001338,order_0000001338,845.33,wallet,captured,2025-11-13T04:30:15+05:30
pay_00000000001339,order_0000001339,604.99,card,captured,2025-11-14T19:30:42+05:30
pay_00000000001340,order_0000001340,488.00,upi,captured,2025-11-26T14:59:44+05:30
pay_00000000001341,order_0000001341,806.27,upi,captured,2025-11-04T13:24:26+05:30
pay_00000000001342,order_0000001342,110.99,upi,captured,2025-11-20T17:18:13+05:30
pay_00000000001343,order_0000001343,794.36,card,captured,2025-11-06T23:06:25+05:30
pay_00000000001344,order_0000001344,800.00,card,captured,2025-11-10T17:37:05+05:30
pay_00000000001345,order_0000001345,837.49,card,captured,2025-11-20T14:44:41+05:30
pay_00000000001346,order_0000001346,645.66,card,captured,2025-11-02T14:32:36+05:30
pay_00000000001347,order_0000001347,1025.00,upi,captured,2025-11-27T22:32:39+05:30
pay_00000000001348,order_0000001348,279.12,upi,captured,2025-11-01T20:25:43+05:30
pay_00000000001349,order_0000001349,3598.00,card,captured,2025-11-19T21:21:26+05:30
pay_00000000001350,order_0000001350,290.97,card,captured,2025-11-27T20:06:14+05:30
pay_00000000001351,order_0000001351,841.13,netbanking,captured,2025-11-25T15:35:54+05:30
pay_00000000001352,order_0000001352,585.16,upi,captured,2025-11-13T16:56:23+05:30
pay_00000000001353,order_0000001353,1025.10,card,captured,2025-11-08T13:48:31+05:30
pay_00000000001354,order_0000001354,791.32,wallet,captured,2025-11-21T18:36:48+05:30
pay_00000000001355,order_0000001355,486.00,card,captured,2025-11-29T19:59:53+05:30
pay_00000000001356,order_0000001356,995.99,wallet,captured,2025-11-19T07:38:42+05:30
pay_00000000001357,order_0000001357,971.00,upi,captured,2025-11-17T17:35:37+05:30
pay_00000000001358,order_0000001358,216.99,upi,captured,2025-11-09T01:47:18+05:30
pay_00000000001359,order_0000001359,269.99,card,captured,2025-11-08T13:51:05+05:30
pay_00000000001360,order_0000001360,1270.43,upi,captured,2025-11-20T14:07:42+05:30
pay_00000000001361,order_0000001361,392.00,upi,captured,2025-11-26T14:35:10+05:30
pay_00000000001362,order_0000001362,648.00,upi,captured,2025-11-07T07:25:48+05:30
pay_00000000001363,order_0000001363,863.00,upi,captured,2025-11-25T21:02:11+05:30
pay_00000000001364,order_0000001364,3052.00,card,captured,2025-11-28T15:39:58+05:30
pay_00000000001365,order_0000001365,239.32,upi,captured,2025-11-21T17:43:05+05:30
pay_00000000001366,order_0000001366,3012.33,card,captured,2025-11-04T07:05:31+05:30
pay_00000000001367,order_0000001367,8637.12,upi,captured,2025-11-11T16:20:19+05:30
pay_00000000001368,order_0000001368,680.19,upi,captured,2025-11-07T22:34:24+05:30
pay_00000000001369,order_0000001369,678.94,upi,captured,2025-11-12T01:14:49+05:30
pay_00000000001370,order_0000001370,546.64,netbanking,captured,2025-11-21T13:00:15+05:30
pay_00000000001371,order_0000001371,800.00,card,captured,2025-11-23T12:13:10+05:30
pay_00000000001372,order_0000001372,345.46,upi,captured,2025-11-16T21:57:22+05:30
pay_00000000001373,order_0000001373,923.00,upi,captured,2025-11-26T00:18:43+05:30
pay_00000000001374,order_0000001374,934.58,card,captured,2025-11-10T18:49:08+05:30
pay_00000000001375,order_0000001375,17406.13,upi,captured,2025-11-11T15:40:39+05:30
pay_00000000001376,order_0000001376,847.00,wallet,captured,2025-11-27T15:41:17+05:30
pay_00000000001377,order_0000001377,1025.18,upi,captured,2025-11-09T10:31:58+05:30
pay_00000000001378,order_0000001378,163.00,card,captured,2025-11-21T09:19:00+05:30
pay_00000000001379,order_0000001379,251.00,upi,captured,2025-11-27T12:07:00+05:30
pay_00000000001380,order_0000001380,1674.35,wallet,captured,2025-11-10T08:54:07+05:30
pay_00000000001381,order_0000001381,615.31,upi,captured,2025-11-13T00:40:37+05:30
pay_00000000001382,order_0000001382,283.52,netbanking,captured,2025-11-10T20:54:17+05:30
pay_00000000001383,order_0000001383,213.43,upi,captured,2025-11-13T17:31:12+05:30
pay_00000000001384,order_0000001384,625.00,card,captured,2025-11-03T20:18:30+05:30
pay_00000000001385,order_0000001385,989.39,card,captured,2025-11-07T18:39:53+05:30
pay_00000000001386,order_0000001386,810.00,card,captured,2025-11-02T13:58:28+05:30
pay_00000000001387,order_0000001387,3390.00,card,captured,2025-11-28T06:00:05+05:30
pay_00000000001388,order_0000001388,153.00,upi,captured,2025-11-18T02:01:34+05:30
pay_00000000001389,order_0000001389,208.83,wallet,captured,2025-11-25T11:17:24+05:30
pay_00000000001390,order_0000001390,233.00,card,captured,2025-11-20T11:08:42+05:30
pay_00000000001391,order_0000001391,825.99,upi,captured,2025-11-25T09:36:22+05:30
pay_00000000001392,order_0000001392,949.89,card,failed,2025-11-10T17:18:10+05:30
pay_00000000001393,order_0000001393,1054.50,netbanking,captured,2025-11-16T12:07:50+05:30
pay_00000000001394,order_0000001394,456.00,card,captured,2025-11-27T13:00:49+05:30
pay_00000000001395,order_0000001395,14842.49,card,failed,2025-11-03T00:54:36+05:30
pay_00000000001396,order_0000001396,616.00,upi,captured,2025-11-22T09:00:05+05:30
pay_00000000001397,order_0000001397,2376.97,card,captured,2025-11-08T18:32:43+05:30
pay_00000000001398,order_0000001398,509.99,card,captured,2025-11-13T13:28:34+05:30
pay_00000000001399,order_0000001399,9904.86,wallet,captured,2025-11-16T23:52:28+05:30
pay_00000000001400,order_0000001400,3258.00,upi,captured,2025-11-10T14:43:59+05:30
pay_00000000001401,order_0000001401,219.00,upi,captured,2025-11-15T21:16:38+05:30
pay_00000000001402,order_0000001402,228.89,netbanking,captured,2025-11-02T18:29:10+05:30
pay_00000000001403,order_0000001403,11420.00,upi,captured,2025-11-19T03:40:16+05:30
pay_00000000001404,order_0000001404,1779.52,upi,captured,2025-11-24T09:31:22+05:30
pay_00000000001405,order_0000001405,663.78,upi,captured,2025-11-27T06:09:10+05:30
pay_00000000001406,order_0000001406,507.00,upi,captured,2025-11-26T16:02:38+05:30
pay_00000000001407,order_0000001407,556.27,upi,captured,2025-11-08T12:18:30+05:30
pay_00000000001408,order_0000001408,1540.00,netbanking,captured,2025-11-09T05:19:54+05:30
pay_00000000001409,order_0000001409,765.28,upi,captured,2025-11-30T17:46:36+05:30
pay_00000000001410,order_0000001410,671.08,upi,captured,2025-11-13T11:13:42+05:30
pay_00000000001411,order_0000001411,434.00,card,captured,2025-11-07T13:34:18+05:30
pay_00000000001412,order_0000001412,8556.99,card,captured,2025-11-18T01:16:09+05:30
pay_00000000001413,order_0000001413,170.99,card,captured,2025-11-19T04:42:10+05:30
pay_00000000001414,order_0000001414,1079.00,netbanking,captured,2025-11-29T23:59:15+05:30
pay_00000000001415,order_0000001415,628.99,upi,captured,2025-11-04T16:52:43+05:30
pay_00000000001416,order_0000001416,505.09,upi,captured,2025-11-23T16:27:19+05:30
pay_00000000001417,order_0000001417,1652.99,upi,captured,2025-11-01T07:45:11+05:30
pay_00000000001418,order_0000001418,211.74,wallet,captured,2025-11-14T16:04:28+05:30
pay_00000000001419,order_0000001419,579.55,upi,captured,2025-11-13T14:22:33+05:30
pay_00000000001420,order_0000001420,254.00,card,captured,2025-11-05T14:24:16+05:30
pay_00000000001421,order_0000001421,546.00,card,failed,2025-11-21T21:14:00+05:30
pay_00000000001422,order_0000001422,1423.99,upi,captured,2025-11-15T22:50:41+05:30
pay_00000000001423,order_0000001423,182.00,upi,captured,2025-11-07T02:01:22+05:30
pay_00000000001424,order_0000001424,3290.04,upi,captured,2025-11-27T09:09:53+05:30
pay_00000000001425,order_0000001425,1039.78,upi,captured,2025-11-14T00:20:45+05:30
pay_00000000001426,order_0000001426,461.00,upi,captured,2025-11-24T06:50:37+05:30
pay_00000000001427,order_0000001427,661.28,upi,captured,2025-11-10T02:54:43+05:30
pay_00000000001428,order_0000001428,11320.71,upi,captured,2025-11-21T17:20:27+05:30
pay_00000000001429,order_0000001429,440.26,upi,captured,2025-11-27T08:07:55+05:30
pay_00000000001430,order_0000001430,660.36,netbanking,captured,2025-11-01T17:50:53+05:30
pay_00000000001431,order_0000001431,2890.81,upi,captured,2025-11-18T22:15:11+05:30
pay_00000000001432,order_0000001432,13067.82,upi,captured,2025-11-22T13:19:11+05:30
pay_00000000001433,order_0000001433,129.57,card,captured,2025-11-16T19:17:27+05:30
pay_00000000001434,order_0000001434,3074.48,upi,captured,2025-11-29T09:57:55+05:30
pay_00000000001435,order_0000001435,424.00,upi,captured,2025-11-29T19:29:24+05:30
pay_00000000001436,order_0000001436,321.28,card,captured,2025-11-04T20:28:40+05:30
pay_00000000001437,order_0000001437,300.70,card,captured,2025-11-25T13:28:46+05:30
pay_00000000001438,order_0000001438,113.00,upi,captured,2025-11-07T06:11:12+05:30
pay_00000000001439,order_0000001439,1488.69,upi,captured,2025-11-23T18:49:47+05:30
pay_00000000001440,order_0000001440,1013.21,upi,captured,2025-11-26T17:44:52+05:30
pay_00000000001441,order_0000001441,7919.00,upi,captured,2025-11-12T23:50:40+05:30
pay_00000000001442,order_0000001442,819.00,upi,captured,2025-11-21T20:47:19+05:30
pay_00000000001443,order_0000001443,1887.99,card,captured,2025-11-21T10:27:37+05:30
pay_00000000001444,order_0000001444,328.00,wallet,captured,2025-11-27T02:04:49+05:30
pay_00000000001445,order_0000001445,744.00,card,captured,2025-11-02T18:44:31+05:30
pay_00000000001446,order_0000001446,248.00,upi,captured,2025-11-24T23:46:42+05:30
pay_00000000001447,order_0000001447,754.42,upi,captured,2025-11-01T20:39:50+05:30
pay_00000000001448,order_0000001448,297.70,netbanking,captured,2025-11-25T08:31:17+05:30
pay_00000000001449,order_0000001449,1667.37,upi,captured,2025-11-29T17:42:55+05:30
pay_00000000001450,order_0000001450,848.27,upi,captured,2025-11-19T23:14:38+05:30
pay_00000000001451,order_0000001451,875.99,card,failed,2025-11-12T04:54:07+05:30
pay_00000000001452,order_0000001452,10692.10,wallet,captured,2025-11-10T10:20:20+05:30
pay_00000000001453,order_0000001453,743.87,card,captured,2025-11-28T20:47:34+05:30
pay_00000000001454,order_0000001454,3189.61,netbanking,captured,2025-11-28T08:54:32+05:30
pay_00000000001455,order_0000001455,337.84,upi,captured,2025-11-14T19:32:04+05:30
pay_00000000001456,order_0000001456,2338.03,netbanking,captured,2025-11-24T21:44:29+05:30
pay_00000000001457,order_0000001457,1002.57,upi,captured,2025-11-09T07:58:38+05:30
pay_00000000001458,order_0000001458,13935.00,wallet,captured,2025-11-14T19:32:18+05:30
pay_00000000001459,order_0000001459,657.00,upi,captured,2025-11-03T09:35:37+05:30
pay_00000000001460,order_0000001460,296.04,upi,captured,2025-11-18T22:28:33+05:30
pay_00000000001461,order_0000001461,5877.76,card,captured,2025-11-14T12:31:21+05:30
pay_00000000001462,order_0000001462,743.00,upi,captured,2025-11-02T00:01:38+05:30
pay_00000000001463,order_0000001463,663.99,upi,captured,2025-11-13T13:47:42+05:30
pay_00000000001464,order_0000001464,2557.06,wallet,captured,2025-11-18T13:31:16+05:30
pay_00000000001465,order_0000001465,210.00,upi,captured,2025-11-14T14:10:42+05:30
pay_00000000001466,order_0000001466,1076.52,upi,captured,2025-11-22T20:30:19+05:30
pay_00000000001467,order_0000001467,3302.00,card,captured,2025-11-27T14:30:19+05:30
pay_00000000001468,order_0000001468,1017.00,card,failed,2025-11-13T10:13:35+05:30
pay_00000000001469,order_0000001469,671.00,card,captured,2025-11-07T12:00:23+05:30
pay_00000000001470,order_0000001470,1756.93,upi,captured,2025-11-24T20:14:51+05:30
pay_00000000001471,order_0000001471,2580.06,wallet,captured,2025-11-14T07:54:34+05:30
pay_00000000001472,order_0000001472,154.64,upi,captured,2025-11-04T16:00:17+05:30
pay_00000000001473,order_0000001473,117.02,upi,captured,2025-11-25T13:27:32+05:30
pay_00000000001474,order_0000001474,812.00,upi,captured,2025-11-23T16:41:23+05:30
pay_00000000001475,order_0000001475,733.03,card,captured,2025-11-11T19:30:07+05:30
pay_00000000001476,order_0000001476,2383.92,upi,captured,2025-11-28T17:54:43+05:30
pay_00000000001477,order_0000001477,216.44,card,captured,2025-11-30T22:10:31+05:30
pay_00000000001478,order_0000001478,878.67,card,captured,2025-11-15T05:40:15+05:30
pay_00000000001479,order_0000001479,1006.99,netbanking,failed,2025-11-25T14:56:23+05:30
pay_00000000001480,order_0000001480,898.00,upi,captured,2025-11-22T09:36:54+05:30
pay_00000000001481,order_0000001481,845.99,upi,captured,2025-11-23T00:08:56+05:30
pay_00000000001482,order_0000001482,15811.00,upi,captured,2025-11-29T12:02:14+05:30
pay_00000000001483,order_0000001483,390.00,upi,captured,2025-11-11T15:37:54+05:30
pay_00000000001484,order_0000001484,599.00,upi,captured,2025-11-17T14:22:32+05:30
pay_00000000001485,order_0000001485,110.93,upi,captured,2025-11-03T15:48:16+05:30
pay_00000000001486,order_0000001486,3212.18,wallet,captured,2025-11-09T14:41:36+05:30
pay_00000000001487,order_0000001487,382.48,netbanking,captured,2025-11-25T16:39:26+05:30
pay_00000000001488,order_0000001488,175.00,upi,captured,2025-11-28T19:28:00+05:30
pay_00000000001489,order_0000001489,103.00,card,captured,2025-11-22T23:49:50+05:30
pay_00000000001490,order_0000001490,770.42,upi,captured,2025-11-24T02:26:42+05:30
pay_00000000001491,order_0000001491,476.92,upi,captured,2025-11-30T15:58:53+05:30
pay_00000000001492,order_0000001492,115.39,card,captured,2025-11-04T23:18:36+05:30
pay_00000000001493,order_0000001493,869.60,card,captured,2025-11-19T17:12:25+05:30
pay_00000000001494,order_0000001494,1077.00,upi,captured,2025-11-10T17:13:25+05:30
pay_00000000001495,order_0000001495,668.64,upi,captured,2025-11-06T12:14:58+05:30
pay_00000000001496,order_0000001496,1042.00,card,captured,2025-11-06T06:25:33+05:30
pay_00000000001497,order_0000001497,338.71,upi,captured,2025-11-24T13:21:41+05:30
pay_00000000001498,order_0000001498,611.55,upi,captured,2025-11-09T13:39:12+05:30
pay_00000000001499,order_0000001499,2999.00,wallet,captured,2025-11-06T22:22:29+05:30
pay_00000000001500,order_0000001500,730.14,wallet,captured,2025-11-25T19:00:48+05:30
pay_00000000001501,order_0000001501,2211.99,upi,captured,2025-11-18T22:45:04+05:30
pay_00000000001502,order_0000001502,2402.00,card,captured,2025-11-17T21:24:18+05:30
pay_00000000001503,order_0000001503,415.99,card,captured,2025-11-04T16:12:27+05:30
pay_00000000001504,order_0000001504,2265.99,upi,captured,2025-11-17T19:34:23+05:30
pay_00000000001505,order_0000001505,128.19,netbanking,captured,2025-11-30T09:51:42+05:30
pay_00000000001506,order_0000001506,553.99,card,captured,2025-11-01T00:51:54+05:30
pay_00000000001507,order_0000001507,9431.00,wallet,captured,2025-11-04T01:34:05+05:30
pay_00000000001508,order_0000001508,595.99,upi,captured,2025-11-20T00:48:22+05:30
pay_00000000001509,order_0000001509,381.99,netbanking,failed,2025-11-22T13:35:22+05:30
pay_00000000001510,order_0000001510,848.00,upi,failed,2025-11-05T16:37:23+05:30
pay_00000000001511,order_0000001511,913.35,upi,captured,2025-11-16T22:17:58+05:30
pay_00000000001512,order_0000001512,1079.91,card,captured,2025-11-24T11:17:28+05:30
pay_00000000001513,order_0000001513,1543.75,upi,captured,2025-11-15T03:38:02+05:30
pay_00000000001514,order_0000001514,1010.99,wallet,captured,2025-11-17T17:33:05+05:30
pay_00000000001515,order_0000001515,997.00,card,captured,2025-11-11T12:39:39+05:30
pay_00000000001516,order_0000001516,412.00,wallet,captured,2025-11-12T18:50:28+05:30
pay_00000000001517,order_0000001517,1331.99,upi,captured,2025-11-12T02:58:36+05:30
pay_00000000001518,order_0000001518,1119.62,upi,captured,2025-11-17T04:07:02+05:30
pay_00000000001519,order_0000001519,3354.00,upi,captured,2025-11-16T10:13:12+05:30
pay_00000000001520,order_0000001520,916.00,card,captured,2025-11-16T17:08:29+05:30
pay_00000000001521,order_0000001521,907.00,upi,captured,2025-11-08T21:23:08+05:30
pay_00000000001522,order_0000001522,170.10,card,captured,2025-11-18T18:53:29+05:30
pay_00000000001523,order_0000001523,1297.03,upi,captured,2025-11-17T14:17:50+05:30
pay_00000000001524,order_0000001524,993.24,card,captured,2025-11-24T22:10:57+05:30
pay_00000000001525,order_0000001525,552.91,upi,captured,2025-11-23T13:42:40+05:30
pay_00000000001526,order_0000001526,269.28,card,captured,2025-11-22T19:34:01+05:30
pay_00000000001527,order_0000001527,514.99,card,captured,2025-11-19T21:55:53+05:30
pay_00000000001528,order_0000001528,510.20,upi,captured,2025-11-17T12:51:47+05:30
pay_00000000001529,order_0000001529,891.75,netbanking,captured,2025-11-24T17:08:22+05:30
pay_00000000001530,order_0000001530,449.20,card,captured,2025-11-25T23:38:13+05:30
pay_00000000001531,order_0000001531,3386.99,card,captured,2025-11-26T14:30:45+05:30
pay_00000000001532,order_0000001532,752.99,card,captured,2025-11-08T16:50:01+05:30
pay_00000000001533,order_0000001533,385.99,upi,captured,2025-11-27T12:59:02+05:30
pay_00000000001534,order_0000001534,112.42,wallet,failed,2025-11-16T21:02:17+05:30
pay_00000000001535,order_0000001535,2243.07,netbanking,captured,2025-11-17T09:44:35+05:30
pay_00000000001536,order_0000001536,2920.14,upi,captured,2025-11-15T17:28:00+05:30
pay_00000000001537,order_0000001537,186.88,upi,captured,2025-11-02T19:16:48+05:30
pay_00000000001538,order_0000001538,145.04,netbanking,captured,2025-11-03T00:59:47+05:30
pay_00000000001539,order_0000001539,508.90,upi,captured,2025-11-23T20:19:53+05:30
pay_00000000001540,order_0000001540,465.00,card,captured,2025-11-03T14:22:08+05:30
pay_00000000001541,order_0000001541,885.99,upi,captured,2025-11-16T06:10:13+05:30
pay_00000000001542,order_0000001542,1039.34,upi,captured,2025-11-19T19:13:37+05:30
pay_00000000001543,order_0000001543,102.00,upi,captured,2025-11-10T19:06:51+05:30
pay_00000000001544,order_0000001544,660.77,wallet,captured,2025-11-13T20:37:44+05:30
pay_00000000001545,order_0000001545,781.14,upi,captured,2025-11-21T17:25:41+05:30
pay_00000000001546,order_0000001546,160.44,upi,captured,2025-11-06T14:05:32+05:30
pay_00000000001547,order_0000001547,604.22,upi,captured,2025-11-11T18:50:33+05:30
pay_00000000001548,order_0000001548,457.76,upi,captured,2025-11-26T07:24:49+05:30
pay_00000000001549,order_0000001549,3227.44,card,captured,2025-11-18T20:20:35+05:30
pay_00000000001550,order_0000001550,458.00,upi,captured,2025-11-15T14:36:03+05:30
pay_00000000001551,order_0000001551,817.92,upi,captured,2025-11-06T09:25:37+05:30
pay_00000000001552,order_0000001552,153.99,upi,captured,2025-11-22T13:35:07+05:30
pay_00000000001553,order_0000001553,1021.00,upi,captured,2025-11-02T17:06:39+05:30
pay_00000000001554,order_0000001554,341.03,card,captured,2025-11-24T15:44:06+05:30
pay_00000000001555,order_0000001555,139.00,card,captured,2025-11-01T22:13:55+05:30
pay_00000000001556,order_0000001556,522.99,upi,captured,2025-11-03T19:15:56+05:30
pay_00000000001557,order_0000001557,919.03,upi,captured,2025-11-26T14:37:00+05:30
pay_00000000001558,order_0000001558,196.99,upi,captured,2025-11-03T13:09:22+05:30
pay_00000000001559,order_0000001559,627.00,upi,captured,2025-11-20T15:15:59+05:30
pay_00000000001560,order_0000001560,498.96,wallet,captured,2025-11-22T20:28:18+05:30
pay_00000000001561,order_0000001561,1992.99,upi,captured,2025-11-08T22:57:36+05:30
pay_00000000001562,order_0000001562,220.24,card,captured,2025-11-24T20:23:00+05:30
pay_00000000001563,order_0000001563,637.00,card,captured,2025-11-04T19:28:11+05:30
pay_00000000001564,order_0000001564,197.00,netbanking,captured,2025-11-25T18:32:38+05:30
pay_00000000001565,order_0000001565,1986.00,card,captured,2025-11-06T20:39:26+05:30
pay_00000000001566,order_0000001566,17235.99,card,captured,2025-11-26T13:23:03+05:30
pay_00000000001567,order_0000001567,565.42,upi,captured,2025-11-08T15:28:11+05:30
pay_00000000001568,order_0000001568,269.00,wallet,captured,2025-11-16T16:46:22+05:30
pay_00000000001569,order_0000001569,3175.34,upi,captured,2025-11-10T10:20:01+05:30
pay_00000000001570,order_0000001570,609.79,wallet,captured,2025-11-26T13:11:33+05:30
pay_00000000001571,order_0000001571,176.22,card,captured,2025-11-20T06:27:06+05:30
pay_00000000001572,order_0000001572,13767.24,card,captured,2025-11-15T18:29:44+05:30
pay_00000000001573,order_0000001573,1166.86,upi,captured,2025-11-18T15:26:32+05:30
pay_00000000001574,order_0000001574,183.92,card,captured,2025-11-21T14:19:26+05:30
pay_00000000001575,order_0000001575,492.67,card,captured,2025-11-15T10:18:19+05:30
pay_00000000001576,order_0000001576,234.57,card,captured,2025-11-04T14:43:08+05:30
pay_00000000001577,order_0000001577,728.99,card,captured,2025-11-20T18:36:43+05:30
pay_00000000001578,order_0000001578,3165.68,netbanking,captured,2025-11-26T15:24:18+05:30
pay_00000000001579,order_0000001579,553.00,upi,captured,2025-11-07T12:07:31+05:30
pay_00000000001580,order_0000001580,271.15,upi,captured,2025-11-14T17:45:48+05:30
pay_00000000001581,order_0000001581,288.99,netbanking,captured,2025-11-02T10:29:37+05:30
pay_00000000001582,order_0000001582,1037.99,upi,captured,2025-11-12T20:00:40+05:30
pay_00000000001583,order_0000001583,212.82,upi,captured,2025-11-16T15:38:47+05:30
pay_00000000001584,order_0000001584,2759.64,card,captured,2025-11-15T14:40:23+05:30
pay_00000000001585,order_0000001585,991.41,wallet,captured,2025-11-02T16:44:00+05:30
pay_00000000001586,order_0000001586,330.00,card,captured,2025-11-20T18:50:37+05:30
pay_00000000001587,order_0000001587,2674.23,upi,captured,2025-11-19T20:40:59+05:30
pay_00000000001588,order_0000001588,6694.72,wallet,captured,2025-11-10T07:07:25+05:30
pay_00000000001589,order_0000001589,524.82,upi,failed,2025-11-07T15:27:39+05:30
pay_00000000001590,order_0000001590,845.90,upi,captured,2025-11-28T22:45:46+05:30
pay_00000000001591,order_0000001591,1132.99,card,captured,2025-11-30T23:17:29+05:30
pay_00000000001592,order_0000001592,817.00,upi,failed,2025-11-22T11:22:10+05:30
pay_00000000001593,order_0000001593,563.02,card,captured,2025-11-15T10:44:16+05:30
pay_00000000001594,order_0000001594,426.18,card,captured,2025-11-14T15:01:57+05:30
pay_00000000001595,order_0000001595,753.13,card,captured,2025-11-06T17:32:00+05:30
pay_00000000001596,order_0000001596,265.83,upi,captured,2025-11-14T17:54:28+05:30
pay_00000000001597,order_0000001597,974.99,card,captured,2025-11-12T06:18:13+05:30
pay_00000000001598,order_0000001598,188.99,card,captured,2025-11-09T22:09:19+05:30
pay_00000000001599,order_0000001599,655.71,upi,captured,2025-11-22T09:07:25+05:30
pay_00000000001600,order_0000001600,11690.78,upi,captured,2025-11-13T09:52:07+05:30
pay_00000000001601,order_0000001601,1001.00,upi,captured,2025-11-30T08:26:01+05:30
pay_00000000001602,order_0000001602,422.10,upi,captured,2025-11-10T03:35:46+05:30
pay_00000000001603,order_0000001603,318.00,card,captured,2025-11-10T06:38:03+05:30
pay_00000000001604,order_0000001604,641.99,card,captured,2025-11-04T10:08:57+05:30
pay_00000000001605,order_0000001605,1027.40,upi,captured,2025-11-16T16:35:08+05:30
pay_00000000001606,order_0000001606,956.99,card,captured,2025-11-17T12:22:51+05:30
pay_00000000001607,order_0000001607,3585.21,upi,captured,2025-11-30T06:59:57+05:30
pay_00000000001608,order_0000001608,687.99,upi,captured,2025-11-01T04:40:23+05:30
pay_00000000001609,order_0000001609,2893.99,upi,captured,2025-11-02T16:26:10+05:30
pay_00000000001610,order_0000001610,399.00,upi,captured,2025-11-25T17:47:29+05:30
pay_00000000001611,order_0000001611,242.00,upi,captured,2025-11-05T11:28:19+05:30
pay_00000000001612,order_0000001612,547.00,wallet,captured,2025-11-29T15:41:07+05:30
pay_00000000001613,order_0000001613,462.50,card,captured,2025-11-10T09:20:29+05:30
pay_00000000001614,order_0000001614,981.00,upi,captured,2025-11-13T22:39:15+05:30
pay_00000000001615,order_0000001615,674.00,upi,captured,2025-11-20T13:02:06+05:30
pay_00000000001616,order_0000001616,721.00,upi,failed,2025-11-18T13:17:54+05:30
pay_00000000001617,order_0000001617,631.18,card,failed,2025-11-21T08:34:21+05:30
pay_00000000001618,order_0000001618,1047.60,card,captured,2025-11-21T21:04:06+05:30
pay_00000000001619,order_0000001619,960.99,card,captured,2025-11-27T14:36:06+05:30
pay_00000000001620,order_0000001620,229.19,card,captured,2025-11-23T06:21:52+05:30
pay_00000000001621,order_0000001621,567.99,upi,captured,2025-11-09T09:46:42+05:30
pay_00000000001622,order_0000001622,125.79,card,captured,2025-11-18T22:26:05+05:30
pay_00000000001623,order_0000001623,830.00,wallet,captured,2025-11-01T14:48:06+05:30
pay_00000000001624,order_0000001624,14343.85,upi,captured,2025-11-03T12:44:23+05:30
pay_00000000001625,order_0000001625,610.67,netbanking,captured,2025-11-27T00:24:22+05:30
pay_00000000001626,order_0000001626,1072.30,netbanking,captured,2025-11-26T01:07:44+05:30
pay_00000000001627,order_0000001627,462.00,card,captured,2025-11-18T23:42:14+05:30
pay_00000000001628,order_0000001628,2131.85,card,captured,2025-11-27T13:47:57+05:30
pay_00000000001629,order_0000001629,664.07,wallet,captured,2025-11-11T07:11:44+05:30
pay_00000000001630,order_0000001630,846.00,upi,captured,2025-11-02T19:59:27+05:30
pay_00000000001631,order_0000001631,439.49,upi,captured,2025-11-06T06:43:07+05:30
pay_00000000001632,order_0000001632,1020.93,upi,captured,2025-11-23T20:14:26+05:30
pay_00000000001633,order_0000001633,983.99,upi,captured,2025-11-24T13:22:08+05:30
pay_00000000001634,order_0000001634,2732.99,card,captured,2025-11-22T20:50:24+05:30
pay_00000000001635,order_0000001635,126.00,card,captured,2025-11-27T20:20:49+05:30
pay_00000000001636,order_0000001636,904.02,wallet,captured,2025-11-23T09:08:20+05:30
pay_00000000001637,order_0000001637,11914.26,upi,failed,2025-11-27T22:40:55+05:30
pay_00000000001638,order_0000001638,652.69,upi,captured,2025-11-11T16:17:30+05:30
pay_00000000001639,order_0000001639,513.59,card,captured,2025-11-23T20:44:06+05:30
pay_00000000001640,order_0000001640,423.02,wallet,captured,2025-11-30T09:41:30+05:30
pay_00000000001641,order_0000001641,162.99,wallet,captured,2025-11-17T11:02:49+05:30
pay_00000000001642,order_0000001642,397.51,upi,captured,2025-11-26T16:22:19+05:30
pay_00000000001643,order_0000001643,255.32,upi,captured,2025-11-08T23:48:37+05:30
pay_00000000001644,order_0000001644,134.00,upi,captured,2025-11-15T22:24:26+05:30
pay_00000000001645,order_0000001645,133.00,card,captured,2025-11-05T18:50:15+05:30
pay_00000000001646,order_0000001646,4826.13,upi,captured,2025-11-15T15:39:22+05:30
pay_00000000001647,order_0000001647,1005.80,upi,captured,2025-11-20T13:08:06+05:30
pay_00000000001648,order_0000001648,484.00,card,captured,2025-11-12T12:41:32+05:30
pay_00000000001649,order_0000001649,2325.00,card,captured,2025-11-05T08:30:32+05:30
pay_00000000001650,order_0000001650,2095.86,card,captured,2025-11-28T13:51:36+05:30
pay_00000000001651,order_0000001651,488.00,card,captured,2025-11-18T04:28:33+05:30
pay_00000000001652,order_0000001652,2782.99,wallet,captured,2025-11-08T22:17:12+05:30
pay_00000000001653,order_0000001653,137.01,card,captured,2025-11-30T13:33:00+05:30
pay_00000000001654,order_0000001654,10704.64,card,captured,2025-11-10T18:10:47+05:30
pay_00000000001655,order_0000001655,878.81,card,captured,2025-11-11T20:15:46+05:30
pay_00000000001656,order_0000001656,706.49,upi,captured,2025-11-27T13:48:12+05:30
pay_00000000001657,order_0000001657,270.00,card,captured,2025-11-22T06:10:18+05:30
pay_00000000001658,order_0000001658,249.00,netbanking,captured,2025-11-18T13:37:15+05:30
pay_00000000001659,order_0000001659,1015.70,upi,captured,2025-11-04T06:52:13+05:30
pay_00000000001660,order_0000001660,498.00,upi,captured,2025-11-04T21:27:26+05:30
pay_00000000001661,order_0000001661,716.00,netbanking,captured,2025-11-26T20:56:18+05:30
pay_00000000001662,order_0000001662,378.37,upi,captured,2025-11-02T06:43:28+05:30
pay_00000000001663,order_0000001663,965.99,netbanking,captured,2025-11-11T17:24:44+05:30
pay_00000000001664,order_0000001664,492.77,card,captured,2025-11-09T17:55:39+05:30
pay_00000000001665,order_0000001665,444.99,upi,failed,2025-11-28T05:26:42+05:30
pay_00000000001666,order_0000001666,544.54,wallet,captured,2025-11-22T20:45:50+05:30
pay_00000000001667,order_0000001667,2684.70,upi,captured,2025-11-29T14:35:47+05:30
pay_00000000001668,order_0000001668,531.99,card,captured,2025-11-13T04:02:14+05:30
pay_00000000001669,order_0000001669,310.00,upi,captured,2025-11-15T03:49:03+05:30
pay_00000000001670,order_0000001670,3423.99,upi,captured,2025-11-13T14:28:24+05:30
pay_00000000001671,order_0000001671,3553.49,card,captured,2025-11-27T09:11:11+05:30
pay_00000000001672,order_0000001672,360.11,upi,failed,2025-11-18T11:02:13+05:30
pay_00000000001673,order_0000001673,197.92,card,captured,2025-11-21T15:35:06+05:30
pay_00000000001674,order_0000001674,705.00,wallet,captured,2025-11-05T14:24:13+05:30
pay_00000000001675,order_0000001675,757.72,upi,captured,2025-11-25T01:31:07+05:30
pay_00000000001676,order_0000001676,863.99,upi,captured,2025-11-01T01:56:39+05:30
pay_00000000001677,order_0000001677,379.37,upi,captured,2025-11-12T17:43:08+05:30
pay_00000000001678,order_0000001678,870.44,netbanking,failed,2025-11-27T10:43:01+05:30
pay_00000000001679,order_0000001679,1851.56,card,captured,2025-11-03T20:14:33+05:30
pay_00000000001680,order_0000001680,159.99,card,captured,2025-11-10T00:14:55+05:30
pay_00000000001681,order_0000001681,2278.11,upi,captured,2025-11-11T22:35:31+05:30
pay_00000000001682,order_0000001682,364.81,card,captured,2025-11-15T18:57:43+05:30
pay_00000000001683,order_0000001683,1004.59,upi,captured,2025-11-08T09:30:06+05:30
pay_00000000001684,order_0000001684,1287.00,card,captured,2025-11-10T06:27:55+05:30
pay_00000000001685,order_0000001685,125.07,wallet,captured,2025-11-06T11:18:34+05:30
pay_00000000001686,order_0000001686,163.55,card,captured,2025-11-28T19:07:58+05:30
pay_00000000001687,order_0000001687,1071.50,upi,captured,2025-11-12T15:46:26+05:30
pay_00000000001688,order_0000001688,833.12,upi,captured,2025-11-25T18:40:58+05:30
pay_00000000001689,order_0000001689,590.43,upi,captured,2025-11-23T16:19:21+05:30
pay_00000000001690,order_0000001690,227.99,upi,captured,2025-11-25T04:32:50+05:30
pay_00000000001691,order_0000001691,1046.13,wallet,captured,2025-11-30T21:02:14+05:30
pay_00000000001692,order_0000001692,5604.46,upi,captured,2025-11-18T17:12:48+05:30
pay_00000000001693,order_0000001693,3167.46,netbanking,captured,2025-11-19T15:59:29+05:30
pay_00000000001694,order_0000001694,666.33,upi,captured,2025-11-08T02:38:41+05:30
pay_00000000001695,order_0000001695,649.00,card,captured,2025-11-21T05:18:21+05:30
pay_00000000001696,order_0000001696,396.80,upi,captured,2025-11-09T01:04:01+05:30
pay_00000000001697,order_0000001697,1054.39,wallet,captured,2025-11-27T16:54:05+05:30
pay_00000000001698,order_0000001698,530.00,card,captured,2025-11-30T10:32:16+05:30
pay_00000000001699,order_0000001699,1427.00,upi,captured,2025-11-15T14:10:32+05:30
pay_00000000001700,order_0000001700,1015.00,upi,captured,2025-11-07T09:37:18+05:30
pay_00000000001701,order_0000001701,798.88,upi,captured,2025-11-11T13:05:59+05:30
pay_00000000001702,order_0000001702,2482.70,upi,captured,2025-11-20T10:47:44+05:30
pay_00000000001703,order_0000001703,563.99,wallet,captured,2025-11-13T13:46:42+05:30
pay_00000000001704,order_0000001704,391.68,upi,captured,2025-11-26T20:43:15+05:30
pay_00000000001705,order_0000001705,459.00,card,captured,2025-11-24T10:21:19+05:30
pay_00000000001706,order_0000001706,1876.00,upi,captured,2025-11-26T18:50:01+05:30
pay_00000000001707,order_0000001707,346.00,upi,captured,2025-11-03T19:43:52+05:30
pay_00000000001708,order_0000001708,3058.00,upi,captured,2025-11-08T10:45:26+05:30
pay_00000000001709,order_0000001709,205.00,card,captured,2025-11-27T09:10:24+05:30
pay_00000000001710,order_0000001710,342.22,netbanking,captured,2025-11-01T12:01:59+05:30
pay_00000000001711,order_0000001711,132.00,upi,captured,2025-11-11T13:26:09+05:30
pay_00000000001712,order_0000001712,500.14,upi,captured,2025-11-09T22:45:58+05:30
pay_00000000001713,order_0000001713,866.83,upi,captured,2025-11-25T20:29:19+05:30
pay_00000000001714,order_0000001714,2074.99,card,captured,2025-11-06T15:40:10+05:30
pay_00000000001715,order_0000001715,792.00,netbanking,captured,2025-11-18T19:55:53+05:30
pay_00000000001716,order_0000001716,607.45,upi,captured,2025-11-03T20:36:21+05:30
pay_00000000001717,order_0000001717,558.99,wallet,captured,2025-11-14T11:37:51+05:30
pay_00000000001718,order_0000001718,1811.40,card,captured,2025-11-24T08:52:48+05:30
pay_00000000001719,order_0000001719,940.99,upi,failed,2025-11-21T06:57:27+05:30
pay_00000000001720,order_0000001720,107.99,upi,captured,2025-11-04T12:04:05+05:30
pay_00000000001721,order_0000001721,456.00,card,captured,2025-11-30T12:42:56+05:30
pay_00000000001722,order_0000001722,757.02,netbanking,captured,2025-11-01T15:08:38+05:30
pay_00000000001723,order_0000001723,888.99,netbanking,captured,2025-11-17T20:48:09+05:30
pay_00000000001724,order_0000001724,567.00,upi,captured,2025-11-13T12:58:58+05:30
pay_00000000001725,order_0000001725,990.69,upi,captured,2025-11-22T12:24:43+05:30
pay_00000000001726,order_0000001726,416.07,upi,captured,2025-11-14T20:25:27+05:30
pay_00000000001727,order_0000001727,321.61,upi,captured,2025-11-23T13:57:20+05:30
pay_00000000001728,order_0000001728,3489.12,upi,captured,2025-11-27T19:00:19+05:30
pay_00000000001729,order_0000001729,426.00,upi,captured,2025-11-25T16:33:02+05:30
pay_00000000001730,order_0000001730,15174.45,upi,captured,2025-11-17T12:17:17+05:30
pay_00000000001731,order_0000001731,471.90,netbanking,captured,2025-11-17T20:17:26+05:30
pay_00000000001732,order_0000001732,279.78,wallet,captured,2025-11-13T10:53:04+05:30
pay_00000000001733,order_0000001733,2741.00,upi,failed,2025-11-18T23:53:52+05:30
pay_00000000001734,order_0000001734,419.26,card,captured,2025-11-25T19:13:49+05:30
pay_00000000001735,order_0000001735,6141.80,netbanking,failed,2025-11-12T22:18:54+05:30
pay_00000000001736,order_0000001736,768.30,card,captured,2025-11-06T15:42:05+05:30
pay_00000000001737,order_0000001737,2301.00,card,captured,2025-11-22T16:23:00+05:30
pay_00000000001738,order_0000001738,376.74,card,captured,2025-11-02T23:18:46+05:30
pay_00000000001739,order_0000001739,146.00,card,captured,2025-11-09T21:10:32+05:30
pay_00000000001740,order_0000001740,3121.53,card,captured,2025-11-24T05:53:43+05:30
pay_00000000001741,order_0000001741,155.22,card,captured,2025-11-11T23:44:39+05:30
pay_00000000001742,order_0000001742,936.18,wallet,captured,2025-11-18T12:47:08+05:30
pay_00000000001743,order_0000001743,2173.99,card,captured,2025-11-27T19:35:54+05:30
pay_00000000001744,order_0000001744,1160.31,upi,captured,2025-11-15T18:59:20+05:30
pay_00000000001745,order_0000001745,962.00,netbanking,captured,2025-11-18T21:16:01+05:30
pay_00000000001746,order_0000001746,152.89,upi,captured,2025-11-30T17:15:43+05:30
pay_00000000001747,order_0000001747,629.04,card,captured,2025-11-07T23:20:48+05:30
pay_00000000001748,order_0000001748,1848.32,upi,captured,2025-11-18T06:20:00+05:30
pay_00000000001749,order_0000001749,665.09,netbanking,captured,2025-11-24T01:11:36+05:30
pay_00000000001750,order_0000001750,820.42,card,captured,2025-11-07T15:10:36+05:30
pay_00000000001751,order_0000001751,146.09,upi,captured,2025-11-03T17:50:40+05:30
pay_00000000001752,order_0000001752,926.07,card,failed,2025-11-20T11:48:23+05:30
pay_00000000001753,order_0000001753,408.41,wallet,failed,2025-11-19T14:48:03+05:30
pay_00000000001754,order_0000001754,2911.04,card,captured,2025-11-28T23:43:30+05:30
pay_00000000001755,order_0000001755,2461.72,upi,captured,2025-11-22T12:55:37+05:30
pay_00000000001756,order_0000001756,119.53,upi,captured,2025-11-26T17:34:49+05:30
pay_00000000001757,order_0000001757,377.09,upi,captured,2025-11-18T10:07:32+05:30
pay_00000000001758,order_0000001758,639.27,upi,captured,2025-11-06T23:49:19+05:30
pay_00000000001759,order_0000001759,527.68,upi,captured,2025-11-23T20:51:59+05:30
pay_00000000001760,order_0000001760,138.45,upi,captured,2025-11-04T21:40:17+05:30
pay_00000000001761,order_0000001761,2799.46,upi,captured,2025-11-13T06:34:21+05:30
pay_00000000001762,order_0000001762,966.71,card,captured,2025-11-16T19:07:54+05:30
pay_00000000001763,order_0000001763,1047.14,wallet,captured,2025-11-27T19:10:10+05:30
pay_00000000001764,order_0000001764,309.23,netbanking,captured,2025-11-30T18:28:54+05:30
pay_00000000001765,order_0000001765,574.64,card,captured,2025-11-22T15:39:54+05:30
pay_00000000001766,order_0000001766,677.44,upi,captured,2025-11-25T09:45:43+05:30
pay_00000000001767,order_0000001767,610.30,upi,captured,2025-11-25T23:23:38+05:30
pay_00000000001768,order_0000001768,581.99,upi,captured,2025-11-26T22:25:20+05:30
pay_00000000001769,order_0000001769,691.99,upi,captured,2025-11-23T02:30:38+05:30
pay_00000000001770,order_0000001770,1054.99,card,captured,2025-11-08T21:02:32+05:30
pay_00000000001771,order_0000001771,774.16,upi,captured,2025-11-24T06:33:57+05:30
pay_00000000001772,order_0000001772,958.00,netbanking,captured,2025-11-30T06:20:30+05:30
pay_00000000001773,order_0000001773,389.00,card,captured,2025-11-07T15:49:24+05:30
pay_00000000001774,order_0000001774,930.11,card,captured,2025-11-05T18:17:09+05:30
pay_00000000001775,order_0000001775,1452.00,upi,captured,2025-11-27T13:57:00+05:30
pay_00000000001776,order_0000001776,369.10,upi,captured,2025-11-23T14:24:09+05:30
pay_00000000001777,order_0000001777,677.99,upi,captured,2025-11-20T18:13:48+05:30
pay_00000000001778,order_0000001778,1057.00,card,captured,2025-11-17T13:47:18+05:30
pay_00000000001779,order_0000001779,12966.77,netbanking,captured,2025-11-19T07:37:41+05:30
pay_00000000001780,order_0000001780,409.99,upi,captured,2025-11-22T11:37:00+05:30
pay_00000000001781,order_0000001781,738.00,card,captured,2025-11-14T18:09:54+05:30
pay_00000000001782,order_0000001782,425.00,upi,failed,2025-11-01T22:54:49+05:30
pay_00000000001783,order_0000001783,623.99,upi,failed,2025-11-07T15:54:15+05:30
pay_00000000001784,order_0000001784,511.18,upi,captured,2025-11-13T11:44:42+05:30
pay_00000000001785,order_0000001785,625.11,netbanking,captured,2025-11-27T12:34:05+05:30
pay_00000000001786,order_0000001786,730.00,upi,captured,2025-11-24T06:47:48+05:30
pay_00000000001787,order_0000001787,252.56,upi,captured,2025-11-12T23:27:59+05:30
pay_00000000001788,order_0000001788,481.00,wallet,captured,2025-11-30T13:14:37+05:30
pay_00000000001789,order_0000001789,430.02,upi,captured,2025-11-24T14:38:12+05:30
pay_00000000001790,order_0000001790,723.00,upi,captured,2025-11-25T12:43:51+05:30
pay_00000000001791,order_0000001791,2841.43,upi,captured,2025-11-02T19:17:31+05:30
pay_00000000001792,order_0000001792,3511.78,upi,captured,2025-11-15T10:54:18+05:30
pay_00000000001793,order_0000001793,385.00,wallet,captured,2025-11-08T12:16:10+05:30
pay_00000000001794,order_0000001794,404.99,upi,failed,2025-11-16T17:52:32+05:30
pay_00000000001795,order_0000001795,1067.00,card,captured,2025-11-17T16:30:29+05:30
pay_00000000001796,order_0000001796,847.78,wallet,captured,2025-11-18T22:45:53+05:30
pay_00000000001797,order_0000001797,865.58,upi,captured,2025-11-18T21:32:36+05:30
pay_00000000001798,order_0000001798,241.00,upi,captured,2025-11-19T00:30:58+05:30
pay_00000000001799,order_0000001799,732.99,upi,captured,2025-11-10T08:54:16+05:30
pay_00000000001800,order_0000001800,823.69,upi,captured,2025-11-18T15:16:03+05:30
pay_00000000001801,order_0000001801,418.00,upi,captured,2025-11-29T19:11:11+05:30
pay_00000000001802,order_0000001802,974.77,wallet,captured,2025-11-11T09:02:34+05:30
pay_00000000001803,order_0000001803,649.00,wallet,captured,2025-11-23T17:11:01+05:30
pay_00000000001804,order_0000001804,694.99,upi,captured,2025-11-08T14:41:23+05:30
pay_00000000001805,order_0000001805,676.00,card,captured,2025-11-30T04:42:24+05:30
pay_00000000001806,order_0000001806,337.07,card,captured,2025-11-13T06:47:38+05:30
pay_00000000001807,order_0000001807,685.99,card,captured,2025-11-16T01:13:21+05:30
pay_00000000001808,order_0000001808,989.00,card,captured,2025-11-11T18:45:15+05:30
pay_00000000001809,order_0000001809,183.99,upi,failed,2025-11-23T19:23:35+05:30
pay_00000000001810,order_0000001810,967.99,upi,captured,2025-11-08T06:16:14+05:30
pay_00000000001811,order_0000001811,447.50,upi,failed,2025-11-16T15:30:53+05:30
pay_00000000001812,order_0000001812,306.41,upi,failed,2025-11-29T19:44:15+05:30
pay_00000000001813,order_0000001813,575.00,card,captured,2025-11-22T19:12:31+05:30
pay_00000000001814,order_0000001814,1000.41,upi,captured,2025-11-06T15:13:59+05:30
pay_00000000001815,order_0000001815,663.00,upi,captured,2025-11-07T13:51:29+05:30
pay_00000000001816,order_0000001816,671.09,upi,captured,2025-11-02T02:19:13+05:30
pay_00000000001817,order_0000001817,972.17,netbanking,captured,2025-11-17T05:45:49+05:30
pay_00000000001818,order_0000001818,1742.00,netbanking,captured,2025-11-09T19:19:32+05:30
pay_00000000001819,order_0000001819,387.20,card,captured,2025-11-27T10:41:39+05:30
pay_00000000001820,order_0000001820,2156.99,upi,captured,2025-11-01T20:30:45+05:30
pay_00000000001821,order_0000001821,1006.99,upi,captured,2025-11-25T10:45:01+05:30
pay_00000000001822,order_0000001822,458.39,upi,captured,2025-11-08T13:44:18+05:30
pay_00000000001823,order_0000001823,3117.09,netbanking,captured,2025-11-17T16:16:09+05:30
pay_00000000001824,order_0000001824,464.00,upi,captured,2025-11-12T22:07:32+05:30
pay_00000000001825,order_0000001825,325.90,upi,captured,2025-11-24T13:41:25+05:30
pay_00000000001826,order_0000001826,632.06,upi,captured,2025-11-20T17:47:06+05:30
pay_00000000001827,order_0000001827,294.15,upi,captured,2025-11-30T19:53:13+05:30
pay_00000000001828,order_0000001828,430.00,upi,captured,2025-11-04T14:57:48+05:30
pay_00000000001829,order_0000001829,516.00,upi,captured,2025-11-23T17:16:56+05:30
pay_00000000001830,order_0000001830,792.00,upi,captured,2025-11-26T15:45:59+05:30
pay_00000000001831,order_0000001831,964.34,wallet,captured,2025-11-24T23:38:14+05:30
pay_00000000001832,order_0000001832,360.99,upi,captured,2025-11-11T08:46:05+05:30
pay_00000000001833,order_0000001833,1051.00,upi,captured,2025-11-03T06:13:44+05:30
pay_00000000001834,order_0000001834,245.24,card,captured,2025-11-01T09:16:30+05:30
pay_00000000001835,order_0000001835,16993.99,upi,captured,2025-11-28T13:03:05+05:30
pay_00000000001836,order_0000001836,399.51,wallet,captured,2025-11-08T04:09:15+05:30
pay_00000000001837,order_0000001837,894.05,upi,captured,2025-11-21T09:05:53+05:30
pay_00000000001838,order_0000001838,100.00,wallet,captured,2025-11-23T20:11:34+05:30
pay_00000000001839,order_0000001839,1365.46,upi,captured,2025-11-17T19:29:33+05:30
pay_00000000001840,order_0000001840,803.00,wallet,captured,2025-11-17T19:22:49+05:30
pay_00000000001841,order_0000001841,581.69,card,captured,2025-11-17T18:34:18+05:30
pay_00000000001842,order_0000001842,120.00,upi,captured,2025-11-14T19:54:07+05:30
pay_00000000001843,order_0000001843,2323.00,upi,captured,2025-11-17T13:25:36+05:30
pay_00000000001844,order_0000001844,567.00,wallet,captured,2025-11-25T14:16:24+05:30
pay_00000000001845,order_0000001845,1126.44,upi,captured,2025-11-13T17:03:18+05:30
pay_00000000001846,order_0000001846,986.50,card,captured,2025-11-20T10:27:33+05:30
pay_00000000001847,order_0000001847,194.00,card,captured,2025-11-22T15:34:16+05:30
pay_00000000001848,order_0000001848,598.99,card,captured,2025-11-05T18:12:11+05:30
pay_00000000001849,order_0000001849,847.32,card,captured,2025-11-29T20:57:42+05:30
pay_00000000001850,order_0000001850,1720.13,wallet,captured,2025-11-22T06:53:41+05:30
pay_00000000001851,order_0000001851,950.84,upi,captured,2025-11-01T22:28:16+05:30
pay_00000000001852,order_0000001852,510.00,upi,captured,2025-11-17T17:50:38+05:30
pay_00000000001853,order_0000001853,196.17,upi,captured,2025-11-29T22:24:33+05:30
pay_00000000001854,order_0000001854,2677.00,upi,captured,2025-11-19T19:01:52+05:30
pay_00000000001855,order_0000001855,1054.99,upi,captured,2025-11-09T14:51:58+05:30
pay_00000000001856,order_0000001856,124.01,upi,captured,2025-11-30T11:38:03+05:30
pay_00000000001857,order_0000001857,274.60,card,captured,2025-11-05T09:43:54+05:30
pay_00000000001858,order_0000001858,693.00,card,captured,2025-11-12T13:06:25+05:30
pay_00000000001859,order_0000001859,490.71,upi,captured,2025-11-15T09:40:50+05:30
pay_00000000001860,order_0000001860,2964.99,upi,captured,2025-11-11T21:56:56+05:30
pay_00000000001861,order_0000001861,467.99,upi,failed,2025-11-13T12:20:08+05:30
pay_00000000001862,order_0000001862,467.92,upi,captured,2025-11-08T16:57:43+05:30
pay_00000000001863,order_0000001863,6121.73,upi,failed,2025-11-20T19:18:02+05:30
pay_00000000001864,order_0000001864,1053.00,upi,captured,2025-11-20T16:19:17+05:30
pay_00000000001865,order_0000001865,560.00,upi,captured,2025-11-23T23:06:54+05:30
pay_00000000001866,order_0000001866,563.11,upi,failed,2025-11-29T22:59:48+05:30
pay_00000000001867,order_0000001867,249.99,upi,captured,2025-11-29T06:41:35+05:30
pay_00000000001868,order_0000001868,698.00,card,failed,2025-11-25T14:49:29+05:30
pay_00000000001869,order_0000001869,313.89,card,captured,2025-11-13T12:44:03+05:30
pay_00000000001870,order_0000001870,315.18,upi,captured,2025-11-07T13:06:17+05:30
pay_00000000001871,order_0000001871,719.00,netbanking,failed,2025-11-17T15:23:41+05:30
pay_00000000001872,order_0000001872,3277.99,upi,captured,2025-11-10T08:16:27+05:30
pay_00000000001873,order_0000001873,535.94,upi,captured,2025-11-27T21:39:42+05:30
pay_00000000001874,order_0000001874,406.37,upi,captured,2025-11-09T14:37:30+05:30
pay_00000000001875,order_0000001875,2392.83,card,captured,2025-11-24T10:02:16+05:30
pay_00000000001876,order_0000001876,1476.00,wallet,captured,2025-11-09T16:51:24+05:30
pay_00000000001877,order_0000001877,582.36,upi,captured,2025-11-07T19:03:00+05:30
pay_00000000001878,order_0000001878,385.15,upi,captured,2025-11-29T16:04:53+05:30
pay_00000000001879,order_0000001879,624.50,netbanking,captured,2025-11-15T13:07:03+05:30
pay_00000000001880,order_0000001880,506.00,card,captured,2025-11-12T22:39:30+05:30
pay_00000000001881,order_0000001881,954.95,netbanking,captured,2025-11-10T17:21:59+05:30
pay_00000000001882,order_0000001882,209.00,upi,captured,2025-11-08T03:09:31+05:30
pay_00000000001883,order_0000001883,864.91,card,captured,2025-11-15T11:58:41+05:30
pay_00000000001884,order_0000001884,1014.00,upi,failed,2025-11-29T23:14:26+05:30
pay_00000000001885,order_0000001885,795.00,netbanking,captured,2025-11-22T01:08:29+05:30
pay_00000000001886,order_0000001886,638.99,netbanking,captured,2025-11-30T14:10:04+05:30
pay_00000000001887,order_0000001887,848.91,upi,captured,2025-11-04T17:55:05+05:30
pay_00000000001888,order_0000001888,270.99,card,failed,2025-11-02T16:16:44+05:30
pay_00000000001889,order_0000001889,588.00,card,captured,2025-11-06T13:23:37+05:30
pay_00000000001890,order_0000001890,847.85,card,failed,2025-11-27T20:12:54+05:30
pay_00000000001891,order_0000001891,715.56,upi,captured,2025-11-29T22:30:03+05:30
pay_00000000001892,order_0000001892,373.00,upi,captured,2025-11-06T06:14:57+05:30
pay_00000000001893,order_0000001893,547.51,card,captured,2025-11-16T11:42:25+05:30
pay_00000000001894,order_0000001894,923.32,upi,captured,2025-11-06T23:57:21+05:30
pay_00000000001895,order_0000001895,707.26,card,captured,2025-11-05T19:43:13+05:30
pay_00000000001896,order_0000001896,936.00,card,captured,2025-11-15T13:57:54+05:30
pay_00000000001897,order_0000001897,767.46,card,captured,2025-11-03T13:48:27+05:30
pay_00000000001898,order_0000001898,940.15,upi,captured,2025-11-23T18:49:24+05:30
pay_00000000001899,order_0000001899,303.07,netbanking,captured,2025-11-23T08:03:04+05:30
pay_00000000001900,order_0000001900,872.87,upi,captured,2025-11-24T16:46:27+05:30
pay_00000000001901,order_0000001901,769.10,upi,captured,2025-11-05T00:18:08+05:30
pay_00000000001902,order_0000001902,226.00,upi,captured,2025-11-09T04:35:25+05:30
pay_00000000001903,order_0000001903,308.06,upi,captured,2025-11-20T10:25:31+05:30
pay_00000000001904,order_0000001904,807.36,upi,captured,2025-11-12T12:02:22+05:30
pay_00000000001905,order_0000001905,11405.52,wallet,captured,2025-11-07T20:12:42+05:30
pay_00000000001906,order_0000001906,176.96,netbanking,captured,2025-11-30T12:12:36+05:30
pay_00000000001907,order_0000001907,265.58,card,captured,2025-11-15T00:38:52+05:30
pay_00000000001908,order_0000001908,787.76,upi,captured,2025-11-18T08:38:11+05:30
pay_00000000001909,order_0000001909,263.00,upi,captured,2025-11-23T22:10:13+05:30
pay_00000000001910,order_0000001910,1068.00,wallet,captured,2025-11-24T05:41:36+05:30
pay_00000000001911,order_0000001911,2240.00,card,failed,2025-11-08T19:24:07+05:30
pay_00000000001912,order_0000001912,965.38,upi,captured,2025-11-04T19:27:03+05:30
pay_00000000001913,order_0000001913,351.00,upi,captured,2025-11-15T12:23:09+05:30
pay_00000000001914,order_0000001914,546.81,card,captured,2025-11-25T02:15:09+05:30
pay_00000000001915,order_0000001915,280.21,upi,captured,2025-11-16T14:35:33+05:30
pay_00000000001916,order_0000001916,925.06,card,captured,2025-11-11T08:51:10+05:30
pay_00000000001917,order_0000001917,2039.00,upi,captured,2025-11-08T21:42:49+05:30
pay_00000000001918,order_0000001918,153.76,upi,captured,2025-11-21T22:43:04+05:30
pay_00000000001919,order_0000001919,15459.00,card,captured,2025-11-29T10:00:31+05:30
pay_00000000001920,order_0000001920,1036.00,upi,captured,2025-11-11T07:35:15+05:30
pay_00000000001921,order_0000001921,911.00,card,captured,2025-11-26T18:00:45+05:30
pay_00000000001922,order_0000001922,5145.52,upi,failed,2025-11-19T22:10:52+05:30
pay_00000000001923,order_0000001923,549.00,upi,failed,2025-11-27T09:43:34+05:30
pay_00000000001924,order_0000001924,1623.99,card,captured,2025-11-19T12:20:29+05:30
pay_00000000001925,order_0000001925,276.03,upi,captured,2025-11-30T22:29:25+05:30
pay_00000000001926,order_0000001926,14601.00,upi,captured,2025-11-08T04:21:57+05:30
pay_00000000001927,order_0000001927,3410.49,card,captured,2025-11-17T09:17:11+05:30
pay_00000000001928,order_0000001928,2203.88,upi,captured,2025-11-06T02:50:02+05:30
pay_00000000001929,order_0000001929,1088.96,wallet,captured,2025-11-06T17:30:46+05:30
pay_00000000001930,order_0000001930,3201.00,upi,captured,2025-11-23T16:42:09+05:30
pay_00000000001931,order_0000001931,887.00,netbanking,captured,2025-11-06T14:03:01+05:30
pay_00000000001932,order_0000001932,861.97,netbanking,captured,2025-11-10T22:31:18+05:30
pay_00000000001933,order_0000001933,935.99,upi,captured,2025-11-12T18:39:14+05:30
pay_00000000001934,order_0000001934,3669.00,card,captured,2025-11-27T16:57:02+05:30
pay_00000000001935,order_0000001935,957.69,upi,captured,2025-11-12T18:37:48+05:30
pay_00000000001936,order_0000001936,1042.23,netbanking,captured,2025-11-18T10:29:22+05:30
pay_00000000001937,order_0000001937,876.13,upi,captured,2025-11-12T22:19:51+05:30
pay_00000000001938,order_0000001938,811.58,upi,captured,2025-11-11T19:50:26+05:30
pay_00000000001939,order_0000001939,354.05,upi,captured,2025-11-17T11:29:56+05:30
pay_00000000001940,order_0000001940,677.31,upi,captured,2025-11-18T05:48:13+05:30
pay_00000000001941,order_0000001941,534.86,card,captured,2025-11-02T08:32:10+05:30
pay_00000000001942,order_0000001942,523.00,upi,captured,2025-11-22T19:30:52+05:30
pay_00000000001943,order_0000001943,450.90,upi,captured,2025-11-20T18:15:31+05:30
pay_00000000001944,order_0000001944,349.99,upi,captured,2025-11-01T13:50:25+05:30
pay_00000000001945,order_0000001945,972.00,card,captured,2025-11-18T20:21:26+05:30
pay_00000000001946,order_0000001946,755.99,upi,captured,2025-11-19T20:36:10+05:30
pay_00000000001947,order_0000001947,831.37,card,captured,2025-11-25T02:52:02+05:30
pay_00000000001948,order_0000001948,3027.00,upi,captured,2025-11-30T19:59:29+05:30
pay_00000000001949,order_0000001949,474.42,card,captured,2025-11-15T19:47:13+05:30
pay_00000000001950,order_0000001950,289.00,netbanking,captured,2025-11-04T12:42:41+05:30
pay_00000000001951,order_0000001951,2036.99,wallet,captured,2025-11-03T20:48:19+05:30
pay_00000000001952,order_0000001952,151.99,upi,captured,2025-11-22T19:32:25+05:30
pay_00000000001953,order_0000001953,143.29,upi,captured,2025-11-08T14:40:32+05:30
pay_00000000001954,order_0000001954,944.69,card,captured,2025-11-11T21:18:30+05:30
pay_00000000001955,order_0000001955,440.89,card,captured,2025-11-17T09:42:57+05:30
pay_00000000001956,order_0000001956,2483.77,wallet,captured,2025-11-22T10:54:05+05:30
pay_00000000001957,order_0000001957,186.54,netbanking,captured,2025-11-05T23:38:12+05:30
pay_00000000001958,order_0000001958,464.00,upi,captured,2025-11-05T14:10:15+05:30
pay_00000000001959,order_0000001959,789.00,upi,captured,2025-11-05T15:37:59+05:30
pay_00000000001960,order_0000001960,698.07,wallet,captured,2025-11-07T17:56:53+05:30
pay_00000000001961,order_0000001961,592.44,card,captured,2025-11-29T11:56:59+05:30
pay_00000000001962,order_0000001962,217.00,card,captured,2025-11-12T17:25:58+05:30
pay_00000000001963,order_0000001963,308.99,card,captured,2025-11-04T06:03:45+05:30
pay_00000000001964,order_0000001964,1047.86,upi,captured,2025-11-04T06:06:26+05:30
pay_00000000001965,order_0000001965,735.00,netbanking,captured,2025-11-08T14:41:02+05:30
pay_00000000001966,order_0000001966,1078.18,upi,captured,2025-11-01T19:54:06+05:30
pay_00000000001967,order_0000001967,278.00,upi,captured,2025-11-02T15:35:54+05:30
pay_00000000001968,order_0000001968,277.03,netbanking,captured,2025-11-16T13:48:51+05:30
pay_00000000001969,order_0000001969,110.11,wallet,captured,2025-11-20T14:54:07+05:30
pay_00000000001970,order_0000001970,280.99,netbanking,captured,2025-11-19T13:23:40+05:30
pay_00000000001971,order_0000001971,393.58,card,captured,2025-11-14T19:12:00+05:30
pay_00000000001972,order_0000001972,2989.15,wallet,captured,2025-11-19T16:28:31+05:30
pay_00000000001973,order_0000001973,979.00,upi,captured,2025-11-27T11:29:30+05:30
pay_00000000001974,order_0000001974,2729.52,upi,captured,2025-11-07T23:54:28+05:30
pay_00000000001975,order_0000001975,1070.00,wallet,captured,2025-11-09T12:12:52+05:30
pay_00000000001976,order_0000001976,724.17,wallet,captured,2025-11-08T23:40:59+05:30
pay_00000000001977,order_0000001977,899.05,upi,captured,2025-11-30T12:09:40+05:30
pay_00000000001978,order_0000001978,265.00,upi,captured,2025-11-21T20:24:03+05:30
pay_00000000001979,order_0000001979,3515.47,card,captured,2025-11-26T15:41:46+05:30
pay_00000000001980,order_0000001980,305.92,card,failed,2025-11-28T12:41:44+05:30
pay_00000000001981,order_0000001981,2213.55,upi,captured,2025-11-14T08:16:09+05:30
pay_00000000001982,order_0000001982,245.17,card,captured,2025-11-22T22:39:24+05:30
pay_00000000001983,order_0000001983,2503.00,upi,captured,2025-11-19T23:02:37+05:30
pay_00000000001984,order_0000001984,2010.22,card,captured,2025-11-19T19:10:54+05:30
pay_00000000001985,order_0000001985,339.00,card,captured,2025-11-16T20:23:02+05:30
pay_00000000001986,order_0000001986,1060.79,upi,captured,2025-11-02T15:39:44+05:30
pay_00000000001987,order_0000001987,404.00,card,captured,2025-11-17T11:56:40+05:30
pay_00000000001988,order_0000001988,151.00,card,captured,2025-11-13T03:41:28+05:30
pay_00000000001989,order_0000001989,1080.00,card,captured,2025-11-16T14:35:09+05:30
pay_00000000001990,order_0000001990,676.00,card,captured,2025-11-24T10:53:08+05:30
pay_00000000001991,order_0000001991,391.52,netbanking,captured,2025-11-01T17:07:56+05:30
pay_00000000001992,order_0000001992,859.99,upi,captured,2025-11-23T23:00:24+05:30
pay_00000000001993,order_0000001993,1061.90,card,captured,2025-11-16T18:55:07+05:30
pay_00000000001994,order_0000001994,488.43,card,captured,2025-11-30T18:14:47+05:30
pay_00000000001995,order_0000001995,768.99,upi,captured,2025-11-25T07:06:52+05:30
pay_00000000001996,order_0000001996,375.37,upi,captured,2025-11-01T09:15:14+05:30
pay_00000000001997,order_0000001997,337.01,card,captured,2025-11-11T18:04:54+05:30
pay_00000000001998,order_0000001998,257.10,card,captured,2025-11-10T09:36:44+05:30
pay_00000000001999,order_0000001999,2949.94,card,captured,2025-11-25T13:09:27+05:30
pay_00000000002000,order_0000002000,5276.12,card,captured,2025-11-09T12:00:47+05:30
pay_00000000002001,order_0000002001,919.00,wallet,failed,2025-11-29T10:53:23+05:30
pay_00000000002002,order_0000002002,2965.00,wallet,captured,2025-11-03T12:03:29+05:30
pay_00000000002003,order_0000002003,410.00,wallet,captured,2025-11-01T22:13:42+05:30
pay_00000000002004,order_0000002004,492.12,card,captured,2025-11-17T18:47:35+05:30
pay_00000000002005,order_0000002005,357.08,upi,captured,2025-11-20T20:57:06+05:30
pay_00000000002006,order_0000002006,890.34,upi,failed,2025-11-19T15:57:37+05:30
pay_00000000002007,order_0000002007,1074.20,upi,captured,2025-11-23T12:17:12+05:30
pay_00000000002008,order_0000002008,230.70,upi,captured,2025-11-17T03:11:53+05:30
pay_00000000002009,order_0000002009,1644.00,card,captured,2025-11-26T19:38:16+05:30
pay_00000000002010,order_0000002010,327.00,netbanking,captured,2025-11-21T20:27:34+05:30
pay_00000000002011,order_0000002011,228.75,upi,captured,2025-11-11T05:19:40+05:30
pay_00000000002012,order_0000002012,161.00,upi,captured,2025-11-15T17:39:20+05:30
pay_00000000002013,order_0000002013,183.02,upi,captured,2025-11-10T21:46:55+05:30
pay_00000000002014,order_0000002014,820.18,upi,captured,2025-11-22T03:11:17+05:30
pay_00000000002015,order_0000002015,821.00,card,captured,2025-11-18T21:03:39+05:30
pay_00000000002016,order_0000002016,270.82,upi,captured,2025-11-03T19:13:28+05:30
pay_00000000002017,order_0000002017,730.18,upi,captured,2025-11-06T15:28:17+05:30
pay_00000000002018,order_0000002018,513.87,wallet,captured,2025-11-14T14:25:39+05:30
pay_00000000002019,order_0000002019,984.99,wallet,captured,2025-11-06T13:31:33+05:30
pay_00000000002020,order_0000002020,287.71,wallet,captured,2025-11-10T21:28:34+05:30
pay_00000000002021,order_0000002021,2623.91,wallet,captured,2025-11-17T22:35:56+05:30
pay_00000000002022,order_0000002022,381.00,card,captured,2025-11-20T07:32:09+05:30
pay_00000000002023,order_0000002023,124.00,upi,captured,2025-11-15T22:02:51+05:30
pay_00000000002024,order_0000002024,182.45,card,captured,2025-11-15T15:25:38+05:30
pay_00000000002025,order_0000002025,710.99,wallet,captured,2025-11-06T09:21:31+05:30
pay_00000000002026,order_0000002026,2382.00,card,captured,2025-11-22T13:41:30+05:30
pay_00000000002027,order_0000002027,1251.91,card,failed,2025-11-12T22:30:22+05:30
pay_00000000002028,order_0000002028,953.68,upi,captured,2025-11-27T12:37:26+05:30
pay_00000000002029,order_0000002029,639.18,wallet,captured,2025-11-28T07:13:42+05:30
pay_00000000002030,order_0000002030,1273.00,upi,captured,2025-11-11T19:29:29+05:30
pay_00000000002031,order_0000002031,14896.61,upi,captured,2025-11-30T07:38:22+05:30
pay_00000000002032,order_0000002032,382.89,upi,captured,2025-11-14T09:42:32+05:30
pay_00000000002033,order_0000002033,946.99,card,captured,2025-11-10T14:40:30+05:30
pay_00000000002034,order_0000002034,2960.99,upi,captured,2025-11-26T13:45:16+05:30
pay_00000000002035,order_0000002035,1819.00,upi,captured,2025-11-04T13:56:41+05:30
pay_00000000002036,order_0000002036,2297.00,wallet,captured,2025-11-10T16:41:32+05:30
pay_00000000002037,order_0000002037,713.54,upi,captured,2025-11-18T22:19:32+05:30
pay_00000000002038,order_0000002038,674.88,card,captured,2025-11-08T00:18:46+05:30
pay_00000000002039,order_0000002039,1612.00,upi,captured,2025-11-28T21:28:56+05:30
pay_00000000002040,order_0000002040,641.00,upi,captured,2025-11-21T20:17:43+05:30
pay_00000000002041,order_0000002041,1027.99,upi,captured,2025-11-07T20:22:12+05:30
pay_00000000002042,order_0000002042,121.00,upi,captured,2025-11-24T22:09:14+05:30
pay_00000000002043,order_0000002043,2184.70,netbanking,captured,2025-11-04T23:15:17+05:30
pay_00000000002044,order_0000002044,7778.47,wallet,captured,2025-11-24T06:35:31+05:30
pay_00000000002045,order_0000002045,1335.00,upi,captured,2025-11-10T11:45:53+05:30
pay_00000000002046,order_0000002046,332.79,upi,captured,2025-11-07T14:08:00+05:30
pay_00000000002047,order_0000002047,559.57,wallet,captured,2025-11-20T12:39:27+05:30
pay_00000000002048,order_0000002048,509.99,upi,captured,2025-11-02T08:10:17+05:30
pay_00000000002049,order_0000002049,3145.99,upi,captured,2025-11-23T04:54:57+05:30
pay_00000000002050,order_0000002050,580.00,upi,captured,2025-11-16T11:52:44+05:30
pay_00000000002051,order_0000002051,569.70,upi,captured,2025-11-29T21:39:55+05:30
pay_00000000002052,order_0000002052,994.96,card,captured,2025-11-22T18:03:40+05:30
pay_00000000002053,order_0000002053,962.59,wallet,captured,2025-11-07T05:50:54+05:30
pay_00000000002054,order_0000002054,11387.88,upi,captured,2025-11-22T18:44:05+05:30
pay_00000000002055,order_0000002055,563.46,upi,captured,2025-11-15T19:09:09+05:30
pay_00000000002056,order_0000002056,468.00,card,captured,2025-11-06T11:04:34+05:30
pay_00000000002057,order_0000002057,199.99,upi,captured,2025-11-09T12:21:39+05:30
pay_00000000002058,order_0000002058,867.99,upi,captured,2025-11-01T14:16:29+05:30
pay_00000000002059,order_0000002059,420.64,wallet,captured,2025-11-03T14:10:25+05:30
pay_00000000002060,order_0000002060,380.00,upi,captured,2025-11-28T13:14:08+05:30
pay_00000000002061,order_0000002061,422.00,upi,captured,2025-11-20T12:31:33+05:30
pay_00000000002062,order_0000002062,396.30,card,captured,2025-11-17T02:00:34+05:30
pay_00000000002063,order_0000002063,906.99,netbanking,captured,2025-11-09T12:46:59+05:30
pay_00000000002064,order_0000002064,807.00,upi,captured,2025-11-25T10:38:07+05:30
pay_00000000002065,order_0000002065,556.99,upi,captured,2025-11-15T15:03:43+05:30
pay_00000000002066,order_0000002066,1062.00,upi,captured,2025-11-19T14:39:59+05:30
pay_00000000002067,order_0000002067,1061.85,upi,captured,2025-11-08T12:13:52+05:30
pay_00000000002068,order_0000002068,188.18,upi,captured,2025-11-12T10:17:24+05:30
pay_00000000002069,order_0000002069,1452.25,upi,captured,2025-11-06T21:08:02+05:30
pay_00000000002070,order_0000002070,660.88,upi,captured,2025-11-30T00:04:52+05:30
pay_00000000002071,order_0000002071,663.72,card,captured,2025-11-26T14:45:56+05:30
pay_00000000002072,order_0000002072,814.00,upi,captured,2025-11-25T20:12:57+05:30
pay_00000000002073,order_0000002073,359.00,upi,captured,2025-11-08T06:05:05+05:30
pay_00000000002074,order_0000002074,1736.90,upi,captured,2025-11-11T20:13:44+05:30
pay_00000000002075,order_0000002075,3373.29,upi,captured,2025-11-20T23:05:03+05:30
pay_00000000002076,order_0000002076,633.16,upi,captured,2025-11-08T20:17:56+05:30
pay_00000000002077,order_0000002077,2616.59,wallet,captured,2025-11-14T06:47:11+05:30
pay_00000000002078,order_0000002078,459.99,card,captured,2025-11-29T21:31:32+05:30
pay_00000000002079,order_0000002079,844.00,upi,captured,2025-11-19T20:13:21+05:30
pay_00000000002080,order_0000002080,910.76,card,captured,2025-11-20T21:35:57+05:30
pay_00000000002081,order_0000002081,6112.00,netbanking,captured,2025-11-11T18:31:50+05:30
pay_00000000002082,order_0000002082,2898.00,upi,captured,2025-11-17T16:39:07+05:30
pay_00000000002083,order_0000002083,1074.00,card,captured,2025-11-15T05:18:57+05:30
pay_00000000002084,order_0000002084,3443.33,card,captured,2025-11-05T03:19:14+05:30
pay_00000000002085,order_0000002085,946.87,upi,captured,2025-11-26T07:42:50+05:30
pay_00000000002086,order_0000002086,966.53,upi,captured,2025-11-07T14:12:42+05:30
pay_00000000002087,order_0000002087,731.53,wallet,captured,2025-11-29T04:40:40+05:30
pay_00000000002088,order_0000002088,459.99,upi,captured,2025-11-10T12:44:08+05:30
pay_00000000002089,order_0000002089,3559.35,upi,captured,2025-11-18T22:11:09+05:30
pay_00000000002090,order_0000002090,1134.96,card,captured,2025-11-05T10:08:17+05:30
pay_00000000002091,order_0000002091,258.00,wallet,captured,2025-11-18T18:26:51+05:30
pay_00000000002092,order_0000002092,421.75,upi,captured,2025-11-03T10:05:04+05:30
pay_00000000002093,order_0000002093,586.55,upi,captured,2025-11-04T20:22:46+05:30
pay_00000000002094,order_0000002094,789.99,card,captured,2025-11-03T15:12:08+05:30
pay_00000000002095,order_0000002095,216.93,upi,captured,2025-11-09T07:24:33+05:30
pay_00000000002096,order_0000002096,543.54,upi,captured,2025-11-13T07:46:11+05:30
pay_00000000002097,order_0000002097,1751.32,upi,captured,2025-11-20T22:58:44+05:30
pay_00000000002098,order_0000002098,2259.00,card,captured,2025-11-29T18:16:42+05:30
pay_00000000002099,order_0000002099,124.56,upi,captured,2025-11-27T20:11:48+05:30
pay_00000000002100,order_0000002100,619.44,upi,captured,2025-11-14T11:11:22+05:30
pay_00000000002101,order_0000002101,117.99,card,captured,2025-11-28T13:13:13+05:30
pay_00000000002102,order_0000002102,2829.82,upi,captured,2025-11-12T19:28:32+05:30
pay_00000000002103,order_0000002103,372.99,upi,failed,2025-11-04T19:22:19+05:30
pay_00000000002104,order_0000002104,198.42,upi,captured,2025-11-23T23:23:01+05:30
pay_00000000002105,order_0000002105,308.51,upi,captured,2025-11-15T14:22:49+05:30
pay_00000000002106,order_0000002106,1025.34,upi,captured,2025-11-13T13:38:38+05:30
pay_00000000002107,order_0000002107,661.00,upi,captured,2025-11-30T17:23:45+05:30
pay_00000000002108,order_0000002108,836.99,upi,captured,2025-11-12T22:11:17+05:30
pay_00000000002109,order_0000002109,406.00,upi,captured,2025-11-07T14:41:38+05:30
pay_00000000002110,order_0000002110,273.60,upi,failed,2025-11-09T22:59:00+05:30
pay_00000000002111,order_0000002111,781.99,wallet,failed,2025-11-10T08:47:34+05:30
pay_00000000002112,order_0000002112,422.99,upi,captured,2025-11-16T17:38:03+05:30
pay_00000000002113,order_0000002113,634.00,upi,captured,2025-11-08T15:48:53+05:30
pay_00000000002114,order_0000002114,623.63,card,captured,2025-11-15T01:20:03+05:30
pay_00000000002115,order_0000002115,1064.94,card,captured,2025-11-27T16:25:07+05:30
pay_00000000002116,order_0000002116,2531.23,upi,captured,2025-11-29T19:53:37+05:30
pay_00000000002117,order_0000002117,2807.35,card,captured,2025-11-16T16:04:12+05:30
pay_00000000002118,order_0000002118,895.06,card,captured,2025-11-17T13:20:41+05:30
pay_00000000002119,order_0000002119,274.41,upi,captured,2025-11-09T16:08:38+05:30
pay_00000000002120,order_0000002120,584.65,upi,captured,2025-11-02T23:48:03+05:30
pay_00000000002121,order_0000002121,824.45,upi,captured,2025-11-10T20:51:05+05:30
pay_00000000002122,order_0000002122,1058.52,card,captured,2025-11-03T23:31:02+05:30
pay_00000000002123,order_0000002123,8832.16,card,captured,2025-11-13T22:29:01+05:30
pay_00000000002124,order_0000002124,573.52,upi,captured,2025-11-25T16:05:58+05:30
pay_00000000002125,order_0000002125,1011.08,netbanking,captured,2025-11-01T05:09:17+05:30
pay_00000000002126,order_0000002126,1057.99,upi,captured,2025-11-01T01:31:16+05:30
pay_00000000002127,order_0000002127,686.00,card,captured,2025-11-10T15:42:08+05:30
pay_00000000002128,order_0000002128,798.00,upi,captured,2025-11-29T22:20:20+05:30
pay_00000000002129,order_0000002129,945.48,card,captured,2025-11-08T01:31:57+05:30
pay_00000000002130,order_0000002130,1072.99,card,captured,2025-11-19T22:04:15+05:30
pay_00000000002131,order_0000002131,2721.93,netbanking,captured,2025-11-02T18:24:44+05:30
pay_00000000002132,order_0000002132,1048.85,upi,captured,2025-11-03T12:54:22+05:30
pay_00000000002133,order_0000002133,1992.00,upi,captured,2025-11-17T04:14:46+05:30
pay_00000000002134,order_0000002134,854.00,upi,captured,2025-11-05T14:31:38+05:30
pay_00000000002135,order_0000002135,541.21,card,captured,2025-11-11T11:04:29+05:30
pay_00000000002136,order_0000002136,467.00,card,failed,2025-11-25T05:52:48+05:30
pay_00000000002137,order_0000002137,543.00,upi,captured,2025-11-07T20:53:19+05:30
pay_00000000002138,order_0000002138,984.46,wallet,captured,2025-11-06T23:11:29+05:30
pay_00000000002139,order_0000002139,4364.99,upi,captured,2025-11-18T23:19:05+05:30
pay_00000000002140,order_0000002140,942.99,upi,captured,2025-11-12T13:09:56+05:30
pay_00000000002141,order_0000002141,533.72,upi,captured,2025-11-06T17:21:21+05:30
pay_00000000002142,order_0000002142,239.99,card,captured,2025-11-18T02:28:21+05:30
pay_00000000002143,order_0000002143,755.65,upi,captured,2025-11-03T08:36:36+05:30
pay_00000000002144,order_0000002144,5988.99,upi,captured,2025-11-09T07:41:59+05:30
pay_00000000002145,order_0000002145,747.42,upi,captured,2025-11-02T10:39:52+05:30
pay_00000000002146,order_0000002146,742.00,card,captured,2025-11-29T08:21:40+05:30
pay_00000000002147,order_0000002147,433.67,card,failed,2025-11-05T20:38:32+05:30
pay_00000000002148,order_0000002148,3554.00,card,captured,2025-11-19T17:49:41+05:30
pay_00000000002149,order_0000002149,992.00,upi,captured,2025-11-17T23:13:01+05:30
pay_00000000002150,order_0000002150,464.00,upi,captured,2025-11-14T06:18:45+05:30
pay_00000000002151,order_0000002151,1333.07,card,captured,2025-11-08T21:33:52+05:30
pay_00000000002152,order_0000002152,159.25,card,captured,2025-11-05T12:21:28+05:30
pay_00000000002153,order_0000002153,789.38,card,captured,2025-11-24T22:54:25+05:30
pay_00000000002154,order_0000002154,915.99,wallet,captured,2025-11-27T22:08:20+05:30
pay_00000000002155,order_0000002155,518.28,upi,captured,2025-11-23T19:29:27+05:30
pay_00000000002156,order_0000002156,2939.88,card,captured,2025-11-21T06:10:07+05:30
pay_00000000002157,order_0000002157,2837.99,upi,captured,2025-11-30T13:24:01+05:30
pay_00000000002158,order_0000002158,2651.47,upi,captured,2025-11-25T10:57:59+05:30
pay_00000000002159,order_0000002159,723.25,upi,captured,2025-11-16T20:05:28+05:30
pay_00000000002160,order_0000002160,1303.99,upi,captured,2025-11-22T23:54:52+05:30
pay_00000000002161,order_0000002161,354.90,card,captured,2025-11-04T23:40:02+05:30
pay_00000000002162,order_0000002162,120.02,upi,captured,2025-11-11T10:21:47+05:30
pay_00000000002163,order_0000002163,428.77,upi,captured,2025-11-03T17:36:34+05:30
pay_00000000002164,order_0000002164,512.99,upi,captured,2025-11-14T18:20:40+05:30
pay_00000000002165,order_0000002165,1022.15,card,captured,2025-11-09T04:28:57+05:30
pay_00000000002166,order_0000002166,14786.95,wallet,captured,2025-11-17T20:30:01+05:30
pay_00000000002167,order_0000002167,200.00,card,captured,2025-11-21T16:46:19+05:30
pay_00000000002168,order_0000002168,8675.59,upi,failed,2025-11-27T09:45:25+05:30
pay_00000000002169,order_0000002169,590.99,upi,captured,2025-11-08T12:48:47+05:30
pay_00000000002170,order_0000002170,2832.17,card,captured,2025-11-29T07:57:13+05:30
pay_00000000002171,order_0000002171,191.78,netbanking,captured,2025-11-27T06:35:33+05:30
pay_00000000002172,order_0000002172,893.00,upi,captured,2025-11-17T18:52:09+05:30
pay_00000000002173,order_0000002173,348.00,upi,captured,2025-11-11T18:43:08+05:30
pay_00000000002174,order_0000002174,957.55,card,captured,2025-11-12T08:56:02+05:30
pay_00000000002175,order_0000002175,675.38,wallet,captured,2025-11-02T21:38:36+05:30
pay_00000000002176,order_0000002176,452.79,card,captured,2025-11-01T09:27:45+05:30
pay_00000000002177,order_0000002177,945.99,netbanking,captured,2025-11-27T02:59:53+05:30
pay_00000000002178,order_0000002178,234.22,card,failed,2025-11-19T17:23:02+05:30
pay_00000000002179,order_0000002179,818.10,upi,captured,2025-11-09T13:00:06+05:30
pay_00000000002180,order_0000002180,238.00,card,captured,2025-11-01T11:13:02+05:30
pay_00000000002181,order_0000002181,2572.94,wallet,captured,2025-11-02T09:03:05+05:30
pay_00000000002182,order_0000002182,2263.01,upi,captured,2025-11-05T17:15:25+05:30
pay_00000000002183,order_0000002183,313.99,netbanking,captured,2025-11-12T21:28:26+05:30
pay_00000000002184,order_0000002184,842.77,card,captured,2025-11-27T16:34:13+05:30
pay_00000000002185,order_0000002185,3241.99,upi,captured,2025-11-27T17:27:37+05:30
pay_00000000002186,order_0000002186,923.99,upi,captured,2025-11-24T05:39:15+05:30
pay_00000000002187,order_0000002187,793.00,card,captured,2025-11-25T16:43:51+05:30
pay_00000000002188,order_0000002188,336.38,netbanking,captured,2025-11-10T05:14:43+05:30
pay_00000000002189,order_0000002189,127.00,upi,captured,2025-11-09T11:25:21+05:30
pay_00000000002190,order_0000002190,583.70,card,failed,2025-11-13T20:44:57+05:30
pay_00000000002191,order_0000002191,1015.30,wallet,captured,2025-11-02T15:44:07+05:30
pay_00000000002192,order_0000002192,905.00,card,captured,2025-11-26T13:40:31+05:30
pay_00000000002193,order_0000002193,875.00,upi,captured,2025-11-09T22:13:45+05:30
pay_00000000002194,order_0000002194,949.08,netbanking,captured,2025-11-20T21:18:29+05:30
pay_00000000002195,order_0000002195,213.35,card,captured,2025-11-29T20:16:35+05:30
pay_00000000002196,order_0000002196,225.13,upi,failed,2025-11-15T23:58:24+05:30
pay_00000000002197,order_0000002197,205.00,upi,captured,2025-11-09T13:46:24+05:30
pay_00000000002198,order_0000002198,637.98,card,captured,2025-11-12T22:31:22+05:30
pay_00000000002199,order_0000002199,189.99,upi,captured,2025-11-08T08:08:15+05:30
pay_00000000002200,order_0000002200,867.00,upi,captured,2025-11-02T18:40:01+05:30
pay_00000000002201,order_0000002201,328.00,upi,captured,2025-11-30T16:59:42+05:30
pay_00000000002202,order_0000002202,261.00,card,captured,2025-11-02T02:38:09+05:30
pay_00000000002203,order_0000002203,984.99,upi,captured,2025-11-06T20:08:24+05:30
pay_00000000002204,order_0000002204,722.88,card,captured,2025-11-18T11:52:17+05:30
pay_00000000002205,order_0000002205,482.48,upi,captured,2025-11-15T09:42:26+05:30
pay_00000000002206,order_0000002206,527.00,netbanking,captured,2025-11-19T14:21:17+05:30
pay_00000000002207,order_0000002207,767.99,upi,captured,2025-11-15T06:04:29+05:30
pay_00000000002208,order_0000002208,2871.20,upi,captured,2025-11-13T23:01:04+05:30
pay_00000000002209,order_0000002209,172.99,wallet,captured,2025-11-13T11:20:45+05:30
pay_00000000002210,order_0000002210,342.53,upi,captured,2025-11-28T17:50:49+05:30
pay_00000000002211,order_0000002211,488.10,upi,captured,2025-11-29T08:04:19+05:30
pay_00000000002212,order_0000002212,115.46,upi,captured,2025-11-17T13:11:21+05:30
pay_00000000002213,order_0000002213,526.99,upi,captured,2025-11-12T01:50:33+05:30
pay_00000000002214,order_0000002214,920.41,upi,captured,2025-11-18T14:14:01+05:30
pay_00000000002215,order_0000002215,870.28,card,captured,2025-11-23T23:51:37+05:30
pay_00000000002216,order_0000002216,446.30,upi,captured,2025-11-05T18:49:46+05:30
pay_00000000002217,order_0000002217,256.90,upi,captured,2025-11-08T01:41:38+05:30
pay_00000000002218,order_0000002218,271.77,upi,captured,2025-11-30T18:06:53+05:30
pay_00000000002219,order_0000002219,560.13,netbanking,captured,2025-11-16T08:55:08+05:30
pay_00000000002220,order_0000002220,355.24,upi,captured,2025-11-01T10:49:52+05:30
pay_00000000002221,order_0000002221,228.26,card,captured,2025-11-14T15:57:55+05:30
pay_00000000002222,order_0000002222,564.59,card,captured,2025-11-24T17:36:34+05:30
pay_00000000002223,order_0000002223,1067.99,upi,failed,2025-11-22T21:57:25+05:30
pay_00000000002224,order_0000002224,1963.00,netbanking,captured,2025-11-20T00:16:27+05:30
pay_00000000002225,order_0000002225,555.78,card,captured,2025-11-29T18:22:51+05:30
pay_00000000002226,order_0000002226,960.87,upi,captured,2025-11-18T11:13:12+05:30
pay_00000000002227,order_0000002227,134.00,card,captured,2025-11-21T17:58:16+05:30
pay_00000000002228,order_0000002228,1393.66,upi,captured,2025-11-28T15:15:33+05:30
pay_00000000002229,order_0000002229,852.00,upi,failed,2025-11-30T00:02:34+05:30
pay_00000000002230,order_0000002230,121.00,card,captured,2025-11-20T09:46:19+05:30
pay_00000000002231,order_0000002231,139.51,upi,captured,2025-11-02T09:00:18+05:30
pay_00000000002232,order_0000002232,399.00,card,captured,2025-11-17T01:18:24+05:30
pay_00000000002233,order_0000002233,687.99,wallet,failed,2025-11-07T13:23:55+05:30
pay_00000000002234,order_0000002234,746.58,upi,captured,2025-11-15T22:29:55+05:30
pay_00000000002235,order_0000002235,641.63,upi,captured,2025-11-02T10:49:29+05:30
pay_00000000002236,order_0000002236,227.35,upi,captured,2025-11-01T16:13:15+05:30
pay_00000000002237,order_0000002237,2620.99,upi,captured,2025-11-05T12:19:23+05:30
pay_00000000002238,order_0000002238,371.60,card,captured,2025-11-06T00:27:43+05:30
pay_00000000002239,order_0000002239,104.00,card,captured,2025-11-08T18:47:12+05:30
pay_00000000002240,order_0000002240,839.44,upi,captured,2025-11-29T19:20:41+05:30
pay_00000000002241,order_0000002241,14752.90,wallet,captured,2025-11-10T22:11:18+05:30
pay_00000000002242,order_0000002242,989.33,upi,captured,2025-11-13T18:59:47+05:30
pay_00000000002243,order_0000002243,183.99,netbanking,captured,2025-11-15T06:54:26+05:30
pay_00000000002244,order_0000002244,1087.00,wallet,captured,2025-11-09T14:29:27+05:30
pay_00000000002245,order_0000002245,2350.46,upi,captured,2025-11-29T16:31:37+05:30
pay_00000000002246,order_0000002246,749.56,upi,captured,2025-11-29T18:40:40+05:30
pay_00000000002247,order_0000002247,773.00,upi,captured,2025-11-21T10:07:06+05:30
pay_00000000002248,order_0000002248,980.60,card,captured,2025-11-04T14:18:31+05:30
pay_00000000002249,order_0000002249,1475.00,wallet,captured,2025-11-26T13:18:07+05:30
pay_00000000002250,order_0000002250,317.24,upi,captured,2025-11-17T23:08:44+05:30
pay_00000000002251,order_0000002251,472.23,upi,captured,2025-11-19T16:12:11+05:30
pay_00000000002252,order_0000002252,682.83,upi,captured,2025-11-30T07:49:38+05:30
pay_00000000002253,order_0000002253,652.00,upi,captured,2025-11-25T19:14:05+05:30
pay_00000000002254,order_0000002254,255.00,upi,captured,2025-11-06T17:39:13+05:30
pay_00000000002255,order_0000002255,550.49,upi,captured,2025-11-19T09:23:01+05:30
pay_00000000002256,order_0000002256,578.30,upi,failed,2025-11-04T10:44:45+05:30
pay_00000000002257,order_0000002257,286.00,upi,captured,2025-11-28T06:05:11+05:30
pay_00000000002258,order_0000002258,565.95,upi,captured,2025-11-13T15:22:52+05:30
pay_00000000002259,order_0000002259,546.99,upi,captured,2025-11-20T18:49:59+05:30
pay_00000000002260,order_0000002260,782.35,netbanking,failed,2025-11-23T12:05:17+05:30
pay_00000000002261,order_0000002261,776.96,upi,captured,2025-11-13T18:11:54+05:30
pay_00000000002262,order_0000002262,866.00,upi,captured,2025-11-08T15:28:04+05:30
pay_00000000002263,order_0000002263,725.00,wallet,captured,2025-11-09T06:24:28+05:30
pay_00000000002264,order_0000002264,615.33,upi,captured,2025-11-14T16:53:08+05:30
pay_00000000002265,order_0000002265,924.32,wallet,captured,2025-11-25T17:07:34+05:30
pay_00000000002266,order_0000002266,683.42,netbanking,captured,2025-11-05T09:48:43+05:30
pay_00000000002267,order_0000002267,791.89,wallet,captured,2025-11-17T18:44:07+05:30
pay_00000000002268,order_0000002268,10477.00,upi,captured,2025-11-07T16:04:55+05:30
pay_00000000002269,order_0000002269,917.15,upi,captured,2025-11-27T22:35:36+05:30
pay_00000000002270,order_0000002270,988.00,netbanking,captured,2025-11-08T21:31:33+05:30
pay_00000000002271,order_0000002271,585.00,card,captured,2025-11-02T20:29:04+05:30
pay_00000000002272,order_0000002272,973.04,card,captured,2025-11-10T15:15:36+05:30
pay_00000000002273,order_0000002273,2102.99,upi,captured,2025-11-30T14:12:15+05:30
pay_00000000002274,order_0000002274,511.99,card,captured,2025-11-20T06:19:52+05:30
pay_00000000002275,order_0000002275,3207.99,card,captured,2025-11-21T09:56:13+05:30
pay_00000000002276,order_0000002276,982.99,wallet,captured,2025-11-06T21:23:56+05:30
pay_00000000002277,order_0000002277,798.99,upi,captured,2025-11-04T21:04:02+05:30
pay_00000000002278,order_0000002278,850.00,upi,captured,2025-11-27T06:27:39+05:30
pay_00000000002279,order_0000002279,2761.16,card,captured,2025-11-18T16:40:56+05:30
pay_00000000002280,order_0000002280,355.47,card,captured,2025-11-23T16:11:54+05:30
pay_00000000002281,order_0000002281,2802.00,card,failed,2025-11-12T18:52:56+05:30
pay_00000000002282,order_0000002282,756.00,card,captured,2025-11-25T17:53:21+05:30
pay_00000000002283,order_0000002283,876.03,upi,captured,2025-11-26T19:56:25+05:30
pay_00000000002284,order_0000002284,891.00,upi,captured,2025-11-21T15:12:55+05:30
pay_00000000002285,order_0000002285,728.99,card,captured,2025-11-22T07:42:33+05:30
pay_00000000002286,order_0000002286,268.00,upi,captured,2025-11-11T17:12:11+05:30
pay_00000000002287,order_0000002287,675.99,upi,captured,2025-11-25T21:21:26+05:30
pay_00000000002288,order_0000002288,371.21,upi,captured,2025-11-17T07:14:15+05:30
pay_00000000002289,order_0000002289,952.00,netbanking,captured,2025-11-02T13:59:52+05:30
pay_00000000002290,order_0000002290,895.11,wallet,captured,2025-11-30T13:02:55+05:30
pay_00000000002291,order_0000002291,619.30,upi,failed,2025-11-25T15:57:07+05:30
pay_00000000002292,order_0000002292,2408.00,card,failed,2025-11-20T20:58:42+05:30
pay_00000000002293,order_0000002293,770.45,upi,captured,2025-11-28T17:16:38+05:30
pay_00000000002294,order_0000002294,751.00,upi,captured,2025-11-19T18:39:52+05:30
pay_00000000002295,order_0000002295,227.00,upi,failed,2025-11-05T21:03:49+05:30
pay_00000000002296,order_0000002296,168.04,upi,captured,2025-11-24T15:00:06+05:30
pay_00000000002297,order_0000002297,334.32,upi,captured,2025-11-24T14:40:13+05:30
pay_00000000002298,order_0000002298,2784.00,card,captured,2025-11-02T03:54:32+05:30
pay_00000000002299,order_0000002299,745.00,card,captured,2025-11-12T21:09:46+05:30
pay_00000000002300,order_0000002300,913.60,card,captured,2025-11-03T19:58:53+05:30
pay_00000000002301,order_0000002301,199.99,upi,captured,2025-11-26T15:14:54+05:30
pay_00000000002302,order_0000002302,655.84,card,captured,2025-11-02T15:27:58+05:30
pay_00000000002303,order_0000002303,272.50,upi,captured,2025-11-23T10:34:57+05:30
pay_00000000002304,order_0000002304,514.00,upi,captured,2025-11-12T13:15:08+05:30
pay_00000000002305,order_0000002305,1030.75,wallet,captured,2025-11-15T15:46:36+05:30
pay_00000000002306,order_0000002306,437.72,card,captured,2025-11-26T13:46:22+05:30
pay_00000000002307,order_0000002307,266.17,card,captured,2025-11-14T23:25:43+05:30
pay_00000000002308,order_0000002308,351.15,upi,captured,2025-11-26T22:23:14+05:30
pay_00000000002309,order_0000002309,304.00,upi,captured,2025-11-29T16:01:41+05:30
pay_00000000002310,order_0000002310,580.95,netbanking,captured,2025-11-01T12:15:52+05:30
pay_00000000002311,order_0000002311,933.49,upi,captured,2025-11-29T16:29:03+05:30
pay_00000000002312,order_0000002312,279.00,wallet,captured,2025-11-18T03:01:47+05:30
pay_00000000002313,order_0000002313,2429.99,card,captured,2025-11-02T19:54:42+05:30
pay_00000000002314,order_0000002314,145.55,upi,captured,2025-11-28T04:00:50+05:30
pay_00000000002315,order_0000002315,173.82,upi,captured,2025-11-04T21:12:28+05:30
pay_00000000002316,order_0000002316,466.98,wallet,captured,2025-11-21T07:12:26+05:30
pay_00000000002317,order_0000002317,399.00,upi,captured,2025-11-13T07:37:40+05:30
pay_00000000002318,order_0000002318,12664.99,netbanking,captured,2025-11-22T18:46:28+05:30
pay_00000000002319,order_0000002319,793.77,upi,captured,2025-11-11T15:18:46+05:30
pay_00000000002320,order_0000002320,1003.00,card,captured,2025-11-11T03:19:38+05:30
pay_00000000002321,order_0000002321,943.00,upi,captured,2025-11-04T13:07:52+05:30
pay_00000000002322,order_0000002322,935.98,upi,captured,2025-11-02T07:13:23+05:30
pay_00000000002323,order_0000002323,1982.77,upi,captured,2025-11-08T00:37:25+05:30
pay_00000000002324,order_0000002324,156.99,card,failed,2025-11-23T21:59:53+05:30
pay_00000000002325,order_0000002325,990.00,wallet,captured,2025-11-15T06:05:39+05:30
pay_00000000002326,order_0000002326,280.77,card,captured,2025-11-04T14:51:42+05:30
pay_00000000002327,order_0000002327,10655.00,wallet,captured,2025-11-19T16:18:47+05:30
pay_00000000002328,order_0000002328,956.16,card,captured,2025-11-16T08:34:50+05:30
pay_00000000002329,order_0000002329,341.47,upi,captured,2025-11-29T12:08:31+05:30
pay_00000000002330,order_0000002330,235.35,upi,captured,2025-11-28T13:14:08+05:30
pay_00000000002331,order_0000002331,891.34,upi,captured,2025-11-17T23:56:15+05:30
pay_00000000002332,order_0000002332,361.58,netbanking,failed,2025-11-02T19:33:47+05:30
pay_00000000002333,order_0000002333,1078.00,card,captured,2025-11-11T14:12:06+05:30
pay_00000000002334,order_0000002334,957.99,netbanking,captured,2025-11-06T18:49:38+05:30
pay_00000000002335,order_0000002335,1016.00,wallet,captured,2025-11-15T19:04:41+05:30
pay_00000000002336,order_0000002336,748.84,card,captured,2025-11-16T12:44:13+05:30
pay_00000000002337,order_0000002337,965.00,upi,captured,2025-11-01T04:19:33+05:30
pay_00000000002338,order_0000002338,639.49,upi,captured,2025-11-08T10:30:24+05:30
pay_00000000002339,order_0000002339,1034.92,card,captured,2025-11-14T09:25:40+05:30
pay_00000000002340,order_0000002340,555.00,card,captured,2025-11-23T06:46:03+05:30
pay_00000000002341,order_0000002341,433.34,upi,captured,2025-11-16T14:36:22+05:30
pay_00000000002342,order_0000002342,621.00,card,captured,2025-11-13T10:56:26+05:30
pay_00000000002343,order_0000002343,5628.00,upi,captured,2025-11-06T12:39:53+05:30
pay_00000000002344,order_0000002344,1902.56,upi,captured,2025-11-15T19:53:06+05:30
pay_00000000002345,order_0000002345,265.99,wallet,captured,2025-11-25T08:50:36+05:30
pay_00000000002346,order_0000002346,479.00,upi,captured,2025-11-09T16:56:28+05:30
pay_00000000002347,order_0000002347,658.12,upi,captured,2025-11-11T08:37:57+05:30
pay_00000000002348,order_0000002348,485.49,netbanking,captured,2025-11-28T15:48:36+05:30
pay_00000000002349,order_0000002349,613.00,netbanking,captured,2025-11-25T16:02:28+05:30
pay_00000000002350,order_0000002350,950.44,upi,captured,2025-11-08T16:19:41+05:30
pay_00000000002351,order_0000002351,3585.04,upi,captured,2025-11-22T23:22:17+05:30
pay_00000000002352,order_0000002352,730.42,card,captured,2025-11-17T20:17:18+05:30
pay_00000000002353,order_0000002353,1007.00,card,captured,2025-11-18T09:46:43+05:30
pay_00000000002354,order_0000002354,2506.00,upi,captured,2025-11-12T09:14:20+05:30
pay_00000000002355,order_0000002355,472.52,card,captured,2025-11-26T11:47:07+05:30
pay_00000000002356,order_0000002356,701.00,card,captured,2025-11-26T09:55:23+05:30
pay_00000000002357,order_0000002357,377.63,upi,captured,2025-11-06T12:52:20+05:30
pay_00000000002358,order_0000002358,579.60,card,captured,2025-11-11T23:07:10+05:30
pay_00000000002359,order_0000002359,2238.00,card,captured,2025-11-16T14:55:37+05:30
pay_00000000002360,order_0000002360,870.99,upi,captured,2025-11-25T12:14:39+05:30
pay_00000000002361,order_0000002361,896.99,upi,captured,2025-11-14T19:06:09+05:30
pay_00000000002362,order_0000002362,2657.88,upi,captured,2025-11-26T22:05:38+05:30
pay_00000000002363,order_0000002363,874.00,upi,captured,2025-11-08T18:37:36+05:30
pay_00000000002364,order_0000002364,12859.00,upi,captured,2025-11-22T22:31:53+05:30
pay_00000000002365,order_0000002365,1055.43,card,captured,2025-11-06T14:32:34+05:30
pay_00000000002366,order_0000002366,570.32,card,captured,2025-11-04T00:29:38+05:30
pay_00000000002367,order_0000002367,666.99,card,captured,2025-11-16T07:23:30+05:30
pay_00000000002368,order_0000002368,325.97,card,captured,2025-11-13T19:52:15+05:30
pay_00000000002369,order_0000002369,174.43,wallet,captured,2025-11-14T23:13:19+05:30
pay_00000000002370,order_0000002370,713.94,upi,captured,2025-11-20T22:18:09+05:30
pay_00000000002371,order_0000002371,10999.05,card,failed,2025-11-30T23:08:43+05:30
pay_00000000002372,order_0000002372,768.30,upi,captured,2025-11-09T03:03:31+05:30
pay_00000000002373,order_0000002373,312.99,upi,failed,2025-11-11T15:48:35+05:30
pay_00000000002374,order_0000002374,16951.23,wallet,captured,2025-11-03T19:01:33+05:30
pay_00000000002375,order_0000002375,811.99,upi,captured,2025-11-16T22:15:56+05:30
pay_00000000002376,order_0000002376,2019.99,upi,captured,2025-11-16T17:03:50+05:30
pay_00000000002377,order_0000002377,7806.00,wallet,captured,2025-11-02T23:01:54+05:30
pay_00000000002378,order_0000002378,1160.99,upi,captured,2025-11-25T16:44:42+05:30
pay_00000000002379,order_0000002379,754.00,upi,captured,2025-11-08T08:41:39+05:30
pay_00000000002380,order_0000002380,915.99,card,captured,2025-11-06T05:39:02+05:30
pay_00000000002381,order_0000002381,710.56,upi,captured,2025-11-17T01:11:51+05:30
pay_00000000002382,order_0000002382,349.48,upi,captured,2025-11-20T07:59:23+05:30
pay_00000000002383,order_0000002383,469.00,upi,failed,2025-11-21T12:10:34+05:30
pay_00000000002384,order_0000002384,250.48,card,captured,2025-11-11T18:14:29+05:30
pay_00000000002385,order_0000002385,320.00,wallet,captured,2025-11-26T19:31:49+05:30
pay_00000000002386,order_0000002386,2652.82,card,captured,2025-11-11T23:35:26+05:30
pay_00000000002387,order_0000002387,227.24,upi,captured,2025-11-12T18:39:11+05:30
pay_00000000002388,order_0000002388,222.99,upi,captured,2025-11-12T21:42:40+05:30
pay_00000000002389,order_0000002389,774.39,card,captured,2025-11-22T10:09:49+05:30
pay_00000000002390,order_0000002390,663.60,upi,captured,2025-11-23T15:01:54+05:30
pay_00000000002391,order_0000002391,897.20,upi,captured,2025-11-01T14:21:57+05:30
pay_00000000002392,order_0000002392,783.53,wallet,captured,2025-11-17T20:40:01+05:30
pay_00000000002393,order_0000002393,3032.40,upi,captured,2025-11-11T06:40:18+05:30
pay_00000000002394,order_0000002394,3527.99,upi,captured,2025-11-28T15:18:43+05:30
pay_00000000002395,order_0000002395,2779.33,upi,captured,2025-11-20T06:03:26+05:30
pay_00000000002396,order_0000002396,388.00,upi,captured,2025-11-01T21:43:00+05:30
pay_00000000002397,order_0000002397,105.52,netbanking,captured,2025-11-09T10:00:54+05:30
pay_00000000002398,order_0000002398,228.36,upi,captured,2025-11-21T11:54:11+05:30
pay_00000000002399,order_0000002399,804.50,netbanking,captured,2025-11-16T14:20:53+05:30
pay_00000000002400,order_0000002400,605.42,upi,captured,2025-11-03T07:55:03+05:30
pay_00000000002401,order_0000002401,300.17,upi,captured,2025-11-16T17:37:27+05:30
pay_00000000002402,order_0000002402,783.25,upi,captured,2025-11-22T07:48:18+05:30
pay_00000000002403,order_0000002403,907.00,upi,captured,2025-11-28T17:28:51+05:30
pay_00000000002404,order_0000002404,765.35,upi,captured,2025-11-26T11:56:47+05:30
pay_00000000002405,order_0000002405,576.16,netbanking,captured,2025-11-21T16:24:00+05:30
pay_00000000002406,order_0000002406,467.00,card,captured,2025-11-19T20:45:48+05:30
pay_00000000002407,order_0000002407,2494.99,card,captured,2025-11-03T13:17:15+05:30
pay_00000000002408,order_0000002408,474.04,upi,captured,2025-11-18T15:31:55+05:30
pay_00000000002409,order_0000002409,1318.44,upi,captured,2025-11-02T10:09:31+05:30
pay_00000000002410,order_0000002410,883.73,netbanking,captured,2025-11-05T13:49:49+05:30
pay_00000000002411,order_0000002411,1435.22,card,captured,2025-11-12T20:24:43+05:30
pay_00000000002412,order_0000002412,131.00,upi,captured,2025-11-23T21:05:56+05:30
pay_00000000002413,order_0000002413,888.99,upi,captured,2025-11-10T06:01:14+05:30
pay_00000000002414,order_0000002414,237.40,card,captured,2025-11-04T12:48:06+05:30
pay_00000000002415,order_0000002415,2047.99,netbanking,captured,2025-11-26T23:32:26+05:30
pay_00000000002416,order_0000002416,669.95,netbanking,captured,2025-11-19T12:08:54+05:30
pay_00000000002417,order_0000002417,3289.73,upi,captured,2025-11-30T19:28:56+05:30
pay_00000000002418,order_0000002418,579.12,netbanking,captured,2025-11-21T21:36:45+05:30
pay_00000000002419,order_0000002419,725.33,upi,captured,2025-11-04T15:56:54+05:30
pay_00000000002420,order_0000002420,12802.56,upi,captured,2025-11-29T08:28:01+05:30
pay_00000000002421,order_0000002421,915.93,wallet,captured,2025-11-28T13:39:55+05:30
pay_00000000002422,order_0000002422,690.58,card,failed,2025-11-25T20:32:56+05:30
pay_00000000002423,order_0000002423,522.00,upi,failed,2025-11-16T21:19:36+05:30
pay_00000000002424,order_0000002424,2559.59,upi,captured,2025-11-11T16:01:09+05:30
pay_00000000002425,order_0000002425,333.99,upi,captured,2025-11-06T17:49:26+05:30
pay_00000000002426,order_0000002426,161.76,upi,failed,2025-11-28T18:50:13+05:30
pay_00000000002427,order_0000002427,189.26,card,captured,2025-11-19T05:35:13+05:30
pay_00000000002428,order_0000002428,291.00,card,captured,2025-11-17T15:31:56+05:30
pay_00000000002429,order_0000002429,339.68,wallet,captured,2025-11-03T20:48:40+05:30
pay_00000000002430,order_0000002430,1039.00,card,captured,2025-11-18T04:45:02+05:30
pay_00000000002431,order_0000002431,835.85,upi,captured,2025-11-05T19:28:49+05:30
pay_00000000002432,order_0000002432,677.03,wallet,captured,2025-11-20T17:12:50+05:30
pay_00000000002433,order_0000002433,264.00,upi,captured,2025-11-29T18:07:57+05:30
pay_00000000002434,order_0000002434,540.00,upi,captured,2025-11-03T07:41:06+05:30
pay_00000000002435,order_0000002435,415.70,card,captured,2025-11-04T07:42:37+05:30
pay_00000000002436,order_0000002436,261.00,card,captured,2025-11-08T10:26:00+05:30
pay_00000000002437,order_0000002437,676.99,upi,captured,2025-11-02T12:28:42+05:30
pay_00000000002438,order_0000002438,781.83,upi,captured,2025-11-28T22:19:32+05:30
pay_00000000002439,order_0000002439,1744.99,upi,captured,2025-11-01T22:26:07+05:30
pay_00000000002440,order_0000002440,1264.16,upi,failed,2025-11-10T22:44:44+05:30
pay_00000000002441,order_0000002441,1056.33,upi,captured,2025-11-01T10:01:37+05:30
pay_00000000002442,order_0000002442,922.00,upi,captured,2025-11-14T23:12:06+05:30
pay_00000000002443,order_0000002443,696.19,upi,captured,2025-11-15T06:01:10+05:30
pay_00000000002444,order_0000002444,483.99,upi,captured,2025-11-08T17:26:39+05:30
pay_00000000002445,order_0000002445,538.00,upi,captured,2025-11-09T20:04:41+05:30
pay_00000000002446,order_0000002446,472.97,upi,captured,2025-11-27T23:17:45+05:30
pay_00000000002447,order_0000002447,419.00,card,captured,2025-11-24T16:34:42+05:30
pay_00000000002448,order_0000002448,737.99,card,captured,2025-11-30T11:15:56+05:30
pay_00000000002449,order_0000002449,777.00,wallet,captured,2025-11-17T08:44:38+05:30
pay_00000000002450,order_0000002450,427.92,upi,captured,2025-11-14T13:26:20+05:30
pay_00000000002451,order_0000002451,387.00,upi,failed,2025-11-22T20:30:03+05:30
pay_00000000002452,order_0000002452,423.35,upi,captured,2025-11-01T16:51:14+05:30
pay_00000000002453,order_0000002453,1016.74,upi,captured,2025-11-24T13:59:21+05:30
pay_00000000002454,order_0000002454,697.91,wallet,captured,2025-11-03T13:38:08+05:30
pay_00000000002455,order_0000002455,1299.00,upi,captured,2025-11-26T15:50:32+05:30
pay_00000000002456,order_0000002456,107.88,upi,captured,2025-11-16T15:00:53+05:30
pay_00000000002457,order_0000002457,829.88,upi,captured,2025-11-19T17:15:09+05:30
pay_00000000002458,order_0000002458,342.00,card,captured,2025-11-26T23:01:13+05:30
pay_00000000002459,order_0000002459,815.40,wallet,captured,2025-11-15T12:45:42+05:30
pay_00000000002460,order_0000002460,709.23,card,captured,2025-11-07T22:42:00+05:30
pay_00000000002461,order_0000002461,165.10,upi,failed,2025-11-29T13:04:46+05:30
pay_00000000002462,order_0000002462,754.00,upi,captured,2025-11-21T17:56:36+05:30
pay_00000000002463,order_0000002463,13937.00,wallet,captured,2025-11-22T16:56:17+05:30
pay_00000000002464,order_0000002464,519.62,card,captured,2025-11-13T06:00:50+05:30
pay_00000000002465,order_0000002465,838.00,netbanking,captured,2025-11-28T20:07:42+05:30
pay_00000000002466,order_0000002466,129.61,card,captured,2025-11-06T21:30:44+05:30
pay_00000000002467,order_0000002467,312.99,upi,captured,2025-11-25T06:37:22+05:30
pay_00000000002468,order_0000002468,260.00,card,captured,2025-11-29T06:38:47+05:30
pay_00000000002469,order_0000002469,853.77,upi,captured,2025-11-11T09:21:42+05:30
pay_00000000002470,order_0000002470,238.00,upi,captured,2025-11-04T20:10:24+05:30
pay_00000000002471,order_0000002471,989.03,upi,captured,2025-11-08T21:05:15+05:30
pay_00000000002472,order_0000002472,396.78,card,captured,2025-11-25T14:01:47+05:30
pay_00000000002473,order_0000002473,510.79,wallet,captured,2025-11-06T17:46:54+05:30
pay_00000000002474,order_0000002474,3264.90,upi,captured,2025-11-07T13:27:16+05:30
pay_00000000002475,order_0000002475,550.48,card,captured,2025-11-08T00:38:58+05:30
pay_00000000002476,order_0000002476,211.00,card,captured,2025-11-19T22:46:08+05:30
pay_00000000002477,order_0000002477,1039.99,upi,captured,2025-11-08T11:01:08+05:30
pay_00000000002478,order_0000002478,615.15,wallet,failed,2025-11-27T01:50:40+05:30
pay_00000000002479,order_0000002479,102.98,upi,captured,2025-11-29T12:09:25+05:30
pay_00000000002480,order_0000002480,1020.00,card,captured,2025-11-17T19:12:20+05:30
pay_00000000002481,order_0000002481,677.99,card,captured,2025-11-03T20:33:01+05:30
pay_00000000002482,order_0000002482,1060.00,card,captured,2025-11-04T11:05:29+05:30
pay_00000000002483,order_0000002483,676.84,upi,captured,2025-11-22T06:11:47+05:30
pay_00000000002484,order_0000002484,750.00,card,captured,2025-11-21T15:46:11+05:30
pay_00000000002485,order_0000002485,809.00,upi,captured,2025-11-26T20:36:27+05:30
pay_00000000002486,order_0000002486,4985.10,upi,captured,2025-11-10T21:12:39+05:30
pay_00000000002487,order_0000002487,989.71,card,captured,2025-11-20T15:05:35+05:30
pay_00000000002488,order_0000002488,516.00,upi,failed,2025-11-18T13:50:22+05:30
pay_00000000002489,order_0000002489,347.74,card,captured,2025-11-30T09:06:34+05:30
pay_00000000002490,order_0000002490,419.03,card,captured,2025-11-26T12:36:24+05:30
pay_00000000002491,order_0000002491,495.00,wallet,captured,2025-11-11T11:23:04+05:30
pay_00000000002492,order_0000002492,365.83,netbanking,captured,2025-11-14T14:46:54+05:30
pay_00000000002493,order_0000002493,783.99,card,captured,2025-11-22T15:00:24+05:30
pay_00000000002494,order_0000002494,182.80,card,captured,2025-11-16T15:48:31+05:30
pay_00000000002495,order_0000002495,15889.00,upi,captured,2025-11-05T12:18:12+05:30
pay_00000000002496,order_0000002496,824.00,netbanking,captured,2025-11-12T22:10:13+05:30
pay_00000000002497,order_0000002497,1050.44,card,captured,2025-11-06T23:12:27+05:30
pay_00000000002498,order_0000002498,127.00,card,captured,2025-11-26T17:37:19+05:30
pay_00000000002499,order_0000002499,198.99,netbanking,captured,2025-11-19T11:41:54+05:30
pay_00000000002500,order_0000002500,1013.00,upi,captured,2025-11-24T17:01:21+05:30
pay_00000000002501,order_0000002501,3028.00,netbanking,failed,2025-11-03T18:48:42+05:30
pay_00000000002502,order_0000002502,231.79,netbanking,captured,2025-11-21T01:40:15+05:30
pay_00000000002503,order_0000002503,105.00,upi,captured,2025-11-06T21:29:24+05:30
pay_00000000002504,order_0000002504,2643.00,card,captured,2025-11-14T22:50:51+05:30
pay_00000000002505,order_0000002505,3299.99,upi,captured,2025-11-27T20:15:31+05:30
pay_00000000002506,order_0000002506,3143.00,upi,captured,2025-11-27T21:09:10+05:30
pay_00000000002507,order_0000002507,860.82,upi,captured,2025-11-17T05:02:12+05:30
pay_00000000002508,order_0000002508,1031.00,upi,captured,2025-11-28T14:35:32+05:30
pay_00000000002509,order_0000002509,223.77,card,captured,2025-11-30T10:07:26+05:30
pay_00000000002510,order_0000002510,554.99,upi,captured,2025-11-02T22:11:21+05:30
pay_00000000002511,order_0000002511,384.37,wallet,captured,2025-11-06T14:06:15+05:30
pay_00000000002512,order_0000002512,346.00,upi,captured,2025-11-04T07:30:46+05:30
pay_00000000002513,order_0000002513,420.52,card,captured,2025-11-10T11:20:36+05:30
pay_00000000002514,order_0000002514,369.42,upi,captured,2025-11-06T13:42:14+05:30
pay_00000000002515,order_0000002515,3200.00,upi,captured,2025-11-04T12:10:25+05:30
pay_00000000002516,order_0000002516,2388.37,card,captured,2025-11-19T15:34:21+05:30
pay_00000000002517,order_0000002517,14184.34,upi,captured,2025-11-08T16:14:19+05:30
pay_00000000002518,order_0000002518,2327.12,wallet,captured,2025-11-28T16:12:49+05:30
pay_00000000002519,order_0000002519,326.00,upi,captured,2025-11-08T08:28:54+05:30
pay_00000000002520,order_0000002520,981.27,card,captured,2025-11-05T20:27:42+05:30
pay_00000000002521,order_0000002521,13764.00,wallet,captured,2025-11-18T06:32:09+05:30
pay_00000000002522,order_0000002522,450.15,upi,failed,2025-11-13T08:03:11+05:30
pay_00000000002523,order_0000002523,206.49,upi,captured,2025-11-05T21:58:09+05:30
pay_00000000002524,order_0000002524,3492.00,upi,captured,2025-11-05T18:07:54+05:30
pay_00000000002525,order_0000002525,395.08,netbanking,captured,2025-11-03T15:17:42+05:30
pay_00000000002526,order_0000002526,3102.49,upi,captured,2025-11-25T08:19:42+05:30
pay_00000000002527,order_0000002527,1025.15,upi,captured,2025-11-28T10:11:27+05:30
pay_00000000002528,order_0000002528,147.27,wallet,captured,2025-11-07T14:31:23+05:30
pay_00000000002529,order_0000002529,801.00,wallet,captured,2025-11-17T11:01:08+05:30
pay_00000000002530,order_0000002530,414.00,upi,captured,2025-11-23T20:38:39+05:30
pay_00000000002531,order_0000002531,1114.00,card,failed,2025-11-24T13:05:31+05:30
pay_00000000002532,order_0000002532,490.86,upi,captured,2025-11-12T12:45:58+05:30
pay_00000000002533,order_0000002533,567.64,upi,captured,2025-11-03T15:51:34+05:30
pay_00000000002534,order_0000002534,2287.47,upi,captured,2025-11-01T09:34:20+05:30
pay_00000000002535,order_0000002535,952.99,upi,captured,2025-11-08T13:53:44+05:30
pay_00000000002536,order_0000002536,1002.67,upi,captured,2025-11-02T12:52:55+05:30
pay_00000000002537,order_0000002537,137.10,card,captured,2025-11-06T23:50:58+05:30
pay_00000000002538,order_0000002538,1220.18,upi,captured,2025-11-07T08:00:41+05:30
pay_00000000002539,order_0000002539,287.40,upi,captured,2025-11-06T16:06:20+05:30
pay_00000000002540,order_0000002540,699.00,upi,captured,2025-11-07T06:32:28+05:30
pay_00000000002541,order_0000002541,729.11,upi,captured,2025-11-11T08:28:13+05:30
pay_00000000002542,order_0000002542,2767.19,upi,failed,2025-11-04T14:11:37+05:30
pay_00000000002543,order_0000002543,938.86,card,captured,2025-11-10T23:41:16+05:30
pay_00000000002544,order_0000002544,2778.00,card,captured,2025-11-27T13:12:43+05:30
pay_00000000002545,order_0000002545,502.00,upi,captured,2025-11-28T17:40:16+05:30
pay_00000000002546,order_0000002546,2773.99,upi,captured,2025-11-06T17:26:21+05:30
pay_00000000002547,order_0000002547,358.29,upi,captured,2025-11-23T15:09:28+05:30
pay_00000000002548,order_0000002548,1177.92,upi,captured,2025-11-14T08:13:43+05:30
pay_00000000002549,order_0000002549,1059.00,card,captured,2025-11-18T15:33:22+05:30
pay_00000000002550,order_0000002550,654.00,upi,captured,2025-11-17T21:22:02+05:30
pay_00000000002551,order_0000002551,679.14,card,captured,2025-11-25T18:17:40+05:30
pay_00000000002552,order_0000002552,618.64,upi,captured,2025-11-29T21:29:06+05:30
pay_00000000002553,order_0000002553,594.80,card,captured,2025-11-26T18:28:41+05:30
pay_00000000002554,order_0000002554,1046.99,upi,captured,2025-11-10T17:24:34+05:30
pay_00000000002555,order_0000002555,521.84,card,captured,2025-11-22T08:26:35+05:30
pay_00000000002556,order_0000002556,827.34,upi,captured,2025-11-16T08:53:24+05:30
pay_00000000002557,order_0000002557,1025.00,card,captured,2025-11-08T03:02:45+05:30
pay_00000000002558,order_0000002558,1055.31,upi,captured,2025-11-21T23:55:57+05:30
pay_00000000002559,order_0000002559,284.15,upi,captured,2025-11-22T22:43:02+05:30
pay_00000000002560,order_0000002560,958.88,card,captured,2025-11-20T17:19:55+05:30
pay_00000000002561,order_0000002561,394.45,upi,captured,2025-11-29T10:02:43+05:30
pay_00000000002562,order_0000002562,259.99,upi,failed,2025-11-01T17:17:44+05:30
pay_00000000002563,order_0000002563,1183.15,wallet,captured,2025-11-16T18:32:23+05:30
pay_00000000002564,order_0000002564,4388.97,upi,captured,2025-11-26T21:31:29+05:30
pay_00000000002565,order_0000002565,316.99,upi,captured,2025-11-25T21:30:37+05:30
pay_00000000002566,order_0000002566,524.00,upi,captured,2025-11-26T21:01:39+05:30
pay_00000000002567,order_0000002567,643.00,upi,captured,2025-11-18T06:58:23+05:30
pay_00000000002568,order_0000002568,3533.00,card,captured,2025-11-28T13:45:47+05:30
pay_00000000002569,order_0000002569,171.58,upi,captured,2025-11-09T02:26:58+05:30
pay_00000000002570,order_0000002570,200.00,netbanking,captured,2025-11-23T17:00:03+05:30
pay_00000000002571,order_0000002571,788.77,upi,captured,2025-11-20T12:30:36+05:30
pay_00000000002572,order_0000002572,601.57,netbanking,captured,2025-11-04T17:58:39+05:30
pay_00000000002573,order_0000002573,657.00,upi,captured,2025-11-05T00:41:34+05:30
pay_00000000002574,order_0000002574,429.00,wallet,captured,2025-11-08T15:06:46+05:30
pay_00000000002575,order_0000002575,922.00,card,captured,2025-11-02T14:27:58+05:30
pay_00000000002576,order_0000002576,402.84,upi,failed,2025-11-27T16:03:39+05:30
pay_00000000002577,order_0000002577,528.40,wallet,captured,2025-11-07T15:56:25+05:30
pay_00000000002578,order_0000002578,1460.49,netbanking,captured,2025-11-03T16:09:16+05:30
pay_00000000002579,order_0000002579,14236.52,netbanking,captured,2025-11-29T10:56:34+05:30
pay_00000000002580,order_0000002580,299.99,upi,captured,2025-11-08T20:03:48+05:30
pay_00000000002581,order_0000002581,1210.42,card,captured,2025-11-18T17:44:37+05:30
pay_00000000002582,order_0000002582,219.19,card,captured,2025-11-17T07:02:17+05:30
pay_00000000002583,order_0000002583,2135.86,upi,captured,2025-11-27T13:11:47+05:30
pay_00000000002584,order_0000002584,456.13,upi,captured,2025-11-19T19:14:11+05:30
pay_00000000002585,order_0000002585,557.30,upi,captured,2025-11-15T21:24:37+05:30
pay_00000000002586,order_0000002586,142.30,wallet,captured,2025-11-18T16:25:58+05:30
pay_00000000002587,order_0000002587,988.57,upi,captured,2025-11-21T21:57:35+05:30
pay_00000000002588,order_0000002588,788.99,card,captured,2025-11-29T17:33:27+05:30
pay_00000000002589,order_0000002589,1339.00,card,captured,2025-11-19T20:25:56+05:30
pay_00000000002590,order_0000002590,776.00,upi,captured,2025-11-15T21:40:52+05:30
pay_00000000002591,order_0000002591,233.00,netbanking,captured,2025-11-25T14:19:02+05:30
pay_00000000002592,order_0000002592,637.00,card,captured,2025-11-23T18:26:53+05:30
pay_00000000002593,order_0000002593,916.00,upi,captured,2025-11-04T17:11:53+05:30
pay_00000000002594,order_0000002594,603.00,upi,captured,2025-11-16T21:30:18+05:30
pay_00000000002595,order_0000002595,553.98,card,captured,2025-11-27T09:06:57+05:30
pay_00000000002596,order_0000002596,999.00,card,captured,2025-11-06T06:13:43+05:30
pay_00000000002597,order_0000002597,202.44,card,captured,2025-11-15T11:15:58+05:30
pay_00000000002598,order_0000002598,2323.00,upi,captured,2025-11-19T10:07:26+05:30
pay_00000000002599,order_0000002599,431.93,upi,captured,2025-11-02T22:33:02+05:30
pay_00000000002600,order_0000002600,503.00,upi,captured,2025-11-28T20:09:35+05:30
pay_00000000002601,order_0000002601,473.00,upi,captured,2025-11-05T16:21:24+05:30
pay_00000000002602,order_0000002602,765.31,wallet,captured,2025-11-27T19:59:56+05:30
pay_00000000002603,order_0000002603,634.99,wallet,failed,2025-11-10T07:38:35+05:30
pay_00000000002604,order_0000002604,686.11,card,captured,2025-11-09T07:15:05+05:30
pay_00000000002605,order_0000002605,372.88,netbanking,captured,2025-11-30T18:08:39+05:30
pay_00000000002606,order_0000002606,521.00,wallet,captured,2025-11-09T05:19:51+05:30
pay_00000000002607,order_0000002607,550.00,card,captured,2025-11-09T18:44:19+05:30
pay_00000000002608,order_0000002608,412.40,upi,captured,2025-11-12T06:58:20+05:30
pay_00000000002609,order_0000002609,989.83,upi,captured,2025-11-14T08:38:10+05:30
pay_00000000002610,order_0000002610,552.81,card,captured,2025-11-30T16:22:30+05:30
pay_00000000002611,order_0000002611,1989.00,wallet,captured,2025-11-14T01:45:36+05:30
pay_00000000002612,order_0000002612,2206.00,upi,captured,2025-11-30T12:21:14+05:30
pay_00000000002613,order_0000002613,391.00,card,captured,2025-11-20T10:46:09+05:30
pay_00000000002614,order_0000002614,488.00,upi,captured,2025-11-27T02:59:01+05:30
pay_00000000002615,order_0000002615,1926.00,upi,captured,2025-11-23T21:39:42+05:30
pay_00000000002616,order_0000002616,152.00,card,captured,2025-11-16T19:24:28+05:30
pay_00000000002617,order_0000002617,2002.00,upi,captured,2025-11-17T20:31:30+05:30
pay_00000000002618,order_0000002618,154.34,upi,captured,2025-11-23T18:55:48+05:30
pay_00000000002619,order_0000002619,3277.00,card,captured,2025-11-14T10:27:29+05:30
pay_00000000002620,order_0000002620,13274.66,upi,captured,2025-11-18T15:10:34+05:30
pay_00000000002621,order_0000002621,1011.18,card,failed,2025-11-01T20:26:53+05:30
pay_00000000002622,order_0000002622,741.99,card,captured,2025-11-12T16:36:52+05:30
pay_00000000002623,order_0000002623,545.99,upi,captured,2025-11-08T10:39:49+05:30
pay_00000000002624,order_0000002624,393.79,upi,captured,2025-11-22T14:29:33+05:30
pay_00000000002625,order_0000002625,1984.30,wallet,captured,2025-11-26T12:08:27+05:30
pay_00000000002626,order_0000002626,666.99,upi,captured,2025-11-06T17:01:22+05:30
pay_00000000002627,order_0000002627,585.36,netbanking,captured,2025-11-29T05:02:41+05:30
pay_00000000002628,order_0000002628,293.54,card,captured,2025-11-18T00:55:36+05:30
pay_00000000002629,order_0000002629,15733.58,wallet,captured,2025-11-30T12:45:01+05:30
pay_00000000002630,order_0000002630,622.58,upi,captured,2025-11-19T03:35:59+05:30
pay_00000000002631,order_0000002631,718.00,card,captured,2025-11-05T12:59:01+05:30
pay_00000000002632,order_0000002632,14008.17,upi,captured,2025-11-16T23:10:20+05:30
pay_00000000002633,order_0000002633,798.69,card,captured,2025-11-20T19:09:45+05:30
pay_00000000002634,order_0000002634,819.00,card,captured,2025-11-05T08:31:19+05:30
pay_00000000002635,order_0000002635,662.87,card,failed,2025-11-01T08:50:04+05:30
pay_00000000002636,order_0000002636,2343.33,upi,captured,2025-11-13T08:07:12+05:30
pay_00000000002637,order_0000002637,335.01,wallet,captured,2025-11-09T10:52:19+05:30
pay_00000000002638,order_0000002638,153.51,card,captured,2025-11-18T11:11:31+05:30
pay_00000000002639,order_0000002639,663.35,wallet,captured,2025-11-02T20:51:40+05:30
pay_00000000002640,order_0000002640,16032.00,upi,captured,2025-11-07T22:34:32+05:30
pay_00000000002641,order_0000002641,2100.00,card,captured,2025-11-21T10:44:29+05:30
pay_00000000002642,order_0000002642,936.30,netbanking,captured,2025-11-19T17:56:36+05:30
pay_00000000002643,order_0000002643,1842.68,upi,captured,2025-11-24T06:55:46+05:30
pay_00000000002644,order_0000002644,888.26,wallet,captured,2025-11-10T23:08:38+05:30
pay_00000000002645,order_0000002645,744.38,card,captured,2025-11-10T20:29:43+05:30
pay_00000000002646,order_0000002646,11494.89,wallet,captured,2025-11-29T06:11:35+05:30
pay_00000000002647,order_0000002647,364.08,wallet,captured,2025-11-25T13:07:36+05:30
pay_00000000002648,order_0000002648,331.00,upi,captured,2025-11-17T17:06:58+05:30
pay_00000000002649,order_0000002649,123.23,upi,captured,2025-11-06T20:49:38+05:30
pay_00000000002650,order_0000002650,623.00,upi,captured,2025-11-07T19:23:21+05:30
pay_00000000002651,order_0000002651,251.99,netbanking,captured,2025-11-09T11:09:57+05:30
pay_00000000002652,order_0000002652,1042.02,upi,captured,2025-11-01T18:27:19+05:30
pay_00000000002653,order_0000002653,2208.99,card,captured,2025-11-07T10:37:24+05:30
pay_00000000002654,order_0000002654,944.19,upi,captured,2025-11-28T10:07:50+05:30
pay_00000000002655,order_0000002655,973.67,card,captured,2025-11-12T14:16:28+05:30
pay_00000000002656,order_0000002656,6324.00,netbanking,captured,2025-11-27T22:30:27+05:30
pay_00000000002657,order_0000002657,146.65,card,captured,2025-11-13T23:28:56+05:30
pay_00000000002658,order_0000002658,1073.99,netbanking,captured,2025-11-01T15:59:37+05:30
pay_00000000002659,order_0000002659,1391.00,upi,captured,2025-11-09T06:26:52+05:30
pay_00000000002660,order_0000002660,1148.99,upi,captured,2025-11-03T14:37:57+05:30
pay_00000000002661,order_0000002661,9660.84,netbanking,captured,2025-11-29T10:27:14+05:30
pay_00000000002662,order_0000002662,739.84,wallet,captured,2025-11-20T08:09:11+05:30
pay_00000000002663,order_0000002663,11335.00,upi,captured,2025-11-14T21:21:47+05:30
pay_00000000002664,order_0000002664,273.00,upi,captured,2025-11-21T22:26:25+05:30
pay_00000000002665,order_0000002665,2515.99,card,captured,2025-11-05T18:18:00+05:30
pay_00000000002666,order_0000002666,878.00,upi,captured,2025-11-11T20:06:19+05:30
pay_00000000002667,order_0000002667,641.50,netbanking,captured,2025-11-08T22:08:43+05:30
pay_00000000002668,order_0000002668,833.99,card,captured,2025-11-02T22:13:41+05:30
pay_00000000002669,order_0000002669,455.39,card,captured,2025-11-01T03:52:08+05:30
pay_00000000002670,order_0000002670,1514.16,upi,captured,2025-11-04T21:03:57+05:30
pay_00000000002671,order_0000002671,14589.99,upi,captured,2025-11-17T14:31:42+05:30
pay_00000000002672,order_0000002672,902.74,upi,captured,2025-11-21T12:34:38+05:30
pay_00000000002673,order_0000002673,1633.63,netbanking,captured,2025-11-07T18:36:47+05:30
pay_00000000002674,order_0000002674,2882.00,upi,captured,2025-11-10T00:52:46+05:30
pay_00000000002675,order_0000002675,3504.37,card,captured,2025-11-11T16:00:38+05:30
pay_00000000002676,order_0000002676,2641.00,upi,captured,2025-11-22T11:04:19+05:30
pay_00000000002677,order_0000002677,2816.00,upi,captured,2025-11-06T22:23:31+05:30
pay_00000000002678,order_0000002678,2463.18,wallet,captured,2025-11-12T20:06:17+05:30
pay_00000000002679,order_0000002679,857.34,netbanking,captured,2025-11-07T23:11:15+05:30
pay_00000000002680,order_0000002680,550.00,card,captured,2025-11-15T08:12:44+05:30
pay_00000000002681,order_0000002681,3041.00,upi,captured,2025-11-08T20:36:23+05:30
pay_00000000002682,order_0000002682,808.60,upi,captured,2025-11-24T19:32:23+05:30
pay_00000000002683,order_0000002683,128.00,upi,captured,2025-11-07T09:07:07+05:30
pay_00000000002684,order_0000002684,858.00,upi,captured,2025-11-22T23:58:31+05:30
pay_00000000002685,order_0000002685,10993.99,netbanking,captured,2025-11-30T23:26:25+05:30
pay_00000000002686,order_0000002686,500.85,upi,captured,2025-11-28T08:27:33+05:30
pay_00000000002687,order_0000002687,1034.99,upi,captured,2025-11-23T21:48:16+05:30
pay_00000000002688,order_0000002688,153.91,upi,captured,2025-11-15T16:37:33+05:30
pay_00000000002689,order_0000002689,481.89,upi,captured,2025-11-09T17:59:06+05:30
pay_00000000002690,order_0000002690,3300.27,card,failed,2025-11-14T18:05:27+05:30
pay_00000000002691,order_0000002691,2566.68,netbanking,captured,2025-11-05T21:35:31+05:30
pay_00000000002692,order_0000002692,249.90,card,captured,2025-11-11T12:19:28+05:30
pay_00000000002693,order_0000002693,312.99,wallet,captured,2025-11-28T16:09:14+05:30
pay_00000000002694,order_0000002694,793.17,card,captured,2025-11-25T23:15:08+05:30
pay_00000000002695,order_0000002695,735.00,upi,captured,2025-11-16T13:34:20+05:30
pay_00000000002696,order_0000002696,348.00,card,captured,2025-11-16T21:20:01+05:30
pay_00000000002697,order_0000002697,142.99,wallet,captured,2025-11-07T17:21:19+05:30
pay_00000000002698,order_0000002698,802.32,upi,captured,2025-11-28T21:04:32+05:30
pay_00000000002699,order_0000002699,945.66,upi,captured,2025-11-21T15:57:03+05:30
pay_00000000002700,order_0000002700,1008.08,card,captured,2025-11-20T21:20:50+05:30
pay_00000000002701,order_0000002701,498.00,card,captured,2025-11-24T16:14:55+05:30
pay_00000000002702,order_0000002702,3555.00,card,captured,2025-11-14T18:38:41+05:30
pay_00000000002703,order_0000002703,1281.00,wallet,captured,2025-11-27T12:43:10+05:30
pay_00000000002704,order_0000002704,2350.72,upi,captured,2025-11-08T21:56:07+05:30
pay_00000000002705,order_0000002705,371.05,upi,captured,2025-11-25T10:25:26+05:30
pay_00000000002706,order_0000002706,114.71,upi,captured,2025-11-21T15:25:16+05:30
pay_00000000002707,order_0000002707,738.69,upi,captured,2025-11-26T04:09:02+05:30
pay_00000000002708,order_0000002708,326.31,upi,captured,2025-11-16T23:09:45+05:30
pay_00000000002709,order_0000002709,552.23,card,failed,2025-11-02T19:12:31+05:30
pay_00000000002710,order_0000002710,911.99,upi,captured,2025-11-20T22:31:53+05:30
pay_00000000002711,order_0000002711,967.92,upi,captured,2025-11-12T12:39:34+05:30
pay_00000000002712,order_0000002712,232.50,upi,captured,2025-11-07T20:41:48+05:30
pay_00000000002713,order_0000002713,2233.00,card,captured,2025-11-11T19:05:49+05:30
pay_00000000002714,order_0000002714,781.45,upi,captured,2025-11-25T06:27:12+05:30
pay_00000000002715,order_0000002715,2278.99,card,captured,2025-11-23T14:43:45+05:30
pay_00000000002716,order_0000002716,540.41,upi,captured,2025-11-26T21:19:05+05:30
pay_00000000002717,order_0000002717,141.99,upi,captured,2025-11-14T13:10:34+05:30
pay_00000000002718,order_0000002718,395.04,upi,captured,2025-11-18T18:13:51+05:30
pay_00000000002719,order_0000002719,1433.10,wallet,captured,2025-11-06T20:58:33+05:30
pay_00000000002720,order_0000002720,7905.99,netbanking,captured,2025-11-29T13:06:45+05:30
pay_00000000002721,order_0000002721,292.09,card,captured,2025-11-14T12:30:36+05:30
pay_00000000002722,order_0000002722,325.00,card,captured,2025-11-08T07:19:08+05:30
pay_00000000002723,order_0000002723,489.93,card,captured,2025-11-25T13:56:06+05:30
pay_00000000002724,order_0000002724,14556.00,card,captured,2025-11-15T14:18:49+05:30
pay_00000000002725,order_0000002725,2224.00,upi,captured,2025-11-30T14:33:34+05:30
pay_00000000002726,order_0000002726,1464.00,upi,captured,2025-11-19T14:33:53+05:30
pay_00000000002727,order_0000002727,925.12,card,captured,2025-11-29T21:25:34+05:30
pay_00000000002728,order_0000002728,459.00,card,captured,2025-11-28T15:24:31+05:30
pay_00000000002729,order_0000002729,1988.52,card,captured,2025-11-15T13:36:49+05:30
pay_00000000002730,order_0000002730,784.68,wallet,captured,2025-11-15T02:37:36+05:30
pay_00000000002731,order_0000002731,548.00,upi,captured,2025-11-18T17:56:39+05:30
pay_00000000002732,order_0000002732,555.80,netbanking,failed,2025-11-16T20:52:11+05:30
pay_00000000002733,order_0000002733,1028.00,card,captured,2025-11-03T12:47:34+05:30
pay_00000000002734,order_0000002734,714.79,upi,captured,2025-11-03T12:32:21+05:30
pay_00000000002735,order_0000002735,2361.21,upi,captured,2025-11-26T13:10:44+05:30
pay_00000000002736,order_0000002736,848.27,upi,captured,2025-11-04T00:04:01+05:30
pay_00000000002737,order_0000002737,167.00,upi,captured,2025-11-21T20:16:18+05:30
pay_00000000002738,order_0000002738,511.14,upi,captured,2025-11-01T17:42:59+05:30
pay_00000000002739,order_0000002739,219.00,upi,captured,2025-11-21T09:15:24+05:30
pay_00000000002740,order_0000002740,121.00,upi,captured,2025-11-23T10:56:47+05:30
pay_00000000002741,order_0000002741,2255.00,netbanking,captured,2025-11-13T15:20:48+05:30
pay_00000000002742,order_0000002742,973.00,upi,captured,2025-11-22T17:54:51+05:30
pay_00000000002743,order_0000002743,883.31,upi,captured,2025-11-28T11:55:25+05:30
pay_00000000002744,order_0000002744,417.00,card,failed,2025-11-17T08:59:42+05:30
pay_00000000002745,order_0000002745,675.45,upi,captured,2025-11-02T14:17:13+05:30
pay_00000000002746,order_0000002746,2807.99,upi,captured,2025-11-07T20:29:06+05:30
pay_00000000002747,order_0000002747,463.00,card,captured,2025-11-17T12:22:48+05:30
pay_00000000002748,order_0000002748,333.00,card,captured,2025-11-19T14:47:01+05:30
pay_00000000002749,order_0000002749,1010.00,upi,captured,2025-11-12T14:02:09+05:30
pay_00000000002750,order_0000002750,278.85,card,captured,2025-11-15T15:56:44+05:30
pay_00000000002751,order_0000002751,428.46,upi,captured,2025-11-28T12:51:04+05:30
pay_00000000002752,order_0000002752,348.00,upi,captured,2025-11-07T00:55:42+05:30
pay_00000000002753,order_0000002753,443.00,upi,captured,2025-11-09T19:35:24+05:30
pay_00000000002754,order_0000002754,1015.00,card,captured,2025-11-03T11:33:40+05:30
pay_00000000002755,order_0000002755,514.04,card,captured,2025-11-10T02:42:19+05:30
pay_00000000002756,order_0000002756,129.99,upi,captured,2025-11-14T13:25:08+05:30
pay_00000000002757,order_0000002757,455.07,upi,captured,2025-11-23T13:59:47+05:30
pay_00000000002758,order_0000002758,3438.13,upi,captured,2025-11-19T19:11:42+05:30
pay_00000000002759,order_0000002759,182.99,upi,captured,2025-11-12T17:46:59+05:30
pay_00000000002760,order_0000002760,3121.80,upi,captured,2025-11-25T18:02:34+05:30
pay_00000000002761,order_0000002761,2176.89,wallet,captured,2025-11-26T08:50:59+05:30
pay_00000000002762,order_0000002762,333.99,upi,captured,2025-11-18T13:01:14+05:30
pay_00000000002763,order_0000002763,361.86,upi,captured,2025-11-09T04:08:15+05:30
pay_00000000002764,order_0000002764,409.99,upi,captured,2025-11-21T17:53:02+05:30
pay_00000000002765,order_0000002765,303.99,card,captured,2025-11-17T09:52:18+05:30
pay_00000000002766,order_0000002766,197.48,wallet,captured,2025-11-28T06:36:39+05:30
pay_00000000002767,order_0000002767,1069.00,netbanking,captured,2025-11-07T08:46:00+05:30
pay_00000000002768,order_0000002768,348.97,upi,captured,2025-11-17T12:23:59+05:30
pay_00000000002769,order_0000002769,114.49,card,captured,2025-11-05T13:38:22+05:30
pay_00000000002770,order_0000002770,12095.00,wallet,captured,2025-11-07T16:48:49+05:30
pay_00000000002771,order_0000002771,521.99,card,failed,2025-11-30T08:08:22+05:30
pay_00000000002772,order_0000002772,437.99,card,failed,2025-11-17T04:31:08+05:30
pay_00000000002773,order_0000002773,473.55,card,captured,2025-11-19T20:54:00+05:30
pay_00000000002774,order_0000002774,1706.15,wallet,captured,2025-11-30T23:43:03+05:30
pay_00000000002775,order_0000002775,825.99,netbanking,captured,2025-11-26T20:42:05+05:30
pay_00000000002776,order_0000002776,492.40,card,captured,2025-11-03T14:02:48+05:30
pay_00000000002777,order_0000002777,849.71,upi,captured,2025-11-03T19:05:53+05:30
pay_00000000002778,order_0000002778,1968.00,card,captured,2025-11-16T01:25:02+05:30
pay_00000000002779,order_0000002779,3334.57,netbanking,captured,2025-11-22T20:19:12+05:30
pay_00000000002780,order_0000002780,304.98,card,captured,2025-11-11T07:15:36+05:30
pay_00000000002781,order_0000002781,147.00,card,captured,2025-11-26T13:00:36+05:30
pay_00000000002782,order_0000002782,735.29,card,captured,2025-11-09T02:23:49+05:30
pay_00000000002783,order_0000002783,2861.12,upi,captured,2025-11-30T20:02:12+05:30
pay_00000000002784,order_0000002784,990.19,upi,captured,2025-11-08T15:33:39+05:30
pay_00000000002785,order_0000002785,760.00,netbanking,captured,2025-11-25T12:17:46+05:30
pay_00000000002786,order_0000002786,215.48,upi,captured,2025-11-05T20:47:22+05:30
pay_00000000002787,order_0000002787,1320.95,card,captured,2025-11-17T16:28:13+05:30
pay_00000000002788,order_0000002788,353.06,wallet,captured,2025-11-06T13:53:32+05:30
pay_00000000002789,order_0000002789,597.00,card,captured,2025-11-17T23:50:37+05:30
pay_00000000002790,order_0000002790,532.99,card,failed,2025-11-10T08:55:06+05:30
pay_00000000002791,order_0000002791,960.00,card,captured,2025-11-27T04:27:44+05:30
pay_00000000002792,order_0000002792,1809.99,wallet,captured,2025-11-27T17:20:27+05:30
pay_00000000002793,order_0000002793,460.05,upi,captured,2025-11-26T11:07:53+05:30
pay_00000000002794,order_0000002794,646.00,card,captured,2025-11-07T20:42:22+05:30
pay_00000000002795,order_0000002795,273.00,upi,captured,2025-11-02T22:23:10+05:30
pay_00000000002796,order_0000002796,499.38,netbanking,captured,2025-11-24T12:00:43+05:30
pay_00000000002797,order_0000002797,718.99,card,captured,2025-11-07T18:54:17+05:30
pay_00000000002798,order_0000002798,117.00,upi,captured,2025-11-02T21:11:50+05:30
pay_00000000002799,order_0000002799,255.82,card,captured,2025-11-17T10:48:43+05:30
pay_00000000002800,order_0000002800,2669.00,upi,captured,2025-11-11T20:51:35+05:30
pay_00000000002801,order_0000002801,813.05,netbanking,captured,2025-11-15T08:19:08+05:30
pay_00000000002802,order_0000002802,1399.00,upi,captured,2025-11-19T10:39:34+05:30
pay_00000000002803,order_0000002803,938.59,netbanking,captured,2025-11-12T16:12:26+05:30
pay_00000000002804,order_0000002804,108.01,upi,captured,2025-11-26T22:11:55+05:30
pay_00000000002805,order_0000002805,847.89,upi,failed,2025-11-10T05:46:30+05:30
pay_00000000002806,order_0000002806,2353.83,card,captured,2025-11-15T15:49:21+05:30
pay_00000000002807,order_0000002807,588.12,upi,captured,2025-11-10T21:57:00+05:30
pay_00000000002808,order_0000002808,980.33,upi,captured,2025-11-17T13:33:10+05:30
pay_00000000002809,order_0000002809,734.29,card,captured,2025-11-29T21:47:20+05:30
pay_00000000002810,order_0000002810,102.00,upi,captured,2025-11-18T22:32:37+05:30
pay_00000000002811,order_0000002811,3401.99,upi,captured,2025-11-13T17:16:06+05:30
pay_00000000002812,order_0000002812,899.00,card,captured,2025-11-19T22:39:12+05:30
pay_00000000002813,order_0000002813,956.68,upi,captured,2025-11-23T08:32:20+05:30
pay_00000000002814,order_0000002814,825.03,upi,captured,2025-11-13T13:02:00+05:30
pay_00000000002815,order_0000002815,564.54,upi,captured,2025-11-18T22:38:40+05:30
pay_00000000002816,order_0000002816,368.00,upi,captured,2025-11-05T21:33:14+05:30
pay_00000000002817,order_0000002817,831.99,card,captured,2025-11-07T14:10:51+05:30
pay_00000000002818,order_0000002818,473.00,wallet,captured,2025-11-12T07:55:53+05:30
pay_00000000002819,order_0000002819,463.99,upi,captured,2025-11-15T13:18:09+05:30
pay_00000000002820,order_0000002820,189.66,wallet,captured,2025-11-16T23:39:34+05:30
pay_00000000002821,order_0000002821,1074.13,netbanking,captured,2025-11-19T02:31:23+05:30
pay_00000000002822,order_0000002822,1002.30,card,captured,2025-11-08T13:13:31+05:30
pay_00000000002823,order_0000002823,1563.99,card,captured,2025-11-16T12:38:05+05:30
pay_00000000002824,order_0000002824,536.99,upi,failed,2025-11-14T16:51:03+05:30
pay_00000000002825,order_0000002825,901.00,card,captured,2025-11-23T15:13:09+05:30
pay_00000000002826,order_0000002826,621.65,card,captured,2025-11-23T20:11:28+05:30
pay_00000000002827,order_0000002827,3537.00,upi,captured,2025-11-11T17:19:21+05:30
pay_00000000002828,order_0000002828,317.00,card,captured,2025-11-28T23:38:58+05:30
pay_00000000002829,order_0000002829,291.00,upi,captured,2025-11-20T21:24:29+05:30
pay_00000000002830,order_0000002830,940.60,wallet,captured,2025-11-07T23:09:04+05:30
pay_00000000002831,order_0000002831,313.99,wallet,failed,2025-11-04T16:28:25+05:30
pay_00000000002832,order_0000002832,128.99,upi,captured,2025-11-29T14:39:17+05:30
pay_00000000002833,order_0000002833,665.00,upi,captured,2025-11-13T21:47:35+05:30
pay_00000000002834,order_0000002834,3176.00,upi,captured,2025-11-09T14:48:09+05:30
pay_00000000002835,order_0000002835,907.00,upi,captured,2025-11-26T20:45:32+05:30
pay_00000000002836,order_0000002836,667.00,card,captured,2025-11-28T03:00:07+05:30
pay_00000000002837,order_0000002837,3345.00,upi,captured,2025-11-23T12:24:00+05:30
pay_00000000002838,order_0000002838,4083.99,upi,captured,2025-11-22T08:06:01+05:30
pay_00000000002839,order_0000002839,207.00,upi,captured,2025-11-06T22:25:36+05:30
pay_00000000002840,order_0000002840,974.47,wallet,captured,2025-11-30T16:51:53+05:30
pay_00000000002841,order_0000002841,2942.00,upi,captured,2025-11-14T11:37:28+05:30
pay_00000000002842,order_0000002842,1959.00,card,captured,2025-11-04T15:10:16+05:30
pay_00000000002843,order_0000002843,3454.00,upi,captured,2025-11-20T10:30:22+05:30
pay_00000000002844,order_0000002844,610.05,upi,captured,2025-11-30T22:19:40+05:30
pay_00000000002845,order_0000002845,12689.00,card,captured,2025-11-22T22:38:02+05:30
pay_00000000002846,order_0000002846,754.00,upi,captured,2025-11-16T11:44:38+05:30
pay_00000000002847,order_0000002847,798.40,card,captured,2025-11-29T18:37:59+05:30
pay_00000000002848,order_0000002848,1004.91,netbanking,captured,2025-11-21T06:35:54+05:30
pay_00000000002849,order_0000002849,331.99,upi,captured,2025-11-16T14:22:21+05:30
pay_00000000002850,order_0000002850,687.00,upi,captured,2025-11-06T06:56:55+05:30
pay_00000000002851,order_0000002851,810.00,card,captured,2025-11-07T13:35:26+05:30
pay_00000000002852,order_0000002852,1219.55,wallet,captured,2025-11-19T20:12:49+05:30
pay_00000000002853,order_0000002853,3817.50,card,captured,2025-11-03T06:13:50+05:30
pay_00000000002854,order_0000002854,585.00,wallet,captured,2025-11-15T07:39:18+05:30
pay_00000000002855,order_0000002855,766.54,card,captured,2025-11-13T20:13:25+05:30
pay_00000000002856,order_0000002856,1065.99,upi,captured,2025-11-22T20:28:33+05:30
pay_00000000002857,order_0000002857,213.85,netbanking,captured,2025-11-04T04:27:14+05:30
pay_00000000002858,order_0000002858,495.00,upi,captured,2025-11-17T06:33:15+05:30
pay_00000000002859,order_0000002859,1267.01,card,captured,2025-11-01T21:20:24+05:30
pay_00000000002860,order_0000002860,313.31,wallet,captured,2025-11-23T03:44:20+05:30
pay_00000000002861,order_0000002861,174.71,upi,captured,2025-11-13T09:19:04+05:30
pay_00000000002862,order_0000002862,948.00,wallet,captured,2025-11-06T15:27:50+05:30
pay_00000000002863,order_0000002863,3476.00,card,captured,2025-11-17T02:08:26+05:30
pay_00000000002864,order_0000002864,995.00,upi,captured,2025-11-19T08:36:10+05:30
pay_00000000002865,order_0000002865,2764.99,card,captured,2025-11-26T12:09:35+05:30
pay_00000000002866,order_0000002866,129.13,wallet,captured,2025-11-22T16:43:30+05:30
pay_00000000002867,order_0000002867,2160.49,card,captured,2025-11-04T14:52:19+05:30
pay_00000000002868,order_0000002868,862.98,upi,captured,2025-11-16T03:49:12+05:30
pay_00000000002869,order_0000002869,775.00,upi,captured,2025-11-29T16:28:49+05:30
pay_00000000002870,order_0000002870,1027.27,netbanking,captured,2025-11-18T09:57:17+05:30
pay_00000000002871,order_0000002871,865.99,upi,captured,2025-11-29T16:03:50+05:30
pay_00000000002872,order_0000002872,175.00,upi,captured,2025-11-06T14:23:40+05:30
pay_00000000002873,order_0000002873,231.87,card,failed,2025-11-06T11:25:45+05:30
pay_00000000002874,order_0000002874,617.29,upi,captured,2025-11-22T21:00:02+05:30
pay_00000000002875,order_0000002875,690.99,upi,captured,2025-11-15T23:32:04+05:30
pay_00000000002876,order_0000002876,795.79,upi,captured,2025-11-22T09:03:30+05:30
pay_00000000002877,order_0000002877,989.99,card,captured,2025-11-08T18:28:35+05:30
pay_00000000002878,order_0000002878,3124.44,card,captured,2025-11-08T00:22:31+05:30
pay_00000000002879,order_0000002879,1009.49,card,captured,2025-11-21T09:16:23+05:30
pay_00000000002880,order_0000002880,566.99,upi,captured,2025-11-28T20:06:13+05:30
pay_00000000002881,order_0000002881,918.00,upi,captured,2025-11-07T18:33:34+05:30
pay_00000000002882,order_0000002882,428.00,upi,captured,2025-11-22T21:17:23+05:30
pay_00000000002883,order_0000002883,1057.99,card,captured,2025-11-20T20:49:28+05:30
pay_00000000002884,order_0000002884,2964.00,upi,captured,2025-11-17T18:10:08+05:30
pay_00000000002885,order_0000002885,296.00,wallet,captured,2025-11-23T07:14:45+05:30
pay_00000000002886,order_0000002886,648.00,wallet,captured,2025-11-26T15:55:07+05:30
pay_00000000002887,order_0000002887,2260.52,card,captured,2025-11-03T05:21:06+05:30
pay_00000000002888,order_0000002888,956.23,card,captured,2025-11-28T23:13:06+05:30
pay_00000000002889,order_0000002889,813.99,wallet,captured,2025-11-07T06:53:38+05:30
pay_00000000002890,order_0000002890,3569.69,upi,captured,2025-11-07T19:27:01+05:30
pay_00000000002891,order_0000002891,1062.88,upi,captured,2025-11-07T20:49:24+05:30
pay_00000000002892,order_0000002892,332.00,upi,captured,2025-11-30T12:01:53+05:30
pay_00000000002893,order_0000002893,1150.17,upi,captured,2025-11-25T01:11:57+05:30
pay_00000000002894,order_0000002894,1225.91,netbanking,captured,2025-11-19T16:36:10+05:30
pay_00000000002895,order_0000002895,10595.64,upi,captured,2025-11-28T20:11:33+05:30
pay_00000000002896,order_0000002896,835.52,card,captured,2025-11-02T14:26:55+05:30
pay_00000000002897,order_0000002897,177.75,card,captured,2025-11-10T17:53:55+05:30
pay_00000000002898,order_0000002898,809.99,upi,captured,2025-11-12T13:23:43+05:30
pay_00000000002899,order_0000002899,610.20,netbanking,captured,2025-11-29T13:27:17+05:30
pay_00000000002900,order_0000002900,9542.56,netbanking,captured,2025-11-01T16:45:27+05:30
pay_00000000002901,order_0000002901,840.00,wallet,captured,2025-11-21T17:03:42+05:30
pay_00000000002902,order_0000002902,1040.00,upi,captured,2025-11-17T13:23:39+05:30
pay_00000000002903,order_0000002903,1027.26,upi,captured,2025-11-16T23:21:06+05:30
pay_00000000002904,order_0000002904,550.56,card,captured,2025-11-22T23:42:57+05:30
pay_00000000002905,order_0000002905,712.55,upi,captured,2025-11-11T11:38:49+05:30
pay_00000000002906,order_0000002906,380.61,upi,captured,2025-11-14T10:58:57+05:30
pay_00000000002907,order_0000002907,641.99,card,captured,2025-11-20T17:17:00+05:30
pay_00000000002908,order_0000002908,710.18,card,captured,2025-11-30T15:37:47+05:30
pay_00000000002909,order_0000002909,461.65,upi,captured,2025-11-28T17:50:01+05:30
pay_00000000002910,order_0000002910,859.00,upi,captured,2025-11-25T06:47:08+05:30
pay_00000000002911,order_0000002911,486.99,upi,captured,2025-11-03T14:40:53+05:30
pay_00000000002912,order_0000002912,500.67,card,captured,2025-11-28T09:55:21+05:30
pay_00000000002913,order_0000002913,438.16,card,captured,2025-11-27T06:59:23+05:30
pay_00000000002914,order_0000002914,482.99,upi,captured,2025-11-24T03:11:00+05:30
pay_00000000002915,order_0000002915,576.99,upi,captured,2025-11-27T19:00:12+05:30
pay_00000000002916,order_0000002916,1575.82,upi,captured,2025-11-26T19:57:47+05:30
pay_00000000002917,order_0000002917,361.00,upi,captured,2025-11-29T15:08:39+05:30
pay_00000000002918,order_0000002918,2820.39,upi,captured,2025-11-06T17:13:13+05:30
pay_00000000002919,order_0000002919,150.86,upi,captured,2025-11-21T08:52:42+05:30
pay_00000000002920,order_0000002920,624.99,wallet,captured,2025-11-29T13:00:13+05:30
pay_00000000002921,order_0000002921,1754.00,upi,captured,2025-11-08T16:47:46+05:30
pay_00000000002922,order_0000002922,829.87,wallet,captured,2025-11-09T18:47:08+05:30
pay_00000000002923,order_0000002923,269.22,upi,captured,2025-11-12T13:01:27+05:30
pay_00000000002924,order_0000002924,263.99,upi,captured,2025-11-20T21:07:53+05:30
pay_00000000002925,order_0000002925,120.00,card,captured,2025-11-02T14:57:54+05:30
pay_00000000002926,order_0000002926,943.00,upi,captured,2025-11-10T14:08:58+05:30
pay_00000000002927,order_0000002927,447.00,upi,captured,2025-11-04T23:48:53+05:30
pay_00000000002928,order_0000002928,1056.99,upi,captured,2025-11-25T19:25:54+05:30
pay_00000000002929,order_0000002929,3201.48,card,captured,2025-11-11T14:17:06+05:30
pay_00000000002930,order_0000002930,359.00,upi,captured,2025-11-03T21:45:10+05:30
pay_00000000002931,order_0000002931,1125.48,wallet,captured,2025-11-16T08:10:06+05:30
pay_00000000002932,order_0000002932,651.55,upi,captured,2025-11-29T23:33:07+05:30
pay_00000000002933,order_0000002933,115.99,upi,captured,2025-11-07T07:37:21+05:30
pay_00000000002934,order_0000002934,589.00,netbanking,captured,2025-11-29T13:56:03+05:30
pay_00000000002935,order_0000002935,419.99,upi,captured,2025-11-04T08:37:13+05:30
pay_00000000002936,order_0000002936,1761.00,upi,captured,2025-11-24T13:43:13+05:30
pay_00000000002937,order_0000002937,1057.00,upi,captured,2025-11-25T18:35:26+05:30
pay_00000000002938,order_0000002938,2913.00,netbanking,captured,2025-11-16T20:06:09+05:30
pay_00000000002939,order_0000002939,244.43,card,captured,2025-11-19T18:06:33+05:30
pay_00000000002940,order_0000002940,611.79,upi,captured,2025-11-02T12:23:49+05:30
pay_00000000002941,order_0000002941,1061.63,upi,captured,2025-11-08T20:18:09+05:30
pay_00000000002942,order_0000002942,413.95,upi,captured,2025-11-30T05:43:14+05:30
pay_00000000002943,order_0000002943,680.70,upi,captured,2025-11-16T21:16:57+05:30
pay_00000000002944,order_0000002944,604.08,wallet,captured,2025-11-26T19:11:15+05:30
pay_00000000002945,order_0000002945,764.14,upi,captured,2025-11-26T09:59:15+05:30
pay_00000000002946,order_0000002946,885.99,upi,captured,2025-11-18T09:08:02+05:30
pay_00000000002947,order_0000002947,1057.99,card,captured,2025-11-06T05:11:46+05:30
pay_00000000002948,order_0000002948,140.06,wallet,captured,2025-11-14T10:53:52+05:30
pay_00000000002949,order_0000002949,767.00,upi,captured,2025-11-11T01:30:38+05:30
pay_00000000002950,order_0000002950,881.00,netbanking,captured,2025-11-18T17:30:12+05:30
pay_00000000002951,order_0000002951,274.81,upi,captured,2025-11-22T16:28:29+05:30
pay_00000000002952,order_0000002952,220.95,upi,captured,2025-11-30T07:05:58+05:30
pay_00000000002953,order_0000002953,259.79,upi,captured,2025-11-24T22:23:50+05:30
pay_00000000002954,order_0000002954,483.99,upi,captured,2025-11-16T22:17:33+05:30
pay_00000000002955,order_0000002955,879.00,netbanking,captured,2025-11-06T12:35:06+05:30
pay_00000000002956,order_0000002956,1029.51,card,captured,2025-11-01T16:44:30+05:30
pay_00000000002957,order_0000002957,1204.47,card,captured,2025-11-02T23:56:10+05:30
pay_00000000002958,order_0000002958,2137.99,upi,captured,2025-11-23T15:20:29+05:30
pay_00000000002959,order_0000002959,1894.23,upi,captured,2025-11-08T20:07:03+05:30
pay_00000000002960,order_0000002960,796.97,upi,captured,2025-11-30T09:50:24+05:30
pay_00000000002961,order_0000002961,1001.00,upi,captured,2025-11-21T14:43:10+05:30
pay_00000000002962,order_0000002962,706.14,card,captured,2025-11-06T12:13:28+05:30
pay_00000000002963,order_0000002963,951.00,card,captured,2025-11-22T22:25:39+05:30
pay_00000000002964,order_0000002964,471.16,card,captured,2025-11-05T04:34:59+05:30
pay_00000000002965,order_0000002965,466.70,upi,captured,2025-11-26T13:54:48+05:30
pay_00000000002966,order_0000002966,1474.98,upi,captured,2025-11-05T17:36:53+05:30
pay_00000000002967,order_0000002967,1027.00,card,captured,2025-11-13T10:36:04+05:30
pay_00000000002968,order_0000002968,394.00,upi,captured,2025-11-04T16:46:31+05:30
pay_00000000002969,order_0000002969,712.54,card,captured,2025-11-26T07:23:36+05:30
pay_00000000002970,order_0000002970,1285.99,card,captured,2025-11-05T11:56:44+05:30
pay_00000000002971,order_0000002971,2933.54,netbanking,captured,2025-11-19T13:51:05+05:30
pay_00000000002972,order_0000002972,590.02,card,captured,2025-11-17T18:27:30+05:30
pay_00000000002973,order_0000002973,262.07,upi,captured,2025-11-26T05:00:52+05:30
pay_00000000002974,order_0000002974,8316.63,upi,captured,2025-11-29T16:26:11+05:30
pay_00000000002975,order_0000002975,985.99,upi,captured,2025-11-22T10:32:05+05:30
pay_00000000002976,order_0000002976,133.63,wallet,captured,2025-11-20T23:34:20+05:30
pay_00000000002977,order_0000002977,227.99,wallet,captured,2025-11-27T17:30:32+05:30
pay_00000000002978,order_0000002978,349.57,upi,captured,2025-11-02T21:26:41+05:30
pay_00000000002979,order_0000002979,1810.70,upi,captured,2025-11-24T05:22:48+05:30
pay_00000000002980,order_0000002980,178.02,netbanking,captured,2025-11-06T09:47:19+05:30
pay_00000000002981,order_0000002981,482.94,upi,captured,2025-11-14T22:36:06+05:30
pay_00000000002982,order_0000002982,165.00,wallet,captured,2025-11-10T07:44:15+05:30
pay_00000000002983,order_0000002983,943.51,card,captured,2025-11-28T09:19:28+05:30
pay_00000000002984,order_0000002984,754.33,upi,captured,2025-11-18T22:22:05+05:30
pay_00000000002985,order_0000002985,367.00,wallet,captured,2025-11-18T20:26:28+05:30
pay_00000000002986,order_0000002986,2312.83,card,captured,2025-11-26T22:48:44+05:30
pay_00000000002987,order_0000002987,2560.21,netbanking,captured,2025-11-29T02:14:21+05:30
pay_00000000002988,order_0000002988,517.00,upi,captured,2025-11-02T14:30:03+05:30
pay_00000000002989,order_0000002989,14541.00,netbanking,captured,2025-11-25T22:30:06+05:30
pay_00000000002990,order_0000002990,664.01,upi,captured,2025-11-10T17:19:22+05:30
pay_00000000002991,order_0000002991,579.76,upi,captured,2025-11-02T15:35:50+05:30
pay_00000000002992,order_0000002992,1088.99,netbanking,captured,2025-11-19T00:26:38+05:30
pay_00000000002993,order_0000002993,640.73,upi,captured,2025-11-15T19:50:59+05:30
pay_00000000002994,order_0000002994,140.61,netbanking,captured,2025-11-17T21:39:23+05:30
pay_00000000002995,order_0000002995,542.99,card,captured,2025-11-11T13:57:23+05:30
pay_00000000002996,order_0000002996,1793.00,card,captured,2025-11-30T03:18:48+05:30
pay_00000000002997,order_0000002997,494.83,netbanking,captured,2025-11-21T15:57:02+05:30
pay_00000000002998,order_0000002998,596.18,netbanking,captured,2025-11-15T03:41:45+05:30
pay_00000000002999,order_0000002999,618.30,card,captured,2025-11-11T23:49:07+05:30
pay_00000000003000,order_0000003000,295.95,upi,captured,2025-11-22T05:12:29+05:30
pay_00000000003001,order_0000003001,379.87,upi,captured,2025-11-19T18:46:49+05:30
pay_00000000003002,order_0000003002,1011.00,wallet,captured,2025-11-11T17:48:39+05:30
pay_00000000003003,order_0000003003,806.00,netbanking,captured,2025-11-04T06:42:08+05:30
pay_00000000003004,order_0000003004,140.51,card,captured,2025-11-29T02:29:20+05:30
pay_00000000003005,order_0000003005,915.43,upi,captured,2025-11-04T14:49:08+05:30
pay_00000000003006,order_0000003006,2017.37,card,captured,2025-11-03T17:59:36+05:30
pay_00000000003007,order_0000003007,678.27,upi,captured,2025-11-22T19:58:45+05:30
pay_00000000003008,order_0000003008,452.18,upi,captured,2025-11-02T12:23:03+05:30
pay_00000000003009,order_0000003009,113.99,upi,captured,2025-11-21T03:30:12+05:30
pay_00000000003010,order_0000003010,909.53,netbanking,captured,2025-11-14T14:21:36+05:30
pay_00000000003011,order_0000003011,494.00,upi,captured,2025-11-28T16:33:57+05:30
pay_00000000003012,order_0000003012,993.00,upi,captured,2025-11-27T18:45:06+05:30
pay_00000000003013,order_0000003013,623.13,card,captured,2025-11-18T10:03:09+05:30
pay_00000000003014,order_0000003014,917.00,netbanking,captured,2025-11-26T23:50:46+05:30
pay_00000000003015,order_0000003015,813.99,upi,captured,2025-11-02T22:05:10+05:30
pay_00000000003016,order_0000003016,1041.67,wallet,captured,2025-11-10T13:52:30+05:30
pay_00000000003017,order_0000003017,418.69,card,captured,2025-11-13T14:09:57+05:30
pay_00000000003018,order_0000003018,3174.31,upi,captured,2025-11-16T19:49:07+05:30
pay_00000000003019,order_0000003019,437.32,wallet,captured,2025-11-06T03:09:40+05:30
pay_00000000003020,order_0000003020,316.40,upi,captured,2025-11-07T23:22:14+05:30
pay_00000000003021,order_0000003021,15485.77,upi,captured,2025-11-30T12:32:35+05:30
pay_00000000003022,order_0000003022,583.31,upi,captured,2025-11-13T13:27:20+05:30
pay_00000000003023,order_0000003023,250.99,card,captured,2025-11-17T20:01:43+05:30
pay_00000000003024,order_0000003024,388.37,upi,captured,2025-11-28T15:21:53+05:30
pay_00000000003025,order_0000003025,3353.82,upi,failed,2025-11-17T15:22:59+05:30
pay_00000000003026,order_0000003026,2258.99,upi,captured,2025-11-03T22:25:01+05:30
pay_00000000003027,order_0000003027,2249.99,upi,captured,2025-11-20T05:51:09+05:30
pay_00000000003028,order_0000003028,495.00,card,captured,2025-11-07T20:50:16+05:30
pay_00000000003029,order_0000003029,112.00,card,captured,2025-11-07T15:30:12+05:30
pay_00000000003030,order_0000003030,16184.90,card,captured,2025-11-29T13:14:40+05:30
pay_00000000003031,order_0000003031,828.00,card,captured,2025-11-09T17:02:48+05:30
pay_00000000003032,order_0000003032,727.20,card,captured,2025-11-25T20:26:05+05:30
pay_00000000003033,order_0000003033,739.08,wallet,captured,2025-11-28T11:58:44+05:30
pay_00000000003034,order_0000003034,935.85,upi,captured,2025-11-28T08:16:04+05:30
pay_00000000003035,order_0000003035,1007.84,card,captured,2025-11-25T03:57:52+05:30
pay_00000000003036,order_0000003036,607.05,upi,captured,2025-11-08T18:59:25+05:30
pay_00000000003037,order_0000003037,246.49,upi,captured,2025-11-28T22:16:27+05:30
pay_00000000003038,order_0000003038,473.27,upi,captured,2025-11-09T08:16:10+05:30
pay_00000000003039,order_0000003039,159.00,netbanking,captured,2025-11-03T12:00:26+05:30
pay_00000000003040,order_0000003040,1073.48,card,captured,2025-11-13T09:16:22+05:30
pay_00000000003041,order_0000003041,1129.70,upi,captured,2025-11-04T14:47:08+05:30
pay_00000000003042,order_0000003042,619.00,upi,captured,2025-11-10T10:47:31+05:30
pay_00000000003043,order_0000003043,3552.36,wallet,failed,2025-11-12T10:08:23+05:30
pay_00000000003044,order_0000003044,560.48,card,captured,2025-11-30T20:34:20+05:30
pay_00000000003045,order_0000003045,1066.01,upi,captured,2025-11-02T22:09:04+05:30
pay_00000000003046,order_0000003046,754.36,upi,captured,2025-11-20T12:27:16+05:30
pay_00000000003047,order_0000003047,638.00,upi,captured,2025-11-19T18:17:12+05:30
pay_00000000003048,order_0000003048,1649.75,upi,captured,2025-11-06T22:08:14+05:30
pay_00000000003049,order_0000003049,847.00,card,captured,2025-11-11T17:32:29+05:30
pay_00000000003050,order_0000003050,1171.78,card,failed,2025-11-10T22:39:51+05:30
pay_00000000003051,order_0000003051,756.43,card,captured,2025-11-19T09:46:12+05:30
pay_00000000003052,order_0000003052,980.00,upi,captured,2025-11-16T14:50:34+05:30
pay_00000000003053,order_0000003053,3315.50,upi,captured,2025-11-01T17:43:50+05:30
pay_00000000003054,order_0000003054,557.93,upi,captured,2025-11-28T08:27:26+05:30
pay_00000000003055,order_0000003055,217.00,upi,captured,2025-11-06T18:54:20+05:30
pay_00000000003056,order_0000003056,748.28,netbanking,captured,2025-11-21T18:49:55+05:30
pay_00000000003057,order_0000003057,5646.00,card,captured,2025-11-16T08:39:56+05:30
pay_00000000003058,order_0000003058,1699.02,upi,captured,2025-11-09T14:05:01+05:30
pay_00000000003059,order_0000003059,536.99,wallet,captured,2025-11-05T21:06:41+05:30
pay_00000000003060,order_0000003060,369.09,upi,captured,2025-11-28T23:29:13+05:30
pay_00000000003061,order_0000003061,808.79,netbanking,captured,2025-11-21T08:37:36+05:30
pay_00000000003062,order_0000003062,361.28,upi,captured,2025-11-09T18:00:47+05:30
pay_00000000003063,order_0000003063,780.11,netbanking,captured,2025-11-11T22:54:25+05:30
pay_00000000003064,order_0000003064,1575.44,card,captured,2025-11-21T00:09:15+05:30
pay_00000000003065,order_0000003065,956.76,upi,captured,2025-11-21T15:14:18+05:30
pay_00000000003066,order_0000003066,1001.70,card,captured,2025-11-13T19:44:18+05:30
pay_00000000003067,order_0000003067,744.18,upi,captured,2025-11-25T06:01:04+05:30
pay_00000000003068,order_0000003068,1146.02,card,captured,2025-11-04T23:49:32+05:30
pay_00000000003069,order_0000003069,768.93,card,captured,2025-11-12T18:09:31+05:30
pay_00000000003070,order_0000003070,921.68,card,captured,2025-11-30T13:51:18+05:30
pay_00000000003071,order_0000003071,2845.32,wallet,captured,2025-11-23T07:29:13+05:30
pay_00000000003072,order_0000003072,597.00,card,captured,2025-11-26T13:41:29+05:30
pay_00000000003073,order_0000003073,114.00,upi,captured,2025-11-14T18:53:38+05:30
pay_00000000003074,order_0000003074,15827.67,wallet,captured,2025-11-07T19:53:58+05:30
pay_00000000003075,order_0000003075,512.00,card,captured,2025-11-20T11:09:30+05:30
pay_00000000003076,order_0000003076,726.27,wallet,captured,2025-11-10T19:17:35+05:30
pay_00000000003077,order_0000003077,2361.21,netbanking,captured,2025-11-21T23:31:59+05:30
pay_00000000003078,order_0000003078,1071.17,upi,captured,2025-11-22T17:00:38+05:30
pay_00000000003079,order_0000003079,1107.86,card,captured,2025-11-27T08:58:56+05:30
pay_00000000003080,order_0000003080,1326.37,upi,captured,2025-11-08T19:32:00+05:30
pay_00000000003081,order_0000003081,1349.00,card,captured,2025-11-24T17:33:32+05:30
pay_00000000003082,order_0000003082,1049.00,wallet,captured,2025-11-27T18:51:49+05:30
pay_00000000003083,order_0000003083,6524.14,card,captured,2025-11-02T20:28:50+05:30
pay_00000000003084,order_0000003084,1069.23,card,captured,2025-11-20T17:40:21+05:30
pay_00000000003085,order_0000003085,283.92,wallet,captured,2025-11-08T20:54:00+05:30
pay_00000000003086,order_0000003086,6146.00,card,captured,2025-11-03T17:59:51+05:30
pay_00000000003087,order_0000003087,833.00,wallet,captured,2025-11-03T23:30:56+05:30
pay_00000000003088,order_0000003088,201.99,upi,captured,2025-11-30T17:20:20+05:30
pay_00000000003089,order_0000003089,5442.00,card,captured,2025-11-29T21:42:17+05:30
pay_00000000003090,order_0000003090,911.00,upi,captured,2025-11-07T10:06:18+05:30
pay_00000000003091,order_0000003091,227.00,netbanking,failed,2025-11-10T09:47:33+05:30
pay_00000000003092,order_0000003092,498.09,upi,captured,2025-11-04T11:41:19+05:30
pay_00000000003093,order_0000003093,634.00,netbanking,captured,2025-11-19T15:32:24+05:30
pay_00000000003094,order_0000003094,244.43,upi,captured,2025-11-20T04:05:40+05:30
pay_00000000003095,order_0000003095,950.00,netbanking,captured,2025-11-23T15:08:54+05:30
pay_00000000003096,order_0000003096,111.83,netbanking,captured,2025-11-28T17:11:38+05:30
pay_00000000003097,order_0000003097,1715.99,netbanking,captured,2025-11-05T11:28:33+05:30
pay_00000000003098,order_0000003098,123.89,card,captured,2025-11-27T21:32:52+05:30
pay_00000000003099,order_0000003099,1000.00,upi,captured,2025-11-24T13:34:37+05:30
pay_00000000003100,order_0000003100,803.99,wallet,failed,2025-11-05T15:35:16+05:30
pay_00000000003101,order_0000003101,682.99,upi,captured,2025-11-08T00:29:03+05:30
pay_00000000003102,order_0000003102,196.98,upi,captured,2025-11-15T18:55:55+05:30
pay_00000000003103,order_0000003103,903.99,wallet,captured,2025-11-18T17:27:55+05:30
pay_00000000003104,order_0000003104,442.00,card,captured,2025-11-30T22:23:39+05:30
pay_00000000003105,order_0000003105,1200.65,netbanking,captured,2025-11-30T20:39:08+05:30
pay_00000000003106,order_0000003106,10472.50,upi,captured,2025-11-14T19:51:26+05:30
pay_00000000003107,order_0000003107,707.83,upi,captured,2025-11-08T23:28:12+05:30
pay_00000000003108,order_0000003108,1063.82,upi,captured,2025-11-14T23:40:31+05:30
pay_00000000003109,order_0000003109,924.00,netbanking,captured,2025-11-30T07:12:05+05:30
pay_00000000003110,order_0000003110,145.99,upi,captured,2025-11-30T19:44:46+05:30
pay_00000000003111,order_0000003111,231.00,wallet,captured,2025-11-09T13:44:44+05:30
pay_00000000003112,order_0000003112,259.00,card,captured,2025-11-09T15:44:23+05:30
pay_00000000003113,order_0000003113,957.21,netbanking,captured,2025-11-04T15:55:01+05:30
pay_00000000003114,order_0000003114,1528.00,upi,captured,2025-11-20T15:41:25+05:30
pay_00000000003115,order_0000003115,129.99,card,failed,2025-11-28T16:54:13+05:30
pay_00000000003116,order_0000003116,2265.88,upi,captured,2025-11-22T23:22:25+05:30
pay_00000000003117,order_0000003117,937.99,upi,captured,2025-11-05T01:07:42+05:30
pay_00000000003118,order_0000003118,2818.99,card,captured,2025-11-13T10:29:29+05:30
pay_00000000003119,order_0000003119,12911.99,netbanking,captured,2025-11-13T05:07:12+05:30
pay_00000000003120,order_0000003120,152.69,upi,captured,2025-11-28T08:34:46+05:30
pay_00000000003121,order_0000003121,15142.00,upi,captured,2025-11-01T15:46:03+05:30
pay_00000000003122,order_0000003122,954.35,upi,captured,2025-11-25T22:55:27+05:30
pay_00000000003123,order_0000003123,2989.12,upi,captured,2025-11-13T18:04:00+05:30
pay_00000000003124,order_0000003124,3353.00,upi,captured,2025-11-20T11:58:37+05:30
pay_00000000003125,order_0000003125,823.00,upi,captured,2025-11-02T18:38:56+05:30
pay_00000000003126,order_0000003126,233.92,card,captured,2025-11-21T19:38:21+05:30
pay_00000000003127,order_0000003127,1063.57,wallet,captured,2025-11-25T16:39:50+05:30
pay_00000000003128,order_0000003128,516.01,upi,captured,2025-11-08T23:53:00+05:30
pay_00000000003129,order_0000003129,445.57,netbanking,captured,2025-11-02T23:59:08+05:30
pay_00000000003130,order_0000003130,512.00,card,captured,2025-11-21T22:26:18+05:30
pay_00000000003131,order_0000003131,434.76,upi,captured,2025-11-22T09:27:07+05:30
pay_00000000003132,order_0000003132,886.94,upi,captured,2025-11-04T20:06:44+05:30
pay_00000000003133,order_0000003133,2704.99,wallet,captured,2025-11-25T02:48:52+05:30
pay_00000000003134,order_0000003134,3050.00,upi,captured,2025-11-13T19:36:11+05:30
pay_00000000003135,order_0000003135,2990.00,upi,captured,2025-11-10T21:33:28+05:30
pay_00000000003136,order_0000003136,444.00,upi,captured,2025-11-19T17:34:36+05:30
pay_00000000003137,order_0000003137,783.17,netbanking,captured,2025-11-05T17:15:51+05:30
pay_00000000003138,order_0000003138,640.06,wallet,captured,2025-11-16T07:41:51+05:30
pay_00000000003139,order_0000003139,2898.39,upi,captured,2025-11-10T10:51:56+05:30
pay_00000000003140,order_0000003140,1487.10,card,captured,2025-11-02T22:21:02+05:30
pay_00000000003141,order_0000003141,304.99,card,captured,2025-11-17T21:53:57+05:30
pay_00000000003142,order_0000003142,1057.00,card,captured,2025-11-18T15:16:50+05:30
pay_00000000003143,order_0000003143,878.99,upi,captured,2025-11-03T07:59:09+05:30
pay_00000000003144,order_0000003144,1102.21,card,captured,2025-11-17T04:18:31+05:30
pay_00000000003145,order_0000003145,272.00,upi,captured,2025-11-01T15:15:45+05:30
pay_00000000003146,order_0000003146,162.50,card,captured,2025-11-24T13:15:28+05:30
pay_00000000003147,order_0000003147,434.36,card,captured,2025-11-10T08:09:15+05:30
pay_00000000003148,order_0000003148,383.99,upi,captured,2025-11-22T15:41:42+05:30
pay_00000000003149,order_0000003149,1562.54,netbanking,captured,2025-11-08T15:10:31+05:30
pay_00000000003150,order_0000003150,271.00,netbanking,captured,2025-11-13T15:10:14+05:30
pay_00000000003151,order_0000003151,236.00,netbanking,captured,2025-11-28T09:16:16+05:30
pay_00000000003152,order_0000003152,2826.35,card,captured,2025-11-14T13:41:36+05:30
pay_00000000003153,order_0000003153,327.00,card,captured,2025-11-16T14:12:41+05:30
pay_00000000003154,order_0000003154,10613.37,netbanking,captured,2025-11-12T23:24:56+05:30
pay_00000000003155,order_0000003155,300.20,upi,captured,2025-11-01T21:39:31+05:30
pay_00000000003156,order_0000003156,2777.08,card,captured,2025-11-01T10:29:50+05:30
pay_00000000003157,order_0000003157,2826.99,upi,captured,2025-11-21T16:51:16+05:30
pay_00000000003158,order_0000003158,218.00,upi,captured,2025-11-12T04:54:08+05:30
pay_00000000003159,order_0000003159,707.73,upi,captured,2025-11-21T00:23:14+05:30
pay_00000000003160,order_0000003160,926.48,upi,captured,2025-11-21T10:51:16+05:30
pay_00000000003161,order_0000003161,8838.70,wallet,captured,2025-11-05T00:16:38+05:30
pay_00000000003162,order_0000003162,759.06,wallet,captured,2025-11-14T05:11:16+05:30
pay_00000000003163,order_0000003163,142.99,card,captured,2025-11-05T11:40:16+05:30
pay_00000000003164,order_0000003164,797.00,card,captured,2025-11-16T18:55:19+05:30
pay_00000000003165,order_0000003165,969.34,netbanking,captured,2025-11-07T14:37:17+05:30
pay_00000000003166,order_0000003166,179.18,upi,captured,2025-11-26T16:37:56+05:30
pay_00000000003167,order_0000003167,686.10,card,captured,2025-11-02T15:21:51+05:30
pay_00000000003168,order_0000003168,961.99,card,captured,2025-11-01T01:23:20+05:30
pay_00000000003169,order_0000003169,2651.71,upi,captured,2025-11-18T16:08:41+05:30
pay_00000000003170,order_0000003170,547.95,netbanking,captured,2025-11-21T07:18:36+05:30
pay_00000000003171,order_0000003171,789.00,upi,captured,2025-11-01T14:53:28+05:30
pay_00000000003172,order_0000003172,401.00,card,captured,2025-11-08T19:59:59+05:30
pay_00000000003173,order_0000003173,738.57,card,captured,2025-11-07T23:01:50+05:30
pay_00000000003174,order_0000003174,646.59,upi,captured,2025-11-28T17:27:25+05:30
pay_00000000003175,order_0000003175,429.00,card,captured,2025-11-06T02:22:39+05:30
pay_00000000003176,order_0000003176,1323.00,card,captured,2025-11-25T16:15:38+05:30
pay_00000000003177,order_0000003177,490.03,upi,captured,2025-11-06T17:17:26+05:30
pay_00000000003178,order_0000003178,997.00,card,captured,2025-11-20T13:14:15+05:30
pay_00000000003179,order_0000003179,351.78,upi,captured,2025-11-28T08:47:00+05:30
pay_00000000003180,order_0000003180,990.99,upi,captured,2025-11-13T09:52:27+05:30
pay_00000000003181,order_0000003181,944.73,upi,captured,2025-11-18T08:01:07+05:30
pay_00000000003182,order_0000003182,506.71,upi,captured,2025-11-29T19:00:23+05:30
pay_00000000003183,order_0000003183,831.00,upi,captured,2025-11-16T00:24:06+05:30
pay_00000000003184,order_0000003184,954.99,upi,captured,2025-11-28T17:18:08+05:30
pay_00000000003185,order_0000003185,2636.19,upi,captured,2025-11-27T05:43:09+05:30
pay_00000000003186,order_0000003186,746.04,upi,captured,2025-11-26T23:38:30+05:30
pay_00000000003187,order_0000003187,284.27,netbanking,captured,2025-11-13T18:17:39+05:30
pay_00000000003188,order_0000003188,286.00,card,captured,2025-11-24T15:26:19+05:30
pay_00000000003189,order_0000003189,625.99,wallet,captured,2025-11-09T17:59:19+05:30
pay_00000000003190,order_0000003190,741.00,upi,captured,2025-11-09T16:58:45+05:30
pay_00000000003191,order_0000003191,3323.88,upi,captured,2025-11-28T22:20:15+05:30
pay_00000000003192,order_0000003192,13080.00,card,captured,2025-11-22T16:40:21+05:30
pay_00000000003193,order_0000003193,522.99,upi,captured,2025-11-26T06:40:42+05:30
pay_00000000003194,order_0000003194,554.99,upi,captured,2025-11-08T16:43:08+05:30
pay_00000000003195,order_0000003195,2227.98,upi,captured,2025-11-15T17:37:17+05:30
pay_00000000003196,order_0000003196,915.97,upi,captured,2025-11-05T16:24:16+05:30
pay_00000000003197,order_0000003197,410.99,wallet,captured,2025-11-14T09:52:28+05:30
pay_00000000003198,order_0000003198,16627.39,netbanking,captured,2025-11-18T15:58:50+05:30
pay_00000000003199,order_0000003199,3660.00,wallet,captured,2025-11-15T15:12:12+05:30
pay_00000000003200,order_0000003200,644.00,card,captured,2025-11-05T11:09:07+05:30
pay_00000000003201,order_0000003201,1015.00,upi,captured,2025-11-22T03:23:53+05:30
pay_00000000003202,order_0000003202,222.56,card,captured,2025-11-27T20:48:27+05:30
pay_00000000003203,order_0000003203,792.00,card,captured,2025-11-22T06:59:39+05:30
pay_00000000003204,order_0000003204,579.09,upi,captured,2025-11-11T21:03:46+05:30
pay_00000000003205,order_0000003205,1445.16,netbanking,captured,2025-11-10T06:01:35+05:30
pay_00000000003206,order_0000003206,342.23,wallet,captured,2025-11-06T23:30:29+05:30
pay_00000000003207,order_0000003207,684.00,upi,captured,2025-11-12T08:29:44+05:30
pay_00000000003208,order_0000003208,3481.00,upi,captured,2025-11-17T19:27:26+05:30
pay_00000000003209,order_0000003209,107.99,card,captured,2025-11-14T22:59:28+05:30
pay_00000000003210,order_0000003210,818.60,wallet,captured,2025-11-25T17:11:15+05:30
pay_00000000003211,order_0000003211,410.69,card,captured,2025-11-05T16:13:12+05:30
pay_00000000003212,order_0000003212,460.95,upi,captured,2025-11-02T16:46:02+05:30
pay_00000000003213,order_0000003213,856.31,card,captured,2025-11-17T20:51:25+05:30
pay_00000000003214,order_0000003214,1027.29,card,captured,2025-11-23T20:13:55+05:30
pay_00000000003215,order_0000003215,131.00,upi,captured,2025-11-23T21:23:14+05:30
pay_00000000003216,order_0000003216,526.00,upi,captured,2025-11-28T20:04:50+05:30
pay_00000000003217,order_0000003217,3266.62,upi,captured,2025-11-06T21:47:43+05:30
pay_00000000003218,order_0000003218,278.69,upi,captured,2025-11-12T11:38:45+05:30
pay_00000000003219,order_0000003219,1068.00,upi,captured,2025-11-26T14:33:05+05:30
pay_00000000003220,order_0000003220,3144.44,netbanking,captured,2025-11-28T06:54:04+05:30
pay_00000000003221,order_0000003221,429.19,upi,failed,2025-11-01T21:21:28+05:30
pay_00000000003222,order_0000003222,1005.78,upi,captured,2025-11-02T18:49:30+05:30
pay_00000000003223,order_0000003223,728.99,upi,captured,2025-11-09T15:43:03+05:30
pay_00000000003224,order_0000003224,554.68,card,captured,2025-11-30T22:10:39+05:30
pay_00000000003225,order_0000003225,155.00,wallet,captured,2025-11-21T22:39:06+05:30
pay_00000000003226,order_0000003226,459.03,wallet,captured,2025-11-02T19:22:06+05:30
pay_00000000003227,order_0000003227,1076.00,upi,captured,2025-11-27T14:02:48+05:30
pay_00000000003228,order_0000003228,739.95,upi,captured,2025-11-07T16:59:10+05:30
pay_00000000003229,order_0000003229,785.93,card,captured,2025-11-05T05:14:42+05:30
pay_00000000003230,order_0000003230,407.00,wallet,failed,2025-11-20T14:31:04+05:30
pay_00000000003231,order_0000003231,1034.19,card,captured,2025-11-02T14:30:35+05:30
pay_00000000003232,order_0000003232,620.46,card,captured,2025-11-19T01:22:57+05:30
pay_00000000003233,order_0000003233,586.66,upi,captured,2025-11-14T14:25:02+05:30
pay_00000000003234,order_0000003234,222.95,upi,failed,2025-11-09T16:08:24+05:30
pay_00000000003235,order_0000003235,589.00,upi,captured,2025-11-12T21:34:13+05:30
pay_00000000003236,order_0000003236,794.39,upi,captured,2025-11-30T14:01:54+05:30
pay_00000000003237,order_0000003237,764.99,upi,captured,2025-11-01T18:00:22+05:30
pay_00000000003238,order_0000003238,926.52,card,captured,2025-11-20T12:35:10+05:30
pay_00000000003239,order_0000003239,3250.40,upi,captured,2025-11-08T12:25:56+05:30
pay_00000000003240,order_0000003240,2735.00,netbanking,captured,2025-11-14T18:25:22+05:30
pay_00000000003241,order_0000003241,99.00,netbanking,captured,2025-11-16T13:00:11+05:30
pay_00000000003242,order_0000003242,742.00,upi,captured,2025-11-21T22:09:48+05:30
pay_00000000003243,order_0000003243,501.21,card,captured,2025-11-23T00:56:22+05:30
pay_00000000003244,order_0000003244,3558.13,netbanking,captured,2025-11-06T13:09:34+05:30
pay_00000000003245,order_0000003245,398.66,wallet,captured,2025-11-12T18:13:08+05:30
pay_00000000003246,order_0000003246,486.00,card,captured,2025-11-29T22:01:40+05:30
pay_00000000003247,order_0000003247,2470.82,upi,captured,2025-11-09T12:07:09+05:30
pay_00000000003248,order_0000003248,889.00,wallet,captured,2025-11-14T14:54:57+05:30
pay_00000000003249,order_0000003249,478.99,netbanking,captured,2025-11-07T09:17:53+05:30
pay_00000000003250,order_0000003250,1275.00,card,captured,2025-11-01T23:20:11+05:30
pay_00000000003251,order_0000003251,982.40,card,captured,2025-11-26T13:56:56+05:30
pay_00000000003252,order_0000003252,200.62,card,captured,2025-11-08T16:00:00+05:30
pay_00000000003253,order_0000003253,2010.63,card,captured,2025-11-19T23:39:01+05:30
pay_00000000003254,order_0000003254,790.24,upi,captured,2025-11-09T17:29:48+05:30
pay_00000000003255,order_0000003255,318.99,wallet,captured,2025-11-22T21:20:17+05:30
pay_00000000003256,order_0000003256,791.25,upi,captured,2025-11-12T21:52:16+05:30
pay_00000000003257,order_0000003257,151.75,upi,captured,2025-11-14T00:28:05+05:30
pay_00000000003258,order_0000003258,9000.00,card,captured,2025-11-14T01:19:57+05:30
pay_00000000003259,order_0000003259,334.17,card,captured,2025-11-06T18:37:47+05:30
pay_00000000003260,order_0000003260,13345.04,netbanking,failed,2025-11-25T19:15:14+05:30
pay_00000000003261,order_0000003261,2159.00,upi,captured,2025-11-19T15:17:45+05:30
pay_00000000003262,order_0000003262,1251.99,upi,captured,2025-11-23T21:48:28+05:30
pay_00000000003263,order_0000003263,3217.87,netbanking,captured,2025-11-03T11:07:11+05:30
pay_00000000003264,order_0000003264,350.56,upi,captured,2025-11-21T22:44:22+05:30
pay_00000000003265,order_0000003265,904.00,upi,captured,2025-11-16T09:06:53+05:30
pay_00000000003266,order_0000003266,633.99,wallet,captured,2025-11-16T15:52:11+05:30
pay_00000000003267,order_0000003267,260.00,netbanking,captured,2025-11-29T19:14:43+05:30
pay_00000000003268,order_0000003268,857.12,upi,captured,2025-11-11T13:19:04+05:30
pay_00000000003269,order_0000003269,349.15,card,captured,2025-11-24T19:13:47+05:30
pay_00000000003270,order_0000003270,388.00,upi,captured,2025-11-20T21:13:54+05:30
pay_00000000003271,order_0000003271,784.78,upi,captured,2025-11-21T09:56:03+05:30
pay_00000000003272,order_0000003272,303.99,netbanking,captured,2025-11-21T18:07:09+05:30
pay_00000000003273,order_0000003273,925.48,upi,captured,2025-11-01T09:48:46+05:30
pay_00000000003274,order_0000003274,220.28,upi,captured,2025-11-10T09:50:08+05:30
pay_00000000003275,order_0000003275,418.00,upi,captured,2025-11-14T21:47:15+05:30
pay_00000000003276,order_0000003276,429.99,upi,captured,2025-11-14T08:44:49+05:30
pay_00000000003277,order_0000003277,1133.00,upi,captured,2025-11-03T05:06:18+05:30
pay_00000000003278,order_0000003278,718.40,netbanking,captured,2025-11-01T16:51:23+05:30
pay_00000000003279,order_0000003279,7490.00,netbanking,captured,2025-11-01T14:37:05+05:30
pay_00000000003280,order_0000003280,6053.50,wallet,captured,2025-11-18T04:35:18+05:30
pay_00000000003281,order_0000003281,525.88,netbanking,captured,2025-11-23T12:00:28+05:30
pay_00000000003282,order_0000003282,14510.00,upi,captured,2025-11-16T11:37:33+05:30
pay_00000000003283,order_0000003283,179.18,upi,captured,2025-11-11T14:10:13+05:30
pay_00000000003284,order_0000003284,516.00,upi,captured,2025-11-12T16:09:49+05:30
pay_00000000003285,order_0000003285,831.69,upi,captured,2025-11-08T12:39:17+05:30
pay_00000000003286,order_0000003286,3259.00,card,captured,2025-11-30T20:01:13+05:30
pay_00000000003287,order_0000003287,445.16,upi,captured,2025-11-11T14:25:36+05:30
pay_00000000003288,order_0000003288,115.33,upi,captured,2025-11-23T11:09:30+05:30
pay_00000000003289,order_0000003289,837.52,card,captured,2025-11-10T20:46:11+05:30
pay_00000000003290,order_0000003290,1047.14,netbanking,captured,2025-11-04T20:37:44+05:30
pay_00000000003291,order_0000003291,895.51,upi,captured,2025-11-28T06:12:32+05:30
pay_00000000003292,order_0000003292,660.99,upi,captured,2025-11-16T08:17:14+05:30
pay_00000000003293,order_0000003293,861.34,upi,captured,2025-11-29T16:57:02+05:30
pay_00000000003294,order_0000003294,246.99,card,captured,2025-11-20T15:58:48+05:30
pay_00000000003295,order_0000003295,849.00,upi,captured,2025-11-04T22:15:29+05:30
pay_00000000003296,order_0000003296,860.00,wallet,captured,2025-11-10T06:47:55+05:30
pay_00000000003297,order_0000003297,595.83,wallet,captured,2025-11-29T23:00:46+05:30
pay_00000000003298,order_0000003298,284.49,upi,captured,2025-11-28T10:35:56+05:30
pay_00000000003299,order_0000003299,673.58,card,captured,2025-11-01T02:43:35+05:30
pay_00000000003300,order_0000003300,315.64,netbanking,captured,2025-11-28T05:56:10+05:30
pay_00000000003301,order_0000003301,409.91,upi,captured,2025-11-30T09:31:05+05:30
pay_00000000003302,order_0000003302,331.56,card,captured,2025-11-06T23:06:17+05:30
pay_00000000003303,order_0000003303,1859.00,card,captured,2025-11-12T11:51:36+05:30
pay_00000000003304,order_0000003304,1074.00,card,captured,2025-11-07T17:46:54+05:30
pay_00000000003305,order_0000003305,956.45,upi,captured,2025-11-12T08:16:13+05:30
pay_00000000003306,order_0000003306,499.68,netbanking,captured,2025-11-16T23:04:08+05:30
pay_00000000003307,order_0000003307,835.34,netbanking,captured,2025-11-28T20:48:47+05:30
pay_00000000003308,order_0000003308,3523.00,netbanking,captured,2025-11-05T20:49:43+05:30
pay_00000000003309,order_0000003309,3065.00,netbanking,captured,2025-11-10T11:42:58+05:30
pay_00000000003310,order_0000003310,17246.00,upi,captured,2025-11-24T07:44:12+05:30
pay_00000000003311,order_0000003311,744.76,upi,captured,2025-11-05T20:04:02+05:30
pay_00000000003312,order_0000003312,1007.00,upi,captured,2025-11-30T23:47:09+05:30
pay_00000000003313,order_0000003313,629.71,upi,captured,2025-11-27T09:34:11+05:30
pay_00000000003314,order_0000003314,575.00,wallet,captured,2025-11-23T20:55:18+05:30
pay_00000000003315,order_0000003315,897.63,card,captured,2025-11-12T16:54:25+05:30
pay_00000000003316,order_0000003316,793.99,upi,captured,2025-11-22T19:53:23+05:30
pay_00000000003317,order_0000003317,165.00,netbanking,captured,2025-11-02T12:23:51+05:30
pay_00000000003318,order_0000003318,182.00,upi,captured,2025-11-19T22:13:42+05:30
pay_00000000003319,order_0000003319,278.00,upi,captured,2025-11-06T12:50:28+05:30
pay_00000000003320,order_0000003320,132.66,card,captured,2025-11-25T15:54:17+05:30
pay_00000000003321,order_0000003321,1202.00,card,captured,2025-11-08T08:34:47+05:30
pay_00000000003322,order_0000003322,280.11,card,captured,2025-11-22T17:32:47+05:30
pay_00000000003323,order_0000003323,209.99,netbanking,captured,2025-11-29T20:20:01+05:30
pay_00000000003324,order_0000003324,562.77,upi,captured,2025-11-26T06:34:41+05:30
pay_00000000003325,order_0000003325,159.99,upi,captured,2025-11-13T04:00:47+05:30
pay_00000000003326,order_0000003326,658.44,upi,captured,2025-11-23T03:14:13+05:30
pay_00000000003327,order_0000003327,844.99,upi,captured,2025-11-02T21:54:12+05:30
pay_00000000003328,order_0000003328,551.26,card,captured,2025-11-04T11:38:30+05:30
pay_00000000003329,order_0000003329,3132.66,netbanking,captured,2025-11-22T19:03:48+05:30
pay_00000000003330,order_0000003330,848.00,upi,captured,2025-11-28T23:51:42+05:30
pay_00000000003331,order_0000003331,236.00,upi,captured,2025-11-27T10:27:09+05:30
pay_00000000003332,order_0000003332,823.00,upi,captured,2025-11-24T18:17:36+05:30
pay_00000000003333,order_0000003333,6001.00,upi,captured,2025-11-12T08:32:35+05:30
pay_00000000003334,order_0000003334,1035.31,card,captured,2025-11-09T18:09:45+05:30
pay_00000000003335,order_0000003335,820.45,card,captured,2025-11-11T21:09:38+05:30
pay_00000000003336,order_0000003336,570.30,card,captured,2025-11-14T19:33:50+05:30
pay_00000000003337,order_0000003337,460.00,card,failed,2025-11-03T14:07:23+05:30
pay_00000000003338,order_0000003338,835.99,upi,captured,2025-11-28T01:18:03+05:30
pay_00000000003339,order_0000003339,375.99,upi,captured,2025-11-25T22:59:33+05:30
pay_00000000003340,order_0000003340,965.20,card,captured,2025-11-15T21:44:46+05:30
pay_00000000003341,order_0000003341,862.24,upi,captured,2025-11-17T20:19:46+05:30
pay_00000000003342,order_0000003342,871.68,upi,captured,2025-11-03T19:38:38+05:30
pay_00000000003343,order_0000003343,713.79,card,captured,2025-11-18T19:55:27+05:30
pay_00000000003344,order_0000003344,305.11,card,failed,2025-11-01T13:04:54+05:30
pay_00000000003345,order_0000003345,1055.88,card,captured,2025-11-15T13:46:48+05:30
pay_00000000003346,order_0000003346,123.99,upi,captured,2025-11-13T21:44:20+05:30
pay_00000000003347,order_0000003347,556.67,wallet,failed,2025-11-12T18:06:54+05:30
pay_00000000003348,order_0000003348,302.00,upi,captured,2025-11-07T22:04:06+05:30
pay_00000000003349,order_0000003349,3494.12,wallet,captured,2025-11-22T01:09:46+05:30
pay_00000000003350,order_0000003350,1056.00,upi,captured,2025-11-09T15:10:24+05:30
pay_00000000003351,order_0000003351,528.57,wallet,failed,2025-11-11T22:46:49+05:30
pay_00000000003352,order_0000003352,974.12,wallet,captured,2025-11-02T14:53:31+05:30
pay_00000000003353,order_0000003353,3570.08,card,captured,2025-11-12T05:19:19+05:30
pay_00000000003354,order_0000003354,936.10,card,captured,2025-11-14T06:28:13+05:30
pay_00000000003355,order_0000003355,242.74,upi,captured,2025-11-12T10:16:09+05:30
pay_00000000003356,order_0000003356,733.77,upi,captured,2025-11-20T23:26:53+05:30
pay_00000000003357,order_0000003357,13451.99,card,failed,2025-11-04T12:56:29+05:30
pay_00000000003358,order_0000003358,331.99,wallet,captured,2025-11-30T13:37:55+05:30
pay_00000000003359,order_0000003359,2794.14,upi,captured,2025-11-24T22:57:14+05:30
pay_00000000003360,order_0000003360,679.00,card,captured,2025-11-11T17:41:34+05:30
pay_00000000003361,order_0000003361,168.00,upi,captured,2025-11-28T15:02:11+05:30
pay_00000000003362,order_0000003362,909.29,upi,captured,2025-11-15T17:54:17+05:30
pay_00000000003363,order_0000003363,859.09,upi,captured,2025-11-28T07:35:15+05:30
pay_00000000003364,order_0000003364,593.75,card,captured,2025-11-26T00:59:16+05:30
pay_00000000003365,order_0000003365,2685.00,upi,captured,2025-11-20T21:00:15+05:30
pay_00000000003366,order_0000003366,515.43,upi,captured,2025-11-13T23:08:33+05:30
pay_00000000003367,order_0000003367,598.98,card,captured,2025-11-10T22:25:45+05:30
pay_00000000003368,order_0000003368,1411.34,upi,captured,2025-11-12T12:03:37+05:30
pay_00000000003369,order_0000003369,168.00,card,captured,2025-11-17T10:15:22+05:30
pay_00000000003370,order_0000003370,178.68,card,captured,2025-11-17T22:20:43+05:30
pay_00000000003371,order_0000003371,267.12,card,captured,2025-11-29T11:59:51+05:30
pay_00000000003372,order_0000003372,507.10,upi,captured,2025-11-12T12:39:06+05:30
pay_00000000003373,order_0000003373,388.00,netbanking,captured,2025-11-13T13:10:31+05:30
pay_00000000003374,order_0000003374,1451.32,card,captured,2025-11-14T22:23:43+05:30
pay_00000000003375,order_0000003375,946.17,card,captured,2025-11-21T18:51:16+05:30
pay_00000000003376,order_0000003376,161.39,upi,captured,2025-11-15T21:36:24+05:30
pay_00000000003377,order_0000003377,934.20,upi,captured,2025-11-17T15:50:57+05:30
pay_00000000003378,order_0000003378,1007.00,card,captured,2025-11-28T08:30:14+05:30
pay_00000000003379,order_0000003379,801.17,upi,captured,2025-11-23T13:31:26+05:30
pay_00000000003380,order_0000003380,366.00,upi,captured,2025-11-14T22:23:28+05:30
pay_00000000003381,order_0000003381,3020.05,upi,captured,2025-11-15T16:09:03+05:30
pay_00000000003382,order_0000003382,572.99,upi,captured,2025-11-07T16:41:12+05:30
pay_00000000003383,order_0000003383,769.23,wallet,captured,2025-11-19T18:53:30+05:30
pay_00000000003384,order_0000003384,454.00,netbanking,captured,2025-11-19T12:24:19+05:30
pay_00000000003385,order_0000003385,1700.70,card,captured,2025-11-05T18:11:32+05:30
pay_00000000003386,order_0000003386,304.00,card,captured,2025-11-20T16:16:45+05:30
pay_00000000003387,order_0000003387,1492.33,card,captured,2025-11-16T12:10:08+05:30
pay_00000000003388,order_0000003388,477.00,upi,captured,2025-11-27T04:40:54+05:30
pay_00000000003389,order_0000003389,276.55,netbanking,captured,2025-11-09T08:41:07+05:30
pay_00000000003390,order_0000003390,301.00,card,captured,2025-11-28T11:51:51+05:30
pay_00000000003391,order_0000003391,13615.99,card,captured,2025-11-12T21:53:30+05:30
pay_00000000003392,order_0000003392,624.57,upi,captured,2025-11-05T17:31:13+05:30
pay_00000000003393,order_0000003393,672.00,card,captured,2025-11-24T20:22:48+05:30
pay_00000000003394,order_0000003394,804.00,wallet,captured,2025-11-27T23:51:13+05:30
pay_00000000003395,order_0000003395,542.27,wallet,captured,2025-11-12T08:02:59+05:30
pay_00000000003396,order_0000003396,876.26,wallet,captured,2025-11-11T23:06:11+05:30
pay_00000000003397,order_0000003397,374.85,upi,captured,2025-11-11T19:05:13+05:30
pay_00000000003398,order_0000003398,319.99,card,captured,2025-11-14T17:43:19+05:30
pay_00000000003399,order_0000003399,871.99,upi,captured,2025-11-05T03:44:24+05:30
pay_00000000003400,order_0000003400,435.00,upi,captured,2025-11-27T08:00:50+05:30
pay_00000000003401,order_0000003401,229.00,card,captured,2025-11-28T14:17:55+05:30
pay_00000000003402,order_0000003402,1473.28,upi,captured,2025-11-11T16:12:51+05:30
pay_00000000003403,order_0000003403,702.38,upi,captured,2025-11-27T21:05:04+05:30
pay_00000000003404,order_0000003404,775.99,upi,captured,2025-11-21T16:06:55+05:30
pay_00000000003405,order_0000003405,763.00,card,captured,2025-11-10T17:46:18+05:30
pay_00000000003406,order_0000003406,230.99,wallet,captured,2025-11-17T08:22:04+05:30
pay_00000000003407,order_0000003407,703.00,upi,captured,2025-11-18T20:43:52+05:30
pay_00000000003408,order_0000003408,898.99,wallet,captured,2025-11-21T22:22:57+05:30
pay_00000000003409,order_0000003409,195.00,netbanking,captured,2025-11-25T07:22:52+05:30
pay_00000000003410,order_0000003410,434.62,upi,captured,2025-11-01T23:03:29+05:30
pay_00000000003411,order_0000003411,348.13,card,captured,2025-11-18T18:28:23+05:30
pay_00000000003412,order_0000003412,909.00,card,captured,2025-11-10T08:47:08+05:30
pay_00000000003413,order_0000003413,215.00,upi,failed,2025-11-23T18:03:15+05:30
pay_00000000003414,order_0000003414,839.00,upi,captured,2025-11-30T08:29:32+05:30
pay_00000000003415,order_0000003415,1421.63,upi,captured,2025-11-23T09:00:00+05:30
pay_00000000003416,order_0000003416,705.99,upi,captured,2025-11-16T23:24:24+05:30
pay_00000000003417,order_0000003417,715.00,upi,captured,2025-11-16T07:03:09+05:30
pay_00000000003418,order_0000003418,756.52,card,captured,2025-11-18T22:50:56+05:30
pay_00000000003419,order_0000003419,818.00,card,captured,2025-11-12T07:40:45+05:30
pay_00000000003420,order_0000003420,722.99,card,captured,2025-11-30T08:38:42+05:30
pay_00000000003421,order_0000003421,833.68,wallet,captured,2025-11-23T17:27:28+05:30
pay_00000000003422,order_0000003422,1284.32,upi,captured,2025-11-08T22:30:41+05:30
pay_00000000003423,order_0000003423,529.88,wallet,captured,2025-11-09T20:18:31+05:30
pay_00000000003424,order_0000003424,3126.78,upi,captured,2025-11-24T13:01:17+05:30
pay_00000000003425,order_0000003425,1035.18,netbanking,captured,2025-11-19T08:40:45+05:30
pay_00000000003426,order_0000003426,164.00,upi,captured,2025-11-07T22:49:04+05:30
pay_00000000003427,order_0000003427,3351.57,upi,failed,2025-11-14T16:45:26+05:30
pay_00000000003428,order_0000003428,388.00,card,captured,2025-11-25T20:44:18+05:30
pay_00000000003429,order_0000003429,1050.00,card,captured,2025-11-12T16:16:10+05:30
pay_00000000003430,order_0000003430,487.99,upi,captured,2025-11-11T13:56:39+05:30
pay_00000000003431,order_0000003431,989.95,upi,captured,2025-11-21T23:01:37+05:30
pay_00000000003432,order_0000003432,3098.23,card,captured,2025-11-19T09:20:05+05:30
pay_00000000003433,order_0000003433,383.12,upi,failed,2025-11-19T17:23:33+05:30
pay_00000000003434,order_0000003434,2768.00,upi,captured,2025-11-13T22:37:55+05:30
pay_00000000003435,order_0000003435,9377.18,card,captured,2025-11-08T14:26:59+05:30
pay_00000000003436,order_0000003436,1547.00,upi,captured,2025-11-28T15:49:48+05:30
pay_00000000003437,order_0000003437,3210.00,upi,captured,2025-11-09T09:06:51+05:30
pay_00000000003438,order_0000003438,1387.00,card,captured,2025-11-26T14:11:52+05:30
pay_00000000003439,order_0000003439,724.09,upi,captured,2025-11-05T23:53:15+05:30
pay_00000000003440,order_0000003440,3380.00,wallet,captured,2025-11-26T18:14:22+05:30
pay_00000000003441,order_0000003441,1065.49,upi,captured,2025-11-13T09:40:31+05:30
pay_00000000003442,order_0000003442,782.00,upi,captured,2025-11-26T21:57:15+05:30
pay_00000000003443,order_0000003443,285.76,card,captured,2025-11-26T23:09:51+05:30
pay_00000000003444,order_0000003444,3434.00,upi,captured,2025-11-15T17:29:57+05:30
pay_00000000003445,order_0000003445,3020.00,card,captured,2025-11-11T12:42:11+05:30
pay_00000000003446,order_0000003446,430.00,upi,captured,2025-11-26T20:01:01+05:30
pay_00000000003447,order_0000003447,714.00,upi,captured,2025-11-13T14:54:50+05:30
pay_00000000003448,order_0000003448,116.20,upi,captured,2025-11-10T13:58:25+05:30
pay_00000000003449,order_0000003449,630.00,upi,captured,2025-11-20T12:11:36+05:30
pay_00000000003450,order_0000003450,356.00,wallet,captured,2025-11-16T08:55:30+05:30
pay_00000000003451,order_0000003451,354.55,netbanking,captured,2025-11-21T18:30:57+05:30
pay_00000000003452,order_0000003452,601.73,upi,captured,2025-11-19T07:30:20+05:30
pay_00000000003453,order_0000003453,376.99,upi,captured,2025-11-25T07:30:29+05:30
pay_00000000003454,order_0000003454,483.06,upi,captured,2025-11-23T19:15:35+05:30
pay_00000000003455,order_0000003455,528.30,upi,captured,2025-11-19T01:57:15+05:30
pay_00000000003456,order_0000003456,434.99,card,captured,2025-11-02T22:36:08+05:30
pay_00000000003457,order_0000003457,955.08,upi,captured,2025-11-14T07:16:38+05:30
pay_00000000003458,order_0000003458,843.47,netbanking,captured,2025-11-27T22:47:04+05:30
pay_00000000003459,order_0000003459,351.28,upi,captured,2025-11-14T15:07:22+05:30
pay_00000000003460,order_0000003460,2586.30,upi,captured,2025-11-23T15:44:14+05:30
pay_00000000003461,order_0000003461,118.00,upi,captured,2025-11-24T23:23:16+05:30
pay_00000000003462,order_0000003462,951.95,card,captured,2025-11-14T20:00:34+05:30
pay_00000000003463,order_0000003463,832.74,card,captured,2025-11-11T07:32:12+05:30
pay_00000000003464,order_0000003464,9481.37,upi,captured,2025-11-23T17:41:08+05:30
pay_00000000003465,order_0000003465,135.77,upi,captured,2025-11-22T19:06:01+05:30
pay_00000000003466,order_0000003466,875.00,netbanking,captured,2025-11-30T16:03:33+05:30
pay_00000000003467,order_0000003467,15891.41,card,captured,2025-11-18T17:24:00+05:30
pay_00000000003468,order_0000003468,757.63,card,captured,2025-11-10T20:39:13+05:30
pay_00000000003469,order_0000003469,577.00,upi,captured,2025-11-06T16:16:03+05:30
pay_00000000003470,order_0000003470,926.87,netbanking,captured,2025-11-14T20:12:04+05:30
pay_00000000003471,order_0000003471,1057.68,netbanking,captured,2025-11-20T08:10:18+05:30
pay_00000000003472,order_0000003472,295.63,netbanking,captured,2025-11-27T21:43:19+05:30
pay_00000000003473,order_0000003473,267.99,upi,captured,2025-11-28T21:07:32+05:30
pay_00000000003474,order_0000003474,316.99,upi,captured,2025-11-27T10:44:12+05:30
pay_00000000003475,order_0000003475,875.50,card,captured,2025-11-25T22:58:47+05:30
pay_00000000003476,order_0000003476,1296.39,upi,captured,2025-11-05T11:09:17+05:30
pay_00000000003477,order_0000003477,819.00,upi,captured,2025-11-03T12:11:02+05:30
pay_00000000003478,order_0000003478,552.99,upi,captured,2025-11-13T09:13:26+05:30
pay_00000000003479,order_0000003479,821.00,upi,captured,2025-11-11T15:30:09+05:30
pay_00000000003480,order_0000003480,665.08,upi,captured,2025-11-18T04:48:11+05:30
pay_00000000003481,order_0000003481,727.99,upi,captured,2025-11-20T16:12:48+05:30
pay_00000000003482,order_0000003482,873.20,upi,captured,2025-11-14T00:37:26+05:30
pay_00000000003483,order_0000003483,428.92,upi,captured,2025-11-27T22:06:00+05:30
pay_00000000003484,order_0000003484,517.17,upi,captured,2025-11-28T10:13:53+05:30
pay_00000000003485,order_0000003485,1797.96,wallet,captured,2025-11-29T15:02:37+05:30
pay_00000000003486,order_0000003486,967.67,upi,captured,2025-11-06T15:37:02+05:30
pay_00000000003487,order_0000003487,851.00,netbanking,captured,2025-11-22T14:00:10+05:30
pay_00000000003488,order_0000003488,111.96,upi,captured,2025-11-04T15:55:33+05:30
pay_00000000003489,order_0000003489,949.81,netbanking,captured,2025-11-06T21:50:38+05:30
pay_00000000003490,order_0000003490,344.99,wallet,captured,2025-11-23T19:56:14+05:30
pay_00000000003491,order_0000003491,912.31,card,captured,2025-11-04T14:01:42+05:30
pay_00000000003492,order_0000003492,1053.86,upi,captured,2025-11-26T07:10:33+05:30
pay_00000000003493,order_0000003493,531.99,upi,captured,2025-11-23T13:59:55+05:30
pay_00000000003494,order_0000003494,770.25,upi,captured,2025-11-03T07:44:04+05:30
pay_00000000003495,order_0000003495,1285.73,upi,failed,2025-11-22T13:30:51+05:30
pay_00000000003496,order_0000003496,1345.31,upi,captured,2025-11-10T18:33:41+05:30
pay_00000000003497,order_0000003497,194.36,netbanking,captured,2025-11-30T11:06:18+05:30
pay_00000000003498,order_0000003498,704.99,upi,captured,2025-11-01T15:48:05+05:30
pay_00000000003499,order_0000003499,1949.10,card,captured,2025-11-12T14:05:34+05:30
pay_00000000003500,order_0000003500,854.13,netbanking,captured,2025-11-30T14:37:13+05:30
pay_00000000003501,order_0000003501,3295.35,upi,captured,2025-11-03T19:56:12+05:30
pay_00000000003502,order_0000003502,565.00,wallet,captured,2025-11-19T00:39:59+05:30
pay_00000000003503,order_0000003503,453.00,upi,captured,2025-11-30T13:21:56+05:30
pay_00000000003504,order_0000003504,810.49,upi,captured,2025-11-08T04:50:22+05:30
pay_00000000003505,order_0000003505,896.98,wallet,captured,2025-11-23T04:27:03+05:30
pay_00000000003506,order_0000003506,527.00,upi,captured,2025-11-15T21:21:10+05:30
pay_00000000003507,order_0000003507,947.92,card,captured,2025-11-24T23:44:19+05:30
pay_00000000003508,order_0000003508,880.36,upi,captured,2025-11-04T23:17:25+05:30
pay_00000000003509,order_0000003509,886.46,upi,captured,2025-11-26T14:50:17+05:30
pay_00000000003510,order_0000003510,1482.71,netbanking,captured,2025-11-20T13:46:27+05:30
pay_00000000003511,order_0000003511,1034.49,card,captured,2025-11-15T18:16:05+05:30
pay_00000000003512,order_0000003512,659.90,upi,captured,2025-11-20T16:30:37+05:30
pay_00000000003513,order_0000003513,1001.95,upi,captured,2025-11-29T22:14:26+05:30
pay_00000000003514,order_0000003514,148.00,netbanking,captured,2025-11-23T17:19:25+05:30
pay_00000000003515,order_0000003515,857.14,upi,captured,2025-11-17T00:02:15+05:30
pay_00000000003516,order_0000003516,897.49,upi,captured,2025-11-01T09:03:23+05:30
pay_00000000003517,order_0000003517,507.88,upi,captured,2025-11-23T14:36:40+05:30
pay_00000000003518,order_0000003518,701.11,upi,captured,2025-11-08T08:34:03+05:30
pay_00000000003519,order_0000003519,235.00,upi,captured,2025-11-03T23:09:08+05:30
pay_00000000003520,order_0000003520,492.50,wallet,captured,2025-11-09T23:32:25+05:30
pay_00000000003521,order_0000003521,3527.99,card,captured,2025-11-05T15:37:43+05:30
pay_00000000003522,order_0000003522,450.41,card,captured,2025-11-29T22:41:05+05:30
pay_00000000003523,order_0000003523,696.22,upi,captured,2025-11-17T13:17:21+05:30
pay_00000000003524,order_0000003524,762.56,card,captured,2025-11-16T19:34:51+05:30
pay_00000000003525,order_0000003525,549.75,wallet,captured,2025-11-27T14:17:56+05:30
pay_00000000003526,order_0000003526,906.05,card,captured,2025-11-21T17:21:17+05:30
pay_00000000003527,order_0000003527,870.00,upi,captured,2025-11-02T15:37:32+05:30
pay_00000000003528,order_0000003528,851.00,upi,captured,2025-11-03T14:04:00+05:30
pay_00000000003529,order_0000003529,411.75,upi,captured,2025-11-08T22:12:51+05:30
pay_00000000003530,order_0000003530,932.46,upi,captured,2025-11-15T13:52:39+05:30
pay_00000000003531,order_0000003531,489.18,upi,captured,2025-11-05T20:02:13+05:30
pay_00000000003532,order_0000003532,478.00,card,captured,2025-11-18T14:08:20+05:30
pay_00000000003533,order_0000003533,3161.62,upi,captured,2025-11-22T20:14:38+05:30
pay_00000000003534,order_0000003534,1031.66,upi,captured,2025-11-17T10:39:01+05:30
pay_00000000003535,order_0000003535,885.37,wallet,failed,2025-11-26T12:08:53+05:30
pay_00000000003536,order_0000003536,147.00,card,captured,2025-11-24T16:41:57+05:30
pay_00000000003537,order_0000003537,2082.00,upi,captured,2025-11-01T23:58:57+05:30
pay_00000000003538,order_0000003538,712.63,upi,captured,2025-11-04T21:45:31+05:30
pay_00000000003539,order_0000003539,627.00,netbanking,captured,2025-11-12T19:39:11+05:30
pay_00000000003540,order_0000003540,234.99,wallet,captured,2025-11-17T05:50:55+05:30
pay_00000000003541,order_0000003541,567.00,card,captured,2025-11-03T03:58:11+05:30
pay_00000000003542,order_0000003542,1043.76,wallet,captured,2025-11-09T12:06:04+05:30
pay_00000000003543,order_0000003543,1069.63,card,captured,2025-11-13T18:14:04+05:30
pay_00000000003544,order_0000003544,812.52,upi,captured,2025-11-17T21:43:52+05:30
pay_00000000003545,order_0000003545,435.55,upi,failed,2025-11-03T21:11:03+05:30
pay_00000000003546,order_0000003546,1903.21,netbanking,captured,2025-11-23T22:32:16+05:30
pay_00000000003547,order_0000003547,1850.59,wallet,captured,2025-11-12T15:31:19+05:30
pay_00000000003548,order_0000003548,950.00,upi,captured,2025-11-04T16:58:51+05:30
pay_00000000003549,order_0000003549,1666.00,upi,captured,2025-11-21T14:48:07+05:30
pay_00000000003550,order_0000003550,159.99,upi,captured,2025-11-24T12:32:58+05:30
pay_00000000003551,order_0000003551,182.26,upi,captured,2025-11-19T11:23:24+05:30
pay_00000000003552,order_0000003552,728.00,upi,captured,2025-11-10T14:47:53+05:30
pay_00000000003553,order_0000003553,732.00,upi,captured,2025-11-05T20:14:29+05:30
pay_00000000003554,order_0000003554,606.23,netbanking,captured,2025-11-22T13:33:19+05:30
pay_00000000003555,order_0000003555,745.99,card,captured,2025-11-14T21:44:42+05:30
pay_00000000003556,order_0000003556,774.58,upi,captured,2025-11-01T20:12:15+05:30
pay_00000000003557,order_0000003557,408.99,netbanking,captured,2025-11-16T14:44:03+05:30
pay_00000000003558,order_0000003558,535.00,card,captured,2025-11-18T08:44:16+05:30
pay_00000000003559,order_0000003559,1049.99,wallet,captured,2025-11-04T16:45:19+05:30
pay_00000000003560,order_0000003560,489.00,upi,captured,2025-11-05T12:46:02+05:30
pay_00000000003561,order_0000003561,279.45,upi,captured,2025-11-24T16:32:38+05:30
pay_00000000003562,order_0000003562,302.00,upi,captured,2025-11-28T14:43:47+05:30
pay_00000000003563,order_0000003563,15309.28,upi,captured,2025-11-03T19:11:53+05:30
pay_00000000003564,order_0000003564,369.50,upi,captured,2025-11-11T09:12:47+05:30
pay_00000000003565,order_0000003565,2509.97,upi,captured,2025-11-09T16:04:55+05:30
pay_00000000003566,order_0000003566,2925.11,card,captured,2025-11-27T19:46:31+05:30
pay_00000000003567,order_0000003567,724.99,card,captured,2025-11-25T16:28:37+05:30
pay_00000000003568,order_0000003568,981.00,card,captured,2025-11-19T20:36:38+05:30
pay_00000000003569,order_0000003569,420.00,upi,captured,2025-11-29T20:21:21+05:30
pay_00000000003570,order_0000003570,222.00,upi,captured,2025-11-05T10:32:07+05:30
pay_00000000003571,order_0000003571,284.18,netbanking,captured,2025-11-07T09:09:27+05:30
pay_00000000003572,order_0000003572,832.07,card,captured,2025-11-26T18:57:47+05:30
pay_00000000003573,order_0000003573,904.90,upi,captured,2025-11-27T19:16:21+05:30
pay_00000000003574,order_0000003574,424.00,card,captured,2025-11-16T08:28:16+05:30
pay_00000000003575,order_0000003575,2313.00,upi,captured,2025-11-13T11:03:37+05:30
pay_00000000003576,order_0000003576,467.99,upi,captured,2025-11-30T17:38:18+05:30
pay_00000000003577,order_0000003577,687.35,wallet,captured,2025-11-05T22:58:26+05:30
pay_00000000003578,order_0000003578,929.99,upi,captured,2025-11-18T09:42:03+05:30
pay_00000000003579,order_0000003579,736.43,upi,captured,2025-11-25T16:04:39+05:30
pay_00000000003580,order_0000003580,3198.00,upi,captured,2025-11-22T12:42:23+05:30
pay_00000000003581,order_0000003581,1057.99,upi,captured,2025-11-22T02:28:14+05:30
pay_00000000003582,order_0000003582,2337.00,upi,captured,2025-11-13T13:28:47+05:30
pay_00000000003583,order_0000003583,916.41,upi,captured,2025-11-24T17:07:12+05:30
pay_00000000003584,order_0000003584,292.00,card,captured,2025-11-05T05:07:33+05:30
pay_00000000003585,order_0000003585,2642.99,wallet,failed,2025-11-04T07:56:42+05:30
pay_00000000003586,order_0000003586,551.24,upi,captured,2025-11-27T13:03:51+05:30
pay_00000000003587,order_0000003587,400.26,upi,captured,2025-11-06T22:03:26+05:30
pay_00000000003588,order_0000003588,838.00,upi,captured,2025-11-12T17:00:03+05:30
pay_00000000003589,order_0000003589,951.49,upi,captured,2025-11-30T13:10:00+05:30
pay_00000000003590,order_0000003590,962.00,card,captured,2025-11-13T15:11:39+05:30
pay_00000000003591,order_0000003591,150.00,upi,captured,2025-11-26T22:59:27+05:30
pay_00000000003592,order_0000003592,1005.67,upi,captured,2025-11-24T07:04:50+05:30
pay_00000000003593,order_0000003593,902.17,upi,captured,2025-11-02T07:32:16+05:30
pay_00000000003594,order_0000003594,722.52,upi,captured,2025-11-25T22:56:46+05:30
pay_00000000003595,order_0000003595,984.54,card,captured,2025-11-21T13:58:17+05:30
pay_00000000003596,order_0000003596,10807.30,card,captured,2025-11-14T21:19:19+05:30
pay_00000000003597,order_0000003597,337.18,wallet,captured,2025-11-01T19:55:47+05:30
pay_00000000003598,order_0000003598,4914.00,upi,captured,2025-11-21T18:49:57+05:30
pay_00000000003599,order_0000003599,470.00,wallet,captured,2025-11-09T07:29:12+05:30
pay_00000000003600,order_0000003600,801.82,upi,captured,2025-11-09T05:53:37+05:30
pay_00000000003601,order_0000003601,201.32,card,captured,2025-11-15T21:46:25+05:30
pay_00000000003602,order_0000003602,1459.00,card,captured,2025-11-27T22:51:40+05:30
pay_00000000003603,order_0000003603,1261.00,card,captured,2025-11-29T16:09:00+05:30
pay_00000000003604,order_0000003604,2434.00,upi,captured,2025-11-02T20:11:03+05:30
pay_00000000003605,order_0000003605,15684.49,card,captured,2025-11-13T14:53:51+05:30
pay_00000000003606,order_0000003606,140.00,upi,captured,2025-11-03T14:12:22+05:30
pay_00000000003607,order_0000003607,827.99,upi,captured,2025-11-10T11:16:05+05:30
pay_00000000003608,order_0000003608,772.00,upi,captured,2025-11-07T15:31:20+05:30
pay_00000000003609,order_0000003609,983.28,upi,captured,2025-11-05T10:43:44+05:30
pay_00000000003610,order_0000003610,944.00,netbanking,captured,2025-11-20T18:39:47+05:30
pay_00000000003611,order_0000003611,609.00,upi,captured,2025-11-30T20:20:36+05:30
pay_00000000003612,order_0000003612,209.99,card,captured,2025-11-06T08:44:11+05:30
pay_00000000003613,order_0000003613,1017.57,card,captured,2025-11-02T22:13:03+05:30
pay_00000000003614,order_0000003614,3443.00,wallet,captured,2025-11-25T11:14:15+05:30
pay_00000000003615,order_0000003615,834.99,card,captured,2025-11-29T14:10:13+05:30
pay_00000000003616,order_0000003616,618.43,upi,captured,2025-11-23T15:23:56+05:30
pay_00000000003617,order_0000003617,333.00,upi,captured,2025-11-17T16:36:10+05:30
pay_00000000003618,order_0000003618,424.55,card,captured,2025-11-18T05:59:18+05:30
pay_00000000003619,order_0000003619,10969.24,wallet,captured,2025-11-18T13:32:52+05:30
pay_00000000003620,order_0000003620,1040.13,card,captured,2025-11-16T05:45:22+05:30
pay_00000000003621,order_0000003621,654.28,card,captured,2025-11-04T18:48:05+05:30
pay_00000000003622,order_0000003622,788.16,upi,captured,2025-11-09T19:26:08+05:30
pay_00000000003623,order_0000003623,941.05,upi,captured,2025-11-23T19:13:20+05:30
pay_00000000003624,order_0000003624,1512.99,card,captured,2025-11-04T13:11:46+05:30
pay_00000000003625,order_0000003625,2564.09,card,captured,2025-11-22T15:20:12+05:30
pay_00000000003626,order_0000003626,622.09,netbanking,captured,2025-11-30T15:22:26+05:30
pay_00000000003627,order_0000003627,2197.99,card,captured,2025-11-20T19:13:28+05:30
pay_00000000003628,order_0000003628,1062.00,upi,captured,2025-11-19T02:41:37+05:30
pay_00000000003629,order_0000003629,943.00,upi,captured,2025-11-28T12:00:06+05:30
pay_00000000003630,order_0000003630,594.88,wallet,captured,2025-11-12T19:47:38+05:30
pay_00000000003631,order_0000003631,124.00,upi,captured,2025-11-03T10:33:32+05:30
pay_00000000003632,order_0000003632,523.11,upi,captured,2025-11-29T16:24:45+05:30
pay_00000000003633,order_0000003633,680.13,upi,captured,2025-11-19T15:15:39+05:30
pay_00000000003634,order_0000003634,428.00,upi,captured,2025-11-13T16:18:42+05:30
pay_00000000003635,order_0000003635,644.00,upi,captured,2025-11-12T10:17:01+05:30
pay_00000000003636,order_0000003636,1891.93,upi,captured,2025-11-07T15:18:33+05:30
pay_00000000003637,order_0000003637,1154.57,upi,captured,2025-11-20T09:12:25+05:30
pay_00000000003638,order_0000003638,785.00,wallet,failed,2025-11-23T18:24:36+05:30
pay_00000000003639,order_0000003639,1035.99,upi,captured,2025-11-17T14:08:14+05:30
pay_00000000003640,order_0000003640,579.13,upi,captured,2025-11-20T15:11:23+05:30
pay_00000000003641,order_0000003641,915.00,card,captured,2025-11-25T22:20:42+05:30
pay_00000000003642,order_0000003642,112.00,card,captured,2025-11-21T19:59:27+05:30
pay_00000000003643,order_0000003643,675.37,wallet,failed,2025-11-19T09:33:22+05:30
pay_00000000003644,order_0000003644,761.00,upi,captured,2025-11-20T17:13:36+05:30
pay_00000000003645,order_0000003645,843.00,netbanking,captured,2025-11-28T15:10:57+05:30
pay_00000000003646,order_0000003646,101.63,card,captured,2025-11-13T22:17:03+05:30
pay_00000000003647,order_0000003647,585.00,upi,captured,2025-11-12T20:30:36+05:30
pay_00000000003648,order_0000003648,370.97,upi,captured,2025-11-09T18:57:20+05:30
pay_00000000003649,order_0000003649,881.82,card,captured,2025-11-15T13:46:06+05:30
pay_00000000003650,order_0000003650,926.41,card,captured,2025-11-21T09:28:04+05:30
pay_00000000003651,order_0000003651,111.63,card,captured,2025-11-02T08:07:45+05:30
pay_00000000003652,order_0000003652,671.77,upi,captured,2025-11-24T19:43:34+05:30
pay_00000000003653,order_0000003653,1038.67,card,captured,2025-11-25T23:30:25+05:30
pay_00000000003654,order_0000003654,275.67,upi,captured,2025-11-24T14:24:12+05:30
pay_00000000003655,order_0000003655,187.02,upi,captured,2025-11-23T14:29:21+05:30
pay_00000000003656,order_0000003656,169.00,upi,captured,2025-11-22T11:10:54+05:30
pay_00000000003657,order_0000003657,432.00,netbanking,captured,2025-11-28T18:40:50+05:30
pay_00000000003658,order_0000003658,931.59,upi,captured,2025-11-04T09:49:27+05:30
pay_00000000003659,order_0000003659,703.95,upi,failed,2025-11-25T16:50:45+05:30
pay_00000000003660,order_0000003660,356.99,upi,captured,2025-11-22T08:34:28+05:30
pay_00000000003661,order_0000003661,3590.00,card,captured,2025-11-02T13:14:15+05:30
pay_00000000003662,order_0000003662,872.99,upi,captured,2025-11-12T17:20:24+05:30
pay_00000000003663,order_0000003663,2200.99,upi,failed,2025-11-24T22:01:10+05:30
pay_00000000003664,order_0000003664,645.00,wallet,captured,2025-11-20T13:05:28+05:30
pay_00000000003665,order_0000003665,332.00,card,captured,2025-11-17T04:04:27+05:30
pay_00000000003666,order_0000003666,212.00,upi,captured,2025-11-02T14:48:03+05:30
pay_00000000003667,order_0000003667,960.31,card,captured,2025-11-25T22:09:16+05:30
pay_00000000003668,order_0000003668,463.99,upi,captured,2025-11-06T19:00:51+05:30
pay_00000000003669,order_0000003669,143.61,card,failed,2025-11-13T21:13:34+05:30
pay_00000000003670,order_0000003670,1074.99,upi,captured,2025-11-09T23:34:12+05:30
pay_00000000003671,order_0000003671,902.30,upi,captured,2025-11-09T17:12:55+05:30
pay_00000000003672,order_0000003672,429.32,upi,captured,2025-11-22T23:50:33+05:30
pay_00000000003673,order_0000003673,302.00,card,captured,2025-11-21T23:09:52+05:30
pay_00000000003674,order_0000003674,421.46,card,captured,2025-11-05T08:53:58+05:30
pay_00000000003675,order_0000003675,554.82,wallet,captured,2025-11-10T15:00:18+05:30
pay_00000000003676,order_0000003676,958.70,upi,captured,2025-11-20T16:32:40+05:30
pay_00000000003677,order_0000003677,514.50,upi,captured,2025-11-13T10:34:01+05:30
pay_00000000003678,order_0000003678,242.36,upi,captured,2025-11-12T05:12:33+05:30
pay_00000000003679,order_0000003679,1044.54,netbanking,captured,2025-11-07T19:39:41+05:30
pay_00000000003680,order_0000003680,3283.85,upi,captured,2025-11-12T23:26:01+05:30
pay_00000000003681,order_0000003681,134.29,card,captured,2025-11-08T11:05:41+05:30
pay_00000000003682,order_0000003682,656.00,upi,captured,2025-11-05T20:49:04+05:30
pay_00000000003683,order_0000003683,767.28,upi,captured,2025-11-02T22:02:58+05:30
pay_00000000003684,order_0000003684,471.00,upi,failed,2025-11-08T08:31:14+05:30
pay_00000000003685,order_0000003685,830.00,upi,captured,2025-11-20T23:53:51+05:30
pay_00000000003686,order_0000003686,1906.99,upi,captured,2025-11-11T13:42:19+05:30
pay_00000000003687,order_0000003687,648.01,upi,captured,2025-11-12T14:50:47+05:30
pay_00000000003688,order_0000003688,733.00,upi,captured,2025-11-24T18:22:33+05:30
pay_00000000003689,order_0000003689,2701.74,upi,captured,2025-11-25T17:43:37+05:30
pay_00000000003690,order_0000003690,256.00,upi,captured,2025-11-25T10:19:49+05:30
pay_00000000003691,order_0000003691,1532.00,card,captured,2025-11-18T09:19:37+05:30
pay_00000000003692,order_0000003692,1634.57,upi,captured,2025-11-17T19:57:23+05:30
pay_00000000003693,order_0000003693,1025.00,upi,captured,2025-11-02T22:08:01+05:30
pay_00000000003694,order_0000003694,519.00,upi,captured,2025-11-17T03:52:12+05:30
pay_00000000003695,order_0000003695,984.09,card,captured,2025-11-09T17:00:20+05:30
pay_00000000003696,order_0000003696,1077.00,upi,captured,2025-11-08T21:00:41+05:30
pay_00000000003697,order_0000003697,2673.80,card,captured,2025-11-16T07:33:47+05:30
pay_00000000003698,order_0000003698,14156.00,card,captured,2025-11-06T13:13:33+05:30
pay_00000000003699,order_0000003699,670.99,wallet,captured,2025-11-02T15:54:32+05:30
pay_00000000003700,order_0000003700,554.00,card,captured,2025-11-16T05:58:21+05:30
pay_00000000003701,order_0000003701,805.60,card,captured,2025-11-02T14:48:40+05:30
pay_00000000003702,order_0000003702,2648.00,card,captured,2025-11-29T08:18:19+05:30
pay_00000000003703,order_0000003703,664.00,upi,captured,2025-11-16T18:15:15+05:30
pay_00000000003704,order_0000003704,716.00,upi,captured,2025-11-12T22:00:50+05:30
pay_00000000003705,order_0000003705,619.00,upi,captured,2025-11-19T11:19:28+05:30
pay_00000000003706,order_0000003706,262.99,upi,captured,2025-11-02T17:37:55+05:30
pay_00000000003707,order_0000003707,127.00,upi,captured,2025-11-04T08:28:27+05:30
pay_00000000003708,order_0000003708,612.00,netbanking,captured,2025-11-21T12:05:22+05:30
pay_00000000003709,order_0000003709,157.54,wallet,captured,2025-11-07T06:39:18+05:30
pay_00000000003710,order_0000003710,421.00,upi,captured,2025-11-11T00:47:11+05:30
pay_00000000003711,order_0000003711,1941.01,upi,captured,2025-11-29T10:12:52+05:30
pay_00000000003712,order_0000003712,215.86,card,captured,2025-11-21T23:49:04+05:30
pay_00000000003713,order_0000003713,376.30,card,captured,2025-11-18T18:41:56+05:30
pay_00000000003714,order_0000003714,372.00,upi,captured,2025-11-10T23:54:28+05:30
pay_00000000003715,order_0000003715,2566.55,netbanking,captured,2025-11-05T21:20:35+05:30
pay_00000000003716,order_0000003716,901.00,wallet,captured,2025-11-10T20:55:19+05:30
pay_00000000003717,order_0000003717,382.46,wallet,captured,2025-11-22T07:12:49+05:30
pay_00000000003718,order_0000003718,117.96,upi,captured,2025-11-14T17:47:13+05:30
pay_00000000003719,order_0000003719,322.21,wallet,captured,2025-11-26T15:26:11+05:30
pay_00000000003720,order_0000003720,165.99,upi,captured,2025-11-01T09:51:40+05:30
pay_00000000003721,order_0000003721,575.53,upi,captured,2025-11-08T20:03:24+05:30
pay_00000000003722,order_0000003722,408.00,upi,captured,2025-11-07T10:43:54+05:30
pay_00000000003723,order_0000003723,694.47,card,captured,2025-11-21T13:58:21+05:30
pay_00000000003724,order_0000003724,320.60,card,captured,2025-11-01T12:11:34+05:30
pay_00000000003725,order_0000003725,709.00,upi,captured,2025-11-30T18:49:21+05:30
pay_00000000003726,order_0000003726,1004.00,card,captured,2025-11-04T22:31:17+05:30
pay_00000000003727,order_0000003727,953.35,upi,captured,2025-11-06T12:06:13+05:30
pay_00000000003728,order_0000003728,816.65,upi,failed,2025-11-16T18:25:45+05:30
pay_00000000003729,order_0000003729,985.42,wallet,captured,2025-11-04T23:01:47+05:30
pay_00000000003730,order_0000003730,484.99,wallet,captured,2025-11-21T21:54:15+05:30
pay_00000000003731,order_0000003731,544.65,upi,captured,2025-11-28T18:51:07+05:30
pay_00000000003732,order_0000003732,261.93,upi,captured,2025-11-27T23:26:15+05:30
pay_00000000003733,order_0000003733,400.00,wallet,captured,2025-11-01T17:41:01+05:30
pay_00000000003734,order_0000003734,627.78,netbanking,captured,2025-11-14T15:58:20+05:30
pay_00000000003735,order_0000003735,824.00,card,captured,2025-11-04T07:13:35+05:30
pay_00000000003736,order_0000003736,3296.00,upi,captured,2025-11-04T14:48:15+05:30
pay_00000000003737,order_0000003737,361.99,wallet,captured,2025-11-20T07:17:16+05:30
pay_00000000003738,order_0000003738,2626.91,upi,captured,2025-11-29T03:40:47+05:30
pay_00000000003739,order_0000003739,1418.92,card,captured,2025-11-28T11:03:27+05:30
pay_00000000003740,order_0000003740,579.81,netbanking,captured,2025-11-27T15:06:06+05:30
pay_00000000003741,order_0000003741,397.00,card,captured,2025-11-01T21:10:11+05:30
pay_00000000003742,order_0000003742,2533.00,upi,captured,2025-11-25T19:59:04+05:30
pay_00000000003743,order_0000003743,101.83,upi,captured,2025-11-15T07:59:28+05:30
pay_00000000003744,order_0000003744,2517.00,upi,captured,2025-11-24T11:36:44+05:30
pay_00000000003745,order_0000003745,865.00,wallet,captured,2025-11-19T15:21:32+05:30
pay_00000000003746,order_0000003746,1452.20,upi,captured,2025-11-05T13:19:46+05:30
pay_00000000003747,order_0000003747,1079.83,card,captured,2025-11-17T12:43:22+05:30
pay_00000000003748,order_0000003748,411.29,upi,captured,2025-11-27T22:34:47+05:30
pay_00000000003749,order_0000003749,2416.00,upi,captured,2025-11-11T17:55:07+05:30
pay_00000000003750,order_0000003750,104.14,card,captured,2025-11-17T23:55:08+05:30
pay_00000000003751,order_0000003751,289.29,upi,captured,2025-11-27T08:46:27+05:30
pay_00000000003752,order_0000003752,524.89,card,captured,2025-11-01T17:10:13+05:30
pay_00000000003753,order_0000003753,842.13,card,captured,2025-11-30T20:37:22+05:30
pay_00000000003754,order_0000003754,463.83,card,captured,2025-11-26T10:45:09+05:30
pay_00000000003755,order_0000003755,236.00,card,captured,2025-11-17T16:40:18+05:30
pay_00000000003756,order_0000003756,235.99,netbanking,captured,2025-11-20T15:21:07+05:30
pay_00000000003757,order_0000003757,262.00,upi,captured,2025-11-26T23:21:43+05:30
pay_00000000003758,order_0000003758,841.49,upi,captured,2025-11-13T14:55:51+05:30
pay_00000000003759,order_0000003759,849.69,upi,captured,2025-11-19T23:37:07+05:30
pay_00000000003760,order_0000003760,374.00,wallet,captured,2025-11-26T14:48:06+05:30
pay_00000000003761,order_0000003761,1008.55,upi,captured,2025-11-07T06:01:29+05:30
pay_00000000003762,order_0000003762,857.99,upi,captured,2025-11-14T21:27:18+05:30
pay_00000000003763,order_0000003763,686.99,netbanking,captured,2025-11-23T17:22:04+05:30
pay_00000000003764,order_0000003764,1033.96,wallet,captured,2025-11-13T20:04:40+05:30
pay_00000000003765,order_0000003765,820.50,card,captured,2025-11-18T23:47:16+05:30
pay_00000000003766,order_0000003766,1001.99,upi,captured,2025-11-20T17:18:49+05:30
pay_00000000003767,order_0000003767,2359.88,netbanking,captured,2025-11-18T15:54:34+05:30
pay_00000000003768,order_0000003768,857.22,wallet,failed,2025-11-11T13:58:53+05:30
pay_00000000003769,order_0000003769,732.19,card,captured,2025-11-23T07:37:12+05:30
pay_00000000003770,order_0000003770,253.66,netbanking,captured,2025-11-08T21:50:59+05:30
pay_00000000003771,order_0000003771,17451.00,card,captured,2025-11-16T13:30:54+05:30
pay_00000000003772,order_0000003772,3175.00,upi,captured,2025-11-17T14:06:16+05:30
pay_00000000003773,order_0000003773,1307.00,upi,captured,2025-11-16T00:59:03+05:30
pay_00000000003774,order_0000003774,484.00,upi,captured,2025-11-24T13:57:40+05:30
pay_00000000003775,order_0000003775,1157.02,netbanking,captured,2025-11-05T14:29:19+05:30
pay_00000000003776,order_0000003776,957.53,card,captured,2025-11-01T16:28:58+05:30
pay_00000000003777,order_0000003777,270.27,netbanking,captured,2025-11-23T07:43:19+05:30
pay_00000000003778,order_0000003778,671.99,upi,captured,2025-11-02T12:51:41+05:30
pay_00000000003779,order_0000003779,1895.23,upi,captured,2025-11-07T16:45:25+05:30
pay_00000000003780,order_0000003780,394.00,upi,captured,2025-11-19T23:03:38+05:30
pay_00000000003781,order_0000003781,2358.00,upi,captured,2025-11-09T22:25:52+05:30
pay_00000000003782,order_0000003782,556.90,upi,captured,2025-11-18T11:10:12+05:30
pay_00000000003783,order_0000003783,3693.66,wallet,captured,2025-11-04T21:01:14+05:30
pay_00000000003784,order_0000003784,320.91,card,captured,2025-11-21T06:09:13+05:30
pay_00000000003785,order_0000003785,931.65,upi,captured,2025-11-17T23:08:34+05:30
pay_00000000003786,order_0000003786,992.67,wallet,captured,2025-11-16T07:50:40+05:30
pay_00000000003787,order_0000003787,8597.13,card,captured,2025-11-07T04:28:51+05:30
pay_00000000003788,order_0000003788,593.92,wallet,captured,2025-11-14T17:17:34+05:30
pay_00000000003789,order_0000003789,514.00,card,captured,2025-11-20T05:00:21+05:30
pay_00000000003790,order_0000003790,1499.00,upi,captured,2025-11-24T22:06:45+05:30
pay_00000000003791,order_0000003791,347.90,upi,captured,2025-11-12T15:00:29+05:30
pay_00000000003792,order_0000003792,934.69,upi,captured,2025-11-10T19:55:00+05:30
pay_00000000003793,order_0000003793,6408.00,card,captured,2025-11-06T13:55:58+05:30
pay_00000000003794,order_0000003794,438.00,upi,captured,2025-11-12T13:40:17+05:30
pay_00000000003795,order_0000003795,2764.26,upi,captured,2025-11-09T14:33:52+05:30
pay_00000000003796,order_0000003796,267.00,wallet,captured,2025-11-29T21:23:05+05:30
pay_00000000003797,order_0000003797,581.00,card,captured,2025-11-30T13:51:51+05:30
pay_00000000003798,order_0000003798,2902.99,wallet,captured,2025-11-11T11:06:48+05:30
pay_00000000003799,order_0000003799,2628.30,card,failed,2025-11-14T00:31:01+05:30
pay_00000000003800,order_0000003800,1102.14,card,captured,2025-11-10T06:34:09+05:30
pay_00000000003801,order_0000003801,978.04,netbanking,failed,2025-11-09T20:20:17+05:30
pay_00000000003802,order_0000003802,342.00,upi,captured,2025-11-18T16:52:21+05:30
pay_00000000003803,order_0000003803,647.00,card,captured,2025-11-25T22:52:58+05:30
pay_00000000003804,order_0000003804,1036.85,upi,captured,2025-11-09T10:08:50+05:30
pay_00000000003805,order_0000003805,766.63,upi,captured,2025-11-26T16:07:59+05:30
pay_00000000003806,order_0000003806,806.00,upi,captured,2025-11-05T14:51:30+05:30
pay_00000000003807,order_0000003807,1221.01,upi,captured,2025-11-24T20:28:29+05:30
pay_00000000003808,order_0000003808,960.60,upi,captured,2025-11-16T16:03:16+05:30
pay_00000000003809,order_0000003809,848.65,upi,captured,2025-11-25T15:47:41+05:30
pay_00000000003810,order_0000003810,975.00,upi,captured,2025-11-20T20:38:39+05:30
pay_00000000003811,order_0000003811,175.99,card,captured,2025-11-22T15:05:42+05:30
pay_00000000003812,order_0000003812,952.00,card,captured,2025-11-05T22:18:36+05:30
pay_00000000003813,order_0000003813,604.65,upi,captured,2025-11-02T16:24:34+05:30
pay_00000000003814,order_0000003814,902.61,netbanking,captured,2025-11-12T15:39:44+05:30
pay_00000000003815,order_0000003815,920.66,wallet,captured,2025-11-08T10:37:19+05:30
pay_00000000003816,order_0000003816,968.05,upi,captured,2025-11-28T15:30:22+05:30
pay_00000000003817,order_0000003817,380.57,upi,captured,2025-11-16T00:33:39+05:30
pay_00000000003818,order_0000003818,144.95,upi,captured,2025-11-22T01:28:21+05:30
pay_00000000003819,order_0000003819,402.53,wallet,captured,2025-11-27T22:10:31+05:30
pay_00000000003820,order_0000003820,196.03,upi,captured,2025-11-23T12:02:09+05:30
pay_00000000003821,order_0000003821,926.34,card,captured,2025-11-25T00:42:57+05:30
pay_00000000003822,order_0000003822,579.00,upi,captured,2025-11-26T12:37:21+05:30
pay_00000000003823,order_0000003823,885.02,upi,captured,2025-11-14T15:45:22+05:30
pay_00000000003824,order_0000003824,2142.47,upi,captured,2025-11-04T18:50:38+05:30
pay_00000000003825,order_0000003825,976.33,card,captured,2025-11-22T03:24:38+05:30
pay_00000000003826,order_0000003826,534.17,upi,captured,2025-11-21T16:49:44+05:30
pay_00000000003827,order_0000003827,1012.00,card,failed,2025-11-20T20:31:32+05:30
pay_00000000003828,order_0000003828,6865.71,upi,captured,2025-11-03T23:36:13+05:30
pay_00000000003829,order_0000003829,157.00,upi,captured,2025-11-10T19:29:52+05:30
pay_00000000003830,order_0000003830,883.36,upi,captured,2025-11-28T00:06:11+05:30
pay_00000000003831,order_0000003831,738.26,card,captured,2025-11-01T05:45:26+05:30
pay_00000000003832,order_0000003832,986.00,upi,captured,2025-11-07T12:40:31+05:30
pay_00000000003833,order_0000003833,790.85,upi,captured,2025-11-01T20:13:55+05:30
pay_00000000003834,order_0000003834,987.00,upi,captured,2025-11-25T22:37:18+05:30
pay_00000000003835,order_0000003835,620.76,card,captured,2025-11-13T02:11:48+05:30
pay_00000000003836,order_0000003836,862.71,card,captured,2025-11-06T16:39:28+05:30
pay_00000000003837,order_0000003837,172.34,upi,captured,2025-11-06T09:39:08+05:30
pay_00000000003838,order_0000003838,2748.00,wallet,captured,2025-11-24T12:28:24+05:30
pay_00000000003839,order_0000003839,776.99,card,captured,2025-11-22T16:41:52+05:30
pay_00000000003840,order_0000003840,10506.99,upi,captured,2025-11-04T16:26:19+05:30
pay_00000000003841,order_0000003841,1476.00,wallet,captured,2025-11-30T12:02:22+05:30
pay_00000000003842,order_0000003842,3442.15,wallet,captured,2025-11-11T14:32:27+05:30
pay_00000000003843,order_0000003843,208.29,upi,captured,2025-11-27T04:04:09+05:30
pay_00000000003844,order_0000003844,1044.51,wallet,captured,2025-11-26T10:20:27+05:30
pay_00000000003845,order_0000003845,238.30,netbanking,captured,2025-11-17T14:53:16+05:30
pay_00000000003846,order_0000003846,213.62,upi,captured,2025-11-30T23:38:23+05:30
pay_00000000003847,order_0000003847,258.99,upi,captured,2025-11-08T15:01:14+05:30
pay_00000000003848,order_0000003848,864.00,netbanking,captured,2025-11-14T22:20:12+05:30
pay_00000000003849,order_0000003849,2480.02,upi,captured,2025-11-17T16:43:01+05:30
pay_00000000003850,order_0000003850,289.30,card,captured,2025-11-27T19:15:37+05:30
pay_00000000003851,order_0000003851,710.54,card,failed,2025-11-04T16:53:11+05:30
pay_00000000003852,order_0000003852,350.25,upi,captured,2025-11-23T22:16:19+05:30
pay_00000000003853,order_0000003853,596.99,netbanking,captured,2025-11-18T20:52:42+05:30
pay_00000000003854,order_0000003854,7951.00,wallet,captured,2025-11-15T20:01:54+05:30
pay_00000000003855,order_0000003855,483.13,upi,captured,2025-11-30T16:55:41+05:30
pay_00000000003856,order_0000003856,906.89,card,captured,2025-11-03T16:27:49+05:30
pay_00000000003857,order_0000003857,320.00,upi,captured,2025-11-24T20:30:03+05:30
pay_00000000003858,order_0000003858,602.99,card,captured,2025-11-21T14:48:44+05:30
pay_00000000003859,order_0000003859,986.00,upi,captured,2025-11-18T04:47:56+05:30
pay_00000000003860,order_0000003860,1079.54,upi,captured,2025-11-12T13:02:43+05:30
pay_00000000003861,order_0000003861,235.05,wallet,captured,2025-11-01T13:39:27+05:30
pay_00000000003862,order_0000003862,9892.99,card,captured,2025-11-20T01:41:59+05:30
pay_00000000003863,order_0000003863,264.41,upi,captured,2025-11-16T21:51:26+05:30
pay_00000000003864,order_0000003864,163.03,upi,captured,2025-11-26T22:05:24+05:30
pay_00000000003865,order_0000003865,811.99,card,captured,2025-11-16T06:33:33+05:30
pay_00000000003866,order_0000003866,1243.99,upi,captured,2025-11-02T21:35:35+05:30
pay_00000000003867,order_0000003867,3244.21,upi,captured,2025-11-27T09:44:33+05:30
pay_00000000003868,order_0000003868,402.00,card,captured,2025-11-19T07:12:08+05:30
pay_00000000003869,order_0000003869,788.00,card,captured,2025-11-30T13:54:22+05:30
pay_00000000003870,order_0000003870,407.99,upi,captured,2025-11-04T09:59:45+05:30
pay_00000000003871,order_0000003871,1006.00,upi,captured,2025-11-26T11:23:02+05:30
pay_00000000003872,order_0000003872,1014.65,netbanking,captured,2025-11-01T11:58:29+05:30
pay_00000000003873,order_0000003873,2725.00,upi,captured,2025-11-16T13:22:23+05:30
pay_00000000003874,order_0000003874,3516.90,netbanking,captured,2025-11-11T13:45:03+05:30
pay_00000000003875,order_0000003875,2269.25,netbanking,captured,2025-11-28T12:09:50+05:30
pay_00000000003876,order_0000003876,1915.54,upi,captured,2025-11-28T19:27:14+05:30
pay_00000000003877,order_0000003877,214.63,upi,captured,2025-11-11T06:10:29+05:30
pay_00000000003878,order_0000003878,673.49,wallet,captured,2025-11-24T07:48:10+05:30
pay_00000000003879,order_0000003879,1038.97,upi,captured,2025-11-19T12:31:47+05:30
pay_00000000003880,order_0000003880,904.97,wallet,captured,2025-11-21T10:27:42+05:30
pay_00000000003881,order_0000003881,912.66,upi,captured,2025-11-06T09:43:29+05:30
pay_00000000003882,order_0000003882,296.71,card,captured,2025-11-20T22:32:04+05:30
pay_00000000003883,order_0000003883,818.49,upi,captured,2025-11-26T22:01:14+05:30
pay_00000000003884,order_0000003884,548.38,card,captured,2025-11-04T23:11:28+05:30
pay_00000000003885,order_0000003885,1574.00,card,captured,2025-11-16T23:49:04+05:30
pay_00000000003886,order_0000003886,787.26,netbanking,captured,2025-11-14T20:50:49+05:30
pay_00000000003887,order_0000003887,281.79,upi,captured,2025-11-04T04:13:55+05:30
pay_00000000003888,order_0000003888,215.00,card,captured,2025-11-30T02:57:05+05:30
pay_00000000003889,order_0000003889,641.20,upi,captured,2025-11-13T20:37:06+05:30
pay_00000000003890,order_0000003890,579.00,card,captured,2025-11-23T21:53:28+05:30
pay_00000000003891,order_0000003891,439.73,upi,captured,2025-11-05T09:08:39+05:30
pay_00000000003892,order_0000003892,1047.91,card,captured,2025-11-16T20:55:06+05:30
pay_00000000003893,order_0000003893,879.00,upi,captured,2025-11-07T16:04:13+05:30
pay_00000000003894,order_0000003894,297.59,netbanking,captured,2025-11-05T21:05:13+05:30
pay_00000000003895,order_0000003895,919.00,card,captured,2025-11-13T07:48:50+05:30
pay_00000000003896,order_0000003896,557.00,upi,captured,2025-11-10T09:17:42+05:30
pay_00000000003897,order_0000003897,262.00,upi,failed,2025-11-15T19:02:12+05:30
pay_00000000003898,order_0000003898,474.41,upi,captured,2025-11-20T16:19:23+05:30
pay_00000000003899,order_0000003899,246.99,wallet,captured,2025-11-14T07:50:46+05:30
pay_00000000003900,order_0000003900,995.29,upi,captured,2025-11-11T12:12:01+05:30
pay_00000000003901,order_0000003901,964.23,upi,captured,2025-11-26T17:35:47+05:30
pay_00000000003902,order_0000003902,1077.09,upi,captured,2025-11-17T15:11:39+05:30
pay_00000000003903,order_0000003903,535.74,upi,captured,2025-11-01T23:48:25+05:30
pay_00000000003904,order_0000003904,174.33,upi,captured,2025-11-07T09:46:20+05:30
pay_00000000003905,order_0000003905,9333.00,card,captured,2025-11-23T21:33:40+05:30
pay_00000000003906,order_0000003906,1580.00,upi,captured,2025-11-14T12:49:13+05:30
pay_00000000003907,order_0000003907,2411.00,wallet,captured,2025-11-28T23:09:14+05:30
pay_00000000003908,order_0000003908,176.00,netbanking,captured,2025-11-09T19:06:23+05:30
pay_00000000003909,order_0000003909,729.91,upi,captured,2025-11-13T20:13:06+05:30
pay_00000000003910,order_0000003910,502.00,card,captured,2025-11-05T12:11:34+05:30
pay_00000000003911,order_0000003911,522.55,upi,captured,2025-11-24T06:35:07+05:30
pay_00000000003912,order_0000003912,14989.40,upi,captured,2025-11-27T17:52:06+05:30
pay_00000000003913,order_0000003913,2625.26,wallet,captured,2025-11-19T12:14:07+05:30
pay_00000000003914,order_0000003914,10216.99,card,captured,2025-11-13T20:32:12+05:30
pay_00000000003915,order_0000003915,720.69,upi,captured,2025-11-23T21:31:55+05:30
pay_00000000003916,order_0000003916,342.00,upi,captured,2025-11-04T23:23:28+05:30
pay_00000000003917,order_0000003917,119.99,upi,captured,2025-11-24T11:11:34+05:30
pay_00000000003918,order_0000003918,1018.54,card,captured,2025-11-11T23:29:52+05:30
pay_00000000003919,order_0000003919,649.00,upi,captured,2025-11-26T05:27:47+05:30
pay_00000000003920,order_0000003920,786.62,card,captured,2025-11-03T18:14:36+05:30
pay_00000000003921,order_0000003921,129.99,netbanking,captured,2025-11-25T07:41:50+05:30
pay_00000000003922,order_0000003922,693.51,card,captured,2025-11-04T19:47:45+05:30
pay_00000000003923,order_0000003923,121.00,upi,captured,2025-11-08T06:46:45+05:30
pay_00000000003924,order_0000003924,1085.99,upi,captured,2025-11-06T13:42:54+05:30
pay_00000000003925,order_0000003925,751.12,wallet,captured,2025-11-06T07:44:55+05:30
pay_00000000003926,order_0000003926,1142.87,upi,captured,2025-11-03T19:29:47+05:30
pay_00000000003927,order_0000003927,3132.99,card,failed,2025-11-01T21:46:27+05:30
pay_00000000003928,order_0000003928,167.00,upi,captured,2025-11-04T14:18:39+05:30
pay_00000000003929,order_0000003929,762.33,upi,captured,2025-11-23T13:30:44+05:30
pay_00000000003930,order_0000003930,476.35,upi,captured,2025-11-07T01:06:36+05:30
pay_00000000003931,order_0000003931,2848.53,netbanking,captured,2025-11-25T08:06:27+05:30
pay_00000000003932,order_0000003932,251.00,card,captured,2025-11-01T16:48:32+05:30
pay_00000000003933,order_0000003933,665.00,wallet,captured,2025-11-11T07:37:09+05:30
pay_00000000003934,order_0000003934,590.00,netbanking,captured,2025-11-19T15:04:48+05:30
pay_00000000003935,order_0000003935,886.18,upi,captured,2025-11-03T16:55:59+05:30
pay_00000000003936,order_0000003936,285.00,card,captured,2025-11-18T18:48:05+05:30
pay_00000000003937,order_0000003937,955.79,upi,captured,2025-11-18T11:33:49+05:30
pay_00000000003938,order_0000003938,485.00,upi,captured,2025-11-17T13:30:25+05:30
pay_00000000003939,order_0000003939,2105.00,upi,captured,2025-11-22T12:07:03+05:30
pay_00000000003940,order_0000003940,1276.99,upi,captured,2025-11-04T03:04:20+05:30
pay_00000000003941,order_0000003941,909.93,netbanking,captured,2025-11-19T23:41:42+05:30
pay_00000000003942,order_0000003942,753.00,upi,captured,2025-11-07T23:54:14+05:30
pay_00000000003943,order_0000003943,865.84,upi,captured,2025-11-24T16:30:47+05:30
pay_00000000003944,order_0000003944,705.00,upi,captured,2025-11-17T21:48:38+05:30
pay_00000000003945,order_0000003945,534.25,upi,captured,2025-11-01T23:31:52+05:30
pay_00000000003946,order_0000003946,1375.87,netbanking,captured,2025-11-05T12:18:21+05:30
pay_00000000003947,order_0000003947,114.43,card,captured,2025-11-18T23:21:37+05:30
pay_00000000003948,order_0000003948,1416.00,upi,captured,2025-11-12T14:32:22+05:30
pay_00000000003949,order_0000003949,643.62,upi,captured,2025-11-22T23:15:31+05:30
pay_00000000003950,order_0000003950,1380.09,upi,captured,2025-11-15T19:34:38+05:30
pay_00000000003951,order_0000003951,695.26,upi,captured,2025-11-21T13:19:41+05:30
pay_00000000003952,order_0000003952,391.00,wallet,captured,2025-11-16T09:35:40+05:30
pay_00000000003953,order_0000003953,164.46,card,captured,2025-11-04T08:01:20+05:30
pay_00000000003954,order_0000003954,781.99,upi,captured,2025-11-14T03:51:26+05:30
pay_00000000003955,order_0000003955,435.34,card,captured,2025-11-17T19:06:33+05:30
pay_00000000003956,order_0000003956,254.00,upi,captured,2025-11-14T20:57:37+05:30
pay_00000000003957,order_0000003957,967.00,upi,captured,2025-11-17T19:17:35+05:30
pay_00000000003958,order_0000003958,107.07,card,captured,2025-11-04T20:48:17+05:30
pay_00000000003959,order_0000003959,3548.36,netbanking,captured,2025-11-06T10:32:44+05:30
pay_00000000003960,order_0000003960,2069.00,card,captured,2025-11-30T23:19:42+05:30
pay_00000000003961,order_0000003961,377.00,card,captured,2025-11-08T21:12:59+05:30
pay_00000000003962,order_0000003962,149.36,card,captured,2025-11-12T00:52:19+05:30
pay_00000000003963,order_0000003963,393.80,card,captured,2025-11-02T10:07:01+05:30
pay_00000000003964,order_0000003964,291.00,card,captured,2025-11-19T17:18:19+05:30
pay_00000000003965,order_0000003965,197.99,card,captured,2025-11-13T19:15:39+05:30
pay_00000000003966,order_0000003966,1869.00,upi,captured,2025-11-12T20:47:11+05:30
pay_00000000003967,order_0000003967,1357.55,card,captured,2025-11-01T01:43:39+05:30
pay_00000000003968,order_0000003968,507.78,upi,captured,2025-11-15T15:31:43+05:30
pay_00000000003969,order_0000003969,3534.72,upi,captured,2025-11-08T01:30:06+05:30
pay_00000000003970,order_0000003970,436.99,card,captured,2025-11-15T19:04:30+05:30
pay_00000000003971,order_0000003971,488.99,card,captured,2025-11-14T14:34:01+05:30
pay_00000000003972,order_0000003972,174.90,card,captured,2025-11-19T08:16:16+05:30
pay_00000000003973,order_0000003973,471.99,card,captured,2025-11-13T23:15:05+05:30
pay_00000000003974,order_0000003974,570.00,upi,failed,2025-11-05T12:00:35+05:30
pay_00000000003975,order_0000003975,1064.04,upi,captured,2025-11-22T22:24:39+05:30
pay_00000000003976,order_0000003976,293.68,wallet,captured,2025-11-15T14:12:33+05:30
pay_00000000003977,order_0000003977,1003.00,upi,captured,2025-11-29T13:30:15+05:30
pay_00000000003978,order_0000003978,676.52,upi,captured,2025-11-28T15:44:03+05:30
pay_00000000003979,order_0000003979,442.29,upi,captured,2025-11-24T21:50:45+05:30
pay_00000000003980,order_0000003980,2325.00,upi,captured,2025-11-26T23:46:01+05:30
pay_00000000003981,order_0000003981,951.00,upi,captured,2025-11-17T18:41:06+05:30
pay_00000000003982,order_0000003982,367.79,wallet,captured,2025-11-30T17:26:49+05:30
pay_00000000003983,order_0000003983,180.00,upi,captured,2025-11-21T10:10:47+05:30
pay_00000000003984,order_0000003984,11081.76,wallet,captured,2025-11-19T08:08:09+05:30
pay_00000000003985,order_0000003985,164.51,card,captured,2025-11-28T15:23:18+05:30
pay_00000000003986,order_0000003986,932.00,upi,captured,2025-11-26T11:23:48+05:30
pay_00000000003987,order_0000003987,686.41,upi,captured,2025-11-03T02:16:23+05:30
pay_00000000003988,order_0000003988,3059.61,card,captured,2025-11-27T15:17:23+05:30
pay_00000000003989,order_0000003989,607.44,wallet,captured,2025-11-24T19:43:00+05:30
pay_00000000003990,order_0000003990,195.74,upi,failed,2025-11-24T01:45:28+05:30
pay_00000000003991,order_0000003991,1179.20,card,captured,2025-11-27T20:11:17+05:30
pay_00000000003992,order_0000003992,477.71,upi,captured,2025-11-08T08:21:19+05:30
pay_00000000003993,order_0000003993,1042.90,upi,captured,2025-11-16T20:32:15+05:30
pay_00000000003994,order_0000003994,205.99,upi,captured,2025-11-12T09:22:24+05:30
pay_00000000003995,order_0000003995,292.00,card,captured,2025-11-24T08:44:41+05:30
pay_00000000003996,order_0000003996,406.10,upi,captured,2025-11-14T17:57:43+05:30
pay_00000000003997,order_0000003997,490.50,upi,captured,2025-11-20T13:33:37+05:30
pay_00000000003998,order_0000003998,392.00,upi,captured,2025-11-26T15:08:40+05:30
pay_00000000003999,order_0000003999,130.00,card,captured,2025-11-22T06:53:07+05:30
pay_00000000004000,order_0000004000,921.12,upi,captured,2025-11-02T14:41:01+05:30
pay_00000000004001,order_0000004001,964.00,upi,captured,2025-11-10T23:03:06+05:30
pay_00000000004002,order_0000004002,197.99,card,captured,2025-11-01T22:14:51+05:30
pay_00000000004003,order_0000004003,955.77,netbanking,captured,2025-11-11T23:43:49+05:30
pay_00000000004004,order_0000004004,879.33,wallet,captured,2025-11-18T07:11:23+05:30
pay_00000000004005,order_0000004005,379.99,netbanking,captured,2025-11-03T14:06:26+05:30
pay_00000000004006,order_0000004006,977.01,card,captured,2025-11-27T05:19:17+05:30
pay_00000000004007,order_0000004007,768.00,upi,captured,2025-11-06T12:43:01+05:30
pay_00000000004008,order_0000004008,528.00,card,failed,2025-11-06T12:26:52+05:30
pay_00000000004009,order_0000004009,294.99,upi,captured,2025-11-20T23:08:44+05:30
pay_00000000004010,order_0000004010,323.65,upi,captured,2025-11-04T05:35:30+05:30
pay_00000000004011,order_0000004011,411.79,netbanking,captured,2025-11-12T08:43:50+05:30
pay_00000000004012,order_0000004012,926.54,card,captured,2025-11-30T19:20:20+05:30
pay_00000000004013,order_0000004013,410.90,upi,captured,2025-11-24T08:56:06+05:30
pay_00000000004014,order_0000004014,480.99,upi,captured,2025-11-07T08:56:45+05:30
pay_00000000004015,order_0000004015,185.99,upi,captured,2025-11-11T15:08:13+05:30
pay_00000000004016,order_0000004016,504.90,wallet,captured,2025-11-15T16:42:21+05:30
pay_00000000004017,order_0000004017,897.99,card,captured,2025-11-01T08:30:57+05:30
pay_00000000004018,order_0000004018,661.99,wallet,captured,2025-11-23T20:40:45+05:30
pay_00000000004019,order_0000004019,296.00,netbanking,captured,2025-11-10T15:58:41+05:30
pay_00000000004020,order_0000004020,293.82,netbanking,captured,2025-11-14T07:52:29+05:30
pay_00000000004021,order_0000004021,272.99,upi,failed,2025-11-15T11:19:03+05:30
pay_00000000004022,order_0000004022,2585.80,card,captured,2025-11-09T22:17:35+05:30
pay_00000000004023,order_0000004023,321.00,netbanking,captured,2025-11-02T14:19:26+05:30
pay_00000000004024,order_0000004024,462.36,upi,captured,2025-11-29T13:24:00+05:30
pay_00000000004025,order_0000004025,536.99,upi,captured,2025-11-08T14:52:00+05:30
pay_00000000004026,order_0000004026,935.03,upi,captured,2025-11-17T10:32:59+05:30
pay_00000000004027,order_0000004027,294.99,netbanking,captured,2025-11-29T19:10:36+05:30
pay_00000000004028,order_0000004028,856.26,card,captured,2025-11-07T12:46:04+05:30
pay_00000000004029,order_0000004029,160.65,upi,captured,2025-11-13T18:13:13+05:30
pay_00000000004030,order_0000004030,984.00,upi,failed,2025-11-09T08:16:39+05:30
pay_00000000004031,order_0000004031,507.00,netbanking,captured,2025-11-10T13:46:49+05:30
pay_00000000004032,order_0000004032,3138.37,upi,captured,2025-11-01T10:03:44+05:30
pay_00000000004033,order_0000004033,816.41,wallet,captured,2025-11-22T22:28:37+05:30
pay_00000000004034,order_0000004034,344.22,upi,captured,2025-11-20T20:52:02+05:30
pay_00000000004035,order_0000004035,270.51,upi,failed,2025-11-13T16:15:27+05:30
pay_00000000004036,order_0000004036,762.00,card,captured,2025-11-04T22:43:21+05:30
pay_00000000004037,order_0000004037,375.61,netbanking,captured,2025-11-16T13:18:39+05:30
pay_00000000004038,order_0000004038,727.99,card,captured,2025-11-08T22:26:08+05:30
pay_00000000004039,order_0000004039,696.21,card,captured,2025-11-10T06:56:22+05:30
pay_00000000004040,order_0000004040,1508.00,card,captured,2025-11-19T22:08:59+05:30
pay_00000000004041,order_0000004041,3476.99,card,captured,2025-11-23T19:55:02+05:30
pay_00000000004042,order_0000004042,374.00,wallet,captured,2025-11-21T15:21:18+05:30
pay_00000000004043,order_0000004043,751.43,card,captured,2025-11-14T15:22:16+05:30
pay_00000000004044,order_0000004044,645.00,upi,captured,2025-11-19T23:41:14+05:30
pay_00000000004045,order_0000004045,923.25,upi,failed,2025-11-04T10:35:16+05:30
pay_00000000004046,order_0000004046,2264.65,upi,captured,2025-11-01T04:41:43+05:30
pay_00000000004047,order_0000004047,3693.38,upi,captured,2025-11-26T17:21:27+05:30
pay_00000000004048,order_0000004048,11040.99,upi,captured,2025-11-28T17:12:04+05:30
pay_00000000004049,order_0000004049,596.35,netbanking,captured,2025-11-22T06:25:05+05:30
pay_00000000004050,order_0000004050,196.75,upi,captured,2025-11-25T07:07:53+05:30
pay_00000000004051,order_0000004051,2962.94,upi,captured,2025-11-30T08:20:21+05:30
pay_00000000004052,order_0000004052,3153.79,wallet,captured,2025-11-02T06:33:39+05:30
pay_00000000004053,order_0000004053,3060.00,wallet,captured,2025-11-10T13:04:45+05:30
pay_00000000004054,order_0000004054,10742.00,card,captured,2025-11-23T21:35:48+05:30
pay_00000000004055,order_0000004055,1042.00,card,captured,2025-11-15T20:12:13+05:30
pay_00000000004056,order_0000004056,520.00,upi,captured,2025-11-30T17:01:10+05:30
pay_00000000004057,order_0000004057,1000.61,card,captured,2025-11-16T13:45:50+05:30
pay_00000000004058,order_0000004058,387.00,wallet,captured,2025-11-21T09:54:55+05:30
pay_00000000004059,order_0000004059,323.55,card,captured,2025-11-29T21:15:58+05:30
pay_00000000004060,order_0000004060,690.99,upi,captured,2025-11-02T19:16:55+05:30
pay_00000000004061,order_0000004061,795.00,wallet,captured,2025-11-17T14:09:57+05:30
pay_00000000004062,order_0000004062,612.39,upi,captured,2025-11-02T09:13:45+05:30
pay_00000000004063,order_0000004063,679.22,wallet,captured,2025-11-14T12:52:58+05:30
pay_00000000004064,order_0000004064,176.46,card,captured,2025-11-06T11:04:19+05:30
pay_00000000004065,order_0000004065,108.82,upi,captured,2025-11-26T14:57:11+05:30
pay_00000000004066,order_0000004066,925.00,upi,captured,2025-11-30T14:32:00+05:30
pay_00000000004067,order_0000004067,288.00,wallet,captured,2025-11-04T22:49:50+05:30
pay_00000000004068,order_0000004068,1031.69,netbanking,captured,2025-11-03T12:12:06+05:30
pay_00000000004069,order_0000004069,14587.99,card,captured,2025-11-17T23:21:04+05:30
pay_00000000004070,order_0000004070,473.74,card,captured,2025-11-01T20:40:01+05:30
pay_00000000004071,order_0000004071,369.99,upi,captured,2025-11-29T04:13:22+05:30
pay_00000000004072,order_0000004072,799.99,upi,captured,2025-11-29T20:34:29+05:30
pay_00000000004073,order_0000004073,104.03,card,captured,2025-11-09T21:37:30+05:30
pay_00000000004074,order_0000004074,234.00,upi,captured,2025-11-21T18:39:07+05:30
pay_00000000004075,order_0000004075,2489.39,upi,captured,2025-11-12T13:30:10+05:30
pay_00000000004076,order_0000004076,648.29,card,captured,2025-11-04T13:12:47+05:30
pay_00000000004077,order_0000004077,2467.71,wallet,captured,2025-11-22T22:26:30+05:30
pay_00000000004078,order_0000004078,706.00,upi,captured,2025-11-08T08:46:47+05:30
pay_00000000004079,order_0000004079,740.44,wallet,captured,2025-11-05T13:44:58+05:30
pay_00000000004080,order_0000004080,1074.52,upi,captured,2025-11-05T13:50:52+05:30
pay_00000000004081,order_0000004081,2644.99,upi,captured,2025-11-09T21:35:15+05:30
pay_00000000004082,order_0000004082,246.97,upi,captured,2025-11-23T14:13:49+05:30
pay_00000000004083,order_0000004083,173.50,card,captured,2025-11-04T23:12:42+05:30
pay_00000000004084,order_0000004084,276.52,card,captured,2025-11-02T12:24:18+05:30
pay_00000000004085,order_0000004085,1041.55,upi,captured,2025-11-20T18:23:38+05:30
pay_00000000004086,order_0000004086,519.14,card,captured,2025-11-18T22:36:40+05:30
pay_00000000004087,order_0000004087,750.62,netbanking,captured,2025-11-11T15:00:06+05:30
pay_00000000004088,order_0000004088,273.56,card,captured,2025-11-05T13:40:13+05:30
pay_00000000004089,order_0000004089,507.14,upi,captured,2025-11-13T20:22:03+05:30
pay_00000000004090,order_0000004090,982.37,upi,captured,2025-11-10T07:15:04+05:30
pay_00000000004091,order_0000004091,879.00,upi,failed,2025-11-08T12:51:32+05:30
pay_00000000004092,order_0000004092,2267.87,card,failed,2025-11-18T22:54:53+05:30
pay_00000000004093,order_0000004093,1020.00,upi,captured,2025-11-23T06:40:11+05:30
pay_00000000004094,order_0000004094,652.63,card,captured,2025-11-16T18:40:03+05:30
pay_00000000004095,order_0000004095,678.00,card,captured,2025-11-12T09:31:17+05:30
pay_00000000004096,order_0000004096,2038.22,upi,captured,2025-11-08T13:14:27+05:30
pay_00000000004097,order_0000004097,2527.13,card,captured,2025-11-10T08:39:41+05:30
pay_00000000004098,order_0000004098,168.99,upi,captured,2025-11-05T22:26:46+05:30
pay_00000000004099,order_0000004099,2255.44,upi,captured,2025-11-05T21:56:59+05:30
pay_00000000004100,order_0000004100,254.28,card,captured,2025-11-23T15:04:46+05:30
pay_00000000004101,order_0000004101,303.36,upi,captured,2025-11-24T21:49:38+05:30
pay_00000000004102,order_0000004102,2793.00,upi,captured,2025-11-24T04:08:52+05:30
pay_00000000004103,order_0000004103,1004.00,netbanking,failed,2025-11-24T17:09:01+05:30
pay_00000000004104,order_0000004104,1004.72,card,captured,2025-11-01T09:04:12+05:30
pay_00000000004105,order_0000004105,470.99,card,captured,2025-11-05T23:05:05+05:30
pay_00000000004106,order_0000004106,1754.79,upi,captured,2025-11-16T22:14:34+05:30
pay_00000000004107,order_0000004107,990.62,card,captured,2025-11-27T10:15:25+05:30
pay_00000000004108,order_0000004108,203.82,wallet,captured,2025-11-03T09:46:37+05:30
pay_00000000004109,order_0000004109,229.32,upi,captured,2025-11-16T13:25:37+05:30
pay_00000000004110,order_0000004110,453.99,card,captured,2025-11-04T16:56:43+05:30
pay_00000000004111,order_0000004111,814.00,upi,captured,2025-11-02T16:40:53+05:30
pay_00000000004112,order_0000004112,761.48,upi,captured,2025-11-13T07:03:00+05:30
pay_00000000004113,order_0000004113,827.29,card,captured,2025-11-24T01:54:43+05:30
pay_00000000004114,order_0000004114,815.00,netbanking,captured,2025-11-06T10:54:57+05:30
pay_00000000004115,order_0000004115,972.81,card,captured,2025-11-20T18:28:02+05:30
pay_00000000004116,order_0000004116,1019.00,netbanking,failed,2025-11-21T02:37:59+05:30
pay_00000000004117,order_0000004117,819.59,card,captured,2025-11-28T14:15:22+05:30
pay_00000000004118,order_0000004118,365.00,upi,captured,2025-11-23T07:26:07+05:30
pay_00000000004119,order_0000004119,227.99,upi,captured,2025-11-12T05:43:05+05:30
pay_00000000004120,order_0000004120,852.00,card,captured,2025-11-22T08:57:04+05:30
pay_00000000004121,order_0000004121,204.00,wallet,captured,2025-11-02T20:08:03+05:30
pay_00000000004122,order_0000004122,2251.21,netbanking,captured,2025-11-14T19:48:43+05:30
pay_00000000004123,order_0000004123,627.76,netbanking,captured,2025-11-14T22:53:42+05:30
pay_00000000004124,order_0000004124,1014.00,upi,captured,2025-11-27T13:16:39+05:30
pay_00000000004125,order_0000004125,700.21,upi,captured,2025-11-24T15:28:35+05:30
pay_00000000004126,order_0000004126,855.44,card,captured,2025-11-19T17:19:29+05:30
pay_00000000004127,order_0000004127,331.00,card,captured,2025-11-21T20:13:32+05:30
pay_00000000004128,order_0000004128,1437.00,wallet,captured,2025-11-26T23:06:22+05:30
pay_00000000004129,order_0000004129,312.00,card,captured,2025-11-09T10:03:01+05:30
pay_00000000004130,order_0000004130,552.99,upi,captured,2025-11-24T12:21:42+05:30
pay_00000000004131,order_0000004131,907.19,card,captured,2025-11-02T18:47:48+05:30
pay_00000000004132,order_0000004132,1997.00,card,captured,2025-11-30T14:45:40+05:30
pay_00000000004133,order_0000004133,507.99,upi,failed,2025-11-12T14:30:20+05:30
pay_00000000004134,order_0000004134,299.00,upi,captured,2025-11-04T13:16:16+05:30
pay_00000000004135,order_0000004135,973.99,netbanking,failed,2025-11-03T13:11:05+05:30
pay_00000000004136,order_0000004136,1331.00,upi,captured,2025-11-29T11:32:14+05:30
pay_00000000004137,order_0000004137,363.99,upi,captured,2025-11-11T22:19:20+05:30
pay_00000000004138,order_0000004138,699.00,upi,captured,2025-11-15T19:29:46+05:30
pay_00000000004139,order_0000004139,715.62,upi,captured,2025-11-24T15:06:26+05:30
pay_00000000004140,order_0000004140,2486.53,upi,captured,2025-11-03T17:38:31+05:30
pay_00000000004141,order_0000004141,1690.20,card,captured,2025-11-16T14:58:46+05:30
pay_00000000004142,order_0000004142,810.13,card,captured,2025-11-05T22:27:25+05:30
pay_00000000004143,order_0000004143,810.00,card,captured,2025-11-24T16:10:49+05:30
pay_00000000004144,order_0000004144,187.44,upi,captured,2025-11-06T12:19:52+05:30
pay_00000000004145,order_0000004145,1360.00,card,captured,2025-11-21T22:21:29+05:30
pay_00000000004146,order_0000004146,922.99,upi,captured,2025-11-23T10:14:20+05:30
pay_00000000004147,order_0000004147,291.00,card,captured,2025-11-14T01:47:06+05:30
pay_00000000004148,order_0000004148,224.99,card,captured,2025-11-16T12:16:59+05:30
pay_00000000004149,order_0000004149,2291.99,netbanking,captured,2025-11-25T18:10:39+05:30
pay_00000000004150,order_0000004150,142.67,card,captured,2025-11-17T06:25:41+05:30
pay_00000000004151,order_0000004151,300.96,card,captured,2025-11-27T12:24:16+05:30
pay_00000000004152,order_0000004152,2691.00,upi,captured,2025-11-14T13:50:02+05:30
pay_00000000004153,order_0000004153,394.63,card,captured,2025-11-17T12:51:11+05:30
pay_00000000004154,order_0000004154,301.24,card,captured,2025-11-01T14:58:16+05:30
pay_00000000004155,order_0000004155,166.61,wallet,captured,2025-11-02T13:39:10+05:30
pay_00000000004156,order_0000004156,2130.47,card,captured,2025-11-21T01:56:46+05:30
pay_00000000004157,order_0000004157,15540.99,upi,captured,2025-11-04T17:17:50+05:30
pay_00000000004158,order_0000004158,3156.19,card,captured,2025-11-23T09:42:12+05:30
pay_00000000004159,order_0000004159,2321.00,card,captured,2025-11-11T08:50:11+05:30
pay_00000000004160,order_0000004160,537.99,netbanking,captured,2025-11-27T18:00:51+05:30
pay_00000000004161,order_0000004161,964.83,upi,captured,2025-11-18T11:02:57+05:30
pay_00000000004162,order_0000004162,1992.00,wallet,captured,2025-11-17T11:52:17+05:30
pay_00000000004163,order_0000004163,1052.99,card,captured,2025-11-28T15:01:39+05:30
pay_00000000004164,order_0000004164,15135.12,upi,captured,2025-11-06T00:02:06+05:30
pay_00000000004165,order_0000004165,652.57,netbanking,captured,2025-11-03T06:47:16+05:30
pay_00000000004166,order_0000004166,921.45,wallet,captured,2025-11-20T20:25:27+05:30
pay_00000000004167,order_0000004167,614.05,upi,captured,2025-11-09T00:00:46+05:30
pay_00000000004168,order_0000004168,3315.40,wallet,captured,2025-11-08T17:55:05+05:30
pay_00000000004169,order_0000004169,2354.92,upi,captured,2025-11-21T21:22:33+05:30
pay_00000000004170,order_0000004170,462.78,upi,failed,2025-11-19T00:51:40+05:30
pay_00000000004171,order_0000004171,326.30,upi,captured,2025-11-22T13:21:02+05:30
pay_00000000004172,order_0000004172,1079.99,wallet,captured,2025-11-04T21:52:42+05:30
pay_00000000004173,order_0000004173,909.00,card,captured,2025-11-30T18:54:24+05:30
pay_00000000004174,order_0000004174,166.33,upi,captured,2025-11-18T10:00:00+05:30
pay_00000000004175,order_0000004175,183.07,card,captured,2025-11-05T09:05:14+05:30
pay_00000000004176,order_0000004176,963.00,card,captured,2025-11-15T14:18:24+05:30
pay_00000000004177,order_0000004177,304.75,upi,captured,2025-11-22T20:17:18+05:30
pay_00000000004178,order_0000004178,852.99,card,captured,2025-11-26T20:45:24+05:30
pay_00000000004179,order_0000004179,323.00,wallet,captured,2025-11-29T19:45:08+05:30
pay_00000000004180,order_0000004180,369.00,upi,captured,2025-11-27T18:20:49+05:30
pay_00000000004181,order_0000004181,783.15,card,captured,2025-11-10T14:43:32+05:30
pay_00000000004182,order_0000004182,142.61,upi,captured,2025-11-26T13:35:02+05:30
pay_00000000004183,order_0000004183,557.27,card,captured,2025-11-14T20:35:41+05:30
pay_00000000004184,order_0000004184,837.99,wallet,captured,2025-11-02T01:42:26+05:30
pay_00000000004185,order_0000004185,1213.35,wallet,captured,2025-11-28T16:31:43+05:30
pay_00000000004186,order_0000004186,1622.99,card,captured,2025-11-28T16:02:54+05:30
pay_00000000004187,order_0000004187,810.99,netbanking,captured,2025-11-05T22:39:49+05:30
pay_00000000004188,order_0000004188,448.26,upi,captured,2025-11-20T20:22:08+05:30
pay_00000000004189,order_0000004189,812.00,card,captured,2025-11-03T22:17:47+05:30
pay_00000000004190,order_0000004190,590.99,card,captured,2025-11-10T23:38:44+05:30
pay_00000000004191,order_0000004191,1597.00,card,captured,2025-11-12T10:36:25+05:30
pay_00000000004192,order_0000004192,178.77,wallet,captured,2025-11-22T00:15:24+05:30
pay_00000000004193,order_0000004193,402.99,upi,captured,2025-11-16T09:35:12+05:30
pay_00000000004194,order_0000004194,272.25,upi,captured,2025-11-07T02:20:14+05:30
pay_00000000004195,order_0000004195,259.59,upi,captured,2025-11-29T03:38:51+05:30
pay_00000000004196,order_0000004196,385.00,upi,captured,2025-11-23T22:13:19+05:30
pay_00000000004197,order_0000004197,489.00,upi,captured,2025-11-23T15:12:00+05:30
pay_00000000004198,order_0000004198,257.00,upi,captured,2025-11-17T17:49:32+05:30
pay_00000000004199,order_0000004199,361.61,upi,captured,2025-11-04T13:43:15+05:30
pay_00000000004200,order_0000004200,831.00,card,captured,2025-11-09T20:09:56+05:30
pay_00000000004201,order_0000004201,761.34,card,captured,2025-11-12T19:25:25+05:30
pay_00000000004202,order_0000004202,264.13,upi,captured,2025-11-11T04:35:45+05:30
pay_00000000004203,order_0000004203,702.40,card,captured,2025-11-11T10:23:54+05:30
pay_00000000004204,order_0000004204,1372.00,upi,captured,2025-11-24T21:14:26+05:30
pay_00000000004205,order_0000004205,188.38,wallet,captured,2025-11-28T12:49:21+05:30
pay_00000000004206,order_0000004206,504.00,upi,captured,2025-11-08T11:11:38+05:30
pay_00000000004207,order_0000004207,193.99,upi,captured,2025-11-20T15:50:18+05:30
pay_00000000004208,order_0000004208,590.26,netbanking,captured,2025-11-14T02:27:09+05:30
pay_00000000004209,order_0000004209,527.00,upi,captured,2025-11-20T17:27:11+05:30
pay_00000000004210,order_0000004210,1033.99,upi,captured,2025-11-20T06:16:12+05:30
pay_00000000004211,order_0000004211,9832.00,card,captured,2025-11-06T14:12:00+05:30
pay_00000000004212,order_0000004212,504.00,upi,captured,2025-11-08T13:15:00+05:30
pay_00000000004213,order_0000004213,2344.00,upi,captured,2025-11-14T06:11:01+05:30
pay_00000000004214,order_0000004214,220.89,card,captured,2025-11-10T09:37:04+05:30
pay_00000000004215,order_0000004215,235.99,card,failed,2025-11-08T04:00:50+05:30
pay_00000000004216,order_0000004216,458.37,card,captured,2025-11-12T19:27:37+05:30
pay_00000000004217,order_0000004217,700.00,wallet,captured,2025-11-25T15:52:25+05:30
pay_00000000004218,order_0000004218,1548.99,netbanking,captured,2025-11-07T01:58:05+05:30
pay_00000000004219,order_0000004219,1865.04,upi,captured,2025-11-12T08:14:38+05:30
pay_00000000004220,order_0000004220,8154.76,wallet,captured,2025-11-19T23:20:10+05:30
pay_00000000004221,order_0000004221,119.44,card,captured,2025-11-17T14:14:56+05:30
pay_00000000004222,order_0000004222,1068.15,card,captured,2025-11-12T10:34:38+05:30
pay_00000000004223,order_0000004223,1108.00,card,captured,2025-11-04T07:14:02+05:30
pay_00000000004224,order_0000004224,154.26,card,captured,2025-11-04T21:58:28+05:30
pay_00000000004225,order_0000004225,613.20,upi,captured,2025-11-13T21:32:22+05:30
pay_00000000004226,order_0000004226,2218.11,wallet,captured,2025-11-11T12:09:33+05:30
pay_00000000004227,order_0000004227,352.22,upi,captured,2025-11-15T19:34:50+05:30
pay_00000000004228,order_0000004228,242.53,upi,captured,2025-11-05T21:21:52+05:30
pay_00000000004229,order_0000004229,381.92,upi,failed,2025-11-30T17:50:55+05:30
pay_00000000004230,order_0000004230,882.27,upi,captured,2025-11-25T14:49:37+05:30
pay_00000000004231,order_0000004231,1036.90,card,captured,2025-11-06T18:55:31+05:30
pay_00000000004232,order_0000004232,462.00,wallet,captured,2025-11-30T19:12:21+05:30
pay_00000000004233,order_0000004233,974.89,wallet,captured,2025-11-26T03:43:29+05:30
pay_00000000004234,order_0000004234,436.99,upi,captured,2025-11-03T22:22:39+05:30
pay_00000000004235,order_0000004235,1295.00,upi,captured,2025-11-12T23:58:41+05:30
pay_00000000004236,order_0000004236,14648.38,card,captured,2025-11-19T05:36:16+05:30
pay_00000000004237,order_0000004237,635.55,card,captured,2025-11-10T20:08:05+05:30
pay_00000000004238,order_0000004238,1149.00,upi,captured,2025-11-13T17:26:59+05:30
pay_00000000004239,order_0000004239,383.00,upi,captured,2025-11-13T19:19:08+05:30
pay_00000000004240,order_0000004240,1022.33,upi,captured,2025-11-28T14:17:47+05:30
pay_00000000004241,order_0000004241,292.99,upi,captured,2025-11-10T14:14:46+05:30
pay_00000000004242,order_0000004242,1837.74,upi,captured,2025-11-19T17:56:34+05:30
pay_00000000004243,order_0000004243,673.99,wallet,captured,2025-11-25T06:03:11+05:30
pay_00000000004244,order_0000004244,647.00,wallet,captured,2025-11-19T17:57:38+05:30
pay_00000000004245,order_0000004245,742.32,upi,captured,2025-11-03T17:58:11+05:30
pay_00000000004246,order_0000004246,134.48,upi,captured,2025-11-18T15:46:53+05:30
pay_00000000004247,order_0000004247,611.00,upi,captured,2025-11-22T17:26:07+05:30
pay_00000000004248,order_0000004248,1770.33,card,failed,2025-11-29T09:40:52+05:30
pay_00000000004249,order_0000004249,939.01,upi,captured,2025-11-06T20:57:53+05:30
pay_00000000004250,order_0000004250,805.09,card,captured,2025-11-05T20:26:01+05:30
pay_00000000004251,order_0000004251,1591.99,upi,captured,2025-11-13T06:48:20+05:30
pay_00000000004252,order_0000004252,121.87,upi,captured,2025-11-11T17:06:07+05:30
pay_00000000004253,order_0000004253,170.42,wallet,captured,2025-11-01T08:03:08+05:30
pay_00000000004254,order_0000004254,102.82,wallet,captured,2025-11-28T19:59:35+05:30
pay_00000000004255,order_0000004255,427.99,upi,captured,2025-11-17T00:54:56+05:30
pay_00000000004256,order_0000004256,375.80,upi,captured,2025-11-09T19:53:17+05:30
pay_00000000004257,order_0000004257,112.87,netbanking,captured,2025-11-07T07:01:17+05:30
pay_00000000004258,order_0000004258,1071.00,upi,captured,2025-11-17T16:18:21+05:30
pay_00000000004259,order_0000004259,15590.29,wallet,captured,2025-11-09T20:24:19+05:30
pay_00000000004260,order_0000004260,1560.09,card,captured,2025-11-27T19:13:49+05:30
pay_00000000004261,order_0000004261,299.34,card,captured,2025-11-11T21:13:47+05:30
pay_00000000004262,order_0000004262,1026.62,upi,captured,2025-11-23T22:19:55+05:30
pay_00000000004263,order_0000004263,208.99,upi,captured,2025-11-04T07:58:46+05:30
pay_00000000004264,order_0000004264,152.99,upi,captured,2025-11-03T05:41:03+05:30
pay_00000000004265,order_0000004265,2661.53,upi,captured,2025-11-14T15:57:47+05:30
pay_00000000004266,order_0000004266,1096.13,card,captured,2025-11-22T10:28:58+05:30
pay_00000000004267,order_0000004267,295.79,wallet,captured,2025-11-02T22:29:37+05:30
pay_00000000004268,order_0000004268,1833.00,upi,captured,2025-11-29T21:51:26+05:30
pay_00000000004269,order_0000004269,459.99,upi,captured,2025-11-25T17:30:22+05:30
pay_00000000004270,order_0000004270,876.00,upi,captured,2025-11-14T22:52:43+05:30
pay_00000000004271,order_0000004271,592.00,upi,captured,2025-11-02T22:12:42+05:30
pay_00000000004272,order_0000004272,832.38,upi,failed,2025-11-02T23:14:44+05:30
pay_00000000004273,order_0000004273,621.59,wallet,captured,2025-11-16T17:45:30+05:30
pay_00000000004274,order_0000004274,1142.83,upi,captured,2025-11-09T14:54:23+05:30
pay_00000000004275,order_0000004275,627.55,wallet,captured,2025-11-19T22:36:06+05:30
pay_00000000004276,order_0000004276,623.87,card,captured,2025-11-12T08:37:09+05:30
pay_00000000004277,order_0000004277,721.59,upi,captured,2025-11-30T20:24:05+05:30
pay_00000000004278,order_0000004278,436.02,wallet,captured,2025-11-02T06:58:02+05:30
pay_00000000004279,order_0000004279,929.31,card,captured,2025-11-06T19:04:48+05:30
pay_00000000004280,order_0000004280,894.00,upi,captured,2025-11-23T20:10:03+05:30
pay_00000000004281,order_0000004281,135.29,upi,captured,2025-11-24T17:24:57+05:30
pay_00000000004282,order_0000004282,837.00,wallet,captured,2025-11-12T13:16:15+05:30
pay_00000000004283,order_0000004283,362.85,upi,captured,2025-11-26T17:34:07+05:30
pay_00000000004284,order_0000004284,797.24,netbanking,captured,2025-11-01T22:53:24+05:30
pay_00000000004285,order_0000004285,1798.00,upi,captured,2025-11-01T20:59:00+05:30
pay_00000000004286,order_0000004286,473.81,upi,captured,2025-11-30T00:00:13+05:30
pay_00000000004287,order_0000004287,104.44,card,captured,2025-11-21T17:04:01+05:30
pay_00000000004288,order_0000004288,592.00,upi,captured,2025-11-17T22:48:04+05:30
pay_00000000004289,order_0000004289,560.73,card,captured,2025-11-27T09:33:19+05:30
pay_00000000004290,order_0000004290,461.00,upi,captured,2025-11-17T21:53:17+05:30
pay_00000000004291,order_0000004291,543.99,upi,captured,2025-11-27T22:59:38+05:30
pay_00000000004292,order_0000004292,1809.00,upi,captured,2025-11-22T19:20:39+05:30
pay_00000000004293,order_0000004293,524.85,upi,captured,2025-11-19T17:08:42+05:30
pay_00000000004294,order_0000004294,441.60,upi,captured,2025-11-27T11:36:08+05:30
pay_00000000004295,order_0000004295,1745.16,upi,captured,2025-11-01T19:21:17+05:30
pay_00000000004296,order_0000004296,1582.85,wallet,captured,2025-11-30T11:34:25+05:30
pay_00000000004297,order_0000004297,1059.00,upi,captured,2025-11-20T09:03:33+05:30
pay_00000000004298,order_0000004298,1038.36,upi,captured,2025-11-12T08:15:58+05:30
pay_00000000004299,order_0000004299,516.12,upi,captured,2025-11-30T12:21:48+05:30
pay_00000000004300,order_0000004300,3317.48,upi,captured,2025-11-10T02:33:41+05:30
pay_00000000004301,order_0000004301,3452.00,netbanking,captured,2025-11-20T21:55:01+05:30
pay_00000000004302,order_0000004302,2175.92,netbanking,captured,2025-11-11T16:27:22+05:30
pay_00000000004303,order_0000004303,251.58,wallet,captured,2025-11-13T18:27:20+05:30
pay_00000000004304,order_0000004304,851.16,upi,captured,2025-11-10T07:48:29+05:30
pay_00000000004305,order_0000004305,361.00,netbanking,captured,2025-11-28T10:46:41+05:30
pay_00000000004306,order_0000004306,891.79,wallet,captured,2025-11-24T17:20:51+05:30
pay_00000000004307,order_0000004307,685.78,card,captured,2025-11-15T12:23:49+05:30
pay_00000000004308,order_0000004308,727.74,card,failed,2025-11-03T06:48:50+05:30
pay_00000000004309,order_0000004309,771.01,upi,captured,2025-11-07T07:38:51+05:30
pay_00000000004310,order_0000004310,1031.67,upi,captured,2025-11-05T03:09:58+05:30
pay_00000000004311,order_0000004311,904.27,card,captured,2025-11-04T11:47:24+05:30
pay_00000000004312,order_0000004312,191.26,card,captured,2025-11-12T12:34:19+05:30
pay_00000000004313,order_0000004313,886.72,upi,failed,2025-11-27T20:29:15+05:30
pay_00000000004314,order_0000004314,678.99,upi,captured,2025-11-15T23:13:42+05:30
pay_00000000004315,order_0000004315,3244.35,upi,captured,2025-11-25T09:47:31+05:30
pay_00000000004316,order_0000004316,979.93,upi,captured,2025-11-07T21:57:39+05:30
pay_00000000004317,order_0000004317,370.00,upi,captured,2025-11-25T23:58:49+05:30
pay_00000000004318,order_0000004318,928.35,upi,captured,2025-11-13T07:44:56+05:30
pay_00000000004319,order_0000004319,816.99,upi,captured,2025-11-19T03:26:33+05:30
pay_00000000004320,order_0000004320,468.00,upi,captured,2025-11-27T23:27:18+05:30
pay_00000000004321,order_0000004321,927.00,netbanking,captured,2025-11-26T04:54:11+05:30
pay_00000000004322,order_0000004322,803.77,card,captured,2025-11-28T12:51:31+05:30
pay_00000000004323,order_0000004323,411.00,upi,captured,2025-11-02T13:28:15+05:30
pay_00000000004324,order_0000004324,538.82,upi,captured,2025-11-12T07:10:27+05:30
pay_00000000004325,order_0000004325,1933.00,upi,captured,2025-11-16T22:34:04+05:30
pay_00000000004326,order_0000004326,249.11,upi,captured,2025-11-12T13:02:40+05:30
pay_00000000004327,order_0000004327,2514.30,netbanking,captured,2025-11-02T18:27:12+05:30
pay_00000000004328,order_0000004328,732.27,upi,captured,2025-11-01T15:08:22+05:30
pay_00000000004329,order_0000004329,2950.00,card,failed,2025-11-04T22:16:22+05:30
pay_00000000004330,order_0000004330,835.99,upi,captured,2025-11-22T09:32:09+05:30
pay_00000000004331,order_0000004331,9402.99,upi,captured,2025-11-10T22:20:05+05:30
pay_00000000004332,order_0000004332,489.52,card,captured,2025-11-02T01:25:03+05:30
pay_00000000004333,order_0000004333,3521.50,wallet,captured,2025-11-19T13:36:24+05:30
pay_00000000004334,order_0000004334,2653.18,upi,captured,2025-11-29T20:57:57+05:30
pay_00000000004335,order_0000004335,604.96,netbanking,captured,2025-11-24T18:02:32+05:30
pay_00000000004336,order_0000004336,672.99,upi,captured,2025-11-26T00:55:52+05:30
pay_00000000004337,order_0000004337,3398.00,upi,captured,2025-11-16T23:28:02+05:30
pay_00000000004338,order_0000004338,1054.73,wallet,captured,2025-11-06T07:03:28+05:30
pay_00000000004339,order_0000004339,107.99,upi,captured,2025-11-13T14:22:26+05:30
pay_00000000004340,order_0000004340,290.43,upi,captured,2025-11-10T17:11:11+05:30
pay_00000000004341,order_0000004341,844.99,upi,captured,2025-11-15T15:27:42+05:30
pay_00000000004342,order_0000004342,857.99,card,captured,2025-11-16T03:00:03+05:30
pay_00000000004343,order_0000004343,802.49,upi,captured,2025-11-21T16:33:39+05:30
pay_00000000004344,order_0000004344,363.43,upi,captured,2025-11-23T13:53:19+05:30
pay_00000000004345,order_0000004345,168.73,upi,captured,2025-11-08T19:45:35+05:30
pay_00000000004346,order_0000004346,392.52,netbanking,captured,2025-11-09T23:39:59+05:30
pay_00000000004347,order_0000004347,201.52,card,captured,2025-11-01T06:07:34+05:30
pay_00000000004348,order_0000004348,466.00,card,captured,2025-11-23T11:13:39+05:30
pay_00000000004349,order_0000004349,886.86,wallet,captured,2025-11-30T22:56:11+05:30
pay_00000000004350,order_0000004350,581.99,wallet,captured,2025-11-11T19:02:41+05:30
pay_00000000004351,order_0000004351,484.68,card,captured,2025-11-09T07:43:24+05:30
pay_00000000004352,order_0000004352,523.00,card,captured,2025-11-21T14:36:29+05:30
pay_00000000004353,order_0000004353,454.00,upi,captured,2025-11-30T15:03:39+05:30
pay_00000000004354,order_0000004354,971.31,wallet,captured,2025-11-12T23:44:10+05:30
pay_00000000004355,order_0000004355,1536.99,netbanking,captured,2025-11-26T21:19:46+05:30
pay_00000000004356,order_0000004356,390.36,upi,captured,2025-11-01T14:54:20+05:30
pay_00000000004357,order_0000004357,3166.14,netbanking,captured,2025-11-12T07:31:28+05:30
pay_00000000004358,order_0000004358,2047.92,upi,captured,2025-11-24T07:34:45+05:30
pay_00000000004359,order_0000004359,104.00,upi,captured,2025-11-06T15:46:43+05:30
pay_00000000004360,order_0000004360,2395.00,card,captured,2025-11-05T22:22:37+05:30
pay_00000000004361,order_0000004361,124.99,upi,captured,2025-11-11T10:55:16+05:30
pay_00000000004362,order_0000004362,813.10,upi,captured,2025-11-04T23:06:29+05:30
pay_00000000004363,order_0000004363,1890.46,upi,captured,2025-11-18T16:12:01+05:30
pay_00000000004364,order_0000004364,782.41,upi,captured,2025-11-14T12:58:27+05:30
pay_00000000004365,order_0000004365,561.80,upi,captured,2025-11-03T06:54:37+05:30
pay_00000000004366,order_0000004366,181.99,wallet,captured,2025-11-13T07:31:57+05:30
pay_00000000004367,order_0000004367,901.51,card,captured,2025-11-29T16:27:17+05:30
pay_00000000004368,order_0000004368,692.68,wallet,captured,2025-11-05T10:23:44+05:30
pay_00000000004369,order_0000004369,915.00,card,captured,2025-11-26T22:48:59+05:30
pay_00000000004370,order_0000004370,895.00,wallet,captured,2025-11-26T21:12:25+05:30
pay_00000000004371,order_0000004371,1672.59,card,captured,2025-11-22T13:31:10+05:30
pay_00000000004372,order_0000004372,399.22,upi,captured,2025-11-07T21:18:13+05:30
pay_00000000004373,order_0000004373,285.99,upi,captured,2025-11-17T14:09:13+05:30
pay_00000000004374,order_0000004374,420.16,upi,captured,2025-11-06T23:16:18+05:30
pay_00000000004375,order_0000004375,17489.82,upi,captured,2025-11-09T17:37:21+05:30
pay_00000000004376,order_0000004376,499.74,card,captured,2025-11-24T09:54:14+05:30
pay_00000000004377,order_0000004377,3045.26,upi,captured,2025-11-24T08:50:26+05:30
pay_00000000004378,order_0000004378,9159.90,upi,captured,2025-11-15T23:50:14+05:30
pay_00000000004379,order_0000004379,928.00,upi,captured,2025-11-25T15:31:41+05:30
pay_00000000004380,order_0000004380,368.99,upi,captured,2025-11-04T19:23:05+05:30
pay_00000000004381,order_0000004381,193.01,card,captured,2025-11-07T20:59:58+05:30
pay_00000000004382,order_0000004382,767.19,netbanking,captured,2025-11-09T06:13:31+05:30
pay_00000000004383,order_0000004383,777.00,card,captured,2025-11-12T09:58:54+05:30
pay_00000000004384,order_0000004384,534.99,wallet,captured,2025-11-06T16:43:30+05:30
pay_00000000004385,order_0000004385,3103.00,card,failed,2025-11-11T15:19:10+05:30
pay_00000000004386,order_0000004386,931.99,wallet,captured,2025-11-07T18:55:50+05:30
pay_00000000004387,order_0000004387,189.00,card,captured,2025-11-29T17:40:09+05:30
pay_00000000004388,order_0000004388,892.65,netbanking,captured,2025-11-14T14:41:55+05:30
pay_00000000004389,order_0000004389,8534.51,upi,captured,2025-11-22T21:43:41+05:30
pay_00000000004390,order_0000004390,412.00,netbanking,captured,2025-11-26T12:10:38+05:30
pay_00000000004391,order_0000004391,752.82,upi,captured,2025-11-22T22:17:11+05:30
pay_00000000004392,order_0000004392,1243.14,netbanking,captured,2025-11-07T15:12:06+05:30
pay_00000000004393,order_0000004393,411.00,upi,captured,2025-11-17T14:14:00+05:30
pay_00000000004394,order_0000004394,826.00,card,captured,2025-11-10T18:10:21+05:30
pay_00000000004395,order_0000004395,710.00,card,captured,2025-11-09T14:18:04+05:30
pay_00000000004396,order_0000004396,170.00,wallet,captured,2025-11-02T13:35:57+05:30
pay_00000000004397,order_0000004397,679.02,card,captured,2025-11-23T11:55:08+05:30
pay_00000000004398,order_0000004398,5145.00,upi,captured,2025-11-25T18:05:34+05:30
pay_00000000004399,order_0000004399,161.00,upi,captured,2025-11-06T14:26:02+05:30
pay_00000000004400,order_0000004400,200.99,upi,captured,2025-11-13T23:29:11+05:30
pay_00000000004401,order_0000004401,655.00,netbanking,captured,2025-11-26T01:30:08+05:30
pay_00000000004402,order_0000004402,6425.36,wallet,captured,2025-11-08T05:45:24+05:30
pay_00000000004403,order_0000004403,510.67,card,captured,2025-11-01T20:12:29+05:30
pay_00000000004404,order_0000004404,686.10,upi,captured,2025-11-07T21:15:51+05:30
pay_00000000004405,order_0000004405,1874.10,card,captured,2025-11-13T09:43:21+05:30
pay_00000000004406,order_0000004406,146.31,upi,captured,2025-11-19T10:51:29+05:30
pay_00000000004407,order_0000004407,999.00,card,captured,2025-11-24T14:02:58+05:30
pay_00000000004408,order_0000004408,211.00,upi,captured,2025-11-10T13:20:55+05:30
pay_00000000004409,order_0000004409,297.00,wallet,captured,2025-11-10T11:28:18+05:30
pay_00000000004410,order_0000004410,562.99,upi,captured,2025-11-12T23:53:20+05:30
pay_00000000004411,order_0000004411,500.00,upi,captured,2025-11-14T06:33:30+05:30
pay_00000000004412,order_0000004412,796.99,upi,captured,2025-11-26T17:13:52+05:30
pay_00000000004413,order_0000004413,691.10,upi,captured,2025-11-05T14:22:20+05:30
pay_00000000004414,order_0000004414,628.60,upi,captured,2025-11-25T16:10:55+05:30
pay_00000000004415,order_0000004415,736.00,upi,failed,2025-11-30T23:11:28+05:30
pay_00000000004416,order_0000004416,310.00,card,failed,2025-11-24T19:33:13+05:30
pay_00000000004417,order_0000004417,586.18,upi,captured,2025-11-20T14:10:43+05:30
pay_00000000004418,order_0000004418,756.21,upi,captured,2025-11-19T13:20:28+05:30
pay_00000000004419,order_0000004419,596.52,netbanking,captured,2025-11-11T13:44:26+05:30
pay_00000000004420,order_0000004420,1495.00,card,captured,2025-11-11T17:50:46+05:30
pay_00000000004421,order_0000004421,994.00,wallet,captured,2025-11-10T08:11:39+05:30
pay_00000000004422,order_0000004422,1074.79,upi,captured,2025-11-29T18:05:09+05:30
pay_00000000004423,order_0000004423,963.48,upi,captured,2025-11-13T21:33:55+05:30
pay_00000000004424,order_0000004424,828.00,card,captured,2025-11-05T16:03:29+05:30
pay_00000000004425,order_0000004425,815.90,upi,captured,2025-11-16T10:37:42+05:30
pay_00000000004426,order_0000004426,626.99,upi,captured,2025-11-20T11:11:00+05:30
pay_00000000004427,order_0000004427,438.00,wallet,captured,2025-11-11T18:33:29+05:30
pay_00000000004428,order_0000004428,2417.00,upi,captured,2025-11-05T22:57:16+05:30
pay_00000000004429,order_0000004429,958.25,upi,captured,2025-11-25T08:12:15+05:30
pay_00000000004430,order_0000004430,562.25,upi,captured,2025-11-02T11:05:29+05:30
pay_00000000004431,order_0000004431,601.06,card,captured,2025-11-09T17:49:06+05:30
pay_00000000004432,order_0000004432,683.00,upi,captured,2025-11-10T18:17:14+05:30
pay_00000000004433,order_0000004433,1307.27,netbanking,captured,2025-11-15T17:50:01+05:30
pay_00000000004434,order_0000004434,116.69,upi,failed,2025-11-26T06:19:28+05:30
pay_00000000004435,order_0000004435,510.99,card,captured,2025-11-13T17:25:31+05:30
pay_00000000004436,order_0000004436,561.02,card,captured,2025-11-22T12:41:43+05:30
pay_00000000004437,order_0000004437,501.00,upi,captured,2025-11-02T21:26:47+05:30
pay_00000000004438,order_0000004438,615.99,upi,failed,2025-11-06T21:37:34+05:30
pay_00000000004439,order_0000004439,445.93,upi,captured,2025-11-12T08:10:01+05:30
pay_00000000004440,order_0000004440,692.32,upi,captured,2025-11-14T02:58:03+05:30
pay_00000000004441,order_0000004441,595.99,wallet,failed,2025-11-06T12:00:32+05:30
pay_00000000004442,order_0000004442,1432.12,upi,captured,2025-11-23T18:28:56+05:30
pay_00000000004443,order_0000004443,1056.00,card,captured,2025-11-03T14:15:58+05:30
pay_00000000004444,order_0000004444,422.00,card,captured,2025-11-11T12:02:05+05:30
pay_00000000004445,order_0000004445,923.96,upi,captured,2025-11-15T19:59:22+05:30
pay_00000000004446,order_0000004446,586.00,netbanking,captured,2025-11-26T18:18:22+05:30
pay_00000000004447,order_0000004447,1078.46,card,failed,2025-11-07T09:02:24+05:30
pay_00000000004448,order_0000004448,7298.83,card,captured,2025-11-03T08:21:43+05:30
pay_00000000004449,order_0000004449,3251.00,upi,captured,2025-11-02T20:57:33+05:30
pay_00000000004450,order_0000004450,2273.00,card,captured,2025-11-21T16:20:50+05:30
pay_00000000004451,order_0000004451,1080.00,upi,captured,2025-11-26T08:15:51+05:30
pay_00000000004452,order_0000004452,8735.35,card,captured,2025-11-09T13:54:12+05:30
pay_00000000004453,order_0000004453,3027.00,netbanking,captured,2025-11-30T05:00:34+05:30
pay_00000000004454,order_0000004454,1437.15,upi,captured,2025-11-19T21:00:18+05:30
pay_00000000004455,order_0000004455,451.20,card,captured,2025-11-30T04:27:47+05:30
pay_00000000004456,order_0000004456,860.18,upi,captured,2025-11-24T06:10:48+05:30
pay_00000000004457,order_0000004457,409.00,upi,captured,2025-11-18T08:41:09+05:30
pay_00000000004458,order_0000004458,635.00,upi,captured,2025-11-20T20:05:09+05:30
pay_00000000004459,order_0000004459,598.33,netbanking,captured,2025-11-27T21:32:49+05:30
pay_00000000004460,order_0000004460,585.90,upi,captured,2025-11-25T18:42:09+05:30
pay_00000000004461,order_0000004461,833.96,upi,captured,2025-11-26T23:15:27+05:30
pay_00000000004462,order_0000004462,775.79,card,captured,2025-11-12T12:25:56+05:30
pay_00000000004463,order_0000004463,2303.12,upi,captured,2025-11-09T08:37:59+05:30
pay_00000000004464,order_0000004464,137.00,netbanking,captured,2025-11-04T02:55:03+05:30
pay_00000000004465,order_0000004465,1495.99,upi,captured,2025-11-14T12:28:34+05:30
pay_00000000004466,order_0000004466,941.15,upi,captured,2025-11-06T18:46:19+05:30
pay_00000000004467,order_0000004467,768.46,netbanking,captured,2025-11-30T09:09:53+05:30
pay_00000000004468,order_0000004468,216.00,wallet,captured,2025-11-09T21:36:28+05:30
pay_00000000004469,order_0000004469,427.00,card,captured,2025-11-22T04:13:23+05:30
pay_00000000004470,order_0000004470,1658.99,wallet,captured,2025-11-10T11:32:21+05:30
pay_00000000004471,order_0000004471,870.09,card,captured,2025-11-19T22:52:53+05:30
pay_00000000004472,order_0000004472,1590.04,card,captured,2025-11-29T03:22:43+05:30
pay_00000000004473,order_0000004473,1796.99,upi,captured,2025-11-14T18:48:19+05:30
pay_00000000004474,order_0000004474,1826.00,upi,captured,2025-11-03T15:58:44+05:30
pay_00000000004475,order_0000004475,391.85,card,captured,2025-11-03T06:33:00+05:30
pay_00000000004476,order_0000004476,3543.91,upi,captured,2025-11-14T13:04:22+05:30
pay_00000000004477,order_0000004477,396.30,upi,captured,2025-11-10T16:56:54+05:30
pay_00000000004478,order_0000004478,911.99,upi,captured,2025-11-20T17:41:25+05:30
pay_00000000004479,order_0000004479,886.99,wallet,captured,2025-11-09T15:58:03+05:30
pay_00000000004480,order_0000004480,438.00,upi,captured,2025-11-06T23:49:19+05:30
pay_00000000004481,order_0000004481,166.29,card,captured,2025-11-06T17:31:01+05:30
pay_00000000004482,order_0000004482,653.96,wallet,captured,2025-11-10T07:00:36+05:30
pay_00000000004483,order_0000004483,1071.00,wallet,captured,2025-11-20T20:22:50+05:30
pay_00000000004484,order_0000004484,240.56,card,captured,2025-11-06T06:29:36+05:30
pay_00000000004485,order_0000004485,1989.99,wallet,captured,2025-11-08T14:42:58+05:30
pay_00000000004486,order_0000004486,567.77,wallet,captured,2025-11-24T07:48:24+05:30
pay_00000000004487,order_0000004487,986.99,card,captured,2025-11-27T01:27:26+05:30
pay_00000000004488,order_0000004488,596.69,upi,captured,2025-11-15T07:47:36+05:30
pay_00000000004489,order_0000004489,734.00,upi,captured,2025-11-07T14:10:42+05:30
pay_00000000004490,order_0000004490,3242.39,upi,captured,2025-11-07T19:53:57+05:30
pay_00000000004491,order_0000004491,1026.00,wallet,captured,2025-11-28T12:27:54+05:30
pay_00000000004492,order_0000004492,199.22,upi,captured,2025-11-12T22:41:41+05:30
pay_00000000004493,order_0000004493,147.61,upi,captured,2025-11-09T03:30:26+05:30
pay_00000000004494,order_0000004494,2757.63,upi,captured,2025-11-26T18:10:53+05:30
pay_00000000004495,order_0000004495,492.14,upi,captured,2025-11-08T07:53:32+05:30
pay_00000000004496,order_0000004496,3476.00,card,captured,2025-11-10T13:13:56+05:30
pay_00000000004497,order_0000004497,627.00,upi,captured,2025-11-29T10:54:10+05:30
pay_00000000004498,order_0000004498,118.08,upi,captured,2025-11-28T09:47:22+05:30
pay_00000000004499,order_0000004499,1768.99,upi,captured,2025-11-14T21:20:12+05:30
pay_00000000004500,order_0000004500,2297.00,netbanking,captured,2025-11-12T08:28:14+05:30
pay_00000000004501,order_0000004501,831.00,upi,captured,2025-11-03T15:39:07+05:30
pay_00000000004502,order_0000004502,230.36,upi,captured,2025-11-18T16:53:11+05:30
pay_00000000004503,order_0000004503,541.92,netbanking,captured,2025-11-22T22:11:03+05:30
pay_00000000004504,order_0000004504,252.05,card,captured,2025-11-07T07:49:43+05:30
pay_00000000004505,order_0000004505,269.60,upi,captured,2025-11-09T16:00:12+05:30
pay_00000000004506,order_0000004506,633.83,card,captured,2025-11-09T21:48:09+05:30
pay_00000000004507,order_0000004507,201.99,upi,captured,2025-11-04T21:08:50+05:30
pay_00000000004508,order_0000004508,981.21,upi,captured,2025-11-09T01:13:09+05:30
pay_00000000004509,order_0000004509,1062.74,card,captured,2025-11-07T17:29:16+05:30
pay_00000000004510,order_0000004510,2251.77,upi,captured,2025-11-03T11:14:16+05:30
pay_00000000004511,order_0000004511,444.00,card,captured,2025-11-25T09:29:06+05:30
pay_00000000004512,order_0000004512,708.99,upi,captured,2025-11-27T14:58:59+05:30
pay_00000000004513,order_0000004513,1705.99,upi,captured,2025-11-02T17:15:07+05:30
pay_00000000004514,order_0000004514,847.08,upi,captured,2025-11-11T00:06:40+05:30
pay_00000000004515,order_0000004515,349.17,upi,captured,2025-11-23T11:21:11+05:30
pay_00000000004516,order_0000004516,450.00,card,captured,2025-11-11T19:34:34+05:30
pay_00000000004517,order_0000004517,1906.09,upi,captured,2025-11-11T02:53:55+05:30
pay_00000000004518,order_0000004518,934.45,card,captured,2025-11-21T12:07:06+05:30
pay_00000000004519,order_0000004519,232.91,card,captured,2025-11-27T23:46:24+05:30
pay_00000000004520,order_0000004520,292.99,card,failed,2025-11-19T10:24:47+05:30
pay_00000000004521,order_0000004521,840.40,upi,captured,2025-11-29T15:33:08+05:30
pay_00000000004522,order_0000004522,424.98,upi,captured,2025-11-07T12:02:01+05:30
pay_00000000004523,order_0000004523,890.90,card,captured,2025-11-26T17:43:57+05:30
pay_00000000004524,order_0000004524,511.00,wallet,captured,2025-11-29T21:18:02+05:30
pay_00000000004525,order_0000004525,432.73,card,captured,2025-11-29T22:58:34+05:30
pay_00000000004526,order_0000004526,1494.00,card,captured,2025-11-25T12:18:55+05:30
pay_00000000004527,order_0000004527,2731.99,upi,captured,2025-11-23T21:56:39+05:30
pay_00000000004528,order_0000004528,1884.04,upi,captured,2025-11-08T15:28:24+05:30
pay_00000000004529,order_0000004529,1344.00,upi,captured,2025-11-17T13:41:06+05:30
pay_00000000004530,order_0000004530,939.83,upi,failed,2025-11-27T23:42:11+05:30
pay_00000000004531,order_0000004531,5081.00,upi,captured,2025-11-04T14:20:52+05:30
pay_00000000004532,order_0000004532,522.00,netbanking,captured,2025-11-22T10:18:17+05:30
pay_00000000004533,order_0000004533,2464.56,card,captured,2025-11-01T17:12:57+05:30
pay_00000000004534,order_0000004534,814.00,card,captured,2025-11-27T23:41:03+05:30
pay_00000000004535,order_0000004535,9009.00,upi,captured,2025-11-22T10:59:20+05:30
pay_00000000004536,order_0000004536,872.00,upi,captured,2025-11-07T18:27:41+05:30
pay_00000000004537,order_0000004537,354.97,upi,captured,2025-11-05T16:48:09+05:30
pay_00000000004538,order_0000004538,1439.00,wallet,captured,2025-11-11T15:33:42+05:30
pay_00000000004539,order_0000004539,850.00,upi,captured,2025-11-08T21:09:55+05:30
pay_00000000004540,order_0000004540,718.00,upi,captured,2025-11-24T09:39:59+05:30
pay_00000000004541,order_0000004541,353.99,netbanking,captured,2025-11-01T15:50:39+05:30
pay_00000000004542,order_0000004542,932.34,netbanking,captured,2025-11-16T20:25:54+05:30
pay_00000000004543,order_0000004543,677.19,upi,captured,2025-11-16T22:57:14+05:30
pay_00000000004544,order_0000004544,487.96,upi,captured,2025-11-24T13:50:19+05:30
pay_00000000004545,order_0000004545,616.58,card,captured,2025-11-12T21:47:19+05:30
pay_00000000004546,order_0000004546,599.49,upi,captured,2025-11-10T13:49:56+05:30
pay_00000000004547,order_0000004547,680.00,upi,captured,2025-11-21T19:26:48+05:30
pay_00000000004548,order_0000004548,501.00,upi,captured,2025-11-15T12:34:05+05:30
pay_00000000004549,order_0000004549,712.00,upi,captured,2025-11-06T17:37:31+05:30
pay_00000000004550,order_0000004550,655.99,upi,captured,2025-11-12T23:45:48+05:30
pay_00000000004551,order_0000004551,674.01,upi,captured,2025-11-08T17:09:11+05:30
pay_00000000004552,order_0000004552,3508.83,upi,captured,2025-11-14T08:12:20+05:30
pay_00000000004553,order_0000004553,240.00,upi,captured,2025-11-12T20:30:47+05:30
pay_00000000004554,order_0000004554,1013.99,upi,captured,2025-11-11T22:46:40+05:30
pay_00000000004555,order_0000004555,1901.99,upi,captured,2025-11-18T01:07:54+05:30
pay_00000000004556,order_0000004556,662.00,upi,failed,2025-11-02T19:05:12+05:30
pay_00000000004557,order_0000004557,1069.12,card,captured,2025-11-29T23:39:48+05:30
pay_00000000004558,order_0000004558,498.00,card,captured,2025-11-25T10:27:55+05:30
pay_00000000004559,order_0000004559,634.00,upi,captured,2025-11-29T18:10:13+05:30
pay_00000000004560,order_0000004560,1079.13,card,captured,2025-11-23T20:38:16+05:30
pay_00000000004561,order_0000004561,776.28,card,captured,2025-11-15T02:54:02+05:30
pay_00000000004562,order_0000004562,1188.26,wallet,captured,2025-11-09T18:49:35+05:30
pay_00000000004563,order_0000004563,1053.00,netbanking,captured,2025-11-10T16:18:49+05:30
pay_00000000004564,order_0000004564,778.19,upi,failed,2025-11-08T19:52:29+05:30
pay_00000000004565,order_0000004565,2768.00,upi,captured,2025-11-21T01:07:48+05:30
pay_00000000004566,order_0000004566,928.50,upi,captured,2025-11-27T20:41:34+05:30
pay_00000000004567,order_0000004567,755.15,card,captured,2025-11-16T16:39:23+05:30
pay_00000000004568,order_0000004568,3083.00,upi,captured,2025-11-09T08:22:20+05:30
pay_00000000004569,order_0000004569,12866.26,upi,captured,2025-11-30T15:38:21+05:30
pay_00000000004570,order_0000004570,693.99,upi,captured,2025-11-30T17:34:12+05:30
pay_00000000004571,order_0000004571,2835.00,upi,captured,2025-11-14T08:49:52+05:30
pay_00000000004572,order_0000004572,1126.55,card,captured,2025-11-17T20:01:23+05:30
pay_00000000004573,order_0000004573,864.00,netbanking,captured,2025-11-21T21:27:12+05:30
pay_00000000004574,order_0000004574,361.50,upi,captured,2025-11-12T06:21:08+05:30
pay_00000000004575,order_0000004575,663.93,upi,captured,2025-11-06T21:40:35+05:30
pay_00000000004576,order_0000004576,365.99,upi,captured,2025-11-23T02:13:46+05:30
pay_00000000004577,order_0000004577,883.00,card,captured,2025-11-23T18:52:51+05:30
pay_00000000004578,order_0000004578,6064.25,upi,captured,2025-11-19T19:01:34+05:30
pay_00000000004579,order_0000004579,374.31,upi,captured,2025-11-11T16:52:21+05:30
pay_00000000004580,order_0000004580,920.77,card,captured,2025-11-14T12:27:41+05:30
pay_00000000004581,order_0000004581,346.80,netbanking,captured,2025-11-22T09:20:45+05:30
pay_00000000004582,order_0000004582,1034.61,netbanking,captured,2025-11-23T16:00:42+05:30
pay_00000000004583,order_0000004583,981.00,upi,captured,2025-11-23T18:45:27+05:30
pay_00000000004584,order_0000004584,114.00,card,captured,2025-11-08T09:45:40+05:30
pay_00000000004585,order_0000004585,807.45,wallet,captured,2025-11-02T14:43:12+05:30
pay_00000000004586,order_0000004586,359.00,card,captured,2025-11-03T16:38:10+05:30
pay_00000000004587,order_0000004587,3031.81,card,captured,2025-11-06T14:34:32+05:30
pay_00000000004588,order_0000004588,232.59,wallet,captured,2025-11-24T02:42:34+05:30
pay_00000000004589,order_0000004589,507.00,upi,captured,2025-11-12T06:56:09+05:30
pay_00000000004590,order_0000004590,11507.99,upi,captured,2025-11-02T06:57:33+05:30
pay_00000000004591,order_0000004591,168.00,upi,captured,2025-11-03T06:29:23+05:30
pay_00000000004592,order_0000004592,726.99,upi,captured,2025-11-09T15:57:46+05:30
pay_00000000004593,order_0000004593,280.77,upi,captured,2025-11-27T19:10:22+05:30
pay_00000000004594,order_0000004594,908.00,netbanking,captured,2025-11-15T18:18:10+05:30
pay_00000000004595,order_0000004595,361.00,wallet,captured,2025-11-24T18:41:14+05:30
pay_00000000004596,order_0000004596,385.15,upi,captured,2025-11-27T13:54:57+05:30
pay_00000000004597,order_0000004597,951.99,wallet,captured,2025-11-25T22:15:56+05:30
pay_00000000004598,order_0000004598,1887.99,upi,captured,2025-11-19T11:35:21+05:30
pay_00000000004599,order_0000004599,769.00,netbanking,captured,2025-11-01T09:37:51+05:30
pay_00000000004600,order_0000004600,11940.55,upi,captured,2025-11-02T22:05:18+05:30
pay_00000000004601,order_0000004601,909.29,upi,captured,2025-11-15T17:59:59+05:30
pay_00000000004602,order_0000004602,909.29,upi,captured,2025-11-15T17:59:59+05:30
pay_00000000004603,order_0000004603,281.79,upi,captured,2025-11-04T05:59:59+05:30
pay_00000000004604,order_0000004604,281.79,upi,captured,2025-11-04T05:59:59+05:30
pay_00000000004605,order_0000004605,209.00,upi,captured,2025-11-08T05:59:59+05:30
pay_00000000004606,order_0000004606,209.00,upi,captured,2025-11-08T05:59:59+05:30
pay_00000000004607,order_0000004607,641.17,card,captured,2025-11-21T17:59:59+05:30
pay_00000000004608,order_0000004608,641.17,card,captured,2025-11-21T17:59:59+05:30
pay_00000000004609,order_0000004609,502.00,card,captured,2025-11-05T17:59:59+05:30
pay_00000000004610,order_0000004610,502.00,card,captured,2025-11-05T17:59:59+05:30
pay_00000000004611,order_0000004611,1056.00,card,captured,2025-11-03T17:59:59+05:30
pay_00000000004612,order_0000004612,1056.00,card,captured,2025-11-03T17:59:59+05:30
