payment_id,order_id,amount,method,status,created_at_ist
pay_00000000000001,order_0000000001,5754.71,wallet,captured,2025-11-09T18:01:28+05:30
pay_00000000000002,order_0000000002,166752.00,netbanking,captured,2025-11-14T16:01:38+05:30
pay_00000000000003,order_0000000003,38403.51,wallet,failed,2025-11-10T17:19:21+05:30
pay_00000000000004,order_0000000004,34218.53,netbanking,captured,2025-11-15T19:51:46+05:30
pay_00000000000005,order_0000000005,5362.48,netbanking,captured,2025-11-26T17:01:22+05:30
pay_00000000000006,order_0000000006,3949.43,netbanking,captured,2025-11-09T11:47:25+05:30
pay_00000000000007,order_0000000007,23048.00,netbanking,captured,2025-11-06T08:47:38+05:30
pay_00000000000008,order_0000000008,33824.00,netbanking,captured,2025-11-16T22:12:23+05:30
pay_00000000000009,order_0000000009,44454.76,card,captured,2025-11-15T10:56:20+05:30
pay_00000000000010,order_0000000010,27298.99,upi,captured,2025-11-10T23:59:38+05:30
pay_00000000000011,order_0000000011,5270.08,netbanking,captured,2025-11-09T09:08:46+05:30
pay_00000000000012,order_0000000012,22566.97,netbanking,captured,2025-11-21T03:45:56+05:30
pay_00000000000013,order_0000000013,60360.24,wallet,captured,2025-11-10T07:28:43+05:30
pay_00000000000014,order_0000000014,98662.99,card,captured,2025-11-26T06:02:15+05:30
pay_00000000000015,order_0000000015,2014.93,wallet,captured,2025-11-23T20:46:15+05:30
pay_00000000000016,order_0000000016,3291.00,netbanking,captured,2025-11-21T22:44:27+05:30
pay_00000000000017,order_0000000017,221262.00,netbanking,captured,2025-11-04T07:24:17+05:30
pay_00000000000018,order_0000000018,28966.15,netbanking,captured,2025-11-29T09:11:32+05:30
pay_00000000000019,order_0000000019,41436.00,netbanking,captured,2025-11-20T22:00:56+05:30
pay_00000000000020,order_0000000020,185821.79,card,captured,2025-11-24T23:31:02+05:30
pay_00000000000021,order_0000000021,30649.18,netbanking,captured,2025-11-30T15:28:22+05:30
pay_00000000000022,order_0000000022,4513.99,upi,captured,2025-11-22T23:10:34+05:30
pay_00000000000023,order_0000000023,4610.83,wallet,failed,2025-11-04T14:49:44+05:30
pay_00000000000024,order_0000000024,41280.00,netbanking,captured,2025-11-04T20:41:54+05:30
pay_00000000000025,order_0000000025,22609.00,netbanking,captured,2025-11-02T20:59:32+05:30
pay_00000000000026,order_0000000026,3125.91,upi,captured,2025-11-08T20:08:31+05:30
pay_00000000000027,order_0000000027,85476.48,netbanking,failed,2025-11-25T23:47:51+05:30
pay_00000000000028,order_0000000028,5311.00,wallet,captured,2025-11-25T14:20:27+05:30
pay_00000000000029,order_0000000029,174586.00,netbanking,captured,2025-11-15T20:24:29+05:30
pay_00000000000030,order_0000000030,40959.99,wallet,failed,2025-11-30T23:20:28+05:30
pay_00000000000031,order_0000000031,18298.99,netbanking,captured,2025-11-26T09:35:17+05:30
pay_00000000000032,order_0000000032,2347.00,card,captured,2025-11-06T23:26:34+05:30
pay_00000000000033,order_0000000033,122220.99,netbanking,captured,2025-11-04T14:04:08+05:30
pay_00000000000034,order_0000000034,175324.44,netbanking,captured,2025-11-28T20:56:20+05:30
pay_00000000000035,order_0000000035,210113.00,card,failed,2025-11-03T18:20:57+05:30
pay_00000000000036,order_0000000036,19443.96,netbanking,captured,2025-11-04T16:27:52+05:30
pay_00000000000037,order_0000000037,13513.20,card,captured,2025-11-28T22:40:44+05:30
pay_00000000000038,order_0000000038,12259.00,wallet,captured,2025-11-21T16:25:08+05:30
pay_00000000000039,order_0000000039,16101.00,card,captured,2025-11-28T19:57:25+05:30
pay_00000000000040,order_0000000040,14129.00,netbanking,captured,2025-11-13T17:04:36+05:30
pay_00000000000041,order_0000000041,20730.86,netbanking,captured,2025-11-19T13:22:31+05:30
pay_00000000000042,order_0000000042,43612.00,wallet,captured,2025-11-05T11:11:26+05:30
pay_00000000000043,order_0000000043,17780.91,netbanking,captured,2025-11-30T11:26:36+05:30
pay_00000000000044,order_0000000044,2390.55,netbanking,captured,2025-11-15T15:15:09+05:30
pay_00000000000045,order_0000000045,186300.72,card,captured,2025-11-05T23:35:35+05:30
pay_00000000000046,order_0000000046,10192.00,upi,captured,2025-11-20T00:29:32+05:30
pay_00000000000047,order_0000000047,7751.00,netbanking,captured,2025-11-22T17:11:09+05:30
pay_00000000000048,order_0000000048,6559.89,netbanking,captured,2025-11-04T10:27:04+05:30
pay_00000000000049,order_0000000049,212797.50,netbanking,captured,2025-11-02T23:00:54+05:30
pay_00000000000050,order_0000000050,142889.73,wallet,captured,2025-11-21T12:58:23+05:30
pay_00000000000051,order_0000000051,16377.99,upi,captured,2025-11-30T13:29:26+05:30
pay_00000000000052,order_0000000052,2013.03,card,captured,2025-11-05T19:51:38+05:30
pay_00000000000053,order_0000000053,20152.99,card,captured,2025-11-06T18:10:23+05:30
pay_00000000000054,order_0000000054,4642.52,netbanking,captured,2025-11-14T10:22:45+05:30
pay_00000000000055,order_0000000055,5550.00,netbanking,captured,2025-11-19T16:07:41+05:30
pay_00000000000056,order_0000000056,17944.37,card,captured,2025-11-16T22:13:18+05:30
pay_00000000000057,order_0000000057,12963.36,netbanking,captured,2025-11-12T02:11:26+05:30
pay_00000000000058,order_0000000058,6953.03,netbanking,captured,2025-11-03T08:26:39+05:30
pay_00000000000059,order_0000000059,158950.00,netbanking,captured,2025-11-06T13:16:47+05:30
pay_00000000000060,order_0000000060,3500.45,netbanking,failed,2025-11-15T21:36:36+05:30
pay_00000000000061,order_0000000061,8260.99,card,captured,2025-11-01T22:21:42+05:30
pay_00000000000062,order_0000000062,23574.00,netbanking,captured,2025-11-03T21:07:53+05:30
pay_00000000000063,order_0000000063,7055.32,netbanking,captured,2025-11-30T17:57:13+05:30
pay_00000000000064,order_0000000064,37026.99,card,captured,2025-11-02T17:42:53+05:30
pay_00000000000065,order_0000000065,234451.44,card,failed,2025-11-16T06:58:51+05:30
pay_00000000000066,order_0000000066,23595.67,netbanking,captured,2025-11-10T00:32:52+05:30
pay_00000000000067,order_0000000067,160236.31,upi,captured,2025-11-24T16:43:43+05:30
pay_00000000000068,order_0000000068,3891.99,netbanking,captured,2025-11-23T08:12:59+05:30
pay_00000000000069,order_0000000069,34240.81,netbanking,captured,2025-11-24T16:30:14+05:30
pay_00000000000070,order_0000000070,25928.91,netbanking,captured,2025-11-04T10:10:22+05:30
pay_00000000000071,order_0000000071,17553.94,netbanking,captured,2025-11-07T02:54:24+05:30
pay_00000000000072,order_0000000072,21491.03,card,captured,2025-11-23T12:21:00+05:30
pay_00000000000073,order_0000000073,3578.67,netbanking,captured,2025-11-26T07:57:51+05:30
pay_00000000000074,order_0000000074,84467.37,upi,captured,2025-11-13T19:50:26+05:30
pay_00000000000075,order_0000000075,177672.00,wallet,captured,2025-11-25T20:07:13+05:30
pay_00000000000076,order_0000000076,2211.63,netbanking,captured,2025-11-17T17:38:04+05:30
pay_00000000000077,order_0000000077,4239.99,upi,captured,2025-11-20T07:03:34+05:30
pay_00000000000078,order_0000000078,41107.00,card,captured,2025-11-04T20:39:35+05:30
pay_00000000000079,order_0000000079,2533.09,netbanking,captured,2025-11-18T14:00:11+05:30
pay_00000000000080,order_0000000080,140139.00,card,captured,2025-11-25T13:59:00+05:30
pay_00000000000081,order_0000000081,9744.00,wallet,captured,2025-11-04T12:46:27+05:30
pay_00000000000082,order_0000000082,5613.27,card,captured,2025-11-27T07:06:50+05:30
pay_00000000000083,order_0000000083,33283.00,netbanking,captured,2025-11-08T11:31:35+05:30
pay_00000000000084,order_0000000084,8631.00,netbanking,captured,2025-11-17T12:44:31+05:30
pay_00000000000085,order_0000000085,29213.50,netbanking,captured,2025-11-16T19:06:28+05:30
pay_00000000000086,order_0000000086,142514.09,netbanking,captured,2025-11-06T07:20:55+05:30
pay_00000000000087,order_0000000087,38437.00,card,captured,2025-11-17T20:15:10+05:30
pay_00000000000088,order_0000000088,33151.03,card,captured,2025-11-03T00:13:23+05:30
pay_00000000000089,order_0000000089,162583.66,upi,captured,2025-11-05T22:59:25+05:30
pay_00000000000090,order_0000000090,30580.58,wallet,captured,2025-11-10T07:04:26+05:30
pay_00000000000091,order_0000000091,18363.99,netbanking,captured,2025-11-17T19:15:22+05:30
pay_00000000000092,order_0000000092,35653.79,netbanking,captured,2025-11-26T09:14:12+05:30
pay_00000000000093,order_0000000093,7033.00,netbanking,captured,2025-11-07T04:09:59+05:30
pay_00000000000094,order_0000000094,43755.82,wallet,captured,2025-11-06T23:25:54+05:30
pay_00000000000095,order_0000000095,10816.61,netbanking,captured,2025-11-12T15:44:11+05:30
pay_00000000000096,order_0000000096,43190.56,card,captured,2025-11-04T22:14:20+05:30
pay_00000000000097,order_0000000097,19829.00,wallet,captured,2025-11-30T23:28:54+05:30
pay_00000000000098,order_0000000098,55109.99,upi,failed,2025-11-19T06:58:44+05:30
pay_00000000000099,order_0000000099,52373.73,netbanking,captured,2025-11-02T16:31:17+05:30
pay_00000000000100,order_0000000100,37303.00,card,captured,2025-11-17T17:40:54+05:30
pay_00000000000101,order_0000000101,6896.00,wallet,captured,2025-11-15T12:32:59+05:30
pay_00000000000102,order_0000000102,62538.31,card,failed,2025-11-15T20:51:05+05:30
pay_00000000000103,order_0000000103,9949.00,upi,captured,2025-11-25T14:53:24+05:30
pay_00000000000104,order_0000000104,8860.99,upi,captured,2025-11-19T17:15:44+05:30
pay_00000000000105,order_0000000105,7553.00,upi,captured,2025-11-25T14:13:41+05:30
pay_00000000000106,order_0000000106,11709.86,wallet,captured,2025-11-01T16:47:59+05:30
pay_00000000000107,order_0000000107,167176.00,card,captured,2025-11-11T19:08:39+05:30
pay_00000000000108,order_0000000108,9046.76,netbanking,captured,2025-11-06T15:50:44+05:30
pay_00000000000109,order_0000000109,7198.00,netbanking,captured,2025-11-30T01:42:08+05:30
pay_00000000000110,order_0000000110,41909.00,netbanking,captured,2025-11-27T19:56:13+05:30
pay_00000000000111,order_0000000111,18009.37,card,failed,2025-11-18T14:30:17+05:30
pay_00000000000112,order_0000000112,2120.00,netbanking,captured,2025-11-04T06:15:22+05:30
pay_00000000000113,order_0000000113,188934.44,netbanking,captured,2025-11-21T21:49:52+05:30
pay_00000000000114,order_0000000114,36811.96,wallet,captured,2025-11-03T23:14:35+05:30
pay_00000000000115,order_0000000115,25891.56,netbanking,captured,2025-11-10T17:13:18+05:30
pay_00000000000116,order_0000000116,2273.00,card,captured,2025-11-17T16:36:19+05:30
pay_00000000000117,order_0000000117,143843.00,upi,captured,2025-11-04T04:58:52+05:30
pay_00000000000118,order_0000000118,9409.99,netbanking,captured,2025-11-01T18:00:33+05:30
pay_00000000000119,order_0000000119,155160.48,netbanking,captured,2025-11-03T16:54:34+05:30
pay_00000000000120,order_0000000120,150068.46,netbanking,failed,2025-11-23T17:00:11+05:30
pay_00000000000121,order_0000000121,8950.68,netbanking,captured,2025-11-12T10:55:25+05:30
pay_00000000000122,order_0000000122,23122.99,netbanking,captured,2025-11-30T21:41:45+05:30
pay_00000000000123,order_0000000123,13863.11,upi,captured,2025-11-01T13:03:53+05:30
pay_00000000000124,order_0000000124,115764.00,card,captured,2025-11-03T02:06:34+05:30
pay_00000000000125,order_0000000125,8631.05,netbanking,captured,2025-11-10T15:39:23+05:30
pay_00000000000126,order_0000000126,15562.99,card,captured,2025-11-21T06:10:29+05:30
pay_00000000000127,order_0000000127,83613.06,upi,captured,2025-11-08T01:24:00+05:30
pay_00000000000128,order_0000000128,50813.64,card,captured,2025-11-27T20:26:39+05:30
pay_00000000000129,order_0000000129,13302.00,card,captured,2025-11-26T18:23:11+05:30
pay_00000000000130,order_0000000130,39073.00,card,captured,2025-11-26T15:32:33+05:30
pay_00000000000131,order_0000000131,89383.00,netbanking,captured,2025-11-12T06:03:44+05:30
pay_00000000000132,order_0000000132,6110.00,netbanking,failed,2025-11-23T20:14:22+05:30
pay_00000000000133,order_0000000133,8903.14,wallet,captured,2025-11-16T16:23:43+05:30
pay_00000000000134,order_0000000134,6230.72,wallet,failed,2025-11-27T20:56:20+05:30
pay_00000000000135,order_0000000135,4268.62,upi,captured,2025-11-02T14:00:17+05:30
pay_00000000000136,order_0000000136,16466.79,netbanking,captured,2025-11-30T17:22:18+05:30
pay_00000000000137,order_0000000137,7009.00,card,captured,2025-11-20T00:23:05+05:30
pay_00000000000138,order_0000000138,21460.00,card,captured,2025-11-15T09:47:50+05:30
pay_00000000000139,order_0000000139,9856.00,netbanking,captured,2025-11-10T21:38:04+05:30
pay_00000000000140,order_0000000140,6201.99,card,captured,2025-11-03T19:54:08+05:30
pay_00000000000141,order_0000000141,173648.06,upi,captured,2025-11-19T14:57:13+05:30
pay_00000000000142,order_0000000142,6194.92,netbanking,captured,2025-11-07T08:05:56+05:30
pay_00000000000143,order_0000000143,26703.44,card,captured,2025-11-09T13:19:22+05:30
pay_00000000000144,order_0000000144,2629.56,wallet,failed,2025-11-25T22:09:06+05:30
pay_00000000000145,order_0000000145,7956.86,card,captured,2025-11-01T14:16:06+05:30
pay_00000000000146,order_0000000146,8127.00,wallet,captured,2025-11-14T07:15:39+05:30
pay_00000000000147,order_0000000147,164791.97,netbanking,captured,2025-11-30T22:18:54+05:30
pay_00000000000148,order_0000000148,44466.33,netbanking,captured,2025-11-03T06:02:20+05:30
pay_00000000000149,order_0000000149,18495.99,upi,failed,2025-11-12T10:41:57+05:30
pay_00000000000150,order_0000000150,27229.00,netbanking,captured,2025-11-04T14:21:42+05:30
pay_00000000000151,order_0000000151,47634.35,netbanking,captured,2025-11-26T18:03:32+05:30
pay_00000000000152,order_0000000152,31638.68,upi,captured,2025-11-07T21:53:15+05:30
pay_00000000000153,order_0000000153,31848.00,wallet,captured,2025-11-28T12:29:05+05:30
pay_00000000000154,order_0000000154,30328.99,upi,captured,2025-11-12T15:58:13+05:30
pay_00000000000155,order_0000000155,76187.99,upi,failed,2025-11-02T06:24:05+05:30
pay_00000000000156,order_0000000156,7628.99,netbanking,captured,2025-11-20T02:28:04+05:30
pay_00000000000157,order_0000000157,38863.96,netbanking,captured,2025-11-23T00:26:21+05:30
pay_00000000000158,order_0000000158,125742.51,netbanking,captured,2025-11-01T11:45:56+05:30
pay_00000000000159,order_0000000159,3916.27,card,failed,2025-11-25T15:40:24+05:30
pay_00000000000160,order_0000000160,34994.00,card,captured,2025-11-21T23:29:33+05:30
pay_00000000000161,order_0000000161,82867.88,netbanking,captured,2025-11-04T21:31:44+05:30
pay_00000000000162,order_0000000162,37676.00,wallet,captured,2025-11-19T12:38:56+05:30
pay_00000000000163,order_0000000163,66467.56,netbanking,captured,2025-11-18T21:38:53+05:30
pay_00000000000164,order_0000000164,7275.99,netbanking,captured,2025-11-14T21:27:03+05:30
pay_00000000000165,order_0000000165,19332.09,wallet,captured,2025-11-25T14:20:58+05:30
pay_00000000000166,order_0000000166,2376.95,card,captured,2025-11-19T07:50:16+05:30
pay_00000000000167,order_0000000167,88681.73,netbanking,captured,2025-11-28T21:03:25+05:30
pay_00000000000168,order_0000000168,26418.78,upi,captured,2025-11-10T17:52:43+05:30
pay_00000000000169,order_0000000169,18043.00,wallet,captured,2025-11-10T01:06:27+05:30
pay_00000000000170,order_0000000170,206094.99,netbanking,captured,2025-11-05T22:04:36+05:30
pay_00000000000171,order_0000000171,3601.00,card,captured,2025-11-08T05:08:29+05:30
pay_00000000000172,order_0000000172,5395.00,netbanking,captured,2025-11-22T07:55:07+05:30
pay_00000000000173,order_0000000173,4983.99,netbanking,captured,2025-11-01T15:06:52+05:30
pay_00000000000174,order_0000000174,84799.07,upi,failed,2025-11-16T20:19:47+05:30
pay_00000000000175,order_0000000175,31459.86,upi,captured,2025-11-11T16:50:42+05:30
pay_00000000000176,order_0000000176,38531.35,wallet,captured,2025-11-29T13:23:58+05:30
pay_00000000000177,order_0000000177,5654.00,netbanking,captured,2025-11-06T18:09:28+05:30
pay_00000000000178,order_0000000178,5726.00,card,captured,2025-11-26T23:06:09+05:30
pay_00000000000179,order_0000000179,7234.92,netbanking,captured,2025-11-08T10:58:26+05:30
pay_00000000000180,order_0000000180,43795.00,upi,captured,2025-11-27T10:52:28+05:30
pay_00000000000181,order_0000000181,15286.57,wallet,failed,2025-11-26T13:14:44+05:30
pay_00000000000182,order_0000000182,33502.51,wallet,captured,2025-11-30T07:51:20+05:30
pay_00000000000183,order_0000000183,29358.02,upi,captured,2025-11-15T19:34:50+05:30
pay_00000000000184,order_0000000184,2452.05,netbanking,captured,2025-11-05T14:19:55+05:30
pay_00000000000185,order_0000000185,2955.99,netbanking,captured,2025-11-12T16:55:38+05:30
pay_00000000000186,order_0000000186,145525.76,upi,captured,2025-11-30T17:45:35+05:30
pay_00000000000187,order_0000000187,11179.15,wallet,captured,2025-11-26T15:03:53+05:30
pay_00000000000188,order_0000000188,35684.00,card,captured,2025-11-27T14:29:23+05:30
pay_00000000000189,order_0000000189,6527.18,upi,captured,2025-11-30T22:26:54+05:30
pay_00000000000190,order_0000000190,15960.99,card,captured,2025-11-02T16:31:12+05:30
pay_00000000000191,order_0000000191,27360.00,netbanking,captured,2025-11-26T16:17:48+05:30
pay_00000000000192,order_0000000192,9184.00,upi,captured,2025-11-03T06:26:22+05:30
pay_00000000000193,order_0000000193,39582.99,netbanking,captured,2025-11-21T06:58:01+05:30
pay_00000000000194,order_0000000194,24428.00,wallet,captured,2025-11-04T23:48:16+05:30
pay_00000000000195,order_0000000195,4572.99,netbanking,captured,2025-11-09T12:21:42+05:30
pay_00000000000196,order_0000000196,17461.00,netbanking,captured,2025-11-18T14:56:27+05:30
pay_00000000000197,order_0000000197,17515.00,netbanking,failed,2025-11-23T07:29:51+05:30
pay_00000000000198,order_0000000198,93941.58,wallet,captured,2025-11-30T21:01:35+05:30
pay_00000000000199,order_0000000199,6982.11,netbanking,captured,2025-11-16T03:24:12+05:30
pay_00000000000200,order_0000000200,42457.00,netbanking,captured,2025-11-20T06:27:09+05:30
pay_00000000000201,order_0000000201,22822.17,netbanking,captured,2025-11-13T13:32:53+05:30
pay_00000000000202,order_0000000202,20743.53,netbanking,captured,2025-11-16T14:11:34+05:30
pay_00000000000203,order_0000000203,3595.00,wallet,captured,2025-11-21T07:14:20+05:30
pay_00000000000204,order_0000000204,27342.80,netbanking,captured,2025-11-14T05:01:14+05:30
pay_00000000000205,order_0000000205,13957.80,netbanking,failed,2025-11-09T00:08:30+05:30
pay_00000000000206,order_0000000206,2184.00,upi,captured,2025-11-04T19:48:06+05:30
pay_00000000000207,order_0000000207,28821.35,card,captured,2025-11-27T18:48:55+05:30
pay_00000000000208,order_0000000208,2545.00,netbanking,captured,2025-11-11T07:51:18+05:30
pay_00000000000209,order_0000000209,19114.53,card,captured,2025-11-17T11:43:03+05:30
pay_00000000000210,order_0000000210,6733.00,upi,captured,2025-11-01T03:35:10+05:30
pay_00000000000211,order_0000000211,14248.99,card,captured,2025-11-28T12:52:12+05:30
pay_00000000000212,order_0000000212,22489.00,netbanking,captured,2025-11-05T13:24:06+05:30
pay_00000000000213,order_0000000213,101786.99,netbanking,captured,2025-11-02T15:00:10+05:30
pay_00000000000214,order_0000000214,41659.00,wallet,captured,2025-11-06T18:42:49+05:30
pay_00000000000215,order_0000000215,31101.00,upi,captured,2025-11-06T20:05:58+05:30
pay_00000000000216,order_0000000216,40169.36,wallet,captured,2025-11-16T23:56:57+05:30
pay_00000000000217,order_0000000217,41592.33,wallet,captured,2025-11-07T17:54:47+05:30
pay_00000000000218,order_0000000218,35504.00,netbanking,captured,2025-11-15T17:59:00+05:30
pay_00000000000219,order_0000000219,5234.43,upi,captured,2025-11-29T06:36:27+05:30
pay_00000000000220,order_0000000220,41899.75,netbanking,captured,2025-11-22T09:31:26+05:30
pay_00000000000221,order_0000000221,217797.00,netbanking,failed,2025-11-12T15:57:53+05:30
pay_00000000000222,order_0000000222,7112.67,netbanking,captured,2025-11-14T10:09:41+05:30
pay_00000000000223,order_0000000223,2658.00,wallet,captured,2025-11-17T15:02:27+05:30
pay_00000000000224,order_0000000224,6205.00,netbanking,captured,2025-11-20T01:59:35+05:30
pay_00000000000225,order_0000000225,4885.00,card,captured,2025-11-20T23:11:09+05:30
pay_00000000000226,order_0000000226,179000.38,netbanking,failed,2025-11-15T19:58:44+05:30
pay_00000000000227,order_0000000227,37126.21,netbanking,captured,2025-11-24T20:06:35+05:30
pay_00000000000228,order_0000000228,37297.46,netbanking,captured,2025-11-20T12:04:49+05:30
pay_00000000000229,order_0000000229,42855.21,upi,captured,2025-11-21T06:46:09+05:30
pay_00000000000230,order_0000000230,34599.00,wallet,captured,2025-11-09T17:42:10+05:30
pay_00000000000231,order_0000000231,43285.67,netbanking,captured,2025-11-29T00:34:55+05:30
pay_00000000000232,order_0000000232,10830.91,wallet,captured,2025-11-18T15:27:28+05:30
pay_00000000000233,order_0000000233,153865.91,card,captured,2025-11-06T12:37:23+05:30
pay_00000000000234,order_0000000234,19281.00,upi,captured,2025-11-17T06:05:01+05:30
pay_00000000000235,order_0000000235,28064.20,netbanking,captured,2025-11-20T19:37:30+05:30
pay_00000000000236,order_0000000236,38009.00,netbanking,captured,2025-11-03T11:15:14+05:30
pay_00000000000237,order_0000000237,24089.00,card,captured,2025-11-30T18:59:17+05:30
pay_00000000000238,order_0000000238,28911.00,netbanking,captured,2025-11-20T13:04:01+05:30
pay_00000000000239,order_0000000239,3006.98,netbanking,captured,2025-11-03T16:48:04+05:30
pay_00000000000240,order_0000000240,44642.67,card,captured,2025-11-16T16:43:16+05:30
pay_00000000000241,order_0000000241,20568.08,wallet,captured,2025-11-29T17:07:09+05:30
pay_00000000000242,order_0000000242,15017.29,netbanking,captured,2025-11-04T11:15:23+05:30
pay_00000000000243,order_0000000243,9559.19,wallet,failed,2025-11-21T01:24:56+05:30
pay_00000000000244,order_0000000244,8757.99,card,captured,2025-11-01T15:37:23+05:30
pay_00000000000245,order_0000000245,2691.38,upi,captured,2025-11-10T10:21:46+05:30
pay_00000000000246,order_0000000246,15230.00,netbanking,captured,2025-11-14T22:22:42+05:30
pay_00000000000247,order_0000000247,33789.99,upi,captured,2025-11-05T19:49:53+05:30
pay_00000000000248,order_0000000248,6027.99,upi,captured,2025-11-10T19:46:58+05:30
pay_00000000000249,order_0000000249,12732.92,netbanking,captured,2025-11-25T11:55:00+05:30
pay_00000000000250,order_0000000250,237203.08,netbanking,captured,2025-11-13T16:45:04+05:30
pay_00000000000251,order_0000000251,31802.00,upi,captured,2025-11-18T00:11:36+05:30
pay_00000000000252,order_0000000252,48631.73,upi,captured,2025-11-25T07:28:00+05:30
pay_00000000000253,order_0000000253,35109.18,upi,captured,2025-11-22T15:44:15+05:30
pay_00000000000254,order_0000000254,7463.95,netbanking,captured,2025-11-02T19:51:16+05:30
pay_00000000000255,order_0000000255,9319.00,netbanking,captured,2025-11-20T15:08:22+05:30
pay_00000000000256,order_0000000256,13391.00,netbanking,captured,2025-11-25T23:43:21+05:30
pay_00000000000257,order_0000000257,2755.00,netbanking,captured,2025-11-16T19:28:36+05:30
pay_00000000000258,order_0000000258,6210.99,netbanking,captured,2025-11-30T04:19:52+05:30
pay_00000000000259,order_0000000259,198443.00,upi,captured,2025-11-16T20:50:47+05:30
pay_00000000000260,order_0000000260,6293.00,card,captured,2025-11-02T05:45:08+05:30
pay_00000000000261,order_0000000261,33749.56,upi,captured,2025-11-20T16:59:16+05:30
pay_00000000000262,order_0000000262,149503.88,upi,failed,2025-11-07T21:19:41+05:30
pay_00000000000263,order_0000000263,40183.00,netbanking,captured,2025-11-02T15:42:17+05:30
pay_00000000000264,order_0000000264,109192.99,upi,captured,2025-11-07T21:26:55+05:30
pay_00000000000265,order_0000000265,19507.00,netbanking,captured,2025-11-19T18:43:16+05:30
pay_00000000000266,order_0000000266,19004.00,netbanking,captured,2025-11-04T11:27:20+05:30
pay_00000000000267,order_0000000267,40418.00,wallet,captured,2025-11-23T07:05:53+05:30
pay_00000000000268,order_0000000268,6965.83,card,failed,2025-11-18T21:32:20+05:30
pay_00000000000269,order_0000000269,12479.49,upi,captured,2025-11-06T16:31:21+05:30
pay_00000000000270,order_0000000270,36827.00,netbanking,captured,2025-11-16T18:20:00+05:30
pay_00000000000271,order_0000000271,7613.99,netbanking,captured,2025-11-18T06:34:52+05:30
pay_00000000000272,order_0000000272,39714.99,netbanking,captured,2025-11-23T14:07:05+05:30
pay_00000000000273,order_0000000273,8022.02,card,captured,2025-11-28T05:28:55+05:30
pay_00000000000274,order_0000000274,143523.00,netbanking,captured,2025-11-07T18:53:13+05:30
pay_00000000000275,order_0000000275,21411.89,card,captured,2025-11-18T17:23:34+05:30
pay_00000000000276,order_0000000276,55254.00,wallet,failed,2025-11-20T18:17:47+05:30
pay_00000000000277,order_0000000277,13361.00,card,captured,2025-11-15T17:03:43+05:30
pay_00000000000278,order_0000000278,4691.07,netbanking,captured,2025-11-25T20:52:41+05:30
pay_00000000000279,order_0000000279,10951.82,netbanking,captured,2025-11-22T15:24:28+05:30
pay_00000000000280,order_0000000280,123475.99,netbanking,captured,2025-11-18T12:47:56+05:30
pay_00000000000281,order_0000000281,7023.07,netbanking,captured,2025-11-07T10:04:02+05:30
pay_00000000000282,order_0000000282,7626.05,card,captured,2025-11-04T08:01:43+05:30
pay_00000000000283,order_0000000283,89009.00,wallet,captured,2025-11-18T11:26:20+05:30
pay_00000000000284,order_0000000284,8023.57,card,captured,2025-11-06T10:34:54+05:30
pay_00000000000285,order_0000000285,7906.00,card,captured,2025-11-09T07:16:54+05:30
pay_00000000000286,order_0000000286,35958.07,wallet,captured,2025-11-12T17:39:33+05:30
pay_00000000000287,order_0000000287,159895.54,netbanking,captured,2025-11-08T14:34:37+05:30
pay_00000000000288,order_0000000288,38039.99,upi,captured,2025-11-02T16:38:55+05:30
pay_00000000000289,order_0000000289,22107.22,wallet,captured,2025-11-24T14:34:10+05:30
pay_00000000000290,order_0000000290,34920.56,wallet,captured,2025-11-12T14:40:28+05:30
pay_00000000000291,order_0000000291,6823.46,netbanking,captured,2025-11-26T15:05:32+05:30
pay_00000000000292,order_0000000292,6225.03,card,captured,2025-11-18T19:21:39+05:30
pay_00000000000293,order_0000000293,43724.41,netbanking,captured,2025-11-23T23:56:34+05:30
pay_00000000000294,order_0000000294,14895.00,netbanking,captured,2025-11-10T19:04:51+05:30
pay_00000000000295,order_0000000295,15508.24,netbanking,captured,2025-11-17T23:42:13+05:30
pay_00000000000296,order_0000000296,213473.99,card,failed,2025-11-03T14:12:44+05:30
pay_00000000000297,order_0000000297,200606.91,netbanking,captured,2025-11-28T09:05:02+05:30
pay_00000000000298,order_0000000298,8121.99,netbanking,captured,2025-11-06T13:13:18+05:30
pay_00000000000299,order_0000000299,33464.10,netbanking,captured,2025-11-01T09:28:56+05:30
pay_00000000000300,order_0000000300,22372.00,card,captured,2025-11-16T11:54:56+05:30
pay_00000000000301,order_0000000301,23487.99,netbanking,captured,2025-11-01T13:32:31+05:30
pay_00000000000302,order_0000000302,30960.20,card,captured,2025-11-19T06:37:27+05:30
pay_00000000000303,order_0000000303,96683.44,netbanking,captured,2025-11-17T09:10:24+05:30
pay_00000000000304,order_0000000304,30018.00,netbanking,captured,2025-11-21T07:27:50+05:30
pay_00000000000305,order_0000000305,125316.34,upi,captured,2025-11-15T23:31:14+05:30
pay_00000000000306,order_0000000306,94289.00,netbanking,captured,2025-11-03T21:50:28+05:30
pay_00000000000307,order_0000000307,19217.69,card,failed,2025-11-30T07:41:47+05:30
pay_00000000000308,order_0000000308,105870.05,netbanking,captured,2025-11-14T14:19:50+05:30
pay_00000000000309,order_0000000309,87701.91,card,captured,2025-11-23T09:35:19+05:30
pay_00000000000310,order_0000000310,3563.00,card,failed,2025-11-24T23:05:43+05:30
pay_00000000000311,order_0000000311,2697.66,netbanking,captured,2025-11-15T17:38:47+05:30
pay_00000000000312,order_0000000312,44357.00,netbanking,captured,2025-11-05T21:16:09+05:30
pay_00000000000313,order_0000000313,228259.82,netbanking,captured,2025-11-09T10:32:52+05:30
pay_00000000000314,order_0000000314,31253.78,netbanking,captured,2025-11-21T05:23:51+05:30
pay_00000000000315,order_0000000315,2809.00,card,captured,2025-11-30T03:44:51+05:30
pay_00000000000316,order_0000000316,165890.10,netbanking,captured,2025-11-08T19:41:31+05:30
pay_00000000000317,order_0000000317,97788.00,netbanking,captured,2025-11-13T17:43:50+05:30
pay_00000000000318,order_0000000318,28080.00,netbanking,captured,2025-11-08T14:49:14+05:30
pay_00000000000319,order_0000000319,40525.94,card,captured,2025-11-25T10:03:31+05:30
pay_00000000000320,order_0000000320,112148.61,netbanking,captured,2025-11-29T11:58:22+05:30
pay_00000000000321,order_0000000321,29333.02,netbanking,captured,2025-11-26T01:47:41+05:30
pay_00000000000322,order_0000000322,156599.00,wallet,captured,2025-11-22T21:08:59+05:30
pay_00000000000323,order_0000000323,8469.99,upi,captured,2025-11-25T14:46:21+05:30
pay_00000000000324,order_0000000324,17297.40,netbanking,captured,2025-11-20T21:39:59+05:30
pay_00000000000325,order_0000000325,23429.57,wallet,captured,2025-11-10T08:53:54+05:30
pay_00000000000326,order_0000000326,32823.05,upi,captured,2025-11-25T21:03:54+05:30
pay_00000000000327,order_0000000327,26964.57,upi,captured,2025-11-01T08:43:46+05:30
pay_00000000000328,order_0000000328,185756.99,netbanking,captured,2025-11-13T15:30:19+05:30
pay_00000000000329,order_0000000329,40832.59,wallet,captured,2025-11-24T20:06:08+05:30
pay_00000000000330,order_0000000330,27291.27,netbanking,captured,2025-11-29T01:12:08+05:30
pay_00000000000331,order_0000000331,13284.15,card,captured,2025-11-29T21:03:26+05:30
pay_00000000000332,order_0000000332,14238.49,wallet,captured,2025-11-20T22:16:42+05:30
pay_00000000000333,order_0000000333,179273.58,netbanking,captured,2025-11-14T06:55:45+05:30
pay_00000000000334,order_0000000334,31064.86,wallet,captured,2025-11-30T09:38:03+05:30
pay_00000000000335,order_0000000335,3172.00,card,captured,2025-11-30T11:56:42+05:30
pay_00000000000336,order_0000000336,117575.62,netbanking,failed,2025-11-09T23:32:58+05:30
pay_00000000000337,order_0000000337,2380.72,wallet,captured,2025-11-06T19:25:05+05:30
pay_00000000000338,order_0000000338,64038.46,netbanking,captured,2025-11-10T22:58:30+05:30
pay_00000000000339,order_0000000339,10244.88,upi,captured,2025-11-25T12:04:59+05:30
pay_00000000000340,order_0000000340,155267.99,upi,captured,2025-11-21T14:32:25+05:30
pay_00000000000341,order_0000000341,58790.86,wallet,captured,2025-11-24T10:03:39+05:30
pay_00000000000342,order_0000000342,3500.00,netbanking,captured,2025-11-12T08:10:07+05:30
pay_00000000000343,order_0000000343,9775.56,netbanking,captured,2025-11-08T22:19:01+05:30
pay_00000000000344,order_0000000344,95980.74,netbanking,captured,2025-11-28T12:21:23+05:30
pay_00000000000345,order_0000000345,10741.15,upi,captured,2025-11-05T15:07:16+05:30
pay_00000000000346,order_0000000346,120537.65,netbanking,captured,2025-11-17T21:47:07+05:30
pay_00000000000347,order_0000000347,41352.99,netbanking,captured,2025-11-05T12:49:17+05:30
pay_00000000000348,order_0000000348,36477.00,card,captured,2025-11-22T18:18:12+05:30
pay_00000000000349,order_0000000349,13323.74,upi,captured,2025-11-26T07:55:45+05:30
pay_00000000000350,order_0000000350,93992.49,netbanking,captured,2025-11-27T21:56:13+05:30
pay_00000000000351,order_0000000351,28854.00,netbanking,captured,2025-11-05T12:11:20+05:30
pay_00000000000352,order_0000000352,8002.63,netbanking,failed,2025-11-18T13:31:43+05:30
pay_00000000000353,order_0000000353,14746.79,netbanking,captured,2025-11-18T20:00:10+05:30
pay_00000000000354,order_0000000354,5798.99,netbanking,captured,2025-11-29T18:06:52+05:30
pay_00000000000355,order_0000000355,3792.07,wallet,captured,2025-11-30T20:32:27+05:30
pay_00000000000356,order_0000000356,228797.31,wallet,captured,2025-11-30T14:47:12+05:30
pay_00000000000357,order_0000000357,5172.00,netbanking,captured,2025-11-05T10:08:07+05:30
pay_00000000000358,order_0000000358,171143.73,card,captured,2025-11-20T09:54:42+05:30
pay_00000000000359,order_0000000359,8749.00,wallet,captured,2025-11-07T12:25:03+05:30
pay_00000000000360,order_0000000360,19963.85,card,captured,2025-11-24T00:51:06+05:30
pay_00000000000361,order_0000000361,11518.00,upi,captured,2025-11-28T12:55:26+05:30
pay_00000000000362,order_0000000362,34026.98,netbanking,captured,2025-11-05T16:02:45+05:30
pay_00000000000363,order_0000000363,33157.00,netbanking,captured,2025-11-13T20:01:25+05:30
pay_00000000000364,order_0000000364,156260.12,netbanking,captured,2025-11-14T16:06:40+05:30
pay_00000000000365,order_0000000365,18191.99,wallet,failed,2025-11-25T22:45:09+05:30
pay_00000000000366,order_0000000366,2510.99,card,captured,2025-11-02T22:23:40+05:30
pay_00000000000367,order_0000000367,7662.27,upi,captured,2025-11-05T12:51:45+05:30
pay_00000000000368,order_0000000368,13359.07,card,captured,2025-11-11T00:30:07+05:30
pay_00000000000369,order_0000000369,29959.89,upi,captured,2025-11-26T18:16:44+05:30
pay_00000000000370,order_0000000370,8407.00,wallet,captured,2025-11-06T18:28:24+05:30
pay_00000000000371,order_0000000371,154379.60,wallet,captured,2025-11-06T10:40:34+05:30
pay_00000000000372,order_0000000372,17256.76,netbanking,captured,2025-11-02T01:29:46+05:30
pay_00000000000373,order_0000000373,196089.78,wallet,captured,2025-11-18T11:38:08+05:30
pay_00000000000374,order_0000000374,21961.90,netbanking,captured,2025-11-19T18:59:15+05:30
pay_00000000000375,order_0000000375,138138.24,netbanking,captured,2025-11-20T04:15:57+05:30
pay_00000000000376,order_0000000376,40747.07,upi,captured,2025-11-03T21:56:22+05:30
pay_00000000000377,order_0000000377,8591.00,wallet,captured,2025-11-05T20:39:02+05:30
pay_00000000000378,order_0000000378,7949.05,card,captured,2025-11-10T22:01:03+05:30
pay_00000000000379,order_0000000379,71444.56,card,captured,2025-11-02T18:47:25+05:30
pay_00000000000380,order_0000000380,31610.00,netbanking,captured,2025-11-14T18:53:13+05:30
pay_00000000000381,order_0000000381,8627.00,netbanking,captured,2025-11-06T13:00:22+05:30
pay_00000000000382,order_0000000382,37402.02,upi,captured,2025-11-16T19:47:13+05:30
pay_00000000000383,order_0000000383,232271.00,netbanking,captured,2025-11-14T11:51:35+05:30
pay_00000000000384,order_0000000384,85505.00,netbanking,captured,2025-11-05T09:01:15+05:30
pay_00000000000385,order_0000000385,3075.52,netbanking,captured,2025-11-04T08:40:24+05:30
pay_00000000000386,order_0000000386,8701.99,wallet,captured,2025-11-04T17:55:55+05:30
pay_00000000000387,order_0000000387,229506.00,wallet,captured,2025-11-18T23:48:19+05:30
pay_00000000000388,order_0000000388,94241.70,netbanking,captured,2025-11-11T00:13:46+05:30
pay_00000000000389,order_0000000389,34431.00,wallet,captured,2025-11-30T21:11:40+05:30
pay_00000000000390,order_0000000390,4589.00,upi,captured,2025-11-27T10:21:04+05:30
pay_00000000000391,order_0000000391,139019.10,netbanking,captured,2025-11-09T10:51:42+05:30
pay_00000000000392,order_0000000392,43391.66,netbanking,captured,2025-11-01T07:00:25+05:30
pay_00000000000393,order_0000000393,24974.99,upi,captured,2025-11-01T19:53:37+05:30
pay_00000000000394,order_0000000394,8218.00,netbanking,captured,2025-11-06T21:03:01+05:30
pay_00000000000395,order_0000000395,42818.88,card,captured,2025-11-25T07:30:42+05:30
pay_00000000000396,order_0000000396,41005.00,card,captured,2025-11-29T06:52:23+05:30
pay_00000000000397,order_0000000397,38548.00,netbanking,captured,2025-11-16T04:44:37+05:30
pay_00000000000398,order_0000000398,92803.00,netbanking,captured,2025-11-20T20:40:26+05:30
pay_00000000000399,order_0000000399,27083.99,netbanking,captured,2025-11-02T16:03:23+05:30
pay_00000000000400,order_0000000400,6041.99,card,captured,2025-11-19T14:32:50+05:30
pay_00000000000401,order_0000000401,92148.32,netbanking,captured,2025-11-05T15:40:55+05:30
pay_00000000000402,order_0000000402,13591.99,card,captured,2025-11-26T04:16:59+05:30
pay_00000000000403,order_0000000403,72466.99,upi,captured,2025-11-22T05:57:20+05:30
pay_00000000000404,order_0000000404,28778.99,wallet,captured,2025-11-14T08:10:26+05:30
pay_00000000000405,order_0000000405,4351.89,netbanking,failed,2025-11-06T13:21:22+05:30
pay_00000000000406,order_0000000406,7878.00,netbanking,captured,2025-11-15T12:30:24+05:30
pay_00000000000407,order_0000000407,229663.15,netbanking,failed,2025-11-03T15:09:31+05:30
pay_00000000000408,order_0000000408,6798.00,netbanking,captured,2025-11-29T07:31:20+05:30
pay_00000000000409,order_0000000409,43365.15,card,captured,2025-11-04T21:13:47+05:30
pay_00000000000410,order_0000000410,8022.99,card,captured,2025-11-08T22:22:54+05:30
pay_00000000000411,order_0000000411,38175.84,card,captured,2025-11-30T12:30:26+05:30
pay_00000000000412,order_0000000412,8442.77,upi,failed,2025-11-22T10:12:34+05:30
pay_00000000000413,order_0000000413,217214.99,upi,captured,2025-11-08T16:04:01+05:30
pay_00000000000414,order_0000000414,27460.00,card,captured,2025-11-22T18:31:59+05:30
pay_00000000000415,order_0000000415,4121.68,card,captured,2025-11-29T13:24:30+05:30
pay_00000000000416,order_0000000416,34563.99,wallet,failed,2025-11-27T10:37:01+05:30
pay_00000000000417,order_0000000417,115605.00,netbanking,captured,2025-11-12T18:03:43+05:30
pay_00000000000418,order_0000000418,3881.99,netbanking,captured,2025-11-09T15:56:43+05:30
pay_00000000000419,order_0000000419,21894.29,netbanking,captured,2025-11-22T06:22:17+05:30
pay_00000000000420,order_0000000420,5330.00,netbanking,captured,2025-11-07T21:55:03+05:30
pay_00000000000421,order_0000000421,74350.76,upi,captured,2025-11-04T13:10:23+05:30
pay_00000000000422,order_0000000422,13090.12,wallet,captured,2025-11-06T15:40:42+05:30
pay_00000000000423,order_0000000423,2236.99,netbanking,failed,2025-11-12T23:43:38+05:30
pay_00000000000424,order_0000000424,22716.00,netbanking,captured,2025-11-21T23:36:06+05:30
pay_00000000000425,order_0000000425,8918.99,wallet,captured,2025-11-14T13:35:07+05:30
pay_00000000000426,order_0000000426,66808.55,card,captured,2025-11-15T09:38:34+05:30
pay_00000000000427,order_0000000427,220041.00,card,captured,2025-11-06T08:43:32+05:30
pay_00000000000428,order_0000000428,8948.99,netbanking,captured,2025-11-05T16:36:41+05:30
pay_00000000000429,order_0000000429,118186.95,netbanking,captured,2025-11-21T23:16:53+05:30
pay_00000000000430,order_0000000430,6200.00,card,captured,2025-11-27T18:03:51+05:30
pay_00000000000431,order_0000000431,182537.00,upi,captured,2025-11-27T06:50:00+05:30
pay_00000000000432,order_0000000432,6945.00,netbanking,captured,2025-11-25T17:17:14+05:30
pay_00000000000433,order_0000000433,9388.51,netbanking,captured,2025-11-19T19:53:11+05:30
pay_00000000000434,order_0000000434,189745.62,upi,captured,2025-11-14T08:57:47+05:30
pay_00000000000435,order_0000000435,174041.43,upi,captured,2025-11-21T21:39:25+05:30
pay_00000000000436,order_0000000436,24992.99,wallet,captured,2025-11-23T12:11:43+05:30
pay_00000000000437,order_0000000437,16892.66,wallet,captured,2025-11-15T05:15:56+05:30
pay_00000000000438,order_0000000438,35040.99,card,captured,2025-11-04T00:40:36+05:30
pay_00000000000439,order_0000000439,25845.34,netbanking,captured,2025-11-14T03:48:19+05:30
pay_00000000000440,order_0000000440,21006.99,netbanking,captured,2025-11-02T15:16:44+05:30
pay_00000000000441,order_0000000441,17470.89,upi,captured,2025-11-19T21:22:01+05:30
pay_00000000000442,order_0000000442,6616.73,netbanking,captured,2025-11-12T19:06:24+05:30
pay_00000000000443,order_0000000443,29772.91,netbanking,failed,2025-11-22T18:56:29+05:30
pay_00000000000444,order_0000000444,6340.00,wallet,captured,2025-11-14T11:19:34+05:30
pay_00000000000445,order_0000000445,86372.63,netbanking,captured,2025-11-12T19:23:54+05:30
pay_00000000000446,order_0000000446,8106.36,netbanking,captured,2025-11-28T14:31:11+05:30
pay_00000000000447,order_0000000447,12496.87,netbanking,failed,2025-11-21T06:16:02+05:30
pay_00000000000448,order_0000000448,67490.09,netbanking,captured,2025-11-27T16:34:39+05:30
pay_00000000000449,order_0000000449,81066.00,netbanking,captured,2025-11-21T00:32:40+05:30
pay_00000000000450,order_0000000450,7015.00,wallet,captured,2025-11-15T22:30:51+05:30
pay_00000000000451,order_0000000451,40755.99,card,failed,2025-11-25T19:56:37+05:30
pay_00000000000452,order_0000000452,18013.72,netbanking,captured,2025-11-20T11:28:40+05:30
pay_00000000000453,order_0000000453,19653.00,netbanking,captured,2025-11-05T11:28:07+05:30
pay_00000000000454,order_0000000454,97827.49,netbanking,captured,2025-11-07T21:39:35+05:30
pay_00000000000455,order_0000000455,17352.49,netbanking,captured,2025-11-27T15:45:24+05:30
pay_00000000000456,order_0000000456,40143.99,upi,captured,2025-11-17T02:02:14+05:30
pay_00000000000457,order_0000000457,43160.28,netbanking,captured,2025-11-24T13:17:49+05:30
pay_00000000000458,order_0000000458,23561.65,wallet,captured,2025-11-19T19:53:09+05:30
pay_00000000000459,order_0000000459,9871.00,netbanking,captured,2025-11-05T11:58:18+05:30
pay_00000000000460,order_0000000460,8783.00,card,failed,2025-11-17T17:36:08+05:30
pay_00000000000461,order_0000000461,152866.35,card,captured,2025-11-23T00:04:47+05:30
pay_00000000000462,order_0000000462,12923.77,card,captured,2025-11-07T09:19:36+05:30
pay_00000000000463,order_0000000463,10729.00,card,captured,2025-11-01T17:48:59+05:30
pay_00000000000464,order_0000000464,6709.13,netbanking,captured,2025-11-23T06:27:52+05:30
pay_00000000000465,order_0000000465,117254.23,card,captured,2025-11-23T10:51:38+05:30
pay_00000000000466,order_0000000466,18121.90,netbanking,failed,2025-11-20T16:06:57+05:30
pay_00000000000467,order_0000000467,121424.00,netbanking,captured,2025-11-17T02:04:49+05:30
pay_00000000000468,order_0000000468,36413.00,card,captured,2025-11-13T04:31:24+05:30
pay_00000000000469,order_0000000469,5169.14,wallet,captured,2025-11-09T10:51:33+05:30
pay_00000000000470,order_0000000470,7807.00,netbanking,failed,2025-11-01T21:10:54+05:30
pay_00000000000471,order_0000000471,19663.00,wallet,captured,2025-11-07T12:14:59+05:30
pay_00000000000472,order_0000000472,33501.99,upi,captured,2025-11-25T22:30:06+05:30
pay_00000000000473,order_0000000473,38602.33,card,captured,2025-11-13T19:39:45+05:30
pay_00000000000474,order_0000000474,23156.57,wallet,captured,2025-11-08T02:35:21+05:30
pay_00000000000475,order_0000000475,8083.95,upi,captured,2025-11-19T23:25:45+05:30
pay_00000000000476,order_0000000476,26866.00,card,captured,2025-11-30T19:11:39+05:30
pay_00000000000477,order_0000000477,26223.75,wallet,captured,2025-11-19T11:27:00+05:30
pay_00000000000478,order_0000000478,4207.00,netbanking,captured,2025-11-15T15:42:04+05:30
pay_00000000000479,order_0000000479,13279.78,netbanking,failed,2025-11-25T19:00:53+05:30
pay_00000000000480,order_0000000480,38117.78,netbanking,captured,2025-11-20T05:48:18+05:30
pay_00000000000481,order_0000000481,4248.93,wallet,captured,2025-11-30T12:48:20+05:30
pay_00000000000482,order_0000000482,33787.00,netbanking,captured,2025-11-02T16:36:05+05:30
pay_00000000000483,order_0000000483,31044.99,wallet,captured,2025-11-14T21:02:36+05:30
pay_00000000000484,order_0000000484,112265.00,netbanking,captured,2025-11-29T10:46:10+05:30
pay_00000000000485,order_0000000485,137058.68,card,captured,2025-11-08T10:35:37+05:30
pay_00000000000486,order_0000000486,18438.00,upi,captured,2025-11-23T07:52:15+05:30
pay_00000000000487,order_0000000487,79891.00,netbanking,captured,2025-11-24T17:54:20+05:30
pay_00000000000488,order_0000000488,3043.99,netbanking,captured,2025-11-11T14:52:17+05:30
pay_00000000000489,order_0000000489,3879.00,netbanking,captured,2025-11-04T22:33:20+05:30
pay_00000000000490,order_0000000490,5841.99,netbanking,captured,2025-11-09T13:12:20+05:30
pay_00000000000491,order_0000000491,3392.68,card,captured,2025-11-16T19:13:58+05:30
pay_00000000000492,order_0000000492,21698.43,netbanking,captured,2025-11-28T03:09:54+05:30
pay_00000000000493,order_0000000493,12829.03,card,captured,2025-11-24T19:53:04+05:30
pay_00000000000494,order_0000000494,5932.00,wallet,captured,2025-11-23T21:27:12+05:30
pay_00000000000495,order_0000000495,24129.23,card,captured,2025-11-17T18:13:23+05:30
pay_00000000000496,order_0000000496,8251.99,netbanking,captured,2025-11-27T12:19:13+05:30
pay_00000000000497,order_0000000497,82375.94,wallet,captured,2025-11-23T09:57:14+05:30
pay_00000000000498,order_0000000498,7730.99,card,captured,2025-11-07T07:03:00+05:30
pay_00000000000499,order_0000000499,197616.57,card,captured,2025-11-10T12:09:51+05:30
pay_00000000000500,order_0000000500,4626.99,card,captured,2025-11-05T16:39:44+05:30
pay_00000000000501,order_0000000501,13738.58,upi,captured,2025-11-27T23:35:11+05:30
pay_00000000000502,order_0000000502,44858.33,netbanking,captured,2025-11-18T18:10:02+05:30
pay_00000000000503,order_0000000503,4725.99,netbanking,captured,2025-11-08T20:55:10+05:30
pay_00000000000504,order_0000000504,17998.45,netbanking,captured,2025-11-26T04:46:57+05:30
pay_00000000000505,order_0000000505,39506.82,card,captured,2025-11-06T23:54:06+05:30
pay_00000000000506,order_0000000506,33288.00,wallet,captured,2025-11-29T13:41:51+05:30
pay_00000000000507,order_0000000507,2301.99,netbanking,captured,2025-11-12T09:28:28+05:30
pay_00000000000508,order_0000000508,3181.61,netbanking,captured,2025-11-08T11:00:13+05:30
pay_00000000000509,order_0000000509,4470.49,netbanking,captured,2025-11-28T14:48:28+05:30
pay_00000000000510,order_0000000510,162223.52,card,captured,2025-11-03T16:36:26+05:30
pay_00000000000511,order_0000000511,4394.99,netbanking,captured,2025-11-18T14:39:29+05:30
pay_00000000000512,order_0000000512,173238.62,netbanking,captured,2025-11-04T21:59:36+05:30
pay_00000000000513,order_0000000513,29039.28,netbanking,captured,2025-11-11T15:17:31+05:30
pay_00000000000514,order_0000000514,101411.99,netbanking,captured,2025-11-13T15:14:11+05:30
pay_00000000000515,order_0000000515,8653.64,wallet,captured,2025-11-30T19:51:50+05:30
pay_00000000000516,order_0000000516,36563.31,wallet,failed,2025-11-06T16:30:35+05:30
pay_00000000000517,order_0000000517,5215.00,wallet,captured,2025-11-26T22:01:17+05:30
pay_00000000000518,order_0000000518,7836.88,netbanking,failed,2025-11-15T07:13:19+05:30
pay_00000000000519,order_0000000519,7536.00,netbanking,captured,2025-11-09T18:48:32+05:30
pay_00000000000520,order_0000000520,22462.74,upi,captured,2025-11-24T13:44:34+05:30
pay_00000000000521,order_0000000521,31413.99,netbanking,captured,2025-11-20T18:51:21+05:30
pay_00000000000522,order_0000000522,24073.00,netbanking,captured,2025-11-19T13:14:51+05:30
pay_00000000000523,order_0000000523,146879.99,card,failed,2025-11-24T10:48:23+05:30
pay_00000000000524,order_0000000524,13146.00,netbanking,captured,2025-11-12T02:52:48+05:30
pay_00000000000525,order_0000000525,137239.00,upi,captured,2025-11-29T11:40:25+05:30
pay_00000000000526,order_0000000526,7428.47,netbanking,captured,2025-11-06T08:45:57+05:30
pay_00000000000527,order_0000000527,8116.78,upi,captured,2025-11-05T14:05:04+05:30
pay_00000000000528,order_0000000528,65553.00,netbanking,captured,2025-11-14T14:35:48+05:30
pay_00000000000529,order_0000000529,230812.93,card,captured,2025-11-04T14:13:35+05:30
pay_00000000000530,order_0000000530,185888.99,netbanking,captured,2025-11-07T16:38:03+05:30
pay_00000000000531,order_0000000531,7875.18,wallet,captured,2025-11-22T22:21:31+05:30
pay_00000000000532,order_0000000532,22655.58,card,captured,2025-11-17T23:08:09+05:30
pay_00000000000533,order_0000000533,11288.45,netbanking,captured,2025-11-25T20:43:24+05:30
pay_00000000000534,order_0000000534,5082.00,wallet,captured,2025-11-05T20:07:05+05:30
pay_00000000000535,order_0000000535,2736.91,upi,captured,2025-11-07T17:45:51+05:30
pay_00000000000536,order_0000000536,8920.88,netbanking,captured,2025-11-17T19:58:56+05:30
pay_00000000000537,order_0000000537,57716.00,netbanking,captured,2025-11-30T23:47:34+05:30
pay_00000000000538,order_0000000538,68016.00,wallet,captured,2025-11-30T19:18:31+05:30
pay_00000000000539,order_0000000539,3181.00,wallet,captured,2025-11-14T21:04:34+05:30
pay_00000000000540,order_0000000540,4907.99,netbanking,captured,2025-11-18T17:55:42+05:30
pay_00000000000541,order_0000000541,8624.35,netbanking,captured,2025-11-17T18:58:47+05:30
pay_00000000000542,order_0000000542,200318.81,netbanking,captured,2025-11-08T07:57:29+05:30
pay_00000000000543,order_0000000543,6404.67,card,captured,2025-11-30T16:39:36+05:30
pay_00000000000544,order_0000000544,23796.01,upi,captured,2025-11-06T11:50:24+05:30
pay_00000000000545,order_0000000545,43381.34,netbanking,captured,2025-11-03T20:16:08+05:30
pay_00000000000546,order_0000000546,230999.00,netbanking,captured,2025-11-09T12:48:32+05:30
pay_00000000000547,order_0000000547,3265.43,netbanking,captured,2025-11-04T19:00:59+05:30
pay_00000000000548,order_0000000548,40192.00,card,captured,2025-11-20T20:12:54+05:30
pay_00000000000549,order_0000000549,21459.00,netbanking,captured,2025-11-19T21:03:28+05:30
pay_00000000000550,order_0000000550,11877.48,netbanking,captured,2025-11-01T06:39:14+05:30
pay_00000000000551,order_0000000551,7648.99,wallet,captured,2025-11-02T12:58:41+05:30
pay_00000000000552,order_0000000552,30657.00,netbanking,captured,2025-11-13T19:30:39+05:30
pay_00000000000553,order_0000000553,37950.00,wallet,captured,2025-11-30T23:55:44+05:30
pay_00000000000554,order_0000000554,64739.53,netbanking,captured,2025-11-28T18:21:27+05:30
pay_00000000000555,order_0000000555,43572.24,netbanking,captured,2025-11-04T11:38:10+05:30
pay_00000000000556,order_0000000556,35578.94,wallet,captured,2025-11-30T18:12:16+05:30
pay_00000000000557,order_0000000557,230081.00,wallet,captured,2025-11-30T12:34:33+05:30
pay_00000000000558,order_0000000558,11374.00,card,captured,2025-11-23T15:45:48+05:30
pay_00000000000559,order_0000000559,51172.00,card,captured,2025-11-21T04:40:31+05:30
pay_00000000000560,order_0000000560,8068.00,netbanking,captured,2025-11-29T20:22:06+05:30
pay_00000000000561,order_0000000561,14530.99,upi,captured,2025-11-13T14:08:45+05:30
pay_00000000000562,order_0000000562,6956.99,netbanking,captured,2025-11-10T20:36:15+05:30
pay_00000000000563,order_0000000563,197658.69,card,failed,2025-11-07T08:11:42+05:30
pay_00000000000564,order_0000000564,23314.99,netbanking,captured,2025-11-06T14:39:28+05:30
pay_00000000000565,order_0000000565,11815.95,wallet,captured,2025-11-12T17:41:10+05:30
pay_00000000000566,order_0000000566,155216.99,upi,captured,2025-11-19T13:47:55+05:30
pay_00000000000567,order_0000000567,41874.59,netbanking,captured,2025-11-22T06:08:14+05:30
pay_00000000000568,order_0000000568,194766.23,upi,captured,2025-11-12T16:39:02+05:30
pay_00000000000569,order_0000000569,18900.19,netbanking,captured,2025-11-18T11:01:43+05:30
pay_00000000000570,order_0000000570,28985.00,netbanking,captured,2025-11-12T09:36:06+05:30
pay_00000000000571,order_0000000571,124161.74,netbanking,captured,2025-11-09T23:00:18+05:30
pay_00000000000572,order_0000000572,25291.10,card,captured,2025-11-15T14:47:52+05:30
pay_00000000000573,order_0000000573,27949.29,card,failed,2025-11-13T18:55:53+05:30
pay_00000000000574,order_0000000574,33473.70,card,captured,2025-11-06T13:48:41+05:30
pay_00000000000575,order_0000000575,4276.00,netbanking,captured,2025-11-28T22:42:33+05:30
pay_00000000000576,order_0000000576,29022.32,netbanking,captured,2025-11-27T13:08:27+05:30
pay_00000000000577,order_0000000577,6383.00,netbanking,captured,2025-11-03T23:33:57+05:30
pay_00000000000578,order_0000000578,146136.99,netbanking,captured,2025-11-22T21:59:16+05:30
pay_00000000000579,order_0000000579,8849.99,netbanking,captured,2025-11-02T22:24:34+05:30
pay_00000000000580,order_0000000580,34523.06,netbanking,captured,2025-11-17T20:48:37+05:30
pay_00000000000581,order_0000000581,17615.41,netbanking,captured,2025-11-19T19:52:31+05:30
pay_00000000000582,order_0000000582,5955.00,upi,captured,2025-11-04T22:11:18+05:30
pay_00000000000583,order_0000000583,7148.76,netbanking,captured,2025-11-22T21:05:32+05:30
pay_00000000000584,order_0000000584,135257.99,wallet,captured,2025-11-21T21:59:21+05:30
pay_00000000000585,order_0000000585,80644.59,upi,captured,2025-11-25T01:42:28+05:30
pay_00000000000586,order_0000000586,39931.68,netbanking,captured,2025-11-17T20:09:07+05:30
pay_00000000000587,order_0000000587,135881.63,wallet,captured,2025-11-13T20:47:36+05:30
pay_00000000000588,order_0000000588,157055.95,wallet,captured,2025-11-28T01:34:54+05:30
pay_00000000000589,order_0000000589,5447.83,card,captured,2025-11-05T19:27:41+05:30
pay_00000000000590,order_0000000590,4461.00,netbanking,captured,2025-11-15T18:28:36+05:30
pay_00000000000591,order_0000000591,31529.63,netbanking,captured,2025-11-05T05:50:45+05:30
pay_00000000000592,order_0000000592,5108.11,wallet,captured,2025-11-12T08:31:57+05:30
pay_00000000000593,order_0000000593,203990.39,netbanking,captured,2025-11-20T19:52:49+05:30
pay_00000000000594,order_0000000594,7623.56,netbanking,captured,2025-11-14T21:45:56+05:30
pay_00000000000595,order_0000000595,161881.99,upi,captured,2025-11-13T21:14:25+05:30
pay_00000000000596,order_0000000596,7466.56,upi,captured,2025-11-03T01:50:29+05:30
pay_00000000000597,order_0000000597,33230.12,netbanking,captured,2025-11-27T16:32:37+05:30
pay_00000000000598,order_0000000598,59011.55,upi,captured,2025-11-30T22:16:07+05:30
pay_00000000000599,order_0000000599,6275.26,netbanking,captured,2025-11-15T16:47:14+05:30
pay_00000000000600,order_0000000600,201570.00,wallet,captured,2025-11-29T06:58:54+05:30
pay_00000000000601,order_0000000601,20042.24,netbanking,captured,2025-11-12T14:58:39+05:30
pay_00000000000602,order_0000000602,200292.99,netbanking,captured,2025-11-05T09:10:47+05:30
pay_00000000000603,order_0000000603,14414.20,wallet,captured,2025-11-06T14:51:11+05:30
pay_00000000000604,order_0000000604,9364.00,wallet,captured,2025-11-11T04:24:41+05:30
pay_00000000000605,order_0000000605,18333.48,netbanking,captured,2025-11-06T07:36:14+05:30
pay_00000000000606,order_0000000606,22927.71,card,captured,2025-11-28T21:10:24+05:30
pay_00000000000607,order_0000000607,179987.99,netbanking,captured,2025-11-20T13:02:01+05:30
pay_00000000000608,order_0000000608,17682.99,wallet,captured,2025-11-05T13:27:50+05:30
pay_00000000000609,order_0000000609,238356.00,wallet,captured,2025-11-25T16:55:54+05:30
pay_00000000000610,order_0000000610,26814.00,netbanking,captured,2025-11-25T07:35:35+05:30
pay_00000000000611,order_0000000611,2063.00,card,captured,2025-11-23T10:37:30+05:30
pay_00000000000612,order_0000000612,4553.00,wallet,captured,2025-11-22T08:16:30+05:30
pay_00000000000613,order_0000000613,19881.99,netbanking,captured,2025-11-15T15:12:28+05:30
pay_00000000000614,order_0000000614,23610.30,upi,captured,2025-11-11T14:11:08+05:30
pay_00000000000615,order_0000000615,42142.00,upi,captured,2025-11-13T13:09:45+05:30
pay_00000000000616,order_0000000616,18670.18,upi,captured,2025-11-12T10:20:37+05:30
pay_00000000000617,order_0000000617,221867.18,upi,captured,2025-11-28T17:33:34+05:30
pay_00000000000618,order_0000000618,150773.99,netbanking,captured,2025-11-06T10:38:38+05:30
pay_00000000000619,order_0000000619,140093.12,netbanking,captured,2025-11-03T21:13:46+05:30
pay_00000000000620,order_0000000620,24142.51,wallet,captured,2025-11-13T23:59:51+05:30
pay_00000000000621,order_0000000621,3141.91,wallet,captured,2025-11-03T20:51:39+05:30
pay_00000000000622,order_0000000622,40895.55,wallet,captured,2025-11-18T23:54:07+05:30
pay_00000000000623,order_0000000623,39235.00,netbanking,captured,2025-11-02T21:07:32+05:30
pay_00000000000624,order_0000000624,6994.66,card,captured,2025-11-16T23:22:36+05:30
pay_00000000000625,order_0000000625,132156.00,card,captured,2025-11-27T02:43:49+05:30
pay_00000000000626,order_0000000626,208221.45,card,failed,2025-11-12T19:46:17+05:30
pay_00000000000627,order_0000000627,17054.99,netbanking,captured,2025-11-13T14:36:54+05:30
pay_00000000000628,order_0000000628,2008.78,card,captured,2025-11-09T03:25:43+05:30
pay_00000000000629,order_0000000629,6216.15,card,captured,2025-11-01T16:54:45+05:30
pay_00000000000630,order_0000000630,3434.22,card,captured,2025-11-06T09:14:45+05:30
pay_00000000000631,order_0000000631,5660.00,netbanking,captured,2025-11-02T19:20:07+05:30
pay_00000000000632,order_0000000632,6743.24,upi,captured,2025-11-05T17:10:56+05:30
pay_00000000000633,order_0000000633,68486.30,netbanking,captured,2025-11-22T08:28:27+05:30
pay_00000000000634,order_0000000634,2646.99,netbanking,captured,2025-11-02T08:20:22+05:30
pay_00000000000635,order_0000000635,22325.37,netbanking,captured,2025-11-27T22:24:56+05:30
pay_00000000000636,order_0000000636,27610.44,netbanking,failed,2025-11-13T12:49:53+05:30
pay_00000000000637,order_0000000637,6857.12,netbanking,captured,2025-11-25T18:34:22+05:30
pay_00000000000638,order_0000000638,222568.64,card,captured,2025-11-01T22:47:40+05:30
pay_00000000000639,order_0000000639,16335.91,card,captured,2025-11-11T19:47:17+05:30
pay_00000000000640,order_0000000640,40852.99,netbanking,failed,2025-11-29T22:33:21+05:30
pay_00000000000641,order_0000000641,2278.00,netbanking,captured,2025-11-28T14:34:59+05:30
pay_00000000000642,order_0000000642,52345.54,card,captured,2025-11-26T17:00:25+05:30
pay_00000000000643,order_0000000643,6866.00,netbanking,captured,2025-11-08T20:45:04+05:30
pay_00000000000644,order_0000000644,38928.51,upi,captured,2025-11-11T22:35:38+05:30
pay_00000000000645,order_0000000645,7955.84,upi,captured,2025-11-22T19:36:17+05:30
pay_00000000000646,order_0000000646,21440.99,upi,captured,2025-11-05T16:20:53+05:30
pay_00000000000647,order_0000000647,13608.55,netbanking,captured,2025-11-13T02:47:29+05:30
pay_00000000000648,order_0000000648,41536.04,netbanking,captured,2025-11-02T14:36:18+05:30
pay_00000000000649,order_0000000649,44490.58,netbanking,captured,2025-11-10T04:37:18+05:30
pay_00000000000650,order_0000000650,11400.77,card,failed,2025-11-07T22:53:02+05:30
pay_00000000000651,order_0000000651,39161.26,card,captured,2025-11-27T23:36:45+05:30
pay_00000000000652,order_0000000652,2263.50,netbanking,captured,2025-11-24T20:46:07+05:30
pay_00000000000653,order_0000000653,19414.00,wallet,captured,2025-11-15T04:57:08+05:30
pay_00000000000654,order_0000000654,2941.99,wallet,captured,2025-11-29T21:16:11+05:30
pay_00000000000655,order_0000000655,5797.00,card,failed,2025-11-27T15:31:16+05:30
pay_00000000000656,order_0000000656,104942.55,netbanking,captured,2025-11-14T06:13:50+05:30
pay_00000000000657,order_0000000657,23666.99,netbanking,captured,2025-11-22T19:16:28+05:30
pay_00000000000658,order_0000000658,89016.99,card,captured,2025-11-25T22:08:40+05:30
pay_00000000000659,order_0000000659,11553.45,upi,captured,2025-11-22T21:15:50+05:30
pay_00000000000660,order_0000000660,16803.00,netbanking,captured,2025-11-06T15:38:05+05:30
pay_00000000000661,order_0000000661,41731.00,wallet,captured,2025-11-07T17:02:06+05:30
pay_00000000000662,order_0000000662,7984.15,netbanking,captured,2025-11-11T16:44:26+05:30
pay_00000000000663,order_0000000663,6186.28,card,captured,2025-11-12T14:11:28+05:30
pay_00000000000664,order_0000000664,96403.01,wallet,captured,2025-11-05T17:32:11+05:30
pay_00000000000665,order_0000000665,246834.99,card,captured,2025-11-20T10:43:25+05:30
pay_00000000000666,order_0000000666,31979.67,wallet,captured,2025-11-16T21:51:12+05:30
pay_00000000000667,order_0000000667,7134.41,card,captured,2025-11-05T18:02:39+05:30
pay_00000000000668,order_0000000668,18879.41,upi,captured,2025-11-29T15:59:45+05:30
pay_00000000000669,order_0000000669,40529.00,wallet,failed,2025-11-15T16:18:50+05:30
pay_00000000000670,order_0000000670,85545.15,card,captured,2025-11-12T16:44:48+05:30
pay_00000000000671,order_0000000671,6464.25,netbanking,captured,2025-11-05T07:16:05+05:30
pay_00000000000672,order_0000000672,4625.55,wallet,captured,2025-11-26T14:36:14+05:30
pay_00000000000673,order_0000000673,2795.00,netbanking,captured,2025-11-06T12:38:27+05:30
pay_00000000000674,order_0000000674,4478.99,upi,captured,2025-11-15T20:00:31+05:30
pay_00000000000675,order_0000000675,40945.16,netbanking,captured,2025-11-18T21:10:53+05:30
pay_00000000000676,order_0000000676,220962.78,netbanking,captured,2025-11-28T06:10:37+05:30
pay_00000000000677,order_0000000677,77013.53,netbanking,captured,2025-11-27T14:11:14+05:30
pay_00000000000678,order_0000000678,228737.00,netbanking,captured,2025-11-15T13:39:30+05:30
pay_00000000000679,order_0000000679,8126.30,upi,captured,2025-11-15T11:08:23+05:30
pay_00000000000680,order_0000000680,13364.00,wallet,captured,2025-11-30T18:07:50+05:30
pay_00000000000681,order_0000000681,30629.03,wallet,captured,2025-11-29T07:02:36+05:30
pay_00000000000682,order_0000000682,141357.37,card,captured,2025-11-20T13:31:37+05:30
pay_00000000000683,order_0000000683,7829.42,upi,captured,2025-11-15T21:02:01+05:30
pay_00000000000684,order_0000000684,22215.00,netbanking,captured,2025-11-18T13:32:33+05:30
pay_00000000000685,order_0000000685,12089.00,card,captured,2025-11-08T10:08:43+05:30
pay_00000000000686,order_0000000686,39690.73,wallet,captured,2025-11-25T18:27:01+05:30
pay_00000000000687,order_0000000687,5350.46,netbanking,captured,2025-11-09T17:41:49+05:30
pay_00000000000688,order_0000000688,10978.96,card,captured,2025-11-29T16:17:08+05:30
pay_00000000000689,order_0000000689,19386.33,card,captured,2025-11-01T16:54:16+05:30
pay_00000000000690,order_0000000690,3577.16,card,captured,2025-11-07T16:45:14+05:30
pay_00000000000691,order_0000000691,36135.00,wallet,captured,2025-11-21T18:38:23+05:30
pay_00000000000692,order_0000000692,12702.00,netbanking,captured,2025-11-15T06:51:45+05:30
pay_00000000000693,order_0000000693,28426.65,card,captured,2025-11-08T01:44:38+05:30
pay_00000000000694,order_0000000694,41534.99,card,captured,2025-11-13T12:09:50+05:30
pay_00000000000695,order_0000000695,34253.99,netbanking,captured,2025-11-13T16:05:05+05:30
pay_00000000000696,order_0000000696,118884.00,netbanking,captured,2025-11-29T19:58:40+05:30
pay_00000000000697,order_0000000697,43686.00,netbanking,captured,2025-11-19T09:10:47+05:30
pay_00000000000698,order_0000000698,36276.11,upi,captured,2025-11-12T18:36:12+05:30
pay_00000000000699,order_0000000699,34624.95,card,captured,2025-11-28T14:12:57+05:30
pay_00000000000700,order_0000000700,7663.00,netbanking,captured,2025-11-06T14:23:10+05:30
pay_00000000000701,order_0000000701,3264.85,netbanking,captured,2025-11-28T16:41:27+05:30
pay_00000000000702,order_0000000702,2983.91,card,captured,2025-11-29T10:55:41+05:30
pay_00000000000703,order_0000000703,8039.00,wallet,captured,2025-11-03T12:45:21+05:30
pay_00000000000704,order_0000000704,13084.00,netbanking,failed,2025-11-14T14:11:16+05:30
pay_00000000000705,order_0000000705,42372.00,wallet,captured,2025-11-17T21:02:48+05:30
pay_00000000000706,order_0000000706,6762.99,netbanking,captured,2025-11-04T16:15:53+05:30
pay_00000000000707,order_0000000707,245160.00,netbanking,captured,2025-11-21T20:10:00+05:30
pay_00000000000708,order_0000000708,76415.99,card,captured,2025-11-07T10:58:14+05:30
pay_00000000000709,order_0000000709,34737.00,netbanking,captured,2025-11-05T09:24:39+05:30
pay_00000000000710,order_0000000710,173362.46,card,captured,2025-11-09T16:35:25+05:30
pay_00000000000711,order_0000000711,3674.41,netbanking,failed,2025-11-28T15:43:55+05:30
pay_00000000000712,order_0000000712,8555.73,netbanking,captured,2025-11-18T16:22:55+05:30
pay_00000000000713,order_0000000713,6778.00,netbanking,captured,2025-11-25T07:49:43+05:30
pay_00000000000714,order_0000000714,166806.00,netbanking,captured,2025-11-19T23:25:35+05:30
pay_00000000000715,order_0000000715,4043.80,upi,captured,2025-11-09T13:56:20+05:30
pay_00000000000716,order_0000000716,23410.10,card,captured,2025-11-11T17:18:53+05:30
pay_00000000000717,order_0000000717,10549.00,netbanking,captured,2025-11-05T18:27:54+05:30
pay_00000000000718,order_0000000718,2636.00,netbanking,captured,2025-11-15T03:27:33+05:30
pay_00000000000719,order_0000000719,43835.00,wallet,captured,2025-11-15T23:16:35+05:30
pay_00000000000720,order_0000000720,17327.67,upi,captured,2025-11-19T19:27:35+05:30
pay_00000000000721,order_0000000721,19733.99,card,captured,2025-11-22T14:27:39+05:30
pay_00000000000722,order_0000000722,5785.24,netbanking,captured,2025-11-17T06:03:25+05:30
pay_00000000000723,order_0000000723,240585.86,upi,captured,2025-11-03T15:13:05+05:30
pay_00000000000724,order_0000000724,6986.86,wallet,captured,2025-11-23T01:56:40+05:30
pay_00000000000725,order_0000000725,33961.99,netbanking,captured,2025-11-14T13:41:28+05:30
pay_00000000000726,order_0000000726,29231.00,netbanking,captured,2025-11-14T20:45:29+05:30
pay_00000000000727,order_0000000727,14516.35,card,captured,2025-11-03T10:57:31+05:30
pay_00000000000728,order_0000000728,29920.78,upi,captured,2025-11-16T09:10:26+05:30
pay_00000000000729,order_0000000729,196723.88,upi,captured,2025-11-12T13:17:31+05:30
pay_00000000000730,order_0000000730,17759.00,netbanking,captured,2025-11-06T08:08:07+05:30
pay_00000000000731,order_0000000731,20195.00,netbanking,captured,2025-11-21T12:06:05+05:30
pay_00000000000732,order_0000000732,2253.33,card,captured,2025-11-12T18:02:25+05:30
pay_00000000000733,order_0000000733,5206.90,wallet,captured,2025-11-02T11:52:50+05:30
pay_00000000000734,order_0000000734,22421.55,netbanking,captured,2025-11-14T15:38:26+05:30
pay_00000000000735,order_0000000735,2612.74,card,failed,2025-11-20T16:35:35+05:30
pay_00000000000736,order_0000000736,7549.99,upi,captured,2025-11-06T16:06:01+05:30
pay_00000000000737,order_0000000737,22292.99,card,captured,2025-11-16T23:53:56+05:30
pay_00000000000738,order_0000000738,31932.57,upi,captured,2025-11-09T14:32:16+05:30
pay_00000000000739,order_0000000739,33229.20,netbanking,captured,2025-11-01T23:24:18+05:30
pay_00000000000740,order_0000000740,41280.70,netbanking,captured,2025-11-12T17:45:37+05:30
pay_00000000000741,order_0000000741,18956.89,netbanking,captured,2025-11-24T11:45:48+05:30
pay_00000000000742,order_0000000742,2443.00,wallet,captured,2025-11-04T18:07:07+05:30
pay_00000000000743,order_0000000743,2425.26,card,captured,2025-11-24T04:25:37+05:30
pay_00000000000744,order_0000000744,200467.00,netbanking,failed,2025-11-15T15:02:33+05:30
pay_00000000000745,order_0000000745,99428.02,netbanking,captured,2025-11-28T16:31:29+05:30
pay_00000000000746,order_0000000746,15966.42,upi,captured,2025-11-28T05:31:11+05:30
pay_00000000000747,order_0000000747,13775.96,netbanking,captured,2025-11-19T22:48:22+05:30
pay_00000000000748,order_0000000748,103405.53,netbanking,captured,2025-11-25T05:34:41+05:30
pay_00000000000749,order_0000000749,25362.28,upi,captured,2025-11-04T19:38:21+05:30
pay_00000000000750,order_0000000750,40891.60,upi,captured,2025-11-14T10:48:03+05:30
pay_00000000000751,order_0000000751,8415.99,netbanking,captured,2025-11-28T12:42:50+05:30
pay_00000000000752,order_0000000752,7309.11,upi,captured,2025-11-13T12:56:53+05:30
pay_00000000000753,order_0000000753,39262.99,card,captured,2025-11-22T13:45:54+05:30
pay_00000000000754,order_0000000754,7326.49,netbanking,captured,2025-11-15T14:12:09+05:30
pay_00000000000755,order_0000000755,2521.58,card,captured,2025-11-05T19:32:54+05:30
pay_00000000000756,order_0000000756,22931.00,card,captured,2025-11-06T19:03:15+05:30
pay_00000000000757,order_0000000757,3138.33,netbanking,captured,2025-11-29T20:10:25+05:30
pay_00000000000758,order_0000000758,6965.14,netbanking,captured,2025-11-15T07:36:38+05:30
pay_00000000000759,order_0000000759,27637.99,netbanking,failed,2025-11-06T20:03:49+05:30
pay_00000000000760,order_0000000760,24175.00,wallet,captured,2025-11-30T12:46:31+05:30
pay_00000000000761,order_0000000761,7507.90,netbanking,captured,2025-11-13T21:13:03+05:30
pay_00000000000762,order_0000000762,98032.00,netbanking,captured,2025-11-03T21:11:10+05:30
pay_00000000000763,order_0000000763,43948.48,card,captured,2025-11-29T20:40:56+05:30
pay_00000000000764,order_0000000764,40175.99,card,failed,2025-11-30T16:11:01+05:30
pay_00000000000765,order_0000000765,3141.00,wallet,captured,2025-11-13T12:34:50+05:30
pay_00000000000766,order_0000000766,4975.99,wallet,captured,2025-11-20T15:01:13+05:30
pay_00000000000767,order_0000000767,20327.78,card,failed,2025-11-16T15:55:10+05:30
pay_00000000000768,order_0000000768,113609.42,upi,failed,2025-11-17T05:43:19+05:30
pay_00000000000769,order_0000000769,4050.22,card,captured,2025-11-01T17:40:08+05:30
pay_00000000000770,order_0000000770,229657.71,netbanking,captured,2025-11-04T17:24:59+05:30
pay_00000000000771,order_0000000771,124864.14,netbanking,captured,2025-11-30T16:46:28+05:30
pay_00000000000772,order_0000000772,2661.00,wallet,captured,2025-11-28T13:57:05+05:30
pay_00000000000773,order_0000000773,19713.79,upi,captured,2025-11-28T22:01:03+05:30
pay_00000000000774,order_0000000774,86978.00,wallet,failed,2025-11-25T12:03:43+05:30
pay_00000000000775,order_0000000775,7346.99,wallet,captured,2025-11-05T02:41:43+05:30
pay_00000000000776,order_0000000776,3025.56,card,captured,2025-11-08T01:53:37+05:30
pay_00000000000777,order_0000000777,2848.99,wallet,captured,2025-11-11T16:20:16+05:30
pay_00000000000778,order_0000000778,139791.00,netbanking,captured,2025-11-24T07:04:14+05:30
pay_00000000000779,order_0000000779,3650.00,card,captured,2025-11-23T16:11:46+05:30
pay_00000000000780,order_0000000780,5057.00,netbanking,captured,2025-11-22T05:50:41+05:30
pay_00000000000781,order_0000000781,207540.05,netbanking,captured,2025-11-10T19:46:49+05:30
pay_00000000000782,order_0000000782,168383.89,netbanking,captured,2025-11-16T03:04:41+05:30
pay_00000000000783,order_0000000783,25341.99,netbanking,captured,2025-11-30T14:28:40+05:30
pay_00000000000784,order_0000000784,6104.17,netbanking,captured,2025-11-10T16:52:34+05:30
pay_00000000000785,order_0000000785,28972.99,netbanking,captured,2025-11-20T21:12:46+05:30
pay_00000000000786,order_0000000786,229852.99,netbanking,captured,2025-11-23T18:19:16+05:30
pay_00000000000787,order_0000000787,11964.25,wallet,captured,2025-11-11T23:50:39+05:30
pay_00000000000788,order_0000000788,8314.00,netbanking,captured,2025-11-12T15:10:37+05:30
pay_00000000000789,order_0000000789,15371.00,netbanking,captured,2025-11-22T22:48:03+05:30
pay_00000000000790,order_0000000790,30511.00,netbanking,captured,2025-11-10T21:06:53+05:30
pay_00000000000791,order_0000000791,35756.48,netbanking,captured,2025-11-17T22:00:12+05:30
pay_00000000000792,order_0000000792,44230.39,card,captured,2025-11-12T17:17:00+05:30
pay_00000000000793,order_0000000793,36740.99,netbanking,failed,2025-11-23T11:27:09+05:30
pay_00000000000794,order_0000000794,3084.00,wallet,captured,2025-11-03T21:29:39+05:30
pay_00000000000795,order_0000000795,19528.14,upi,captured,2025-11-10T20:52:38+05:30
pay_00000000000796,order_0000000796,5523.00,wallet,captured,2025-11-29T23:04:28+05:30
pay_00000000000797,order_0000000797,6892.99,netbanking,captured,2025-11-25T14:31:40+05:30
pay_00000000000798,order_0000000798,120472.54,card,captured,2025-11-14T14:24:08+05:30
pay_00000000000799,order_0000000799,28389.00,netbanking,failed,2025-11-15T13:03:42+05:30
pay_00000000000800,order_0000000800,8879.00,upi,captured,2025-11-14T03:19:43+05:30
pay_00000000000801,order_0000000801,31393.00,netbanking,captured,2025-11-29T14:06:34+05:30
pay_00000000000802,order_0000000802,13054.99,wallet,captured,2025-11-25T18:09:49+05:30
pay_00000000000803,order_0000000803,7881.04,wallet,captured,2025-11-27T12:51:33+05:30
pay_00000000000804,order_0000000804,8871.15,wallet,failed,2025-11-01T18:39:07+05:30
pay_00000000000805,order_0000000805,7321.61,netbanking,captured,2025-11-09T17:19:49+05:30
pay_00000000000806,order_0000000806,63680.00,netbanking,captured,2025-11-17T12:48:21+05:30
pay_00000000000807,order_0000000807,217124.00,netbanking,captured,2025-11-17T09:16:25+05:30
pay_00000000000808,order_0000000808,19480.16,card,captured,2025-11-19T13:55:32+05:30
pay_00000000000809,order_0000000809,162228.00,netbanking,captured,2025-11-01T22:42:58+05:30
pay_00000000000810,order_0000000810,236558.30,netbanking,captured,2025-11-25T17:05:47+05:30
pay_00000000000811,order_0000000811,39657.72,wallet,captured,2025-11-28T07:45:44+05:30
pay_00000000000812,order_0000000812,6658.00,netbanking,captured,2025-11-24T19:16:54+05:30
pay_00000000000813,order_0000000813,7979.61,card,captured,2025-11-01T10:54:09+05:30
pay_00000000000814,order_0000000814,13784.17,netbanking,captured,2025-11-29T08:30:28+05:30
pay_00000000000815,order_0000000815,153329.69,card,captured,2025-11-17T12:01:24+05:30
pay_00000000000816,order_0000000816,15891.00,upi,captured,2025-11-17T21:14:33+05:30
pay_00000000000817,order_0000000817,207274.25,wallet,captured,2025-11-15T20:34:03+05:30
pay_00000000000818,order_0000000818,20586.99,card,captured,2025-11-26T20:23:08+05:30
pay_00000000000819,order_0000000819,14797.59,netbanking,captured,2025-11-14T19:50:46+05:30
pay_00000000000820,order_0000000820,246250.99,netbanking,captured,2025-11-29T03:06:12+05:30
pay_00000000000821,order_0000000821,19781.88,upi,captured,2025-11-18T23:48:55+05:30
pay_00000000000822,order_0000000822,223534.99,netbanking,captured,2025-11-14T02:15:22+05:30
pay_00000000000823,order_0000000823,104079.62,upi,captured,2025-11-26T01:45:29+05:30
pay_00000000000824,order_0000000824,105768.83,upi,captured,2025-11-20T20:50:35+05:30
pay_00000000000825,order_0000000825,3160.99,netbanking,captured,2025-11-10T22:20:24+05:30
pay_00000000000826,order_0000000826,3347.69,card,captured,2025-11-13T21:47:41+05:30
pay_00000000000827,order_0000000827,242171.86,card,captured,2025-11-21T14:28:08+05:30
pay_00000000000828,order_0000000828,237453.00,netbanking,captured,2025-11-18T17:50:17+05:30
pay_00000000000829,order_0000000829,123399.77,wallet,captured,2025-11-30T16:52:00+05:30
pay_00000000000830,order_0000000830,27351.28,netbanking,captured,2025-11-19T10:59:25+05:30
pay_00000000000831,order_0000000831,55062.67,wallet,captured,2025-11-01T19:46:47+05:30
pay_00000000000832,order_0000000832,4894.69,netbanking,captured,2025-11-05T14:22:22+05:30
pay_00000000000833,order_0000000833,10481.86,netbanking,captured,2025-11-26T07:50:19+05:30
pay_00000000000834,order_0000000834,35253.00,card,captured,2025-11-29T10:56:09+05:30
pay_00000000000835,order_0000000835,43308.99,netbanking,captured,2025-11-16T09:07:00+05:30
pay_00000000000836,order_0000000836,17540.91,upi,captured,2025-11-22T13:57:00+05:30
pay_00000000000837,order_0000000837,43468.00,card,captured,2025-11-21T09:43:56+05:30
pay_00000000000838,order_0000000838,35787.00,netbanking,captured,2025-11-26T13:38:19+05:30
pay_00000000000839,order_0000000839,17965.03,upi,captured,2025-11-01T13:17:45+05:30
pay_00000000000840,order_0000000840,5589.75,card,captured,2025-11-27T16:36:40+05:30
pay_00000000000841,order_0000000841,15088.00,netbanking,failed,2025-11-04T21:45:41+05:30
pay_00000000000842,order_0000000842,8715.99,wallet,failed,2025-11-20T03:53:27+05:30
pay_00000000000843,order_0000000843,222564.00,netbanking,captured,2025-11-19T01:00:33+05:30
pay_00000000000844,order_0000000844,113172.74,netbanking,captured,2025-11-20T23:30:08+05:30
pay_00000000000845,order_0000000845,10912.00,netbanking,captured,2025-11-20T09:33:46+05:30
pay_00000000000846,order_0000000846,11157.99,netbanking,captured,2025-11-06T08:44:16+05:30
pay_00000000000847,order_0000000847,6846.36,card,captured,2025-11-26T12:23:40+05:30
pay_00000000000848,order_0000000848,31289.00,card,failed,2025-11-28T22:10:41+05:30
pay_00000000000849,order_0000000849,28055.00,card,captured,2025-11-29T18:48:40+05:30
pay_00000000000850,order_0000000850,27149.00,netbanking,captured,2025-11-28T11:49:18+05:30
pay_00000000000851,order_0000000851,35336.64,netbanking,captured,2025-11-26T08:48:25+05:30
pay_00000000000852,order_0000000852,7125.31,netbanking,captured,2025-11-06T17:56:17+05:30
pay_00000000000853,order_0000000853,5331.00,upi,captured,2025-11-22T18:44:28+05:30
pay_00000000000854,order_0000000854,100849.00,wallet,captured,2025-11-19T17:33:13+05:30
pay_00000000000855,order_0000000855,6672.40,netbanking,failed,2025-11-23T12:12:37+05:30
pay_00000000000856,order_0000000856,22213.00,netbanking,captured,2025-11-10T14:44:14+05:30
pay_00000000000857,order_0000000857,3123.99,wallet,captured,2025-11-03T19:49:56+05:30
pay_00000000000858,order_0000000858,33649.79,wallet,captured,2025-11-08T21:42:54+05:30
pay_00000000000859,order_0000000859,12111.00,wallet,captured,2025-11-23T07:32:15+05:30
pay_00000000000860,order_0000000860,2400.99,card,captured,2025-11-21T21:22:08+05:30
pay_00000000000861,order_0000000861,3217.99,card,captured,2025-11-21T14:51:02+05:30
pay_00000000000862,order_0000000862,40984.17,netbanking,captured,2025-11-18T17:12:55+05:30
pay_00000000000863,order_0000000863,46105.00,wallet,failed,2025-11-05T15:06:40+05:30
pay_00000000000864,order_0000000864,8202.89,netbanking,captured,2025-11-25T12:05:31+05:30
pay_00000000000865,order_0000000865,178215.58,card,captured,2025-11-17T20:14:34+05:30
pay_00000000000866,order_0000000866,9887.00,netbanking,captured,2025-11-26T19:35:25+05:30
pay_00000000000867,order_0000000867,74934.20,netbanking,captured,2025-11-25T07:37:48+05:30
pay_00000000000868,order_0000000868,4085.00,netbanking,captured,2025-11-15T15:26:21+05:30
pay_00000000000869,order_0000000869,4036.35,wallet,captured,2025-11-11T23:17:14+05:30
pay_00000000000870,order_0000000870,9129.00,card,captured,2025-11-29T08:35:57+05:30
pay_00000000000871,order_0000000871,5468.99,wallet,captured,2025-11-08T11:51:32+05:30
pay_00000000000872,order_0000000872,24924.00,netbanking,captured,2025-11-17T20:12:23+05:30
pay_00000000000873,order_0000000873,14704.99,netbanking,captured,2025-11-02T21:08:15+05:30
pay_00000000000874,order_0000000874,2787.00,netbanking,failed,2025-11-09T18:20:17+05:30
pay_00000000000875,order_0000000875,136401.00,netbanking,captured,2025-11-12T20:31:19+05:30
pay_00000000000876,order_0000000876,9543.90,card,captured,2025-11-18T16:32:40+05:30
pay_00000000000877,order_0000000877,3022.53,netbanking,captured,2025-11-08T08:24:10+05:30
pay_00000000000878,order_0000000878,4864.00,card,captured,2025-11-01T12:54:15+05:30
pay_00000000000879,order_0000000879,40735.99,card,captured,2025-11-04T17:00:49+05:30
pay_00000000000880,order_0000000880,43675.54,card,captured,2025-11-25T16:14:54+05:30
pay_00000000000881,order_0000000881,44544.21,card,captured,2025-11-23T09:35:00+05:30
pay_00000000000882,order_0000000882,8711.99,netbanking,captured,2025-11-04T12:28:28+05:30
pay_00000000000883,order_0000000883,9779.54,netbanking,captured,2025-11-22T09:44:42+05:30
pay_00000000000884,order_0000000884,20852.00,card,failed,2025-11-27T18:05:49+05:30
pay_00000000000885,order_0000000885,243929.99,card,captured,2025-11-04T16:55:59+05:30
pay_00000000000886,order_0000000886,94579.66,netbanking,captured,2025-11-22T17:42:41+05:30
pay_00000000000887,order_0000000887,32680.00,card,captured,2025-11-30T13:59:11+05:30
pay_00000000000888,order_0000000888,15582.00,card,captured,2025-11-03T18:29:45+05:30
pay_00000000000889,order_0000000889,5007.73,card,captured,2025-11-02T17:47:18+05:30
pay_00000000000890,order_0000000890,4327.00,upi,captured,2025-11-03T23:40:09+05:30
pay_00000000000891,order_0000000891,5664.95,netbanking,captured,2025-11-07T22:50:04+05:30
pay_00000000000892,order_0000000892,242336.99,upi,captured,2025-11-28T13:03:45+05:30
pay_00000000000893,order_0000000893,167736.18,card,captured,2025-11-30T18:10:42+05:30
pay_00000000000894,order_0000000894,3998.99,upi,captured,2025-11-11T15:25:27+05:30
pay_00000000000895,order_0000000895,7907.20,netbanking,captured,2025-11-17T11:24:26+05:30
pay_00000000000896,order_0000000896,3956.82,netbanking,captured,2025-11-15T22:24:05+05:30
pay_00000000000897,order_0000000897,31777.00,card,captured,2025-11-20T22:30:57+05:30
pay_00000000000898,order_0000000898,3841.78,netbanking,captured,2025-11-13T16:14:21+05:30
pay_00000000000899,order_0000000899,2584.99,netbanking,captured,2025-11-10T09:16:02+05:30
pay_00000000000900,order_0000000900,40374.49,card,captured,2025-11-30T22:26:34+05:30
pay_00000000000901,order_0000000901,20044.00,upi,captured,2025-11-14T12:46:08+05:30
pay_00000000000902,order_0000000902,12935.00,netbanking,captured,2025-11-23T12:43:19+05:30
pay_00000000000903,order_0000000903,43996.70,netbanking,failed,2025-11-23T07:42:22+05:30
pay_00000000000904,order_0000000904,43901.00,netbanking,captured,2025-11-19T01:07:20+05:30
pay_00000000000905,order_0000000905,7702.22,netbanking,captured,2025-11-24T20:15:55+05:30
pay_00000000000906,order_0000000906,45405.00,wallet,captured,2025-11-09T13:53:30+05:30
pay_00000000000907,order_0000000907,14021.00,upi,captured,2025-11-29T04:38:17+05:30
pay_00000000000908,order_0000000908,4105.49,wallet,captured,2025-11-10T20:49:03+05:30
pay_00000000000909,order_0000000909,28967.74,netbanking,captured,2025-11-15T02:02:05+05:30
pay_00000000000910,order_0000000910,7527.26,card,captured,2025-11-19T10:14:18+05:30
pay_00000000000911,order_0000000911,41710.00,netbanking,captured,2025-11-15T22:15:51+05:30
pay_00000000000912,order_0000000912,30015.63,netbanking,captured,2025-11-05T21:23:55+05:30
pay_00000000000913,order_0000000913,31772.72,netbanking,captured,2025-11-09T16:42:29+05:30
pay_00000000000914,order_0000000914,29986.99,netbanking,captured,2025-11-29T16:34:33+05:30
pay_00000000000915,order_0000000915,9976.00,upi,captured,2025-11-02T20:53:39+05:30
pay_00000000000916,order_0000000916,41392.00,netbanking,captured,2025-11-12T19:35:45+05:30
pay_00000000000917,order_0000000917,38930.00,wallet,captured,2025-11-01T23:17:47+05:30
pay_00000000000918,order_0000000918,33605.00,upi,captured,2025-11-06T13:44:15+05:30
pay_00000000000919,order_0000000919,104072.00,netbanking,captured,2025-11-13T20:36:00+05:30
pay_00000000000920,order_0000000920,10337.81,card,captured,2025-11-06T06:56:22+05:30
pay_00000000000921,order_0000000921,16471.73,card,captured,2025-11-09T13:13:01+05:30
pay_00000000000922,order_0000000922,5503.88,netbanking,captured,2025-11-19T23:11:06+05:30
pay_00000000000923,order_0000000923,8746.12,card,captured,2025-11-05T13:58:59+05:30
pay_00000000000924,order_0000000924,79786.99,netbanking,captured,2025-11-26T22:49:03+05:30
pay_00000000000925,order_0000000925,8431.00,card,captured,2025-11-22T13:12:21+05:30
pay_00000000000926,order_0000000926,8727.00,upi,captured,2025-11-23T20:05:12+05:30
pay_00000000000927,order_0000000927,2292.00,card,captured,2025-11-18T12:41:27+05:30
pay_00000000000928,order_0000000928,23335.88,card,captured,2025-11-09T09:28:31+05:30
pay_00000000000929,order_0000000929,3345.99,netbanking,captured,2025-11-16T12:03:12+05:30
pay_00000000000930,order_0000000930,230703.00,netbanking,failed,2025-11-01T12:52:35+05:30
pay_00000000000931,order_0000000931,13761.00,netbanking,captured,2025-11-04T12:00:59+05:30
pay_00000000000932,order_0000000932,17719.10,netbanking,captured,2025-11-18T14:21:14+05:30
pay_00000000000933,order_0000000933,16104.31,netbanking,captured,2025-11-13T16:12:12+05:30
pay_00000000000934,order_0000000934,42073.11,wallet,captured,2025-11-03T16:09:22+05:30
pay_00000000000935,order_0000000935,120371.72,netbanking,captured,2025-11-23T18:58:11+05:30
pay_00000000000936,order_0000000936,15899.93,upi,captured,2025-11-03T21:36:00+05:30
pay_00000000000937,order_0000000937,220042.45,upi,captured,2025-11-06T14:13:18+05:30
pay_00000000000938,order_0000000938,11590.76,wallet,captured,2025-11-30T14:40:53+05:30
pay_00000000000939,order_0000000939,38242.51,card,captured,2025-11-21T10:58:23+05:30
pay_00000000000940,order_0000000940,34866.99,netbanking,captured,2025-11-08T20:22:36+05:30
pay_00000000000941,order_0000000941,24167.54,netbanking,failed,2025-11-20T21:35:37+05:30
pay_00000000000942,order_0000000942,163404.72,wallet,captured,2025-11-21T18:00:04+05:30
pay_00000000000943,order_0000000943,36954.99,netbanking,captured,2025-11-04T20:13:19+05:30
pay_00000000000944,order_0000000944,18823.99,upi,captured,2025-11-23T20:17:41+05:30
pay_00000000000945,order_0000000945,24207.00,netbanking,captured,2025-11-15T17:33:36+05:30
pay_00000000000946,order_0000000946,132719.29,upi,captured,2025-11-26T21:13:28+05:30
pay_00000000000947,order_0000000947,3381.00,wallet,captured,2025-11-11T12:10:49+05:30
pay_00000000000948,order_0000000948,3814.00,card,captured,2025-11-20T13:00:27+05:30
pay_00000000000949,order_0000000949,8402.00,netbanking,captured,2025-11-28T21:31:07+05:30
pay_00000000000950,order_0000000950,25922.43,wallet,captured,2025-11-17T08:15:02+05:30
pay_00000000000951,order_0000000951,203505.57,upi,captured,2025-11-07T15:18:01+05:30
pay_00000000000952,order_0000000952,22137.53,wallet,captured,2025-11-08T05:33:13+05:30
pay_00000000000953,order_0000000953,14629.98,netbanking,captured,2025-11-24T16:16:27+05:30
pay_00000000000954,order_0000000954,37419.77,netbanking,captured,2025-11-24T14:16:15+05:30
pay_00000000000955,order_0000000955,31702.00,netbanking,captured,2025-11-27T21:53:38+05:30
pay_00000000000956,order_0000000956,40205.99,netbanking,captured,2025-11-10T16:15:07+05:30
pay_00000000000957,order_0000000957,8747.34,upi,captured,2025-11-14T18:56:32+05:30
pay_00000000000958,order_0000000958,19653.80,netbanking,captured,2025-11-08T03:42:24+05:30
pay_00000000000959,order_0000000959,4256.41,netbanking,captured,2025-11-28T14:38:37+05:30
pay_00000000000960,order_0000000960,42645.20,netbanking,captured,2025-11-15T16:48:50+05:30
pay_00000000000961,order_0000000961,5017.99,wallet,failed,2025-11-17T19:30:42+05:30
pay_00000000000962,order_0000000962,60498.87,netbanking,captured,2025-11-16T07:46:48+05:30
pay_00000000000963,order_0000000963,43570.00,netbanking,failed,2025-11-19T09:10:34+05:30
pay_00000000000964,order_0000000964,3214.67,netbanking,captured,2025-11-08T17:21:05+05:30
pay_00000000000965,order_0000000965,114707.99,wallet,captured,2025-11-22T17:49:11+05:30
pay_00000000000966,order_0000000966,4303.99,card,captured,2025-11-29T15:13:22+05:30
pay_00000000000967,order_0000000967,26074.00,netbanking,captured,2025-11-01T21:05:00+05:30
pay_00000000000968,order_0000000968,28033.80,netbanking,captured,2025-11-06T13:43:40+05:30
pay_00000000000969,order_0000000969,37490.00,netbanking,captured,2025-11-23T21:23:29+05:30
pay_00000000000970,order_0000000970,213235.00,netbanking,captured,2025-11-21T10:33:47+05:30
pay_00000000000971,order_0000000971,178275.00,netbanking,captured,2025-11-26T17:32:17+05:30
pay_00000000000972,order_0000000972,33460.99,wallet,captured,2025-11-18T19:18:10+05:30
pay_00000000000973,order_0000000973,2082.00,netbanking,captured,2025-11-26T06:11:23+05:30
pay_00000000000974,order_0000000974,42568.99,wallet,captured,2025-11-16T21:29:44+05:30
pay_00000000000975,order_0000000975,215393.00,netbanking,captured,2025-11-25T20:17:06+05:30
pay_00000000000976,order_0000000976,28124.99,netbanking,captured,2025-11-24T22:40:41+05:30
pay_00000000000977,order_0000000977,9126.00,upi,failed,2025-11-30T14:21:03+05:30
pay_00000000000978,order_0000000978,7065.45,netbanking,captured,2025-11-14T21:44:32+05:30
pay_00000000000979,order_0000000979,19455.00,upi,failed,2025-11-09T13:02:20+05:30
pay_00000000000980,order_0000000980,199819.30,netbanking,captured,2025-11-22T05:01:02+05:30
pay_00000000000981,order_0000000981,69064.99,netbanking,captured,2025-11-18T08:57:51+05:30
pay_00000000000982,order_0000000982,43220.45,card,captured,2025-11-26T07:16:20+05:30
pay_00000000000983,order_0000000983,18240.00,netbanking,failed,2025-11-23T20:05:03+05:30
pay_00000000000984,order_0000000984,2167.99,wallet,captured,2025-11-03T17:38:48+05:30
pay_00000000000985,order_0000000985,5276.99,card,captured,2025-11-02T14:50:42+05:30
pay_00000000000986,order_0000000986,44680.85,upi,captured,2025-11-03T14:51:28+05:30
pay_00000000000987,order_0000000987,5919.18,wallet,captured,2025-11-04T16:34:24+05:30
pay_00000000000988,order_0000000988,24460.31,wallet,captured,2025-11-24T17:08:49+05:30
pay_00000000000989,order_0000000989,33061.17,netbanking,captured,2025-11-29T18:15:59+05:30
pay_00000000000990,order_0000000990,240688.85,netbanking,captured,2025-11-09T21:47:56+05:30
pay_00000000000991,order_0000000991,44268.39,upi,captured,2025-11-29T21:57:30+05:30
pay_00000000000992,order_0000000992,109464.86,netbanking,captured,2025-11-26T22:01:43+05:30
pay_00000000000993,order_0000000993,4772.71,netbanking,captured,2025-11-21T22:21:08+05:30
pay_00000000000994,order_0000000994,4644.39,card,captured,2025-11-13T18:40:39+05:30
pay_00000000000995,order_0000000995,25880.36,netbanking,captured,2025-11-04T22:46:32+05:30
pay_00000000000996,order_0000000996,6715.41,upi,captured,2025-11-04T15:44:10+05:30
pay_00000000000997,order_0000000997,6394.38,card,captured,2025-11-16T03:59:42+05:30
pay_00000000000998,order_0000000998,22065.99,card,captured,2025-11-01T12:13:56+05:30
pay_00000000000999,order_0000000999,27364.99,card,captured,2025-11-26T23:21:04+05:30
pay_00000000001000,order_0000001000,3059.43,card,captured,2025-11-18T16:23:39+05:30
pay_00000000001001,order_0000001001,81263.68,netbanking,captured,2025-11-28T18:56:53+05:30
pay_00000000001002,order_0000001002,8616.99,upi,captured,2025-11-08T18:03:55+05:30
pay_00000000001003,order_0000001003,7720.19,netbanking,captured,2025-11-14T19:45:40+05:30
pay_00000000001004,order_0000001004,31051.00,wallet,captured,2025-11-06T05:39:29+05:30
pay_00000000001005,order_0000001005,56120.00,netbanking,captured,2025-11-28T22:06:35+05:30
pay_00000000001006,order_0000001006,16875.00,wallet,captured,2025-11-27T18:54:05+05:30
pay_00000000001007,order_0000001007,67345.20,wallet,captured,2025-11-29T07:24:07+05:30
pay_00000000001008,order_0000001008,164294.00,netbanking,captured,2025-11-19T11:55:24+05:30
pay_00000000001009,order_0000001009,4802.07,wallet,captured,2025-11-13T17:48:28+05:30
pay_00000000001010,order_0000001010,15969.15,wallet,captured,2025-11-04T18:53:15+05:30
pay_00000000001011,order_0000001011,32002.65,netbanking,captured,2025-11-14T17:00:17+05:30
pay_00000000001012,order_0000001012,3655.00,card,failed,2025-11-27T16:32:23+05:30
pay_00000000001013,order_0000001013,2282.45,netbanking,captured,2025-11-21T20:19:00+05:30
pay_00000000001014,order_0000001014,22737.50,netbanking,captured,2025-11-24T04:41:29+05:30
pay_00000000001015,order_0000001015,7799.19,card,captured,2025-11-19T21:54:32+05:30
pay_00000000001016,order_0000001016,102649.00,netbanking,captured,2025-11-06T05:42:00+05:30
pay_00000000001017,order_0000001017,6197.68,upi,failed,2025-11-07T04:45:14+05:30
pay_00000000001018,order_0000001018,3763.52,card,captured,2025-11-04T16:20:44+05:30
pay_00000000001019,order_0000001019,19780.00,upi,captured,2025-11-01T22:43:06+05:30
pay_00000000001020,order_0000001020,40870.41,upi,captured,2025-11-30T21:00:27+05:30
pay_00000000001021,order_0000001021,88021.00,card,captured,2025-11-09T13:57:35+05:30
pay_00000000001022,order_0000001022,29112.25,card,captured,2025-11-29T06:13:21+05:30
pay_00000000001023,order_0000001023,31343.38,upi,captured,2025-11-21T08:06:56+05:30
pay_00000000001024,order_0000001024,27919.45,wallet,captured,2025-11-18T22:35:10+05:30
pay_00000000001025,order_0000001025,207147.18,netbanking,captured,2025-11-01T19:08:49+05:30
pay_00000000001026,order_0000001026,16585.00,netbanking,captured,2025-11-05T16:01:17+05:30
pay_00000000001027,order_0000001027,2335.16,netbanking,captured,2025-11-26T12:56:34+05:30
pay_00000000001028,order_0000001028,6829.19,upi,captured,2025-11-19T19:43:15+05:30
pay_00000000001029,order_0000001029,220989.64,card,failed,2025-11-11T01:18:45+05:30
pay_00000000001030,order_0000001030,24887.52,netbanking,captured,2025-11-27T20:19:27+05:30
pay_00000000001031,order_0000001031,16149.99,card,captured,2025-11-10T14:55:26+05:30
pay_00000000001032,order_0000001032,41763.35,card,captured,2025-11-27T10:43:47+05:30
pay_00000000001033,order_0000001033,9148.41,upi,captured,2025-11-14T18:47:01+05:30
pay_00000000001034,order_0000001034,16741.00,card,captured,2025-11-03T19:22:34+05:30
pay_00000000001035,order_0000001035,2414.46,upi,captured,2025-11-06T23:34:43+05:30
pay_00000000001036,order_0000001036,45595.38,netbanking,captured,2025-11-09T21:11:54+05:30
pay_00000000001037,order_0000001037,183343.45,wallet,captured,2025-11-20T07:09:26+05:30
pay_00000000001038,order_0000001038,8061.08,upi,captured,2025-11-20T22:59:14+05:30
pay_00000000001039,order_0000001039,2762.78,netbanking,captured,2025-11-29T03:45:50+05:30
pay_00000000001040,order_0000001040,118858.14,card,captured,2025-11-24T21:42:32+05:30
pay_00000000001041,order_0000001041,12736.58,upi,captured,2025-11-16T14:42:43+05:30
pay_00000000001042,order_0000001042,13369.00,netbanking,captured,2025-11-07T14:13:27+05:30
pay_00000000001043,order_0000001043,36560.00,wallet,captured,2025-11-30T23:54:14+05:30
pay_00000000001044,order_0000001044,8548.00,upi,captured,2025-11-01T19:12:00+05:30
pay_00000000001045,order_0000001045,7255.00,netbanking,captured,2025-11-16T01:02:31+05:30
pay_00000000001046,order_0000001046,16331.15,card,captured,2025-11-29T00:43:53+05:30
pay_00000000001047,order_0000001047,30890.23,wallet,captured,2025-11-01T19:52:15+05:30
pay_00000000001048,order_0000001048,3058.62,netbanking,captured,2025-11-02T06:05:36+05:30
pay_00000000001049,order_0000001049,33461.00,card,captured,2025-11-26T14:10:42+05:30
pay_00000000001050,order_0000001050,212731.87,upi,captured,2025-11-13T17:00:41+05:30
pay_00000000001051,order_0000001051,61819.93,wallet,captured,2025-11-15T00:30:14+05:30
pay_00000000001052,order_0000001052,2789.98,netbanking,captured,2025-11-07T08:52:50+05:30
pay_00000000001053,order_0000001053,31130.99,netbanking,captured,2025-11-26T13:48:36+05:30
pay_00000000001054,order_0000001054,27932.16,wallet,captured,2025-11-21T08:32:19+05:30
pay_00000000001055,order_0000001055,93290.00,netbanking,captured,2025-11-17T21:56:10+05:30
pay_00000000001056,order_0000001056,27797.07,card,captured,2025-11-17T18:53:16+05:30
pay_00000000001057,order_0000001057,6714.00,upi,captured,2025-11-06T13:15:19+05:30
pay_00000000001058,order_0000001058,7017.00,netbanking,captured,2025-11-25T01:36:38+05:30
pay_00000000001059,order_0000001059,24595.00,upi,captured,2025-11-26T16:52:42+05:30
pay_00000000001060,order_0000001060,28985.00,upi,captured,2025-11-25T14:01:36+05:30
pay_00000000001061,order_0000001061,24868.17,netbanking,captured,2025-11-28T05:51:45+05:30
pay_00000000001062,order_0000001062,7641.13,card,captured,2025-11-07T13:47:50+05:30
pay_00000000001063,order_0000001063,142275.00,netbanking,failed,2025-11-24T07:37:21+05:30
pay_00000000001064,order_0000001064,6571.99,netbanking,captured,2025-11-25T22:29:23+05:30
pay_00000000001065,order_0000001065,210537.77,card,captured,2025-11-04T18:05:37+05:30
pay_00000000001066,order_0000001066,4578.25,card,captured,2025-11-10T22:02:53+05:30
pay_00000000001067,order_0000001067,6397.99,netbanking,failed,2025-11-25T18:34:44+05:30
pay_00000000001068,order_0000001068,19248.81,card,captured,2025-11-06T19:06:38+05:30
pay_00000000001069,order_0000001069,235696.43,wallet,captured,2025-11-14T20:46:56+05:30
pay_00000000001070,order_0000001070,4059.08,upi,captured,2025-11-25T15:48:54+05:30
pay_00000000001071,order_0000001071,3268.99,card,captured,2025-11-08T12:43:11+05:30
pay_00000000001072,order_0000001072,223918.99,netbanking,failed,2025-11-03T11:09:12+05:30
pay_00000000001073,order_0000001073,112645.00,wallet,captured,2025-11-06T18:18:57+05:30
pay_00000000001074,order_0000001074,164766.36,wallet,captured,2025-11-18T19:04:41+05:30
pay_00000000001075,order_0000001075,15863.14,wallet,captured,2025-11-06T23:12:06+05:30
pay_00000000001076,order_0000001076,4455.34,card,captured,2025-11-04T08:18:38+05:30
pay_00000000001077,order_0000001077,13837.37,card,captured,2025-11-17T13:49:53+05:30
pay_00000000001078,order_0000001078,32339.45,netbanking,failed,2025-11-14T06:45:35+05:30
pay_00000000001079,order_0000001079,8261.18,upi,captured,2025-11-08T19:59:57+05:30
pay_00000000001080,order_0000001080,27210.00,netbanking,captured,2025-11-09T17:47:59+05:30
pay_00000000001081,order_0000001081,22270.80,upi,captured,2025-11-04T08:41:48+05:30
pay_00000000001082,order_0000001082,28265.57,wallet,captured,2025-11-23T19:16:55+05:30
pay_00000000001083,order_0000001083,38922.99,wallet,captured,2025-11-19T19:43:16+05:30
pay_00000000001084,order_0000001084,7557.99,card,captured,2025-11-08T12:14:26+05:30
pay_00000000001085,order_0000001085,5281.63,card,captured,2025-11-22T19:46:28+05:30
pay_00000000001086,order_0000001086,35929.00,netbanking,captured,2025-11-21T21:23:38+05:30
pay_00000000001087,order_0000001087,6478.36,card,captured,2025-11-13T19:02:51+05:30
pay_00000000001088,order_0000001088,37662.00,card,failed,2025-11-27T12:16:43+05:30
pay_00000000001089,order_0000001089,3924.88,upi,captured,2025-11-03T18:38:48+05:30
pay_00000000001090,order_0000001090,44852.74,wallet,captured,2025-11-09T09:36:30+05:30
pay_00000000001091,order_0000001091,33047.00,wallet,failed,2025-11-18T23:36:40+05:30
pay_00000000001092,order_0000001092,36074.00,card,captured,2025-11-10T18:13:26+05:30
pay_00000000001093,order_0000001093,5607.00,netbanking,captured,2025-11-27T01:56:17+05:30
pay_00000000001094,order_0000001094,4600.91,netbanking,captured,2025-11-12T09:39:09+05:30
pay_00000000001095,order_0000001095,157024.00,netbanking,captured,2025-11-16T07:25:58+05:30
pay_00000000001096,order_0000001096,112124.00,netbanking,captured,2025-11-26T17:43:35+05:30
pay_00000000001097,order_0000001097,7974.23,wallet,captured,2025-11-27T20:07:25+05:30
pay_00000000001098,order_0000001098,15775.00,card,captured,2025-11-23T16:39:42+05:30
pay_00000000001099,order_0000001099,247484.00,netbanking,captured,2025-11-18T21:52:54+05:30
pay_00000000001100,order_0000001100,20325.62,upi,captured,2025-11-06T17:58:45+05:30
pay_00000000001101,order_0000001101,7864.00,netbanking,captured,2025-11-28T19:56:57+05:30
pay_00000000001102,order_0000001102,2989.00,card,captured,2025-11-29T03:59:35+05:30
pay_00000000001103,order_0000001103,25034.98,netbanking,captured,2025-11-15T15:40:31+05:30
pay_00000000001104,order_0000001104,26176.00,upi,captured,2025-11-05T10:57:11+05:30
pay_00000000001105,order_0000001105,39634.65,card,captured,2025-11-13T16:04:06+05:30
pay_00000000001106,order_0000001106,229400.73,netbanking,captured,2025-11-17T09:52:38+05:30
pay_00000000001107,order_0000001107,6516.00,card,captured,2025-11-04T12:47:48+05:30
pay_00000000001108,order_0000001108,14371.77,netbanking,captured,2025-11-19T14:21:20+05:30
pay_00000000001109,order_0000001109,6789.00,card,captured,2025-11-15T18:57:45+05:30
pay_00000000001110,order_0000001110,8648.65,netbanking,captured,2025-11-20T22:17:25+05:30
pay_00000000001111,order_0000001111,2841.63,upi,captured,2025-11-20T07:44:53+05:30
pay_00000000001112,order_0000001112,44744.32,netbanking,captured,2025-11-15T16:45:03+05:30
pay_00000000001113,order_0000001113,14707.00,card,captured,2025-11-28T22:07:32+05:30
pay_00000000001114,order_0000001114,38331.00,netbanking,captured,2025-11-22T18:21:27+05:30
pay_00000000001115,order_0000001115,6651.99,card,captured,2025-11-23T18:55:06+05:30
pay_00000000001116,order_0000001116,8167.16,netbanking,captured,2025-11-11T00:39:09+05:30
pay_00000000001117,order_0000001117,9894.22,wallet,failed,2025-11-30T19:03:24+05:30
pay_00000000001118,order_0000001118,4881.99,card,captured,2025-11-11T13:44:33+05:30
pay_00000000001119,order_0000001119,32436.72,upi,failed,2025-11-20T12:11:55+05:30
pay_00000000001120,order_0000001120,152950.86,netbanking,captured,2025-11-05T19:02:34+05:30
pay_00000000001121,order_0000001121,23992.23,wallet,captured,2025-11-01T18:00:06+05:30
pay_00000000001122,order_0000001122,178886.51,wallet,captured,2025-11-18T22:16:18+05:30
pay_00000000001123,order_0000001123,3985.31,card,captured,2025-11-24T12:11:54+05:30
pay_00000000001124,order_0000001124,5442.00,netbanking,captured,2025-11-03T23:50:34+05:30
pay_00000000001125,order_0000001125,93027.80,netbanking,captured,2025-11-19T21:41:27+05:30
pay_00000000001126,order_0000001126,32471.00,card,captured,2025-11-28T18:02:03+05:30
pay_00000000001127,order_0000001127,35415.00,netbanking,captured,2025-11-15T11:29:38+05:30
pay_00000000001128,order_0000001128,43963.99,netbanking,captured,2025-11-01T16:21:03+05:30
pay_00000000001129,order_0000001129,33069.07,netbanking,captured,2025-11-18T23:41:59+05:30
pay_00000000001130,order_0000001130,26096.70,netbanking,captured,2025-11-17T10:45:18+05:30
pay_00000000001131,order_0000001131,20068.96,netbanking,captured,2025-11-22T18:45:20+05:30
pay_00000000001132,order_0000001132,33875.95,upi,captured,2025-11-03T10:00:28+05:30
pay_00000000001133,order_0000001133,6903.00,card,captured,2025-11-08T19:22:43+05:30
pay_00000000001134,order_0000001134,6563.02,card,captured,2025-11-05T14:54:12+05:30
pay_00000000001135,order_0000001135,8059.00,netbanking,captured,2025-11-04T12:56:40+05:30
pay_00000000001136,order_0000001136,3073.45,netbanking,captured,2025-11-10T08:21:33+05:30
pay_00000000001137,order_0000001137,29869.39,netbanking,captured,2025-11-18T00:38:57+05:30
pay_00000000001138,order_0000001138,101345.99,card,captured,2025-11-13T07:35:13+05:30
pay_00000000001139,order_0000001139,12668.00,card,captured,2025-11-06T17:07:39+05:30
pay_00000000001140,order_0000001140,7908.64,card,captured,2025-11-02T16:35:00+05:30
pay_00000000001141,order_0000001141,6967.00,netbanking,captured,2025-11-07T23:02:48+05:30
pay_00000000001142,order_0000001142,67123.23,netbanking,captured,2025-11-26T09:26:32+05:30
pay_00000000001143,order_0000001143,23387.31,netbanking,captured,2025-11-19T04:42:23+05:30
pay_00000000001144,order_0000001144,4086.26,netbanking,captured,2025-11-14T16:48:04+05:30
pay_00000000001145,order_0000001145,4632.99,wallet,captured,2025-11-01T17:49:16+05:30
pay_00000000001146,order_0000001146,8476.68,card,captured,2025-11-21T20:34:23+05:30
pay_00000000001147,order_0000001147,39250.44,netbanking,captured,2025-11-06T09:34:54+05:30
pay_00000000001148,order_0000001148,6123.99,wallet,captured,2025-11-06T19:07:25+05:30
pay_00000000001149,order_0000001149,238300.04,netbanking,captured,2025-11-27T22:31:30+05:30
pay_00000000001150,order_0000001150,33729.00,netbanking,captured,2025-11-24T21:16:55+05:30
pay_00000000001151,order_0000001151,34690.23,netbanking,captured,2025-11-22T15:38:23+05:30
pay_00000000001152,order_0000001152,7401.79,card,captured,2025-11-08T03:01:22+05:30
pay_00000000001153,order_0000001153,19593.00,wallet,captured,2025-11-21T19:03:27+05:30
pay_00000000001154,order_0000001154,223423.99,netbanking,captured,2025-11-06T21:30:28+05:30
pay_00000000001155,order_0000001155,195222.18,upi,captured,2025-11-05T21:42:44+05:30
pay_00000000001156,order_0000001156,243506.59,netbanking,captured,2025-11-02T15:36:03+05:30
pay_00000000001157,order_0000001157,21836.89,netbanking,captured,2025-11-28T07:48:17+05:30
pay_00000000001158,order_0000001158,44269.90,wallet,captured,2025-11-11T11:49:51+05:30
pay_00000000001159,order_0000001159,130496.00,upi,captured,2025-11-01T14:01:38+05:30
pay_00000000001160,order_0000001160,2946.00,netbanking,captured,2025-11-12T12:27:03+05:30
pay_00000000001161,order_0000001161,27342.00,wallet,captured,2025-11-09T01:13:41+05:30
pay_00000000001162,order_0000001162,223058.99,netbanking,captured,2025-11-07T18:55:11+05:30
pay_00000000001163,order_0000001163,2355.17,card,failed,2025-11-25T23:25:27+05:30
pay_00000000001164,order_0000001164,24501.06,netbanking,captured,2025-11-16T17:07:32+05:30
pay_00000000001165,order_0000001165,19216.99,wallet,captured,2025-11-05T22:04:23+05:30
pay_00000000001166,order_0000001166,4240.99,wallet,captured,2025-11-20T12:03:39+05:30
pay_00000000001167,order_0000001167,20777.99,netbanking,captured,2025-11-23T00:27:20+05:30
pay_00000000001168,order_0000001168,23071.00,card,captured,2025-11-26T06:06:36+05:30
pay_00000000001169,order_0000001169,14976.31,card,captured,2025-11-17T15:01:45+05:30
pay_00000000001170,order_0000001170,4829.24,card,captured,2025-11-01T05:19:05+05:30
pay_00000000001171,order_0000001171,227428.99,netbanking,captured,2025-11-07T22:27:27+05:30
pay_00000000001172,order_0000001172,7325.00,netbanking,captured,2025-11-25T15:28:53+05:30
pay_00000000001173,order_0000001173,154081.76,card,failed,2025-11-09T16:46:49+05:30
pay_00000000001174,order_0000001174,20447.82,netbanking,failed,2025-11-17T07:57:10+05:30
pay_00000000001175,order_0000001175,4958.62,upi,captured,2025-11-09T20:20:22+05:30
pay_00000000001176,order_0000001176,29466.00,netbanking,captured,2025-11-27T08:23:08+05:30
pay_00000000001177,order_0000001177,100747.99,card,captured,2025-11-22T23:21:04+05:30
pay_00000000001178,order_0000001178,3179.99,netbanking,captured,2025-11-02T13:55:47+05:30
pay_00000000001179,order_0000001179,26195.89,netbanking,captured,2025-11-10T09:46:58+05:30
pay_00000000001180,order_0000001180,33604.63,card,captured,2025-11-01T21:53:59+05:30
pay_00000000001181,order_0000001181,18478.71,card,captured,2025-11-15T12:14:35+05:30
pay_00000000001182,order_0000001182,2002.76,netbanking,captured,2025-11-16T21:24:01+05:30
pay_00000000001183,order_0000001183,6607.00,upi,captured,2025-11-09T23:05:39+05:30
pay_00000000001184,order_0000001184,149533.38,wallet,captured,2025-11-07T14:46:24+05:30
pay_00000000001185,order_0000001185,4018.00,netbanking,captured,2025-11-23T21:08:53+05:30
pay_00000000001186,order_0000001186,6652.00,netbanking,captured,2025-11-01T19:15:18+05:30
pay_00000000001187,order_0000001187,2674.57,netbanking,captured,2025-11-23T22:35:49+05:30
pay_00000000001188,order_0000001188,15777.00,netbanking,captured,2025-11-20T14:06:44+05:30
pay_00000000001189,order_0000001189,2855.20,upi,captured,2025-11-18T18:31:23+05:30
pay_00000000001190,order_0000001190,8429.28,netbanking,captured,2025-11-30T07:04:05+05:30
pay_00000000001191,order_0000001191,66791.55,wallet,failed,2025-11-26T14:14:52+05:30
pay_00000000001192,order_0000001192,31084.99,card,failed,2025-11-05T23:48:03+05:30
pay_00000000001193,order_0000001193,133787.00,card,captured,2025-11-20T19:11:31+05:30
pay_00000000001194,order_0000001194,21288.49,upi,captured,2025-11-21T18:55:23+05:30
pay_00000000001195,order_0000001195,4312.51,wallet,captured,2025-11-11T14:10:10+05:30
pay_00000000001196,order_0000001196,97772.15,netbanking,captured,2025-11-16T17:27:28+05:30
pay_00000000001197,order_0000001197,4676.00,card,captured,2025-11-24T14:47:54+05:30
pay_00000000001198,order_0000001198,13102.11,netbanking,captured,2025-11-27T14:56:25+05:30
pay_00000000001199,order_0000001199,66543.00,card,captured,2025-11-02T22:04:05+05:30
pay_00000000001200,order_0000001200,12830.00,netbanking,captured,2025-11-24T19:18:30+05:30
pay_00000000001201,order_0000001201,2884.06,card,captured,2025-11-19T23:26:56+05:30
pay_00000000001202,order_0000001202,23580.97,card,captured,2025-11-02T21:15:00+05:30
pay_00000000001203,order_0000001203,16112.99,wallet,captured,2025-11-24T16:41:10+05:30
pay_00000000001204,order_0000001204,4565.91,netbanking,captured,2025-11-26T07:14:59+05:30
pay_00000000001205,order_0000001205,96910.99,netbanking,captured,2025-11-24T14:22:54+05:30
pay_00000000001206,order_0000001206,12448.53,netbanking,captured,2025-11-16T09:27:59+05:30
pay_00000000001207,order_0000001207,19123.99,wallet,captured,2025-11-05T14:04:48+05:30
pay_00000000001208,order_0000001208,25031.00,card,captured,2025-11-08T17:39:29+05:30
pay_00000000001209,order_0000001209,126380.99,card,captured,2025-11-22T10:51:45+05:30
pay_00000000001210,order_0000001210,12911.13,upi,captured,2025-11-11T12:34:50+05:30
pay_00000000001211,order_0000001211,2071.00,netbanking,captured,2025-11-08T08:21:29+05:30
pay_00000000001212,order_0000001212,20440.29,netbanking,captured,2025-11-20T18:42:33+05:30
pay_00000000001213,order_0000001213,3078.34,wallet,captured,2025-11-02T13:50:07+05:30
pay_00000000001214,order_0000001214,34397.47,card,captured,2025-11-17T22:22:12+05:30
pay_00000000001215,order_0000001215,24255.00,card,captured,2025-11-04T20:30:36+05:30
pay_00000000001216,order_0000001216,8383.00,netbanking,captured,2025-11-11T08:03:05+05:30
pay_00000000001217,order_0000001217,32583.00,upi,captured,2025-11-26T18:04:14+05:30
pay_00000000001218,order_0000001218,14563.00,netbanking,captured,2025-11-24T07:08:16+05:30
pay_00000000001219,order_0000001219,6318.00,wallet,captured,2025-11-12T18:28:01+05:30
pay_00000000001220,order_0000001220,7983.00,upi,captured,2025-11-23T23:05:44+05:30
pay_00000000001221,order_0000001221,4709.99,netbanking,captured,2025-11-01T09:40:45+05:30
pay_00000000001222,order_0000001222,188339.00,wallet,captured,2025-11-22T13:36:52+05:30
pay_00000000001223,order_0000001223,44997.64,netbanking,captured,2025-11-07T13:51:06+05:30
pay_00000000001224,order_0000001224,3671.48,netbanking,captured,2025-11-28T05:47:08+05:30
pay_00000000001225,order_0000001225,19449.24,card,captured,2025-11-25T14:47:22+05:30
pay_00000000001226,order_0000001226,24151.00,wallet,captured,2025-11-11T05:53:42+05:30
pay_00000000001227,order_0000001227,31284.27,netbanking,captured,2025-11-27T22:55:25+05:30
pay_00000000001228,order_0000001228,3877.43,netbanking,captured,2025-11-10T13:57:44+05:30
pay_00000000001229,order_0000001229,2885.12,card,captured,2025-11-28T21:36:18+05:30
pay_00000000001230,order_0000001230,10440.99,card,captured,2025-11-28T07:55:02+05:30
pay_00000000001231,order_0000001231,4475.94,netbanking,captured,2025-11-15T08:13:20+05:30
pay_00000000001232,order_0000001232,42118.50,netbanking,captured,2025-11-23T16:11:42+05:30
pay_00000000001233,order_0000001233,3366.00,netbanking,captured,2025-11-19T21:53:34+05:30
pay_00000000001234,order_0000001234,4175.00,netbanking,captured,2025-11-01T03:46:33+05:30
pay_00000000001235,order_0000001235,6775.73,wallet,captured,2025-11-13T14:45:33+05:30
pay_00000000001236,order_0000001236,2198.75,netbanking,captured,2025-11-15T16:46:52+05:30
pay_00000000001237,order_0000001237,23102.00,wallet,failed,2025-11-01T05:45:57+05:30
pay_00000000001238,order_0000001238,191239.99,netbanking,captured,2025-11-08T20:13:31+05:30
pay_00000000001239,order_0000001239,58079.99,netbanking,captured,2025-11-23T15:38:46+05:30
pay_00000000001240,order_0000001240,169405.45,card,captured,2025-11-29T20:52:10+05:30
pay_00000000001241,order_0000001241,11442.38,netbanking,captured,2025-11-06T03:10:08+05:30
pay_00000000001242,order_0000001242,133112.56,upi,captured,2025-11-20T13:36:25+05:30
pay_00000000001243,order_0000001243,2146.05,card,captured,2025-11-27T19:33:35+05:30
pay_00000000001244,order_0000001244,24837.21,upi,captured,2025-11-05T21:08:52+05:30
pay_00000000001245,order_0000001245,109691.73,card,captured,2025-11-28T08:30:43+05:30
pay_00000000001246,order_0000001246,19371.00,card,captured,2025-11-01T09:01:26+05:30
pay_00000000001247,order_0000001247,6317.99,card,captured,2025-11-07T18:35:39+05:30
pay_00000000001248,order_0000001248,30657.56,netbanking,captured,2025-11-17T11:41:25+05:30
pay_00000000001249,order_0000001249,8478.00,netbanking,captured,2025-11-08T06:15:53+05:30
pay_00000000001250,order_0000001250,17947.01,card,captured,2025-11-13T12:39:20+05:30
pay_00000000001251,order_0000001251,17448.00,wallet,captured,2025-11-30T22:59:33+05:30
pay_00000000001252,order_0000001252,9978.00,wallet,captured,2025-11-24T11:33:04+05:30
pay_00000000001253,order_0000001253,35271.21,upi,captured,2025-11-21T04:51:43+05:30
pay_00000000001254,order_0000001254,33531.71,upi,captured,2025-11-03T19:05:09+05:30
pay_00000000001255,order_0000001255,40474.09,netbanking,captured,2025-11-24T19:30:06+05:30
pay_00000000001256,order_0000001256,103610.00,netbanking,captured,2025-11-19T09:17:38+05:30
pay_00000000001257,order_0000001257,5507.00,upi,captured,2025-11-01T22:42:23+05:30
pay_00000000001258,order_0000001258,3311.38,netbanking,captured,2025-11-05T14:09:57+05:30
pay_00000000001259,order_0000001259,16461.79,netbanking,captured,2025-11-08T03:10:57+05:30
pay_00000000001260,order_0000001260,10982.00,netbanking,captured,2025-11-24T16:46:50+05:30
pay_00000000001261,order_0000001261,6917.86,card,captured,2025-11-18T22:29:39+05:30
pay_00000000001262,order_0000001262,14066.54,card,captured,2025-11-22T20:30:42+05:30
pay_00000000001263,order_0000001263,180406.00,netbanking,captured,2025-11-26T16:02:37+05:30
pay_00000000001264,order_0000001264,4475.99,netbanking,failed,2025-11-08T07:07:47+05:30
pay_00000000001265,order_0000001265,2169.00,wallet,captured,2025-11-07T20:16:54+05:30
pay_00000000001266,order_0000001266,18556.00,netbanking,captured,2025-11-22T21:31:02+05:30
pay_00000000001267,order_0000001267,18224.00,netbanking,failed,2025-11-10T10:13:15+05:30
pay_00000000001268,order_0000001268,63619.00,wallet,captured,2025-11-24T23:22:11+05:30
pay_00000000001269,order_0000001269,7691.00,netbanking,captured,2025-11-13T14:28:22+05:30
pay_00000000001270,order_0000001270,23917.68,card,captured,2025-11-21T08:47:44+05:30
pay_00000000001271,order_0000001271,221161.00,card,captured,2025-11-17T13:35:06+05:30
pay_00000000001272,order_0000001272,31599.45,card,captured,2025-11-27T23:07:14+05:30
pay_00000000001273,order_0000001273,37116.99,netbanking,captured,2025-11-26T18:57:10+05:30
pay_00000000001274,order_0000001274,29294.00,netbanking,captured,2025-11-09T05:19:01+05:30
pay_00000000001275,order_0000001275,5432.35,wallet,failed,2025-11-27T21:19:41+05:30
pay_00000000001276,order_0000001276,8367.27,card,captured,2025-11-02T04:26:25+05:30
pay_00000000001277,order_0000001277,8224.99,netbanking,captured,2025-11-09T06:32:50+05:30
pay_00000000001278,order_0000001278,14012.00,netbanking,failed,2025-11-01T07:54:58+05:30
pay_00000000001279,order_0000001279,18433.99,card,captured,2025-11-02T12:15:21+05:30
pay_00000000001280,order_0000001280,38298.81,netbanking,captured,2025-11-18T19:10:23+05:30
pay_00000000001281,order_0000001281,234877.00,wallet,failed,2025-11-07T19:28:50+05:30
pay_00000000001282,order_0000001282,25313.00,wallet,captured,2025-11-23T19:58:48+05:30
pay_00000000001283,order_0000001283,218203.49,wallet,captured,2025-11-01T08:29:55+05:30
pay_00000000001284,order_0000001284,36492.53,card,captured,2025-11-20T21:57:08+05:30
pay_00000000001285,order_0000001285,17729.00,upi,captured,2025-11-15T15:29:47+05:30
pay_00000000001286,order_0000001286,113995.00,card,captured,2025-11-16T23:26:25+05:30
pay_00000000001287,order_0000001287,19815.81,netbanking,captured,2025-11-30T23:14:50+05:30
pay_00000000001288,order_0000001288,3671.00,netbanking,captured,2025-11-24T06:28:09+05:30
pay_00000000001289,order_0000001289,5085.99,netbanking,captured,2025-11-19T11:33:59+05:30
pay_00000000001290,order_0000001290,105771.99,netbanking,captured,2025-11-15T12:17:06+05:30
pay_00000000001291,order_0000001291,6904.00,card,captured,2025-11-18T20:56:29+05:30
pay_00000000001292,order_0000001292,27437.99,upi,captured,2025-11-20T07:43:55+05:30
pay_00000000001293,order_0000001293,32340.00,netbanking,captured,2025-11-19T12:09:49+05:30
pay_00000000001294,order_0000001294,6287.99,wallet,failed,2025-11-03T13:46:35+05:30
pay_00000000001295,order_0000001295,34619.02,netbanking,captured,2025-11-05T06:43:24+05:30
pay_00000000001296,order_0000001296,42772.00,wallet,captured,2025-11-22T11:16:56+05:30
pay_00000000001297,order_0000001297,7629.31,netbanking,captured,2025-11-03T20:47:46+05:30
pay_00000000001298,order_0000001298,38452.00,netbanking,captured,2025-11-04T19:20:49+05:30
pay_00000000001299,order_0000001299,4543.67,wallet,captured,2025-11-22T17:54:28+05:30
pay_00000000001300,order_0000001300,32359.24,wallet,captured,2025-11-17T13:21:18+05:30
pay_00000000001301,order_0000001301,8183.99,wallet,captured,2025-11-07T12:26:54+05:30
pay_00000000001302,order_0000001302,41111.99,wallet,captured,2025-11-13T19:17:48+05:30
pay_00000000001303,order_0000001303,125213.14,netbanking,captured,2025-11-22T00:27:03+05:30
pay_00000000001304,order_0000001304,21196.00,netbanking,captured,2025-11-03T21:23:38+05:30
pay_00000000001305,order_0000001305,8474.00,wallet,captured,2025-11-21T18:39:27+05:30
pay_00000000001306,order_0000001306,27898.00,upi,captured,2025-11-01T16:55:09+05:30
pay_00000000001307,order_0000001307,42115.71,wallet,captured,2025-11-25T23:51:35+05:30
pay_00000000001308,order_0000001308,42182.58,wallet,captured,2025-11-16T20:18:13+05:30
pay_00000000001309,order_0000001309,154588.12,wallet,captured,2025-11-12T09:43:50+05:30
pay_00000000001310,order_0000001310,53688.10,wallet,captured,2025-11-14T08:40:12+05:30
pay_00000000001311,order_0000001311,13043.61,netbanking,captured,2025-11-09T01:47:38+05:30
pay_00000000001312,order_0000001312,15244.00,netbanking,captured,2025-11-19T16:26:02+05:30
pay_00000000001313,order_0000001313,27454.99,netbanking,captured,2025-11-02T21:29:23+05:30
pay_00000000001314,order_0000001314,24920.00,netbanking,captured,2025-11-08T16:19:34+05:30
pay_00000000001315,order_0000001315,7339.09,netbanking,captured,2025-11-27T13:17:31+05:30
pay_00000000001316,order_0000001316,23496.89,netbanking,captured,2025-11-23T09:17:09+05:30
pay_00000000001317,order_0000001317,21659.00,netbanking,captured,2025-11-09T08:10:10+05:30
pay_00000000001318,order_0000001318,57157.00,card,captured,2025-11-08T06:47:17+05:30
pay_00000000001319,order_0000001319,24676.46,netbanking,failed,2025-11-27T20:35:18+05:30
pay_00000000001320,order_0000001320,172375.00,card,captured,2025-11-24T18:03:17+05:30
pay_00000000001321,order_0000001321,21376.99,netbanking,captured,2025-11-09T22:35:43+05:30
pay_00000000001322,order_0000001322,3225.04,wallet,captured,2025-11-28T05:21:24+05:30
pay_00000000001323,order_0000001323,11238.00,wallet,captured,2025-11-17T22:53:20+05:30
pay_00000000001324,order_0000001324,4483.99,netbanking,captured,2025-11-15T09:38:56+05:30
pay_00000000001325,order_0000001325,7782.00,card,captured,2025-11-11T21:32:36+05:30
pay_00000000001326,order_0000001326,2365.09,netbanking,captured,2025-11-14T15:11:17+05:30
pay_00000000001327,order_0000001327,172973.99,netbanking,captured,2025-11-06T16:13:53+05:30
pay_00000000001328,order_0000001328,6576.62,card,captured,2025-11-19T19:12:37+05:30
pay_00000000001329,order_0000001329,3924.77,card,failed,2025-11-18T09:53:41+05:30
pay_00000000001330,order_0000001330,32159.14,netbanking,captured,2025-11-27T05:06:35+05:30
pay_00000000001331,order_0000001331,4692.17,netbanking,captured,2025-11-22T16:15:00+05:30
pay_00000000001332,order_0000001332,2127.35,netbanking,captured,2025-11-10T20:39:50+05:30
pay_00000000001333,order_0000001333,30604.31,netbanking,captured,2025-11-08T15:18:34+05:30
pay_00000000001334,order_0000001334,39177.00,netbanking,failed,2025-11-23T10:54:18+05:30
pay_00000000001335,order_0000001335,41196.09,netbanking,failed,2025-11-27T15:24:36+05:30
pay_00000000001336,order_0000001336,34787.00,netbanking,failed,2025-11-08T13:06:52+05:30
pay_00000000001337,order_0000001337,22595.82,upi,captured,2025-11-02T08:06:11+05:30
pay_00000000001338,order_0000001338,2443.00,upi,captured,2025-11-15T10:28:03+05:30
pay_00000000001339,order_0000001339,8394.99,netbanking,captured,2025-11-01T09:54:59+05:30
pay_00000000001340,order_0000001340,78728.99,upi,captured,2025-11-01T21:37:36+05:30
pay_00000000001341,order_0000001341,71197.85,card,captured,2025-11-04T09:35:15+05:30
pay_00000000001342,order_0000001342,2382.89,netbanking,captured,2025-11-03T17:44:29+05:30
pay_00000000001343,order_0000001343,3951.00,wallet,captured,2025-11-18T17:14:35+05:30
pay_00000000001344,order_0000001344,4467.02,card,captured,2025-11-19T17:44:49+05:30
pay_00000000001345,order_0000001345,25408.45,netbanking,captured,2025-11-18T14:08:57+05:30
pay_00000000001346,order_0000001346,23575.00,upi,captured,2025-11-14T21:41:51+05:30
pay_00000000001347,order_0000001347,6117.61,netbanking,failed,2025-11-19T20:39:48+05:30
pay_00000000001348,order_0000001348,7039.13,netbanking,captured,2025-11-24T08:06:17+05:30
pay_00000000001349,order_0000001349,12984.49,netbanking,captured,2025-11-15T14:27:30+05:30
pay_00000000001350,order_0000001350,5849.71,upi,captured,2025-11-25T16:54:23+05:30
pay_00000000001351,order_0000001351,14988.30,card,captured,2025-11-26T08:07:32+05:30
pay_00000000001352,order_0000001352,27188.97,netbanking,captured,2025-11-01T22:35:42+05:30
pay_00000000001353,order_0000001353,8947.59,wallet,captured,2025-11-05T16:21:54+05:30
pay_00000000001354,order_0000001354,37713.00,netbanking,captured,2025-11-12T20:56:24+05:30
pay_00000000001355,order_0000001355,187734.99,card,failed,2025-11-08T21:36:53+05:30
pay_00000000001356,order_0000001356,41917.00,wallet,captured,2025-11-01T19:43:25+05:30
pay_00000000001357,order_0000001357,228742.99,wallet,failed,2025-11-22T11:42:11+05:30
pay_00000000001358,order_0000001358,5737.00,wallet,captured,2025-11-13T16:18:09+05:30
pay_00000000001359,order_0000001359,41966.00,upi,captured,2025-11-23T05:56:44+05:30
pay_00000000001360,order_0000001360,6915.99,card,captured,2025-11-16T15:23:13+05:30
pay_00000000001361,order_0000001361,19958.00,wallet,captured,2025-11-14T03:21:52+05:30
pay_00000000001362,order_0000001362,3691.82,wallet,captured,2025-11-27T10:31:13+05:30
pay_00000000001363,order_0000001363,164910.00,wallet,failed,2025-11-09T22:48:26+05:30
pay_00000000001364,order_0000001364,237742.99,card,captured,2025-11-17T06:53:01+05:30
pay_00000000001365,order_0000001365,223354.46,wallet,captured,2025-11-10T09:48:35+05:30
pay_00000000001366,order_0000001366,53460.99,upi,captured,2025-11-29T13:43:10+05:30
pay_00000000001367,order_0000001367,34250.03,netbanking,failed,2025-11-05T23:36:22+05:30
pay_00000000001368,order_0000001368,6826.10,card,captured,2025-11-15T16:52:22+05:30
pay_00000000001369,order_0000001369,17660.11,card,captured,2025-11-29T08:09:11+05:30
pay_00000000001370,order_0000001370,10730.19,netbanking,captured,2025-11-24T20:35:20+05:30
pay_00000000001371,order_0000001371,6045.48,card,failed,2025-11-12T17:45:48+05:30
pay_00000000001372,order_0000001372,148517.00,netbanking,captured,2025-11-03T18:26:39+05:30
pay_00000000001373,order_0000001373,36236.61,upi,failed,2025-11-29T16:27:17+05:30
pay_00000000001374,order_0000001374,199993.99,netbanking,captured,2025-11-23T15:56:01+05:30
pay_00000000001375,order_0000001375,3088.71,card,captured,2025-11-24T12:09:37+05:30
pay_00000000001376,order_0000001376,71342.00,card,captured,2025-11-01T23:20:44+05:30
pay_00000000001377,order_0000001377,241461.00,netbanking,captured,2025-11-23T07:29:58+05:30
pay_00000000001378,order_0000001378,12891.01,netbanking,captured,2025-11-20T19:47:03+05:30
pay_00000000001379,order_0000001379,127301.99,netbanking,captured,2025-11-30T18:24:40+05:30
pay_00000000001380,order_0000001380,125120.59,wallet,captured,2025-11-22T03:39:35+05:30
pay_00000000001381,order_0000001381,6292.74,netbanking,captured,2025-11-05T20:06:49+05:30
pay_00000000001382,order_0000001382,19871.90,card,captured,2025-11-18T14:30:45+05:30
pay_00000000001383,order_0000001383,32163.97,netbanking,captured,2025-11-03T08:32:13+05:30
pay_00000000001384,order_0000001384,63488.99,upi,captured,2025-11-15T08:47:35+05:30
pay_00000000001385,order_0000001385,30943.50,netbanking,failed,2025-11-24T23:23:09+05:30
pay_00000000001386,order_0000001386,8181.22,netbanking,failed,2025-11-24T06:59:51+05:30
pay_00000000001387,order_0000001387,8954.90,wallet,captured,2025-11-22T16:59:37+05:30
pay_00000000001388,order_0000001388,18343.06,wallet,failed,2025-11-29T10:51:03+05:30
pay_00000000001389,order_0000001389,2296.31,card,captured,2025-11-06T15:37:26+05:30
pay_00000000001390,order_0000001390,4182.99,netbanking,captured,2025-11-02T10:50:13+05:30
pay_00000000001391,order_0000001391,26696.17,netbanking,failed,2025-11-20T08:54:01+05:30
pay_00000000001392,order_0000001392,7417.75,wallet,captured,2025-11-18T08:37:53+05:30
pay_00000000001393,order_0000001393,9030.96,netbanking,failed,2025-11-26T18:15:04+05:30
pay_00000000001394,order_0000001394,16638.47,netbanking,captured,2025-11-01T13:42:56+05:30
pay_00000000001395,order_0000001395,2905.00,netbanking,captured,2025-11-14T16:19:45+05:30
pay_00000000001396,order_0000001396,81301.93,netbanking,captured,2025-11-30T12:09:48+05:30
pay_00000000001397,order_0000001397,3762.21,netbanking,captured,2025-11-07T08:52:58+05:30
pay_00000000001398,order_0000001398,163568.48,netbanking,captured,2025-11-13T22:11:51+05:30
pay_00000000001399,order_0000001399,41426.34,wallet,failed,2025-11-08T22:46:23+05:30
pay_00000000001400,order_0000001400,5502.00,wallet,captured,2025-11-03T23:49:56+05:30
pay_00000000001401,order_0000001401,8422.00,netbanking,captured,2025-11-20T22:36:43+05:30
pay_00000000001402,order_0000001402,43838.99,wallet,captured,2025-11-02T15:35:44+05:30
pay_00000000001403,order_0000001403,3303.99,upi,captured,2025-11-16T16:00:06+05:30
pay_00000000001404,order_0000001404,40793.46,netbanking,captured,2025-11-17T19:03:28+05:30
pay_00000000001405,order_0000001405,13611.00,wallet,captured,2025-11-27T16:00:05+05:30
pay_00000000001406,order_0000001406,5667.64,wallet,captured,2025-11-18T14:57:56+05:30
pay_00000000001407,order_0000001407,240548.55,upi,captured,2025-11-16T21:10:05+05:30
pay_00000000001408,order_0000001408,7678.43,netbanking,captured,2025-11-14T09:07:47+05:30
pay_00000000001409,order_0000001409,24716.00,netbanking,captured,2025-11-19T18:20:59+05:30
pay_00000000001410,order_0000001410,3362.00,wallet,captured,2025-11-21T09:34:12+05:30
pay_00000000001411,order_0000001411,37743.69,netbanking,captured,2025-11-30T02:58:38+05:30
pay_00000000001412,order_0000001412,57387.22,netbanking,captured,2025-11-01T21:29:03+05:30
pay_00000000001413,order_0000001413,13385.00,netbanking,captured,2025-11-03T04:30:23+05:30
pay_00000000001414,order_0000001414,4061.00,card,captured,2025-11-24T06:51:27+05:30
pay_00000000001415,order_0000001415,16968.00,netbanking,captured,2025-11-04T20:00:42+05:30
pay_00000000001416,order_0000001416,39406.00,netbanking,captured,2025-11-26T15:25:14+05:30
pay_00000000001417,order_0000001417,16835.92,netbanking,captured,2025-11-29T09:23:56+05:30
pay_00000000001418,order_0000001418,79387.00,netbanking,failed,2025-11-12T18:33:45+05:30
pay_00000000001419,order_0000001419,32417.39,wallet,captured,2025-11-17T15:16:35+05:30
pay_00000000001420,order_0000001420,7594.00,netbanking,captured,2025-11-05T21:02:01+05:30
pay_00000000001421,order_0000001421,4208.42,netbanking,captured,2025-11-02T21:27:33+05:30
pay_00000000001422,order_0000001422,7003.70,upi,captured,2025-11-05T15:24:26+05:30
pay_00000000001423,order_0000001423,30993.99,wallet,captured,2025-11-07T15:58:16+05:30
pay_00000000001424,order_0000001424,235803.01,card,captured,2025-11-23T11:39:35+05:30
pay_00000000001425,order_0000001425,174089.93,wallet,captured,2025-11-22T00:09:14+05:30
pay_00000000001426,order_0000001426,77679.83,wallet,captured,2025-11-24T11:15:09+05:30
pay_00000000001427,order_0000001427,121784.00,card,captured,2025-11-21T15:49:08+05:30
pay_00000000001428,order_0000001428,15268.66,upi,failed,2025-11-10T06:18:59+05:30
pay_00000000001429,order_0000001429,13661.00,card,captured,2025-11-14T13:53:44+05:30
pay_00000000001430,order_0000001430,4207.95,card,captured,2025-11-07T22:53:42+05:30
pay_00000000001431,order_0000001431,21788.00,card,failed,2025-11-03T22:26:57+05:30
pay_00000000001432,order_0000001432,6627.00,netbanking,captured,2025-11-07T18:42:42+05:30
pay_00000000001433,order_0000001433,36819.49,card,captured,2025-11-30T22:36:21+05:30
pay_00000000001434,order_0000001434,21456.00,netbanking,captured,2025-11-25T07:37:13+05:30
pay_00000000001435,order_0000001435,10637.06,card,captured,2025-11-27T07:16:41+05:30
pay_00000000001436,order_0000001436,43285.99,wallet,failed,2025-11-08T07:17:26+05:30
pay_00000000001437,order_0000001437,2183.99,netbanking,captured,2025-11-24T15:25:46+05:30
pay_00000000001438,order_0000001438,25881.00,card,failed,2025-11-07T03:13:31+05:30
pay_00000000001439,order_0000001439,30421.00,card,captured,2025-11-12T20:34:07+05:30
pay_00000000001440,order_0000001440,241727.92,netbanking,captured,2025-11-04T14:04:04+05:30
pay_00000000001441,order_0000001441,28615.73,netbanking,captured,2025-11-06T18:41:41+05:30
pay_00000000001442,order_0000001442,8808.00,netbanking,captured,2025-11-15T15:26:19+05:30
pay_00000000001443,order_0000001443,180197.31,netbanking,captured,2025-11-03T06:34:38+05:30
pay_00000000001444,order_0000001444,12010.00,card,failed,2025-11-19T06:55:46+05:30
pay_00000000001445,order_0000001445,20337.99,card,captured,2025-11-13T14:16:08+05:30
pay_00000000001446,order_0000001446,231858.00,netbanking,captured,2025-11-10T15:42:35+05:30
pay_00000000001447,order_0000001447,38998.73,netbanking,captured,2025-11-06T23:01:02+05:30
pay_00000000001448,order_0000001448,5466.00,card,captured,2025-11-08T21:05:23+05:30
pay_00000000001449,order_0000001449,22228.00,netbanking,failed,2025-11-11T11:41:57+05:30
pay_00000000001450,order_0000001450,12033.00,upi,captured,2025-11-02T08:19:32+05:30
pay_00000000001451,order_0000001451,119369.43,netbanking,captured,2025-11-05T04:52:08+05:30
pay_00000000001452,order_0000001452,82633.99,netbanking,captured,2025-11-10T10:43:13+05:30
pay_00000000001453,order_0000001453,67472.41,wallet,captured,2025-11-19T09:48:52+05:30
pay_00000000001454,order_0000001454,9214.99,wallet,captured,2025-11-21T19:07:33+05:30
pay_00000000001455,order_0000001455,31020.00,upi,failed,2025-11-07T12:00:41+05:30
pay_00000000001456,order_0000001456,27159.99,netbanking,captured,2025-11-09T08:25:26+05:30
pay_00000000001457,order_0000001457,4450.94,netbanking,captured,2025-11-19T15:57:52+05:30
pay_00000000001458,order_0000001458,2930.38,netbanking,captured,2025-11-03T15:33:18+05:30
pay_00000000001459,order_0000001459,28645.53,netbanking,captured,2025-11-01T20:19:52+05:30
pay_00000000001460,order_0000001460,34312.28,card,captured,2025-11-12T14:37:13+05:30
pay_00000000001461,order_0000001461,35329.99,card,captured,2025-11-21T22:17:50+05:30
pay_00000000001462,order_0000001462,34073.99,upi,captured,2025-11-24T19:08:21+05:30
pay_00000000001463,order_0000001463,35724.28,netbanking,captured,2025-11-04T11:12:51+05:30
pay_00000000001464,order_0000001464,207437.36,card,captured,2025-11-25T08:23:07+05:30
pay_00000000001465,order_0000001465,165085.99,card,captured,2025-11-28T23:25:57+05:30
pay_00000000001466,order_0000001466,211717.41,card,captured,2025-11-08T20:44:01+05:30
pay_00000000001467,order_0000001467,2685.00,upi,captured,2025-11-26T15:14:09+05:30
pay_00000000001468,order_0000001468,44589.99,netbanking,captured,2025-11-09T19:30:27+05:30
pay_00000000001469,order_0000001469,18286.98,card,captured,2025-11-06T18:41:48+05:30
pay_00000000001470,order_0000001470,239052.00,netbanking,captured,2025-11-12T10:53:26+05:30
pay_00000000001471,order_0000001471,111722.52,wallet,captured,2025-11-14T15:52:50+05:30
pay_00000000001472,order_0000001472,24367.99,card,captured,2025-11-03T18:08:10+05:30
pay_00000000001473,order_0000001473,40543.99,wallet,captured,2025-11-18T18:16:58+05:30
pay_00000000001474,order_0000001474,8201.16,upi,captured,2025-11-26T23:57:51+05:30
pay_00000000001475,order_0000001475,17780.00,wallet,captured,2025-11-04T13:44:41+05:30
pay_00000000001476,order_0000001476,5942.31,netbanking,captured,2025-11-10T13:06:51+05:30
pay_00000000001477,order_0000001477,6905.62,netbanking,captured,2025-11-09T07:16:49+05:30
pay_00000000001478,order_0000001478,5417.94,upi,captured,2025-11-01T16:36:38+05:30
pay_00000000001479,order_0000001479,5696.26,netbanking,captured,2025-11-16T21:24:03+05:30
pay_00000000001480,order_0000001480,86845.99,wallet,captured,2025-11-19T19:45:14+05:30
pay_00000000001481,order_0000001481,7953.51,netbanking,failed,2025-11-08T08:58:26+05:30
pay_00000000001482,order_0000001482,16628.71,netbanking,captured,2025-11-08T01:03:26+05:30
pay_00000000001483,order_0000001483,99167.51,upi,captured,2025-11-04T06:58:37+05:30
pay_00000000001484,order_0000001484,17377.08,upi,failed,2025-11-07T04:41:31+05:30
pay_00000000001485,order_0000001485,106699.00,netbanking,captured,2025-11-12T17:05:05+05:30
pay_00000000001486,order_0000001486,5871.99,card,captured,2025-11-25T08:29:15+05:30
pay_00000000001487,order_0000001487,3903.83,netbanking,captured,2025-11-24T12:35:53+05:30
pay_00000000001488,order_0000001488,35164.99,netbanking,captured,2025-11-28T22:03:27+05:30
pay_00000000001489,order_0000001489,84134.77,netbanking,captured,2025-11-14T09:55:25+05:30
pay_00000000001490,order_0000001490,35996.00,netbanking,captured,2025-11-08T18:32:11+05:30
pay_00000000001491,order_0000001491,36129.33,netbanking,captured,2025-11-06T15:15:42+05:30
pay_00000000001492,order_0000001492,138608.80,netbanking,captured,2025-11-07T07:23:50+05:30
pay_00000000001493,order_0000001493,233744.51,wallet,captured,2025-11-23T14:05:12+05:30
pay_00000000001494,order_0000001494,6188.00,netbanking,failed,2025-11-01T08:11:17+05:30
pay_00000000001495,order_0000001495,56127.79,netbanking,captured,2025-11-22T09:06:10+05:30
pay_00000000001496,order_0000001496,17573.59,card,captured,2025-11-01T06:48:37+05:30
pay_00000000001497,order_0000001497,6304.93,netbanking,captured,2025-11-20T02:25:43+05:30
pay_00000000001498,order_0000001498,157967.00,netbanking,captured,2025-11-28T19:11:16+05:30
pay_00000000001499,order_0000001499,18980.00,netbanking,captured,2025-11-23T16:46:27+05:30
pay_00000000001500,order_0000001500,8288.92,card,captured,2025-11-12T19:26:33+05:30
pay_00000000001501,order_0000001501,132156.00,card,captured,2025-11-27T11:59:59+05:30
pay_00000000001502,order_0000001502,132156.00,card,captured,2025-11-27T11:59:59+05:30
pay_00000000001503,order_0000001503,4455.34,card,captured,2025-11-04T11:59:59+05:30
pay_00000000001504,order_0000001504,4455.34,card,captured,2025-11-04T11:59:59+05:30
pay_00000000001505,order_0000001505,3595.00,wallet,captured,2025-11-21T11:59:59+05:30
pay_00000000001506,order_0000001506,3595.00,wallet,captured,2025-11-21T11:59:59+05:30
