payment_id,settlement_id,bank_txn_id,amount,method,fee,gst,tds,settle_date,split,ambiguous
pay_00000000000269,setl_T1RNGA_0001,bnk_000000000001,1016.89,upi,2.54,0.46,10.17,2025-11-04,train,0
pay_00000000000375,setl_T1RNGA_0001,bnk_000000000001,3136.32,card,70.57,12.70,31.36,2025-11-04,train,0
pay_00000000000553,setl_T1RNGA_0001,bnk_000000000001,620.85,netbanking,16.55,2.98,0.00,2025-11-04,train,0
pay_00000000000743,setl_T1RNGA_0001,bnk_000000000001,1030.00,upi,2.58,0.46,0.00,2025-11-04,train,0
pay_00000000000783,setl_T1RNGA_0001,bnk_000000000001,395.90,upi,0.99,0.18,3.96,2025-11-04,train,0
pay_00000000000792,setl_T1RNGA_0001,bnk_000000000001,2280.00,upi,5.70,1.03,0.00,2025-11-04,train,0
pay_00000000000817,setl_T1RNGA_0001,bnk_000000000001,13737.45,netbanking,49.34,8.88,137.37,2025-11-04,train,0
pay_00000000000831,setl_T1RNGA_0001,bnk_000000000001,708.41,card,15.94,2.87,7.08,2025-11-04,train,0
pay_00000000000880,setl_T1RNGA_0001,bnk_000000000001,720.47,card,16.21,2.92,7.20,2025-11-04,train,0
pay_00000000000963,setl_T1RNGA_0001,bnk_000000000001,2880.00,upi,7.20,1.30,0.00,2025-11-04,train,0
pay_00000000000984,setl_T1RNGA_0001,bnk_000000000001,383.82,upi,0.96,0.17,3.84,2025-11-04,train,0
pay_00000000000989,setl_T1RNGA_0001,bnk_000000000001,327.00,netbanking,15.82,2.85,0.00,2025-11-04,train,0
pay_00000000001101,setl_T1RNGA_0001,bnk_000000000001,1057.00,netbanking,17.64,3.18,0.00,2025-11-04,train,0
pay_00000000001139,setl_T1RNGA_0001,bnk_000000000001,597.00,wallet,12.24,2.20,5.97,2025-11-04,train,0
pay_00000000001379,setl_T1RNGA_0001,bnk_000000000001,1026.14,upi,2.57,0.46,10.26,2025-11-04,train,0
pay_00000000001445,setl_T1RNGA_0001,bnk_000000000001,848.00,card,19.08,3.43,8.48,2025-11-04,train,0
pay_00000000001618,setl_T1RNGA_0001,bnk_000000000001,248.99,upi,0.62,0.11,0.00,2025-11-04,train,0
pay_00000000001765,setl_T1RNGA_0001,bnk_000000000001,883.57,card,19.88,3.58,0.00,2025-11-04,train,0
pay_00000000001912,setl_T1RNGA_0001,bnk_000000000001,991.99,card,22.32,4.02,9.92,2025-11-04,train,0
pay_00000000002026,setl_T1RNGA_0001,bnk_000000000001,378.00,upi,0.95,0.17,0.00,2025-11-04,train,0
pay_00000000002361,setl_T1RNGA_0001,bnk_000000000001,934.00,upi,2.34,0.42,0.00,2025-11-04,train,0
pay_00000000002404,setl_T1RNGA_0001,bnk_000000000001,402.00,upi,1.01,0.18,4.02,2025-11-04,train,0
pay_00000000002405,setl_T1RNGA_0001,bnk_000000000001,153.99,wallet,3.15,0.57,1.54,2025-11-04,train,0
pay_00000000002477,setl_T1RNGA_0001,bnk_000000000001,567.00,upi,1.42,0.26,5.67,2025-11-04,train,0
pay_00000000002558,setl_T1RNGA_0001,bnk_000000000001,186.99,upi,0.47,0.08,0.00,2025-11-04,train,0
pay_00000000002572,setl_T1RNGA_0001,bnk_000000000001,858.99,upi,2.15,0.39,0.00,2025-11-04,train,0
pay_00000000002619,setl_T1RNGA_0001,bnk_000000000001,220.00,netbanking,15.55,2.80,2.20,2025-11-04,train,0
pay_00000000002779,setl_T1RNGA_0001,bnk_000000000001,163.76,card,3.69,0.66,1.64,2025-11-04,train,0
pay_00000000002920,setl_T1RNGA_0001,bnk_000000000001,536.00,upi,1.34,0.24,0.00,2025-11-04,train,0
pay_00000000002980,setl_T1RNGA_0001,bnk_000000000001,935.00,upi,2.34,0.42,9.35,2025-11-04,train,0
pay_00000000003154,setl_T1RNGA_0001,bnk_000000000001,700.00,upi,1.75,0.32,7.00,2025-11-04,train,0
pay_00000000003157,setl_T1RNGA_0001,bnk_000000000001,169.85,upi,0.42,0.08,0.00,2025-11-04,train,0
pay_00000000003204,setl_T1RNGA_0001,bnk_000000000001,935.00,upi,2.34,0.42,9.35,2025-11-04,train,0
pay_00000000003216,setl_T1RNGA_0001,bnk_000000000001,2055.99,upi,5.14,0.93,0.00,2025-11-04,train,0
pay_00000000003268,setl_T1RNGA_0001,bnk_000000000001,199.99,upi,0.50,0.09,2.00,2025-11-04,train,0
pay_00000000003369,setl_T1RNGA_0001,bnk_000000000001,313.88,upi,0.78,0.14,3.14,2025-11-04,train,0
pay_00000000003481,setl_T1RNGA_0001,bnk_000000000001,282.00,upi,0.71,0.13,0.00,2025-11-04,train,0
pay_00000000003606,setl_T1RNGA_0001,bnk_000000000001,1902.67,upi,4.76,0.86,0.00,2025-11-04,train,0
pay_00000000003673,setl_T1RNGA_0001,bnk_000000000001,212.00,upi,0.53,0.10,2.12,2025-11-04,train,0
pay_00000000003701,setl_T1RNGA_0001,bnk_000000000001,240.99,wallet,4.94,0.89,2.41,2025-11-04,train,0
pay_00000000003772,setl_T1RNGA_0001,bnk_000000000001,329.90,netbanking,15.82,2.85,3.30,2025-11-04,train,0
pay_00000000003783,setl_T1RNGA_0001,bnk_000000000001,1045.87,upi,2.61,0.47,10.46,2025-11-04,train,0
pay_00000000003975,setl_T1RNGA_0001,bnk_000000000001,1003.00,netbanking,17.51,3.15,0.00,2025-11-04,train,0
pay_00000000003985,setl_T1RNGA_0001,bnk_000000000001,842.16,upi,2.11,0.38,8.42,2025-11-04,train,0
pay_00000000003998,setl_T1RNGA_0001,bnk_000000000001,2649.00,upi,6.62,1.19,26.49,2025-11-04,train,0
pay_00000000000631,setl_T1RNGA_0002,bnk_000000000002,493.00,upi,0.00,0.00,4.93,2025-11-04,train,0
pay_00000000001009,setl_T1RNGA_0002,bnk_000000000002,740.00,upi,0.00,0.00,7.40,2025-11-04,train,0
pay_00000000001619,setl_T1RNGA_0002,bnk_000000000002,1064.00,wallet,19.15,3.45,0.00,2025-11-04,train,0
pay_00000000001909,setl_T1RNGA_0002,bnk_000000000002,765.15,wallet,13.77,2.48,0.00,2025-11-04,train,0
pay_00000000002212,setl_T1RNGA_0002,bnk_000000000002,453.00,wallet,8.15,1.47,4.53,2025-11-04,train,0
pay_00000000002486,setl_T1RNGA_0002,bnk_000000000002,1062.00,upi,0.00,0.00,0.00,2025-11-04,train,0
pay_00000000002800,setl_T1RNGA_0002,bnk_000000000002,773.99,upi,0.00,0.00,0.00,2025-11-04,train,0
pay_00000000003598,setl_T1RNGA_0002,bnk_000000000002,136.00,upi,0.00,0.00,0.00,2025-11-04,train,0
pay_00000000003944,setl_T1RNGA_0002,bnk_000000000002,658.99,upi,0.00,0.00,0.00,2025-11-04,train,0
pay_00000000003960,setl_T1RNGA_0002,bnk_000000000002,2875.95,upi,0.00,0.00,0.00,2025-11-04,train,0
pay_00000000003987,setl_T1RNGA_0002,bnk_000000000002,440.06,upi,0.00,0.00,4.40,2025-11-04,train,0
pay_00000000000140,setl_T1RNGA_0003,bnk_000000000003,154.99,card,3.10,0.56,1.55,2025-11-04,train,0
pay_00000000000382,setl_T1RNGA_0003,bnk_000000000003,2021.01,upi,0.00,0.00,0.00,2025-11-04,train,0
pay_00000000000758,setl_T1RNGA_0003,bnk_000000000003,883.11,upi,0.00,0.00,0.00,2025-11-04,train,0
pay_00000000001331,setl_T1RNGA_0003,bnk_000000000003,437.34,upi,0.00,0.00,4.37,2025-11-04,train,0
pay_00000000001369,setl_T1RNGA_0003,bnk_000000000003,215.70,upi,0.00,0.00,0.00,2025-11-04,train,0
pay_00000000001482,setl_T1RNGA_0003,bnk_000000000003,783.00,wallet,14.09,2.54,7.83,2025-11-04,train,0
pay_00000000001819,setl_T1RNGA_0003,bnk_000000000003,526.00,upi,0.00,0.00,0.00,2025-11-04,train,0
pay_00000000001953,setl_T1RNGA_0003,bnk_000000000003,299.64,upi,0.00,0.00,3.00,2025-11-04,train,0
pay_00000000002055,setl_T1RNGA_0003,bnk_000000000003,854.60,upi,0.00,0.00,8.55,2025-11-04,train,0
pay_00000000002375,setl_T1RNGA_0003,bnk_000000000003,832.00,upi,0.00,0.00,0.00,2025-11-04,train,0
pay_00000000002487,setl_T1RNGA_0003,bnk_000000000003,1015.00,upi,0.00,0.00,10.15,2025-11-04,train,0
pay_00000000002567,setl_T1RNGA_0003,bnk_000000000003,793.42,upi,0.00,0.00,0.00,2025-11-04,train,0
pay_00000000002637,setl_T1RNGA_0003,bnk_000000000003,504.00,upi,0.00,0.00,5.04,2025-11-04,train,0
pay_00000000002787,setl_T1RNGA_0003,bnk_000000000003,655.84,upi,0.00,0.00,0.00,2025-11-04,train,0
pay_00000000003037,setl_T1RNGA_0003,bnk_000000000003,881.00,upi,0.00,0.00,8.81,2025-11-04,train,0
pay_00000000003457,setl_T1RNGA_0003,bnk_000000000003,342.31,netbanking,15.00,2.70,0.00,2025-11-04,train,0
pay_00000000003583,setl_T1RNGA_0003,bnk_000000000003,297.00,card,5.94,1.07,2.97,2025-11-04,train,0
pay_00000000003691,setl_T1RNGA_0003,bnk_000000000003,6070.00,netbanking,15.00,2.70,60.70,2025-11-04,train,0
pay_00000000004195,setl_T1RNGA_0003,bnk_000000000003,1436.41,card,28.73,5.17,14.36,2025-11-04,train,0
pay_00000000000118,setl_T1RNGA_0004,bnk_000000000004,844.23,netbanking,15.00,2.70,8.44,2025-11-04,train,0
pay_00000000000225,setl_T1RNGA_0004,bnk_000000000004,731.68,card,14.63,2.63,0.00,2025-11-04,train,0
pay_00000000000266,setl_T1RNGA_0004,bnk_000000000004,929.00,card,18.58,3.34,0.00,2025-11-04,train,0
pay_00000000000279,setl_T1RNGA_0004,bnk_000000000004,475.28,card,9.51,1.71,0.00,2025-11-04,train,0
pay_00000000000295,setl_T1RNGA_0004,bnk_000000000004,405.82,upi,0.00,0.00,4.06,2025-11-04,train,0
pay_00000000000344,setl_T1RNGA_0004,bnk_000000000004,397.99,card,7.96,1.43,3.98,2025-11-04,train,0
pay_00000000000358,setl_T1RNGA_0004,bnk_000000000004,3385.83,upi,0.00,0.00,33.86,2025-11-04,train,0
pay_00000000000419,setl_T1RNGA_0004,bnk_000000000004,3371.00,card,67.42,12.14,33.71,2025-11-04,train,0
pay_00000000000638,setl_T1RNGA_0004,bnk_000000000004,1231.22,upi,0.00,0.00,12.31,2025-11-04,train,0
pay_00000000000665,setl_T1RNGA_0004,bnk_000000000004,3276.55,upi,0.00,0.00,32.77,2025-11-04,train,0
pay_00000000001064,setl_T1RNGA_0004,bnk_000000000004,14002.00,upi,0.00,0.00,0.00,2025-11-04,train,0
pay_00000000001151,setl_T1RNGA_0004,bnk_000000000004,198.00,upi,0.00,0.00,1.98,2025-11-04,train,0
pay_00000000001263,setl_T1RNGA_0004,bnk_000000000004,2093.53,card,41.87,7.54,20.94,2025-11-04,train,0
pay_00000000001274,setl_T1RNGA_0004,bnk_000000000004,6010.35,wallet,108.19,19.47,0.00,2025-11-04,train,0
pay_00000000001448,setl_T1RNGA_0004,bnk_000000000004,341.00,upi,0.00,0.00,3.41,2025-11-04,train,0
pay_00000000001492,setl_T1RNGA_0004,bnk_000000000004,937.23,upi,0.00,0.00,0.00,2025-11-04,train,0
pay_00000000001565,setl_T1RNGA_0004,bnk_000000000004,628.91,netbanking,15.00,2.70,6.29,2025-11-04,train,0
pay_00000000001704,setl_T1RNGA_0004,bnk_000000000004,848.00,netbanking,15.00,2.70,0.00,2025-11-04,train,0
pay_00000000001723,setl_T1RNGA_0004,bnk_000000000004,1007.41,upi,0.00,0.00,10.07,2025-11-04,train,0
pay_00000000001741,setl_T1RNGA_0004,bnk_000000000004,1216.00,card,24.32,4.38,12.16,2025-11-04,train,0
pay_00000000001905,setl_T1RNGA_0004,bnk_000000000004,640.00,netbanking,15.00,2.70,0.00,2025-11-04,train,0
pay_00000000002031,setl_T1RNGA_0004,bnk_000000000004,736.03,card,14.72,2.65,7.36,2025-11-04,train,0
pay_00000000002123,setl_T1RNGA_0004,bnk_000000000004,3134.99,card,62.70,11.29,31.35,2025-11-04,train,0
pay_00000000002146,setl_T1RNGA_0004,bnk_000000000004,2086.74,card,41.73,7.51,20.87,2025-11-04,train,0
pay_00000000002319,setl_T1RNGA_0004,bnk_000000000004,1050.07,card,21.00,3.78,0.00,2025-11-04,train,0
pay_00000000002345,setl_T1RNGA_0004,bnk_000000000004,7329.00,card,146.58,26.38,0.00,2025-11-04,train,0
pay_00000000002633,setl_T1RNGA_0004,bnk_000000000004,251.00,card,5.02,0.90,2.51,2025-11-04,train,0
pay_00000000002737,setl_T1RNGA_0004,bnk_000000000004,488.99,card,9.78,1.76,0.00,2025-11-04,train,0
pay_00000000002997,setl_T1RNGA_0004,bnk_000000000004,673.00,upi,0.00,0.00,0.00,2025-11-04,train,0
pay_00000000003131,setl_T1RNGA_0004,bnk_000000000004,948.00,upi,0.00,0.00,9.48,2025-11-04,train,0
pay_00000000003239,setl_T1RNGA_0004,bnk_000000000004,788.91,card,15.78,2.84,7.89,2025-11-04,train,0
pay_00000000003263,setl_T1RNGA_0004,bnk_000000000004,783.99,wallet,14.11,2.54,7.84,2025-11-04,train,0
pay_00000000003267,setl_T1RNGA_0004,bnk_000000000004,762.30,card,15.25,2.75,7.62,2025-11-04,train,0
pay_00000000003304,setl_T1RNGA_0004,bnk_000000000004,1299.49,card,25.99,4.68,12.99,2025-11-04,train,0
pay_00000000003384,setl_T1RNGA_0004,bnk_000000000004,1079.93,wallet,19.44,3.50,10.80,2025-11-04,train,0
pay_00000000003396,setl_T1RNGA_0004,bnk_000000000004,455.46,upi,0.00,0.00,4.55,2025-11-04,train,0
pay_00000000003452,setl_T1RNGA_0004,bnk_000000000004,2378.96,upi,0.00,0.00,23.79,2025-11-04,train,0
pay_00000000003497,setl_T1RNGA_0004,bnk_000000000004,766.00,upi,0.00,0.00,0.00,2025-11-04,train,0
pay_00000000003526,setl_T1RNGA_0004,bnk_000000000004,315.23,card,6.30,1.13,0.00,2025-11-04,train,0
pay_00000000003669,setl_T1RNGA_0004,bnk_000000000004,1503.99,upi,0.00,0.00,15.04,2025-11-04,train,0
pay_00000000003672,setl_T1RNGA_0004,bnk_000000000004,830.08,card,16.60,2.99,0.00,2025-11-04,train,0
pay_00000000003870,setl_T1RNGA_0004,bnk_000000000004,230.60,upi,0.00,0.00,2.31,2025-11-04,train,0
pay_00000000003921,setl_T1RNGA_0004,bnk_000000000004,263.99,upi,0.00,0.00,2.64,2025-11-04,train,0
pay_00000000003926,setl_T1RNGA_0004,bnk_000000000004,598.00,upi,0.00,0.00,0.00,2025-11-04,train,0
pay_00000000003937,setl_T1RNGA_0004,bnk_000000000004,705.99,upi,0.00,0.00,0.00,2025-11-04,train,0
pay_00000000004074,setl_T1RNGA_0004,bnk_000000000004,839.26,wallet,15.11,2.72,0.00,2025-11-04,train,0
pay_00000000004165,setl_T1RNGA_0004,bnk_000000000004,3908.99,upi,0.00,0.00,39.09,2025-11-04,train,0
pay_00000000000095,setl_T1RNGA_0005,bnk_000000000005,816.00,wallet,14.69,2.64,0.00,2025-11-04,train,0
pay_00000000000388,setl_T1RNGA_0005,bnk_000000000005,171.99,upi,0.00,0.00,0.00,2025-11-04,train,0
pay_00000000000498,setl_T1RNGA_0005,bnk_000000000005,448.00,upi,0.00,0.00,4.48,2025-11-04,train,0
pay_00000000000577,setl_T1RNGA_0005,bnk_000000000005,643.00,card,12.86,2.31,6.43,2025-11-04,train,0
pay_00000000000753,setl_T1RNGA_0005,bnk_000000000005,203.00,upi,0.00,0.00,0.00,2025-11-04,train,0
pay_00000000000881,setl_T1RNGA_0005,bnk_000000000005,1544.00,upi,0.00,0.00,0.00,2025-11-04,train,0
pay_00000000000983,setl_T1RNGA_0005,bnk_000000000005,623.31,card,12.47,2.24,6.23,2025-11-04,train,0
pay_00000000001003,setl_T1RNGA_0005,bnk_000000000005,527.45,card,10.55,1.90,0.00,2025-11-04,train,0
pay_00000000001004,setl_T1RNGA_0005,bnk_000000000005,116.72,netbanking,15.00,2.70,1.17,2025-11-04,train,0
pay_00000000001096,setl_T1RNGA_0005,bnk_000000000005,2131.00,card,42.62,7.67,21.31,2025-11-04,train,0
pay_00000000001254,setl_T1RNGA_0005,bnk_000000000005,2906.11,upi,0.00,0.00,0.00,2025-11-04,train,0
pay_00000000001383,setl_T1RNGA_0005,bnk_000000000005,908.00,upi,0.00,0.00,0.00,2025-11-04,train,0
pay_00000000001456,setl_T1RNGA_0005,bnk_000000000005,700.00,netbanking,15.00,2.70,0.00,2025-11-04,train,0
pay_00000000001512,setl_T1RNGA_0005,bnk_000000000005,386.24,upi,0.00,0.00,3.86,2025-11-04,train,0
pay_00000000001547,setl_T1RNGA_0005,bnk_000000000005,2843.69,wallet,51.19,9.21,28.44,2025-11-04,train,0
pay_00000000001653,setl_T1RNGA_0005,bnk_000000000005,807.99,wallet,14.54,2.62,8.08,2025-11-04,train,0
pay_00000000001828,setl_T1RNGA_0005,bnk_000000000005,133.64,card,2.67,0.48,0.00,2025-11-04,train,0
pay_00000000002176,setl_T1RNGA_0005,bnk_000000000005,429.75,upi,0.00,0.00,4.30,2025-11-04,train,0
pay_00000000002271,setl_T1RNGA_0005,bnk_000000000005,948.00,upi,0.00,0.00,9.48,2025-11-04,train,0
pay_00000000002379,setl_T1RNGA_0005,bnk_000000000005,783.15,upi,0.00,0.00,7.83,2025-11-04,train,0
pay_00000000002433,setl_T1RNGA_0005,bnk_000000000005,741.00,upi,0.00,0.00,0.00,2025-11-04,train,0
pay_00000000002436,setl_T1RNGA_0005,bnk_000000000005,805.00,card,16.10,2.90,8.05,2025-11-04,train,0
pay_00000000002443,setl_T1RNGA_0005,bnk_000000000005,2219.02,upi,0.00,0.00,0.00,2025-11-04,train,0
pay_00000000002472,setl_T1RNGA_0005,bnk_000000000005,809.06,upi,0.00,0.00,8.09,2025-11-04,train,0
pay_00000000002496,setl_T1RNGA_0005,bnk_000000000005,280.00,upi,0.00,0.00,2.80,2025-11-04,train,0
pay_00000000002509,setl_T1RNGA_0005,bnk_000000000005,161.56,upi,0.00,0.00,0.00,2025-11-04,train,0
pay_00000000002527,setl_T1RNGA_0005,bnk_000000000005,780.00,card,15.60,2.81,0.00,2025-11-04,train,0
pay_00000000002533,setl_T1RNGA_0005,bnk_000000000005,134.99,upi,0.00,0.00,0.00,2025-11-04,train,0
pay_00000000002607,setl_T1RNGA_0005,bnk_000000000005,884.62,upi,0.00,0.00,8.85,2025-11-04,train,0
pay_00000000002776,setl_T1RNGA_0005,bnk_000000000005,15713.00,upi,0.00,0.00,0.00,2025-11-04,train,0
pay_00000000002796,setl_T1RNGA_0005,bnk_000000000005,1997.99,upi,0.00,0.00,19.98,2025-11-04,train,0
pay_00000000002807,setl_T1RNGA_0005,bnk_000000000005,436.41,card,8.73,1.57,0.00,2025-11-04,train,0
pay_00000000002975,setl_T1RNGA_0005,bnk_000000000005,1013.89,upi,0.00,0.00,10.14,2025-11-04,train,0
pay_00000000002985,setl_T1RNGA_0005,bnk_000000000005,984.20,upi,0.00,0.00,0.00,2025-11-04,train,0
pay_00000000002998,setl_T1RNGA_0005,bnk_000000000005,222.24,wallet,4.00,0.72,2.22,2025-11-04,train,0
pay_00000000003028,setl_T1RNGA_0005,bnk_000000000005,196.70,upi,0.00,0.00,1.97,2025-11-04,train,0
pay_00000000003119,setl_T1RNGA_0005,bnk_000000000005,1174.50,upi,0.00,0.00,0.00,2025-11-04,train,0
pay_00000000003251,setl_T1RNGA_0005,bnk_000000000005,828.00,card,16.56,2.98,8.28,2025-11-04,train,0
pay_00000000003458,setl_T1RNGA_0005,bnk_000000000005,971.00,card,19.42,3.50,9.71,2025-11-04,train,0
pay_00000000003520,setl_T1RNGA_0005,bnk_000000000005,17287.61,wallet,311.18,56.01,172.88,2025-11-04,train,0
pay_00000000003600,setl_T1RNGA_0005,bnk_000000000005,369.21,upi,0.00,0.00,3.69,2025-11-04,train,0
pay_00000000003882,setl_T1RNGA_0005,bnk_000000000005,664.00,upi,0.00,0.00,6.64,2025-11-04,train,0
pay_00000000003950,setl_T1RNGA_0005,bnk_000000000005,218.00,upi,0.00,0.00,0.00,2025-11-04,train,0
pay_00000000004031,setl_T1RNGA_0005,bnk_000000000005,796.99,netbanking,15.00,2.70,0.00,2025-11-04,train,0
pay_00000000004138,setl_T1RNGA_0005,bnk_000000000005,2774.99,card,55.50,9.99,27.75,2025-11-04,train,0
pay_00000000004146,setl_T1RNGA_0005,bnk_000000000005,663.65,card,13.27,2.39,0.00,2025-11-04,train,0
pay_00000000004193,setl_T1RNGA_0005,bnk_000000000005,691.99,upi,0.00,0.00,0.00,2025-11-04,train,0
pay_00000000000049,setl_T1RNGA_0006,bnk_000000000006,947.99,upi,2.37,0.43,9.48,2025-11-05,train,0
pay_00000000000436,setl_T1RNGA_0006,bnk_000000000006,520.06,card,11.70,2.11,0.00,2025-11-05,train,0
pay_00000000000467,setl_T1RNGA_0006,bnk_000000000006,665.00,card,14.96,2.69,0.00,2025-11-05,train,0
pay_00000000000599,setl_T1RNGA_0006,bnk_000000000006,271.61,card,6.11,1.10,0.00,2025-11-05,train,0
pay_00000000000690,setl_T1RNGA_0006,bnk_000000000006,170.47,netbanking,15.43,2.78,0.00,2025-11-05,train,0
pay_00000000000809,setl_T1RNGA_0006,bnk_000000000006,411.01,card,9.25,1.67,4.11,2025-11-05,train,0
pay_00000000001025,setl_T1RNGA_0006,bnk_000000000006,211.85,upi,0.53,0.10,0.00,2025-11-05,train,0
pay_00000000001168,setl_T1RNGA_0006,bnk_000000000006,884.00,upi,2.21,0.40,8.84,2025-11-05,train,0
pay_00000000001189,setl_T1RNGA_0006,bnk_000000000006,815.00,card,18.34,3.30,0.00,2025-11-05,train,0
pay_00000000001193,setl_T1RNGA_0006,bnk_000000000006,917.77,card,20.65,3.72,9.18,2025-11-05,train,0
pay_00000000001201,setl_T1RNGA_0006,bnk_000000000006,630.00,upi,1.58,0.28,0.00,2025-11-05,train,0
pay_00000000001241,setl_T1RNGA_0006,bnk_000000000006,594.00,netbanking,16.49,2.97,5.94,2025-11-05,train,0
pay_00000000001300,setl_T1RNGA_0006,bnk_000000000006,878.45,wallet,18.01,3.24,8.78,2025-11-05,train,0
pay_00000000001366,setl_T1RNGA_0006,bnk_000000000006,602.90,upi,1.51,0.27,0.00,2025-11-05,train,0
pay_00000000001870,setl_T1RNGA_0006,bnk_000000000006,2867.00,wallet,58.78,10.58,28.67,2025-11-05,train,0
pay_00000000001989,setl_T1RNGA_0006,bnk_000000000006,572.58,wallet,11.74,2.11,5.73,2025-11-05,train,0
pay_00000000002269,setl_T1RNGA_0006,bnk_000000000006,101.58,upi,0.25,0.05,1.02,2025-11-05,train,0
pay_00000000002303,setl_T1RNGA_0006,bnk_000000000006,638.00,netbanking,16.60,2.99,6.38,2025-11-05,train,0
pay_00000000002364,setl_T1RNGA_0006,bnk_000000000006,522.58,upi,1.31,0.24,5.23,2025-11-05,train,0
pay_00000000002537,setl_T1RNGA_0006,bnk_000000000006,173.99,upi,0.43,0.08,0.00,2025-11-05,train,0
pay_00000000002546,setl_T1RNGA_0006,bnk_000000000006,329.51,upi,0.82,0.15,0.00,2025-11-05,train,0
pay_00000000002589,setl_T1RNGA_0006,bnk_000000000006,535.00,card,12.04,2.17,0.00,2025-11-05,train,0
pay_00000000002890,setl_T1RNGA_0006,bnk_000000000006,828.11,upi,2.07,0.37,8.28,2025-11-05,train,0
pay_00000000002943,setl_T1RNGA_0006,bnk_000000000006,605.00,upi,1.51,0.27,6.05,2025-11-05,train,0
pay_00000000003139,setl_T1RNGA_0006,bnk_000000000006,115.00,upi,0.29,0.05,0.00,2025-11-05,train,0
pay_00000000003163,setl_T1RNGA_0006,bnk_000000000006,3262.99,upi,8.16,1.47,32.63,2025-11-05,train,0
pay_00000000003365,setl_T1RNGA_0006,bnk_000000000006,433.00,upi,1.08,0.19,4.33,2025-11-05,train,0
pay_00000000003395,setl_T1RNGA_0006,bnk_000000000006,1173.49,card,26.40,4.75,11.73,2025-11-05,train,0
pay_00000000003477,setl_T1RNGA_0006,bnk_000000000006,1069.39,upi,2.67,0.48,0.00,2025-11-05,train,0
pay_00000000003546,setl_T1RNGA_0006,bnk_000000000006,303.98,wallet,6.23,1.12,3.04,2025-11-05,train,0
pay_00000000003710,setl_T1RNGA_0006,bnk_000000000006,270.00,netbanking,15.68,2.82,2.70,2025-11-05,train,0
pay_00000000003720,setl_T1RNGA_0006,bnk_000000000006,811.63,upi,2.03,0.37,8.12,2025-11-05,train,0
pay_00000000003777,setl_T1RNGA_0006,bnk_000000000006,598.00,upi,1.50,0.27,5.98,2025-11-05,train,0
pay_00000000003982,setl_T1RNGA_0006,bnk_000000000006,166.41,upi,0.42,0.08,1.66,2025-11-05,train,0
pay_00000000004177,setl_T1RNGA_0006,bnk_000000000006,375.58,upi,0.94,0.17,3.76,2025-11-05,train,0
pay_00000000000033,setl_T1RNGA_0007,bnk_000000000007,765.99,upi,0.00,0.00,0.00,2025-11-06,train,0
pay_00000000000035,setl_T1RNGA_0007,bnk_000000000007,816.99,upi,0.00,0.00,8.17,2025-11-06,train,0
pay_00000000000098,setl_T1RNGA_0007,bnk_000000000007,1054.00,wallet,18.97,3.41,0.00,2025-11-06,train,0
pay_00000000000378,setl_T1RNGA_0007,bnk_000000000007,2665.00,netbanking,15.00,2.70,0.00,2025-11-06,train,0
pay_00000000000482,setl_T1RNGA_0007,bnk_000000000007,273.00,wallet,4.91,0.88,2.73,2025-11-06,train,0
pay_00000000000521,setl_T1RNGA_0007,bnk_000000000007,178.92,upi,0.00,0.00,1.79,2025-11-06,train,0
pay_00000000000630,setl_T1RNGA_0007,bnk_000000000007,805.00,upi,0.00,0.00,8.05,2025-11-06,train,0
pay_00000000000684,setl_T1RNGA_0007,bnk_000000000007,2783.00,upi,0.00,0.00,0.00,2025-11-06,train,0
pay_00000000000848,setl_T1RNGA_0007,bnk_000000000007,887.13,wallet,15.97,2.87,8.87,2025-11-06,train,0
pay_00000000001013,setl_T1RNGA_0007,bnk_000000000007,929.22,wallet,16.73,3.01,9.29,2025-11-06,train,0
pay_00000000001029,setl_T1RNGA_0007,bnk_000000000007,255.84,upi,0.00,0.00,2.56,2025-11-06,train,0
pay_00000000001071,setl_T1RNGA_0007,bnk_000000000007,855.00,card,17.10,3.08,8.55,2025-11-06,train,0
pay_00000000001098,setl_T1RNGA_0007,bnk_000000000007,406.36,card,8.13,1.46,0.00,2025-11-06,train,0
pay_00000000001281,setl_T1RNGA_0007,bnk_000000000007,209.00,upi,0.00,0.00,2.09,2025-11-06,train,0
pay_00000000001575,setl_T1RNGA_0007,bnk_000000000007,390.00,card,7.80,1.40,3.90,2025-11-06,train,0
pay_00000000001943,setl_T1RNGA_0007,bnk_000000000007,202.99,card,4.06,0.73,0.00,2025-11-06,train,0
pay_00000000001971,setl_T1RNGA_0007,bnk_000000000007,185.00,upi,0.00,0.00,0.00,2025-11-06,train,0
pay_00000000002056,setl_T1RNGA_0007,bnk_000000000007,837.42,card,16.75,3.02,0.00,2025-11-06,train,0
pay_00000000002216,setl_T1RNGA_0007,bnk_000000000007,382.99,upi,0.00,0.00,0.00,2025-11-06,train,0
pay_00000000002281,setl_T1RNGA_0007,bnk_000000000007,3312.65,upi,0.00,0.00,0.00,2025-11-06,train,0
pay_00000000002425,setl_T1RNGA_0007,bnk_000000000007,822.78,upi,0.00,0.00,8.23,2025-11-06,train,0
pay_00000000002451,setl_T1RNGA_0007,bnk_000000000007,755.99,wallet,13.61,2.45,7.56,2025-11-06,train,0
pay_00000000002491,setl_T1RNGA_0007,bnk_000000000007,922.00,upi,0.00,0.00,9.22,2025-11-06,train,0
pay_00000000002560,setl_T1RNGA_0007,bnk_000000000007,457.99,upi,0.00,0.00,4.58,2025-11-06,train,0
pay_00000000002721,setl_T1RNGA_0007,bnk_000000000007,625.59,card,12.51,2.25,0.00,2025-11-06,train,0
pay_00000000002766,setl_T1RNGA_0007,bnk_000000000007,3225.51,upi,0.00,0.00,0.00,2025-11-06,train,0
pay_00000000002771,setl_T1RNGA_0007,bnk_000000000007,1020.93,card,20.42,3.68,0.00,2025-11-06,train,0
pay_00000000002906,setl_T1RNGA_0007,bnk_000000000007,2954.99,netbanking,15.00,2.70,29.55,2025-11-06,train,0
pay_00000000003021,setl_T1RNGA_0007,bnk_000000000007,977.59,card,19.55,3.52,9.78,2025-11-06,train,0
pay_00000000003102,setl_T1RNGA_0007,bnk_000000000007,115.46,card,2.31,0.42,0.00,2025-11-06,train,0
pay_00000000003341,setl_T1RNGA_0007,bnk_000000000007,266.99,upi,0.00,0.00,2.67,2025-11-06,train,0
pay_00000000003536,setl_T1RNGA_0007,bnk_000000000007,726.52,card,14.53,2.62,0.00,2025-11-06,train,0
pay_00000000003794,setl_T1RNGA_0007,bnk_000000000007,584.00,upi,0.00,0.00,0.00,2025-11-06,train,0
pay_00000000000008,setl_T1RNGA_0008,bnk_000000000008,106.99,card,2.14,0.39,0.00,2025-11-06,train,0
pay_00000000000037,setl_T1RNGA_0008,bnk_000000000008,947.99,card,18.96,3.41,9.48,2025-11-06,train,0
pay_00000000000078,setl_T1RNGA_0008,bnk_000000000008,455.00,card,9.10,1.64,0.00,2025-11-06,train,0
pay_00000000000134,setl_T1RNGA_0008,bnk_000000000008,899.79,wallet,16.20,2.92,0.00,2025-11-06,train,0
pay_00000000000213,setl_T1RNGA_0008,bnk_000000000008,598.00,upi,0.00,0.00,5.98,2025-11-06,train,0
pay_00000000000356,setl_T1RNGA_0008,bnk_000000000008,1086.34,upi,0.00,0.00,10.86,2025-11-06,train,0
pay_00000000000426,setl_T1RNGA_0008,bnk_000000000008,648.59,card,12.97,2.33,0.00,2025-11-06,train,0
pay_00000000000444,setl_T1RNGA_0008,bnk_000000000008,247.24,upi,0.00,0.00,0.00,2025-11-06,train,0
pay_00000000000507,setl_T1RNGA_0008,bnk_000000000008,2627.34,card,52.55,9.46,0.00,2025-11-06,train,0
pay_00000000000556,setl_T1RNGA_0008,bnk_000000000008,1220.40,upi,0.00,0.00,0.00,2025-11-06,train,0
pay_00000000000580,setl_T1RNGA_0008,bnk_000000000008,341.00,card,6.82,1.23,3.41,2025-11-06,train,0
pay_00000000000641,setl_T1RNGA_0008,bnk_000000000008,211.88,upi,0.00,0.00,0.00,2025-11-06,train,0
pay_00000000000673,setl_T1RNGA_0008,bnk_000000000008,510.15,upi,0.00,0.00,5.10,2025-11-06,train,0
pay_00000000000718,setl_T1RNGA_0008,bnk_000000000008,855.75,netbanking,15.00,2.70,8.56,2025-11-06,train,0
pay_00000000000791,setl_T1RNGA_0008,bnk_000000000008,362.55,upi,0.00,0.00,3.63,2025-11-06,train,0
pay_00000000000927,setl_T1RNGA_0008,bnk_000000000008,425.59,upi,0.00,0.00,4.26,2025-11-06,train,0
pay_00000000001001,setl_T1RNGA_0008,bnk_000000000008,380.91,wallet,6.86,1.23,3.81,2025-11-06,train,0
pay_00000000001015,setl_T1RNGA_0008,bnk_000000000008,580.00,upi,0.00,0.00,0.00,2025-11-06,train,0
pay_00000000001164,setl_T1RNGA_0008,bnk_000000000008,863.00,upi,0.00,0.00,8.63,2025-11-06,train,0
pay_00000000001222,setl_T1RNGA_0008,bnk_000000000008,15336.00,card,306.72,55.21,153.36,2025-11-06,train,0
pay_00000000001364,setl_T1RNGA_0008,bnk_000000000008,655.00,upi,0.00,0.00,6.55,2025-11-06,train,0
pay_00000000001385,setl_T1RNGA_0008,bnk_000000000008,340.00,netbanking,15.00,2.70,0.00,2025-11-06,train,0
pay_00000000001393,setl_T1RNGA_0008,bnk_000000000008,1722.00,upi,0.00,0.00,0.00,2025-11-06,train,0
pay_00000000001549,setl_T1RNGA_0008,bnk_000000000008,441.95,upi,0.00,0.00,4.42,2025-11-06,train,0
pay_00000000001581,setl_T1RNGA_0008,bnk_000000000008,537.18,upi,0.00,0.00,0.00,2025-11-06,train,0
pay_00000000001622,setl_T1RNGA_0008,bnk_000000000008,985.00,upi,0.00,0.00,0.00,2025-11-06,train,0
pay_00000000001665,setl_T1RNGA_0008,bnk_000000000008,811.00,netbanking,15.00,2.70,8.11,2025-11-06,train,0
pay_00000000001683,setl_T1RNGA_0008,bnk_000000000008,226.00,upi,0.00,0.00,0.00,2025-11-06,train,0
pay_00000000001800,setl_T1RNGA_0008,bnk_000000000008,8566.00,upi,0.00,0.00,85.66,2025-11-06,train,0
pay_00000000001866,setl_T1RNGA_0008,bnk_000000000008,602.99,upi,0.00,0.00,0.00,2025-11-06,train,0
pay_00000000001954,setl_T1RNGA_0008,bnk_000000000008,1650.19,upi,0.00,0.00,16.50,2025-11-06,train,0
pay_00000000001979,setl_T1RNGA_0008,bnk_000000000008,1353.85,upi,0.00,0.00,0.00,2025-11-06,train,0
pay_00000000002112,setl_T1RNGA_0008,bnk_000000000008,165.00,upi,0.00,0.00,1.65,2025-11-06,train,0
pay_00000000002135,setl_T1RNGA_0008,bnk_000000000008,887.82,card,17.76,3.20,8.88,2025-11-06,train,0
pay_00000000002220,setl_T1RNGA_0008,bnk_000000000008,1359.71,upi,0.00,0.00,13.60,2025-11-06,train,0
pay_00000000002241,setl_T1RNGA_0008,bnk_000000000008,2682.99,wallet,48.29,8.69,26.83,2025-11-06,train,0
pay_00000000002335,setl_T1RNGA_0008,bnk_000000000008,223.09,card,4.46,0.80,2.23,2025-11-06,train,0
pay_00000000002432,setl_T1RNGA_0008,bnk_000000000008,895.00,card,17.90,3.22,8.95,2025-11-06,train,0
pay_00000000002591,setl_T1RNGA_0008,bnk_000000000008,897.10,upi,0.00,0.00,8.97,2025-11-06,train,0
pay_00000000002592,setl_T1RNGA_0008,bnk_000000000008,800.95,card,16.02,2.88,8.01,2025-11-06,train,0
pay_00000000002663,setl_T1RNGA_0008,bnk_000000000008,340.68,netbanking,15.00,2.70,0.00,2025-11-06,train,0
pay_00000000002888,setl_T1RNGA_0008,bnk_000000000008,2571.08,netbanking,15.00,2.70,0.00,2025-11-06,train,0
pay_00000000002924,setl_T1RNGA_0008,bnk_000000000008,2966.39,upi,0.00,0.00,0.00,2025-11-06,train,0
pay_00000000003003,setl_T1RNGA_0008,bnk_000000000008,314.31,card,6.29,1.13,0.00,2025-11-06,train,0
pay_00000000003019,setl_T1RNGA_0008,bnk_000000000008,277.00,upi,0.00,0.00,0.00,2025-11-06,train,0
pay_00000000003027,setl_T1RNGA_0008,bnk_000000000008,2651.25,upi,0.00,0.00,26.51,2025-11-06,train,0
pay_00000000003085,setl_T1RNGA_0008,bnk_000000000008,125.78,upi,0.00,0.00,0.00,2025-11-06,train,0
pay_00000000003127,setl_T1RNGA_0008,bnk_000000000008,245.00,card,4.90,0.88,2.45,2025-11-06,train,0
pay_00000000003180,setl_T1RNGA_0008,bnk_000000000008,898.00,upi,0.00,0.00,8.98,2025-11-06,train,0
pay_00000000003240,setl_T1RNGA_0008,bnk_000000000008,796.76,upi,0.00,0.00,7.97,2025-11-06,train,0
pay_00000000003297,setl_T1RNGA_0008,bnk_000000000008,781.31,wallet,14.06,2.53,7.81,2025-11-06,train,0
pay_00000000003305,setl_T1RNGA_0008,bnk_000000000008,499.39,card,9.99,1.80,0.00,2025-11-06,train,0
pay_00000000003307,setl_T1RNGA_0008,bnk_000000000008,846.00,card,16.92,3.05,8.46,2025-11-06,train,0
pay_00000000003359,setl_T1RNGA_0008,bnk_000000000008,2107.00,upi,0.00,0.00,0.00,2025-11-06,train,0
pay_00000000003560,setl_T1RNGA_0008,bnk_000000000008,1512.00,upi,0.00,0.00,15.12,2025-11-06,train,0
pay_00000000003642,setl_T1RNGA_0008,bnk_000000000008,736.00,upi,0.00,0.00,0.00,2025-11-06,train,0
pay_00000000003874,setl_T1RNGA_0008,bnk_000000000008,100.99,card,2.02,0.36,0.00,2025-11-06,train,0
pay_00000000004118,setl_T1RNGA_0008,bnk_000000000008,557.69,card,11.15,2.01,5.58,2025-11-06,train,0
pay_00000000004137,setl_T1RNGA_0008,bnk_000000000008,1068.99,card,21.38,3.85,10.69,2025-11-06,train,0
pay_00000000004141,setl_T1RNGA_0008,bnk_000000000008,15756.00,upi,0.00,0.00,157.56,2025-11-06,train,0
pay_00000000004153,setl_T1RNGA_0008,bnk_000000000008,950.10,upi,0.00,0.00,0.00,2025-11-06,train,0
pay_00000000004169,setl_T1RNGA_0008,bnk_000000000008,1079.00,card,21.58,3.88,0.00,2025-11-06,train,0
pay_00000000000036,setl_T1RNGA_0009,bnk_000000000009,402.00,upi,0.00,0.00,4.02,2025-11-06,train,0
pay_00000000000039,setl_T1RNGA_0009,bnk_000000000009,304.54,upi,0.00,0.00,3.05,2025-11-06,train,0
pay_00000000000076,setl_T1RNGA_0009,bnk_000000000009,1776.00,upi,0.00,0.00,17.76,2025-11-06,train,0
pay_00000000000184,setl_T1RNGA_0009,bnk_000000000009,663.90,netbanking,15.00,2.70,6.64,2025-11-06,train,0
pay_00000000000198,setl_T1RNGA_0009,bnk_000000000009,314.99,wallet,5.67,1.02,3.15,2025-11-06,train,0
pay_00000000000218,setl_T1RNGA_0009,bnk_000000000009,959.00,card,19.18,3.45,9.59,2025-11-06,train,0
pay_00000000000284,setl_T1RNGA_0009,bnk_000000000009,380.21,card,7.60,1.37,3.80,2025-11-06,train,0
pay_00000000000302,setl_T1RNGA_0009,bnk_000000000009,335.14,upi,0.00,0.00,3.35,2025-11-06,train,0
pay_00000000000311,setl_T1RNGA_0009,bnk_000000000009,154.00,upi,0.00,0.00,1.54,2025-11-06,train,0
pay_00000000000354,setl_T1RNGA_0009,bnk_000000000009,9272.01,card,185.44,33.38,92.72,2025-11-06,train,0
pay_00000000000459,setl_T1RNGA_0009,bnk_000000000009,1028.99,upi,0.00,0.00,10.29,2025-11-06,train,0
pay_00000000000614,setl_T1RNGA_0009,bnk_000000000009,798.00,upi,0.00,0.00,7.98,2025-11-06,train,0
pay_00000000000666,setl_T1RNGA_0009,bnk_000000000009,884.99,upi,0.00,0.00,8.85,2025-11-06,train,0
pay_00000000000767,setl_T1RNGA_0009,bnk_000000000009,433.00,upi,0.00,0.00,0.00,2025-11-06,train,0
pay_00000000000778,setl_T1RNGA_0009,bnk_000000000009,498.00,upi,0.00,0.00,0.00,2025-11-06,train,0
pay_00000000000790,setl_T1RNGA_0009,bnk_000000000009,356.89,card,7.14,1.29,3.57,2025-11-06,train,0
pay_00000000000802,setl_T1RNGA_0009,bnk_000000000009,831.58,upi,0.00,0.00,8.32,2025-11-06,train,0
pay_00000000000816,setl_T1RNGA_0009,bnk_000000000009,546.00,card,10.92,1.97,0.00,2025-11-06,train,0
pay_00000000000876,setl_T1RNGA_0009,bnk_000000000009,641.99,card,12.84,2.31,0.00,2025-11-06,train,0
pay_00000000000887,setl_T1RNGA_0009,bnk_000000000009,8735.00,upi,0.00,0.00,0.00,2025-11-06,train,0
pay_00000000000900,setl_T1RNGA_0009,bnk_000000000009,335.66,netbanking,15.00,2.70,0.00,2025-11-06,train,0
pay_00000000000902,setl_T1RNGA_0009,bnk_000000000009,250.14,netbanking,15.00,2.70,2.50,2025-11-06,train,0
pay_00000000000923,setl_T1RNGA_0009,bnk_000000000009,1921.95,upi,0.00,0.00,19.22,2025-11-06,train,0
pay_00000000000973,setl_T1RNGA_0009,bnk_000000000009,267.16,upi,0.00,0.00,2.67,2025-11-06,train,0
pay_00000000001068,setl_T1RNGA_0009,bnk_000000000009,734.65,card,14.69,2.64,0.00,2025-11-06,train,0
pay_00000000001083,setl_T1RNGA_0009,bnk_000000000009,239.41,upi,0.00,0.00,2.39,2025-11-06,train,0
pay_00000000001094,setl_T1RNGA_0009,bnk_000000000009,1597.41,upi,0.00,0.00,15.97,2025-11-06,train,0
pay_00000000001097,setl_T1RNGA_0009,bnk_000000000009,584.99,netbanking,15.00,2.70,5.85,2025-11-06,train,0
pay_00000000001154,setl_T1RNGA_0009,bnk_000000000009,2053.89,upi,0.00,0.00,0.00,2025-11-06,train,0
pay_00000000001267,setl_T1RNGA_0009,bnk_000000000009,510.00,wallet,9.18,1.65,5.10,2025-11-06,train,0
pay_00000000001285,setl_T1RNGA_0009,bnk_000000000009,9898.00,upi,0.00,0.00,98.98,2025-11-06,train,0
pay_00000000001295,setl_T1RNGA_0009,bnk_000000000009,2452.33,card,49.05,8.83,24.52,2025-11-06,train,0
pay_00000000001320,setl_T1RNGA_0009,bnk_000000000009,223.00,upi,0.00,0.00,2.23,2025-11-06,train,0
pay_00000000001351,setl_T1RNGA_0009,bnk_000000000009,566.52,card,11.33,2.04,5.67,2025-11-06,train,0
pay_00000000001372,setl_T1RNGA_0009,bnk_000000000009,351.34,card,7.03,1.27,3.51,2025-11-06,train,0
pay_00000000001376,setl_T1RNGA_0009,bnk_000000000009,696.00,card,13.92,2.51,0.00,2025-11-06,train,0
pay_00000000001392,setl_T1RNGA_0009,bnk_000000000009,259.79,card,5.20,0.94,2.60,2025-11-06,train,0
pay_00000000001428,setl_T1RNGA_0009,bnk_000000000009,134.00,upi,0.00,0.00,0.00,2025-11-06,train,0
pay_00000000001434,setl_T1RNGA_0009,bnk_000000000009,650.43,card,13.01,2.34,0.00,2025-11-06,train,0
pay_00000000001449,setl_T1RNGA_0009,bnk_000000000009,1023.45,upi,0.00,0.00,0.00,2025-11-06,train,0
pay_00000000001475,setl_T1RNGA_0009,bnk_000000000009,3329.79,netbanking,15.00,2.70,0.00,2025-11-06,train,0
pay_00000000001515,setl_T1RNGA_0009,bnk_000000000009,923.99,card,18.48,3.33,9.24,2025-11-06,train,0
pay_00000000001527,setl_T1RNGA_0009,bnk_000000000009,465.79,wallet,8.38,1.51,4.66,2025-11-06,train,0
pay_00000000001535,setl_T1RNGA_0009,bnk_000000000009,745.27,upi,0.00,0.00,7.45,2025-11-06,train,0
pay_00000000001537,setl_T1RNGA_0009,bnk_000000000009,561.00,card,11.22,2.02,5.61,2025-11-06,train,0
pay_00000000001640,setl_T1RNGA_0009,bnk_000000000009,625.41,card,12.51,2.25,0.00,2025-11-06,train,0
pay_00000000001645,setl_T1RNGA_0009,bnk_000000000009,3311.00,card,66.22,11.92,33.11,2025-11-06,train,0
pay_00000000001671,setl_T1RNGA_0009,bnk_000000000009,1057.00,upi,0.00,0.00,10.57,2025-11-06,train,0
pay_00000000001677,setl_T1RNGA_0009,bnk_000000000009,1029.99,card,20.60,3.71,10.30,2025-11-06,train,0
pay_00000000001734,setl_T1RNGA_0009,bnk_000000000009,331.19,netbanking,15.00,2.70,0.00,2025-11-06,train,0
pay_00000000001756,setl_T1RNGA_0009,bnk_000000000009,535.98,card,10.72,1.93,5.36,2025-11-06,train,0
pay_00000000001855,setl_T1RNGA_0009,bnk_000000000009,3718.00,upi,0.00,0.00,0.00,2025-11-06,train,0
pay_00000000001858,setl_T1RNGA_0009,bnk_000000000009,346.56,wallet,6.24,1.12,3.47,2025-11-06,train,0
pay_00000000001881,setl_T1RNGA_0009,bnk_000000000009,225.52,upi,0.00,0.00,0.00,2025-11-06,train,0
pay_00000000001903,setl_T1RNGA_0009,bnk_000000000009,288.99,upi,0.00,0.00,0.00,2025-11-06,train,0
pay_00000000001930,setl_T1RNGA_0009,bnk_000000000009,9214.00,upi,0.00,0.00,92.14,2025-11-06,train,0
pay_00000000001952,setl_T1RNGA_0009,bnk_000000000009,339.63,netbanking,15.00,2.70,3.40,2025-11-06,train,0
pay_00000000001977,setl_T1RNGA_0009,bnk_000000000009,549.27,netbanking,15.00,2.70,0.00,2025-11-06,train,0
pay_00000000002004,setl_T1RNGA_0009,bnk_000000000009,316.93,upi,0.00,0.00,0.00,2025-11-06,train,0
pay_00000000002109,setl_T1RNGA_0009,bnk_000000000009,1051.00,wallet,18.92,3.41,0.00,2025-11-06,train,0
pay_00000000002154,setl_T1RNGA_0009,bnk_000000000009,509.00,upi,0.00,0.00,5.09,2025-11-06,train,0
pay_00000000002174,setl_T1RNGA_0009,bnk_000000000009,621.00,netbanking,15.00,2.70,0.00,2025-11-06,train,0
pay_00000000002179,setl_T1RNGA_0009,bnk_000000000009,1040.00,wallet,18.72,3.37,10.40,2025-11-06,train,0
pay_00000000002195,setl_T1RNGA_0009,bnk_000000000009,373.30,card,7.47,1.34,0.00,2025-11-06,train,0
pay_00000000002279,setl_T1RNGA_0009,bnk_000000000009,302.55,wallet,5.45,0.98,0.00,2025-11-06,train,0
pay_00000000002282,setl_T1RNGA_0009,bnk_000000000009,1119.99,upi,0.00,0.00,11.20,2025-11-06,train,0
pay_00000000002409,setl_T1RNGA_0009,bnk_000000000009,948.16,card,18.96,3.41,0.00,2025-11-06,train,0
pay_00000000002468,setl_T1RNGA_0009,bnk_000000000009,934.86,upi,0.00,0.00,0.00,2025-11-06,train,0
pay_00000000002483,setl_T1RNGA_0009,bnk_000000000009,362.00,upi,0.00,0.00,3.62,2025-11-06,train,0
pay_00000000002530,setl_T1RNGA_0009,bnk_000000000009,282.18,upi,0.00,0.00,0.00,2025-11-06,train,0
pay_00000000002553,setl_T1RNGA_0009,bnk_000000000009,3352.71,card,67.05,12.07,0.00,2025-11-06,train,0
pay_00000000002711,setl_T1RNGA_0009,bnk_000000000009,965.53,upi,0.00,0.00,0.00,2025-11-06,train,0
pay_00000000002753,setl_T1RNGA_0009,bnk_000000000009,805.57,card,16.11,2.90,0.00,2025-11-06,train,0
pay_00000000002810,setl_T1RNGA_0009,bnk_000000000009,1053.00,upi,0.00,0.00,10.53,2025-11-06,train,0
pay_00000000002860,setl_T1RNGA_0009,bnk_000000000009,995.00,upi,0.00,0.00,0.00,2025-11-06,train,0
pay_00000000002885,setl_T1RNGA_0009,bnk_000000000009,107.58,card,2.15,0.39,1.08,2025-11-06,train,0
pay_00000000002962,setl_T1RNGA_0009,bnk_000000000009,837.45,card,16.75,3.02,8.37,2025-11-06,train,0
pay_00000000003016,setl_T1RNGA_0009,bnk_000000000009,1744.00,upi,0.00,0.00,17.44,2025-11-06,train,0
pay_00000000003061,setl_T1RNGA_0009,bnk_000000000009,1756.00,upi,0.00,0.00,17.56,2025-11-06,train,0
pay_00000000003213,setl_T1RNGA_0009,bnk_000000000009,976.70,card,19.53,3.52,0.00,2025-11-06,train,0
pay_00000000003280,setl_T1RNGA_0009,bnk_000000000009,487.76,card,9.76,1.76,4.88,2025-11-06,train,0
pay_00000000003350,setl_T1RNGA_0009,bnk_000000000009,1022.99,upi,0.00,0.00,0.00,2025-11-06,train,0
pay_00000000003375,setl_T1RNGA_0009,bnk_000000000009,997.00,netbanking,15.00,2.70,9.97,2025-11-06,train,0
pay_00000000003446,setl_T1RNGA_0009,bnk_000000000009,162.29,upi,0.00,0.00,1.62,2025-11-06,train,0
pay_00000000003573,setl_T1RNGA_0009,bnk_000000000009,760.43,wallet,13.69,2.46,7.60,2025-11-06,train,0
pay_00000000003635,setl_T1RNGA_0009,bnk_000000000009,385.61,card,7.71,1.39,3.86,2025-11-06,train,0
pay_00000000003657,setl_T1RNGA_0009,bnk_000000000009,967.94,upi,0.00,0.00,0.00,2025-11-06,train,0
pay_00000000003663,setl_T1RNGA_0009,bnk_000000000009,881.08,upi,0.00,0.00,8.81,2025-11-06,train,0
pay_00000000003711,setl_T1RNGA_0009,bnk_000000000009,765.20,upi,0.00,0.00,0.00,2025-11-06,train,0
pay_00000000003768,setl_T1RNGA_0009,bnk_000000000009,2453.00,netbanking,15.00,2.70,0.00,2025-11-06,train,0
pay_00000000003826,setl_T1RNGA_0009,bnk_000000000009,394.69,upi,0.00,0.00,0.00,2025-11-06,train,0
pay_00000000003888,setl_T1RNGA_0009,bnk_000000000009,128.94,card,2.58,0.46,1.29,2025-11-06,train,0
pay_00000000003914,setl_T1RNGA_0009,bnk_000000000009,555.23,upi,0.00,0.00,5.55,2025-11-06,train,0
pay_00000000003919,setl_T1RNGA_0009,bnk_000000000009,704.00,upi,0.00,0.00,7.04,2025-11-06,train,0
pay_00000000003927,setl_T1RNGA_0009,bnk_000000000009,738.99,upi,0.00,0.00,0.00,2025-11-06,train,0
pay_00000000003940,setl_T1RNGA_0009,bnk_000000000009,908.12,upi,0.00,0.00,9.08,2025-11-06,train,0
pay_00000000003948,setl_T1RNGA_0009,bnk_000000000009,663.95,netbanking,15.00,2.70,0.00,2025-11-06,train,0
pay_00000000003971,setl_T1RNGA_0009,bnk_000000000009,343.00,upi,0.00,0.00,3.43,2025-11-06,train,0
pay_00000000004036,setl_T1RNGA_0009,bnk_000000000009,107.65,card,2.15,0.39,0.00,2025-11-06,train,0
pay_00000000004082,setl_T1RNGA_0009,bnk_000000000009,217.00,wallet,3.91,0.70,0.00,2025-11-06,train,0
pay_00000000004083,setl_T1RNGA_0009,bnk_000000000009,412.99,upi,0.00,0.00,4.13,2025-11-06,train,0
pay_00000000004103,setl_T1RNGA_0009,bnk_000000000009,1056.00,upi,0.00,0.00,0.00,2025-11-06,train,0
pay_00000000004112,setl_T1RNGA_0009,bnk_000000000009,576.99,upi,0.00,0.00,0.00,2025-11-06,train,0
pay_00000000000010,setl_T1RNGA_0010,bnk_000000000010,1062.99,card,21.26,3.83,0.00,2025-11-06,train,0
pay_00000000000058,setl_T1RNGA_0010,bnk_000000000010,1064.16,wallet,19.15,3.45,0.00,2025-11-06,train,0
pay_00000000000182,setl_T1RNGA_0010,bnk_000000000010,1022.91,wallet,18.41,3.31,10.23,2025-11-06,train,0
pay_00000000000242,setl_T1RNGA_0010,bnk_000000000010,1036.00,upi,0.00,0.00,10.36,2025-11-06,train,0
pay_00000000000400,setl_T1RNGA_0010,bnk_000000000010,794.99,card,15.90,2.86,7.95,2025-11-06,train,0
pay_00000000000405,setl_T1RNGA_0010,bnk_000000000010,652.81,netbanking,15.00,2.70,0.00,2025-11-06,train,0
pay_00000000000431,setl_T1RNGA_0010,bnk_000000000010,2814.00,card,56.28,10.13,28.14,2025-11-06,train,0
pay_00000000000455,setl_T1RNGA_0010,bnk_000000000010,994.00,upi,0.00,0.00,9.94,2025-11-06,train,0
pay_00000000000505,setl_T1RNGA_0010,bnk_000000000010,247.35,upi,0.00,0.00,0.00,2025-11-06,train,0
pay_00000000000515,setl_T1RNGA_0010,bnk_000000000010,266.43,upi,0.00,0.00,2.66,2025-11-06,train,0
pay_00000000000561,setl_T1RNGA_0010,bnk_000000000010,972.99,card,19.46,3.50,9.73,2025-11-06,train,0
pay_00000000000616,setl_T1RNGA_0010,bnk_000000000010,206.94,card,4.14,0.75,2.07,2025-11-06,train,0
pay_00000000000693,setl_T1RNGA_0010,bnk_000000000010,374.49,upi,0.00,0.00,3.74,2025-11-06,train,0
pay_00000000000771,setl_T1RNGA_0010,bnk_000000000010,3335.10,upi,0.00,0.00,0.00,2025-11-06,train,0
pay_00000000000796,setl_T1RNGA_0010,bnk_000000000010,200.18,card,4.00,0.72,2.00,2025-11-06,train,0
pay_00000000000825,setl_T1RNGA_0010,bnk_000000000010,408.25,card,8.17,1.47,0.00,2025-11-06,train,0
pay_00000000000932,setl_T1RNGA_0010,bnk_000000000010,935.12,upi,0.00,0.00,9.35,2025-11-06,train,0
pay_00000000000956,setl_T1RNGA_0010,bnk_000000000010,3598.77,wallet,64.78,11.66,35.99,2025-11-06,train,0
pay_00000000001048,setl_T1RNGA_0010,bnk_000000000010,586.00,wallet,10.55,1.90,5.86,2025-11-06,train,0
pay_00000000001133,setl_T1RNGA_0010,bnk_000000000010,226.35,upi,0.00,0.00,2.26,2025-11-06,train,0
pay_00000000001204,setl_T1RNGA_0010,bnk_000000000010,679.00,card,13.58,2.44,0.00,2025-11-06,train,0
pay_00000000001237,setl_T1RNGA_0010,bnk_000000000010,525.29,upi,0.00,0.00,0.00,2025-11-06,train,0
pay_00000000001245,setl_T1RNGA_0010,bnk_000000000010,1013.00,upi,0.00,0.00,10.13,2025-11-06,train,0
pay_00000000001322,setl_T1RNGA_0010,bnk_000000000010,11795.20,card,235.90,42.46,0.00,2025-11-06,train,0
pay_00000000001377,setl_T1RNGA_0010,bnk_000000000010,1830.00,card,36.60,6.59,18.30,2025-11-06,train,0
pay_00000000001559,setl_T1RNGA_0010,bnk_000000000010,2812.99,upi,0.00,0.00,0.00,2025-11-06,train,0
pay_00000000001625,setl_T1RNGA_0010,bnk_000000000010,339.94,card,6.80,1.22,3.40,2025-11-06,train,0
pay_00000000001695,setl_T1RNGA_0010,bnk_000000000010,2760.00,upi,0.00,0.00,0.00,2025-11-06,train,0
pay_00000000001742,setl_T1RNGA_0010,bnk_000000000010,642.00,upi,0.00,0.00,6.42,2025-11-06,train,0
pay_00000000001748,setl_T1RNGA_0010,bnk_000000000010,322.99,upi,0.00,0.00,3.23,2025-11-06,train,0
pay_00000000001757,setl_T1RNGA_0010,bnk_000000000010,184.00,upi,0.00,0.00,0.00,2025-11-06,train,0
pay_00000000001920,setl_T1RNGA_0010,bnk_000000000010,1019.09,card,20.38,3.67,0.00,2025-11-06,train,0
pay_00000000002099,setl_T1RNGA_0010,bnk_000000000010,1385.96,upi,0.00,0.00,13.86,2025-11-06,train,0
pay_00000000002166,setl_T1RNGA_0010,bnk_000000000010,838.99,card,16.78,3.02,0.00,2025-11-06,train,0
pay_00000000002198,setl_T1RNGA_0010,bnk_000000000010,9304.31,upi,0.00,0.00,0.00,2025-11-06,train,0
pay_00000000002252,setl_T1RNGA_0010,bnk_000000000010,923.00,upi,0.00,0.00,9.23,2025-11-06,train,0
pay_00000000002255,setl_T1RNGA_0010,bnk_000000000010,3022.00,upi,0.00,0.00,30.22,2025-11-06,train,0
pay_00000000002261,setl_T1RNGA_0010,bnk_000000000010,9829.84,wallet,176.94,31.85,0.00,2025-11-06,train,0
pay_00000000002289,setl_T1RNGA_0010,bnk_000000000010,1601.00,upi,0.00,0.00,0.00,2025-11-06,train,0
pay_00000000002430,setl_T1RNGA_0010,bnk_000000000010,966.00,wallet,17.39,3.13,0.00,2025-11-06,train,0
pay_00000000002445,setl_T1RNGA_0010,bnk_000000000010,2285.90,card,45.72,8.23,22.86,2025-11-06,train,0
pay_00000000002524,setl_T1RNGA_0010,bnk_000000000010,342.56,card,6.85,1.23,0.00,2025-11-06,train,0
pay_00000000002617,setl_T1RNGA_0010,bnk_000000000010,356.06,upi,0.00,0.00,3.56,2025-11-06,train,0
pay_00000000002626,setl_T1RNGA_0010,bnk_000000000010,1061.00,card,21.22,3.82,10.61,2025-11-06,train,0
pay_00000000002815,setl_T1RNGA_0010,bnk_000000000010,805.00,card,16.10,2.90,8.05,2025-11-06,train,0
pay_00000000002842,setl_T1RNGA_0010,bnk_000000000010,919.00,upi,0.00,0.00,9.19,2025-11-06,train,0
pay_00000000002909,setl_T1RNGA_0010,bnk_000000000010,707.00,wallet,12.73,2.29,0.00,2025-11-06,train,0
pay_00000000002937,setl_T1RNGA_0010,bnk_000000000010,144.28,wallet,2.60,0.47,0.00,2025-11-06,train,0
pay_00000000002999,setl_T1RNGA_0010,bnk_000000000010,950.60,card,19.01,3.42,9.51,2025-11-06,train,0
pay_00000000003009,setl_T1RNGA_0010,bnk_000000000010,1032.00,wallet,18.58,3.34,0.00,2025-11-06,train,0
pay_00000000003167,setl_T1RNGA_0010,bnk_000000000010,252.00,netbanking,15.00,2.70,0.00,2025-11-06,train,0
pay_00000000003191,setl_T1RNGA_0010,bnk_000000000010,541.97,upi,0.00,0.00,5.42,2025-11-06,train,0
pay_00000000003202,setl_T1RNGA_0010,bnk_000000000010,312.41,card,6.25,1.13,3.12,2025-11-06,train,0
pay_00000000003225,setl_T1RNGA_0010,bnk_000000000010,909.29,upi,0.00,0.00,9.09,2025-11-06,train,0
pay_00000000003238,setl_T1RNGA_0010,bnk_000000000010,1035.27,card,20.71,3.73,0.00,2025-11-06,train,0
pay_00000000003275,setl_T1RNGA_0010,bnk_000000000010,3510.99,wallet,63.20,11.38,0.00,2025-11-06,train,0
pay_00000000003343,setl_T1RNGA_0010,bnk_000000000010,468.02,card,9.36,1.68,0.00,2025-11-06,train,0
pay_00000000003391,setl_T1RNGA_0010,bnk_000000000010,11546.32,netbanking,15.00,2.70,0.00,2025-11-06,train,0
pay_00000000003439,setl_T1RNGA_0010,bnk_000000000010,178.00,upi,0.00,0.00,1.78,2025-11-06,train,0
pay_00000000003511,setl_T1RNGA_0010,bnk_000000000010,1047.99,upi,0.00,0.00,0.00,2025-11-06,train,0
pay_00000000003648,setl_T1RNGA_0010,bnk_000000000010,735.05,upi,0.00,0.00,7.35,2025-11-06,train,0
pay_00000000003725,setl_T1RNGA_0010,bnk_000000000010,455.17,card,9.10,1.64,4.55,2025-11-06,train,0
pay_00000000003726,setl_T1RNGA_0010,bnk_000000000010,483.09,upi,0.00,0.00,0.00,2025-11-06,train,0
pay_00000000003738,setl_T1RNGA_0010,bnk_000000000010,901.64,card,18.03,3.25,9.02,2025-11-06,train,0
pay_00000000003766,setl_T1RNGA_0010,bnk_000000000010,2537.99,wallet,45.68,8.22,25.38,2025-11-06,train,0
pay_00000000003769,setl_T1RNGA_0010,bnk_000000000010,3156.27,upi,0.00,0.00,31.56,2025-11-06,train,0
pay_00000000003771,setl_T1RNGA_0010,bnk_000000000010,1791.44,upi,0.00,0.00,17.91,2025-11-06,train,0
pay_00000000003776,setl_T1RNGA_0010,bnk_000000000010,136.00,upi,0.00,0.00,0.00,2025-11-06,train,0
pay_00000000003839,setl_T1RNGA_0010,bnk_000000000010,383.20,card,7.66,1.38,0.00,2025-11-06,train,0
pay_00000000003881,setl_T1RNGA_0010,bnk_000000000010,823.99,wallet,14.83,2.67,0.00,2025-11-06,train,0
pay_00000000003889,setl_T1RNGA_0010,bnk_000000000010,484.85,upi,0.00,0.00,4.85,2025-11-06,train,0
pay_00000000003897,setl_T1RNGA_0010,bnk_000000000010,107.01,upi,0.00,0.00,1.07,2025-11-06,train,0
pay_00000000003917,setl_T1RNGA_0010,bnk_000000000010,660.23,upi,0.00,0.00,0.00,2025-11-06,train,0
pay_00000000004014,setl_T1RNGA_0010,bnk_000000000010,3206.00,upi,0.00,0.00,32.06,2025-11-06,train,0
pay_00000000004028,setl_T1RNGA_0010,bnk_000000000010,601.16,upi,0.00,0.00,6.01,2025-11-06,train,0
pay_00000000004098,setl_T1RNGA_0010,bnk_000000000010,134.14,upi,0.00,0.00,1.34,2025-11-06,train,0
pay_00000000004158,setl_T1RNGA_0010,bnk_000000000010,339.66,upi,0.00,0.00,0.00,2025-11-06,train,0
pay_00000000004170,setl_T1RNGA_0010,bnk_000000000010,128.70,upi,0.00,0.00,0.00,2025-11-06,train,0
pay_00000000000090,setl_T1RNGA_0011,bnk_000000000011,684.99,upi,0.00,0.00,6.85,2025-11-07,train,0
pay_00000000000390,setl_T1RNGA_0011,bnk_000000000011,885.00,card,17.70,3.19,8.85,2025-11-07,train,0
pay_00000000000411,setl_T1RNGA_0011,bnk_000000000011,670.00,card,13.40,2.41,6.70,2025-11-07,train,0
pay_00000000000462,setl_T1RNGA_0011,bnk_000000000011,580.05,netbanking,15.00,2.70,5.80,2025-11-07,train,0
pay_00000000000662,setl_T1RNGA_0011,bnk_000000000011,370.58,upi,0.00,0.00,0.00,2025-11-07,train,0
pay_00000000000677,setl_T1RNGA_0011,bnk_000000000011,3508.00,card,70.16,12.63,0.00,2025-11-07,train,0
pay_00000000000762,setl_T1RNGA_0011,bnk_000000000011,1058.00,upi,0.00,0.00,10.58,2025-11-07,train,0
pay_00000000000768,setl_T1RNGA_0011,bnk_000000000011,566.81,wallet,10.20,1.84,5.67,2025-11-07,train,0
pay_00000000000777,setl_T1RNGA_0011,bnk_000000000011,524.99,upi,0.00,0.00,0.00,2025-11-07,train,0
pay_00000000000839,setl_T1RNGA_0011,bnk_000000000011,574.80,upi,0.00,0.00,5.75,2025-11-07,train,0
pay_00000000000975,setl_T1RNGA_0011,bnk_000000000011,139.07,card,2.78,0.50,1.39,2025-11-07,train,0
pay_00000000001033,setl_T1RNGA_0011,bnk_000000000011,477.00,upi,0.00,0.00,0.00,2025-11-07,train,0
pay_00000000001213,setl_T1RNGA_0011,bnk_000000000011,1363.15,netbanking,15.00,2.70,0.00,2025-11-07,train,0
pay_00000000001345,setl_T1RNGA_0011,bnk_000000000011,459.61,upi,0.00,0.00,4.60,2025-11-07,train,0
pay_00000000001481,setl_T1RNGA_0011,bnk_000000000011,581.00,upi,0.00,0.00,0.00,2025-11-07,train,0
pay_00000000001641,setl_T1RNGA_0011,bnk_000000000011,455.00,upi,0.00,0.00,4.55,2025-11-07,train,0
pay_00000000001656,setl_T1RNGA_0011,bnk_000000000011,1011.74,upi,0.00,0.00,10.12,2025-11-07,train,0
pay_00000000001675,setl_T1RNGA_0011,bnk_000000000011,785.34,upi,0.00,0.00,7.85,2025-11-07,train,0
pay_00000000001751,setl_T1RNGA_0011,bnk_000000000011,13287.00,upi,0.00,0.00,132.87,2025-11-07,train,0
pay_00000000001965,setl_T1RNGA_0011,bnk_000000000011,262.99,card,5.26,0.95,2.63,2025-11-07,train,0
pay_00000000001969,setl_T1RNGA_0011,bnk_000000000011,614.00,card,12.28,2.21,6.14,2025-11-07,train,0
pay_00000000002051,setl_T1RNGA_0011,bnk_000000000011,2253.30,upi,0.00,0.00,0.00,2025-11-07,train,0
pay_00000000002128,setl_T1RNGA_0011,bnk_000000000011,800.79,netbanking,15.00,2.70,8.01,2025-11-07,train,0
pay_00000000002183,setl_T1RNGA_0011,bnk_000000000011,1755.00,upi,0.00,0.00,0.00,2025-11-07,train,0
pay_00000000002284,setl_T1RNGA_0011,bnk_000000000011,530.03,upi,0.00,0.00,5.30,2025-11-07,train,0
pay_00000000002334,setl_T1RNGA_0011,bnk_000000000011,442.21,upi,0.00,0.00,4.42,2025-11-07,train,0
pay_00000000002371,setl_T1RNGA_0011,bnk_000000000011,236.99,upi,0.00,0.00,2.37,2025-11-07,train,0
pay_00000000002634,setl_T1RNGA_0011,bnk_000000000011,163.99,card,3.28,0.59,0.00,2025-11-07,train,0
pay_00000000002917,setl_T1RNGA_0011,bnk_000000000011,778.92,card,15.58,2.80,7.79,2025-11-07,train,0
pay_00000000003203,setl_T1RNGA_0011,bnk_000000000011,110.00,card,2.20,0.40,0.00,2025-11-07,train,0
pay_00000000003220,setl_T1RNGA_0011,bnk_000000000011,15939.99,upi,0.00,0.00,0.00,2025-11-07,train,0
pay_00000000003320,setl_T1RNGA_0011,bnk_000000000011,454.25,wallet,8.18,1.47,4.54,2025-11-07,train,0
pay_00000000003469,setl_T1RNGA_0011,bnk_000000000011,119.00,upi,0.00,0.00,1.19,2025-11-07,train,0
pay_00000000003490,setl_T1RNGA_0011,bnk_000000000011,224.00,upi,0.00,0.00,2.24,2025-11-07,train,0
pay_00000000003581,setl_T1RNGA_0011,bnk_000000000011,7017.00,upi,0.00,0.00,0.00,2025-11-07,train,0
pay_00000000003622,setl_T1RNGA_0011,bnk_000000000011,2796.12,card,55.92,10.07,0.00,2025-11-07,train,0
pay_00000000003659,setl_T1RNGA_0011,bnk_000000000011,389.00,upi,0.00,0.00,3.89,2025-11-07,train,0
pay_00000000003696,setl_T1RNGA_0011,bnk_000000000011,2262.79,card,45.26,8.15,22.63,2025-11-07,train,0
pay_00000000003823,setl_T1RNGA_0011,bnk_000000000011,541.00,upi,0.00,0.00,5.41,2025-11-07,train,0
pay_00000000003880,setl_T1RNGA_0011,bnk_000000000011,2155.33,upi,0.00,0.00,0.00,2025-11-07,train,0
pay_00000000004024,setl_T1RNGA_0011,bnk_000000000011,159.80,upi,0.00,0.00,0.00,2025-11-07,train,0
pay_00000000004084,setl_T1RNGA_0011,bnk_000000000011,812.00,netbanking,15.00,2.70,8.12,2025-11-07,train,0
pay_00000000000232,setl_T1RNGA_0012,bnk_000000000012,671.00,upi,0.00,0.00,6.71,2025-11-07,train,0
pay_00000000000271,setl_T1RNGA_0012,bnk_000000000012,111.99,upi,0.00,0.00,1.12,2025-11-07,train,0
pay_00000000000281,setl_T1RNGA_0012,bnk_000000000012,924.00,wallet,16.63,2.99,0.00,2025-11-07,train,0
pay_00000000000285,setl_T1RNGA_0012,bnk_000000000012,905.07,upi,0.00,0.00,0.00,2025-11-07,train,0
pay_00000000000337,setl_T1RNGA_0012,bnk_000000000012,146.99,upi,0.00,0.00,0.00,2025-11-07,train,0
pay_00000000000403,setl_T1RNGA_0012,bnk_000000000012,16637.99,upi,0.00,0.00,166.38,2025-11-07,train,0
pay_00000000000513,setl_T1RNGA_0012,bnk_000000000012,336.99,card,6.74,1.21,3.37,2025-11-07,train,0
pay_00000000000544,setl_T1RNGA_0012,bnk_000000000012,367.31,card,7.35,1.32,0.00,2025-11-07,train,0
pay_00000000000594,setl_T1RNGA_0012,bnk_000000000012,329.65,card,6.59,1.19,3.30,2025-11-07,train,0
pay_00000000000754,setl_T1RNGA_0012,bnk_000000000012,1012.89,card,20.26,3.65,0.00,2025-11-07,train,0
pay_00000000000905,setl_T1RNGA_0012,bnk_000000000012,712.20,netbanking,15.00,2.70,7.12,2025-11-07,train,0
pay_00000000001066,setl_T1RNGA_0012,bnk_000000000012,743.00,upi,0.00,0.00,7.43,2025-11-07,train,0
pay_00000000001301,setl_T1RNGA_0012,bnk_000000000012,795.99,upi,0.00,0.00,0.00,2025-11-07,train,0
pay_00000000001476,setl_T1RNGA_0012,bnk_000000000012,1076.00,card,21.52,3.87,10.76,2025-11-07,train,0
pay_00000000001509,setl_T1RNGA_0012,bnk_000000000012,1990.21,upi,0.00,0.00,19.90,2025-11-07,train,0
pay_00000000001531,setl_T1RNGA_0012,bnk_000000000012,629.00,upi,0.00,0.00,6.29,2025-11-07,train,0
pay_00000000001580,setl_T1RNGA_0012,bnk_000000000012,896.63,upi,0.00,0.00,8.97,2025-11-07,train,0
pay_00000000001668,setl_T1RNGA_0012,bnk_000000000012,259.79,card,5.20,0.94,0.00,2025-11-07,train,0
pay_00000000001770,setl_T1RNGA_0012,bnk_000000000012,519.00,upi,0.00,0.00,5.19,2025-11-07,train,0
pay_00000000001811,setl_T1RNGA_0012,bnk_000000000012,333.71,upi,0.00,0.00,0.00,2025-11-07,train,0
pay_00000000002005,setl_T1RNGA_0012,bnk_000000000012,1579.78,upi,0.00,0.00,0.00,2025-11-07,train,0
pay_00000000002215,setl_T1RNGA_0012,bnk_000000000012,202.47,upi,0.00,0.00,0.00,2025-11-07,train,0
pay_00000000002242,setl_T1RNGA_0012,bnk_000000000012,675.00,card,13.50,2.43,0.00,2025-11-07,train,0
pay_00000000002268,setl_T1RNGA_0012,bnk_000000000012,1057.04,wallet,19.03,3.43,10.57,2025-11-07,train,0
pay_00000000002356,setl_T1RNGA_0012,bnk_000000000012,538.00,wallet,9.68,1.74,0.00,2025-11-07,train,0
pay_00000000002411,setl_T1RNGA_0012,bnk_000000000012,890.53,upi,0.00,0.00,8.91,2025-11-07,train,0
pay_00000000002456,setl_T1RNGA_0012,bnk_000000000012,749.99,card,15.00,2.70,7.50,2025-11-07,train,0
pay_00000000002465,setl_T1RNGA_0012,bnk_000000000012,115.00,upi,0.00,0.00,0.00,2025-11-07,train,0
pay_00000000002549,setl_T1RNGA_0012,bnk_000000000012,1309.00,card,26.18,4.71,0.00,2025-11-07,train,0
pay_00000000002590,setl_T1RNGA_0012,bnk_000000000012,672.00,card,13.44,2.42,0.00,2025-11-07,train,0
pay_00000000002630,setl_T1RNGA_0012,bnk_000000000012,3487.99,wallet,62.78,11.30,34.88,2025-11-07,train,0
pay_00000000002871,setl_T1RNGA_0012,bnk_000000000012,1621.48,card,32.43,5.84,0.00,2025-11-07,train,0
pay_00000000003106,setl_T1RNGA_0012,bnk_000000000012,1858.00,netbanking,15.00,2.70,0.00,2025-11-07,train,0
pay_00000000003241,setl_T1RNGA_0012,bnk_000000000012,603.99,wallet,10.87,1.96,6.04,2025-11-07,train,0
pay_00000000003278,setl_T1RNGA_0012,bnk_000000000012,496.80,wallet,8.94,1.61,0.00,2025-11-07,train,0
pay_00000000003322,setl_T1RNGA_0012,bnk_000000000012,2377.02,upi,0.00,0.00,0.00,2025-11-07,train,0
pay_00000000003465,setl_T1RNGA_0012,bnk_000000000012,2328.13,upi,0.00,0.00,23.28,2025-11-07,train,0
pay_00000000003486,setl_T1RNGA_0012,bnk_000000000012,849.99,card,17.00,3.06,0.00,2025-11-07,train,0
pay_00000000003616,setl_T1RNGA_0012,bnk_000000000012,103.58,upi,0.00,0.00,1.04,2025-11-07,train,0
pay_00000000003649,setl_T1RNGA_0012,bnk_000000000012,2961.99,upi,0.00,0.00,29.62,2025-11-07,train,0
pay_00000000003678,setl_T1RNGA_0012,bnk_000000000012,1077.99,card,21.56,3.88,10.78,2025-11-07,train,0
pay_00000000003802,setl_T1RNGA_0012,bnk_000000000012,1487.80,card,29.76,5.36,0.00,2025-11-07,train,0
pay_00000000003973,setl_T1RNGA_0012,bnk_000000000012,716.99,wallet,12.91,2.32,7.17,2025-11-07,train,0
pay_00000000003996,setl_T1RNGA_0012,bnk_000000000012,367.00,upi,0.00,0.00,3.67,2025-11-07,train,0
pay_00000000004032,setl_T1RNGA_0012,bnk_000000000012,540.00,upi,0.00,0.00,5.40,2025-11-07,train,0
pay_00000000004055,setl_T1RNGA_0012,bnk_000000000012,409.46,card,8.19,1.47,4.09,2025-11-07,train,0
pay_00000000004088,setl_T1RNGA_0012,bnk_000000000012,182.00,card,3.64,0.66,0.00,2025-11-07,train,0
pay_00000000004089,setl_T1RNGA_0012,bnk_000000000012,1841.43,card,36.83,6.63,0.00,2025-11-07,train,0
pay_00000000000102,setl_T1RNGA_0013,bnk_000000000013,484.00,card,9.68,1.74,4.84,2025-11-10,train,0
pay_00000000000237,setl_T1RNGA_0013,bnk_000000000013,703.77,upi,0.00,0.00,0.00,2025-11-10,train,0
pay_00000000001058,setl_T1RNGA_0013,bnk_000000000013,386.99,netbanking,15.00,2.70,0.00,2025-11-10,train,0
pay_00000000001179,setl_T1RNGA_0013,bnk_000000000013,1069.00,card,21.38,3.85,10.69,2025-11-10,train,0
pay_00000000001446,setl_T1RNGA_0013,bnk_000000000013,421.99,card,8.44,1.52,4.22,2025-11-10,train,0
pay_00000000002702,setl_T1RNGA_0013,bnk_000000000013,473.00,wallet,8.51,1.53,4.73,2025-11-10,train,0
pay_00000000003316,setl_T1RNGA_0013,bnk_000000000013,374.96,upi,0.00,0.00,0.00,2025-11-10,train,0
pay_00000000003344,setl_T1RNGA_0013,bnk_000000000013,761.37,netbanking,15.00,2.70,7.61,2025-11-10,train,0
pay_00000000003376,setl_T1RNGA_0013,bnk_000000000013,595.24,card,11.90,2.14,5.95,2025-11-10,train,0
pay_00000000003557,setl_T1RNGA_0013,bnk_000000000013,1051.88,netbanking,15.00,2.70,10.52,2025-11-10,train,0
pay_00000000003853,setl_T1RNGA_0013,bnk_000000000013,495.32,upi,0.00,0.00,0.00,2025-11-10,train,0
pay_00000000004065,setl_T1RNGA_0013,bnk_000000000013,274.66,upi,0.00,0.00,0.00,2025-11-10,train,0
pay_00000000004134,setl_T1RNGA_0013,bnk_000000000013,419.54,upi,0.00,0.00,4.20,2025-11-10,train,0
pay_00000000000019,setl_T1RNGA_0014,bnk_000000000014,3132.32,card,62.65,11.28,31.32,2025-11-10,train,0
pay_00000000000124,setl_T1RNGA_0014,bnk_000000000014,2111.55,wallet,38.01,6.84,21.12,2025-11-10,train,0
pay_00000000000457,setl_T1RNGA_0014,bnk_000000000014,527.99,card,10.56,1.90,0.00,2025-11-10,train,0
pay_00000000000719,setl_T1RNGA_0014,bnk_000000000014,605.00,upi,0.00,0.00,6.05,2025-11-10,train,0
pay_00000000000811,setl_T1RNGA_0014,bnk_000000000014,486.00,upi,0.00,0.00,0.00,2025-11-10,train,0
pay_00000000000929,setl_T1RNGA_0014,bnk_000000000014,677.99,upi,0.00,0.00,6.78,2025-11-10,train,0
pay_00000000001123,setl_T1RNGA_0014,bnk_000000000014,558.43,upi,0.00,0.00,0.00,2025-11-10,train,0
pay_00000000001184,setl_T1RNGA_0014,bnk_000000000014,852.85,upi,0.00,0.00,0.00,2025-11-10,train,0
pay_00000000001216,setl_T1RNGA_0014,bnk_000000000014,982.89,upi,0.00,0.00,9.83,2025-11-10,train,0
pay_00000000001413,setl_T1RNGA_0014,bnk_000000000014,2865.23,upi,0.00,0.00,28.65,2025-11-10,train,0
pay_00000000001477,setl_T1RNGA_0014,bnk_000000000014,930.95,netbanking,15.00,2.70,0.00,2025-11-10,train,0
pay_00000000001582,setl_T1RNGA_0014,bnk_000000000014,410.00,upi,0.00,0.00,0.00,2025-11-10,train,0
pay_00000000001587,setl_T1RNGA_0014,bnk_000000000014,245.00,upi,0.00,0.00,2.45,2025-11-10,train,0
pay_00000000001609,setl_T1RNGA_0014,bnk_000000000014,149.46,upi,0.00,0.00,0.00,2025-11-10,train,0
pay_00000000001719,setl_T1RNGA_0014,bnk_000000000014,719.78,upi,0.00,0.00,7.20,2025-11-10,train,0
pay_00000000001730,setl_T1RNGA_0014,bnk_000000000014,2298.99,card,45.98,8.28,22.99,2025-11-10,train,0
pay_00000000001784,setl_T1RNGA_0014,bnk_000000000014,402.55,card,8.05,1.45,0.00,2025-11-10,train,0
pay_00000000002131,setl_T1RNGA_0014,bnk_000000000014,825.00,wallet,14.85,2.67,0.00,2025-11-10,train,0
pay_00000000002170,setl_T1RNGA_0014,bnk_000000000014,12126.00,upi,0.00,0.00,0.00,2025-11-10,train,0
pay_00000000002191,setl_T1RNGA_0014,bnk_000000000014,367.99,wallet,6.62,1.19,0.00,2025-11-10,train,0
pay_00000000002588,setl_T1RNGA_0014,bnk_000000000014,965.36,upi,0.00,0.00,9.65,2025-11-10,train,0
pay_00000000002716,setl_T1RNGA_0014,bnk_000000000014,296.00,upi,0.00,0.00,0.00,2025-11-10,train,0
pay_00000000002725,setl_T1RNGA_0014,bnk_000000000014,1034.00,netbanking,15.00,2.70,0.00,2025-11-10,train,0
pay_00000000002869,setl_T1RNGA_0014,bnk_000000000014,895.73,card,17.91,3.22,0.00,2025-11-10,train,0
pay_00000000002918,setl_T1RNGA_0014,bnk_000000000014,9600.00,upi,0.00,0.00,96.00,2025-11-10,train,0
pay_00000000003056,setl_T1RNGA_0014,bnk_000000000014,1244.99,wallet,22.41,4.03,12.45,2025-11-10,train,0
pay_00000000003140,setl_T1RNGA_0014,bnk_000000000014,560.53,card,11.21,2.02,0.00,2025-11-10,train,0
pay_00000000003185,setl_T1RNGA_0014,bnk_000000000014,203.88,netbanking,15.00,2.70,0.00,2025-11-10,train,0
pay_00000000003284,setl_T1RNGA_0014,bnk_000000000014,881.00,upi,0.00,0.00,8.81,2025-11-10,train,0
pay_00000000003779,setl_T1RNGA_0014,bnk_000000000014,442.65,card,8.85,1.59,0.00,2025-11-10,train,0
pay_00000000000006,setl_T1RNGA_0015,bnk_000000000015,1011.99,upi,0.00,0.00,10.12,2025-11-10,train,0
pay_00000000000022,setl_T1RNGA_0015,bnk_000000000015,372.00,upi,0.00,0.00,3.72,2025-11-10,train,0
pay_00000000000061,setl_T1RNGA_0015,bnk_000000000015,958.74,wallet,17.26,3.11,9.59,2025-11-10,train,0
pay_00000000000120,setl_T1RNGA_0015,bnk_000000000015,4747.09,upi,0.00,0.00,0.00,2025-11-10,train,0
pay_00000000000122,setl_T1RNGA_0015,bnk_000000000015,269.22,wallet,4.85,0.87,0.00,2025-11-10,train,0
pay_00000000000133,setl_T1RNGA_0015,bnk_000000000015,2257.28,card,45.15,8.13,22.57,2025-11-10,train,0
pay_00000000000136,setl_T1RNGA_0015,bnk_000000000015,549.29,upi,0.00,0.00,5.49,2025-11-10,train,0
pay_00000000000156,setl_T1RNGA_0015,bnk_000000000015,3329.74,card,66.59,11.99,33.30,2025-11-10,train,0
pay_00000000000200,setl_T1RNGA_0015,bnk_000000000015,1060.53,upi,0.00,0.00,10.61,2025-11-10,train,0
pay_00000000000224,setl_T1RNGA_0015,bnk_000000000015,216.00,upi,0.00,0.00,0.00,2025-11-10,train,0
pay_00000000000245,setl_T1RNGA_0015,bnk_000000000015,227.31,upi,0.00,0.00,0.00,2025-11-10,train,0
pay_00000000000324,setl_T1RNGA_0015,bnk_000000000015,1019.00,upi,0.00,0.00,0.00,2025-11-10,train,0
pay_00000000000384,setl_T1RNGA_0015,bnk_000000000015,2923.10,upi,0.00,0.00,0.00,2025-11-10,train,0
pay_00000000000392,setl_T1RNGA_0015,bnk_000000000015,403.75,wallet,7.27,1.31,0.00,2025-11-10,train,0
pay_00000000000420,setl_T1RNGA_0015,bnk_000000000015,830.06,card,16.60,2.99,8.30,2025-11-10,train,0
pay_00000000000433,setl_T1RNGA_0015,bnk_000000000015,606.00,upi,0.00,0.00,0.00,2025-11-10,train,0
pay_00000000000526,setl_T1RNGA_0015,bnk_000000000015,767.99,upi,0.00,0.00,7.68,2025-11-10,train,0
pay_00000000000563,setl_T1RNGA_0015,bnk_000000000015,147.13,upi,0.00,0.00,0.00,2025-11-10,train,0
pay_00000000000646,setl_T1RNGA_0015,bnk_000000000015,664.00,upi,0.00,0.00,6.64,2025-11-10,train,0
pay_00000000000686,setl_T1RNGA_0015,bnk_000000000015,553.00,wallet,9.95,1.79,5.53,2025-11-10,train,0
pay_00000000000708,setl_T1RNGA_0015,bnk_000000000015,121.94,upi,0.00,0.00,0.00,2025-11-10,train,0
pay_00000000000728,setl_T1RNGA_0015,bnk_000000000015,1885.32,card,37.71,6.79,18.85,2025-11-10,train,0
pay_00000000000763,setl_T1RNGA_0015,bnk_000000000015,840.19,upi,0.00,0.00,8.40,2025-11-10,train,0
pay_00000000000855,setl_T1RNGA_0015,bnk_000000000015,4248.64,card,84.97,15.29,0.00,2025-11-10,train,0
pay_00000000000924,setl_T1RNGA_0015,bnk_000000000015,924.00,upi,0.00,0.00,9.24,2025-11-10,train,0
pay_00000000001018,setl_T1RNGA_0015,bnk_000000000015,478.28,card,9.57,1.72,4.78,2025-11-10,train,0
pay_00000000001075,setl_T1RNGA_0015,bnk_000000000015,423.64,upi,0.00,0.00,0.00,2025-11-10,train,0
pay_00000000001087,setl_T1RNGA_0015,bnk_000000000015,338.71,card,6.77,1.22,0.00,2025-11-10,train,0
pay_00000000001099,setl_T1RNGA_0015,bnk_000000000015,1023.95,upi,0.00,0.00,0.00,2025-11-10,train,0
pay_00000000001162,setl_T1RNGA_0015,bnk_000000000015,416.37,upi,0.00,0.00,0.00,2025-11-10,train,0
pay_00000000001242,setl_T1RNGA_0015,bnk_000000000015,102.47,upi,0.00,0.00,1.02,2025-11-10,train,0
pay_00000000001244,setl_T1RNGA_0015,bnk_000000000015,940.42,upi,0.00,0.00,9.40,2025-11-10,train,0
pay_00000000001283,setl_T1RNGA_0015,bnk_000000000015,2403.00,upi,0.00,0.00,0.00,2025-11-10,train,0
pay_00000000001382,setl_T1RNGA_0015,bnk_000000000015,800.00,card,16.00,2.88,0.00,2025-11-10,train,0
pay_00000000001420,setl_T1RNGA_0015,bnk_000000000015,2976.99,card,59.54,10.72,0.00,2025-11-10,train,0
pay_00000000001429,setl_T1RNGA_0015,bnk_000000000015,784.00,wallet,14.11,2.54,7.84,2025-11-10,train,0
pay_00000000001485,setl_T1RNGA_0015,bnk_000000000015,976.00,upi,0.00,0.00,9.76,2025-11-10,train,0
pay_00000000001498,setl_T1RNGA_0015,bnk_000000000015,914.22,card,18.28,3.29,0.00,2025-11-10,train,0
pay_00000000001511,setl_T1RNGA_0015,bnk_000000000015,540.89,upi,0.00,0.00,5.41,2025-11-10,train,0
pay_00000000001606,setl_T1RNGA_0015,bnk_000000000015,912.00,upi,0.00,0.00,0.00,2025-11-10,train,0
pay_00000000001657,setl_T1RNGA_0015,bnk_000000000015,553.55,upi,0.00,0.00,5.54,2025-11-10,train,0
pay_00000000001670,setl_T1RNGA_0015,bnk_000000000015,2060.00,upi,0.00,0.00,20.60,2025-11-10,train,0
pay_00000000001673,setl_T1RNGA_0015,bnk_000000000015,1024.30,upi,0.00,0.00,10.24,2025-11-10,train,0
pay_00000000001684,setl_T1RNGA_0015,bnk_000000000015,517.37,upi,0.00,0.00,0.00,2025-11-10,train,0
pay_00000000001712,setl_T1RNGA_0015,bnk_000000000015,440.00,card,8.80,1.58,4.40,2025-11-10,train,0
pay_00000000001737,setl_T1RNGA_0015,bnk_000000000015,1019.29,upi,0.00,0.00,10.19,2025-11-10,train,0
pay_00000000001745,setl_T1RNGA_0015,bnk_000000000015,1300.00,upi,0.00,0.00,0.00,2025-11-10,train,0
pay_00000000001791,setl_T1RNGA_0015,bnk_000000000015,2760.45,card,55.21,9.94,0.00,2025-11-10,train,0
pay_00000000001793,setl_T1RNGA_0015,bnk_000000000015,1001.99,card,20.04,3.61,0.00,2025-11-10,train,0
pay_00000000001799,setl_T1RNGA_0015,bnk_000000000015,166.00,upi,0.00,0.00,0.00,2025-11-10,train,0
pay_00000000001829,setl_T1RNGA_0015,bnk_000000000015,133.71,upi,0.00,0.00,0.00,2025-11-10,train,0
pay_00000000001851,setl_T1RNGA_0015,bnk_000000000015,633.99,upi,0.00,0.00,6.34,2025-11-10,train,0
pay_00000000001864,setl_T1RNGA_0015,bnk_000000000015,16108.00,card,322.16,57.99,0.00,2025-11-10,train,0
pay_00000000001932,setl_T1RNGA_0015,bnk_000000000015,259.25,upi,0.00,0.00,0.00,2025-11-10,train,0
pay_00000000001993,setl_T1RNGA_0015,bnk_000000000015,375.58,card,7.51,1.35,0.00,2025-11-10,train,0
pay_00000000002010,setl_T1RNGA_0015,bnk_000000000015,724.00,card,14.48,2.61,0.00,2025-11-10,train,0
pay_00000000002105,setl_T1RNGA_0015,bnk_000000000015,603.99,upi,0.00,0.00,0.00,2025-11-10,train,0
pay_00000000002225,setl_T1RNGA_0015,bnk_000000000015,2770.98,upi,0.00,0.00,27.71,2025-11-10,train,0
pay_00000000002250,setl_T1RNGA_0015,bnk_000000000015,784.30,upi,0.00,0.00,0.00,2025-11-10,train,0
pay_00000000002251,setl_T1RNGA_0015,bnk_000000000015,3358.00,upi,0.00,0.00,33.58,2025-11-10,train,0
pay_00000000002395,setl_T1RNGA_0015,bnk_000000000015,874.99,upi,0.00,0.00,8.75,2025-11-10,train,0
pay_00000000002402,setl_T1RNGA_0015,bnk_000000000015,3367.00,upi,0.00,0.00,33.67,2025-11-10,train,0
pay_00000000002426,setl_T1RNGA_0015,bnk_000000000015,3395.00,netbanking,15.00,2.70,0.00,2025-11-10,train,0
pay_00000000002441,setl_T1RNGA_0015,bnk_000000000015,496.60,upi,0.00,0.00,4.97,2025-11-10,train,0
pay_00000000002490,setl_T1RNGA_0015,bnk_000000000015,1425.63,upi,0.00,0.00,14.26,2025-11-10,train,0
pay_00000000002500,setl_T1RNGA_0015,bnk_000000000015,9157.00,card,183.14,32.97,0.00,2025-11-10,train,0
pay_00000000002507,setl_T1RNGA_0015,bnk_000000000015,953.44,upi,0.00,0.00,0.00,2025-11-10,train,0
pay_00000000002522,setl_T1RNGA_0015,bnk_000000000015,180.00,card,3.60,0.65,0.00,2025-11-10,train,0
pay_00000000002579,setl_T1RNGA_0015,bnk_000000000015,1078.97,card,21.58,3.88,10.79,2025-11-10,train,0
pay_00000000002664,setl_T1RNGA_0015,bnk_000000000015,446.05,upi,0.00,0.00,0.00,2025-11-10,train,0
pay_00000000002759,setl_T1RNGA_0015,bnk_000000000015,575.44,upi,0.00,0.00,0.00,2025-11-10,train,0
pay_00000000002820,setl_T1RNGA_0015,bnk_000000000015,10900.58,netbanking,15.00,2.70,0.00,2025-11-10,train,0
pay_00000000002827,setl_T1RNGA_0015,bnk_000000000015,2346.99,upi,0.00,0.00,0.00,2025-11-10,train,0
pay_00000000002852,setl_T1RNGA_0015,bnk_000000000015,1060.00,card,21.20,3.82,10.60,2025-11-10,train,0
pay_00000000002870,setl_T1RNGA_0015,bnk_000000000015,760.99,wallet,13.70,2.47,7.61,2025-11-10,train,0
pay_00000000002886,setl_T1RNGA_0015,bnk_000000000015,161.00,netbanking,15.00,2.70,0.00,2025-11-10,train,0
pay_00000000002953,setl_T1RNGA_0015,bnk_000000000015,1888.37,wallet,33.99,6.12,18.88,2025-11-10,train,0
pay_00000000002984,setl_T1RNGA_0015,bnk_000000000015,938.34,upi,0.00,0.00,0.00,2025-11-10,train,0
pay_00000000003070,setl_T1RNGA_0015,bnk_000000000015,418.00,card,8.36,1.50,0.00,2025-11-10,train,0
pay_00000000003124,setl_T1RNGA_0015,bnk_000000000015,370.00,upi,0.00,0.00,3.70,2025-11-10,train,0
pay_00000000003328,setl_T1RNGA_0015,bnk_000000000015,1071.57,upi,0.00,0.00,10.72,2025-11-10,train,0
pay_00000000003332,setl_T1RNGA_0015,bnk_000000000015,609.26,card,12.19,2.19,6.09,2025-11-10,train,0
pay_00000000003407,setl_T1RNGA_0015,bnk_000000000015,712.00,upi,0.00,0.00,0.00,2025-11-10,train,0
pay_00000000003427,setl_T1RNGA_0015,bnk_000000000015,650.39,card,13.01,2.34,0.00,2025-11-10,train,0
pay_00000000003519,setl_T1RNGA_0015,bnk_000000000015,584.18,upi,0.00,0.00,5.84,2025-11-10,train,0
pay_00000000003541,setl_T1RNGA_0015,bnk_000000000015,13655.00,upi,0.00,0.00,136.55,2025-11-10,train,0
pay_00000000003550,setl_T1RNGA_0015,bnk_000000000015,538.00,netbanking,15.00,2.70,0.00,2025-11-10,train,0
pay_00000000003553,setl_T1RNGA_0015,bnk_000000000015,943.30,upi,0.00,0.00,0.00,2025-11-10,train,0
pay_00000000003572,setl_T1RNGA_0015,bnk_000000000015,521.13,upi,0.00,0.00,5.21,2025-11-10,train,0
pay_00000000003576,setl_T1RNGA_0015,bnk_000000000015,2401.00,card,48.02,8.64,0.00,2025-11-10,train,0
pay_00000000003604,setl_T1RNGA_0015,bnk_000000000015,1015.00,upi,0.00,0.00,10.15,2025-11-10,train,0
pay_00000000003665,setl_T1RNGA_0015,bnk_000000000015,515.99,upi,0.00,0.00,5.16,2025-11-10,train,0
pay_00000000003699,setl_T1RNGA_0015,bnk_000000000015,228.73,upi,0.00,0.00,2.29,2025-11-10,train,0
pay_00000000003708,setl_T1RNGA_0015,bnk_000000000015,982.80,upi,0.00,0.00,9.83,2025-11-10,train,0
pay_00000000003778,setl_T1RNGA_0015,bnk_000000000015,577.77,card,11.56,2.08,5.78,2025-11-10,train,0
pay_00000000003781,setl_T1RNGA_0015,bnk_000000000015,1028.95,upi,0.00,0.00,10.29,2025-11-10,train,0
pay_00000000003830,setl_T1RNGA_0015,bnk_000000000015,962.97,card,19.26,3.47,9.63,2025-11-10,train,0
pay_00000000003845,setl_T1RNGA_0015,bnk_000000000015,711.99,upi,0.00,0.00,7.12,2025-11-10,train,0
pay_00000000003861,setl_T1RNGA_0015,bnk_000000000015,3217.99,wallet,57.92,10.43,0.00,2025-11-10,train,0
pay_00000000003964,setl_T1RNGA_0015,bnk_000000000015,481.00,upi,0.00,0.00,0.00,2025-11-10,train,0
pay_00000000004004,setl_T1RNGA_0015,bnk_000000000015,665.99,upi,0.00,0.00,6.66,2025-11-10,train,0
pay_00000000004013,setl_T1RNGA_0015,bnk_000000000015,239.66,netbanking,15.00,2.70,2.40,2025-11-10,train,0
pay_00000000004025,setl_T1RNGA_0015,bnk_000000000015,379.00,upi,0.00,0.00,0.00,2025-11-10,train,0
pay_00000000004071,setl_T1RNGA_0015,bnk_000000000015,708.82,card,14.18,2.55,0.00,2025-11-10,train,0
pay_00000000004090,setl_T1RNGA_0015,bnk_000000000015,14974.83,upi,0.00,0.00,149.75,2025-11-10,train,0
pay_00000000004130,setl_T1RNGA_0015,bnk_000000000015,459.70,wallet,8.27,1.49,0.00,2025-11-10,train,0
pay_00000000004148,setl_T1RNGA_0015,bnk_000000000015,125.37,upi,0.00,0.00,1.25,2025-11-10,train,0
pay_00000000004150,setl_T1RNGA_0015,bnk_000000000015,870.10,wallet,15.66,2.82,8.70,2025-11-10,train,0
pay_00000000004160,setl_T1RNGA_0015,bnk_000000000015,1064.26,wallet,19.16,3.45,0.00,2025-11-10,train,0
pay_00000000000029,setl_T1RNGA_0016,bnk_000000000016,216.00,upi,0.00,0.00,2.16,2025-11-10,train,0
pay_00000000000054,setl_T1RNGA_0016,bnk_000000000016,904.89,netbanking,15.00,2.70,0.00,2025-11-10,train,0
pay_00000000000060,setl_T1RNGA_0016,bnk_000000000016,1115.00,netbanking,15.00,2.70,11.15,2025-11-10,train,0
pay_00000000000104,setl_T1RNGA_0016,bnk_000000000016,1004.12,upi,0.00,0.00,0.00,2025-11-10,train,0
pay_00000000000107,setl_T1RNGA_0016,bnk_000000000016,443.29,card,8.87,1.60,4.43,2025-11-10,train,0
pay_00000000000146,setl_T1RNGA_0016,bnk_000000000016,118.59,card,2.37,0.43,1.19,2025-11-10,train,0
pay_00000000000170,setl_T1RNGA_0016,bnk_000000000016,1041.10,card,20.82,3.75,0.00,2025-11-10,train,0
pay_00000000000173,setl_T1RNGA_0016,bnk_000000000016,576.00,wallet,10.37,1.87,5.76,2025-11-10,train,0
pay_00000000000280,setl_T1RNGA_0016,bnk_000000000016,2227.99,card,44.56,8.02,22.28,2025-11-10,train,0
pay_00000000000321,setl_T1RNGA_0016,bnk_000000000016,1017.33,upi,0.00,0.00,10.17,2025-11-10,train,0
pay_00000000000374,setl_T1RNGA_0016,bnk_000000000016,517.14,card,10.34,1.86,0.00,2025-11-10,train,0
pay_00000000000381,setl_T1RNGA_0016,bnk_000000000016,671.57,card,13.43,2.42,0.00,2025-11-10,train,0
pay_00000000000421,setl_T1RNGA_0016,bnk_000000000016,129.18,upi,0.00,0.00,1.29,2025-11-10,train,0
pay_00000000000430,setl_T1RNGA_0016,bnk_000000000016,3265.57,wallet,58.78,10.58,32.66,2025-11-10,train,0
pay_00000000000472,setl_T1RNGA_0016,bnk_000000000016,351.99,upi,0.00,0.00,0.00,2025-11-10,train,0
pay_00000000000478,setl_T1RNGA_0016,bnk_000000000016,418.99,upi,0.00,0.00,0.00,2025-11-10,train,0
pay_00000000000538,setl_T1RNGA_0016,bnk_000000000016,643.00,card,12.86,2.31,6.43,2025-11-10,train,0
pay_00000000000571,setl_T1RNGA_0016,bnk_000000000016,860.00,upi,0.00,0.00,8.60,2025-11-10,train,0
pay_00000000000598,setl_T1RNGA_0016,bnk_000000000016,843.45,card,16.87,3.04,8.43,2025-11-10,train,0
pay_00000000000626,setl_T1RNGA_0016,bnk_000000000016,3444.99,upi,0.00,0.00,0.00,2025-11-10,train,0
pay_00000000000639,setl_T1RNGA_0016,bnk_000000000016,178.00,upi,0.00,0.00,0.00,2025-11-10,train,0
pay_00000000000644,setl_T1RNGA_0016,bnk_000000000016,376.00,upi,0.00,0.00,0.00,2025-11-10,train,0
pay_00000000000652,setl_T1RNGA_0016,bnk_000000000016,349.00,upi,0.00,0.00,0.00,2025-11-10,train,0
pay_00000000000733,setl_T1RNGA_0016,bnk_000000000016,268.57,upi,0.00,0.00,2.69,2025-11-10,train,0
pay_00000000000747,setl_T1RNGA_0016,bnk_000000000016,924.63,card,18.49,3.33,0.00,2025-11-10,train,0
pay_00000000000764,setl_T1RNGA_0016,bnk_000000000016,677.94,card,13.56,2.44,6.78,2025-11-10,train,0
pay_00000000000808,setl_T1RNGA_0016,bnk_000000000016,669.30,wallet,12.05,2.17,0.00,2025-11-10,train,0
pay_00000000000836,setl_T1RNGA_0016,bnk_000000000016,934.05,card,18.68,3.36,0.00,2025-11-10,train,0
pay_00000000000842,setl_T1RNGA_0016,bnk_000000000016,461.99,upi,0.00,0.00,4.62,2025-11-10,train,0
pay_00000000000865,setl_T1RNGA_0016,bnk_000000000016,968.99,upi,0.00,0.00,0.00,2025-11-10,train,0
pay_00000000000916,setl_T1RNGA_0016,bnk_000000000016,178.00,netbanking,15.00,2.70,0.00,2025-11-10,train,0
pay_00000000001131,setl_T1RNGA_0016,bnk_000000000016,877.09,upi,0.00,0.00,0.00,2025-11-10,train,0
pay_00000000001209,setl_T1RNGA_0016,bnk_000000000016,1408.00,wallet,25.34,4.56,0.00,2025-11-10,train,0
pay_00000000001228,setl_T1RNGA_0016,bnk_000000000016,245.90,upi,0.00,0.00,2.46,2025-11-10,train,0
pay_00000000001403,setl_T1RNGA_0016,bnk_000000000016,901.21,upi,0.00,0.00,0.00,2025-11-10,train,0
pay_00000000001411,setl_T1RNGA_0016,bnk_000000000016,2559.30,upi,0.00,0.00,0.00,2025-11-10,train,0
pay_00000000001497,setl_T1RNGA_0016,bnk_000000000016,2754.04,wallet,49.57,8.92,27.54,2025-11-10,train,0
pay_00000000001518,setl_T1RNGA_0016,bnk_000000000016,402.99,card,8.06,1.45,0.00,2025-11-10,train,0
pay_00000000001543,setl_T1RNGA_0016,bnk_000000000016,591.36,card,11.83,2.13,5.91,2025-11-10,train,0
pay_00000000001689,setl_T1RNGA_0016,bnk_000000000016,1624.00,wallet,29.23,5.26,16.24,2025-11-10,train,0
pay_00000000001711,setl_T1RNGA_0016,bnk_000000000016,3591.00,netbanking,15.00,2.70,0.00,2025-11-10,train,0
pay_00000000001747,setl_T1RNGA_0016,bnk_000000000016,766.00,upi,0.00,0.00,7.66,2025-11-10,train,0
pay_00000000001789,setl_T1RNGA_0016,bnk_000000000016,919.97,upi,0.00,0.00,0.00,2025-11-10,train,0
pay_00000000001806,setl_T1RNGA_0016,bnk_000000000016,958.03,netbanking,15.00,2.70,9.58,2025-11-10,train,0
pay_00000000001839,setl_T1RNGA_0016,bnk_000000000016,695.65,upi,0.00,0.00,6.96,2025-11-10,train,0
pay_00000000001922,setl_T1RNGA_0016,bnk_000000000016,7964.00,upi,0.00,0.00,79.64,2025-11-10,train,0
pay_00000000001923,setl_T1RNGA_0016,bnk_000000000016,981.00,wallet,17.66,3.18,0.00,2025-11-10,train,0
pay_00000000002073,setl_T1RNGA_0016,bnk_000000000016,1532.99,card,30.66,5.52,15.33,2025-11-10,train,0
pay_00000000002193,setl_T1RNGA_0016,bnk_000000000016,931.00,card,18.62,3.35,9.31,2025-11-10,train,0
pay_00000000002207,setl_T1RNGA_0016,bnk_000000000016,520.16,card,10.40,1.87,5.20,2025-11-10,train,0
pay_00000000002234,setl_T1RNGA_0016,bnk_000000000016,158.99,upi,0.00,0.00,0.00,2025-11-10,train,0
pay_00000000002246,setl_T1RNGA_0016,bnk_000000000016,863.99,upi,0.00,0.00,0.00,2025-11-10,train,0
pay_00000000002323,setl_T1RNGA_0016,bnk_000000000016,2165.00,netbanking,15.00,2.70,0.00,2025-11-10,train,0
pay_00000000002408,setl_T1RNGA_0016,bnk_000000000016,750.59,upi,0.00,0.00,7.51,2025-11-10,train,0
pay_00000000002423,setl_T1RNGA_0016,bnk_000000000016,708.12,upi,0.00,0.00,7.08,2025-11-10,train,0
pay_00000000002512,setl_T1RNGA_0016,bnk_000000000016,957.99,card,19.16,3.45,0.00,2025-11-10,train,0
pay_00000000002570,setl_T1RNGA_0016,bnk_000000000016,362.45,wallet,6.52,1.17,0.00,2025-11-10,train,0
pay_00000000002602,setl_T1RNGA_0016,bnk_000000000016,451.40,card,9.03,1.63,4.51,2025-11-10,train,0
pay_00000000002639,setl_T1RNGA_0016,bnk_000000000016,2521.00,card,50.42,9.08,0.00,2025-11-10,train,0
pay_00000000002712,setl_T1RNGA_0016,bnk_000000000016,988.26,upi,0.00,0.00,9.88,2025-11-10,train,0
pay_00000000002772,setl_T1RNGA_0016,bnk_000000000016,535.97,wallet,9.65,1.74,5.36,2025-11-10,train,0
pay_00000000002797,setl_T1RNGA_0016,bnk_000000000016,679.49,upi,0.00,0.00,0.00,2025-11-10,train,0
pay_00000000002848,setl_T1RNGA_0016,bnk_000000000016,1459.00,wallet,26.26,4.73,0.00,2025-11-10,train,0
pay_00000000002854,setl_T1RNGA_0016,bnk_000000000016,976.67,upi,0.00,0.00,0.00,2025-11-10,train,0
pay_00000000002880,setl_T1RNGA_0016,bnk_000000000016,104.00,upi,0.00,0.00,1.04,2025-11-10,train,0
pay_00000000002964,setl_T1RNGA_0016,bnk_000000000016,937.44,card,18.75,3.38,9.37,2025-11-10,train,0
pay_00000000002976,setl_T1RNGA_0016,bnk_000000000016,532.96,upi,0.00,0.00,5.33,2025-11-10,train,0
pay_00000000003067,setl_T1RNGA_0016,bnk_000000000016,695.10,netbanking,15.00,2.70,6.95,2025-11-10,train,0
pay_00000000003090,setl_T1RNGA_0016,bnk_000000000016,294.85,card,5.90,1.06,0.00,2025-11-10,train,0
pay_00000000003109,setl_T1RNGA_0016,bnk_000000000016,660.00,netbanking,15.00,2.70,6.60,2025-11-10,train,0
pay_00000000003166,setl_T1RNGA_0016,bnk_000000000016,423.00,upi,0.00,0.00,4.23,2025-11-10,train,0
pay_00000000003171,setl_T1RNGA_0016,bnk_000000000016,3145.00,card,62.90,11.32,31.45,2025-11-10,train,0
pay_00000000003218,setl_T1RNGA_0016,bnk_000000000016,183.99,card,3.68,0.66,1.84,2025-11-10,train,0
pay_00000000003298,setl_T1RNGA_0016,bnk_000000000016,249.00,card,4.98,0.90,0.00,2025-11-10,train,0
pay_00000000003333,setl_T1RNGA_0016,bnk_000000000016,446.18,netbanking,15.00,2.70,4.46,2025-11-10,train,0
pay_00000000003366,setl_T1RNGA_0016,bnk_000000000016,985.99,netbanking,15.00,2.70,9.86,2025-11-10,train,0
pay_00000000003368,setl_T1RNGA_0016,bnk_000000000016,1258.00,upi,0.00,0.00,0.00,2025-11-10,train,0
pay_00000000003542,setl_T1RNGA_0016,bnk_000000000016,815.99,card,16.32,2.94,0.00,2025-11-10,train,0
pay_00000000003589,setl_T1RNGA_0016,bnk_000000000016,730.65,card,14.61,2.63,0.00,2025-11-10,train,0
pay_00000000003605,setl_T1RNGA_0016,bnk_000000000016,2719.99,upi,0.00,0.00,27.20,2025-11-10,train,0
pay_00000000003614,setl_T1RNGA_0016,bnk_000000000016,1587.20,upi,0.00,0.00,15.87,2025-11-10,train,0
pay_00000000003634,setl_T1RNGA_0016,bnk_000000000016,318.00,card,6.36,1.14,0.00,2025-11-10,train,0
pay_00000000003723,setl_T1RNGA_0016,bnk_000000000016,2113.35,upi,0.00,0.00,21.13,2025-11-10,train,0
pay_00000000003805,setl_T1RNGA_0016,bnk_000000000016,6270.81,upi,0.00,0.00,0.00,2025-11-10,train,0
pay_00000000003831,setl_T1RNGA_0016,bnk_000000000016,187.99,upi,0.00,0.00,1.88,2025-11-10,train,0
pay_00000000003878,setl_T1RNGA_0016,bnk_000000000016,2482.00,upi,0.00,0.00,24.82,2025-11-10,train,0
pay_00000000003891,setl_T1RNGA_0016,bnk_000000000016,361.00,upi,0.00,0.00,3.61,2025-11-10,train,0
pay_00000000003922,setl_T1RNGA_0016,bnk_000000000016,161.45,upi,0.00,0.00,0.00,2025-11-10,train,0
pay_00000000003963,setl_T1RNGA_0016,bnk_000000000016,194.00,card,3.88,0.70,1.94,2025-11-10,train,0
pay_00000000003966,setl_T1RNGA_0016,bnk_000000000016,294.24,card,5.88,1.06,0.00,2025-11-10,train,0
pay_00000000003980,setl_T1RNGA_0016,bnk_000000000016,419.45,upi,0.00,0.00,4.19,2025-11-10,train,0
pay_00000000004044,setl_T1RNGA_0016,bnk_000000000016,406.00,netbanking,15.00,2.70,0.00,2025-11-10,train,0
pay_00000000004047,setl_T1RNGA_0016,bnk_000000000016,2005.63,netbanking,15.00,2.70,20.06,2025-11-10,train,0
pay_00000000004064,setl_T1RNGA_0016,bnk_000000000016,2526.10,upi,0.00,0.00,0.00,2025-11-10,train,0
pay_00000000004175,setl_T1RNGA_0016,bnk_000000000016,1027.33,wallet,18.49,3.33,0.00,2025-11-10,train,0
pay_00000000004191,setl_T1RNGA_0016,bnk_000000000016,1008.00,netbanking,15.00,2.70,0.00,2025-11-10,train,0
pay_00000000000131,setl_T1RNGA_0017,bnk_000000000017,514.69,upi,0.00,0.00,0.00,2025-11-11,train,0
pay_00000000000537,setl_T1RNGA_0017,bnk_000000000017,346.00,wallet,6.23,1.12,3.46,2025-11-11,train,0
pay_00000000000609,setl_T1RNGA_0017,bnk_000000000017,649.36,netbanking,15.00,2.70,0.00,2025-11-11,train,0
pay_00000000000986,setl_T1RNGA_0017,bnk_000000000017,738.00,upi,0.00,0.00,7.38,2025-11-11,train,0
pay_00000000001467,setl_T1RNGA_0017,bnk_000000000017,717.27,upi,0.00,0.00,7.17,2025-11-11,train,0
pay_00000000001884,setl_T1RNGA_0017,bnk_000000000017,107.00,upi,0.00,0.00,1.07,2025-11-11,train,0
pay_00000000001910,setl_T1RNGA_0017,bnk_000000000017,849.00,card,16.98,3.06,0.00,2025-11-11,train,0
pay_00000000002167,setl_T1RNGA_0017,bnk_000000000017,811.99,upi,0.00,0.00,0.00,2025-11-11,train,0
pay_00000000002525,setl_T1RNGA_0017,bnk_000000000017,332.00,upi,0.00,0.00,3.32,2025-11-11,train,0
pay_00000000002620,setl_T1RNGA_0017,bnk_000000000017,686.00,upi,0.00,0.00,0.00,2025-11-11,train,0
pay_00000000002752,setl_T1RNGA_0017,bnk_000000000017,783.08,card,15.66,2.82,7.83,2025-11-11,train,0
pay_00000000003514,setl_T1RNGA_0017,bnk_000000000017,748.09,upi,0.00,0.00,7.48,2025-11-11,train,0
pay_00000000003850,setl_T1RNGA_0017,bnk_000000000017,115.94,card,2.32,0.42,1.16,2025-11-11,train,0
pay_00000000003890,setl_T1RNGA_0017,bnk_000000000017,103.93,wallet,1.87,0.34,0.00,2025-11-11,train,0
pay_00000000004057,setl_T1RNGA_0017,bnk_000000000017,996.00,upi,0.00,0.00,0.00,2025-11-11,train,0
pay_00000000004126,setl_T1RNGA_0017,bnk_000000000017,881.35,upi,0.00,0.00,0.00,2025-11-11,train,0
pay_00000000000091,setl_T1RNGA_0018,bnk_000000000018,1612.10,card,32.24,5.80,16.12,2025-11-11,train,0
pay_00000000000121,setl_T1RNGA_0018,bnk_000000000018,1060.78,upi,0.00,0.00,0.00,2025-11-11,train,0
pay_00000000000199,setl_T1RNGA_0018,bnk_000000000018,647.00,card,12.94,2.33,6.47,2025-11-11,train,0
pay_00000000000451,setl_T1RNGA_0018,bnk_000000000018,883.12,card,17.66,3.18,0.00,2025-11-11,train,0
pay_00000000000602,setl_T1RNGA_0018,bnk_000000000018,8652.99,card,173.06,31.15,0.00,2025-11-11,train,0
pay_00000000000632,setl_T1RNGA_0018,bnk_000000000018,714.99,upi,0.00,0.00,7.15,2025-11-11,train,0
pay_00000000000682,setl_T1RNGA_0018,bnk_000000000018,1706.10,upi,0.00,0.00,0.00,2025-11-11,train,0
pay_00000000000970,setl_T1RNGA_0018,bnk_000000000018,3190.11,upi,0.00,0.00,0.00,2025-11-11,train,0
pay_00000000001028,setl_T1RNGA_0018,bnk_000000000018,575.28,netbanking,15.00,2.70,0.00,2025-11-11,train,0
pay_00000000001223,setl_T1RNGA_0018,bnk_000000000018,1065.76,card,21.32,3.84,0.00,2025-11-11,train,0
pay_00000000001688,setl_T1RNGA_0018,bnk_000000000018,650.42,upi,0.00,0.00,0.00,2025-11-11,train,0
pay_00000000001729,setl_T1RNGA_0018,bnk_000000000018,757.00,wallet,13.63,2.45,0.00,2025-11-11,train,0
pay_00000000001758,setl_T1RNGA_0018,bnk_000000000018,996.99,wallet,17.95,3.23,9.97,2025-11-11,train,0
pay_00000000001852,setl_T1RNGA_0018,bnk_000000000018,5266.50,upi,0.00,0.00,52.67,2025-11-11,train,0
pay_00000000002049,setl_T1RNGA_0018,bnk_000000000018,424.84,wallet,7.65,1.38,4.25,2025-11-11,train,0
pay_00000000002122,setl_T1RNGA_0018,bnk_000000000018,1871.00,upi,0.00,0.00,0.00,2025-11-11,train,0
pay_00000000002144,setl_T1RNGA_0018,bnk_000000000018,1471.00,upi,0.00,0.00,14.71,2025-11-11,train,0
pay_00000000002489,setl_T1RNGA_0018,bnk_000000000018,217.81,card,4.36,0.78,0.00,2025-11-11,train,0
pay_00000000002696,setl_T1RNGA_0018,bnk_000000000018,861.25,upi,0.00,0.00,0.00,2025-11-11,train,0
pay_00000000002747,setl_T1RNGA_0018,bnk_000000000018,347.99,wallet,6.26,1.13,3.48,2025-11-11,train,0
pay_00000000002858,setl_T1RNGA_0018,bnk_000000000018,1029.83,upi,0.00,0.00,0.00,2025-11-11,train,0
pay_00000000002970,setl_T1RNGA_0018,bnk_000000000018,1938.00,netbanking,15.00,2.70,19.38,2025-11-11,train,0
pay_00000000003279,setl_T1RNGA_0018,bnk_000000000018,544.99,upi,0.00,0.00,0.00,2025-11-11,train,0
pay_00000000003363,setl_T1RNGA_0018,bnk_000000000018,1586.90,upi,0.00,0.00,0.00,2025-11-11,train,0
pay_00000000003613,setl_T1RNGA_0018,bnk_000000000018,113.66,upi,0.00,0.00,0.00,2025-11-11,train,0
pay_00000000003655,setl_T1RNGA_0018,bnk_000000000018,1753.62,wallet,31.57,5.68,0.00,2025-11-11,train,0
pay_00000000003844,setl_T1RNGA_0018,bnk_000000000018,365.00,netbanking,15.00,2.70,0.00,2025-11-11,train,0
pay_00000000004038,setl_T1RNGA_0018,bnk_000000000018,2963.12,upi,0.00,0.00,29.63,2025-11-11,train,0
pay_00000000004069,setl_T1RNGA_0018,bnk_000000000018,3197.00,card,63.94,11.51,31.97,2025-11-11,train,0
pay_00000000000004,setl_T1RNGA_0019,bnk_000000000019,868.57,wallet,15.63,2.81,0.00,2025-11-11,train,0
pay_00000000000117,setl_T1RNGA_0019,bnk_000000000019,627.72,card,12.55,2.26,6.28,2025-11-11,train,0
pay_00000000000357,setl_T1RNGA_0019,bnk_000000000019,958.00,netbanking,15.00,2.70,9.58,2025-11-11,train,0
pay_00000000000429,setl_T1RNGA_0019,bnk_000000000019,533.17,upi,0.00,0.00,0.00,2025-11-11,train,0
pay_00000000000471,setl_T1RNGA_0019,bnk_000000000019,768.28,upi,0.00,0.00,0.00,2025-11-11,train,0
pay_00000000000475,setl_T1RNGA_0019,bnk_000000000019,729.00,upi,0.00,0.00,0.00,2025-11-11,train,0
pay_00000000000483,setl_T1RNGA_0019,bnk_000000000019,819.97,upi,0.00,0.00,8.20,2025-11-11,train,0
pay_00000000000807,setl_T1RNGA_0019,bnk_000000000019,160.17,card,3.20,0.58,0.00,2025-11-11,train,0
pay_00000000000987,setl_T1RNGA_0019,bnk_000000000019,298.15,upi,0.00,0.00,2.98,2025-11-11,train,0
pay_00000000001103,setl_T1RNGA_0019,bnk_000000000019,198.90,wallet,3.58,0.64,1.99,2025-11-11,train,0
pay_00000000001173,setl_T1RNGA_0019,bnk_000000000019,994.76,upi,0.00,0.00,9.95,2025-11-11,train,0
pay_00000000001375,setl_T1RNGA_0019,bnk_000000000019,954.82,card,19.10,3.44,9.55,2025-11-11,train,0
pay_00000000001400,setl_T1RNGA_0019,bnk_000000000019,1017.23,upi,0.00,0.00,0.00,2025-11-11,train,0
pay_00000000001423,setl_T1RNGA_0019,bnk_000000000019,2687.00,upi,0.00,0.00,0.00,2025-11-11,train,0
pay_00000000001469,setl_T1RNGA_0019,bnk_000000000019,705.00,wallet,12.69,2.28,0.00,2025-11-11,train,0
pay_00000000001608,setl_T1RNGA_0019,bnk_000000000019,431.99,card,8.64,1.56,4.32,2025-11-11,train,0
pay_00000000001681,setl_T1RNGA_0019,bnk_000000000019,13932.00,upi,0.00,0.00,139.32,2025-11-11,train,0
pay_00000000001786,setl_T1RNGA_0019,bnk_000000000019,1004.84,card,20.10,3.62,10.05,2025-11-11,train,0
pay_00000000001962,setl_T1RNGA_0019,bnk_000000000019,410.61,wallet,7.39,1.33,4.11,2025-11-11,train,0
pay_00000000002074,setl_T1RNGA_0019,bnk_000000000019,1025.12,netbanking,15.00,2.70,10.25,2025-11-11,train,0
pay_00000000002229,setl_T1RNGA_0019,bnk_000000000019,2635.57,card,52.71,9.49,0.00,2025-11-11,train,0
pay_00000000002275,setl_T1RNGA_0019,bnk_000000000019,148.00,upi,0.00,0.00,1.48,2025-11-11,train,0
pay_00000000002593,setl_T1RNGA_0019,bnk_000000000019,607.37,upi,0.00,0.00,0.00,2025-11-11,train,0
pay_00000000002720,setl_T1RNGA_0019,bnk_000000000019,405.10,wallet,7.29,1.31,4.05,2025-11-11,train,0
pay_00000000002853,setl_T1RNGA_0019,bnk_000000000019,561.00,card,11.22,2.02,5.61,2025-11-11,train,0
pay_00000000002859,setl_T1RNGA_0019,bnk_000000000019,246.00,wallet,4.43,0.80,2.46,2025-11-11,train,0
pay_00000000002916,setl_T1RNGA_0019,bnk_000000000019,252.00,card,5.04,0.91,0.00,2025-11-11,train,0
pay_00000000003022,setl_T1RNGA_0019,bnk_000000000019,656.99,upi,0.00,0.00,6.57,2025-11-11,train,0
pay_00000000003072,setl_T1RNGA_0019,bnk_000000000019,780.99,upi,0.00,0.00,0.00,2025-11-11,train,0
pay_00000000003133,setl_T1RNGA_0019,bnk_000000000019,15373.99,upi,0.00,0.00,153.74,2025-11-11,train,0
pay_00000000003227,setl_T1RNGA_0019,bnk_000000000019,868.00,card,17.36,3.12,8.68,2025-11-11,train,0
pay_00000000003242,setl_T1RNGA_0019,bnk_000000000019,925.00,card,18.50,3.33,9.25,2025-11-11,train,0
pay_00000000003299,setl_T1RNGA_0019,bnk_000000000019,101.00,upi,0.00,0.00,1.01,2025-11-11,train,0
pay_00000000003423,setl_T1RNGA_0019,bnk_000000000019,397.42,upi,0.00,0.00,0.00,2025-11-11,train,0
pay_00000000003510,setl_T1RNGA_0019,bnk_000000000019,173.99,upi,0.00,0.00,1.74,2025-11-11,train,0
pay_00000000003662,setl_T1RNGA_0019,bnk_000000000019,1743.01,upi,0.00,0.00,17.43,2025-11-11,train,0
pay_00000000003843,setl_T1RNGA_0019,bnk_000000000019,188.99,upi,0.00,0.00,1.89,2025-11-11,train,0
pay_00000000003942,setl_T1RNGA_0019,bnk_000000000019,355.00,upi,0.00,0.00,0.00,2025-11-11,train,0
pay_00000000003967,setl_T1RNGA_0019,bnk_000000000019,472.27,card,9.45,1.70,4.72,2025-11-11,train,0
pay_00000000004102,setl_T1RNGA_0019,bnk_000000000019,822.98,netbanking,15.00,2.70,8.23,2025-11-11,train,0
pay_00000000004161,setl_T1RNGA_0019,bnk_000000000019,12311.99,wallet,221.62,39.89,123.12,2025-11-11,train,0
pay_00000000004162,setl_T1RNGA_0019,bnk_000000000019,410.01,upi,0.00,0.00,0.00,2025-11-11,train,0
pay_00000000004173,setl_T1RNGA_0019,bnk_000000000019,1421.47,card,28.43,5.12,14.21,2025-11-11,train,0
pay_00000000000002,setl_T1RNGA_0020,bnk_000000000020,813.00,card,16.26,2.93,8.13,2025-11-11,train,0
pay_00000000000032,setl_T1RNGA_0020,bnk_000000000020,3367.43,card,67.35,12.12,0.00,2025-11-11,train,0
pay_00000000000074,setl_T1RNGA_0020,bnk_000000000020,3339.96,netbanking,15.00,2.70,0.00,2025-11-11,train,0
pay_00000000000243,setl_T1RNGA_0020,bnk_000000000020,161.07,card,3.22,0.58,1.61,2025-11-11,train,0
pay_00000000000480,setl_T1RNGA_0020,bnk_000000000020,357.23,netbanking,15.00,2.70,3.57,2025-11-11,train,0
pay_00000000000490,setl_T1RNGA_0020,bnk_000000000020,261.74,upi,0.00,0.00,0.00,2025-11-11,train,0
pay_00000000000608,setl_T1RNGA_0020,bnk_000000000020,1045.00,card,20.90,3.76,0.00,2025-11-11,train,0
pay_00000000000648,setl_T1RNGA_0020,bnk_000000000020,1978.00,card,39.56,7.12,19.78,2025-11-11,train,0
pay_00000000000656,setl_T1RNGA_0020,bnk_000000000020,3503.95,wallet,63.07,11.35,35.04,2025-11-11,train,0
pay_00000000000671,setl_T1RNGA_0020,bnk_000000000020,520.99,upi,0.00,0.00,0.00,2025-11-11,train,0
pay_00000000000683,setl_T1RNGA_0020,bnk_000000000020,2135.39,card,42.71,7.69,0.00,2025-11-11,train,0
pay_00000000000742,setl_T1RNGA_0020,bnk_000000000020,486.01,upi,0.00,0.00,0.00,2025-11-11,train,0
pay_00000000000818,setl_T1RNGA_0020,bnk_000000000020,387.22,upi,0.00,0.00,0.00,2025-11-11,train,0
pay_00000000000974,setl_T1RNGA_0020,bnk_000000000020,243.35,card,4.87,0.88,0.00,2025-11-11,train,0
pay_00000000000988,setl_T1RNGA_0020,bnk_000000000020,743.00,card,14.86,2.67,7.43,2025-11-11,train,0
pay_00000000001041,setl_T1RNGA_0020,bnk_000000000020,2224.00,upi,0.00,0.00,0.00,2025-11-11,train,0
pay_00000000001081,setl_T1RNGA_0020,bnk_000000000020,631.00,upi,0.00,0.00,6.31,2025-11-11,train,0
pay_00000000001115,setl_T1RNGA_0020,bnk_000000000020,1005.00,card,20.10,3.62,0.00,2025-11-11,train,0
pay_00000000001125,setl_T1RNGA_0020,bnk_000000000020,718.26,card,14.37,2.59,7.18,2025-11-11,train,0
pay_00000000001210,setl_T1RNGA_0020,bnk_000000000020,1759.99,upi,0.00,0.00,17.60,2025-11-11,train,0
pay_00000000001229,setl_T1RNGA_0020,bnk_000000000020,12147.60,upi,0.00,0.00,121.48,2025-11-11,train,0
pay_00000000001280,setl_T1RNGA_0020,bnk_000000000020,1750.00,upi,0.00,0.00,17.50,2025-11-11,train,0
pay_00000000001357,setl_T1RNGA_0020,bnk_000000000020,634.00,card,12.68,2.28,0.00,2025-11-11,train,0
pay_00000000001412,setl_T1RNGA_0020,bnk_000000000020,332.00,wallet,5.98,1.08,3.32,2025-11-11,train,0
pay_00000000001490,setl_T1RNGA_0020,bnk_000000000020,169.70,card,3.39,0.61,0.00,2025-11-11,train,0
pay_00000000001504,setl_T1RNGA_0020,bnk_000000000020,566.01,upi,0.00,0.00,0.00,2025-11-11,train,0
pay_00000000001674,setl_T1RNGA_0020,bnk_000000000020,1054.99,netbanking,15.00,2.70,0.00,2025-11-11,train,0
pay_00000000001700,setl_T1RNGA_0020,bnk_000000000020,2673.99,card,53.48,9.63,0.00,2025-11-11,train,0
pay_00000000001708,setl_T1RNGA_0020,bnk_000000000020,463.77,upi,0.00,0.00,4.64,2025-11-11,train,0
pay_00000000001714,setl_T1RNGA_0020,bnk_000000000020,561.99,upi,0.00,0.00,5.62,2025-11-11,train,0
pay_00000000001833,setl_T1RNGA_0020,bnk_000000000020,321.99,upi,0.00,0.00,0.00,2025-11-11,train,0
pay_00000000001876,setl_T1RNGA_0020,bnk_000000000020,587.01,card,11.74,2.11,0.00,2025-11-11,train,0
pay_00000000001950,setl_T1RNGA_0020,bnk_000000000020,1545.00,upi,0.00,0.00,15.45,2025-11-11,train,0
pay_00000000002100,setl_T1RNGA_0020,bnk_000000000020,538.00,card,10.76,1.94,5.38,2025-11-11,train,0
pay_00000000002236,setl_T1RNGA_0020,bnk_000000000020,528.99,upi,0.00,0.00,0.00,2025-11-11,train,0
pay_00000000002321,setl_T1RNGA_0020,bnk_000000000020,659.78,card,13.20,2.38,6.60,2025-11-11,train,0
pay_00000000002369,setl_T1RNGA_0020,bnk_000000000020,2501.99,wallet,45.04,8.11,0.00,2025-11-11,train,0
pay_00000000002397,setl_T1RNGA_0020,bnk_000000000020,862.99,upi,0.00,0.00,0.00,2025-11-11,train,0
pay_00000000002798,setl_T1RNGA_0020,bnk_000000000020,608.99,card,12.18,2.19,0.00,2025-11-11,train,0
pay_00000000002822,setl_T1RNGA_0020,bnk_000000000020,309.37,upi,0.00,0.00,0.00,2025-11-11,train,0
pay_00000000002840,setl_T1RNGA_0020,bnk_000000000020,3021.65,card,60.43,10.88,30.22,2025-11-11,train,0
pay_00000000002950,setl_T1RNGA_0020,bnk_000000000020,330.99,netbanking,15.00,2.70,0.00,2025-11-11,train,0
pay_00000000003288,setl_T1RNGA_0020,bnk_000000000020,2074.84,wallet,37.35,6.72,20.75,2025-11-11,train,0
pay_00000000003308,setl_T1RNGA_0020,bnk_000000000020,802.31,upi,0.00,0.00,0.00,2025-11-11,train,0
pay_00000000003374,setl_T1RNGA_0020,bnk_000000000020,2795.26,upi,0.00,0.00,0.00,2025-11-11,train,0
pay_00000000003494,setl_T1RNGA_0020,bnk_000000000020,867.74,wallet,15.62,2.81,8.68,2025-11-11,train,0
pay_00000000003517,setl_T1RNGA_0020,bnk_000000000020,1017.83,upi,0.00,0.00,10.18,2025-11-11,train,0
pay_00000000003533,setl_T1RNGA_0020,bnk_000000000020,651.00,upi,0.00,0.00,0.00,2025-11-11,train,0
pay_00000000003544,setl_T1RNGA_0020,bnk_000000000020,1043.11,upi,0.00,0.00,10.43,2025-11-11,train,0
pay_00000000003639,setl_T1RNGA_0020,bnk_000000000020,783.56,upi,0.00,0.00,7.84,2025-11-11,train,0
pay_00000000003674,setl_T1RNGA_0020,bnk_000000000020,1079.30,card,21.59,3.89,10.79,2025-11-11,train,0
pay_00000000003722,setl_T1RNGA_0020,bnk_000000000020,2913.90,upi,0.00,0.00,29.14,2025-11-11,train,0
pay_00000000003816,setl_T1RNGA_0020,bnk_000000000020,841.26,upi,0.00,0.00,8.41,2025-11-11,train,0
pay_00000000003822,setl_T1RNGA_0020,bnk_000000000020,1008.21,upi,0.00,0.00,10.08,2025-11-11,train,0
pay_00000000003841,setl_T1RNGA_0020,bnk_000000000020,1067.48,upi,0.00,0.00,10.67,2025-11-11,train,0
pay_00000000003859,setl_T1RNGA_0020,bnk_000000000020,135.55,netbanking,15.00,2.70,1.36,2025-11-11,train,0
pay_00000000003907,setl_T1RNGA_0020,bnk_000000000020,333.19,wallet,6.00,1.08,3.33,2025-11-11,train,0
pay_00000000000316,setl_T1RNGA_0021,bnk_000000000021,107.16,upi,0.00,0.00,1.07,2025-11-12,train,0
pay_00000000000700,setl_T1RNGA_0021,bnk_000000000021,698.13,upi,0.00,0.00,6.98,2025-11-12,train,0
pay_00000000000873,setl_T1RNGA_0021,bnk_000000000021,495.00,card,9.90,1.78,4.95,2025-11-12,train,0
pay_00000000000954,setl_T1RNGA_0021,bnk_000000000021,928.00,card,18.56,3.34,9.28,2025-11-12,train,0
pay_00000000001152,setl_T1RNGA_0021,bnk_000000000021,629.00,card,12.58,2.26,0.00,2025-11-12,train,0
pay_00000000001161,setl_T1RNGA_0021,bnk_000000000021,1031.00,upi,0.00,0.00,0.00,2025-11-12,train,0
pay_00000000001198,setl_T1RNGA_0021,bnk_000000000021,880.34,card,17.61,3.17,8.80,2025-11-12,train,0
pay_00000000001234,setl_T1RNGA_0021,bnk_000000000021,618.48,card,12.37,2.23,0.00,2025-11-12,train,0
pay_00000000001333,setl_T1RNGA_0021,bnk_000000000021,908.94,card,18.18,3.27,9.09,2025-11-12,train,0
pay_00000000001425,setl_T1RNGA_0021,bnk_000000000021,721.87,upi,0.00,0.00,7.22,2025-11-12,train,0
pay_00000000001524,setl_T1RNGA_0021,bnk_000000000021,712.99,upi,0.00,0.00,0.00,2025-11-12,train,0
pay_00000000001578,setl_T1RNGA_0021,bnk_000000000021,699.00,wallet,12.58,2.26,6.99,2025-11-12,train,0
pay_00000000001610,setl_T1RNGA_0021,bnk_000000000021,352.45,upi,0.00,0.00,3.52,2025-11-12,train,0
pay_00000000001669,setl_T1RNGA_0021,bnk_000000000021,392.16,upi,0.00,0.00,0.00,2025-11-12,train,0
pay_00000000001732,setl_T1RNGA_0021,bnk_000000000021,2244.50,upi,0.00,0.00,22.45,2025-11-12,train,0
pay_00000000001874,setl_T1RNGA_0021,bnk_000000000021,1261.99,netbanking,15.00,2.70,0.00,2025-11-12,train,0
pay_00000000001887,setl_T1RNGA_0021,bnk_000000000021,490.00,wallet,8.82,1.59,4.90,2025-11-12,train,0
pay_00000000001889,setl_T1RNGA_0021,bnk_000000000021,15820.11,upi,0.00,0.00,158.20,2025-11-12,train,0
pay_00000000002008,setl_T1RNGA_0021,bnk_000000000021,990.00,upi,0.00,0.00,9.90,2025-11-12,train,0
pay_00000000002217,setl_T1RNGA_0021,bnk_000000000021,592.99,upi,0.00,0.00,5.93,2025-11-12,train,0
pay_00000000002447,setl_T1RNGA_0021,bnk_000000000021,527.00,card,10.54,1.90,5.27,2025-11-12,train,0
pay_00000000002564,setl_T1RNGA_0021,bnk_000000000021,886.99,upi,0.00,0.00,0.00,2025-11-12,train,0
pay_00000000002659,setl_T1RNGA_0021,bnk_000000000021,780.00,upi,0.00,0.00,7.80,2025-11-12,train,0
pay_00000000003138,setl_T1RNGA_0021,bnk_000000000021,2734.00,upi,0.00,0.00,0.00,2025-11-12,train,0
pay_00000000003441,setl_T1RNGA_0021,bnk_000000000021,103.99,upi,0.00,0.00,1.04,2025-11-12,train,0
pay_00000000003666,setl_T1RNGA_0021,bnk_000000000021,3080.99,netbanking,15.00,2.70,0.00,2025-11-12,train,0
pay_00000000003817,setl_T1RNGA_0021,bnk_000000000021,281.00,upi,0.00,0.00,2.81,2025-11-12,train,0
pay_00000000003943,setl_T1RNGA_0021,bnk_000000000021,529.17,card,10.58,1.90,5.29,2025-11-12,train,0
pay_00000000004011,setl_T1RNGA_0021,bnk_000000000021,275.87,wallet,4.97,0.89,2.76,2025-11-12,train,0
pay_00000000004110,setl_T1RNGA_0021,bnk_000000000021,6086.38,card,121.73,21.91,60.86,2025-11-12,train,0
pay_00000000004164,setl_T1RNGA_0021,bnk_000000000021,597.13,upi,0.00,0.00,5.97,2025-11-12,train,0
pay_00000000000045,setl_T1RNGA_0022,bnk_000000000022,3136.99,card,62.74,11.29,0.00,2025-11-12,train,0
pay_00000000000066,setl_T1RNGA_0022,bnk_000000000022,4228.00,upi,0.00,0.00,0.00,2025-11-12,train,0
pay_00000000000067,setl_T1RNGA_0022,bnk_000000000022,2820.00,upi,0.00,0.00,0.00,2025-11-12,train,0
pay_00000000000195,setl_T1RNGA_0022,bnk_000000000022,591.99,upi,0.00,0.00,5.92,2025-11-12,train,0
pay_00000000000197,setl_T1RNGA_0022,bnk_000000000022,2095.57,card,41.91,7.54,20.96,2025-11-12,train,0
pay_00000000000247,setl_T1RNGA_0022,bnk_000000000022,810.47,upi,0.00,0.00,8.10,2025-11-12,train,0
pay_00000000000318,setl_T1RNGA_0022,bnk_000000000022,2690.67,upi,0.00,0.00,26.91,2025-11-12,train,0
pay_00000000000406,setl_T1RNGA_0022,bnk_000000000022,598.99,upi,0.00,0.00,0.00,2025-11-12,train,0
pay_00000000000412,setl_T1RNGA_0022,bnk_000000000022,903.99,card,18.08,3.25,9.04,2025-11-12,train,0
pay_00000000000543,setl_T1RNGA_0022,bnk_000000000022,1349.98,upi,0.00,0.00,13.50,2025-11-12,train,0
pay_00000000000726,setl_T1RNGA_0022,bnk_000000000022,225.07,netbanking,15.00,2.70,2.25,2025-11-12,train,0
pay_00000000000756,setl_T1RNGA_0022,bnk_000000000022,912.33,upi,0.00,0.00,9.12,2025-11-12,train,0
pay_00000000000787,setl_T1RNGA_0022,bnk_000000000022,2022.82,netbanking,15.00,2.70,20.23,2025-11-12,train,0
pay_00000000000814,setl_T1RNGA_0022,bnk_000000000022,311.03,upi,0.00,0.00,0.00,2025-11-12,train,0
pay_00000000000820,setl_T1RNGA_0022,bnk_000000000022,946.00,upi,0.00,0.00,9.46,2025-11-12,train,0
pay_00000000000857,setl_T1RNGA_0022,bnk_000000000022,540.20,upi,0.00,0.00,5.40,2025-11-12,train,0
pay_00000000000909,setl_T1RNGA_0022,bnk_000000000022,1072.99,card,21.46,3.86,0.00,2025-11-12,train,0
pay_00000000000960,setl_T1RNGA_0022,bnk_000000000022,4172.99,card,83.46,15.02,0.00,2025-11-12,train,0
pay_00000000001104,setl_T1RNGA_0022,bnk_000000000022,685.99,wallet,12.35,2.22,6.86,2025-11-12,train,0
pay_00000000001167,setl_T1RNGA_0022,bnk_000000000022,606.99,upi,0.00,0.00,6.07,2025-11-12,train,0
pay_00000000001180,setl_T1RNGA_0022,bnk_000000000022,836.99,netbanking,15.00,2.70,0.00,2025-11-12,train,0
pay_00000000001187,setl_T1RNGA_0022,bnk_000000000022,2429.95,upi,0.00,0.00,0.00,2025-11-12,train,0
pay_00000000001307,setl_T1RNGA_0022,bnk_000000000022,233.99,upi,0.00,0.00,2.34,2025-11-12,train,0
pay_00000000001350,setl_T1RNGA_0022,bnk_000000000022,1014.99,upi,0.00,0.00,10.15,2025-11-12,train,0
pay_00000000001410,setl_T1RNGA_0022,bnk_000000000022,645.87,card,12.92,2.33,6.46,2025-11-12,train,0
pay_00000000001443,setl_T1RNGA_0022,bnk_000000000022,892.00,netbanking,15.00,2.70,0.00,2025-11-12,train,0
pay_00000000001505,setl_T1RNGA_0022,bnk_000000000022,469.72,netbanking,15.00,2.70,4.70,2025-11-12,train,0
pay_00000000001521,setl_T1RNGA_0022,bnk_000000000022,988.11,upi,0.00,0.00,9.88,2025-11-12,train,0
pay_00000000001529,setl_T1RNGA_0022,bnk_000000000022,795.67,card,15.91,2.86,7.96,2025-11-12,train,0
pay_00000000001545,setl_T1RNGA_0022,bnk_000000000022,309.00,netbanking,15.00,2.70,0.00,2025-11-12,train,0
pay_00000000001595,setl_T1RNGA_0022,bnk_000000000022,990.99,upi,0.00,0.00,0.00,2025-11-12,train,0
pay_00000000001643,setl_T1RNGA_0022,bnk_000000000022,2208.00,card,44.16,7.95,22.08,2025-11-12,train,0
pay_00000000001660,setl_T1RNGA_0022,bnk_000000000022,716.99,netbanking,15.00,2.70,0.00,2025-11-12,train,0
pay_00000000001760,setl_T1RNGA_0022,bnk_000000000022,1042.97,upi,0.00,0.00,10.43,2025-11-12,train,0
pay_00000000001782,setl_T1RNGA_0022,bnk_000000000022,682.99,upi,0.00,0.00,0.00,2025-11-12,train,0
pay_00000000001790,setl_T1RNGA_0022,bnk_000000000022,270.34,card,5.41,0.97,2.70,2025-11-12,train,0
pay_00000000001798,setl_T1RNGA_0022,bnk_000000000022,547.95,upi,0.00,0.00,5.48,2025-11-12,train,0
pay_00000000001803,setl_T1RNGA_0022,bnk_000000000022,621.00,card,12.42,2.24,6.21,2025-11-12,train,0
pay_00000000001804,setl_T1RNGA_0022,bnk_000000000022,427.55,upi,0.00,0.00,4.28,2025-11-12,train,0
pay_00000000001863,setl_T1RNGA_0022,bnk_000000000022,2573.69,upi,0.00,0.00,0.00,2025-11-12,train,0
pay_00000000001865,setl_T1RNGA_0022,bnk_000000000022,413.93,netbanking,15.00,2.70,0.00,2025-11-12,train,0
pay_00000000001960,setl_T1RNGA_0022,bnk_000000000022,897.04,upi,0.00,0.00,0.00,2025-11-12,train,0
pay_00000000001964,setl_T1RNGA_0022,bnk_000000000022,3424.52,card,68.49,12.33,34.25,2025-11-12,train,0
pay_00000000001995,setl_T1RNGA_0022,bnk_000000000022,913.99,upi,0.00,0.00,9.14,2025-11-12,train,0
pay_00000000002050,setl_T1RNGA_0022,bnk_000000000022,737.00,upi,0.00,0.00,7.37,2025-11-12,train,0
pay_00000000002137,setl_T1RNGA_0022,bnk_000000000022,328.00,upi,0.00,0.00,0.00,2025-11-12,train,0
pay_00000000002139,setl_T1RNGA_0022,bnk_000000000022,809.68,card,16.19,2.91,8.10,2025-11-12,train,0
pay_00000000002173,setl_T1RNGA_0022,bnk_000000000022,790.74,wallet,14.23,2.56,7.91,2025-11-12,train,0
pay_00000000002186,setl_T1RNGA_0022,bnk_000000000022,573.00,upi,0.00,0.00,0.00,2025-11-12,train,0
pay_00000000002204,setl_T1RNGA_0022,bnk_000000000022,740.00,upi,0.00,0.00,7.40,2025-11-12,train,0
pay_00000000002223,setl_T1RNGA_0022,bnk_000000000022,841.43,upi,0.00,0.00,0.00,2025-11-12,train,0
pay_00000000002277,setl_T1RNGA_0022,bnk_000000000022,688.47,netbanking,15.00,2.70,6.88,2025-11-12,train,0
pay_00000000002301,setl_T1RNGA_0022,bnk_000000000022,2077.99,netbanking,15.00,2.70,0.00,2025-11-12,train,0
pay_00000000002318,setl_T1RNGA_0022,bnk_000000000022,180.00,upi,0.00,0.00,0.00,2025-11-12,train,0
pay_00000000002336,setl_T1RNGA_0022,bnk_000000000022,108.18,netbanking,15.00,2.70,0.00,2025-11-12,train,0
pay_00000000002343,setl_T1RNGA_0022,bnk_000000000022,936.00,upi,0.00,0.00,9.36,2025-11-12,train,0
pay_00000000002418,setl_T1RNGA_0022,bnk_000000000022,3340.43,upi,0.00,0.00,33.40,2025-11-12,train,0
pay_00000000002448,setl_T1RNGA_0022,bnk_000000000022,535.00,wallet,9.63,1.73,5.35,2025-11-12,train,0
pay_00000000002609,setl_T1RNGA_0022,bnk_000000000022,925.44,upi,0.00,0.00,9.25,2025-11-12,train,0
pay_00000000002648,setl_T1RNGA_0022,bnk_000000000022,133.99,upi,0.00,0.00,0.00,2025-11-12,train,0
pay_00000000002653,setl_T1RNGA_0022,bnk_000000000022,1179.99,card,23.60,4.25,0.00,2025-11-12,train,0
pay_00000000002656,setl_T1RNGA_0022,bnk_000000000022,841.90,card,16.84,3.03,8.42,2025-11-12,train,0
pay_00000000002666,setl_T1RNGA_0022,bnk_000000000022,514.33,upi,0.00,0.00,5.14,2025-11-12,train,0
pay_00000000002682,setl_T1RNGA_0022,bnk_000000000022,982.00,upi,0.00,0.00,9.82,2025-11-12,train,0
pay_00000000002785,setl_T1RNGA_0022,bnk_000000000022,649.24,wallet,11.69,2.10,0.00,2025-11-12,train,0
pay_00000000002805,setl_T1RNGA_0022,bnk_000000000022,1346.00,upi,0.00,0.00,13.46,2025-11-12,train,0
pay_00000000002812,setl_T1RNGA_0022,bnk_000000000022,285.99,upi,0.00,0.00,2.86,2025-11-12,train,0
pay_00000000002940,setl_T1RNGA_0022,bnk_000000000022,449.56,upi,0.00,0.00,4.50,2025-11-12,train,0
pay_00000000002981,setl_T1RNGA_0022,bnk_000000000022,3101.00,wallet,55.82,10.05,0.00,2025-11-12,train,0
pay_00000000002995,setl_T1RNGA_0022,bnk_000000000022,939.87,netbanking,15.00,2.70,9.40,2025-11-12,train,0
pay_00000000003065,setl_T1RNGA_0022,bnk_000000000022,2920.99,netbanking,15.00,2.70,29.21,2025-11-12,train,0
pay_00000000003089,setl_T1RNGA_0022,bnk_000000000022,16373.82,upi,0.00,0.00,163.74,2025-11-12,train,0
pay_00000000003110,setl_T1RNGA_0022,bnk_000000000022,920.00,upi,0.00,0.00,9.20,2025-11-12,train,0
pay_00000000003142,setl_T1RNGA_0022,bnk_000000000022,322.00,card,6.44,1.16,3.22,2025-11-12,train,0
pay_00000000003170,setl_T1RNGA_0022,bnk_000000000022,315.00,card,6.30,1.13,3.15,2025-11-12,train,0
pay_00000000003231,setl_T1RNGA_0022,bnk_000000000022,391.28,upi,0.00,0.00,0.00,2025-11-12,train,0
pay_00000000003388,setl_T1RNGA_0022,bnk_000000000022,322.99,card,6.46,1.16,0.00,2025-11-12,train,0
pay_00000000003428,setl_T1RNGA_0022,bnk_000000000022,548.21,upi,0.00,0.00,5.48,2025-11-12,train,0
pay_00000000003472,setl_T1RNGA_0022,bnk_000000000022,2533.40,upi,0.00,0.00,0.00,2025-11-12,train,0
pay_00000000003535,setl_T1RNGA_0022,bnk_000000000022,1166.00,card,23.32,4.20,11.66,2025-11-12,train,0
pay_00000000003617,setl_T1RNGA_0022,bnk_000000000022,2134.99,upi,0.00,0.00,0.00,2025-11-12,train,0
pay_00000000003668,setl_T1RNGA_0022,bnk_000000000022,847.07,upi,0.00,0.00,8.47,2025-11-12,train,0
pay_00000000003743,setl_T1RNGA_0022,bnk_000000000022,849.88,card,17.00,3.06,0.00,2025-11-12,train,0
pay_00000000003747,setl_T1RNGA_0022,bnk_000000000022,1467.99,wallet,26.42,4.76,0.00,2025-11-12,train,0
pay_00000000003748,setl_T1RNGA_0022,bnk_000000000022,2007.00,upi,0.00,0.00,0.00,2025-11-12,train,0
pay_00000000003750,setl_T1RNGA_0022,bnk_000000000022,3378.00,upi,0.00,0.00,33.78,2025-11-12,train,0
pay_00000000003800,setl_T1RNGA_0022,bnk_000000000022,810.95,upi,0.00,0.00,0.00,2025-11-12,train,0
pay_00000000003811,setl_T1RNGA_0022,bnk_000000000022,171.11,upi,0.00,0.00,1.71,2025-11-12,train,0
pay_00000000003936,setl_T1RNGA_0022,bnk_000000000022,529.00,netbanking,15.00,2.70,5.29,2025-11-12,train,0
pay_00000000003970,setl_T1RNGA_0022,bnk_000000000022,439.19,upi,0.00,0.00,4.39,2025-11-12,train,0
pay_00000000004021,setl_T1RNGA_0022,bnk_000000000022,783.27,card,15.67,2.82,0.00,2025-11-12,train,0
pay_00000000004052,setl_T1RNGA_0022,bnk_000000000022,751.99,upi,0.00,0.00,7.52,2025-11-12,train,0
pay_00000000004062,setl_T1RNGA_0022,bnk_000000000022,1014.65,upi,0.00,0.00,10.15,2025-11-12,train,0
pay_00000000004075,setl_T1RNGA_0022,bnk_000000000022,139.00,upi,0.00,0.00,1.39,2025-11-12,train,0
pay_00000000004132,setl_T1RNGA_0022,bnk_000000000022,2577.68,card,51.55,9.28,25.78,2025-11-12,train,0
pay_00000000004190,setl_T1RNGA_0022,bnk_000000000022,655.39,card,13.11,2.36,6.55,2025-11-12,train,0
pay_00000000000042,setl_T1RNGA_0023,bnk_000000000025,1296.01,upi,0.00,0.00,0.00,2025-11-12,train,0
pay_00000000000075,setl_T1RNGA_0023,bnk_000000000025,480.95,card,9.62,1.73,4.81,2025-11-12,train,0
pay_00000000000110,setl_T1RNGA_0023,bnk_000000000025,213.99,upi,0.00,0.00,0.00,2025-11-12,train,0
pay_00000000000132,setl_T1RNGA_0023,bnk_000000000025,764.84,card,15.30,2.75,0.00,2025-11-12,train,0
pay_00000000000162,setl_T1RNGA_0023,bnk_000000000025,1078.19,upi,0.00,0.00,0.00,2025-11-12,train,0
pay_00000000000181,setl_T1RNGA_0023,bnk_000000000025,914.48,card,18.29,3.29,0.00,2025-11-12,train,0
pay_00000000000209,setl_T1RNGA_0023,bnk_000000000025,435.00,wallet,7.83,1.41,0.00,2025-11-12,train,0
pay_00000000000256,setl_T1RNGA_0023,bnk_000000000025,367.00,upi,0.00,0.00,0.00,2025-11-12,train,0
pay_00000000000283,setl_T1RNGA_0023,bnk_000000000025,343.00,upi,0.00,0.00,0.00,2025-11-12,train,0
pay_00000000000291,setl_T1RNGA_0023,bnk_000000000025,1724.00,upi,0.00,0.00,17.24,2025-11-12,train,0
pay_00000000000300,setl_T1RNGA_0023,bnk_000000000025,447.59,card,8.95,1.61,0.00,2025-11-12,train,0
pay_00000000000342,setl_T1RNGA_0023,bnk_000000000025,779.12,netbanking,15.00,2.70,0.00,2025-11-12,train,0
pay_00000000000377,setl_T1RNGA_0023,bnk_000000000025,870.96,upi,0.00,0.00,8.71,2025-11-12,train,0
pay_00000000000407,setl_T1RNGA_0023,bnk_000000000025,137.06,card,2.74,0.49,0.00,2025-11-12,train,0
pay_00000000000441,setl_T1RNGA_0023,bnk_000000000025,238.63,netbanking,15.00,2.70,2.39,2025-11-12,train,0
pay_00000000000449,setl_T1RNGA_0023,bnk_000000000025,954.78,upi,0.00,0.00,9.55,2025-11-12,train,0
pay_00000000000509,setl_T1RNGA_0023,bnk_000000000025,1212.90,upi,0.00,0.00,0.00,2025-11-12,train,0
pay_00000000000519,setl_T1RNGA_0023,bnk_000000000025,2157.92,upi,0.00,0.00,21.58,2025-11-12,train,0
pay_00000000000531,setl_T1RNGA_0023,bnk_000000000025,399.69,upi,0.00,0.00,4.00,2025-11-12,train,0
pay_00000000000552,setl_T1RNGA_0023,bnk_000000000025,3309.35,netbanking,15.00,2.70,33.09,2025-11-12,train,0
pay_00000000000581,setl_T1RNGA_0023,bnk_000000000025,2613.70,card,52.27,9.41,26.14,2025-11-12,train,0
pay_00000000000586,setl_T1RNGA_0023,bnk_000000000025,168.00,upi,0.00,0.00,0.00,2025-11-12,train,0
pay_00000000000606,setl_T1RNGA_0023,bnk_000000000025,187.26,card,3.75,0.68,1.87,2025-11-12,train,0
pay_00000000000636,setl_T1RNGA_0023,bnk_000000000025,469.00,card,9.38,1.69,0.00,2025-11-12,train,0
pay_00000000000642,setl_T1RNGA_0023,bnk_000000000025,903.58,upi,0.00,0.00,9.04,2025-11-12,train,0
pay_00000000000645,setl_T1RNGA_0023,bnk_000000000025,2253.63,card,45.07,8.11,22.54,2025-11-12,train,0
pay_00000000000650,setl_T1RNGA_0023,bnk_000000000025,3395.02,upi,0.00,0.00,0.00,2025-11-12,train,0
pay_00000000000672,setl_T1RNGA_0023,bnk_000000000025,2200.00,upi,0.00,0.00,0.00,2025-11-12,train,0
pay_00000000000695,setl_T1RNGA_0023,bnk_000000000025,129.99,upi,0.00,0.00,1.30,2025-11-12,train,0
pay_00000000000698,setl_T1RNGA_0023,bnk_000000000025,640.00,card,12.80,2.30,6.40,2025-11-12,train,0
pay_00000000000701,setl_T1RNGA_0023,bnk_000000000025,368.13,upi,0.00,0.00,3.68,2025-11-12,train,0
pay_00000000000769,setl_T1RNGA_0023,bnk_000000000025,2482.72,netbanking,15.00,2.70,24.83,2025-11-12,train,0
pay_00000000000853,setl_T1RNGA_0023,bnk_000000000025,3220.52,wallet,57.97,10.43,32.21,2025-11-12,train,0
pay_00000000000868,setl_T1RNGA_0023,bnk_000000000025,492.78,upi,0.00,0.00,4.93,2025-11-12,train,0
pay_00000000000921,setl_T1RNGA_0023,bnk_000000000025,285.14,wallet,5.13,0.92,2.85,2025-11-12,train,0
pay_00000000000926,setl_T1RNGA_0023,bnk_000000000025,612.00,upi,0.00,0.00,6.12,2025-11-12,train,0
pay_00000000000938,setl_T1RNGA_0023,bnk_000000000025,451.99,upi,0.00,0.00,4.52,2025-11-12,train,0
pay_00000000000940,setl_T1RNGA_0023,bnk_000000000025,296.00,netbanking,15.00,2.70,2.96,2025-11-12,train,0
pay_00000000000949,setl_T1RNGA_0023,bnk_000000000025,682.99,upi,0.00,0.00,0.00,2025-11-12,train,0
pay_00000000000951,setl_T1RNGA_0023,bnk_000000000025,1077.05,upi,0.00,0.00,10.77,2025-11-12,train,0
pay_00000000000982,setl_T1RNGA_0023,bnk_000000000025,856.04,card,17.12,3.08,0.00,2025-11-12,train,0
pay_00000000001027,setl_T1RNGA_0023,bnk_000000000025,935.00,upi,0.00,0.00,0.00,2025-11-12,train,0
pay_00000000001032,setl_T1RNGA_0023,bnk_000000000025,489.00,upi,0.00,0.00,0.00,2025-11-12,train,0
pay_00000000001053,setl_T1RNGA_0023,bnk_000000000025,423.99,netbanking,15.00,2.70,0.00,2025-11-12,train,0
pay_00000000001074,setl_T1RNGA_0023,bnk_000000000025,605.62,wallet,10.90,1.96,0.00,2025-11-12,train,0
pay_00000000001095,setl_T1RNGA_0023,bnk_000000000025,697.00,wallet,12.55,2.26,0.00,2025-11-12,train,0
pay_00000000001113,setl_T1RNGA_0023,bnk_000000000025,3457.00,upi,0.00,0.00,0.00,2025-11-12,train,0
pay_00000000001120,setl_T1RNGA_0023,bnk_000000000025,243.60,card,4.87,0.88,0.00,2025-11-12,train,0
pay_00000000001121,setl_T1RNGA_0023,bnk_000000000025,313.09,wallet,5.64,1.02,3.13,2025-11-12,train,0
pay_00000000001247,setl_T1RNGA_0023,bnk_000000000025,722.07,upi,0.00,0.00,0.00,2025-11-12,train,0
pay_00000000001259,setl_T1RNGA_0023,bnk_000000000025,814.99,card,16.30,2.93,8.15,2025-11-12,train,0
pay_00000000001269,setl_T1RNGA_0023,bnk_000000000025,622.00,card,12.44,2.24,6.22,2025-11-12,train,0
pay_00000000001305,setl_T1RNGA_0023,bnk_000000000025,1545.26,card,30.91,5.56,0.00,2025-11-12,train,0
pay_00000000001330,setl_T1RNGA_0023,bnk_000000000025,1024.69,upi,0.00,0.00,0.00,2025-11-12,train,0
pay_00000000001421,setl_T1RNGA_0023,bnk_000000000025,244.99,upi,0.00,0.00,0.00,2025-11-12,train,0
pay_00000000001422,setl_T1RNGA_0023,bnk_000000000025,852.00,card,17.04,3.07,0.00,2025-11-12,train,0
pay_00000000001454,setl_T1RNGA_0023,bnk_000000000025,2406.75,upi,0.00,0.00,24.07,2025-11-12,train,0
pay_00000000001461,setl_T1RNGA_0023,bnk_000000000025,336.48,wallet,6.06,1.09,0.00,2025-11-12,train,0
pay_00000000001510,setl_T1RNGA_0023,bnk_000000000025,12580.00,upi,0.00,0.00,0.00,2025-11-12,train,0
pay_00000000001539,setl_T1RNGA_0023,bnk_000000000025,140.99,wallet,2.54,0.46,1.41,2025-11-12,train,0
pay_00000000001586,setl_T1RNGA_0023,bnk_000000000025,2589.99,upi,0.00,0.00,25.90,2025-11-12,train,0
pay_00000000001598,setl_T1RNGA_0023,bnk_000000000025,737.99,netbanking,15.00,2.70,0.00,2025-11-12,train,0
pay_00000000001604,setl_T1RNGA_0023,bnk_000000000025,676.25,card,13.53,2.44,6.76,2025-11-12,train,0
pay_00000000001666,setl_T1RNGA_0023,bnk_000000000025,1861.99,card,37.24,6.70,18.62,2025-11-12,train,0
pay_00000000001697,setl_T1RNGA_0023,bnk_000000000025,1046.00,netbanking,15.00,2.70,10.46,2025-11-12,train,0
pay_00000000001779,setl_T1RNGA_0023,bnk_000000000025,3028.00,upi,0.00,0.00,30.28,2025-11-12,train,0
pay_00000000001795,setl_T1RNGA_0023,bnk_000000000025,1861.23,upi,0.00,0.00,0.00,2025-11-12,train,0
pay_00000000001816,setl_T1RNGA_0023,bnk_000000000025,3473.93,netbanking,15.00,2.70,34.74,2025-11-12,train,0
pay_00000000001873,setl_T1RNGA_0023,bnk_000000000025,214.99,upi,0.00,0.00,0.00,2025-11-12,train,0
pay_00000000001880,setl_T1RNGA_0023,bnk_000000000025,671.57,upi,0.00,0.00,0.00,2025-11-12,train,0
pay_00000000001902,setl_T1RNGA_0023,bnk_000000000025,1770.65,upi,0.00,0.00,17.71,2025-11-12,train,0
pay_00000000001913,setl_T1RNGA_0023,bnk_000000000025,182.53,netbanking,15.00,2.70,0.00,2025-11-12,train,0
pay_00000000001921,setl_T1RNGA_0023,bnk_000000000025,1468.97,upi,0.00,0.00,14.69,2025-11-12,train,0
pay_00000000001935,setl_T1RNGA_0023,bnk_000000000025,1846.27,upi,0.00,0.00,18.46,2025-11-12,train,0
pay_00000000001959,setl_T1RNGA_0023,bnk_000000000025,1028.99,wallet,18.52,3.33,10.29,2025-11-12,train,0
pay_00000000001994,setl_T1RNGA_0023,bnk_000000000025,942.00,card,18.84,3.39,0.00,2025-11-12,train,0
pay_00000000001997,setl_T1RNGA_0023,bnk_000000000025,358.03,wallet,6.44,1.16,3.58,2025-11-12,train,0
pay_00000000002012,setl_T1RNGA_0023,bnk_000000000025,3053.81,upi,0.00,0.00,30.54,2025-11-12,train,0
pay_00000000002058,setl_T1RNGA_0023,bnk_000000000025,267.00,upi,0.00,0.00,2.67,2025-11-12,train,0
pay_00000000002090,setl_T1RNGA_0023,bnk_000000000025,276.95,upi,0.00,0.00,2.77,2025-11-12,train,0
pay_00000000002108,setl_T1RNGA_0023,bnk_000000000025,951.00,wallet,17.12,3.08,0.00,2025-11-12,train,0
pay_00000000002113,setl_T1RNGA_0023,bnk_000000000025,768.02,card,15.36,2.76,7.68,2025-11-12,train,0
pay_00000000002116,setl_T1RNGA_0023,bnk_000000000025,427.00,wallet,7.69,1.38,0.00,2025-11-12,train,0
pay_00000000002159,setl_T1RNGA_0023,bnk_000000000025,355.89,upi,0.00,0.00,0.00,2025-11-12,train,0
pay_00000000002165,setl_T1RNGA_0023,bnk_000000000025,691.12,upi,0.00,0.00,6.91,2025-11-12,train,0
pay_00000000002181,setl_T1RNGA_0023,bnk_000000000025,13422.97,netbanking,15.00,2.70,0.00,2025-11-12,train,0
pay_00000000002203,setl_T1RNGA_0023,bnk_000000000025,519.00,upi,0.00,0.00,0.00,2025-11-12,train,0
pay_00000000002243,setl_T1RNGA_0023,bnk_000000000025,879.15,upi,0.00,0.00,8.79,2025-11-12,train,0
pay_00000000002264,setl_T1RNGA_0023,bnk_000000000025,336.86,netbanking,15.00,2.70,0.00,2025-11-12,train,0
pay_00000000002315,setl_T1RNGA_0023,bnk_000000000025,725.99,wallet,13.07,2.35,7.26,2025-11-12,train,0
pay_00000000002358,setl_T1RNGA_0023,bnk_000000000025,731.99,upi,0.00,0.00,0.00,2025-11-12,train,0
pay_00000000002392,setl_T1RNGA_0023,bnk_000000000025,499.13,upi,0.00,0.00,0.00,2025-11-12,train,0
pay_00000000002422,setl_T1RNGA_0023,bnk_000000000025,453.00,upi,0.00,0.00,0.00,2025-11-12,train,0
pay_00000000002424,setl_T1RNGA_0023,bnk_000000000025,662.78,upi,0.00,0.00,0.00,2025-11-12,train,0
pay_00000000002428,setl_T1RNGA_0023,bnk_000000000025,1138.90,upi,0.00,0.00,11.39,2025-11-12,train,0
pay_00000000002429,setl_T1RNGA_0023,bnk_000000000025,399.99,upi,0.00,0.00,0.00,2025-11-12,train,0
pay_00000000002431,setl_T1RNGA_0023,bnk_000000000025,3081.00,upi,0.00,0.00,0.00,2025-11-12,train,0
pay_00000000002485,setl_T1RNGA_0023,bnk_000000000025,2179.11,upi,0.00,0.00,0.00,2025-11-12,train,0
pay_00000000002501,setl_T1RNGA_0023,bnk_000000000025,3053.58,wallet,54.96,9.89,30.54,2025-11-12,train,0
pay_00000000002557,setl_T1RNGA_0023,bnk_000000000025,782.70,upi,0.00,0.00,0.00,2025-11-12,train,0
pay_00000000002561,setl_T1RNGA_0023,bnk_000000000025,538.99,card,10.78,1.94,0.00,2025-11-12,train,0
pay_00000000002597,setl_T1RNGA_0023,bnk_000000000025,374.99,upi,0.00,0.00,3.75,2025-11-12,train,0
pay_00000000002680,setl_T1RNGA_0023,bnk_000000000025,1338.00,card,26.76,4.82,13.38,2025-11-12,train,0
pay_00000000002684,setl_T1RNGA_0023,bnk_000000000025,431.00,card,8.62,1.55,0.00,2025-11-12,train,0
pay_00000000002705,setl_T1RNGA_0023,bnk_000000000025,693.00,card,13.86,2.49,0.00,2025-11-12,train,0
pay_00000000002715,setl_T1RNGA_0023,bnk_000000000025,498.57,wallet,8.97,1.61,0.00,2025-11-12,train,0
pay_00000000002750,setl_T1RNGA_0023,bnk_000000000025,1042.99,card,20.86,3.75,0.00,2025-11-12,train,0
pay_00000000002755,setl_T1RNGA_0023,bnk_000000000025,864.76,card,17.30,3.11,8.65,2025-11-12,train,0
pay_00000000002773,setl_T1RNGA_0023,bnk_000000000025,560.64,upi,0.00,0.00,5.61,2025-11-12,train,0
pay_00000000002789,setl_T1RNGA_0023,bnk_000000000025,665.99,card,13.32,2.40,6.66,2025-11-12,train,0
pay_00000000002801,setl_T1RNGA_0023,bnk_000000000025,1534.99,upi,0.00,0.00,0.00,2025-11-12,train,0
pay_00000000002828,setl_T1RNGA_0023,bnk_000000000025,922.68,upi,0.00,0.00,9.23,2025-11-12,train,0
pay_00000000002930,setl_T1RNGA_0023,bnk_000000000025,126.00,upi,0.00,0.00,0.00,2025-11-12,train,0
pay_00000000002931,setl_T1RNGA_0023,bnk_000000000025,791.15,card,15.82,2.85,0.00,2025-11-12,train,0
pay_00000000002944,setl_T1RNGA_0023,bnk_000000000025,177.99,upi,0.00,0.00,0.00,2025-11-12,train,0
pay_00000000003018,setl_T1RNGA_0023,bnk_000000000025,652.86,upi,0.00,0.00,0.00,2025-11-12,train,0
pay_00000000003032,setl_T1RNGA_0023,bnk_000000000025,1022.40,card,20.45,3.68,0.00,2025-11-12,train,0
pay_00000000003038,setl_T1RNGA_0023,bnk_000000000025,708.00,wallet,12.74,2.29,7.08,2025-11-12,train,0
pay_00000000003054,setl_T1RNGA_0023,bnk_000000000025,672.18,wallet,12.10,2.18,0.00,2025-11-12,train,0
pay_00000000003064,setl_T1RNGA_0023,bnk_000000000025,3180.06,upi,0.00,0.00,31.80,2025-11-12,train,0
pay_00000000003105,setl_T1RNGA_0023,bnk_000000000025,1014.55,upi,0.00,0.00,10.15,2025-11-12,train,0
pay_00000000003117,setl_T1RNGA_0023,bnk_000000000025,3436.71,upi,0.00,0.00,34.37,2025-11-12,train,0
pay_00000000003128,setl_T1RNGA_0023,bnk_000000000025,629.14,upi,0.00,0.00,6.29,2025-11-12,train,0
pay_00000000003136,setl_T1RNGA_0023,bnk_000000000025,952.00,upi,0.00,0.00,0.00,2025-11-12,train,0
pay_00000000003196,setl_T1RNGA_0023,bnk_000000000025,7564.00,netbanking,15.00,2.70,0.00,2025-11-12,train,0
pay_00000000003247,setl_T1RNGA_0023,bnk_000000000025,580.16,netbanking,15.00,2.70,5.80,2025-11-12,train,0
pay_00000000003347,setl_T1RNGA_0023,bnk_000000000025,15249.26,netbanking,15.00,2.70,0.00,2025-11-12,train,0
pay_00000000003370,setl_T1RNGA_0023,bnk_000000000025,558.99,upi,0.00,0.00,5.59,2025-11-12,train,0
pay_00000000003377,setl_T1RNGA_0023,bnk_000000000025,475.81,netbanking,15.00,2.70,4.76,2025-11-12,train,0
pay_00000000003398,setl_T1RNGA_0023,bnk_000000000025,692.00,netbanking,15.00,2.70,6.92,2025-11-12,train,0
pay_00000000003516,setl_T1RNGA_0023,bnk_000000000025,496.99,upi,0.00,0.00,0.00,2025-11-12,train,0
pay_00000000003522,setl_T1RNGA_0023,bnk_000000000025,926.36,card,18.53,3.34,9.26,2025-11-12,train,0
pay_00000000003524,setl_T1RNGA_0023,bnk_000000000025,2745.34,upi,0.00,0.00,0.00,2025-11-12,train,0
pay_00000000003580,setl_T1RNGA_0023,bnk_000000000025,17047.50,upi,0.00,0.00,170.48,2025-11-12,train,0
pay_00000000003685,setl_T1RNGA_0023,bnk_000000000025,941.00,card,18.82,3.39,9.41,2025-11-12,train,0
pay_00000000003741,setl_T1RNGA_0023,bnk_000000000025,634.95,netbanking,15.00,2.70,6.35,2025-11-12,train,0
pay_00000000003773,setl_T1RNGA_0023,bnk_000000000025,1702.99,upi,0.00,0.00,0.00,2025-11-12,train,0
pay_00000000003787,setl_T1RNGA_0023,bnk_000000000025,250.24,card,5.00,0.90,2.50,2025-11-12,train,0
pay_00000000003799,setl_T1RNGA_0023,bnk_000000000025,550.00,netbanking,15.00,2.70,5.50,2025-11-12,train,0
pay_00000000003819,setl_T1RNGA_0023,bnk_000000000025,588.00,netbanking,15.00,2.70,0.00,2025-11-12,train,0
pay_00000000003824,setl_T1RNGA_0023,bnk_000000000025,854.89,upi,0.00,0.00,8.55,2025-11-12,train,0
pay_00000000003875,setl_T1RNGA_0023,bnk_000000000025,377.76,upi,0.00,0.00,0.00,2025-11-12,train,0
pay_00000000003955,setl_T1RNGA_0023,bnk_000000000025,160.87,card,3.22,0.58,0.00,2025-11-12,train,0
pay_00000000003959,setl_T1RNGA_0023,bnk_000000000025,824.99,wallet,14.85,2.67,8.25,2025-11-12,train,0
pay_00000000003974,setl_T1RNGA_0023,bnk_000000000025,595.00,netbanking,15.00,2.70,0.00,2025-11-12,train,0
pay_00000000004005,setl_T1RNGA_0023,bnk_000000000025,562.00,wallet,10.12,1.82,5.62,2025-11-12,train,0
pay_00000000004092,setl_T1RNGA_0023,bnk_000000000025,606.95,upi,0.00,0.00,6.07,2025-11-12,train,0
pay_00000000004116,setl_T1RNGA_0023,bnk_000000000025,270.53,upi,0.00,0.00,2.71,2025-11-12,train,0
pay_00000000004127,setl_T1RNGA_0023,bnk_000000000025,147.00,card,2.94,0.53,1.47,2025-11-12,train,0
pay_00000000004136,setl_T1RNGA_0023,bnk_000000000025,255.99,card,5.12,0.92,0.00,2025-11-12,train,0
pay_00000000004166,setl_T1RNGA_0023,bnk_000000000025,1016.00,netbanking,15.00,2.70,10.16,2025-11-12,train,0
pay_00000000004178,setl_T1RNGA_0023,bnk_000000000025,1016.60,upi,0.00,0.00,10.17,2025-11-12,train,0
pay_00000000004184,setl_T1RNGA_0023,bnk_000000000025,179.03,wallet,3.22,0.58,1.79,2025-11-12,train,0
pay_00000000004188,setl_T1RNGA_0023,bnk_000000000025,712.00,card,14.24,2.56,7.12,2025-11-12,train,0
pay_00000000004203,setl_T1RNGA_0023,bnk_000000000025,879.15,upi,0.00,0.00,8.79,2025-11-12,train,1
pay_00000000000003,setl_T1RNGA_0024,bnk_000000000026,900.58,upi,0.00,0.00,9.01,2025-11-12,train,0
pay_00000000000024,setl_T1RNGA_0024,bnk_000000000026,421.11,upi,0.00,0.00,4.21,2025-11-12,train,0
pay_00000000000030,setl_T1RNGA_0024,bnk_000000000026,1913.39,upi,0.00,0.00,0.00,2025-11-12,train,0
pay_00000000000043,setl_T1RNGA_0024,bnk_000000000026,2146.74,upi,0.00,0.00,0.00,2025-11-12,train,0
pay_00000000000052,setl_T1RNGA_0024,bnk_000000000026,360.99,wallet,6.50,1.17,3.61,2025-11-12,train,0
pay_00000000000081,setl_T1RNGA_0024,bnk_000000000026,3467.81,upi,0.00,0.00,34.68,2025-11-12,train,0
pay_00000000000088,setl_T1RNGA_0024,bnk_000000000026,1837.93,card,36.76,6.62,18.38,2025-11-12,train,0
pay_00000000000196,setl_T1RNGA_0024,bnk_000000000026,179.00,upi,0.00,0.00,1.79,2025-11-12,train,0
pay_00000000000202,setl_T1RNGA_0024,bnk_000000000026,131.96,upi,0.00,0.00,0.00,2025-11-12,train,0
pay_00000000000244,setl_T1RNGA_0024,bnk_000000000026,407.00,upi,0.00,0.00,4.07,2025-11-12,train,0
pay_00000000000371,setl_T1RNGA_0024,bnk_000000000026,1989.99,card,39.80,7.16,0.00,2025-11-12,train,0
pay_00000000000387,setl_T1RNGA_0024,bnk_000000000026,834.00,card,16.68,3.00,8.34,2025-11-12,train,0
pay_00000000000393,setl_T1RNGA_0024,bnk_000000000026,205.66,upi,0.00,0.00,2.06,2025-11-12,train,0
pay_00000000000427,setl_T1RNGA_0024,bnk_000000000026,1075.00,upi,0.00,0.00,0.00,2025-11-12,train,0
pay_00000000000454,setl_T1RNGA_0024,bnk_000000000026,275.00,upi,0.00,0.00,0.00,2025-11-12,train,0
pay_00000000000477,setl_T1RNGA_0024,bnk_000000000026,934.07,upi,0.00,0.00,9.34,2025-11-12,train,0
pay_00000000000479,setl_T1RNGA_0024,bnk_000000000026,9838.00,netbanking,15.00,2.70,98.38,2025-11-12,train,0
pay_00000000000557,setl_T1RNGA_0024,bnk_000000000026,276.40,netbanking,15.00,2.70,2.76,2025-11-12,train,0
pay_00000000000597,setl_T1RNGA_0024,bnk_000000000026,713.83,upi,0.00,0.00,7.14,2025-11-12,train,0
pay_00000000000691,setl_T1RNGA_0024,bnk_000000000026,868.99,upi,0.00,0.00,8.69,2025-11-12,train,0
pay_00000000000773,setl_T1RNGA_0024,bnk_000000000026,492.99,card,9.86,1.77,4.93,2025-11-12,train,0
pay_00000000000851,setl_T1RNGA_0024,bnk_000000000026,572.81,card,11.46,2.06,0.00,2025-11-12,train,0
pay_00000000000886,setl_T1RNGA_0024,bnk_000000000026,845.00,upi,0.00,0.00,0.00,2025-11-12,train,0
pay_00000000000922,setl_T1RNGA_0024,bnk_000000000026,3177.00,card,63.54,11.44,31.77,2025-11-12,train,0
pay_00000000000995,setl_T1RNGA_0024,bnk_000000000026,861.99,upi,0.00,0.00,0.00,2025-11-12,train,0
pay_00000000000996,setl_T1RNGA_0024,bnk_000000000026,774.00,card,15.48,2.79,7.74,2025-11-12,train,0
pay_00000000001046,setl_T1RNGA_0024,bnk_000000000026,354.42,upi,0.00,0.00,0.00,2025-11-12,train,0
pay_00000000001057,setl_T1RNGA_0024,bnk_000000000026,551.34,upi,0.00,0.00,0.00,2025-11-12,train,0
pay_00000000001078,setl_T1RNGA_0024,bnk_000000000026,755.00,upi,0.00,0.00,7.55,2025-11-12,train,0
pay_00000000001100,setl_T1RNGA_0024,bnk_000000000026,1057.55,wallet,19.04,3.43,0.00,2025-11-12,train,0
pay_00000000001117,setl_T1RNGA_0024,bnk_000000000026,666.52,upi,0.00,0.00,6.67,2025-11-12,train,0
pay_00000000001159,setl_T1RNGA_0024,bnk_000000000026,1068.20,upi,0.00,0.00,10.68,2025-11-12,train,0
pay_00000000001165,setl_T1RNGA_0024,bnk_000000000026,151.15,upi,0.00,0.00,1.51,2025-11-12,train,0
pay_00000000001225,setl_T1RNGA_0024,bnk_000000000026,723.00,netbanking,15.00,2.70,7.23,2025-11-12,train,0
pay_00000000001277,setl_T1RNGA_0024,bnk_000000000026,436.06,card,8.72,1.57,4.36,2025-11-12,train,0
pay_00000000001302,setl_T1RNGA_0024,bnk_000000000026,741.12,upi,0.00,0.00,7.41,2025-11-12,train,0
pay_00000000001317,setl_T1RNGA_0024,bnk_000000000026,132.89,upi,0.00,0.00,0.00,2025-11-12,train,0
pay_00000000001362,setl_T1RNGA_0024,bnk_000000000026,507.00,card,10.14,1.83,5.07,2025-11-12,train,0
pay_00000000001363,setl_T1RNGA_0024,bnk_000000000026,246.99,card,4.94,0.89,2.47,2025-11-12,train,0
pay_00000000001368,setl_T1RNGA_0024,bnk_000000000026,2962.01,wallet,53.32,9.60,29.62,2025-11-12,train,0
pay_00000000001378,setl_T1RNGA_0024,bnk_000000000026,571.00,card,11.42,2.06,5.71,2025-11-12,train,0
pay_00000000001436,setl_T1RNGA_0024,bnk_000000000026,11852.19,card,237.04,42.67,0.00,2025-11-12,train,0
pay_00000000001452,setl_T1RNGA_0024,bnk_000000000026,2256.00,card,45.12,8.12,0.00,2025-11-12,train,0
pay_00000000001489,setl_T1RNGA_0024,bnk_000000000026,259.42,upi,0.00,0.00,2.59,2025-11-12,train,0
pay_00000000001522,setl_T1RNGA_0024,bnk_000000000026,841.99,card,16.84,3.03,8.42,2025-11-12,train,0
pay_00000000001562,setl_T1RNGA_0024,bnk_000000000026,357.34,upi,0.00,0.00,0.00,2025-11-12,train,0
pay_00000000001603,setl_T1RNGA_0024,bnk_000000000026,6043.23,upi,0.00,0.00,60.43,2025-11-12,train,0
pay_00000000001616,setl_T1RNGA_0024,bnk_000000000026,3152.90,card,63.06,11.35,31.53,2025-11-12,train,0
pay_00000000001627,setl_T1RNGA_0024,bnk_000000000026,828.96,upi,0.00,0.00,0.00,2025-11-12,train,0
pay_00000000001631,setl_T1RNGA_0024,bnk_000000000026,233.40,card,4.67,0.84,0.00,2025-11-12,train,0
pay_00000000001634,setl_T1RNGA_0024,bnk_000000000026,2338.00,upi,0.00,0.00,23.38,2025-11-12,train,0
pay_00000000001639,setl_T1RNGA_0024,bnk_000000000026,709.44,upi,0.00,0.00,0.00,2025-11-12,train,0
pay_00000000001667,setl_T1RNGA_0024,bnk_000000000026,1010.75,card,20.22,3.64,0.00,2025-11-12,train,0
pay_00000000001679,setl_T1RNGA_0024,bnk_000000000026,513.38,upi,0.00,0.00,0.00,2025-11-12,train,0
pay_00000000001710,setl_T1RNGA_0024,bnk_000000000026,1021.19,upi,0.00,0.00,0.00,2025-11-12,train,0
pay_00000000001761,setl_T1RNGA_0024,bnk_000000000026,101.27,card,2.03,0.37,1.01,2025-11-12,train,0
pay_00000000001792,setl_T1RNGA_0024,bnk_000000000026,235.99,card,4.72,0.85,2.36,2025-11-12,train,0
pay_00000000001807,setl_T1RNGA_0024,bnk_000000000026,787.99,upi,0.00,0.00,0.00,2025-11-12,train,0
pay_00000000001831,setl_T1RNGA_0024,bnk_000000000026,554.50,card,11.09,2.00,0.00,2025-11-12,train,0
pay_00000000001846,setl_T1RNGA_0024,bnk_000000000026,1036.00,upi,0.00,0.00,10.36,2025-11-12,train,0
pay_00000000001848,setl_T1RNGA_0024,bnk_000000000026,178.73,upi,0.00,0.00,1.79,2025-11-12,train,0
pay_00000000001862,setl_T1RNGA_0024,bnk_000000000026,657.04,upi,0.00,0.00,0.00,2025-11-12,train,0
pay_00000000001867,setl_T1RNGA_0024,bnk_000000000026,1986.00,upi,0.00,0.00,19.86,2025-11-12,train,0
pay_00000000001951,setl_T1RNGA_0024,bnk_000000000026,1053.38,card,21.07,3.79,0.00,2025-11-12,train,0
pay_00000000001981,setl_T1RNGA_0024,bnk_000000000026,938.78,wallet,16.90,3.04,0.00,2025-11-12,train,0
pay_00000000001988,setl_T1RNGA_0024,bnk_000000000026,113.87,upi,0.00,0.00,1.14,2025-11-12,train,0
pay_00000000002033,setl_T1RNGA_0024,bnk_000000000026,773.31,upi,0.00,0.00,7.73,2025-11-12,train,0
pay_00000000002043,setl_T1RNGA_0024,bnk_000000000026,803.31,card,16.07,2.89,0.00,2025-11-12,train,0
pay_00000000002149,setl_T1RNGA_0024,bnk_000000000026,923.00,upi,0.00,0.00,9.23,2025-11-12,train,0
pay_00000000002222,setl_T1RNGA_0024,bnk_000000000026,328.00,upi,0.00,0.00,3.28,2025-11-12,train,0
pay_00000000002240,setl_T1RNGA_0024,bnk_000000000026,237.00,card,4.74,0.85,0.00,2025-11-12,train,0
pay_00000000002259,setl_T1RNGA_0024,bnk_000000000026,557.86,wallet,10.04,1.81,5.58,2025-11-12,train,0
pay_00000000002292,setl_T1RNGA_0024,bnk_000000000026,429.92,upi,0.00,0.00,4.30,2025-11-12,train,0
pay_00000000002302,setl_T1RNGA_0024,bnk_000000000026,260.99,card,5.22,0.94,0.00,2025-11-12,train,0
pay_00000000002342,setl_T1RNGA_0024,bnk_000000000026,205.00,card,4.10,0.74,2.05,2025-11-12,train,0
pay_00000000002354,setl_T1RNGA_0024,bnk_000000000026,2731.99,card,54.64,9.84,27.32,2025-11-12,train,0
pay_00000000002362,setl_T1RNGA_0024,bnk_000000000026,397.25,wallet,7.15,1.29,0.00,2025-11-12,train,0
pay_00000000002365,setl_T1RNGA_0024,bnk_000000000026,2084.03,card,41.68,7.50,0.00,2025-11-12,train,0
pay_00000000002535,setl_T1RNGA_0024,bnk_000000000026,3172.52,upi,0.00,0.00,0.00,2025-11-12,train,0
pay_00000000002554,setl_T1RNGA_0024,bnk_000000000026,2106.00,upi,0.00,0.00,0.00,2025-11-12,train,0
pay_00000000002603,setl_T1RNGA_0024,bnk_000000000026,667.45,upi,0.00,0.00,0.00,2025-11-12,train,0
pay_00000000002612,setl_T1RNGA_0024,bnk_000000000026,811.92,upi,0.00,0.00,8.12,2025-11-12,train,0
pay_00000000002671,setl_T1RNGA_0024,bnk_000000000026,281.00,wallet,5.06,0.91,2.81,2025-11-12,train,0
pay_00000000002688,setl_T1RNGA_0024,bnk_000000000026,885.57,upi,0.00,0.00,8.86,2025-11-12,train,0
pay_00000000002714,setl_T1RNGA_0024,bnk_000000000026,231.63,card,4.63,0.83,0.00,2025-11-12,train,0
pay_00000000002734,setl_T1RNGA_0024,bnk_000000000026,729.00,card,14.58,2.62,0.00,2025-11-12,train,0
pay_00000000002742,setl_T1RNGA_0024,bnk_000000000026,737.39,wallet,13.27,2.39,0.00,2025-11-12,train,0
pay_00000000002782,setl_T1RNGA_0024,bnk_000000000026,1113.43,upi,0.00,0.00,11.13,2025-11-12,train,0
pay_00000000002814,setl_T1RNGA_0024,bnk_000000000026,879.14,card,17.58,3.16,8.79,2025-11-12,train,0
pay_00000000002831,setl_T1RNGA_0024,bnk_000000000026,1956.00,upi,0.00,0.00,19.56,2025-11-12,train,0
pay_00000000002850,setl_T1RNGA_0024,bnk_000000000026,3133.00,card,62.66,11.28,31.33,2025-11-12,train,0
pay_00000000002851,setl_T1RNGA_0024,bnk_000000000026,776.00,card,15.52,2.79,0.00,2025-11-12,train,0
pay_00000000002872,setl_T1RNGA_0024,bnk_000000000026,3174.07,netbanking,15.00,2.70,31.74,2025-11-12,train,0
pay_00000000002877,setl_T1RNGA_0024,bnk_000000000026,1012.00,netbanking,15.00,2.70,0.00,2025-11-12,train,0
pay_00000000002901,setl_T1RNGA_0024,bnk_000000000026,844.99,card,16.90,3.04,0.00,2025-11-12,train,0
pay_00000000002971,setl_T1RNGA_0024,bnk_000000000026,128.99,upi,0.00,0.00,1.29,2025-11-12,train,0
pay_00000000002974,setl_T1RNGA_0024,bnk_000000000026,1027.29,upi,0.00,0.00,10.27,2025-11-12,train,0
pay_00000000002992,setl_T1RNGA_0024,bnk_000000000026,500.00,card,10.00,1.80,5.00,2025-11-12,train,0
pay_00000000003013,setl_T1RNGA_0024,bnk_000000000026,424.99,card,8.50,1.53,4.25,2025-11-12,train,0
pay_00000000003024,setl_T1RNGA_0024,bnk_000000000026,931.67,card,18.63,3.35,0.00,2025-11-12,train,0
pay_00000000003081,setl_T1RNGA_0024,bnk_000000000026,967.00,upi,0.00,0.00,9.67,2025-11-12,train,0
pay_00000000003086,setl_T1RNGA_0024,bnk_000000000026,279.00,upi,0.00,0.00,0.00,2025-11-12,train,0
pay_00000000003115,setl_T1RNGA_0024,bnk_000000000026,759.75,upi,0.00,0.00,0.00,2025-11-12,train,0
pay_00000000003176,setl_T1RNGA_0024,bnk_000000000026,2695.56,card,53.91,9.70,0.00,2025-11-12,train,0
pay_00000000003177,setl_T1RNGA_0024,bnk_000000000026,231.99,upi,0.00,0.00,0.00,2025-11-12,train,0
pay_00000000003192,setl_T1RNGA_0024,bnk_000000000026,782.00,card,15.64,2.82,7.82,2025-11-12,train,0
pay_00000000003222,setl_T1RNGA_0024,bnk_000000000026,184.38,card,3.69,0.66,1.84,2025-11-12,train,0
pay_00000000003223,setl_T1RNGA_0024,bnk_000000000026,524.99,upi,0.00,0.00,0.00,2025-11-12,train,0
pay_00000000003230,setl_T1RNGA_0024,bnk_000000000026,487.00,upi,0.00,0.00,4.87,2025-11-12,train,0
pay_00000000003249,setl_T1RNGA_0024,bnk_000000000026,500.50,upi,0.00,0.00,0.00,2025-11-12,train,0
pay_00000000003265,setl_T1RNGA_0024,bnk_000000000026,526.65,upi,0.00,0.00,5.27,2025-11-12,train,0
pay_00000000003274,setl_T1RNGA_0024,bnk_000000000026,739.00,card,14.78,2.66,0.00,2025-11-12,train,0
pay_00000000003296,setl_T1RNGA_0024,bnk_000000000026,635.51,upi,0.00,0.00,0.00,2025-11-12,train,0
pay_00000000003303,setl_T1RNGA_0024,bnk_000000000026,599.99,upi,0.00,0.00,0.00,2025-11-12,train,0
pay_00000000003355,setl_T1RNGA_0024,bnk_000000000026,731.00,upi,0.00,0.00,0.00,2025-11-12,train,0
pay_00000000003397,setl_T1RNGA_0024,bnk_000000000026,474.17,upi,0.00,0.00,4.74,2025-11-12,train,0
pay_00000000003404,setl_T1RNGA_0024,bnk_000000000026,794.36,card,15.89,2.86,7.94,2025-11-12,train,0
pay_00000000003444,setl_T1RNGA_0024,bnk_000000000026,239.99,netbanking,15.00,2.70,2.40,2025-11-12,train,0
pay_00000000003491,setl_T1RNGA_0024,bnk_000000000026,863.99,upi,0.00,0.00,8.64,2025-11-12,train,0
pay_00000000003502,setl_T1RNGA_0024,bnk_000000000026,1170.01,upi,0.00,0.00,11.70,2025-11-12,train,0
pay_00000000003506,setl_T1RNGA_0024,bnk_000000000026,3077.31,card,61.55,11.08,0.00,2025-11-12,train,0
pay_00000000003549,setl_T1RNGA_0024,bnk_000000000026,1975.00,upi,0.00,0.00,0.00,2025-11-12,train,0
pay_00000000003588,setl_T1RNGA_0024,bnk_000000000026,508.83,upi,0.00,0.00,5.09,2025-11-12,train,0
pay_00000000003627,setl_T1RNGA_0024,bnk_000000000026,211.00,upi,0.00,0.00,0.00,2025-11-12,train,0
pay_00000000003652,setl_T1RNGA_0024,bnk_000000000026,120.98,card,2.42,0.44,1.21,2025-11-12,train,0
pay_00000000003660,setl_T1RNGA_0024,bnk_000000000026,553.20,upi,0.00,0.00,5.53,2025-11-12,train,0
pay_00000000003679,setl_T1RNGA_0024,bnk_000000000026,491.22,upi,0.00,0.00,4.91,2025-11-12,train,0
pay_00000000003803,setl_T1RNGA_0024,bnk_000000000026,1051.00,card,21.02,3.78,0.00,2025-11-12,train,0
pay_00000000003833,setl_T1RNGA_0024,bnk_000000000026,435.24,card,8.70,1.57,4.35,2025-11-12,train,0
pay_00000000003837,setl_T1RNGA_0024,bnk_000000000026,3295.99,card,65.92,11.87,0.00,2025-11-12,train,0
pay_00000000003847,setl_T1RNGA_0024,bnk_000000000026,791.00,upi,0.00,0.00,0.00,2025-11-12,train,0
pay_00000000003877,setl_T1RNGA_0024,bnk_000000000026,917.19,upi,0.00,0.00,9.17,2025-11-12,train,0
pay_00000000003918,setl_T1RNGA_0024,bnk_000000000026,918.18,upi,0.00,0.00,9.18,2025-11-12,train,0
pay_00000000003946,setl_T1RNGA_0024,bnk_000000000026,3023.00,card,60.46,10.88,0.00,2025-11-12,train,0
pay_00000000003953,setl_T1RNGA_0024,bnk_000000000026,1510.89,upi,0.00,0.00,15.11,2025-11-12,train,0
pay_00000000003981,setl_T1RNGA_0024,bnk_000000000026,1930.00,upi,0.00,0.00,0.00,2025-11-12,train,0
pay_00000000003989,setl_T1RNGA_0024,bnk_000000000026,1399.51,wallet,25.19,4.53,0.00,2025-11-12,train,0
pay_00000000004018,setl_T1RNGA_0024,bnk_000000000026,398.89,upi,0.00,0.00,3.99,2025-11-12,train,0
pay_00000000004053,setl_T1RNGA_0024,bnk_000000000026,1929.99,upi,0.00,0.00,0.00,2025-11-12,train,0
pay_00000000004115,setl_T1RNGA_0024,bnk_000000000026,676.42,card,13.53,2.44,6.76,2025-11-12,train,0
pay_00000000004122,setl_T1RNGA_0024,bnk_000000000026,206.26,upi,0.00,0.00,2.06,2025-11-12,train,0
pay_00000000004145,setl_T1RNGA_0024,bnk_000000000026,288.44,card,5.77,1.04,0.00,2025-11-12,train,0
pay_00000000004155,setl_T1RNGA_0024,bnk_000000000026,2109.63,upi,0.00,0.00,0.00,2025-11-12,train,0
pay_00000000004176,setl_T1RNGA_0024,bnk_000000000026,2418.00,upi,0.00,0.00,0.00,2025-11-12,train,0
pay_00000000004204,setl_T1RNGA_0024,bnk_000000000026,879.15,upi,0.00,0.00,8.79,2025-11-12,train,1
pay_00000000000522,setl_T1RNGA_0025,bnk_000000000027,2580.99,upi,0.00,0.00,0.00,2025-11-13,train,0
pay_00000000000657,setl_T1RNGA_0025,bnk_000000000027,172.99,upi,0.00,0.00,0.00,2025-11-13,train,0
pay_00000000001140,setl_T1RNGA_0025,bnk_000000000027,899.00,upi,0.00,0.00,0.00,2025-11-13,train,0
pay_00000000001416,setl_T1RNGA_0025,bnk_000000000027,436.33,upi,0.00,0.00,0.00,2025-11-13,train,0
pay_00000000001736,setl_T1RNGA_0025,bnk_000000000027,368.00,netbanking,15.00,2.70,3.68,2025-11-13,train,0
pay_00000000001812,setl_T1RNGA_0025,bnk_000000000027,891.26,upi,0.00,0.00,8.91,2025-11-13,train,0
pay_00000000001827,setl_T1RNGA_0025,bnk_000000000027,1074.79,upi,0.00,0.00,0.00,2025-11-13,train,0
pay_00000000002493,setl_T1RNGA_0025,bnk_000000000027,326.31,card,6.53,1.18,0.00,2025-11-13,train,0
pay_00000000002498,setl_T1RNGA_0025,bnk_000000000027,10575.00,card,211.50,38.07,0.00,2025-11-13,train,0
pay_00000000002574,setl_T1RNGA_0025,bnk_000000000027,710.99,card,14.22,2.56,7.11,2025-11-13,train,0
pay_00000000003215,setl_T1RNGA_0025,bnk_000000000027,1034.57,upi,0.00,0.00,0.00,2025-11-13,train,0
pay_00000000003235,setl_T1RNGA_0025,bnk_000000000027,209.15,upi,0.00,0.00,2.09,2025-11-13,train,0
pay_00000000003675,setl_T1RNGA_0025,bnk_000000000027,862.93,upi,0.00,0.00,0.00,2025-11-13,train,0
pay_00000000003873,setl_T1RNGA_0025,bnk_000000000027,1871.00,upi,0.00,0.00,18.71,2025-11-13,train,0
pay_00000000004087,setl_T1RNGA_0025,bnk_000000000027,606.02,wallet,10.91,1.96,0.00,2025-11-13,train,0
pay_00000000000210,setl_T1RNGA_0026,bnk_000000000028,226.72,netbanking,15.00,2.70,0.00,2025-11-13,train,0
pay_00000000000294,setl_T1RNGA_0026,bnk_000000000028,3286.40,upi,0.00,0.00,32.86,2025-11-13,train,0
pay_00000000000576,setl_T1RNGA_0026,bnk_000000000028,2338.00,upi,0.00,0.00,23.38,2025-11-13,train,0
pay_00000000000919,setl_T1RNGA_0026,bnk_000000000028,3393.71,netbanking,15.00,2.70,33.94,2025-11-13,train,0
pay_00000000001020,setl_T1RNGA_0026,bnk_000000000028,1325.00,card,26.50,4.77,13.25,2025-11-13,train,0
pay_00000000001138,setl_T1RNGA_0026,bnk_000000000028,995.15,wallet,17.91,3.22,0.00,2025-11-13,train,0
pay_00000000001501,setl_T1RNGA_0026,bnk_000000000028,292.00,card,5.84,1.05,2.92,2025-11-13,train,0
pay_00000000001847,setl_T1RNGA_0026,bnk_000000000028,748.05,netbanking,15.00,2.70,7.48,2025-11-13,train,0
pay_00000000001898,setl_T1RNGA_0026,bnk_000000000028,210.35,card,4.21,0.76,0.00,2025-11-13,train,0
pay_00000000002516,setl_T1RNGA_0026,bnk_000000000028,1011.00,netbanking,15.00,2.70,10.11,2025-11-13,train,0
pay_00000000002521,setl_T1RNGA_0026,bnk_000000000028,251.00,upi,0.00,0.00,2.51,2025-11-13,train,0
pay_00000000002615,setl_T1RNGA_0026,bnk_000000000028,573.99,upi,0.00,0.00,5.74,2025-11-13,train,0
pay_00000000002777,setl_T1RNGA_0026,bnk_000000000028,897.00,upi,0.00,0.00,0.00,2025-11-13,train,0
pay_00000000002891,setl_T1RNGA_0026,bnk_000000000028,137.00,wallet,2.47,0.44,0.00,2025-11-13,train,0
pay_00000000002914,setl_T1RNGA_0026,bnk_000000000028,2982.00,card,59.64,10.74,29.82,2025-11-13,train,0
pay_00000000003158,setl_T1RNGA_0026,bnk_000000000028,684.50,netbanking,15.00,2.70,0.00,2025-11-13,train,0
pay_00000000003501,setl_T1RNGA_0026,bnk_000000000028,381.99,upi,0.00,0.00,3.82,2025-11-13,train,0
pay_00000000003566,setl_T1RNGA_0026,bnk_000000000028,3397.00,card,67.94,12.23,0.00,2025-11-13,train,0
pay_00000000003774,setl_T1RNGA_0026,bnk_000000000028,689.00,upi,0.00,0.00,0.00,2025-11-13,train,0
pay_00000000003797,setl_T1RNGA_0026,bnk_000000000028,374.99,card,7.50,1.35,3.75,2025-11-13,train,0
pay_00000000003968,setl_T1RNGA_0026,bnk_000000000028,991.00,card,19.82,3.57,9.91,2025-11-13,train,0
pay_00000000004056,setl_T1RNGA_0026,bnk_000000000028,2115.50,card,42.31,7.62,0.00,2025-11-13,train,0
pay_00000000004070,setl_T1RNGA_0026,bnk_000000000028,139.00,card,2.78,0.50,1.39,2025-11-13,train,0
pay_00000000000079,setl_T1RNGA_0027,bnk_000000000029,308.52,card,6.17,1.11,3.09,2025-11-13,train,0
pay_00000000000391,setl_T1RNGA_0027,bnk_000000000029,991.00,netbanking,15.00,2.70,0.00,2025-11-13,train,0
pay_00000000000404,setl_T1RNGA_0027,bnk_000000000029,301.99,wallet,5.44,0.98,0.00,2025-11-13,train,0
pay_00000000000572,setl_T1RNGA_0027,bnk_000000000029,563.71,upi,0.00,0.00,5.64,2025-11-13,train,0
pay_00000000000607,setl_T1RNGA_0027,bnk_000000000029,251.66,card,5.03,0.91,0.00,2025-11-13,train,0
pay_00000000000766,setl_T1RNGA_0027,bnk_000000000029,1340.00,upi,0.00,0.00,13.40,2025-11-13,train,0
pay_00000000000780,setl_T1RNGA_0027,bnk_000000000029,616.34,netbanking,15.00,2.70,0.00,2025-11-13,train,0
pay_00000000001088,setl_T1RNGA_0027,bnk_000000000029,799.00,upi,0.00,0.00,7.99,2025-11-13,train,0
pay_00000000001132,setl_T1RNGA_0027,bnk_000000000029,421.67,wallet,7.59,1.37,4.22,2025-11-13,train,0
pay_00000000001141,setl_T1RNGA_0027,bnk_000000000029,152.00,card,3.04,0.55,1.52,2025-11-13,train,0
pay_00000000001211,setl_T1RNGA_0027,bnk_000000000029,1980.84,netbanking,15.00,2.70,0.00,2025-11-13,train,0
pay_00000000001387,setl_T1RNGA_0027,bnk_000000000029,773.98,upi,0.00,0.00,7.74,2025-11-13,train,0
pay_00000000001574,setl_T1RNGA_0027,bnk_000000000029,622.16,netbanking,15.00,2.70,0.00,2025-11-13,train,0
pay_00000000001589,setl_T1RNGA_0027,bnk_000000000029,899.57,card,17.99,3.24,9.00,2025-11-13,train,0
pay_00000000002299,setl_T1RNGA_0027,bnk_000000000029,682.00,netbanking,15.00,2.70,0.00,2025-11-13,train,0
pay_00000000002337,setl_T1RNGA_0027,bnk_000000000029,472.03,upi,0.00,0.00,4.72,2025-11-13,train,0
pay_00000000002614,setl_T1RNGA_0027,bnk_000000000029,1119.87,card,22.40,4.03,0.00,2025-11-13,train,0
pay_00000000002636,setl_T1RNGA_0027,bnk_000000000029,2815.00,upi,0.00,0.00,28.15,2025-11-13,train,0
pay_00000000002679,setl_T1RNGA_0027,bnk_000000000029,8591.80,upi,0.00,0.00,85.92,2025-11-13,train,0
pay_00000000002743,setl_T1RNGA_0027,bnk_000000000029,119.95,wallet,2.16,0.39,1.20,2025-11-13,train,0
pay_00000000002770,setl_T1RNGA_0027,bnk_000000000029,192.99,netbanking,15.00,2.70,0.00,2025-11-13,train,0
pay_00000000002862,setl_T1RNGA_0027,bnk_000000000029,436.00,upi,0.00,0.00,0.00,2025-11-13,train,0
pay_00000000002898,setl_T1RNGA_0027,bnk_000000000029,1032.46,netbanking,15.00,2.70,0.00,2025-11-13,train,0
pay_00000000002993,setl_T1RNGA_0027,bnk_000000000029,557.21,upi,0.00,0.00,0.00,2025-11-13,train,0
pay_00000000003075,setl_T1RNGA_0027,bnk_000000000029,986.00,upi,0.00,0.00,0.00,2025-11-13,train,0
pay_00000000003112,setl_T1RNGA_0027,bnk_000000000029,348.85,wallet,6.28,1.13,0.00,2025-11-13,train,0
pay_00000000003234,setl_T1RNGA_0027,bnk_000000000029,752.65,upi,0.00,0.00,7.53,2025-11-13,train,0
pay_00000000003259,setl_T1RNGA_0027,bnk_000000000029,350.22,upi,0.00,0.00,0.00,2025-11-13,train,0
pay_00000000003405,setl_T1RNGA_0027,bnk_000000000029,510.00,upi,0.00,0.00,5.10,2025-11-13,train,0
pay_00000000003611,setl_T1RNGA_0027,bnk_000000000029,678.89,card,13.58,2.44,0.00,2025-11-13,train,0
pay_00000000003814,setl_T1RNGA_0027,bnk_000000000029,312.00,card,6.24,1.12,0.00,2025-11-13,train,0
pay_00000000003836,setl_T1RNGA_0027,bnk_000000000029,636.99,upi,0.00,0.00,6.37,2025-11-13,train,0
pay_00000000003849,setl_T1RNGA_0027,bnk_000000000029,271.57,upi,0.00,0.00,0.00,2025-11-13,train,0
pay_00000000003912,setl_T1RNGA_0027,bnk_000000000029,611.66,card,12.23,2.20,0.00,2025-11-13,train,0
pay_00000000004154,setl_T1RNGA_0027,bnk_000000000029,419.27,netbanking,15.00,2.70,4.19,2025-11-13,train,0
pay_00000000000071,setl_T1RNGA_0028,bnk_000000000030,258.99,wallet,4.66,0.84,2.59,2025-11-13,train,0
pay_00000000000155,setl_T1RNGA_0028,bnk_000000000030,505.81,upi,0.00,0.00,0.00,2025-11-13,train,0
pay_00000000000215,setl_T1RNGA_0028,bnk_000000000030,3148.21,netbanking,15.00,2.70,31.48,2025-11-13,train,0
pay_00000000000257,setl_T1RNGA_0028,bnk_000000000030,1747.00,card,34.94,6.29,0.00,2025-11-13,train,0
pay_00000000000370,setl_T1RNGA_0028,bnk_000000000030,511.63,upi,0.00,0.00,0.00,2025-11-13,train,0
pay_00000000000815,setl_T1RNGA_0028,bnk_000000000030,2211.39,wallet,39.81,7.17,0.00,2025-11-13,train,0
pay_00000000001050,setl_T1RNGA_0028,bnk_000000000030,440.00,card,8.80,1.58,4.40,2025-11-13,train,0
pay_00000000001134,setl_T1RNGA_0028,bnk_000000000030,866.00,upi,0.00,0.00,0.00,2025-11-13,train,0
pay_00000000001264,setl_T1RNGA_0028,bnk_000000000030,3560.29,upi,0.00,0.00,35.60,2025-11-13,train,0
pay_00000000001327,setl_T1RNGA_0028,bnk_000000000030,2258.45,card,45.17,8.13,0.00,2025-11-13,train,0
pay_00000000001397,setl_T1RNGA_0028,bnk_000000000030,275.99,card,5.52,0.99,2.76,2025-11-13,train,0
pay_00000000001553,setl_T1RNGA_0028,bnk_000000000030,843.73,netbanking,15.00,2.70,0.00,2025-11-13,train,0
pay_00000000001554,setl_T1RNGA_0028,bnk_000000000030,1068.00,wallet,19.22,3.46,0.00,2025-11-13,train,0
pay_00000000001690,setl_T1RNGA_0028,bnk_000000000030,1040.36,upi,0.00,0.00,0.00,2025-11-13,train,0
pay_00000000001746,setl_T1RNGA_0028,bnk_000000000030,569.74,wallet,10.26,1.85,5.70,2025-11-13,train,0
pay_00000000001773,setl_T1RNGA_0028,bnk_000000000030,955.88,upi,0.00,0.00,9.56,2025-11-13,train,0
pay_00000000001894,setl_T1RNGA_0028,bnk_000000000030,624.24,upi,0.00,0.00,6.24,2025-11-13,train,0
pay_00000000001936,setl_T1RNGA_0028,bnk_000000000030,263.00,card,5.26,0.95,2.63,2025-11-13,train,0
pay_00000000001939,setl_T1RNGA_0028,bnk_000000000030,1648.34,netbanking,15.00,2.70,16.48,2025-11-13,train,0
pay_00000000002003,setl_T1RNGA_0028,bnk_000000000030,508.70,upi,0.00,0.00,0.00,2025-11-13,train,0
pay_00000000002025,setl_T1RNGA_0028,bnk_000000000030,1046.00,card,20.92,3.77,10.46,2025-11-13,train,0
pay_00000000002059,setl_T1RNGA_0028,bnk_000000000030,406.00,netbanking,15.00,2.70,4.06,2025-11-13,train,0
pay_00000000002125,setl_T1RNGA_0028,bnk_000000000030,577.00,card,11.54,2.08,5.77,2025-11-13,train,0
pay_00000000002126,setl_T1RNGA_0028,bnk_000000000030,777.00,upi,0.00,0.00,7.77,2025-11-13,train,0
pay_00000000002267,setl_T1RNGA_0028,bnk_000000000030,2027.00,upi,0.00,0.00,0.00,2025-11-13,train,0
pay_00000000002273,setl_T1RNGA_0028,bnk_000000000030,884.99,card,17.70,3.19,0.00,2025-11-13,train,0
pay_00000000002367,setl_T1RNGA_0028,bnk_000000000030,3146.12,upi,0.00,0.00,0.00,2025-11-13,train,0
pay_00000000002479,setl_T1RNGA_0028,bnk_000000000030,507.65,upi,0.00,0.00,0.00,2025-11-13,train,0
pay_00000000002613,setl_T1RNGA_0028,bnk_000000000030,1976.18,upi,0.00,0.00,0.00,2025-11-13,train,0
pay_00000000002660,setl_T1RNGA_0028,bnk_000000000030,893.29,upi,0.00,0.00,8.93,2025-11-13,train,0
pay_00000000002875,setl_T1RNGA_0028,bnk_000000000030,280.00,upi,0.00,0.00,0.00,2025-11-13,train,0
pay_00000000002954,setl_T1RNGA_0028,bnk_000000000030,3489.00,wallet,62.80,11.30,0.00,2025-11-13,train,0
pay_00000000002966,setl_T1RNGA_0028,bnk_000000000030,4500.78,upi,0.00,0.00,45.01,2025-11-13,train,0
pay_00000000003252,setl_T1RNGA_0028,bnk_000000000030,880.00,upi,0.00,0.00,0.00,2025-11-13,train,0
pay_00000000003381,setl_T1RNGA_0028,bnk_000000000030,902.68,wallet,16.25,2.93,0.00,2025-11-13,train,0
pay_00000000003424,setl_T1RNGA_0028,bnk_000000000030,617.99,upi,0.00,0.00,0.00,2025-11-13,train,0
pay_00000000003485,setl_T1RNGA_0028,bnk_000000000030,2855.87,card,57.12,10.28,28.56,2025-11-13,train,0
pay_00000000003487,setl_T1RNGA_0028,bnk_000000000030,655.00,card,13.10,2.36,6.55,2025-11-13,train,0
pay_00000000003681,setl_T1RNGA_0028,bnk_000000000030,214.57,upi,0.00,0.00,0.00,2025-11-13,train,0
pay_00000000003785,setl_T1RNGA_0028,bnk_000000000030,2718.00,upi,0.00,0.00,27.18,2025-11-13,train,0
pay_00000000003872,setl_T1RNGA_0028,bnk_000000000030,154.34,wallet,2.78,0.50,1.54,2025-11-13,train,0
pay_00000000003884,setl_T1RNGA_0028,bnk_000000000030,491.77,upi,0.00,0.00,4.92,2025-11-13,train,0
pay_00000000003916,setl_T1RNGA_0028,bnk_000000000030,2671.27,netbanking,15.00,2.70,26.71,2025-11-13,train,0
pay_00000000003935,setl_T1RNGA_0028,bnk_000000000030,646.00,netbanking,15.00,2.70,0.00,2025-11-13,train,0
pay_00000000000464,setl_T1RNGA_0029,bnk_000000000031,1743.99,card,39.24,7.06,17.44,2025-11-14,train,0
pay_00000000000504,setl_T1RNGA_0029,bnk_000000000031,324.99,card,7.31,1.32,3.25,2025-11-14,train,0
pay_00000000000511,setl_T1RNGA_0029,bnk_000000000031,2849.39,card,64.11,11.54,28.49,2025-11-14,train,0
pay_00000000000653,setl_T1RNGA_0029,bnk_000000000031,911.00,card,20.50,3.69,9.11,2025-11-14,train,0
pay_00000000000725,setl_T1RNGA_0029,bnk_000000000031,622.19,netbanking,16.56,2.98,6.22,2025-11-14,train,0
pay_00000000000752,setl_T1RNGA_0029,bnk_000000000031,153.00,upi,0.38,0.07,1.53,2025-11-14,train,0
pay_00000000000775,setl_T1RNGA_0029,bnk_000000000031,629.57,card,14.16,2.55,6.30,2025-11-14,train,0
pay_00000000000844,setl_T1RNGA_0029,bnk_000000000031,1801.17,wallet,36.92,6.65,18.01,2025-11-14,train,0
pay_00000000000870,setl_T1RNGA_0029,bnk_000000000031,482.89,upi,1.21,0.22,0.00,2025-11-14,train,0
pay_00000000000888,setl_T1RNGA_0029,bnk_000000000031,1066.46,card,24.00,4.32,10.66,2025-11-14,train,0
pay_00000000000952,setl_T1RNGA_0029,bnk_000000000031,784.00,netbanking,16.96,3.05,7.84,2025-11-14,train,0
pay_00000000001039,setl_T1RNGA_0029,bnk_000000000031,2390.81,upi,5.98,1.08,23.91,2025-11-14,train,0
pay_00000000001107,setl_T1RNGA_0029,bnk_000000000031,2332.00,netbanking,20.83,3.75,0.00,2025-11-14,train,0
pay_00000000001399,setl_T1RNGA_0029,bnk_000000000031,710.99,upi,1.78,0.32,0.00,2025-11-14,train,0
pay_00000000001431,setl_T1RNGA_0029,bnk_000000000031,3394.00,card,76.37,13.75,33.94,2025-11-14,train,0
pay_00000000001566,setl_T1RNGA_0029,bnk_000000000031,1065.99,upi,2.66,0.48,10.66,2025-11-14,train,0
pay_00000000001802,setl_T1RNGA_0029,bnk_000000000031,463.21,upi,1.16,0.21,0.00,2025-11-14,train,0
pay_00000000001999,setl_T1RNGA_0029,bnk_000000000031,694.53,upi,1.74,0.31,6.95,2025-11-14,train,0
pay_00000000002258,setl_T1RNGA_0029,bnk_000000000031,750.62,netbanking,16.88,3.04,7.51,2025-11-14,train,0
pay_00000000002340,setl_T1RNGA_0029,bnk_000000000031,1742.00,wallet,35.72,6.43,0.00,2025-11-14,train,0
pay_00000000002538,setl_T1RNGA_0029,bnk_000000000031,802.39,upi,2.01,0.36,0.00,2025-11-14,train,0
pay_00000000002646,setl_T1RNGA_0029,bnk_000000000031,3052.44,upi,7.63,1.37,30.52,2025-11-14,train,0
pay_00000000002786,setl_T1RNGA_0029,bnk_000000000031,726.14,upi,1.82,0.33,0.00,2025-11-14,train,0
pay_00000000003010,setl_T1RNGA_0029,bnk_000000000031,1033.00,card,23.24,4.18,10.33,2025-11-14,train,0
pay_00000000003260,setl_T1RNGA_0029,bnk_000000000031,3474.07,upi,8.69,1.56,0.00,2025-11-14,train,0
pay_00000000003309,setl_T1RNGA_0029,bnk_000000000031,656.99,upi,1.64,0.30,6.57,2025-11-14,train,0
pay_00000000003319,setl_T1RNGA_0029,bnk_000000000031,915.66,netbanking,17.29,3.11,0.00,2025-11-14,train,0
pay_00000000003340,setl_T1RNGA_0029,bnk_000000000031,14851.00,card,334.15,60.15,148.51,2025-11-14,train,0
pay_00000000003348,setl_T1RNGA_0029,bnk_000000000031,370.32,upi,0.93,0.17,0.00,2025-11-14,train,0
pay_00000000003626,setl_T1RNGA_0029,bnk_000000000031,1252.00,upi,3.13,0.56,12.52,2025-11-14,train,0
pay_00000000004016,setl_T1RNGA_0029,bnk_000000000031,490.09,upi,1.23,0.22,4.90,2025-11-14,train,0
pay_00000000000663,setl_T1RNGA_0030,bnk_000000000032,754.99,upi,0.00,0.00,0.00,2025-11-15,train,0
pay_00000000000765,setl_T1RNGA_0030,bnk_000000000032,840.15,card,16.80,3.02,8.40,2025-11-15,train,0
pay_00000000000977,setl_T1RNGA_0030,bnk_000000000032,424.00,upi,0.00,0.00,0.00,2025-11-15,train,0
pay_00000000001838,setl_T1RNGA_0030,bnk_000000000032,1813.00,card,36.26,6.53,0.00,2025-11-15,train,0
pay_00000000002015,setl_T1RNGA_0030,bnk_000000000032,849.73,card,16.99,3.06,0.00,2025-11-15,train,0
pay_00000000002595,setl_T1RNGA_0030,bnk_000000000032,685.99,card,13.72,2.47,6.86,2025-11-15,train,0
pay_00000000002708,setl_T1RNGA_0030,bnk_000000000032,194.85,upi,0.00,0.00,0.00,2025-11-15,train,0
pay_00000000003335,setl_T1RNGA_0030,bnk_000000000032,320.29,card,6.41,1.15,3.20,2025-11-15,train,0
pay_00000000003804,setl_T1RNGA_0030,bnk_000000000032,1410.00,card,28.20,5.08,14.10,2025-11-15,train,0
pay_00000000000015,setl_T1RNGA_0031,bnk_000000000033,2878.90,netbanking,15.00,2.70,0.00,2025-11-15,train,0
pay_00000000000289,setl_T1RNGA_0031,bnk_000000000033,971.64,upi,0.00,0.00,0.00,2025-11-15,train,0
pay_00000000000600,setl_T1RNGA_0031,bnk_000000000033,303.14,upi,0.00,0.00,3.03,2025-11-15,train,0
pay_00000000001352,setl_T1RNGA_0031,bnk_000000000033,1542.00,wallet,27.76,5.00,0.00,2025-11-15,train,0
pay_00000000001370,setl_T1RNGA_0031,bnk_000000000033,1258.10,card,25.16,4.53,12.58,2025-11-15,train,0
pay_00000000001442,setl_T1RNGA_0031,bnk_000000000033,1019.37,card,20.39,3.67,0.00,2025-11-15,train,0
pay_00000000001519,setl_T1RNGA_0031,bnk_000000000033,713.10,netbanking,15.00,2.70,7.13,2025-11-15,train,0
pay_00000000002086,setl_T1RNGA_0031,bnk_000000000033,804.05,card,16.08,2.89,8.04,2025-11-15,train,0
pay_00000000002763,setl_T1RNGA_0031,bnk_000000000033,189.60,upi,0.00,0.00,1.90,2025-11-15,train,0
pay_00000000002808,setl_T1RNGA_0031,bnk_000000000033,12917.00,card,258.34,46.50,129.17,2025-11-15,train,0
pay_00000000002949,setl_T1RNGA_0031,bnk_000000000033,2201.16,upi,0.00,0.00,0.00,2025-11-15,train,0
pay_00000000003178,setl_T1RNGA_0031,bnk_000000000033,309.17,netbanking,15.00,2.70,0.00,2025-11-15,train,0
pay_00000000003209,setl_T1RNGA_0031,bnk_000000000033,455.00,upi,0.00,0.00,0.00,2025-11-15,train,0
pay_00000000003257,setl_T1RNGA_0031,bnk_000000000033,1050.48,upi,0.00,0.00,10.50,2025-11-15,train,0
pay_00000000003314,setl_T1RNGA_0031,bnk_000000000033,307.99,upi,0.00,0.00,0.00,2025-11-15,train,0
pay_00000000003478,setl_T1RNGA_0031,bnk_000000000033,177.79,card,3.56,0.64,1.78,2025-11-15,train,0
pay_00000000003500,setl_T1RNGA_0031,bnk_000000000033,131.00,upi,0.00,0.00,0.00,2025-11-15,train,0
pay_00000000003686,setl_T1RNGA_0031,bnk_000000000033,459.99,upi,0.00,0.00,0.00,2025-11-15,train,0
pay_00000000003751,setl_T1RNGA_0031,bnk_000000000033,651.99,upi,0.00,0.00,0.00,2025-11-15,train,0
pay_00000000003753,setl_T1RNGA_0031,bnk_000000000033,233.58,upi,0.00,0.00,0.00,2025-11-15,train,0
pay_00000000003790,setl_T1RNGA_0031,bnk_000000000033,1893.99,upi,0.00,0.00,18.94,2025-11-15,train,0
pay_00000000003862,setl_T1RNGA_0031,bnk_000000000033,952.56,upi,0.00,0.00,9.53,2025-11-15,train,0
pay_00000000003978,setl_T1RNGA_0031,bnk_000000000033,228.46,wallet,4.11,0.74,0.00,2025-11-15,train,0
pay_00000000004001,setl_T1RNGA_0031,bnk_000000000033,833.24,card,16.66,3.00,0.00,2025-11-15,train,0
pay_00000000004007,setl_T1RNGA_0031,bnk_000000000033,243.56,upi,0.00,0.00,0.00,2025-11-15,train,0
pay_00000000004194,setl_T1RNGA_0031,bnk_000000000033,3267.41,upi,0.00,0.00,32.67,2025-11-15,train,0
pay_00000000000072,setl_T1RNGA_0032,bnk_000000000034,1027.12,card,20.54,3.70,10.27,2025-11-15,train,0
pay_00000000000112,setl_T1RNGA_0032,bnk_000000000034,458.27,netbanking,15.00,2.70,0.00,2025-11-15,train,0
pay_00000000000292,setl_T1RNGA_0032,bnk_000000000034,2377.08,upi,0.00,0.00,23.77,2025-11-15,train,0
pay_00000000000319,setl_T1RNGA_0032,bnk_000000000034,958.00,card,19.16,3.45,9.58,2025-11-15,train,0
pay_00000000000460,setl_T1RNGA_0032,bnk_000000000034,910.42,upi,0.00,0.00,9.10,2025-11-15,train,0
pay_00000000000486,setl_T1RNGA_0032,bnk_000000000034,2459.00,netbanking,15.00,2.70,24.59,2025-11-15,train,0
pay_00000000000741,setl_T1RNGA_0032,bnk_000000000034,798.74,upi,0.00,0.00,0.00,2025-11-15,train,0
pay_00000000000746,setl_T1RNGA_0032,bnk_000000000034,937.00,upi,0.00,0.00,9.37,2025-11-15,train,0
pay_00000000000856,setl_T1RNGA_0032,bnk_000000000034,3415.00,upi,0.00,0.00,0.00,2025-11-15,train,0
pay_00000000000910,setl_T1RNGA_0032,bnk_000000000034,1056.55,upi,0.00,0.00,10.57,2025-11-15,train,0
pay_00000000000935,setl_T1RNGA_0032,bnk_000000000034,376.99,card,7.54,1.36,3.77,2025-11-15,train,0
pay_00000000000955,setl_T1RNGA_0032,bnk_000000000034,683.61,wallet,12.30,2.21,6.84,2025-11-15,train,0
pay_00000000000959,setl_T1RNGA_0032,bnk_000000000034,933.30,card,18.67,3.36,9.33,2025-11-15,train,0
pay_00000000001135,setl_T1RNGA_0032,bnk_000000000034,2363.01,netbanking,15.00,2.70,23.63,2025-11-15,train,0
pay_00000000001150,setl_T1RNGA_0032,bnk_000000000034,256.98,upi,0.00,0.00,2.57,2025-11-15,train,0
pay_00000000001215,setl_T1RNGA_0032,bnk_000000000034,366.97,card,7.34,1.32,3.67,2025-11-15,train,0
pay_00000000001218,setl_T1RNGA_0032,bnk_000000000034,2436.00,upi,0.00,0.00,24.36,2025-11-15,train,0
pay_00000000001255,setl_T1RNGA_0032,bnk_000000000034,2745.00,upi,0.00,0.00,27.45,2025-11-15,train,0
pay_00000000001414,setl_T1RNGA_0032,bnk_000000000034,863.00,upi,0.00,0.00,0.00,2025-11-15,train,0
pay_00000000001503,setl_T1RNGA_0032,bnk_000000000034,2427.95,upi,0.00,0.00,24.28,2025-11-15,train,0
pay_00000000001724,setl_T1RNGA_0032,bnk_000000000034,588.00,card,11.76,2.12,0.00,2025-11-15,train,0
pay_00000000001740,setl_T1RNGA_0032,bnk_000000000034,105.00,wallet,1.89,0.34,0.00,2025-11-15,train,0
pay_00000000001917,setl_T1RNGA_0032,bnk_000000000034,549.18,netbanking,15.00,2.70,0.00,2025-11-15,train,0
pay_00000000001931,setl_T1RNGA_0032,bnk_000000000034,495.99,upi,0.00,0.00,4.96,2025-11-15,train,0
pay_00000000001934,setl_T1RNGA_0032,bnk_000000000034,754.00,netbanking,15.00,2.70,0.00,2025-11-15,train,0
pay_00000000002082,setl_T1RNGA_0032,bnk_000000000034,239.00,upi,0.00,0.00,0.00,2025-11-15,train,0
pay_00000000002185,setl_T1RNGA_0032,bnk_000000000034,1078.00,upi,0.00,0.00,10.78,2025-11-15,train,0
pay_00000000002199,setl_T1RNGA_0032,bnk_000000000034,111.61,upi,0.00,0.00,1.12,2025-11-15,train,0
pay_00000000002311,setl_T1RNGA_0032,bnk_000000000034,729.99,card,14.60,2.63,7.30,2025-11-15,train,0
pay_00000000002316,setl_T1RNGA_0032,bnk_000000000034,356.71,upi,0.00,0.00,3.57,2025-11-15,train,0
pay_00000000002330,setl_T1RNGA_0032,bnk_000000000034,872.16,netbanking,15.00,2.70,0.00,2025-11-15,train,0
pay_00000000002383,setl_T1RNGA_0032,bnk_000000000034,731.99,wallet,13.18,2.37,7.32,2025-11-15,train,0
pay_00000000002454,setl_T1RNGA_0032,bnk_000000000034,2201.49,card,44.03,7.93,0.00,2025-11-15,train,0
pay_00000000002697,setl_T1RNGA_0032,bnk_000000000034,345.99,card,6.92,1.25,0.00,2025-11-15,train,0
pay_00000000002706,setl_T1RNGA_0032,bnk_000000000034,15560.51,upi,0.00,0.00,155.61,2025-11-15,train,0
pay_00000000002900,setl_T1RNGA_0032,bnk_000000000034,977.00,card,19.54,3.52,9.77,2025-11-15,train,0
pay_00000000002912,setl_T1RNGA_0032,bnk_000000000034,246.00,upi,0.00,0.00,2.46,2025-11-15,train,0
pay_00000000002938,setl_T1RNGA_0032,bnk_000000000034,579.00,upi,0.00,0.00,5.79,2025-11-15,train,0
pay_00000000002960,setl_T1RNGA_0032,bnk_000000000034,275.00,upi,0.00,0.00,2.75,2025-11-15,train,0
pay_00000000003068,setl_T1RNGA_0032,bnk_000000000034,2300.16,upi,0.00,0.00,0.00,2025-11-15,train,0
pay_00000000003096,setl_T1RNGA_0032,bnk_000000000034,1503.39,upi,0.00,0.00,0.00,2025-11-15,train,0
pay_00000000003184,setl_T1RNGA_0032,bnk_000000000034,451.57,card,9.03,1.63,4.52,2025-11-15,train,0
pay_00000000003331,setl_T1RNGA_0032,bnk_000000000034,132.00,card,2.64,0.48,0.00,2025-11-15,train,0
pay_00000000003420,setl_T1RNGA_0032,bnk_000000000034,410.00,card,8.20,1.48,0.00,2025-11-15,train,0
pay_00000000003480,setl_T1RNGA_0032,bnk_000000000034,1143.12,upi,0.00,0.00,0.00,2025-11-15,train,0
pay_00000000003670,setl_T1RNGA_0032,bnk_000000000034,133.99,upi,0.00,0.00,1.34,2025-11-15,train,0
pay_00000000003703,setl_T1RNGA_0032,bnk_000000000034,906.00,upi,0.00,0.00,9.06,2025-11-15,train,0
pay_00000000003764,setl_T1RNGA_0032,bnk_000000000034,793.00,wallet,14.27,2.57,7.93,2025-11-15,train,0
pay_00000000003809,setl_T1RNGA_0032,bnk_000000000034,797.09,upi,0.00,0.00,7.97,2025-11-15,train,0
pay_00000000003969,setl_T1RNGA_0032,bnk_000000000034,231.12,upi,0.00,0.00,2.31,2025-11-15,train,0
pay_00000000004023,setl_T1RNGA_0032,bnk_000000000034,1171.50,card,23.43,4.22,11.72,2025-11-15,train,0
pay_00000000004041,setl_T1RNGA_0032,bnk_000000000034,946.84,upi,0.00,0.00,9.47,2025-11-15,train,0
pay_00000000004046,setl_T1RNGA_0032,bnk_000000000034,14511.01,card,290.22,52.24,145.11,2025-11-15,train,0
pay_00000000004068,setl_T1RNGA_0032,bnk_000000000034,7393.60,upi,0.00,0.00,73.94,2025-11-15,train,0
pay_00000000000027,setl_T1RNGA_0033,bnk_000000000035,913.81,netbanking,15.00,2.70,9.14,2025-11-15,train,0
pay_00000000000229,setl_T1RNGA_0033,bnk_000000000035,288.93,upi,0.00,0.00,0.00,2025-11-15,train,0
pay_00000000000313,setl_T1RNGA_0033,bnk_000000000035,717.09,wallet,12.91,2.32,0.00,2025-11-15,train,0
pay_00000000000501,setl_T1RNGA_0033,bnk_000000000035,376.54,card,7.53,1.36,3.77,2025-11-15,train,0
pay_00000000000529,setl_T1RNGA_0033,bnk_000000000035,935.33,upi,0.00,0.00,9.35,2025-11-15,train,0
pay_00000000000681,setl_T1RNGA_0033,bnk_000000000035,956.99,upi,0.00,0.00,0.00,2025-11-15,train,0
pay_00000000000840,setl_T1RNGA_0033,bnk_000000000035,246.45,card,4.93,0.89,0.00,2025-11-15,train,0
pay_00000000001232,setl_T1RNGA_0033,bnk_000000000035,373.00,upi,0.00,0.00,0.00,2025-11-15,train,0
pay_00000000001238,setl_T1RNGA_0033,bnk_000000000035,584.07,netbanking,15.00,2.70,5.84,2025-11-15,train,0
pay_00000000001388,setl_T1RNGA_0033,bnk_000000000035,395.12,upi,0.00,0.00,3.95,2025-11-15,train,0
pay_00000000001507,setl_T1RNGA_0033,bnk_000000000035,7689.99,upi,0.00,0.00,76.90,2025-11-15,train,0
pay_00000000001523,setl_T1RNGA_0033,bnk_000000000035,531.99,upi,0.00,0.00,5.32,2025-11-15,train,0
pay_00000000001532,setl_T1RNGA_0033,bnk_000000000035,621.87,upi,0.00,0.00,6.22,2025-11-15,train,0
pay_00000000001754,setl_T1RNGA_0033,bnk_000000000035,625.14,netbanking,15.00,2.70,6.25,2025-11-15,train,0
pay_00000000002014,setl_T1RNGA_0033,bnk_000000000035,645.71,upi,0.00,0.00,6.46,2025-11-15,train,0
pay_00000000002040,setl_T1RNGA_0033,bnk_000000000035,328.11,card,6.56,1.18,3.28,2025-11-15,train,0
pay_00000000002041,setl_T1RNGA_0033,bnk_000000000035,695.99,card,13.92,2.51,0.00,2025-11-15,train,0
pay_00000000002182,setl_T1RNGA_0033,bnk_000000000035,541.99,card,10.84,1.95,0.00,2025-11-15,train,0
pay_00000000002263,setl_T1RNGA_0033,bnk_000000000035,444.24,card,8.88,1.60,0.00,2025-11-15,train,0
pay_00000000002338,setl_T1RNGA_0033,bnk_000000000035,822.75,card,16.46,2.96,8.23,2025-11-15,train,0
pay_00000000002353,setl_T1RNGA_0033,bnk_000000000035,3548.00,upi,0.00,0.00,35.48,2025-11-15,train,0
pay_00000000002360,setl_T1RNGA_0033,bnk_000000000035,1389.81,upi,0.00,0.00,13.90,2025-11-15,train,0
pay_00000000002376,setl_T1RNGA_0033,bnk_000000000035,1016.17,card,20.32,3.66,10.16,2025-11-15,train,0
pay_00000000002460,setl_T1RNGA_0033,bnk_000000000035,570.01,card,11.40,2.05,5.70,2025-11-15,train,0
pay_00000000002611,setl_T1RNGA_0033,bnk_000000000035,864.99,upi,0.00,0.00,0.00,2025-11-15,train,0
pay_00000000002809,setl_T1RNGA_0033,bnk_000000000035,247.00,netbanking,15.00,2.70,0.00,2025-11-15,train,0
pay_00000000002843,setl_T1RNGA_0033,bnk_000000000035,220.07,card,4.40,0.79,0.00,2025-11-15,train,0
pay_00000000003042,setl_T1RNGA_0033,bnk_000000000035,13244.00,upi,0.00,0.00,132.44,2025-11-15,train,0
pay_00000000003095,setl_T1RNGA_0033,bnk_000000000035,879.23,upi,0.00,0.00,0.00,2025-11-15,train,0
pay_00000000003615,setl_T1RNGA_0033,bnk_000000000035,206.99,card,4.14,0.75,2.07,2025-11-15,train,0
pay_00000000003706,setl_T1RNGA_0033,bnk_000000000035,511.56,card,10.23,1.84,0.00,2025-11-15,train,0
pay_00000000003716,setl_T1RNGA_0033,bnk_000000000035,1076.00,wallet,19.37,3.49,0.00,2025-11-15,train,0
pay_00000000003727,setl_T1RNGA_0033,bnk_000000000035,3074.62,wallet,55.34,9.96,0.00,2025-11-15,train,0
pay_00000000003729,setl_T1RNGA_0033,bnk_000000000035,1077.36,netbanking,15.00,2.70,0.00,2025-11-15,train,0
pay_00000000003732,setl_T1RNGA_0033,bnk_000000000035,132.80,upi,0.00,0.00,1.33,2025-11-15,train,0
pay_00000000003886,setl_T1RNGA_0033,bnk_000000000035,2702.00,card,54.04,9.73,0.00,2025-11-15,train,0
pay_00000000003945,setl_T1RNGA_0033,bnk_000000000035,856.99,card,17.14,3.09,8.57,2025-11-15,train,0
pay_00000000004027,setl_T1RNGA_0033,bnk_000000000035,925.77,wallet,16.66,3.00,9.26,2025-11-15,train,0
pay_00000000004034,setl_T1RNGA_0033,bnk_000000000035,201.74,upi,0.00,0.00,0.00,2025-11-15,train,0
pay_00000000004096,setl_T1RNGA_0033,bnk_000000000035,885.00,upi,0.00,0.00,0.00,2025-11-15,train,0
pay_00000000004105,setl_T1RNGA_0033,bnk_000000000035,231.43,netbanking,15.00,2.70,0.00,2025-11-15,train,0
pay_00000000004125,setl_T1RNGA_0033,bnk_000000000035,2724.20,upi,0.00,0.00,0.00,2025-11-15,train,0
pay_00000000001536,setl_T1RNGA_0034,bnk_000000000036,372.23,upi,0.00,0.00,0.00,2025-11-17,train,0
pay_00000000001778,setl_T1RNGA_0034,bnk_000000000036,725.83,upi,0.00,0.00,0.00,2025-11-17,train,0
pay_00000000001928,setl_T1RNGA_0034,bnk_000000000036,1037.21,card,20.74,3.73,0.00,2025-11-17,train,0
pay_00000000002555,setl_T1RNGA_0034,bnk_000000000036,839.99,upi,0.00,0.00,8.40,2025-11-17,train,0
pay_00000000002816,setl_T1RNGA_0034,bnk_000000000036,2326.65,wallet,41.88,7.54,23.27,2025-11-17,train,0
pay_00000000003345,setl_T1RNGA_0034,bnk_000000000036,3932.00,upi,0.00,0.00,0.00,2025-11-17,train,0
pay_00000000003594,setl_T1RNGA_0034,bnk_000000000036,807.98,card,16.16,2.91,0.00,2025-11-17,train,0
pay_00000000003641,setl_T1RNGA_0034,bnk_000000000036,137.85,wallet,2.48,0.45,1.38,2025-11-17,train,0
pay_00000000004058,setl_T1RNGA_0034,bnk_000000000036,760.15,netbanking,15.00,2.70,7.60,2025-11-17,train,0
pay_00000000000012,setl_T1RNGA_0035,bnk_000000000037,447.73,wallet,8.06,1.45,0.00,2025-11-17,train,0
pay_00000000000492,setl_T1RNGA_0035,bnk_000000000037,546.00,card,10.92,1.97,5.46,2025-11-17,train,0
pay_00000000000550,setl_T1RNGA_0035,bnk_000000000037,1038.70,upi,0.00,0.00,10.39,2025-11-17,train,0
pay_00000000000574,setl_T1RNGA_0035,bnk_000000000037,427.31,upi,0.00,0.00,4.27,2025-11-17,train,0
pay_00000000000585,setl_T1RNGA_0035,bnk_000000000037,587.49,netbanking,15.00,2.70,5.87,2025-11-17,train,0
pay_00000000000797,setl_T1RNGA_0035,bnk_000000000037,1062.00,upi,0.00,0.00,0.00,2025-11-17,train,0
pay_00000000000849,setl_T1RNGA_0035,bnk_000000000037,495.69,card,9.91,1.78,4.96,2025-11-17,train,0
pay_00000000000928,setl_T1RNGA_0035,bnk_000000000037,5860.55,upi,0.00,0.00,58.61,2025-11-17,train,0
pay_00000000001051,setl_T1RNGA_0035,bnk_000000000037,152.99,card,3.06,0.55,1.53,2025-11-17,train,0
pay_00000000001186,setl_T1RNGA_0035,bnk_000000000037,2349.99,netbanking,15.00,2.70,0.00,2025-11-17,train,0
pay_00000000001465,setl_T1RNGA_0035,bnk_000000000037,1469.09,netbanking,15.00,2.70,14.69,2025-11-17,train,0
pay_00000000001676,setl_T1RNGA_0035,bnk_000000000037,870.05,wallet,15.66,2.82,8.70,2025-11-17,train,0
pay_00000000002545,setl_T1RNGA_0035,bnk_000000000037,381.25,netbanking,15.00,2.70,0.00,2025-11-17,train,0
pay_00000000002669,setl_T1RNGA_0035,bnk_000000000037,423.99,wallet,7.63,1.37,0.00,2025-11-17,train,0
pay_00000000003313,setl_T1RNGA_0035,bnk_000000000037,892.50,card,17.85,3.21,8.93,2025-11-17,train,0
pay_00000000003338,setl_T1RNGA_0035,bnk_000000000037,453.99,upi,0.00,0.00,4.54,2025-11-17,train,0
pay_00000000003367,setl_T1RNGA_0035,bnk_000000000037,859.00,upi,0.00,0.00,0.00,2025-11-17,train,0
pay_00000000003579,setl_T1RNGA_0035,bnk_000000000037,305.55,upi,0.00,0.00,0.00,2025-11-17,train,0
pay_00000000003702,setl_T1RNGA_0035,bnk_000000000037,553.22,wallet,9.96,1.79,0.00,2025-11-17,train,0
pay_00000000003767,setl_T1RNGA_0035,bnk_000000000037,2452.05,netbanking,15.00,2.70,0.00,2025-11-17,train,0
pay_00000000004183,setl_T1RNGA_0035,bnk_000000000037,669.91,wallet,12.06,2.17,6.70,2025-11-17,train,0
pay_00000000000135,setl_T1RNGA_0036,bnk_000000000038,991.30,upi,0.00,0.00,0.00,2025-11-17,train,0
pay_00000000000186,setl_T1RNGA_0036,bnk_000000000038,393.37,upi,0.00,0.00,3.93,2025-11-17,train,0
pay_00000000000352,setl_T1RNGA_0036,bnk_000000000038,2051.99,upi,0.00,0.00,0.00,2025-11-17,train,0
pay_00000000000397,setl_T1RNGA_0036,bnk_000000000038,3317.67,upi,0.00,0.00,33.18,2025-11-17,train,0
pay_00000000000409,setl_T1RNGA_0036,bnk_000000000038,581.19,upi,0.00,0.00,5.81,2025-11-17,train,0
pay_00000000000410,setl_T1RNGA_0036,bnk_000000000038,8224.00,wallet,148.03,26.65,82.24,2025-11-17,train,0
pay_00000000000591,setl_T1RNGA_0036,bnk_000000000038,1859.99,netbanking,15.00,2.70,18.60,2025-11-17,train,0
pay_00000000000610,setl_T1RNGA_0036,bnk_000000000038,489.01,upi,0.00,0.00,4.89,2025-11-17,train,0
pay_00000000000730,setl_T1RNGA_0036,bnk_000000000038,475.00,upi,0.00,0.00,4.75,2025-11-17,train,0
pay_00000000000803,setl_T1RNGA_0036,bnk_000000000038,165.00,card,3.30,0.59,1.65,2025-11-17,train,0
pay_00000000000824,setl_T1RNGA_0036,bnk_000000000038,640.00,upi,0.00,0.00,6.40,2025-11-17,train,0
pay_00000000000832,setl_T1RNGA_0036,bnk_000000000038,904.13,upi,0.00,0.00,9.04,2025-11-17,train,0
pay_00000000000835,setl_T1RNGA_0036,bnk_000000000038,635.00,netbanking,15.00,2.70,6.35,2025-11-17,train,0
pay_00000000001055,setl_T1RNGA_0036,bnk_000000000038,1130.19,upi,0.00,0.00,0.00,2025-11-17,train,0
pay_00000000001311,setl_T1RNGA_0036,bnk_000000000038,1050.99,upi,0.00,0.00,0.00,2025-11-17,train,0
pay_00000000001513,setl_T1RNGA_0036,bnk_000000000038,801.07,upi,0.00,0.00,0.00,2025-11-17,train,0
pay_00000000001526,setl_T1RNGA_0036,bnk_000000000038,2003.00,wallet,36.05,6.49,0.00,2025-11-17,train,0
pay_00000000001542,setl_T1RNGA_0036,bnk_000000000038,443.54,netbanking,15.00,2.70,0.00,2025-11-17,train,0
pay_00000000001750,setl_T1RNGA_0036,bnk_000000000038,118.00,upi,0.00,0.00,0.00,2025-11-17,train,0
pay_00000000001849,setl_T1RNGA_0036,bnk_000000000038,1579.99,card,31.60,5.69,15.80,2025-11-17,train,0
pay_00000000001992,setl_T1RNGA_0036,bnk_000000000038,114.00,card,2.28,0.41,1.14,2025-11-17,train,0
pay_00000000002260,setl_T1RNGA_0036,bnk_000000000038,861.21,card,17.22,3.10,8.61,2025-11-17,train,0
pay_00000000002312,setl_T1RNGA_0036,bnk_000000000038,759.06,upi,0.00,0.00,0.00,2025-11-17,train,0
pay_00000000002322,setl_T1RNGA_0036,bnk_000000000038,1957.00,wallet,35.23,6.34,0.00,2025-11-17,train,0
pay_00000000002363,setl_T1RNGA_0036,bnk_000000000038,665.03,card,13.30,2.39,0.00,2025-11-17,train,0
pay_00000000002415,setl_T1RNGA_0036,bnk_000000000038,659.00,wallet,11.86,2.13,0.00,2025-11-17,train,0
pay_00000000002515,setl_T1RNGA_0036,bnk_000000000038,3282.44,upi,0.00,0.00,0.00,2025-11-17,train,0
pay_00000000002532,setl_T1RNGA_0036,bnk_000000000038,332.00,upi,0.00,0.00,0.00,2025-11-17,train,0
pay_00000000002675,setl_T1RNGA_0036,bnk_000000000038,502.99,netbanking,15.00,2.70,5.03,2025-11-17,train,0
pay_00000000002751,setl_T1RNGA_0036,bnk_000000000038,3073.40,upi,0.00,0.00,30.73,2025-11-17,train,0
pay_00000000002774,setl_T1RNGA_0036,bnk_000000000038,946.56,upi,0.00,0.00,9.47,2025-11-17,train,0
pay_00000000002780,setl_T1RNGA_0036,bnk_000000000038,714.41,upi,0.00,0.00,7.14,2025-11-17,train,0
pay_00000000002806,setl_T1RNGA_0036,bnk_000000000038,1066.84,upi,0.00,0.00,10.67,2025-11-17,train,0
pay_00000000002823,setl_T1RNGA_0036,bnk_000000000038,148.90,card,2.98,0.54,1.49,2025-11-17,train,0
pay_00000000002873,setl_T1RNGA_0036,bnk_000000000038,1005.08,upi,0.00,0.00,10.05,2025-11-17,train,0
pay_00000000002889,setl_T1RNGA_0036,bnk_000000000038,435.00,card,8.70,1.57,4.35,2025-11-17,train,0
pay_00000000002892,setl_T1RNGA_0036,bnk_000000000038,971.00,card,19.42,3.50,0.00,2025-11-17,train,0
pay_00000000002896,setl_T1RNGA_0036,bnk_000000000038,2574.00,upi,0.00,0.00,25.74,2025-11-17,train,0
pay_00000000002897,setl_T1RNGA_0036,bnk_000000000038,1019.29,upi,0.00,0.00,0.00,2025-11-17,train,0
pay_00000000002915,setl_T1RNGA_0036,bnk_000000000038,654.54,upi,0.00,0.00,0.00,2025-11-17,train,0
pay_00000000002945,setl_T1RNGA_0036,bnk_000000000038,362.00,netbanking,15.00,2.70,0.00,2025-11-17,train,0
pay_00000000002955,setl_T1RNGA_0036,bnk_000000000038,389.00,card,7.78,1.40,3.89,2025-11-17,train,0
pay_00000000003099,setl_T1RNGA_0036,bnk_000000000038,866.82,card,17.34,3.12,8.67,2025-11-17,train,0
pay_00000000003116,setl_T1RNGA_0036,bnk_000000000038,2946.58,upi,0.00,0.00,0.00,2025-11-17,train,0
pay_00000000003175,setl_T1RNGA_0036,bnk_000000000038,392.99,upi,0.00,0.00,0.00,2025-11-17,train,0
pay_00000000003312,setl_T1RNGA_0036,bnk_000000000038,11924.29,card,238.49,42.93,119.24,2025-11-17,train,0
pay_00000000003330,setl_T1RNGA_0036,bnk_000000000038,11090.39,upi,0.00,0.00,110.90,2025-11-17,train,0
pay_00000000003430,setl_T1RNGA_0036,bnk_000000000038,166.85,card,3.34,0.60,0.00,2025-11-17,train,0
pay_00000000003645,setl_T1RNGA_0036,bnk_000000000038,165.80,wallet,2.98,0.54,0.00,2025-11-17,train,0
pay_00000000003671,setl_T1RNGA_0036,bnk_000000000038,271.00,card,5.42,0.98,0.00,2025-11-17,train,0
pay_00000000004002,setl_T1RNGA_0036,bnk_000000000038,654.00,netbanking,15.00,2.70,0.00,2025-11-17,train,0
pay_00000000004050,setl_T1RNGA_0036,bnk_000000000038,122.97,card,2.46,0.44,0.00,2025-11-17,train,0
pay_00000000004128,setl_T1RNGA_0036,bnk_000000000038,734.01,card,14.68,2.64,0.00,2025-11-17,train,0
pay_00000000000086,setl_T1RNGA_0037,bnk_000000000039,982.00,upi,0.00,0.00,9.82,2025-11-17,train,0
pay_00000000000097,setl_T1RNGA_0037,bnk_000000000039,132.89,card,2.66,0.48,0.00,2025-11-17,train,0
pay_00000000000129,setl_T1RNGA_0037,bnk_000000000039,256.99,upi,0.00,0.00,2.57,2025-11-17,train,0
pay_00000000000262,setl_T1RNGA_0037,bnk_000000000039,706.18,upi,0.00,0.00,7.06,2025-11-17,train,0
pay_00000000000320,setl_T1RNGA_0037,bnk_000000000039,1020.00,card,20.40,3.67,0.00,2025-11-17,train,0
pay_00000000000359,setl_T1RNGA_0037,bnk_000000000039,3130.71,card,62.61,11.27,31.31,2025-11-17,train,0
pay_00000000000570,setl_T1RNGA_0037,bnk_000000000039,366.12,upi,0.00,0.00,0.00,2025-11-17,train,0
pay_00000000000629,setl_T1RNGA_0037,bnk_000000000039,623.99,upi,0.00,0.00,6.24,2025-11-17,train,0
pay_00000000000659,setl_T1RNGA_0037,bnk_000000000039,1064.24,wallet,19.16,3.45,10.64,2025-11-17,train,0
pay_00000000000711,setl_T1RNGA_0037,bnk_000000000039,4558.87,upi,0.00,0.00,0.00,2025-11-17,train,0
pay_00000000000734,setl_T1RNGA_0037,bnk_000000000039,1037.92,card,20.76,3.74,0.00,2025-11-17,train,0
pay_00000000000740,setl_T1RNGA_0037,bnk_000000000039,634.99,netbanking,15.00,2.70,6.35,2025-11-17,train,0
pay_00000000000898,setl_T1RNGA_0037,bnk_000000000039,967.99,upi,0.00,0.00,0.00,2025-11-17,train,0
pay_00000000000913,setl_T1RNGA_0037,bnk_000000000039,388.00,upi,0.00,0.00,3.88,2025-11-17,train,0
pay_00000000001054,setl_T1RNGA_0037,bnk_000000000039,137.40,card,2.75,0.50,0.00,2025-11-17,train,0
pay_00000000001065,setl_T1RNGA_0037,bnk_000000000039,604.52,wallet,10.88,1.96,6.05,2025-11-17,train,0
pay_00000000001153,setl_T1RNGA_0037,bnk_000000000039,380.47,upi,0.00,0.00,3.80,2025-11-17,train,0
pay_00000000001169,setl_T1RNGA_0037,bnk_000000000039,868.99,card,17.38,3.13,8.69,2025-11-17,train,0
pay_00000000001177,setl_T1RNGA_0037,bnk_000000000039,1045.00,upi,0.00,0.00,10.45,2025-11-17,train,0
pay_00000000001224,setl_T1RNGA_0037,bnk_000000000039,3072.85,upi,0.00,0.00,0.00,2025-11-17,train,0
pay_00000000001355,setl_T1RNGA_0037,bnk_000000000039,297.00,upi,0.00,0.00,2.97,2025-11-17,train,0
pay_00000000001381,setl_T1RNGA_0037,bnk_000000000039,2306.00,card,46.12,8.30,0.00,2025-11-17,train,0
pay_00000000001395,setl_T1RNGA_0037,bnk_000000000039,878.69,upi,0.00,0.00,0.00,2025-11-17,train,0
pay_00000000001617,setl_T1RNGA_0037,bnk_000000000039,2722.99,upi,0.00,0.00,0.00,2025-11-17,train,0
pay_00000000001630,setl_T1RNGA_0037,bnk_000000000039,1324.75,card,26.50,4.77,13.25,2025-11-17,train,0
pay_00000000001942,setl_T1RNGA_0037,bnk_000000000039,283.55,card,5.67,1.02,2.84,2025-11-17,train,0
pay_00000000002054,setl_T1RNGA_0037,bnk_000000000039,286.00,card,5.72,1.03,2.86,2025-11-17,train,0
pay_00000000002081,setl_T1RNGA_0037,bnk_000000000039,1007.90,wallet,18.14,3.27,0.00,2025-11-17,train,0
pay_00000000002357,setl_T1RNGA_0037,bnk_000000000039,186.91,upi,0.00,0.00,0.00,2025-11-17,train,0
pay_00000000002582,setl_T1RNGA_0037,bnk_000000000039,933.73,upi,0.00,0.00,9.34,2025-11-17,train,0
pay_00000000002631,setl_T1RNGA_0037,bnk_000000000039,280.00,upi,0.00,0.00,0.00,2025-11-17,train,0
pay_00000000002803,setl_T1RNGA_0037,bnk_000000000039,688.54,upi,0.00,0.00,6.89,2025-11-17,train,0
pay_00000000002804,setl_T1RNGA_0037,bnk_000000000039,5371.99,card,107.44,19.34,53.72,2025-11-17,train,0
pay_00000000002948,setl_T1RNGA_0037,bnk_000000000039,1585.15,upi,0.00,0.00,15.85,2025-11-17,train,0
pay_00000000002952,setl_T1RNGA_0037,bnk_000000000039,559.14,netbanking,15.00,2.70,5.59,2025-11-17,train,0
pay_00000000003150,setl_T1RNGA_0037,bnk_000000000039,358.88,card,7.18,1.29,0.00,2025-11-17,train,0
pay_00000000003503,setl_T1RNGA_0037,bnk_000000000039,594.68,card,11.89,2.14,0.00,2025-11-17,train,0
pay_00000000003563,setl_T1RNGA_0037,bnk_000000000039,2229.05,upi,0.00,0.00,0.00,2025-11-17,train,0
pay_00000000003584,setl_T1RNGA_0037,bnk_000000000039,283.99,netbanking,15.00,2.70,2.84,2025-11-17,train,0
pay_00000000003689,setl_T1RNGA_0037,bnk_000000000039,654.81,upi,0.00,0.00,0.00,2025-11-17,train,0
pay_00000000003740,setl_T1RNGA_0037,bnk_000000000039,8791.99,upi,0.00,0.00,0.00,2025-11-17,train,0
pay_00000000003908,setl_T1RNGA_0037,bnk_000000000039,612.00,wallet,11.02,1.98,6.12,2025-11-17,train,0
pay_00000000003984,setl_T1RNGA_0037,bnk_000000000039,1205.00,upi,0.00,0.00,12.05,2025-11-17,train,0
pay_00000000003986,setl_T1RNGA_0037,bnk_000000000039,615.00,card,12.30,2.21,6.15,2025-11-17,train,0
pay_00000000000794,setl_T1RNGA_0038,bnk_000000000040,183.99,card,3.68,0.66,0.00,2025-11-18,train,0
pay_00000000001172,setl_T1RNGA_0038,bnk_000000000040,492.01,card,9.84,1.77,4.92,2025-11-18,train,0
pay_00000000001188,setl_T1RNGA_0038,bnk_000000000040,1060.64,card,21.21,3.82,0.00,2025-11-18,train,0
pay_00000000001508,setl_T1RNGA_0038,bnk_000000000040,3067.00,netbanking,15.00,2.70,0.00,2025-11-18,train,0
pay_00000000001877,setl_T1RNGA_0038,bnk_000000000040,259.03,upi,0.00,0.00,2.59,2025-11-18,train,0
pay_00000000003418,setl_T1RNGA_0038,bnk_000000000040,3549.99,upi,0.00,0.00,0.00,2025-11-18,train,0
pay_00000000003455,setl_T1RNGA_0038,bnk_000000000040,2285.27,upi,0.00,0.00,0.00,2025-11-18,train,0
pay_00000000003482,setl_T1RNGA_0038,bnk_000000000040,552.56,upi,0.00,0.00,5.53,2025-11-18,train,0
pay_00000000003653,setl_T1RNGA_0038,bnk_000000000040,2405.00,card,48.10,8.66,0.00,2025-11-18,train,0
pay_00000000003825,setl_T1RNGA_0038,bnk_000000000040,204.27,card,4.09,0.74,2.04,2025-11-18,train,0
pay_00000000003848,setl_T1RNGA_0038,bnk_000000000040,9839.76,upi,0.00,0.00,98.40,2025-11-18,train,0
pay_00000000003976,setl_T1RNGA_0038,bnk_000000000040,190.00,card,3.80,0.68,1.90,2025-11-18,train,0
pay_00000000004026,setl_T1RNGA_0038,bnk_000000000040,619.44,card,12.39,2.23,0.00,2025-11-18,train,0
pay_00000000000018,setl_T1RNGA_0039,bnk_000000000041,2280.00,upi,0.00,0.00,22.80,2025-11-18,train,0
pay_00000000000020,setl_T1RNGA_0039,bnk_000000000041,165.92,wallet,2.99,0.54,1.66,2025-11-18,train,0
pay_00000000000119,setl_T1RNGA_0039,bnk_000000000041,920.02,netbanking,15.00,2.70,0.00,2025-11-18,train,0
pay_00000000000416,setl_T1RNGA_0039,bnk_000000000041,1008.00,upi,0.00,0.00,10.08,2025-11-18,train,0
pay_00000000000474,setl_T1RNGA_0039,bnk_000000000041,559.39,upi,0.00,0.00,5.59,2025-11-18,train,0
pay_00000000000568,setl_T1RNGA_0039,bnk_000000000041,958.72,wallet,17.26,3.11,0.00,2025-11-18,train,0
pay_00000000000727,setl_T1RNGA_0039,bnk_000000000041,1048.19,netbanking,15.00,2.70,0.00,2025-11-18,train,0
pay_00000000000939,setl_T1RNGA_0039,bnk_000000000041,447.11,upi,0.00,0.00,4.47,2025-11-18,train,0
pay_00000000001185,setl_T1RNGA_0039,bnk_000000000041,827.00,upi,0.00,0.00,0.00,2025-11-18,train,0
pay_00000000001203,setl_T1RNGA_0039,bnk_000000000041,2443.27,upi,0.00,0.00,0.00,2025-11-18,train,0
pay_00000000001282,setl_T1RNGA_0039,bnk_000000000041,1598.99,card,31.98,5.76,0.00,2025-11-18,train,0
pay_00000000001334,setl_T1RNGA_0039,bnk_000000000041,1020.04,upi,0.00,0.00,10.20,2025-11-18,train,0
pay_00000000001391,setl_T1RNGA_0039,bnk_000000000041,3523.70,upi,0.00,0.00,35.24,2025-11-18,train,0
pay_00000000001417,setl_T1RNGA_0039,bnk_000000000041,320.00,card,6.40,1.15,3.20,2025-11-18,train,0
pay_00000000001709,setl_T1RNGA_0039,bnk_000000000041,1699.38,card,33.99,6.12,0.00,2025-11-18,train,0
pay_00000000001837,setl_T1RNGA_0039,bnk_000000000041,1475.18,wallet,26.55,4.78,14.75,2025-11-18,train,0
pay_00000000001991,setl_T1RNGA_0039,bnk_000000000041,168.66,card,3.37,0.61,0.00,2025-11-18,train,0
pay_00000000002067,setl_T1RNGA_0039,bnk_000000000041,117.66,upi,0.00,0.00,0.00,2025-11-18,train,0
pay_00000000002200,setl_T1RNGA_0039,bnk_000000000041,582.99,upi,0.00,0.00,5.83,2025-11-18,train,0
pay_00000000002306,setl_T1RNGA_0039,bnk_000000000041,947.38,upi,0.00,0.00,0.00,2025-11-18,train,0
pay_00000000002396,setl_T1RNGA_0039,bnk_000000000041,380.24,upi,0.00,0.00,3.80,2025-11-18,train,0
pay_00000000002410,setl_T1RNGA_0039,bnk_000000000041,303.08,upi,0.00,0.00,3.03,2025-11-18,train,0
pay_00000000002543,setl_T1RNGA_0039,bnk_000000000041,744.00,upi,0.00,0.00,0.00,2025-11-18,train,0
pay_00000000002661,setl_T1RNGA_0039,bnk_000000000041,506.99,card,10.14,1.83,0.00,2025-11-18,train,0
pay_00000000002685,setl_T1RNGA_0039,bnk_000000000041,12189.94,upi,0.00,0.00,121.90,2025-11-18,train,0
pay_00000000002758,setl_T1RNGA_0039,bnk_000000000041,2841.99,wallet,51.16,9.21,0.00,2025-11-18,train,0
pay_00000000003186,setl_T1RNGA_0039,bnk_000000000041,284.99,upi,0.00,0.00,2.85,2025-11-18,train,0
pay_00000000003449,setl_T1RNGA_0039,bnk_000000000041,706.99,upi,0.00,0.00,0.00,2025-11-18,train,0
pay_00000000003958,setl_T1RNGA_0039,bnk_000000000041,101.00,upi,0.00,0.00,1.01,2025-11-18,train,0
pay_00000000004111,setl_T1RNGA_0039,bnk_000000000041,3400.04,upi,0.00,0.00,34.00,2025-11-18,train,0
pay_00000000000009,setl_T1RNGA_0040,bnk_000000000042,712.00,wallet,12.82,2.31,7.12,2025-11-18,train,0
pay_00000000000068,setl_T1RNGA_0040,bnk_000000000042,800.00,wallet,14.40,2.59,0.00,2025-11-18,train,0
pay_00000000000080,setl_T1RNGA_0040,bnk_000000000042,932.13,card,18.64,3.36,0.00,2025-11-18,train,0
pay_00000000000154,setl_T1RNGA_0040,bnk_000000000042,620.40,card,12.41,2.23,6.20,2025-11-18,train,0
pay_00000000000188,setl_T1RNGA_0040,bnk_000000000042,337.36,upi,0.00,0.00,3.37,2025-11-18,train,0
pay_00000000000253,setl_T1RNGA_0040,bnk_000000000042,8512.99,upi,0.00,0.00,85.13,2025-11-18,train,0
pay_00000000000282,setl_T1RNGA_0040,bnk_000000000042,293.99,upi,0.00,0.00,0.00,2025-11-18,train,0
pay_00000000000288,setl_T1RNGA_0040,bnk_000000000042,600.00,upi,0.00,0.00,0.00,2025-11-18,train,0
pay_00000000000303,setl_T1RNGA_0040,bnk_000000000042,446.00,upi,0.00,0.00,0.00,2025-11-18,train,0
pay_00000000000329,setl_T1RNGA_0040,bnk_000000000042,961.25,card,19.23,3.46,9.61,2025-11-18,train,0
pay_00000000000332,setl_T1RNGA_0040,bnk_000000000042,133.00,upi,0.00,0.00,0.00,2025-11-18,train,0
pay_00000000000401,setl_T1RNGA_0040,bnk_000000000042,1346.00,card,26.92,4.85,0.00,2025-11-18,train,0
pay_00000000000437,setl_T1RNGA_0040,bnk_000000000042,3582.52,card,71.65,12.90,35.83,2025-11-18,train,0
pay_00000000000466,setl_T1RNGA_0040,bnk_000000000042,292.00,upi,0.00,0.00,0.00,2025-11-18,train,0
pay_00000000000508,setl_T1RNGA_0040,bnk_000000000042,401.00,upi,0.00,0.00,4.01,2025-11-18,train,0
pay_00000000000593,setl_T1RNGA_0040,bnk_000000000042,2269.00,upi,0.00,0.00,22.69,2025-11-18,train,0
pay_00000000000635,setl_T1RNGA_0040,bnk_000000000042,114.01,upi,0.00,0.00,1.14,2025-11-18,train,0
pay_00000000000647,setl_T1RNGA_0040,bnk_000000000042,138.01,upi,0.00,0.00,1.38,2025-11-18,train,0
pay_00000000000658,setl_T1RNGA_0040,bnk_000000000042,144.00,upi,0.00,0.00,1.44,2025-11-18,train,0
pay_00000000000660,setl_T1RNGA_0040,bnk_000000000042,708.00,card,14.16,2.55,7.08,2025-11-18,train,0
pay_00000000000661,setl_T1RNGA_0040,bnk_000000000042,401.86,card,8.04,1.45,4.02,2025-11-18,train,0
pay_00000000000680,setl_T1RNGA_0040,bnk_000000000042,1018.99,upi,0.00,0.00,10.19,2025-11-18,train,0
pay_00000000000706,setl_T1RNGA_0040,bnk_000000000042,2601.61,card,52.03,9.37,26.02,2025-11-18,train,0
pay_00000000000738,setl_T1RNGA_0040,bnk_000000000042,1986.90,upi,0.00,0.00,0.00,2025-11-18,train,0
pay_00000000000884,setl_T1RNGA_0040,bnk_000000000042,597.00,card,11.94,2.15,5.97,2025-11-18,train,0
pay_00000000000969,setl_T1RNGA_0040,bnk_000000000042,473.00,upi,0.00,0.00,4.73,2025-11-18,train,0
pay_00000000000993,setl_T1RNGA_0040,bnk_000000000042,1056.00,wallet,19.01,3.42,0.00,2025-11-18,train,0
pay_00000000001073,setl_T1RNGA_0040,bnk_000000000042,136.00,netbanking,15.00,2.70,1.36,2025-11-18,train,0
pay_00000000001122,setl_T1RNGA_0040,bnk_000000000042,1651.76,netbanking,15.00,2.70,16.52,2025-11-18,train,0
pay_00000000001171,setl_T1RNGA_0040,bnk_000000000042,663.09,wallet,11.94,2.15,0.00,2025-11-18,train,0
pay_00000000001175,setl_T1RNGA_0040,bnk_000000000042,2170.26,upi,0.00,0.00,21.70,2025-11-18,train,0
pay_00000000001178,setl_T1RNGA_0040,bnk_000000000042,800.69,card,16.01,2.88,8.01,2025-11-18,train,0
pay_00000000001272,setl_T1RNGA_0040,bnk_000000000042,1988.41,upi,0.00,0.00,19.88,2025-11-18,train,0
pay_00000000001292,setl_T1RNGA_0040,bnk_000000000042,401.00,netbanking,15.00,2.70,4.01,2025-11-18,train,0
pay_00000000001296,setl_T1RNGA_0040,bnk_000000000042,860.26,card,17.21,3.10,0.00,2025-11-18,train,0
pay_00000000001314,setl_T1RNGA_0040,bnk_000000000042,249.68,card,4.99,0.90,2.50,2025-11-18,train,0
pay_00000000001315,setl_T1RNGA_0040,bnk_000000000042,183.22,card,3.66,0.66,0.00,2025-11-18,train,0
pay_00000000001347,setl_T1RNGA_0040,bnk_000000000042,3050.01,wallet,54.90,9.88,30.50,2025-11-18,train,0
pay_00000000001367,setl_T1RNGA_0040,bnk_000000000042,2632.99,upi,0.00,0.00,26.33,2025-11-18,train,0
pay_00000000001371,setl_T1RNGA_0040,bnk_000000000042,2258.99,card,45.18,8.13,0.00,2025-11-18,train,0
pay_00000000001384,setl_T1RNGA_0040,bnk_000000000042,892.27,upi,0.00,0.00,8.92,2025-11-18,train,0
pay_00000000001439,setl_T1RNGA_0040,bnk_000000000042,277.47,card,5.55,1.00,2.77,2025-11-18,train,0
pay_00000000001450,setl_T1RNGA_0040,bnk_000000000042,1976.99,upi,0.00,0.00,0.00,2025-11-18,train,0
pay_00000000001590,setl_T1RNGA_0040,bnk_000000000042,163.00,upi,0.00,0.00,0.00,2025-11-18,train,0
pay_00000000001593,setl_T1RNGA_0040,bnk_000000000042,569.99,upi,0.00,0.00,5.70,2025-11-18,train,0
pay_00000000001632,setl_T1RNGA_0040,bnk_000000000042,1798.00,card,35.96,6.47,0.00,2025-11-18,train,0
pay_00000000001718,setl_T1RNGA_0040,bnk_000000000042,740.13,upi,0.00,0.00,0.00,2025-11-18,train,0
pay_00000000001738,setl_T1RNGA_0040,bnk_000000000042,201.00,upi,0.00,0.00,0.00,2025-11-18,train,0
pay_00000000001768,setl_T1RNGA_0040,bnk_000000000042,587.20,card,11.74,2.11,0.00,2025-11-18,train,0
pay_00000000002007,setl_T1RNGA_0040,bnk_000000000042,550.93,upi,0.00,0.00,0.00,2025-11-18,train,0
pay_00000000002022,setl_T1RNGA_0040,bnk_000000000042,131.00,upi,0.00,0.00,0.00,2025-11-18,train,0
pay_00000000002048,setl_T1RNGA_0040,bnk_000000000042,872.00,card,17.44,3.14,8.72,2025-11-18,train,0
pay_00000000002065,setl_T1RNGA_0040,bnk_000000000042,435.66,upi,0.00,0.00,4.36,2025-11-18,train,0
pay_00000000002072,setl_T1RNGA_0040,bnk_000000000042,653.76,card,13.08,2.35,0.00,2025-11-18,train,0
pay_00000000002171,setl_T1RNGA_0040,bnk_000000000042,9417.73,upi,0.00,0.00,94.18,2025-11-18,train,0
pay_00000000002187,setl_T1RNGA_0040,bnk_000000000042,626.99,upi,0.00,0.00,0.00,2025-11-18,train,0
pay_00000000002196,setl_T1RNGA_0040,bnk_000000000042,273.03,upi,0.00,0.00,0.00,2025-11-18,train,0
pay_00000000002270,setl_T1RNGA_0040,bnk_000000000042,324.97,upi,0.00,0.00,3.25,2025-11-18,train,0
pay_00000000002373,setl_T1RNGA_0040,bnk_000000000042,699.00,card,13.98,2.52,0.00,2025-11-18,train,0
pay_00000000002390,setl_T1RNGA_0040,bnk_000000000042,935.80,netbanking,15.00,2.70,9.36,2025-11-18,train,0
pay_00000000002467,setl_T1RNGA_0040,bnk_000000000042,269.00,upi,0.00,0.00,2.69,2025-11-18,train,0
pay_00000000002469,setl_T1RNGA_0040,bnk_000000000042,115.58,upi,0.00,0.00,1.16,2025-11-18,train,0
pay_00000000002645,setl_T1RNGA_0040,bnk_000000000042,120.19,upi,0.00,0.00,0.00,2025-11-18,train,0
pay_00000000002719,setl_T1RNGA_0040,bnk_000000000042,900.00,upi,0.00,0.00,9.00,2025-11-18,train,0
pay_00000000002733,setl_T1RNGA_0040,bnk_000000000042,1031.82,upi,0.00,0.00,0.00,2025-11-18,train,0
pay_00000000002738,setl_T1RNGA_0040,bnk_000000000042,4956.00,wallet,89.21,16.06,0.00,2025-11-18,train,0
pay_00000000002832,setl_T1RNGA_0040,bnk_000000000042,336.71,wallet,6.06,1.09,3.37,2025-11-18,train,0
pay_00000000002903,setl_T1RNGA_0040,bnk_000000000042,1849.22,card,36.98,6.66,18.49,2025-11-18,train,0
pay_00000000002935,setl_T1RNGA_0040,bnk_000000000042,727.59,upi,0.00,0.00,0.00,2025-11-18,train,0
pay_00000000002946,setl_T1RNGA_0040,bnk_000000000042,639.02,upi,0.00,0.00,6.39,2025-11-18,train,0
pay_00000000002965,setl_T1RNGA_0040,bnk_000000000042,254.00,card,5.08,0.91,2.54,2025-11-18,train,0
pay_00000000002972,setl_T1RNGA_0040,bnk_000000000042,812.86,card,16.26,2.93,0.00,2025-11-18,train,0
pay_00000000002979,setl_T1RNGA_0040,bnk_000000000042,304.00,upi,0.00,0.00,3.04,2025-11-18,train,0
pay_00000000003046,setl_T1RNGA_0040,bnk_000000000042,14345.00,upi,0.00,0.00,143.45,2025-11-18,train,0
pay_00000000003050,setl_T1RNGA_0040,bnk_000000000042,678.57,upi,0.00,0.00,0.00,2025-11-18,train,0
pay_00000000003098,setl_T1RNGA_0040,bnk_000000000042,978.46,upi,0.00,0.00,9.78,2025-11-18,train,0
pay_00000000003164,setl_T1RNGA_0040,bnk_000000000042,730.99,card,14.62,2.63,7.31,2025-11-18,train,0
pay_00000000003206,setl_T1RNGA_0040,bnk_000000000042,321.00,upi,0.00,0.00,0.00,2025-11-18,train,0
pay_00000000003276,setl_T1RNGA_0040,bnk_000000000042,491.23,wallet,8.84,1.59,4.91,2025-11-18,train,0
pay_00000000003310,setl_T1RNGA_0040,bnk_000000000042,284.55,wallet,5.12,0.92,0.00,2025-11-18,train,0
pay_00000000003351,setl_T1RNGA_0040,bnk_000000000042,764.00,netbanking,15.00,2.70,7.64,2025-11-18,train,0
pay_00000000003385,setl_T1RNGA_0040,bnk_000000000042,643.00,upi,0.00,0.00,6.43,2025-11-18,train,0
pay_00000000003387,setl_T1RNGA_0040,bnk_000000000042,550.78,upi,0.00,0.00,0.00,2025-11-18,train,0
pay_00000000003410,setl_T1RNGA_0040,bnk_000000000042,2779.99,upi,0.00,0.00,27.80,2025-11-18,train,0
pay_00000000003453,setl_T1RNGA_0040,bnk_000000000042,2571.37,upi,0.00,0.00,0.00,2025-11-18,train,0
pay_00000000003488,setl_T1RNGA_0040,bnk_000000000042,12833.00,upi,0.00,0.00,0.00,2025-11-18,train,0
pay_00000000003493,setl_T1RNGA_0040,bnk_000000000042,191.00,card,3.82,0.69,1.91,2025-11-18,train,0
pay_00000000003562,setl_T1RNGA_0040,bnk_000000000042,3132.00,upi,0.00,0.00,31.32,2025-11-18,train,0
pay_00000000003709,setl_T1RNGA_0040,bnk_000000000042,706.49,upi,0.00,0.00,7.06,2025-11-18,train,0
pay_00000000003735,setl_T1RNGA_0040,bnk_000000000042,1044.00,card,20.88,3.76,10.44,2025-11-18,train,0
pay_00000000003760,setl_T1RNGA_0040,bnk_000000000042,1022.00,upi,0.00,0.00,10.22,2025-11-18,train,0
pay_00000000003815,setl_T1RNGA_0040,bnk_000000000042,736.17,card,14.72,2.65,7.36,2025-11-18,train,0
pay_00000000003838,setl_T1RNGA_0040,bnk_000000000042,761.00,card,15.22,2.74,7.61,2025-11-18,train,0
pay_00000000003857,setl_T1RNGA_0040,bnk_000000000042,703.00,upi,0.00,0.00,7.03,2025-11-18,train,0
pay_00000000003883,setl_T1RNGA_0040,bnk_000000000042,268.00,wallet,4.82,0.87,2.68,2025-11-18,train,0
pay_00000000003887,setl_T1RNGA_0040,bnk_000000000042,690.99,upi,0.00,0.00,6.91,2025-11-18,train,0
pay_00000000003899,setl_T1RNGA_0040,bnk_000000000042,2941.00,upi,0.00,0.00,0.00,2025-11-18,train,0
pay_00000000004000,setl_T1RNGA_0040,bnk_000000000042,961.00,upi,0.00,0.00,9.61,2025-11-18,train,0
pay_00000000004010,setl_T1RNGA_0040,bnk_000000000042,230.31,upi,0.00,0.00,0.00,2025-11-18,train,0
pay_00000000004033,setl_T1RNGA_0040,bnk_000000000042,980.00,card,19.60,3.53,9.80,2025-11-18,train,0
pay_00000000004108,setl_T1RNGA_0040,bnk_000000000042,605.00,upi,0.00,0.00,6.05,2025-11-18,train,0
pay_00000000004159,setl_T1RNGA_0040,bnk_000000000042,1704.93,wallet,30.69,5.52,0.00,2025-11-18,train,0
pay_00000000004180,setl_T1RNGA_0040,bnk_000000000042,933.94,wallet,16.81,3.03,9.34,2025-11-18,train,0
pay_00000000004199,setl_T1RNGA_0040,bnk_000000000042,630.99,upi,0.00,0.00,6.31,2025-11-18,train,0
pay_00000000000001,setl_T1RNGA_0041,bnk_000000000043,2582.23,card,51.64,9.30,0.00,2025-11-18,train,0
pay_00000000000040,setl_T1RNGA_0041,bnk_000000000043,591.99,card,11.84,2.13,5.92,2025-11-18,train,0
pay_00000000000053,setl_T1RNGA_0041,bnk_000000000043,204.99,netbanking,15.00,2.70,2.05,2025-11-18,train,0
pay_00000000000108,setl_T1RNGA_0041,bnk_000000000043,837.00,upi,0.00,0.00,8.37,2025-11-18,train,0
pay_00000000000113,setl_T1RNGA_0041,bnk_000000000043,269.00,upi,0.00,0.00,0.00,2025-11-18,train,0
pay_00000000000180,setl_T1RNGA_0041,bnk_000000000043,215.82,netbanking,15.00,2.70,0.00,2025-11-18,train,0
pay_00000000000192,setl_T1RNGA_0041,bnk_000000000043,414.97,upi,0.00,0.00,0.00,2025-11-18,train,0
pay_00000000000385,setl_T1RNGA_0041,bnk_000000000043,360.99,wallet,6.50,1.17,0.00,2025-11-18,train,0
pay_00000000000453,setl_T1RNGA_0041,bnk_000000000043,685.67,upi,0.00,0.00,0.00,2025-11-18,train,0
pay_00000000000487,setl_T1RNGA_0041,bnk_000000000043,131.67,upi,0.00,0.00,0.00,2025-11-18,train,0
pay_00000000000534,setl_T1RNGA_0041,bnk_000000000043,689.91,upi,0.00,0.00,6.90,2025-11-18,train,0
pay_00000000000554,setl_T1RNGA_0041,bnk_000000000043,265.00,card,5.30,0.95,0.00,2025-11-18,train,0
pay_00000000000675,setl_T1RNGA_0041,bnk_000000000043,472.00,card,9.44,1.70,0.00,2025-11-18,train,0
pay_00000000000688,setl_T1RNGA_0041,bnk_000000000043,388.00,upi,0.00,0.00,0.00,2025-11-18,train,0
pay_00000000000699,setl_T1RNGA_0041,bnk_000000000043,125.60,card,2.51,0.45,0.00,2025-11-18,train,0
pay_00000000000813,setl_T1RNGA_0041,bnk_000000000043,187.00,upi,0.00,0.00,0.00,2025-11-18,train,0
pay_00000000000852,setl_T1RNGA_0041,bnk_000000000043,571.00,upi,0.00,0.00,5.71,2025-11-18,train,0
pay_00000000000877,setl_T1RNGA_0041,bnk_000000000043,868.00,card,17.36,3.12,0.00,2025-11-18,train,0
pay_00000000000892,setl_T1RNGA_0041,bnk_000000000043,747.76,upi,0.00,0.00,7.48,2025-11-18,train,0
pay_00000000000964,setl_T1RNGA_0041,bnk_000000000043,852.05,netbanking,15.00,2.70,8.52,2025-11-18,train,0
pay_00000000000971,setl_T1RNGA_0041,bnk_000000000043,729.00,netbanking,15.00,2.70,0.00,2025-11-18,train,0
pay_00000000001086,setl_T1RNGA_0041,bnk_000000000043,344.00,upi,0.00,0.00,0.00,2025-11-18,train,0
pay_00000000001145,setl_T1RNGA_0041,bnk_000000000043,864.79,card,17.30,3.11,8.65,2025-11-18,train,0
pay_00000000001176,setl_T1RNGA_0041,bnk_000000000043,334.35,upi,0.00,0.00,3.34,2025-11-18,train,0
pay_00000000001257,setl_T1RNGA_0041,bnk_000000000043,109.21,upi,0.00,0.00,1.09,2025-11-18,train,0
pay_00000000001260,setl_T1RNGA_0041,bnk_000000000043,663.99,card,13.28,2.39,0.00,2025-11-18,train,0
pay_00000000001306,setl_T1RNGA_0041,bnk_000000000043,615.00,wallet,11.07,1.99,6.15,2025-11-18,train,0
pay_00000000001310,setl_T1RNGA_0041,bnk_000000000043,384.00,card,7.68,1.38,0.00,2025-11-18,train,0
pay_00000000001321,setl_T1RNGA_0041,bnk_000000000043,629.00,upi,0.00,0.00,6.29,2025-11-18,train,0
pay_00000000001344,setl_T1RNGA_0041,bnk_000000000043,704.00,wallet,12.67,2.28,7.04,2025-11-18,train,0
pay_00000000001463,setl_T1RNGA_0041,bnk_000000000043,456.38,wallet,8.21,1.48,0.00,2025-11-18,train,0
pay_00000000001496,setl_T1RNGA_0041,bnk_000000000043,588.72,wallet,10.60,1.91,0.00,2025-11-18,train,0
pay_00000000001538,setl_T1RNGA_0041,bnk_000000000043,182.00,card,3.64,0.66,0.00,2025-11-18,train,0
pay_00000000001600,setl_T1RNGA_0041,bnk_000000000043,567.00,upi,0.00,0.00,0.00,2025-11-18,train,0
pay_00000000001638,setl_T1RNGA_0041,bnk_000000000043,2722.03,upi,0.00,0.00,0.00,2025-11-18,train,0
pay_00000000001717,setl_T1RNGA_0041,bnk_000000000043,627.83,card,12.56,2.26,6.28,2025-11-18,train,0
pay_00000000001731,setl_T1RNGA_0041,bnk_000000000043,764.00,upi,0.00,0.00,7.64,2025-11-18,train,0
pay_00000000001739,setl_T1RNGA_0041,bnk_000000000043,2041.43,card,40.83,7.35,0.00,2025-11-18,train,0
pay_00000000001842,setl_T1RNGA_0041,bnk_000000000043,10540.52,card,210.81,37.95,105.41,2025-11-18,train,0
pay_00000000001853,setl_T1RNGA_0041,bnk_000000000043,912.36,upi,0.00,0.00,0.00,2025-11-18,train,0
pay_00000000001875,setl_T1RNGA_0041,bnk_000000000043,1237.80,card,24.76,4.46,12.38,2025-11-18,train,0
pay_00000000001895,setl_T1RNGA_0041,bnk_000000000043,2581.99,wallet,46.48,8.37,0.00,2025-11-18,train,0
pay_00000000001918,setl_T1RNGA_0041,bnk_000000000043,224.00,upi,0.00,0.00,2.24,2025-11-18,train,0
pay_00000000001944,setl_T1RNGA_0041,bnk_000000000043,335.00,upi,0.00,0.00,3.35,2025-11-18,train,0
pay_00000000002028,setl_T1RNGA_0041,bnk_000000000043,1709.00,card,34.18,6.15,0.00,2025-11-18,train,0
pay_00000000002045,setl_T1RNGA_0041,bnk_000000000043,1021.99,card,20.44,3.68,10.22,2025-11-18,train,0
pay_00000000002047,setl_T1RNGA_0041,bnk_000000000043,637.00,upi,0.00,0.00,6.37,2025-11-18,train,0
pay_00000000002071,setl_T1RNGA_0041,bnk_000000000043,777.99,card,15.56,2.80,0.00,2025-11-18,train,0
pay_00000000002101,setl_T1RNGA_0041,bnk_000000000043,376.72,upi,0.00,0.00,3.77,2025-11-18,train,0
pay_00000000002197,setl_T1RNGA_0041,bnk_000000000043,331.99,upi,0.00,0.00,0.00,2025-11-18,train,0
pay_00000000002213,setl_T1RNGA_0041,bnk_000000000043,1030.00,upi,0.00,0.00,10.30,2025-11-18,train,0
pay_00000000002253,setl_T1RNGA_0041,bnk_000000000043,572.99,upi,0.00,0.00,0.00,2025-11-18,train,0
pay_00000000002276,setl_T1RNGA_0041,bnk_000000000043,1900.62,upi,0.00,0.00,19.01,2025-11-18,train,0
pay_00000000002309,setl_T1RNGA_0041,bnk_000000000043,930.70,upi,0.00,0.00,9.31,2025-11-18,train,0
pay_00000000002359,setl_T1RNGA_0041,bnk_000000000043,179.00,upi,0.00,0.00,1.79,2025-11-18,train,0
pay_00000000002387,setl_T1RNGA_0041,bnk_000000000043,161.22,upi,0.00,0.00,1.61,2025-11-18,train,0
pay_00000000002474,setl_T1RNGA_0041,bnk_000000000043,664.00,upi,0.00,0.00,0.00,2025-11-18,train,0
pay_00000000002484,setl_T1RNGA_0041,bnk_000000000043,3042.00,upi,0.00,0.00,0.00,2025-11-18,train,0
pay_00000000002514,setl_T1RNGA_0041,bnk_000000000043,192.00,upi,0.00,0.00,1.92,2025-11-18,train,0
pay_00000000002544,setl_T1RNGA_0041,bnk_000000000043,2632.53,wallet,47.39,8.53,26.33,2025-11-18,train,0
pay_00000000002550,setl_T1RNGA_0041,bnk_000000000043,969.00,card,19.38,3.49,0.00,2025-11-18,train,0
pay_00000000002566,setl_T1RNGA_0041,bnk_000000000043,3292.03,upi,0.00,0.00,32.92,2025-11-18,train,0
pay_00000000002569,setl_T1RNGA_0041,bnk_000000000043,1197.00,card,23.94,4.31,0.00,2025-11-18,train,0
pay_00000000002608,setl_T1RNGA_0041,bnk_000000000043,1902.97,upi,0.00,0.00,19.03,2025-11-18,train,0
pay_00000000002657,setl_T1RNGA_0041,bnk_000000000043,3167.70,upi,0.00,0.00,0.00,2025-11-18,train,0
pay_00000000002665,setl_T1RNGA_0041,bnk_000000000043,6853.87,netbanking,15.00,2.70,68.54,2025-11-18,train,0
pay_00000000002703,setl_T1RNGA_0041,bnk_000000000043,575.99,card,11.52,2.07,5.76,2025-11-18,train,0
pay_00000000002723,setl_T1RNGA_0041,bnk_000000000043,661.00,wallet,11.90,2.14,6.61,2025-11-18,train,0
pay_00000000002760,setl_T1RNGA_0041,bnk_000000000043,196.99,netbanking,15.00,2.70,0.00,2025-11-18,train,0
pay_00000000002764,setl_T1RNGA_0041,bnk_000000000043,778.99,upi,0.00,0.00,7.79,2025-11-18,train,0
pay_00000000002781,setl_T1RNGA_0041,bnk_000000000043,16417.00,upi,0.00,0.00,164.17,2025-11-18,train,0
pay_00000000002963,setl_T1RNGA_0041,bnk_000000000043,765.00,card,15.30,2.75,7.65,2025-11-18,train,0
pay_00000000003002,setl_T1RNGA_0041,bnk_000000000043,285.00,upi,0.00,0.00,0.00,2025-11-18,train,0
pay_00000000003029,setl_T1RNGA_0041,bnk_000000000043,1042.00,netbanking,15.00,2.70,10.42,2025-11-18,train,0
pay_00000000003036,setl_T1RNGA_0041,bnk_000000000043,1048.18,upi,0.00,0.00,0.00,2025-11-18,train,0
pay_00000000003053,setl_T1RNGA_0041,bnk_000000000043,1056.99,upi,0.00,0.00,10.57,2025-11-18,train,0
pay_00000000003063,setl_T1RNGA_0041,bnk_000000000043,444.75,upi,0.00,0.00,4.45,2025-11-18,train,0
pay_00000000003076,setl_T1RNGA_0041,bnk_000000000043,1018.69,upi,0.00,0.00,10.19,2025-11-18,train,0
pay_00000000003135,setl_T1RNGA_0041,bnk_000000000043,296.99,wallet,5.35,0.96,2.97,2025-11-18,train,0
pay_00000000003137,setl_T1RNGA_0041,bnk_000000000043,116.99,netbanking,15.00,2.70,0.00,2025-11-18,train,0
pay_00000000003266,setl_T1RNGA_0041,bnk_000000000043,674.23,upi,0.00,0.00,0.00,2025-11-18,train,0
pay_00000000003417,setl_T1RNGA_0041,bnk_000000000043,884.48,card,17.69,3.18,0.00,2025-11-18,train,0
pay_00000000003419,setl_T1RNGA_0041,bnk_000000000043,404.00,card,8.08,1.45,0.00,2025-11-18,train,0
pay_00000000003521,setl_T1RNGA_0041,bnk_000000000043,346.99,upi,0.00,0.00,3.47,2025-11-18,train,0
pay_00000000003623,setl_T1RNGA_0041,bnk_000000000043,1971.94,card,39.44,7.10,0.00,2025-11-18,train,0
pay_00000000003647,setl_T1RNGA_0041,bnk_000000000043,2354.15,upi,0.00,0.00,0.00,2025-11-18,train,0
pay_00000000003692,setl_T1RNGA_0041,bnk_000000000043,1301.99,upi,0.00,0.00,13.02,2025-11-18,train,0
pay_00000000003715,setl_T1RNGA_0041,bnk_000000000043,595.75,card,11.92,2.15,0.00,2025-11-18,train,0
pay_00000000003749,setl_T1RNGA_0041,bnk_000000000043,1057.41,card,21.15,3.81,0.00,2025-11-18,train,0
pay_00000000003758,setl_T1RNGA_0041,bnk_000000000043,1067.71,upi,0.00,0.00,10.68,2025-11-18,train,0
pay_00000000003867,setl_T1RNGA_0041,bnk_000000000043,901.99,upi,0.00,0.00,9.02,2025-11-18,train,0
pay_00000000003952,setl_T1RNGA_0041,bnk_000000000043,709.99,upi,0.00,0.00,7.10,2025-11-18,train,0
pay_00000000003954,setl_T1RNGA_0041,bnk_000000000043,509.60,upi,0.00,0.00,5.10,2025-11-18,train,0
pay_00000000004008,setl_T1RNGA_0041,bnk_000000000043,2082.45,upi,0.00,0.00,20.82,2025-11-18,train,0
pay_00000000004051,setl_T1RNGA_0041,bnk_000000000043,197.00,upi,0.00,0.00,1.97,2025-11-18,train,0
pay_00000000004054,setl_T1RNGA_0041,bnk_000000000043,420.00,upi,0.00,0.00,4.20,2025-11-18,train,0
pay_00000000004129,setl_T1RNGA_0041,bnk_000000000043,694.95,card,13.90,2.50,6.95,2025-11-18,train,0
pay_00000000004131,setl_T1RNGA_0041,bnk_000000000043,229.56,upi,0.00,0.00,0.00,2025-11-18,train,0
pay_00000000004192,setl_T1RNGA_0041,bnk_000000000043,1570.73,upi,0.00,0.00,15.71,2025-11-18,train,0
pay_00000000000149,setl_T1RNGA_0042,bnk_000000000044,1763.97,upi,0.00,0.00,17.64,2025-11-19,dev,0
pay_00000000000219,setl_T1RNGA_0042,bnk_000000000044,809.52,wallet,14.57,2.62,8.10,2025-11-19,dev,0
pay_00000000000312,setl_T1RNGA_0042,bnk_000000000044,496.44,upi,0.00,0.00,0.00,2025-11-19,dev,0
pay_00000000000361,setl_T1RNGA_0042,bnk_000000000044,2299.99,upi,0.00,0.00,23.00,2025-11-19,dev,0
pay_00000000000735,setl_T1RNGA_0042,bnk_000000000044,631.99,upi,0.00,0.00,6.32,2025-11-19,dev,0
pay_00000000000736,setl_T1RNGA_0042,bnk_000000000044,413.67,card,9.51,1.71,0.00,2025-11-19,dev,0
pay_00000000000838,setl_T1RNGA_0042,bnk_000000000044,256.00,upi,0.00,0.00,0.00,2025-11-19,dev,0
pay_00000000000903,setl_T1RNGA_0042,bnk_000000000044,13057.00,card,300.31,54.06,0.00,2025-11-19,dev,0
pay_00000000000934,setl_T1RNGA_0042,bnk_000000000044,298.74,netbanking,15.00,2.70,2.99,2025-11-19,dev,0
pay_00000000001571,setl_T1RNGA_0042,bnk_000000000044,980.24,upi,0.00,0.00,9.80,2025-11-19,dev,0
pay_00000000001659,setl_T1RNGA_0042,bnk_000000000044,159.72,wallet,2.87,0.52,1.60,2025-11-19,dev,0
pay_00000000001885,setl_T1RNGA_0042,bnk_000000000044,601.98,upi,0.00,0.00,0.00,2025-11-19,dev,0
pay_00000000002119,setl_T1RNGA_0042,bnk_000000000044,476.00,upi,0.00,0.00,0.00,2025-11-19,dev,0
pay_00000000002594,setl_T1RNGA_0042,bnk_000000000044,10886.43,upi,0.00,0.00,108.86,2025-11-19,dev,0
pay_00000000002826,setl_T1RNGA_0042,bnk_000000000044,2160.00,upi,0.00,0.00,0.00,2025-11-19,dev,0
pay_00000000002845,setl_T1RNGA_0042,bnk_000000000044,2081.99,upi,0.00,0.00,0.00,2025-11-19,dev,0
pay_00000000003080,setl_T1RNGA_0042,bnk_000000000044,852.20,upi,0.00,0.00,8.52,2025-11-19,dev,0
pay_00000000003103,setl_T1RNGA_0042,bnk_000000000044,1036.00,card,23.83,4.29,10.36,2025-11-19,dev,0
pay_00000000003190,setl_T1RNGA_0042,bnk_000000000044,595.43,wallet,10.72,1.93,0.00,2025-11-19,dev,0
pay_00000000003496,setl_T1RNGA_0042,bnk_000000000044,678.11,upi,0.00,0.00,6.78,2025-11-19,dev,0
pay_00000000003513,setl_T1RNGA_0042,bnk_000000000044,804.30,card,18.50,3.33,0.00,2025-11-19,dev,0
pay_00000000003548,setl_T1RNGA_0042,bnk_000000000044,905.00,card,20.82,3.75,0.00,2025-11-19,dev,0
pay_00000000003621,setl_T1RNGA_0042,bnk_000000000044,843.00,upi,0.00,0.00,8.43,2025-11-19,dev,0
pay_00000000003625,setl_T1RNGA_0042,bnk_000000000044,263.00,upi,0.00,0.00,0.00,2025-11-19,dev,0
pay_00000000003745,setl_T1RNGA_0042,bnk_000000000044,815.45,upi,0.00,0.00,8.15,2025-11-19,dev,0
pay_00000000004030,setl_T1RNGA_0042,bnk_000000000044,1014.95,upi,0.00,0.00,0.00,2025-11-19,dev,0
pay_00000000004099,setl_T1RNGA_0042,bnk_000000000044,3523.99,upi,0.00,0.00,0.00,2025-11-19,dev,0
pay_00000000000041,setl_T1RNGA_0043,bnk_000000000045,716.82,card,16.49,2.97,7.17,2025-11-19,dev,0
pay_00000000000056,setl_T1RNGA_0043,bnk_000000000045,3382.17,upi,0.00,0.00,0.00,2025-11-19,dev,0
pay_00000000000082,setl_T1RNGA_0043,bnk_000000000045,108.00,card,2.48,0.45,0.00,2025-11-19,dev,0
pay_00000000000083,setl_T1RNGA_0043,bnk_000000000045,11104.28,wallet,199.88,35.98,0.00,2025-11-19,dev,0
pay_00000000000158,setl_T1RNGA_0043,bnk_000000000045,484.05,card,11.13,2.00,4.84,2025-11-19,dev,0
pay_00000000000171,setl_T1RNGA_0043,bnk_000000000045,5520.52,card,126.97,22.85,0.00,2025-11-19,dev,0
pay_00000000000228,setl_T1RNGA_0043,bnk_000000000045,1050.00,card,24.15,4.35,10.50,2025-11-19,dev,0
pay_00000000000230,setl_T1RNGA_0043,bnk_000000000045,224.00,upi,0.00,0.00,0.00,2025-11-19,dev,0
pay_00000000000259,setl_T1RNGA_0043,bnk_000000000045,16894.00,upi,0.00,0.00,0.00,2025-11-19,dev,0
pay_00000000000497,setl_T1RNGA_0043,bnk_000000000045,232.15,card,5.34,0.96,0.00,2025-11-19,dev,0
pay_00000000000539,setl_T1RNGA_0043,bnk_000000000045,1345.24,upi,0.00,0.00,0.00,2025-11-19,dev,0
pay_00000000000604,setl_T1RNGA_0043,bnk_000000000045,6027.99,upi,0.00,0.00,60.28,2025-11-19,dev,0
pay_00000000000723,setl_T1RNGA_0043,bnk_000000000045,2602.99,card,59.87,10.78,26.03,2025-11-19,dev,0
pay_00000000000724,setl_T1RNGA_0043,bnk_000000000045,380.85,netbanking,15.00,2.70,0.00,2025-11-19,dev,0
pay_00000000000745,setl_T1RNGA_0043,bnk_000000000045,394.76,upi,0.00,0.00,3.95,2025-11-19,dev,0
pay_00000000000750,setl_T1RNGA_0043,bnk_000000000045,766.87,upi,0.00,0.00,7.67,2025-11-19,dev,0
pay_00000000000770,setl_T1RNGA_0043,bnk_000000000045,837.00,card,19.25,3.47,0.00,2025-11-19,dev,0
pay_00000000000789,setl_T1RNGA_0043,bnk_000000000045,472.14,upi,0.00,0.00,0.00,2025-11-19,dev,0
pay_00000000000834,setl_T1RNGA_0043,bnk_000000000045,621.70,upi,0.00,0.00,6.22,2025-11-19,dev,0
pay_00000000000893,setl_T1RNGA_0043,bnk_000000000045,194.00,upi,0.00,0.00,1.94,2025-11-19,dev,0
pay_00000000000933,setl_T1RNGA_0043,bnk_000000000045,7185.07,upi,0.00,0.00,0.00,2025-11-19,dev,0
pay_00000000000948,setl_T1RNGA_0043,bnk_000000000045,364.99,card,8.39,1.51,3.65,2025-11-19,dev,0
pay_00000000000966,setl_T1RNGA_0043,bnk_000000000045,739.85,upi,0.00,0.00,0.00,2025-11-19,dev,0
pay_00000000001147,setl_T1RNGA_0043,bnk_000000000045,179.48,wallet,3.23,0.58,0.00,2025-11-19,dev,0
pay_00000000001182,setl_T1RNGA_0043,bnk_000000000045,162.26,card,3.73,0.67,0.00,2025-11-19,dev,0
pay_00000000001304,setl_T1RNGA_0043,bnk_000000000045,2688.00,upi,0.00,0.00,26.88,2025-11-19,dev,0
pay_00000000001646,setl_T1RNGA_0043,bnk_000000000045,218.58,card,5.03,0.91,0.00,2025-11-19,dev,0
pay_00000000001699,setl_T1RNGA_0043,bnk_000000000045,388.38,upi,0.00,0.00,3.88,2025-11-19,dev,0
pay_00000000001777,setl_T1RNGA_0043,bnk_000000000045,916.75,card,21.09,3.80,9.17,2025-11-19,dev,0
pay_00000000001821,setl_T1RNGA_0043,bnk_000000000045,914.54,upi,0.00,0.00,9.15,2025-11-19,dev,0
pay_00000000002032,setl_T1RNGA_0043,bnk_000000000045,484.94,card,11.15,2.01,0.00,2025-11-19,dev,0
pay_00000000002103,setl_T1RNGA_0043,bnk_000000000045,192.86,card,4.44,0.80,1.93,2025-11-19,dev,0
pay_00000000002104,setl_T1RNGA_0043,bnk_000000000045,428.00,upi,0.00,0.00,0.00,2025-11-19,dev,0
pay_00000000002158,setl_T1RNGA_0043,bnk_000000000045,596.00,card,13.71,2.47,0.00,2025-11-19,dev,0
pay_00000000002221,setl_T1RNGA_0043,bnk_000000000045,10077.67,upi,0.00,0.00,0.00,2025-11-19,dev,0
pay_00000000002249,setl_T1RNGA_0043,bnk_000000000045,538.77,netbanking,15.00,2.70,0.00,2025-11-19,dev,0
pay_00000000002297,setl_T1RNGA_0043,bnk_000000000045,478.02,card,10.99,1.98,4.78,2025-11-19,dev,0
pay_00000000002327,setl_T1RNGA_0043,bnk_000000000045,1171.65,card,26.95,4.85,0.00,2025-11-19,dev,0
pay_00000000002624,setl_T1RNGA_0043,bnk_000000000045,659.03,upi,0.00,0.00,0.00,2025-11-19,dev,0
pay_00000000002642,setl_T1RNGA_0043,bnk_000000000045,322.00,upi,0.00,0.00,3.22,2025-11-19,dev,0
pay_00000000002643,setl_T1RNGA_0043,bnk_000000000045,855.00,upi,0.00,0.00,0.00,2025-11-19,dev,0
pay_00000000002838,setl_T1RNGA_0043,bnk_000000000045,151.03,upi,0.00,0.00,0.00,2025-11-19,dev,0
pay_00000000002841,setl_T1RNGA_0043,bnk_000000000045,827.82,card,19.04,3.43,8.28,2025-11-19,dev,0
pay_00000000002893,setl_T1RNGA_0043,bnk_000000000045,803.77,wallet,14.47,2.60,8.04,2025-11-19,dev,0
pay_00000000002907,setl_T1RNGA_0043,bnk_000000000045,856.51,upi,0.00,0.00,0.00,2025-11-19,dev,0
pay_00000000003093,setl_T1RNGA_0043,bnk_000000000045,768.00,upi,0.00,0.00,7.68,2025-11-19,dev,0
pay_00000000003586,setl_T1RNGA_0043,bnk_000000000045,882.61,upi,0.00,0.00,8.83,2025-11-19,dev,0
pay_00000000003731,setl_T1RNGA_0043,bnk_000000000045,1003.99,wallet,18.07,3.25,10.04,2025-11-19,dev,0
pay_00000000003846,setl_T1RNGA_0043,bnk_000000000045,708.70,wallet,12.76,2.30,7.09,2025-11-19,dev,0
pay_00000000003876,setl_T1RNGA_0043,bnk_000000000045,375.00,card,8.63,1.55,3.75,2025-11-19,dev,0
pay_00000000003894,setl_T1RNGA_0043,bnk_000000000045,3512.28,netbanking,15.00,2.70,35.12,2025-11-19,dev,0
pay_00000000003902,setl_T1RNGA_0043,bnk_000000000045,175.99,upi,0.00,0.00,1.76,2025-11-19,dev,0
pay_00000000003924,setl_T1RNGA_0043,bnk_000000000045,853.86,card,19.64,3.54,0.00,2025-11-19,dev,0
pay_00000000004097,setl_T1RNGA_0043,bnk_000000000045,1069.59,netbanking,15.00,2.70,10.70,2025-11-19,dev,0
pay_00000000004100,setl_T1RNGA_0043,bnk_000000000045,3582.74,upi,0.00,0.00,0.00,2025-11-19,dev,0
pay_00000000004143,setl_T1RNGA_0043,bnk_000000000045,214.32,card,4.93,0.89,0.00,2025-11-19,dev,0
pay_00000000000084,setl_T1RNGA_0044,bnk_000000000046,1860.40,upi,0.00,0.00,18.60,2025-11-19,dev,0
pay_00000000000130,setl_T1RNGA_0044,bnk_000000000046,117.25,upi,0.00,0.00,1.17,2025-11-19,dev,0
pay_00000000000233,setl_T1RNGA_0044,bnk_000000000046,510.00,netbanking,15.00,2.70,5.10,2025-11-19,dev,0
pay_00000000000275,setl_T1RNGA_0044,bnk_000000000046,825.99,card,19.00,3.42,0.00,2025-11-19,dev,0
pay_00000000000338,setl_T1RNGA_0044,bnk_000000000046,659.37,upi,0.00,0.00,6.59,2025-11-19,dev,0
pay_00000000000362,setl_T1RNGA_0044,bnk_000000000046,3432.99,wallet,61.79,11.12,34.33,2025-11-19,dev,0
pay_00000000000452,setl_T1RNGA_0044,bnk_000000000046,4041.99,card,92.97,16.73,0.00,2025-11-19,dev,0
pay_00000000000536,setl_T1RNGA_0044,bnk_000000000046,158.00,upi,0.00,0.00,0.00,2025-11-19,dev,0
pay_00000000000590,setl_T1RNGA_0044,bnk_000000000046,701.99,card,16.15,2.91,0.00,2025-11-19,dev,0
pay_00000000000957,setl_T1RNGA_0044,bnk_000000000046,262.00,upi,0.00,0.00,0.00,2025-11-19,dev,0
pay_00000000000972,setl_T1RNGA_0044,bnk_000000000046,800.00,upi,0.00,0.00,0.00,2025-11-19,dev,0
pay_00000000000979,setl_T1RNGA_0044,bnk_000000000046,404.99,upi,0.00,0.00,4.05,2025-11-19,dev,0
pay_00000000000985,setl_T1RNGA_0044,bnk_000000000046,946.65,upi,0.00,0.00,9.47,2025-11-19,dev,0
pay_00000000001038,setl_T1RNGA_0044,bnk_000000000046,124.91,card,2.87,0.52,1.25,2025-11-19,dev,0
pay_00000000001044,setl_T1RNGA_0044,bnk_000000000046,3341.91,card,76.86,13.83,0.00,2025-11-19,dev,0
pay_00000000001076,setl_T1RNGA_0044,bnk_000000000046,16272.45,upi,0.00,0.00,162.72,2025-11-19,dev,0
pay_00000000001126,setl_T1RNGA_0044,bnk_000000000046,691.00,wallet,12.44,2.24,6.91,2025-11-19,dev,0
pay_00000000001142,setl_T1RNGA_0044,bnk_000000000046,4955.00,upi,0.00,0.00,49.55,2025-11-19,dev,0
pay_00000000001231,setl_T1RNGA_0044,bnk_000000000046,372.80,wallet,6.71,1.21,0.00,2025-11-19,dev,0
pay_00000000001261,setl_T1RNGA_0044,bnk_000000000046,13151.00,upi,0.00,0.00,0.00,2025-11-19,dev,0
pay_00000000001275,setl_T1RNGA_0044,bnk_000000000046,139.99,netbanking,15.00,2.70,0.00,2025-11-19,dev,0
pay_00000000001276,setl_T1RNGA_0044,bnk_000000000046,847.00,card,19.48,3.51,8.47,2025-11-19,dev,0
pay_00000000001279,setl_T1RNGA_0044,bnk_000000000046,2526.77,netbanking,15.00,2.70,25.27,2025-11-19,dev,0
pay_00000000001294,setl_T1RNGA_0044,bnk_000000000046,626.00,card,14.40,2.59,0.00,2025-11-19,dev,0
pay_00000000001453,setl_T1RNGA_0044,bnk_000000000046,821.23,upi,0.00,0.00,0.00,2025-11-19,dev,0
pay_00000000001486,setl_T1RNGA_0044,bnk_000000000046,147.55,upi,0.00,0.00,1.48,2025-11-19,dev,0
pay_00000000001555,setl_T1RNGA_0044,bnk_000000000046,12991.00,card,298.79,53.78,129.91,2025-11-19,dev,0
pay_00000000001613,setl_T1RNGA_0044,bnk_000000000046,694.00,card,15.96,2.87,0.00,2025-11-19,dev,0
pay_00000000001752,setl_T1RNGA_0044,bnk_000000000046,482.99,upi,0.00,0.00,0.00,2025-11-19,dev,0
pay_00000000001772,setl_T1RNGA_0044,bnk_000000000046,1026.95,upi,0.00,0.00,10.27,2025-11-19,dev,0
pay_00000000001801,setl_T1RNGA_0044,bnk_000000000046,318.66,netbanking,15.00,2.70,3.19,2025-11-19,dev,0
pay_00000000001822,setl_T1RNGA_0044,bnk_000000000046,206.47,card,4.75,0.86,2.06,2025-11-19,dev,0
pay_00000000001841,setl_T1RNGA_0044,bnk_000000000046,195.51,wallet,3.52,0.63,1.96,2025-11-19,dev,0
pay_00000000001888,setl_T1RNGA_0044,bnk_000000000046,264.75,card,6.09,1.10,0.00,2025-11-19,dev,0
pay_00000000001926,setl_T1RNGA_0044,bnk_000000000046,286.06,wallet,5.15,0.93,2.86,2025-11-19,dev,0
pay_00000000001938,setl_T1RNGA_0044,bnk_000000000046,1140.45,card,26.23,4.72,11.40,2025-11-19,dev,0
pay_00000000001984,setl_T1RNGA_0044,bnk_000000000046,464.49,upi,0.00,0.00,4.64,2025-11-19,dev,0
pay_00000000002006,setl_T1RNGA_0044,bnk_000000000046,13821.99,upi,0.00,0.00,138.22,2025-11-19,dev,0
pay_00000000002017,setl_T1RNGA_0044,bnk_000000000046,1022.22,upi,0.00,0.00,0.00,2025-11-19,dev,0
pay_00000000002039,setl_T1RNGA_0044,bnk_000000000046,727.96,upi,0.00,0.00,0.00,2025-11-19,dev,0
pay_00000000002133,setl_T1RNGA_0044,bnk_000000000046,146.08,upi,0.00,0.00,1.46,2025-11-19,dev,0
pay_00000000002184,setl_T1RNGA_0044,bnk_000000000046,1061.00,upi,0.00,0.00,10.61,2025-11-19,dev,0
pay_00000000002210,setl_T1RNGA_0044,bnk_000000000046,479.00,card,11.02,1.98,4.79,2025-11-19,dev,0
pay_00000000002218,setl_T1RNGA_0044,bnk_000000000046,354.00,upi,0.00,0.00,3.54,2025-11-19,dev,0
pay_00000000002235,setl_T1RNGA_0044,bnk_000000000046,13733.56,upi,0.00,0.00,0.00,2025-11-19,dev,0
pay_00000000002286,setl_T1RNGA_0044,bnk_000000000046,1044.00,card,24.01,4.32,0.00,2025-11-19,dev,0
pay_00000000002294,setl_T1RNGA_0044,bnk_000000000046,368.07,upi,0.00,0.00,0.00,2025-11-19,dev,0
pay_00000000002381,setl_T1RNGA_0044,bnk_000000000046,1007.99,upi,0.00,0.00,0.00,2025-11-19,dev,0
pay_00000000002382,setl_T1RNGA_0044,bnk_000000000046,291.00,card,6.69,1.20,0.00,2025-11-19,dev,0
pay_00000000002398,setl_T1RNGA_0044,bnk_000000000046,1783.63,upi,0.00,0.00,17.84,2025-11-19,dev,0
pay_00000000002438,setl_T1RNGA_0044,bnk_000000000046,230.99,netbanking,15.00,2.70,2.31,2025-11-19,dev,0
pay_00000000002470,setl_T1RNGA_0044,bnk_000000000046,879.45,card,20.23,3.64,0.00,2025-11-19,dev,0
pay_00000000002494,setl_T1RNGA_0044,bnk_000000000046,1040.22,card,23.93,4.31,10.40,2025-11-19,dev,0
pay_00000000002621,setl_T1RNGA_0044,bnk_000000000046,462.00,upi,0.00,0.00,4.62,2025-11-19,dev,0
pay_00000000002650,setl_T1RNGA_0044,bnk_000000000046,9965.70,upi,0.00,0.00,0.00,2025-11-19,dev,0
pay_00000000002690,setl_T1RNGA_0044,bnk_000000000046,677.65,upi,0.00,0.00,6.78,2025-11-19,dev,0
pay_00000000002698,setl_T1RNGA_0044,bnk_000000000046,1742.84,card,40.09,7.22,17.43,2025-11-19,dev,0
pay_00000000002788,setl_T1RNGA_0044,bnk_000000000046,1578.10,upi,0.00,0.00,15.78,2025-11-19,dev,0
pay_00000000002836,setl_T1RNGA_0044,bnk_000000000046,245.02,upi,0.00,0.00,0.00,2025-11-19,dev,0
pay_00000000002864,setl_T1RNGA_0044,bnk_000000000046,357.84,upi,0.00,0.00,3.58,2025-11-19,dev,0
pay_00000000002923,setl_T1RNGA_0044,bnk_000000000046,690.20,card,15.87,2.86,6.90,2025-11-19,dev,0
pay_00000000002928,setl_T1RNGA_0044,bnk_000000000046,110.32,card,2.54,0.46,1.10,2025-11-19,dev,0
pay_00000000002996,setl_T1RNGA_0044,bnk_000000000046,620.00,netbanking,15.00,2.70,0.00,2025-11-19,dev,0
pay_00000000003082,setl_T1RNGA_0044,bnk_000000000046,672.00,wallet,12.10,2.18,0.00,2025-11-19,dev,0
pay_00000000003121,setl_T1RNGA_0044,bnk_000000000046,925.97,card,21.30,3.83,9.26,2025-11-19,dev,0
pay_00000000003126,setl_T1RNGA_0044,bnk_000000000046,665.00,upi,0.00,0.00,6.65,2025-11-19,dev,0
pay_00000000003229,setl_T1RNGA_0044,bnk_000000000046,992.66,upi,0.00,0.00,0.00,2025-11-19,dev,0
pay_00000000003233,setl_T1RNGA_0044,bnk_000000000046,857.99,wallet,15.44,2.78,0.00,2025-11-19,dev,0
pay_00000000003243,setl_T1RNGA_0044,bnk_000000000046,720.75,netbanking,15.00,2.70,7.21,2025-11-19,dev,0
pay_00000000003271,setl_T1RNGA_0044,bnk_000000000046,1051.61,card,24.19,4.35,10.52,2025-11-19,dev,0
pay_00000000003289,setl_T1RNGA_0044,bnk_000000000046,399.37,wallet,7.19,1.29,3.99,2025-11-19,dev,0
pay_00000000003290,setl_T1RNGA_0044,bnk_000000000046,782.99,upi,0.00,0.00,0.00,2025-11-19,dev,0
pay_00000000003295,setl_T1RNGA_0044,bnk_000000000046,570.97,upi,0.00,0.00,5.71,2025-11-19,dev,0
pay_00000000003337,setl_T1RNGA_0044,bnk_000000000046,3529.00,upi,0.00,0.00,0.00,2025-11-19,dev,0
pay_00000000003353,setl_T1RNGA_0044,bnk_000000000046,600.84,upi,0.00,0.00,6.01,2025-11-19,dev,0
pay_00000000003438,setl_T1RNGA_0044,bnk_000000000046,1356.00,upi,0.00,0.00,13.56,2025-11-19,dev,0
pay_00000000003456,setl_T1RNGA_0044,bnk_000000000046,228.45,wallet,4.11,0.74,0.00,2025-11-19,dev,0
pay_00000000003459,setl_T1RNGA_0044,bnk_000000000046,492.07,upi,0.00,0.00,4.92,2025-11-19,dev,0
pay_00000000003464,setl_T1RNGA_0044,bnk_000000000046,332.99,upi,0.00,0.00,3.33,2025-11-19,dev,0
pay_00000000003582,setl_T1RNGA_0044,bnk_000000000046,1467.02,upi,0.00,0.00,0.00,2025-11-19,dev,0
pay_00000000003650,setl_T1RNGA_0044,bnk_000000000046,3198.00,netbanking,15.00,2.70,0.00,2025-11-19,dev,0
pay_00000000003742,setl_T1RNGA_0044,bnk_000000000046,366.00,upi,0.00,0.00,0.00,2025-11-19,dev,0
pay_00000000003765,setl_T1RNGA_0044,bnk_000000000046,363.99,upi,0.00,0.00,3.64,2025-11-19,dev,0
pay_00000000003808,setl_T1RNGA_0044,bnk_000000000046,3274.18,wallet,58.94,10.61,32.74,2025-11-19,dev,0
pay_00000000003869,setl_T1RNGA_0044,bnk_000000000046,773.00,card,17.78,3.20,0.00,2025-11-19,dev,0
pay_00000000003879,setl_T1RNGA_0044,bnk_000000000046,931.57,netbanking,15.00,2.70,9.32,2025-11-19,dev,0
pay_00000000004017,setl_T1RNGA_0044,bnk_000000000046,863.03,upi,0.00,0.00,0.00,2025-11-19,dev,0
pay_00000000004067,setl_T1RNGA_0044,bnk_000000000046,803.25,upi,0.00,0.00,8.03,2025-11-19,dev,0
pay_00000000004091,setl_T1RNGA_0044,bnk_000000000046,841.35,upi,0.00,0.00,8.41,2025-11-19,dev,0
pay_00000000004171,setl_T1RNGA_0044,bnk_000000000046,290.93,upi,0.00,0.00,2.91,2025-11-19,dev,0
pay_00000000004201,setl_T1RNGA_0044,bnk_000000000046,863.03,upi,0.00,0.00,0.00,2025-11-19,dev,1
pay_00000000000085,setl_T1RNGA_0045,bnk_000000000047,2974.62,upi,0.00,0.00,29.75,2025-11-19,dev,0
pay_00000000000123,setl_T1RNGA_0045,bnk_000000000047,1040.00,card,23.92,4.31,0.00,2025-11-19,dev,0
pay_00000000000137,setl_T1RNGA_0045,bnk_000000000047,159.34,upi,0.00,0.00,1.59,2025-11-19,dev,0
pay_00000000000183,setl_T1RNGA_0045,bnk_000000000047,874.62,upi,0.00,0.00,8.75,2025-11-19,dev,0
pay_00000000000216,setl_T1RNGA_0045,bnk_000000000047,331.69,upi,0.00,0.00,3.32,2025-11-19,dev,0
pay_00000000000221,setl_T1RNGA_0045,bnk_000000000047,516.18,upi,0.00,0.00,0.00,2025-11-19,dev,0
pay_00000000000235,setl_T1RNGA_0045,bnk_000000000047,1928.00,wallet,34.70,6.25,19.28,2025-11-19,dev,0
pay_00000000000246,setl_T1RNGA_0045,bnk_000000000047,849.00,upi,0.00,0.00,0.00,2025-11-19,dev,0
pay_00000000000252,setl_T1RNGA_0045,bnk_000000000047,126.00,wallet,2.27,0.41,0.00,2025-11-19,dev,0
pay_00000000000331,setl_T1RNGA_0045,bnk_000000000047,13841.00,upi,0.00,0.00,138.41,2025-11-19,dev,0
pay_00000000000376,setl_T1RNGA_0045,bnk_000000000047,9412.78,upi,0.00,0.00,94.13,2025-11-19,dev,0
pay_00000000000446,setl_T1RNGA_0045,bnk_000000000047,427.47,upi,0.00,0.00,0.00,2025-11-19,dev,0
pay_00000000000473,setl_T1RNGA_0045,bnk_000000000047,902.68,upi,0.00,0.00,9.03,2025-11-19,dev,0
pay_00000000000524,setl_T1RNGA_0045,bnk_000000000047,936.93,upi,0.00,0.00,9.37,2025-11-19,dev,0
pay_00000000000551,setl_T1RNGA_0045,bnk_000000000047,291.94,upi,0.00,0.00,2.92,2025-11-19,dev,0
pay_00000000000596,setl_T1RNGA_0045,bnk_000000000047,923.98,netbanking,15.00,2.70,9.24,2025-11-19,dev,0
pay_00000000000670,setl_T1RNGA_0045,bnk_000000000047,120.00,card,2.76,0.50,0.00,2025-11-19,dev,0
pay_00000000000705,setl_T1RNGA_0045,bnk_000000000047,1066.31,upi,0.00,0.00,0.00,2025-11-19,dev,0
pay_00000000000717,setl_T1RNGA_0045,bnk_000000000047,541.12,netbanking,15.00,2.70,0.00,2025-11-19,dev,0
pay_00000000000757,setl_T1RNGA_0045,bnk_000000000047,3429.60,wallet,61.73,11.11,34.30,2025-11-19,dev,0
pay_00000000000891,setl_T1RNGA_0045,bnk_000000000047,811.00,netbanking,15.00,2.70,0.00,2025-11-19,dev,0
pay_00000000001014,setl_T1RNGA_0045,bnk_000000000047,3481.35,wallet,62.66,11.28,34.81,2025-11-19,dev,0
pay_00000000001040,setl_T1RNGA_0045,bnk_000000000047,1512.00,card,34.78,6.26,0.00,2025-11-19,dev,0
pay_00000000001080,setl_T1RNGA_0045,bnk_000000000047,16548.99,card,380.63,68.51,0.00,2025-11-19,dev,0
pay_00000000001108,setl_T1RNGA_0045,bnk_000000000047,205.99,card,4.74,0.85,2.06,2025-11-19,dev,0
pay_00000000001136,setl_T1RNGA_0045,bnk_000000000047,858.18,netbanking,15.00,2.70,0.00,2025-11-19,dev,0
pay_00000000001191,setl_T1RNGA_0045,bnk_000000000047,2544.62,card,58.53,10.54,25.45,2025-11-19,dev,0
pay_00000000001195,setl_T1RNGA_0045,bnk_000000000047,925.82,card,21.29,3.83,9.26,2025-11-19,dev,0
pay_00000000001197,setl_T1RNGA_0045,bnk_000000000047,550.00,upi,0.00,0.00,0.00,2025-11-19,dev,0
pay_00000000001208,setl_T1RNGA_0045,bnk_000000000047,416.00,card,9.57,1.72,0.00,2025-11-19,dev,0
pay_00000000001249,setl_T1RNGA_0045,bnk_000000000047,346.99,card,7.98,1.44,3.47,2025-11-19,dev,0
pay_00000000001297,setl_T1RNGA_0045,bnk_000000000047,983.54,netbanking,15.00,2.70,9.84,2025-11-19,dev,0
pay_00000000001356,setl_T1RNGA_0045,bnk_000000000047,805.00,card,18.52,3.33,8.05,2025-11-19,dev,0
pay_00000000001577,setl_T1RNGA_0045,bnk_000000000047,7003.99,card,161.09,29.00,0.00,2025-11-19,dev,0
pay_00000000001612,setl_T1RNGA_0045,bnk_000000000047,619.92,upi,0.00,0.00,0.00,2025-11-19,dev,0
pay_00000000001615,setl_T1RNGA_0045,bnk_000000000047,2049.41,wallet,36.89,6.64,20.49,2025-11-19,dev,0
pay_00000000001623,setl_T1RNGA_0045,bnk_000000000047,415.00,upi,0.00,0.00,0.00,2025-11-19,dev,0
pay_00000000001635,setl_T1RNGA_0045,bnk_000000000047,3309.99,netbanking,15.00,2.70,0.00,2025-11-19,dev,0
pay_00000000001655,setl_T1RNGA_0045,bnk_000000000047,662.99,netbanking,15.00,2.70,0.00,2025-11-19,dev,0
pay_00000000001661,setl_T1RNGA_0045,bnk_000000000047,458.55,upi,0.00,0.00,4.59,2025-11-19,dev,0
pay_00000000001705,setl_T1RNGA_0045,bnk_000000000047,136.51,upi,0.00,0.00,0.00,2025-11-19,dev,0
pay_00000000001715,setl_T1RNGA_0045,bnk_000000000047,128.99,upi,0.00,0.00,0.00,2025-11-19,dev,0
pay_00000000001776,setl_T1RNGA_0045,bnk_000000000047,3334.71,upi,0.00,0.00,0.00,2025-11-19,dev,0
pay_00000000001797,setl_T1RNGA_0045,bnk_000000000047,248.81,upi,0.00,0.00,2.49,2025-11-19,dev,0
pay_00000000001861,setl_T1RNGA_0045,bnk_000000000047,15086.10,card,346.98,62.46,0.00,2025-11-19,dev,0
pay_00000000001915,setl_T1RNGA_0045,bnk_000000000047,632.99,netbanking,15.00,2.70,0.00,2025-11-19,dev,0
pay_00000000001996,setl_T1RNGA_0045,bnk_000000000047,1076.31,upi,0.00,0.00,10.76,2025-11-19,dev,0
pay_00000000002020,setl_T1RNGA_0045,bnk_000000000047,560.92,upi,0.00,0.00,5.61,2025-11-19,dev,0
pay_00000000002115,setl_T1RNGA_0045,bnk_000000000047,990.00,wallet,17.82,3.21,0.00,2025-11-19,dev,0
pay_00000000002130,setl_T1RNGA_0045,bnk_000000000047,474.96,upi,0.00,0.00,4.75,2025-11-19,dev,0
pay_00000000002140,setl_T1RNGA_0045,bnk_000000000047,581.00,netbanking,15.00,2.70,5.81,2025-11-19,dev,0
pay_00000000002208,setl_T1RNGA_0045,bnk_000000000047,347.74,upi,0.00,0.00,0.00,2025-11-19,dev,0
pay_00000000002283,setl_T1RNGA_0045,bnk_000000000047,757.00,wallet,13.63,2.45,0.00,2025-11-19,dev,0
pay_00000000002372,setl_T1RNGA_0045,bnk_000000000047,1131.54,upi,0.00,0.00,11.32,2025-11-19,dev,0
pay_00000000002416,setl_T1RNGA_0045,bnk_000000000047,396.64,card,9.12,1.64,3.97,2025-11-19,dev,0
pay_00000000002499,setl_T1RNGA_0045,bnk_000000000047,959.31,card,22.06,3.97,9.59,2025-11-19,dev,0
pay_00000000002519,setl_T1RNGA_0045,bnk_000000000047,256.99,card,5.91,1.06,2.57,2025-11-19,dev,0
pay_00000000002606,setl_T1RNGA_0045,bnk_000000000047,694.26,card,15.97,2.87,0.00,2025-11-19,dev,0
pay_00000000002625,setl_T1RNGA_0045,bnk_000000000047,2965.17,upi,0.00,0.00,29.65,2025-11-19,dev,0
pay_00000000002701,setl_T1RNGA_0045,bnk_000000000047,595.67,wallet,10.72,1.93,0.00,2025-11-19,dev,0
pay_00000000002713,setl_T1RNGA_0045,bnk_000000000047,1134.87,card,26.10,4.70,11.35,2025-11-19,dev,0
pay_00000000002762,setl_T1RNGA_0045,bnk_000000000047,987.00,upi,0.00,0.00,9.87,2025-11-19,dev,0
pay_00000000002769,setl_T1RNGA_0045,bnk_000000000047,589.94,card,13.57,2.44,5.90,2025-11-19,dev,0
pay_00000000002905,setl_T1RNGA_0045,bnk_000000000047,600.99,upi,0.00,0.00,0.00,2025-11-19,dev,0
pay_00000000002942,setl_T1RNGA_0045,bnk_000000000047,539.52,upi,0.00,0.00,5.40,2025-11-19,dev,0
pay_00000000002967,setl_T1RNGA_0045,bnk_000000000047,859.51,card,19.77,3.56,0.00,2025-11-19,dev,0
pay_00000000003023,setl_T1RNGA_0045,bnk_000000000047,1658.76,upi,0.00,0.00,16.59,2025-11-19,dev,0
pay_00000000003153,setl_T1RNGA_0045,bnk_000000000047,776.99,upi,0.00,0.00,0.00,2025-11-19,dev,0
pay_00000000003198,setl_T1RNGA_0045,bnk_000000000047,1659.28,card,38.16,6.87,0.00,2025-11-19,dev,0
pay_00000000003255,setl_T1RNGA_0045,bnk_000000000047,2536.00,card,58.33,10.50,0.00,2025-11-19,dev,0
pay_00000000003283,setl_T1RNGA_0045,bnk_000000000047,998.00,upi,0.00,0.00,9.98,2025-11-19,dev,0
pay_00000000003293,setl_T1RNGA_0045,bnk_000000000047,976.99,upi,0.00,0.00,0.00,2025-11-19,dev,0
pay_00000000003306,setl_T1RNGA_0045,bnk_000000000047,219.00,wallet,3.94,0.71,2.19,2025-11-19,dev,0
pay_00000000003311,setl_T1RNGA_0045,bnk_000000000047,198.00,upi,0.00,0.00,1.98,2025-11-19,dev,0
pay_00000000003323,setl_T1RNGA_0045,bnk_000000000047,7685.00,upi,0.00,0.00,76.85,2025-11-19,dev,0
pay_00000000003379,setl_T1RNGA_0045,bnk_000000000047,1526.93,card,35.12,6.32,0.00,2025-11-19,dev,0
pay_00000000003473,setl_T1RNGA_0045,bnk_000000000047,351.94,wallet,6.33,1.14,0.00,2025-11-19,dev,0
pay_00000000003479,setl_T1RNGA_0045,bnk_000000000047,1068.52,wallet,19.23,3.46,10.69,2025-11-19,dev,0
pay_00000000003528,setl_T1RNGA_0045,bnk_000000000047,694.66,netbanking,15.00,2.70,0.00,2025-11-19,dev,0
pay_00000000003564,setl_T1RNGA_0045,bnk_000000000047,322.66,upi,0.00,0.00,0.00,2025-11-19,dev,0
pay_00000000003590,setl_T1RNGA_0045,bnk_000000000047,362.00,wallet,6.52,1.17,0.00,2025-11-19,dev,0
pay_00000000003595,setl_T1RNGA_0045,bnk_000000000047,831.58,upi,0.00,0.00,8.32,2025-11-19,dev,0
pay_00000000003638,setl_T1RNGA_0045,bnk_000000000047,811.75,upi,0.00,0.00,0.00,2025-11-19,dev,0
pay_00000000003724,setl_T1RNGA_0045,bnk_000000000047,983.92,upi,0.00,0.00,0.00,2025-11-19,dev,0
pay_00000000003756,setl_T1RNGA_0045,bnk_000000000047,362.50,card,8.34,1.50,3.63,2025-11-19,dev,0
pay_00000000003832,setl_T1RNGA_0045,bnk_000000000047,335.00,upi,0.00,0.00,3.35,2025-11-19,dev,0
pay_00000000003835,setl_T1RNGA_0045,bnk_000000000047,3700.99,upi,0.00,0.00,37.01,2025-11-19,dev,0
pay_00000000003865,setl_T1RNGA_0045,bnk_000000000047,150.00,card,3.45,0.62,0.00,2025-11-19,dev,0
pay_00000000003947,setl_T1RNGA_0045,bnk_000000000047,617.18,netbanking,15.00,2.70,0.00,2025-11-19,dev,0
pay_00000000004076,setl_T1RNGA_0045,bnk_000000000047,169.00,upi,0.00,0.00,1.69,2025-11-19,dev,0
pay_00000000004133,setl_T1RNGA_0045,bnk_000000000047,799.22,card,18.38,3.31,0.00,2025-11-19,dev,0
pay_00000000004189,setl_T1RNGA_0045,bnk_000000000047,934.54,card,21.49,3.87,0.00,2025-11-19,dev,0
pay_00000000004202,setl_T1RNGA_0045,bnk_000000000047,863.03,upi,0.00,0.00,0.00,2025-11-19,dev,1
pay_00000000001253,setl_T1RNGA_0046,bnk_000000000048,724.00,card,16.65,3.00,7.24,2025-11-20,dev,0
pay_00000000001685,setl_T1RNGA_0046,bnk_000000000048,2904.00,upi,0.00,0.00,0.00,2025-11-20,dev,0
pay_00000000002388,setl_T1RNGA_0046,bnk_000000000048,169.41,upi,0.00,0.00,1.69,2025-11-20,dev,0
pay_00000000002412,setl_T1RNGA_0046,bnk_000000000048,160.02,upi,0.00,0.00,0.00,2025-11-20,dev,0
pay_00000000002444,setl_T1RNGA_0046,bnk_000000000048,139.22,card,3.20,0.58,1.39,2025-11-20,dev,0
pay_00000000002667,setl_T1RNGA_0046,bnk_000000000048,3295.86,upi,0.00,0.00,0.00,2025-11-20,dev,0
pay_00000000003207,setl_T1RNGA_0046,bnk_000000000048,202.00,card,4.65,0.84,0.00,2025-11-20,dev,0
pay_00000000003450,setl_T1RNGA_0046,bnk_000000000048,14488.00,upi,0.00,0.00,144.88,2025-11-20,dev,0
pay_00000000000101,setl_T1RNGA_0047,bnk_000000000049,155.72,upi,0.00,0.00,0.00,2025-11-20,dev,0
pay_00000000000542,setl_T1RNGA_0047,bnk_000000000049,974.00,upi,0.00,0.00,0.00,2025-11-20,dev,0
pay_00000000000587,setl_T1RNGA_0047,bnk_000000000049,2177.99,upi,0.00,0.00,21.78,2025-11-20,dev,0
pay_00000000000801,setl_T1RNGA_0047,bnk_000000000049,119.12,card,2.74,0.49,0.00,2025-11-20,dev,0
pay_00000000000805,setl_T1RNGA_0047,bnk_000000000049,494.57,upi,0.00,0.00,0.00,2025-11-20,dev,0
pay_00000000000823,setl_T1RNGA_0047,bnk_000000000049,2773.04,upi,0.00,0.00,27.73,2025-11-20,dev,0
pay_00000000000830,setl_T1RNGA_0047,bnk_000000000049,824.88,wallet,14.85,2.67,0.00,2025-11-20,dev,0
pay_00000000000875,setl_T1RNGA_0047,bnk_000000000049,852.81,upi,0.00,0.00,0.00,2025-11-20,dev,0
pay_00000000001085,setl_T1RNGA_0047,bnk_000000000049,676.94,card,15.57,2.80,0.00,2025-11-20,dev,0
pay_00000000001109,setl_T1RNGA_0047,bnk_000000000049,1065.99,upi,0.00,0.00,10.66,2025-11-20,dev,0
pay_00000000001698,setl_T1RNGA_0047,bnk_000000000049,1883.84,upi,0.00,0.00,0.00,2025-11-20,dev,0
pay_00000000002141,setl_T1RNGA_0047,bnk_000000000049,1545.00,netbanking,15.00,2.70,15.45,2025-11-20,dev,0
pay_00000000002219,setl_T1RNGA_0047,bnk_000000000049,128.16,card,2.95,0.53,1.28,2025-11-20,dev,0
pay_00000000002421,setl_T1RNGA_0047,bnk_000000000049,1165.00,wallet,20.97,3.77,11.65,2025-11-20,dev,0
pay_00000000002437,setl_T1RNGA_0047,bnk_000000000049,375.90,upi,0.00,0.00,3.76,2025-11-20,dev,0
pay_00000000002577,setl_T1RNGA_0047,bnk_000000000049,206.03,wallet,3.71,0.67,2.06,2025-11-20,dev,0
pay_00000000002704,setl_T1RNGA_0047,bnk_000000000049,1006.14,card,23.14,4.17,10.06,2025-11-20,dev,0
pay_00000000002829,setl_T1RNGA_0047,bnk_000000000049,880.45,netbanking,15.00,2.70,8.80,2025-11-20,dev,0
pay_00000000002865,setl_T1RNGA_0047,bnk_000000000049,853.00,upi,0.00,0.00,8.53,2025-11-20,dev,0
pay_00000000002941,setl_T1RNGA_0047,bnk_000000000049,358.00,upi,0.00,0.00,3.58,2025-11-20,dev,0
pay_00000000003071,setl_T1RNGA_0047,bnk_000000000049,486.94,card,11.20,2.02,0.00,2025-11-20,dev,0
pay_00000000003120,setl_T1RNGA_0047,bnk_000000000049,641.15,card,14.75,2.66,0.00,2025-11-20,dev,0
pay_00000000003256,setl_T1RNGA_0047,bnk_000000000049,146.37,upi,0.00,0.00,1.46,2025-11-20,dev,0
pay_00000000003301,setl_T1RNGA_0047,bnk_000000000049,185.44,netbanking,15.00,2.70,1.85,2025-11-20,dev,0
pay_00000000003325,setl_T1RNGA_0047,bnk_000000000049,120.99,upi,0.00,0.00,1.21,2025-11-20,dev,0
pay_00000000003412,setl_T1RNGA_0047,bnk_000000000049,501.47,wallet,9.03,1.63,0.00,2025-11-20,dev,0
pay_00000000003426,setl_T1RNGA_0047,bnk_000000000049,1034.00,netbanking,15.00,2.70,10.34,2025-11-20,dev,0
pay_00000000003432,setl_T1RNGA_0047,bnk_000000000049,935.99,netbanking,15.00,2.70,9.36,2025-11-20,dev,0
pay_00000000003484,setl_T1RNGA_0047,bnk_000000000049,746.00,upi,0.00,0.00,7.46,2025-11-20,dev,0
pay_00000000004207,setl_T1RNGA_0047,bnk_000000000049,375.90,upi,0.00,0.00,3.76,2025-11-20,dev,1
pay_00000000000055,setl_T1RNGA_0048,bnk_000000000050,828.83,wallet,14.92,2.69,8.29,2025-11-20,dev,0
pay_00000000000092,setl_T1RNGA_0048,bnk_000000000050,1071.00,card,24.63,4.43,0.00,2025-11-20,dev,0
pay_00000000000103,setl_T1RNGA_0048,bnk_000000000050,732.00,upi,0.00,0.00,0.00,2025-11-20,dev,0
pay_00000000000159,setl_T1RNGA_0048,bnk_000000000050,2393.14,upi,0.00,0.00,23.93,2025-11-20,dev,0
pay_00000000000226,setl_T1RNGA_0048,bnk_000000000050,578.00,card,13.29,2.39,5.78,2025-11-20,dev,0
pay_00000000000334,setl_T1RNGA_0048,bnk_000000000050,260.79,wallet,4.69,0.84,0.00,2025-11-20,dev,0
pay_00000000000339,setl_T1RNGA_0048,bnk_000000000050,249.59,upi,0.00,0.00,0.00,2025-11-20,dev,0
pay_00000000000494,setl_T1RNGA_0048,bnk_000000000050,244.00,card,5.61,1.01,2.44,2025-11-20,dev,0
pay_00000000000588,setl_T1RNGA_0048,bnk_000000000050,1054.37,upi,0.00,0.00,10.54,2025-11-20,dev,0
pay_00000000000685,setl_T1RNGA_0048,bnk_000000000050,622.12,card,14.31,2.58,6.22,2025-11-20,dev,0
pay_00000000000696,setl_T1RNGA_0048,bnk_000000000050,2188.86,card,50.34,9.06,0.00,2025-11-20,dev,0
pay_00000000000715,setl_T1RNGA_0048,bnk_000000000050,1023.00,card,23.53,4.24,10.23,2025-11-20,dev,0
pay_00000000000751,setl_T1RNGA_0048,bnk_000000000050,545.00,netbanking,15.00,2.70,5.45,2025-11-20,dev,0
pay_00000000000991,setl_T1RNGA_0048,bnk_000000000050,489.00,netbanking,15.00,2.70,0.00,2025-11-20,dev,0
pay_00000000001016,setl_T1RNGA_0048,bnk_000000000050,282.03,upi,0.00,0.00,2.82,2025-11-20,dev,0
pay_00000000001037,setl_T1RNGA_0048,bnk_000000000050,747.77,card,17.20,3.10,7.48,2025-11-20,dev,0
pay_00000000001111,setl_T1RNGA_0048,bnk_000000000050,2760.32,card,63.49,11.43,0.00,2025-11-20,dev,0
pay_00000000001114,setl_T1RNGA_0048,bnk_000000000050,3463.00,wallet,62.33,11.22,0.00,2025-11-20,dev,0
pay_00000000001124,setl_T1RNGA_0048,bnk_000000000050,122.99,card,2.83,0.51,1.23,2025-11-20,dev,0
pay_00000000001155,setl_T1RNGA_0048,bnk_000000000050,896.00,upi,0.00,0.00,8.96,2025-11-20,dev,0
pay_00000000001361,setl_T1RNGA_0048,bnk_000000000050,845.31,card,19.44,3.50,8.45,2025-11-20,dev,0
pay_00000000001437,setl_T1RNGA_0048,bnk_000000000050,508.97,upi,0.00,0.00,5.09,2025-11-20,dev,0
pay_00000000001733,setl_T1RNGA_0048,bnk_000000000050,3441.55,wallet,61.95,11.15,34.42,2025-11-20,dev,0
pay_00000000001968,setl_T1RNGA_0048,bnk_000000000050,550.65,upi,0.00,0.00,5.51,2025-11-20,dev,0
pay_00000000002000,setl_T1RNGA_0048,bnk_000000000050,959.81,upi,0.00,0.00,0.00,2025-11-20,dev,0
pay_00000000002093,setl_T1RNGA_0048,bnk_000000000050,797.00,card,18.33,3.30,7.97,2025-11-20,dev,0
pay_00000000002106,setl_T1RNGA_0048,bnk_000000000050,887.00,card,20.40,3.67,0.00,2025-11-20,dev,0
pay_00000000002117,setl_T1RNGA_0048,bnk_000000000050,14998.99,upi,0.00,0.00,149.99,2025-11-20,dev,0
pay_00000000002262,setl_T1RNGA_0048,bnk_000000000050,708.00,wallet,12.74,2.29,7.08,2025-11-20,dev,0
pay_00000000002287,setl_T1RNGA_0048,bnk_000000000050,641.07,upi,0.00,0.00,0.00,2025-11-20,dev,0
pay_00000000002324,setl_T1RNGA_0048,bnk_000000000050,177.58,card,4.08,0.73,0.00,2025-11-20,dev,0
pay_00000000002406,setl_T1RNGA_0048,bnk_000000000050,707.12,netbanking,15.00,2.70,7.07,2025-11-20,dev,0
pay_00000000002552,setl_T1RNGA_0048,bnk_000000000050,291.00,netbanking,15.00,2.70,2.91,2025-11-20,dev,0
pay_00000000002839,setl_T1RNGA_0048,bnk_000000000050,465.35,netbanking,15.00,2.70,0.00,2025-11-20,dev,0
pay_00000000002991,setl_T1RNGA_0048,bnk_000000000050,150.70,upi,0.00,0.00,1.51,2025-11-20,dev,0
pay_00000000003159,setl_T1RNGA_0048,bnk_000000000050,408.32,upi,0.00,0.00,0.00,2025-11-20,dev,0
pay_00000000003224,setl_T1RNGA_0048,bnk_000000000050,126.49,upi,0.00,0.00,0.00,2025-11-20,dev,0
pay_00000000003357,setl_T1RNGA_0048,bnk_000000000050,829.00,upi,0.00,0.00,8.29,2025-11-20,dev,0
pay_00000000003470,setl_T1RNGA_0048,bnk_000000000050,860.00,card,19.78,3.56,0.00,2025-11-20,dev,0
pay_00000000003570,setl_T1RNGA_0048,bnk_000000000050,607.28,wallet,10.93,1.97,6.07,2025-11-20,dev,0
pay_00000000003599,setl_T1RNGA_0048,bnk_000000000050,690.99,wallet,12.44,2.24,6.91,2025-11-20,dev,0
pay_00000000003931,setl_T1RNGA_0048,bnk_000000000050,523.99,card,12.05,2.17,0.00,2025-11-20,dev,0
pay_00000000004079,setl_T1RNGA_0048,bnk_000000000050,720.03,upi,0.00,0.00,7.20,2025-11-20,dev,0
pay_00000000004104,setl_T1RNGA_0048,bnk_000000000050,757.99,upi,0.00,0.00,0.00,2025-11-20,dev,0
pay_00000000004139,setl_T1RNGA_0048,bnk_000000000050,304.17,wallet,5.48,0.99,0.00,2025-11-20,dev,0
pay_00000000004187,setl_T1RNGA_0048,bnk_000000000050,127.00,upi,0.00,0.00,1.27,2025-11-20,dev,0
pay_00000000004197,setl_T1RNGA_0048,bnk_000000000050,280.00,card,6.44,1.16,2.80,2025-11-20,dev,0
pay_00000000004208,setl_T1RNGA_0048,bnk_000000000050,375.90,upi,0.00,0.00,3.76,2025-11-20,dev,1
pay_00000000000026,setl_T1RNGA_0049,bnk_000000000051,3526.00,card,81.10,14.60,35.26,2025-11-20,dev,0
pay_00000000000034,setl_T1RNGA_0049,bnk_000000000051,356.00,card,8.19,1.47,3.56,2025-11-20,dev,0
pay_00000000000046,setl_T1RNGA_0049,bnk_000000000051,355.00,wallet,6.39,1.15,0.00,2025-11-20,dev,0
pay_00000000000105,setl_T1RNGA_0049,bnk_000000000051,11829.42,card,272.08,48.97,118.29,2025-11-20,dev,0
pay_00000000000169,setl_T1RNGA_0049,bnk_000000000051,879.99,card,20.24,3.64,0.00,2025-11-20,dev,0
pay_00000000000236,setl_T1RNGA_0049,bnk_000000000051,194.61,wallet,3.50,0.63,0.00,2025-11-20,dev,0
pay_00000000000336,setl_T1RNGA_0049,bnk_000000000051,192.31,upi,0.00,0.00,1.92,2025-11-20,dev,0
pay_00000000000348,setl_T1RNGA_0049,bnk_000000000051,856.06,card,19.69,3.54,0.00,2025-11-20,dev,0
pay_00000000000516,setl_T1RNGA_0049,bnk_000000000051,1045.27,upi,0.00,0.00,10.45,2025-11-20,dev,0
pay_00000000000589,setl_T1RNGA_0049,bnk_000000000051,279.47,upi,0.00,0.00,0.00,2025-11-20,dev,0
pay_00000000000620,setl_T1RNGA_0049,bnk_000000000051,1151.00,upi,0.00,0.00,11.51,2025-11-20,dev,0
pay_00000000000679,setl_T1RNGA_0049,bnk_000000000051,470.67,card,10.83,1.95,0.00,2025-11-20,dev,0
pay_00000000000774,setl_T1RNGA_0049,bnk_000000000051,382.88,card,8.81,1.59,3.83,2025-11-20,dev,0
pay_00000000000858,setl_T1RNGA_0049,bnk_000000000051,498.00,upi,0.00,0.00,4.98,2025-11-20,dev,0
pay_00000000001035,setl_T1RNGA_0049,bnk_000000000051,9560.51,upi,0.00,0.00,0.00,2025-11-20,dev,0
pay_00000000001116,setl_T1RNGA_0049,bnk_000000000051,648.16,card,14.91,2.68,6.48,2025-11-20,dev,0
pay_00000000001196,setl_T1RNGA_0049,bnk_000000000051,1889.93,upi,0.00,0.00,0.00,2025-11-20,dev,0
pay_00000000001360,setl_T1RNGA_0049,bnk_000000000051,808.76,card,18.60,3.35,8.09,2025-11-20,dev,0
pay_00000000001390,setl_T1RNGA_0049,bnk_000000000051,287.99,upi,0.00,0.00,2.88,2025-11-20,dev,0
pay_00000000001396,setl_T1RNGA_0049,bnk_000000000051,458.99,upi,0.00,0.00,0.00,2025-11-20,dev,0
pay_00000000001528,setl_T1RNGA_0049,bnk_000000000051,718.00,netbanking,15.00,2.70,0.00,2025-11-20,dev,0
pay_00000000001599,setl_T1RNGA_0049,bnk_000000000051,283.99,upi,0.00,0.00,0.00,2025-11-20,dev,0
pay_00000000001602,setl_T1RNGA_0049,bnk_000000000051,3307.89,upi,0.00,0.00,0.00,2025-11-20,dev,0
pay_00000000001702,setl_T1RNGA_0049,bnk_000000000051,497.11,netbanking,15.00,2.70,4.97,2025-11-20,dev,0
pay_00000000001713,setl_T1RNGA_0049,bnk_000000000051,738.00,card,16.97,3.05,0.00,2025-11-20,dev,0
pay_00000000001948,setl_T1RNGA_0049,bnk_000000000051,261.80,wallet,4.71,0.85,0.00,2025-11-20,dev,0
pay_00000000001957,setl_T1RNGA_0049,bnk_000000000051,557.92,card,12.83,2.31,0.00,2025-11-20,dev,0
pay_00000000001982,setl_T1RNGA_0049,bnk_000000000051,408.25,upi,0.00,0.00,4.08,2025-11-20,dev,0
pay_00000000002052,setl_T1RNGA_0049,bnk_000000000051,329.08,card,7.57,1.36,0.00,2025-11-20,dev,0
pay_00000000002068,setl_T1RNGA_0049,bnk_000000000051,559.60,upi,0.00,0.00,5.60,2025-11-20,dev,0
pay_00000000002145,setl_T1RNGA_0049,bnk_000000000051,576.00,upi,0.00,0.00,5.76,2025-11-20,dev,0
pay_00000000002161,setl_T1RNGA_0049,bnk_000000000051,1544.87,upi,0.00,0.00,15.45,2025-11-20,dev,0
pay_00000000002168,setl_T1RNGA_0049,bnk_000000000051,238.26,upi,0.00,0.00,2.38,2025-11-20,dev,0
pay_00000000002256,setl_T1RNGA_0049,bnk_000000000051,2145.93,netbanking,15.00,2.70,21.46,2025-11-20,dev,0
pay_00000000002295,setl_T1RNGA_0049,bnk_000000000051,758.00,upi,0.00,0.00,7.58,2025-11-20,dev,0
pay_00000000002351,setl_T1RNGA_0049,bnk_000000000051,535.00,card,12.31,2.22,0.00,2025-11-20,dev,0
pay_00000000002377,setl_T1RNGA_0049,bnk_000000000051,242.99,upi,0.00,0.00,2.43,2025-11-20,dev,0
pay_00000000002384,setl_T1RNGA_0049,bnk_000000000051,167.99,upi,0.00,0.00,1.68,2025-11-20,dev,0
pay_00000000002492,setl_T1RNGA_0049,bnk_000000000051,1066.69,upi,0.00,0.00,0.00,2025-11-20,dev,0
pay_00000000002508,setl_T1RNGA_0049,bnk_000000000051,584.00,upi,0.00,0.00,5.84,2025-11-20,dev,0
pay_00000000002563,setl_T1RNGA_0049,bnk_000000000051,632.99,card,14.56,2.62,0.00,2025-11-20,dev,0
pay_00000000002578,setl_T1RNGA_0049,bnk_000000000051,511.99,upi,0.00,0.00,0.00,2025-11-20,dev,0
pay_00000000002641,setl_T1RNGA_0049,bnk_000000000051,798.08,card,18.36,3.30,7.98,2025-11-20,dev,0
pay_00000000002959,setl_T1RNGA_0049,bnk_000000000051,921.78,card,21.20,3.82,0.00,2025-11-20,dev,0
pay_00000000002987,setl_T1RNGA_0049,bnk_000000000051,132.99,upi,0.00,0.00,0.00,2025-11-20,dev,0
pay_00000000003011,setl_T1RNGA_0049,bnk_000000000051,891.24,upi,0.00,0.00,0.00,2025-11-20,dev,0
pay_00000000003083,setl_T1RNGA_0049,bnk_000000000051,244.86,card,5.63,1.01,2.45,2025-11-20,dev,0
pay_00000000003219,setl_T1RNGA_0049,bnk_000000000051,314.50,upi,0.00,0.00,3.15,2025-11-20,dev,0
pay_00000000003339,setl_T1RNGA_0049,bnk_000000000051,974.86,upi,0.00,0.00,9.75,2025-11-20,dev,0
pay_00000000003489,setl_T1RNGA_0049,bnk_000000000051,451.00,wallet,8.12,1.46,0.00,2025-11-20,dev,0
pay_00000000003551,setl_T1RNGA_0049,bnk_000000000051,1865.00,upi,0.00,0.00,0.00,2025-11-20,dev,0
pay_00000000003712,setl_T1RNGA_0049,bnk_000000000051,1020.00,upi,0.00,0.00,10.20,2025-11-20,dev,0
pay_00000000003842,setl_T1RNGA_0049,bnk_000000000051,972.99,upi,0.00,0.00,9.73,2025-11-20,dev,0
pay_00000000003910,setl_T1RNGA_0049,bnk_000000000051,925.83,upi,0.00,0.00,0.00,2025-11-20,dev,0
pay_00000000004015,setl_T1RNGA_0049,bnk_000000000051,536.76,card,12.35,2.22,5.37,2025-11-20,dev,0
pay_00000000004035,setl_T1RNGA_0049,bnk_000000000051,486.07,card,11.18,2.01,4.86,2025-11-20,dev,0
pay_00000000004123,setl_T1RNGA_0049,bnk_000000000051,825.58,card,18.99,3.42,8.26,2025-11-20,dev,0
pay_00000000004124,setl_T1RNGA_0049,bnk_000000000051,417.33,card,9.60,1.73,4.17,2025-11-20,dev,0
pay_00000000004172,setl_T1RNGA_0049,bnk_000000000051,260.99,upi,0.00,0.00,0.00,2025-11-20,dev,0
pay_00000000000270,setl_T1RNGA_0050,bnk_000000000052,149.42,upi,0.00,0.00,0.00,2025-11-21,dev,0
pay_00000000000729,setl_T1RNGA_0050,bnk_000000000052,829.55,card,19.08,3.43,8.30,2025-11-21,dev,0
pay_00000000001262,setl_T1RNGA_0050,bnk_000000000052,2088.76,upi,0.00,0.00,20.89,2025-11-21,dev,0
pay_00000000001312,setl_T1RNGA_0050,bnk_000000000052,1017.10,upi,0.00,0.00,10.17,2025-11-21,dev,0
pay_00000000001583,setl_T1RNGA_0050,bnk_000000000052,510.90,card,11.75,2.12,5.11,2025-11-21,dev,0
pay_00000000001824,setl_T1RNGA_0050,bnk_000000000052,512.24,wallet,9.22,1.66,0.00,2025-11-21,dev,0
pay_00000000001973,setl_T1RNGA_0050,bnk_000000000052,349.00,upi,0.00,0.00,0.00,2025-11-21,dev,0
pay_00000000002355,setl_T1RNGA_0050,bnk_000000000052,1119.44,card,25.75,4.64,0.00,2025-11-21,dev,0
pay_00000000002502,setl_T1RNGA_0050,bnk_000000000052,3209.67,upi,0.00,0.00,0.00,2025-11-21,dev,0
pay_00000000002662,setl_T1RNGA_0050,bnk_000000000052,3417.69,upi,0.00,0.00,34.18,2025-11-21,dev,0
pay_00000000003547,setl_T1RNGA_0050,bnk_000000000052,785.00,wallet,14.13,2.54,0.00,2025-11-21,dev,0
pay_00000000003633,setl_T1RNGA_0050,bnk_000000000052,225.67,upi,0.00,0.00,2.26,2025-11-21,dev,0
pay_00000000003904,setl_T1RNGA_0050,bnk_000000000052,470.99,upi,0.00,0.00,4.71,2025-11-21,dev,0
pay_00000000004140,setl_T1RNGA_0050,bnk_000000000052,1028.95,upi,0.00,0.00,10.29,2025-11-21,dev,0
pay_00000000004211,setl_T1RNGA_0050,bnk_000000000052,512.24,wallet,9.22,1.66,0.00,2025-11-21,dev,1
pay_00000000000179,setl_T1RNGA_0051,bnk_000000000053,2552.00,wallet,45.94,8.27,0.00,2025-11-21,dev,0
pay_00000000000309,setl_T1RNGA_0051,bnk_000000000053,861.56,upi,0.00,0.00,8.62,2025-11-21,dev,0
pay_00000000000343,setl_T1RNGA_0051,bnk_000000000053,15784.31,card,363.04,65.35,157.84,2025-11-21,dev,0
pay_00000000000872,setl_T1RNGA_0051,bnk_000000000053,1155.99,upi,0.00,0.00,0.00,2025-11-21,dev,0
pay_00000000000904,setl_T1RNGA_0051,bnk_000000000053,295.63,upi,0.00,0.00,2.96,2025-11-21,dev,0
pay_00000000001089,setl_T1RNGA_0051,bnk_000000000053,392.46,upi,0.00,0.00,0.00,2025-11-21,dev,0
pay_00000000001826,setl_T1RNGA_0051,bnk_000000000053,549.81,upi,0.00,0.00,5.50,2025-11-21,dev,0
pay_00000000001904,setl_T1RNGA_0051,bnk_000000000053,938.03,upi,0.00,0.00,0.00,2025-11-21,dev,0
pay_00000000001933,setl_T1RNGA_0051,bnk_000000000053,313.99,upi,0.00,0.00,3.14,2025-11-21,dev,0
pay_00000000001945,setl_T1RNGA_0051,bnk_000000000053,504.00,upi,0.00,0.00,5.04,2025-11-21,dev,0
pay_00000000002466,setl_T1RNGA_0051,bnk_000000000053,1240.00,card,28.52,5.13,12.40,2025-11-21,dev,0
pay_00000000002510,setl_T1RNGA_0051,bnk_000000000053,919.00,wallet,16.54,2.98,9.19,2025-11-21,dev,0
pay_00000000002709,setl_T1RNGA_0051,bnk_000000000053,574.93,upi,0.00,0.00,0.00,2025-11-21,dev,0
pay_00000000003145,setl_T1RNGA_0051,bnk_000000000053,2273.00,card,52.28,9.41,0.00,2025-11-21,dev,0
pay_00000000003173,setl_T1RNGA_0051,bnk_000000000053,1874.14,wallet,33.73,6.07,18.74,2025-11-21,dev,0
pay_00000000003717,setl_T1RNGA_0051,bnk_000000000053,915.00,card,21.05,3.79,0.00,2025-11-21,dev,0
pay_00000000003821,setl_T1RNGA_0051,bnk_000000000053,430.99,upi,0.00,0.00,4.31,2025-11-21,dev,0
pay_00000000003901,setl_T1RNGA_0051,bnk_000000000053,1070.00,card,24.61,4.43,10.70,2025-11-21,dev,0
pay_00000000004073,setl_T1RNGA_0051,bnk_000000000053,748.99,wallet,13.48,2.43,7.49,2025-11-21,dev,0
pay_00000000004185,setl_T1RNGA_0051,bnk_000000000053,562.00,upi,0.00,0.00,5.62,2025-11-21,dev,0
pay_00000000004212,setl_T1RNGA_0051,bnk_000000000053,512.24,wallet,9.22,1.66,0.00,2025-11-21,dev,1
pay_00000000000350,setl_T1RNGA_0052,bnk_000000000054,740.00,card,17.02,3.06,0.00,2025-11-21,dev,0
pay_00000000000470,setl_T1RNGA_0052,bnk_000000000054,291.99,upi,0.00,0.00,0.00,2025-11-21,dev,0
pay_00000000000592,setl_T1RNGA_0052,bnk_000000000054,1041.00,upi,0.00,0.00,10.41,2025-11-21,dev,0
pay_00000000000625,setl_T1RNGA_0052,bnk_000000000054,1271.00,netbanking,15.00,2.70,12.71,2025-11-21,dev,0
pay_00000000000640,setl_T1RNGA_0052,bnk_000000000054,361.99,card,8.33,1.50,0.00,2025-11-21,dev,0
pay_00000000000804,setl_T1RNGA_0052,bnk_000000000054,1733.91,card,39.88,7.18,17.34,2025-11-21,dev,0
pay_00000000000867,setl_T1RNGA_0052,bnk_000000000054,358.00,upi,0.00,0.00,3.58,2025-11-21,dev,0
pay_00000000000915,setl_T1RNGA_0052,bnk_000000000054,2971.00,upi,0.00,0.00,29.71,2025-11-21,dev,0
pay_00000000001358,setl_T1RNGA_0052,bnk_000000000054,878.35,netbanking,15.00,2.70,0.00,2025-11-21,dev,0
pay_00000000001401,setl_T1RNGA_0052,bnk_000000000054,265.03,upi,0.00,0.00,0.00,2025-11-21,dev,0
pay_00000000001419,setl_T1RNGA_0052,bnk_000000000054,1000.99,upi,0.00,0.00,10.01,2025-11-21,dev,0
pay_00000000001427,setl_T1RNGA_0052,bnk_000000000054,453.75,wallet,8.17,1.47,0.00,2025-11-21,dev,0
pay_00000000001836,setl_T1RNGA_0052,bnk_000000000054,557.03,card,12.81,2.31,0.00,2025-11-21,dev,0
pay_00000000001879,setl_T1RNGA_0052,bnk_000000000054,827.41,card,19.03,3.43,8.27,2025-11-21,dev,0
pay_00000000001987,setl_T1RNGA_0052,bnk_000000000054,420.72,upi,0.00,0.00,0.00,2025-11-21,dev,0
pay_00000000002274,setl_T1RNGA_0052,bnk_000000000054,823.72,upi,0.00,0.00,0.00,2025-11-21,dev,0
pay_00000000002314,setl_T1RNGA_0052,bnk_000000000054,1026.20,card,23.60,4.25,10.26,2025-11-21,dev,0
pay_00000000002368,setl_T1RNGA_0052,bnk_000000000054,1006.16,card,23.14,4.17,0.00,2025-11-21,dev,0
pay_00000000002389,setl_T1RNGA_0052,bnk_000000000054,122.83,netbanking,15.00,2.70,1.23,2025-11-21,dev,0
pay_00000000002480,setl_T1RNGA_0052,bnk_000000000054,445.00,card,10.24,1.84,4.45,2025-11-21,dev,0
pay_00000000002562,setl_T1RNGA_0052,bnk_000000000054,373.00,card,8.58,1.54,3.73,2025-11-21,dev,0
pay_00000000002628,setl_T1RNGA_0052,bnk_000000000054,2718.09,wallet,48.93,8.81,27.18,2025-11-21,dev,0
pay_00000000002644,setl_T1RNGA_0052,bnk_000000000054,947.00,card,21.78,3.92,9.47,2025-11-21,dev,0
pay_00000000002722,setl_T1RNGA_0052,bnk_000000000054,560.61,card,12.89,2.32,0.00,2025-11-21,dev,0
pay_00000000002736,setl_T1RNGA_0052,bnk_000000000054,680.00,netbanking,15.00,2.70,6.80,2025-11-21,dev,0
pay_00000000002740,setl_T1RNGA_0052,bnk_000000000054,2503.08,upi,0.00,0.00,25.03,2025-11-21,dev,0
pay_00000000002908,setl_T1RNGA_0052,bnk_000000000054,280.03,card,6.44,1.16,2.80,2025-11-21,dev,0
pay_00000000002973,setl_T1RNGA_0052,bnk_000000000054,1002.60,netbanking,15.00,2.70,10.03,2025-11-21,dev,0
pay_00000000003040,setl_T1RNGA_0052,bnk_000000000054,859.00,upi,0.00,0.00,8.59,2025-11-21,dev,0
pay_00000000003132,setl_T1RNGA_0052,bnk_000000000054,486.75,netbanking,15.00,2.70,4.87,2025-11-21,dev,0
pay_00000000003155,setl_T1RNGA_0052,bnk_000000000054,1553.59,upi,0.00,0.00,15.54,2025-11-21,dev,0
pay_00000000003193,setl_T1RNGA_0052,bnk_000000000054,1013.32,upi,0.00,0.00,10.13,2025-11-21,dev,0
pay_00000000003214,setl_T1RNGA_0052,bnk_000000000054,2959.00,wallet,53.26,9.59,29.59,2025-11-21,dev,0
pay_00000000003232,setl_T1RNGA_0052,bnk_000000000054,847.08,upi,0.00,0.00,8.47,2025-11-21,dev,0
pay_00000000003237,setl_T1RNGA_0052,bnk_000000000054,327.16,netbanking,15.00,2.70,3.27,2025-11-21,dev,0
pay_00000000003250,setl_T1RNGA_0052,bnk_000000000054,1065.79,upi,0.00,0.00,0.00,2025-11-21,dev,0
pay_00000000003827,setl_T1RNGA_0052,bnk_000000000054,527.99,upi,0.00,0.00,5.28,2025-11-21,dev,0
pay_00000000003898,setl_T1RNGA_0052,bnk_000000000054,327.53,upi,0.00,0.00,3.28,2025-11-21,dev,0
pay_00000000000167,setl_T1RNGA_0053,bnk_000000000055,454.09,upi,0.00,0.00,4.54,2025-11-21,dev,0
pay_00000000000203,setl_T1RNGA_0053,bnk_000000000055,400.00,upi,0.00,0.00,4.00,2025-11-21,dev,0
pay_00000000000211,setl_T1RNGA_0053,bnk_000000000055,796.86,upi,0.00,0.00,0.00,2025-11-21,dev,0
pay_00000000000306,setl_T1RNGA_0053,bnk_000000000055,2307.99,card,53.08,9.55,23.08,2025-11-21,dev,0
pay_00000000000326,setl_T1RNGA_0053,bnk_000000000055,463.96,upi,0.00,0.00,0.00,2025-11-21,dev,0
pay_00000000000424,setl_T1RNGA_0053,bnk_000000000055,735.00,card,16.91,3.04,7.35,2025-11-21,dev,0
pay_00000000000676,setl_T1RNGA_0053,bnk_000000000055,875.99,wallet,15.77,2.84,0.00,2025-11-21,dev,0
pay_00000000000687,setl_T1RNGA_0053,bnk_000000000055,382.00,card,8.79,1.58,3.82,2025-11-21,dev,0
pay_00000000000703,setl_T1RNGA_0053,bnk_000000000055,2202.89,card,50.67,9.12,0.00,2025-11-21,dev,0
pay_00000000000901,setl_T1RNGA_0053,bnk_000000000055,166.50,card,3.83,0.69,1.67,2025-11-21,dev,0
pay_00000000001017,setl_T1RNGA_0053,bnk_000000000055,728.00,upi,0.00,0.00,0.00,2025-11-21,dev,0
pay_00000000001045,setl_T1RNGA_0053,bnk_000000000055,3398.00,card,78.15,14.07,33.98,2025-11-21,dev,0
pay_00000000001052,setl_T1RNGA_0053,bnk_000000000055,258.81,upi,0.00,0.00,0.00,2025-11-21,dev,0
pay_00000000001157,setl_T1RNGA_0053,bnk_000000000055,741.84,upi,0.00,0.00,0.00,2025-11-21,dev,0
pay_00000000001166,setl_T1RNGA_0053,bnk_000000000055,944.00,netbanking,15.00,2.70,0.00,2025-11-21,dev,0
pay_00000000001289,setl_T1RNGA_0053,bnk_000000000055,5785.00,card,133.06,23.95,0.00,2025-11-21,dev,0
pay_00000000001908,setl_T1RNGA_0053,bnk_000000000055,367.99,wallet,6.62,1.19,3.68,2025-11-21,dev,0
pay_00000000002120,setl_T1RNGA_0053,bnk_000000000055,1018.15,card,23.42,4.22,10.18,2025-11-21,dev,0
pay_00000000002189,setl_T1RNGA_0053,bnk_000000000055,575.00,upi,0.00,0.00,5.75,2025-11-21,dev,0
pay_00000000002202,setl_T1RNGA_0053,bnk_000000000055,664.67,wallet,11.96,2.15,6.65,2025-11-21,dev,0
pay_00000000002374,setl_T1RNGA_0053,bnk_000000000055,1065.04,upi,0.00,0.00,10.65,2025-11-21,dev,0
pay_00000000002503,setl_T1RNGA_0053,bnk_000000000055,152.00,upi,0.00,0.00,1.52,2025-11-21,dev,0
pay_00000000002580,setl_T1RNGA_0053,bnk_000000000055,2659.00,wallet,47.86,8.61,0.00,2025-11-21,dev,0
pay_00000000002604,setl_T1RNGA_0053,bnk_000000000055,1078.00,upi,0.00,0.00,10.78,2025-11-21,dev,0
pay_00000000002735,setl_T1RNGA_0053,bnk_000000000055,841.05,card,19.34,3.48,8.41,2025-11-21,dev,0
pay_00000000002902,setl_T1RNGA_0053,bnk_000000000055,2309.85,upi,0.00,0.00,23.10,2025-11-21,dev,0
pay_00000000003073,setl_T1RNGA_0053,bnk_000000000055,210.00,upi,0.00,0.00,0.00,2025-11-21,dev,0
pay_00000000003101,setl_T1RNGA_0053,bnk_000000000055,952.00,wallet,17.14,3.09,9.52,2025-11-21,dev,0
pay_00000000003264,setl_T1RNGA_0053,bnk_000000000055,663.49,upi,0.00,0.00,6.63,2025-11-21,dev,0
pay_00000000003400,setl_T1RNGA_0053,bnk_000000000055,262.93,upi,0.00,0.00,2.63,2025-11-21,dev,0
pay_00000000003433,setl_T1RNGA_0053,bnk_000000000055,2811.99,upi,0.00,0.00,28.12,2025-11-21,dev,0
pay_00000000003534,setl_T1RNGA_0053,bnk_000000000055,834.54,netbanking,15.00,2.70,0.00,2025-11-21,dev,0
pay_00000000003587,setl_T1RNGA_0053,bnk_000000000055,933.99,upi,0.00,0.00,0.00,2025-11-21,dev,0
pay_00000000003631,setl_T1RNGA_0053,bnk_000000000055,811.00,upi,0.00,0.00,8.11,2025-11-21,dev,0
pay_00000000003734,setl_T1RNGA_0053,bnk_000000000055,11249.50,upi,0.00,0.00,112.50,2025-11-21,dev,0
pay_00000000003900,setl_T1RNGA_0053,bnk_000000000055,805.99,card,18.54,3.34,0.00,2025-11-21,dev,0
pay_00000000003903,setl_T1RNGA_0053,bnk_000000000055,922.99,upi,0.00,0.00,0.00,2025-11-21,dev,0
pay_00000000003928,setl_T1RNGA_0053,bnk_000000000055,2335.00,upi,0.00,0.00,0.00,2025-11-21,dev,0
pay_00000000003965,setl_T1RNGA_0053,bnk_000000000055,237.99,upi,0.00,0.00,2.38,2025-11-21,dev,0
pay_00000000003979,setl_T1RNGA_0053,bnk_000000000055,323.09,upi,0.00,0.00,3.23,2025-11-21,dev,0
pay_00000000004061,setl_T1RNGA_0053,bnk_000000000055,313.00,upi,0.00,0.00,3.13,2025-11-21,dev,0
pay_00000000000255,setl_T1RNGA_0054,bnk_000000000056,729.00,upi,0.00,0.00,0.00,2025-11-24,dev,0
pay_00000000000267,setl_T1RNGA_0054,bnk_000000000056,444.32,card,10.22,1.84,0.00,2025-11-24,dev,0
pay_00000000001354,setl_T1RNGA_0054,bnk_000000000056,291.00,upi,0.00,0.00,2.91,2025-11-24,dev,0
pay_00000000001374,setl_T1RNGA_0054,bnk_000000000056,633.11,upi,0.00,0.00,6.33,2025-11-24,dev,0
pay_00000000002023,setl_T1RNGA_0054,bnk_000000000056,417.00,wallet,7.51,1.35,0.00,2025-11-24,dev,0
pay_00000000002417,setl_T1RNGA_0054,bnk_000000000056,441.07,card,10.14,1.83,4.41,2025-11-24,dev,0
pay_00000000002655,setl_T1RNGA_0054,bnk_000000000056,1047.48,wallet,18.85,3.39,10.47,2025-11-24,dev,0
pay_00000000002718,setl_T1RNGA_0054,bnk_000000000056,3523.30,upi,0.00,0.00,0.00,2025-11-24,dev,0
pay_00000000003189,setl_T1RNGA_0054,bnk_000000000056,911.00,card,20.95,3.77,9.11,2025-11-24,dev,0
pay_00000000003208,setl_T1RNGA_0054,bnk_000000000056,755.94,card,17.39,3.13,7.56,2025-11-24,dev,0
pay_00000000003291,setl_T1RNGA_0054,bnk_000000000056,2439.66,upi,0.00,0.00,0.00,2025-11-24,dev,0
pay_00000000003684,setl_T1RNGA_0054,bnk_000000000056,771.00,card,17.73,3.19,7.71,2025-11-24,dev,0
pay_00000000003755,setl_T1RNGA_0054,bnk_000000000056,811.00,netbanking,15.00,2.70,0.00,2025-11-24,dev,0
pay_00000000003795,setl_T1RNGA_0054,bnk_000000000056,5977.04,upi,0.00,0.00,0.00,2025-11-24,dev,0
pay_00000000003868,setl_T1RNGA_0054,bnk_000000000056,1004.00,upi,0.00,0.00,10.04,2025-11-24,dev,0
pay_00000000003983,setl_T1RNGA_0054,bnk_000000000056,999.64,upi,0.00,0.00,10.00,2025-11-24,dev,0
pay_00000000004179,setl_T1RNGA_0054,bnk_000000000056,216.00,wallet,3.89,0.70,0.00,2025-11-24,dev,0
pay_00000000000128,setl_T1RNGA_0055,bnk_000000000057,514.00,card,11.82,2.13,5.14,2025-11-24,dev,0
pay_00000000000217,setl_T1RNGA_0055,bnk_000000000057,338.64,card,7.79,1.40,0.00,2025-11-24,dev,0
pay_00000000000258,setl_T1RNGA_0055,bnk_000000000057,518.18,upi,0.00,0.00,0.00,2025-11-24,dev,0
pay_00000000000624,setl_T1RNGA_0055,bnk_000000000057,1814.32,upi,0.00,0.00,0.00,2025-11-24,dev,0
pay_00000000000866,setl_T1RNGA_0055,bnk_000000000057,824.19,card,18.96,3.41,8.24,2025-11-24,dev,0
pay_00000000001008,setl_T1RNGA_0055,bnk_000000000057,298.21,upi,0.00,0.00,0.00,2025-11-24,dev,0
pay_00000000001084,setl_T1RNGA_0055,bnk_000000000057,1609.58,wallet,28.97,5.21,16.10,2025-11-24,dev,0
pay_00000000001143,setl_T1RNGA_0055,bnk_000000000057,634.10,card,14.58,2.62,0.00,2025-11-24,dev,0
pay_00000000001181,setl_T1RNGA_0055,bnk_000000000057,1077.00,card,24.77,4.46,10.77,2025-11-24,dev,0
pay_00000000001268,setl_T1RNGA_0055,bnk_000000000057,1978.10,upi,0.00,0.00,0.00,2025-11-24,dev,0
pay_00000000001432,setl_T1RNGA_0055,bnk_000000000057,759.51,upi,0.00,0.00,0.00,2025-11-24,dev,0
pay_00000000001533,setl_T1RNGA_0055,bnk_000000000057,691.00,upi,0.00,0.00,0.00,2025-11-24,dev,0
pay_00000000001648,setl_T1RNGA_0055,bnk_000000000057,2389.00,upi,0.00,0.00,23.89,2025-11-24,dev,0
pay_00000000001785,setl_T1RNGA_0055,bnk_000000000057,329.59,upi,0.00,0.00,0.00,2025-11-24,dev,0
pay_00000000001916,setl_T1RNGA_0055,bnk_000000000057,3219.00,upi,0.00,0.00,0.00,2025-11-24,dev,0
pay_00000000001961,setl_T1RNGA_0055,bnk_000000000057,879.99,card,20.24,3.64,0.00,2025-11-24,dev,0
pay_00000000001972,setl_T1RNGA_0055,bnk_000000000057,2926.00,upi,0.00,0.00,29.26,2025-11-24,dev,0
pay_00000000002239,setl_T1RNGA_0055,bnk_000000000057,593.00,upi,0.00,0.00,0.00,2025-11-24,dev,0
pay_00000000002540,setl_T1RNGA_0055,bnk_000000000057,1447.97,upi,0.00,0.00,14.48,2025-11-24,dev,0
pay_00000000002678,setl_T1RNGA_0055,bnk_000000000057,580.31,upi,0.00,0.00,0.00,2025-11-24,dev,0
pay_00000000002988,setl_T1RNGA_0055,bnk_000000000057,14255.16,upi,0.00,0.00,0.00,2025-11-24,dev,0
pay_00000000003074,setl_T1RNGA_0055,bnk_000000000057,262.44,upi,0.00,0.00,0.00,2025-11-24,dev,0
pay_00000000003236,setl_T1RNGA_0055,bnk_000000000057,510.00,upi,0.00,0.00,0.00,2025-11-24,dev,0
pay_00000000003434,setl_T1RNGA_0055,bnk_000000000057,902.99,card,20.77,3.74,9.03,2025-11-24,dev,0
pay_00000000003697,setl_T1RNGA_0055,bnk_000000000057,652.00,upi,0.00,0.00,6.52,2025-11-24,dev,0
pay_00000000003728,setl_T1RNGA_0055,bnk_000000000057,455.00,card,10.47,1.88,4.55,2025-11-24,dev,0
pay_00000000000057,setl_T1RNGA_0056,bnk_000000000058,2667.63,card,61.36,11.04,0.00,2025-11-24,dev,0
pay_00000000000148,setl_T1RNGA_0056,bnk_000000000058,454.00,upi,0.00,0.00,4.54,2025-11-24,dev,0
pay_00000000000273,setl_T1RNGA_0056,bnk_000000000058,435.68,upi,0.00,0.00,4.36,2025-11-24,dev,0
pay_00000000000398,setl_T1RNGA_0056,bnk_000000000058,939.99,netbanking,15.00,2.70,9.40,2025-11-24,dev,0
pay_00000000000418,setl_T1RNGA_0056,bnk_000000000058,5032.74,card,115.75,20.84,50.33,2025-11-24,dev,0
pay_00000000000618,setl_T1RNGA_0056,bnk_000000000058,491.71,upi,0.00,0.00,4.92,2025-11-24,dev,0
pay_00000000000649,setl_T1RNGA_0056,bnk_000000000058,345.99,upi,0.00,0.00,0.00,2025-11-24,dev,0
pay_00000000000739,setl_T1RNGA_0056,bnk_000000000058,825.71,upi,0.00,0.00,0.00,2025-11-24,dev,0
pay_00000000000749,setl_T1RNGA_0056,bnk_000000000058,709.52,upi,0.00,0.00,7.10,2025-11-24,dev,0
pay_00000000000885,setl_T1RNGA_0056,bnk_000000000058,782.85,card,18.01,3.24,0.00,2025-11-24,dev,0
pay_00000000001105,setl_T1RNGA_0056,bnk_000000000058,244.00,upi,0.00,0.00,2.44,2025-11-24,dev,0
pay_00000000001212,setl_T1RNGA_0056,bnk_000000000058,913.99,card,21.02,3.78,9.14,2025-11-24,dev,0
pay_00000000001221,setl_T1RNGA_0056,bnk_000000000058,935.00,upi,0.00,0.00,0.00,2025-11-24,dev,0
pay_00000000001271,setl_T1RNGA_0056,bnk_000000000058,3554.98,card,81.76,14.72,0.00,2025-11-24,dev,0
pay_00000000001380,setl_T1RNGA_0056,bnk_000000000058,170.02,upi,0.00,0.00,1.70,2025-11-24,dev,0
pay_00000000001402,setl_T1RNGA_0056,bnk_000000000058,155.00,upi,0.00,0.00,0.00,2025-11-24,dev,0
pay_00000000001418,setl_T1RNGA_0056,bnk_000000000058,3435.99,upi,0.00,0.00,34.36,2025-11-24,dev,0
pay_00000000001540,setl_T1RNGA_0056,bnk_000000000058,844.99,upi,0.00,0.00,8.45,2025-11-24,dev,0
pay_00000000001588,setl_T1RNGA_0056,bnk_000000000058,478.69,upi,0.00,0.00,4.79,2025-11-24,dev,0
pay_00000000001624,setl_T1RNGA_0056,bnk_000000000058,275.29,upi,0.00,0.00,2.75,2025-11-24,dev,0
pay_00000000001651,setl_T1RNGA_0056,bnk_000000000058,1890.81,card,43.49,7.83,18.91,2025-11-24,dev,0
pay_00000000001682,setl_T1RNGA_0056,bnk_000000000058,1054.99,upi,0.00,0.00,10.55,2025-11-24,dev,0
pay_00000000001759,setl_T1RNGA_0056,bnk_000000000058,823.00,card,18.93,3.41,0.00,2025-11-24,dev,0
pay_00000000001808,setl_T1RNGA_0056,bnk_000000000058,129.64,upi,0.00,0.00,1.30,2025-11-24,dev,0
pay_00000000002046,setl_T1RNGA_0056,bnk_000000000058,123.02,upi,0.00,0.00,1.23,2025-11-24,dev,0
pay_00000000002077,setl_T1RNGA_0056,bnk_000000000058,696.99,card,16.03,2.89,0.00,2025-11-24,dev,0
pay_00000000002121,setl_T1RNGA_0056,bnk_000000000058,246.62,wallet,4.44,0.80,0.00,2025-11-24,dev,0
pay_00000000002290,setl_T1RNGA_0056,bnk_000000000058,613.62,card,14.11,2.54,6.14,2025-11-24,dev,0
pay_00000000002320,setl_T1RNGA_0056,bnk_000000000058,413.00,card,9.50,1.71,0.00,2025-11-24,dev,0
pay_00000000002478,setl_T1RNGA_0056,bnk_000000000058,806.56,upi,0.00,0.00,8.07,2025-11-24,dev,0
pay_00000000002539,setl_T1RNGA_0056,bnk_000000000058,337.84,netbanking,15.00,2.70,3.38,2025-11-24,dev,0
pay_00000000002547,setl_T1RNGA_0056,bnk_000000000058,2711.00,card,62.35,11.22,27.11,2025-11-24,dev,0
pay_00000000002551,setl_T1RNGA_0056,bnk_000000000058,3390.46,upi,0.00,0.00,0.00,2025-11-24,dev,0
pay_00000000002616,setl_T1RNGA_0056,bnk_000000000058,360.00,netbanking,15.00,2.70,0.00,2025-11-24,dev,0
pay_00000000002651,setl_T1RNGA_0056,bnk_000000000058,134.00,card,3.08,0.55,0.00,2025-11-24,dev,0
pay_00000000002717,setl_T1RNGA_0056,bnk_000000000058,108.71,card,2.50,0.45,1.09,2025-11-24,dev,0
pay_00000000002830,setl_T1RNGA_0056,bnk_000000000058,654.05,upi,0.00,0.00,6.54,2025-11-24,dev,0
pay_00000000002844,setl_T1RNGA_0056,bnk_000000000058,913.99,wallet,16.45,2.96,9.14,2025-11-24,dev,0
pay_00000000002866,setl_T1RNGA_0056,bnk_000000000058,3508.00,netbanking,15.00,2.70,35.08,2025-11-24,dev,0
pay_00000000002932,setl_T1RNGA_0056,bnk_000000000058,607.99,upi,0.00,0.00,6.08,2025-11-24,dev,0
pay_00000000003123,setl_T1RNGA_0056,bnk_000000000058,353.81,wallet,6.37,1.15,3.54,2025-11-24,dev,0
pay_00000000003182,setl_T1RNGA_0056,bnk_000000000058,940.72,netbanking,15.00,2.70,9.41,2025-11-24,dev,0
pay_00000000003272,setl_T1RNGA_0056,bnk_000000000058,1013.00,upi,0.00,0.00,10.13,2025-11-24,dev,0
pay_00000000003281,setl_T1RNGA_0056,bnk_000000000058,1560.46,card,35.89,6.46,0.00,2025-11-24,dev,0
pay_00000000003386,setl_T1RNGA_0056,bnk_000000000058,3158.54,netbanking,15.00,2.70,0.00,2025-11-24,dev,0
pay_00000000003759,setl_T1RNGA_0056,bnk_000000000058,315.18,upi,0.00,0.00,0.00,2025-11-24,dev,0
pay_00000000003761,setl_T1RNGA_0056,bnk_000000000058,559.48,card,12.87,2.32,0.00,2025-11-24,dev,0
pay_00000000003775,setl_T1RNGA_0056,bnk_000000000058,508.00,card,11.68,2.10,0.00,2025-11-24,dev,0
pay_00000000003789,setl_T1RNGA_0056,bnk_000000000058,3350.12,upi,0.00,0.00,33.50,2025-11-24,dev,0
pay_00000000003812,setl_T1RNGA_0056,bnk_000000000058,186.00,card,4.28,0.77,0.00,2025-11-24,dev,0
pay_00000000003913,setl_T1RNGA_0056,bnk_000000000058,914.00,card,21.02,3.78,0.00,2025-11-24,dev,0
pay_00000000004042,setl_T1RNGA_0056,bnk_000000000058,3018.70,card,69.43,12.50,30.19,2025-11-24,dev,0
pay_00000000004086,setl_T1RNGA_0056,bnk_000000000058,482.00,upi,0.00,0.00,0.00,2025-11-24,dev,0
pay_00000000000276,setl_T1RNGA_0057,bnk_000000000059,678.59,wallet,12.21,2.20,0.00,2025-11-24,dev,0
pay_00000000000443,setl_T1RNGA_0057,bnk_000000000059,475.00,netbanking,15.00,2.70,4.75,2025-11-24,dev,0
pay_00000000000448,setl_T1RNGA_0057,bnk_000000000059,618.00,upi,0.00,0.00,0.00,2025-11-24,dev,0
pay_00000000000458,setl_T1RNGA_0057,bnk_000000000059,199.00,card,4.58,0.82,1.99,2025-11-24,dev,0
pay_00000000000484,setl_T1RNGA_0057,bnk_000000000059,840.00,wallet,15.12,2.72,0.00,2025-11-24,dev,0
pay_00000000000668,setl_T1RNGA_0057,bnk_000000000059,992.99,upi,0.00,0.00,9.93,2025-11-24,dev,0
pay_00000000000689,setl_T1RNGA_0057,bnk_000000000059,1012.99,upi,0.00,0.00,0.00,2025-11-24,dev,0
pay_00000000000748,setl_T1RNGA_0057,bnk_000000000059,1201.99,card,27.65,4.98,12.02,2025-11-24,dev,0
pay_00000000000837,setl_T1RNGA_0057,bnk_000000000059,1721.00,upi,0.00,0.00,0.00,2025-11-24,dev,0
pay_00000000000907,setl_T1RNGA_0057,bnk_000000000059,632.72,card,14.55,2.62,0.00,2025-11-24,dev,0
pay_00000000001129,setl_T1RNGA_0057,bnk_000000000059,864.00,upi,0.00,0.00,8.64,2025-11-24,dev,0
pay_00000000001258,setl_T1RNGA_0057,bnk_000000000059,598.01,card,13.75,2.48,5.98,2025-11-24,dev,0
pay_00000000001329,setl_T1RNGA_0057,bnk_000000000059,8192.99,upi,0.00,0.00,81.93,2025-11-24,dev,0
pay_00000000001348,setl_T1RNGA_0057,bnk_000000000059,454.17,upi,0.00,0.00,4.54,2025-11-24,dev,0
pay_00000000001365,setl_T1RNGA_0057,bnk_000000000059,190.15,upi,0.00,0.00,0.00,2025-11-24,dev,0
pay_00000000001514,setl_T1RNGA_0057,bnk_000000000059,791.30,upi,0.00,0.00,0.00,2025-11-24,dev,0
pay_00000000001620,setl_T1RNGA_0057,bnk_000000000059,119.66,card,2.75,0.50,0.00,2025-11-24,dev,0
pay_00000000001628,setl_T1RNGA_0057,bnk_000000000059,956.00,upi,0.00,0.00,0.00,2025-11-24,dev,0
pay_00000000001696,setl_T1RNGA_0057,bnk_000000000059,934.00,upi,0.00,0.00,9.34,2025-11-24,dev,0
pay_00000000001769,setl_T1RNGA_0057,bnk_000000000059,305.99,netbanking,15.00,2.70,0.00,2025-11-24,dev,0
pay_00000000001809,setl_T1RNGA_0057,bnk_000000000059,385.42,upi,0.00,0.00,0.00,2025-11-24,dev,0
pay_00000000002084,setl_T1RNGA_0057,bnk_000000000059,1211.74,card,27.87,5.02,12.12,2025-11-24,dev,0
pay_00000000002102,setl_T1RNGA_0057,bnk_000000000059,1751.69,upi,0.00,0.00,0.00,2025-11-24,dev,0
pay_00000000002107,setl_T1RNGA_0057,bnk_000000000059,184.00,card,4.23,0.76,0.00,2025-11-24,dev,0
pay_00000000002265,setl_T1RNGA_0057,bnk_000000000059,184.01,upi,0.00,0.00,1.84,2025-11-24,dev,0
pay_00000000002341,setl_T1RNGA_0057,bnk_000000000059,641.42,card,14.75,2.66,0.00,2025-11-24,dev,0
pay_00000000002400,setl_T1RNGA_0057,bnk_000000000059,470.99,card,10.83,1.95,4.71,2025-11-24,dev,0
pay_00000000002401,setl_T1RNGA_0057,bnk_000000000059,177.00,upi,0.00,0.00,0.00,2025-11-24,dev,0
pay_00000000002457,setl_T1RNGA_0057,bnk_000000000059,928.06,card,21.35,3.84,9.28,2025-11-24,dev,0
pay_00000000002568,setl_T1RNGA_0057,bnk_000000000059,661.15,upi,0.00,0.00,6.61,2025-11-24,dev,0
pay_00000000002571,setl_T1RNGA_0057,bnk_000000000059,879.08,upi,0.00,0.00,0.00,2025-11-24,dev,0
pay_00000000002638,setl_T1RNGA_0057,bnk_000000000059,2375.99,upi,0.00,0.00,23.76,2025-11-24,dev,0
pay_00000000002687,setl_T1RNGA_0057,bnk_000000000059,794.68,wallet,14.30,2.57,0.00,2025-11-24,dev,0
pay_00000000002818,setl_T1RNGA_0057,bnk_000000000059,2995.67,upi,0.00,0.00,0.00,2025-11-24,dev,0
pay_00000000002819,setl_T1RNGA_0057,bnk_000000000059,3026.99,upi,0.00,0.00,0.00,2025-11-24,dev,0
pay_00000000002894,setl_T1RNGA_0057,bnk_000000000059,192.15,upi,0.00,0.00,0.00,2025-11-24,dev,0
pay_00000000002911,setl_T1RNGA_0057,bnk_000000000059,1383.12,wallet,24.90,4.48,13.83,2025-11-24,dev,0
pay_00000000003039,setl_T1RNGA_0057,bnk_000000000059,2753.99,upi,0.00,0.00,27.54,2025-11-24,dev,0
pay_00000000003047,setl_T1RNGA_0057,bnk_000000000059,5890.79,upi,0.00,0.00,58.91,2025-11-24,dev,0
pay_00000000003094,setl_T1RNGA_0057,bnk_000000000059,721.35,upi,0.00,0.00,0.00,2025-11-24,dev,0
pay_00000000003168,setl_T1RNGA_0057,bnk_000000000059,897.62,card,20.65,3.72,8.98,2025-11-24,dev,0
pay_00000000003181,setl_T1RNGA_0057,bnk_000000000059,524.09,card,12.05,2.17,0.00,2025-11-24,dev,0
pay_00000000003183,setl_T1RNGA_0057,bnk_000000000059,126.89,upi,0.00,0.00,0.00,2025-11-24,dev,0
pay_00000000003422,setl_T1RNGA_0057,bnk_000000000059,771.99,upi,0.00,0.00,0.00,2025-11-24,dev,0
pay_00000000003435,setl_T1RNGA_0057,bnk_000000000059,119.96,upi,0.00,0.00,0.00,2025-11-24,dev,0
pay_00000000003483,setl_T1RNGA_0057,bnk_000000000059,524.99,upi,0.00,0.00,5.25,2025-11-24,dev,0
pay_00000000003495,setl_T1RNGA_0057,bnk_000000000059,275.00,card,6.33,1.14,2.75,2025-11-24,dev,0
pay_00000000003529,setl_T1RNGA_0057,bnk_000000000059,323.99,wallet,5.83,1.05,3.24,2025-11-24,dev,0
pay_00000000003531,setl_T1RNGA_0057,bnk_000000000059,260.52,upi,0.00,0.00,2.61,2025-11-24,dev,0
pay_00000000003693,setl_T1RNGA_0057,bnk_000000000059,855.63,wallet,15.40,2.77,8.56,2025-11-24,dev,0
pay_00000000003905,setl_T1RNGA_0057,bnk_000000000059,350.99,upi,0.00,0.00,3.51,2025-11-24,dev,0
pay_00000000003915,setl_T1RNGA_0057,bnk_000000000059,292.87,upi,0.00,0.00,0.00,2025-11-24,dev,0
pay_00000000003993,setl_T1RNGA_0057,bnk_000000000059,241.06,upi,0.00,0.00,0.00,2025-11-24,dev,0
pay_00000000004009,setl_T1RNGA_0057,bnk_000000000059,948.00,upi,0.00,0.00,0.00,2025-11-24,dev,0
pay_00000000000138,setl_T1RNGA_0058,bnk_000000000060,216.00,upi,0.00,0.00,0.00,2025-11-26,test,0
pay_00000000000327,setl_T1RNGA_0058,bnk_000000000060,612.99,upi,0.00,0.00,6.13,2025-11-26,test,0
pay_00000000000535,setl_T1RNGA_0058,bnk_000000000060,212.57,netbanking,15.00,2.70,0.00,2025-11-26,test,0
pay_00000000001353,setl_T1RNGA_0058,bnk_000000000060,2658.47,card,61.14,11.01,26.58,2025-11-26,test,0
pay_00000000001658,setl_T1RNGA_0058,bnk_000000000060,526.00,card,12.10,2.18,5.26,2025-11-26,test,0
pay_00000000002079,setl_T1RNGA_0058,bnk_000000000060,949.02,wallet,17.08,3.07,0.00,2025-11-26,test,0
pay_00000000003049,setl_T1RNGA_0058,bnk_000000000060,2249.71,card,51.74,9.31,0.00,2025-11-26,test,0
pay_00000000003199,setl_T1RNGA_0058,bnk_000000000060,442.39,upi,0.00,0.00,4.42,2025-11-26,test,0
pay_00000000000349,setl_T1RNGA_0059,bnk_000000000061,238.00,upi,0.00,0.00,2.38,2025-11-26,test,0
pay_00000000000386,setl_T1RNGA_0059,bnk_000000000061,589.00,wallet,10.60,1.91,5.89,2025-11-26,test,0
pay_00000000000491,setl_T1RNGA_0059,bnk_000000000061,1200.92,wallet,21.62,3.89,12.01,2025-11-26,test,0
pay_00000000000528,setl_T1RNGA_0059,bnk_000000000061,529.00,netbanking,15.00,2.70,5.29,2025-11-26,test,0
pay_00000000000737,setl_T1RNGA_0059,bnk_000000000061,722.09,upi,0.00,0.00,7.22,2025-11-26,test,0
pay_00000000000908,setl_T1RNGA_0059,bnk_000000000061,3131.99,upi,0.00,0.00,31.32,2025-11-26,test,0
pay_00000000001206,setl_T1RNGA_0059,bnk_000000000061,522.00,netbanking,15.00,2.70,0.00,2025-11-26,test,0
pay_00000000001299,setl_T1RNGA_0059,bnk_000000000061,585.49,upi,0.00,0.00,5.85,2025-11-26,test,0
pay_00000000001308,setl_T1RNGA_0059,bnk_000000000061,323.00,upi,0.00,0.00,0.00,2025-11-26,test,0
pay_00000000001343,setl_T1RNGA_0059,bnk_000000000061,717.00,upi,0.00,0.00,7.17,2025-11-26,test,0
pay_00000000001591,setl_T1RNGA_0059,bnk_000000000061,505.00,upi,0.00,0.00,5.05,2025-11-26,test,0
pay_00000000001649,setl_T1RNGA_0059,bnk_000000000061,476.65,card,10.96,1.97,0.00,2025-11-26,test,0
pay_00000000001703,setl_T1RNGA_0059,bnk_000000000061,765.48,netbanking,15.00,2.70,0.00,2025-11-26,test,0
pay_00000000001980,setl_T1RNGA_0059,bnk_000000000061,1025.00,upi,0.00,0.00,0.00,2025-11-26,test,0
pay_00000000002096,setl_T1RNGA_0059,bnk_000000000061,265.70,upi,0.00,0.00,2.66,2025-11-26,test,0
pay_00000000002391,setl_T1RNGA_0059,bnk_000000000061,1738.87,upi,0.00,0.00,0.00,2025-11-26,test,0
pay_00000000002581,setl_T1RNGA_0059,bnk_000000000061,1058.00,card,24.33,4.38,10.58,2025-11-26,test,0
pay_00000000002627,setl_T1RNGA_0059,bnk_000000000061,482.99,upi,0.00,0.00,4.83,2025-11-26,test,0
pay_00000000002757,setl_T1RNGA_0059,bnk_000000000061,922.99,upi,0.00,0.00,0.00,2025-11-26,test,0
pay_00000000002855,setl_T1RNGA_0059,bnk_000000000061,655.00,wallet,11.79,2.12,0.00,2025-11-26,test,0
pay_00000000003045,setl_T1RNGA_0059,bnk_000000000061,562.57,upi,0.00,0.00,0.00,2025-11-26,test,0
pay_00000000003055,setl_T1RNGA_0059,bnk_000000000061,111.45,wallet,2.01,0.36,1.11,2025-11-26,test,0
pay_00000000003394,setl_T1RNGA_0059,bnk_000000000061,151.63,upi,0.00,0.00,1.52,2025-11-26,test,0
pay_00000000003628,setl_T1RNGA_0059,bnk_000000000061,338.00,card,7.77,1.40,0.00,2025-11-26,test,0
pay_00000000003807,setl_T1RNGA_0059,bnk_000000000061,113.00,upi,0.00,0.00,1.13,2025-11-26,test,0
pay_00000000003820,setl_T1RNGA_0059,bnk_000000000061,1029.99,upi,0.00,0.00,10.30,2025-11-26,test,0
pay_00000000004152,setl_T1RNGA_0059,bnk_000000000061,803.77,card,18.49,3.33,8.04,2025-11-26,test,0
pay_00000000004174,setl_T1RNGA_0059,bnk_000000000061,817.38,card,18.80,3.38,0.00,2025-11-26,test,0
pay_00000000000044,setl_T1RNGA_0060,bnk_000000000062,276.45,upi,0.00,0.00,2.76,2025-11-26,test,0
pay_00000000000147,setl_T1RNGA_0060,bnk_000000000062,939.99,card,21.62,3.89,0.00,2025-11-26,test,0
pay_00000000000189,setl_T1RNGA_0060,bnk_000000000062,614.99,wallet,11.07,1.99,6.15,2025-11-26,test,0
pay_00000000000445,setl_T1RNGA_0060,bnk_000000000062,544.99,upi,0.00,0.00,5.45,2025-11-26,test,0
pay_00000000000548,setl_T1RNGA_0060,bnk_000000000062,2868.26,card,65.97,11.87,28.68,2025-11-26,test,0
pay_00000000000667,setl_T1RNGA_0060,bnk_000000000062,371.00,card,8.53,1.54,3.71,2025-11-26,test,0
pay_00000000000878,setl_T1RNGA_0060,bnk_000000000062,638.36,upi,0.00,0.00,0.00,2025-11-26,test,0
pay_00000000001023,setl_T1RNGA_0060,bnk_000000000062,231.70,card,5.33,0.96,2.32,2025-11-26,test,0
pay_00000000001106,setl_T1RNGA_0060,bnk_000000000062,414.00,upi,0.00,0.00,0.00,2025-11-26,test,0
pay_00000000001233,setl_T1RNGA_0060,bnk_000000000062,659.85,upi,0.00,0.00,6.60,2025-11-26,test,0
pay_00000000001409,setl_T1RNGA_0060,bnk_000000000062,324.72,card,7.47,1.34,3.25,2025-11-26,test,0
pay_00000000001430,setl_T1RNGA_0060,bnk_000000000062,426.78,upi,0.00,0.00,4.27,2025-11-26,test,0
pay_00000000001749,setl_T1RNGA_0060,bnk_000000000062,657.29,card,15.12,2.72,6.57,2025-11-26,test,0
pay_00000000001753,setl_T1RNGA_0060,bnk_000000000062,772.61,upi,0.00,0.00,7.73,2025-11-26,test,0
pay_00000000001783,setl_T1RNGA_0060,bnk_000000000062,1623.09,card,37.33,6.72,0.00,2025-11-26,test,0
pay_00000000001975,setl_T1RNGA_0060,bnk_000000000062,166.00,upi,0.00,0.00,0.00,2025-11-26,test,0
pay_00000000002080,setl_T1RNGA_0060,bnk_000000000062,219.33,netbanking,15.00,2.70,0.00,2025-11-26,test,0
pay_00000000002151,setl_T1RNGA_0060,bnk_000000000062,3589.12,upi,0.00,0.00,35.89,2025-11-26,test,0
pay_00000000002152,setl_T1RNGA_0060,bnk_000000000062,147.35,card,3.39,0.61,0.00,2025-11-26,test,0
pay_00000000002172,setl_T1RNGA_0060,bnk_000000000062,8290.93,netbanking,15.00,2.70,82.91,2025-11-26,test,0
pay_00000000002419,setl_T1RNGA_0060,bnk_000000000062,455.00,upi,0.00,0.00,4.55,2025-11-26,test,0
pay_00000000002434,setl_T1RNGA_0060,bnk_000000000062,976.00,upi,0.00,0.00,9.76,2025-11-26,test,0
pay_00000000002452,setl_T1RNGA_0060,bnk_000000000062,946.11,netbanking,15.00,2.70,9.46,2025-11-26,test,0
pay_00000000002548,setl_T1RNGA_0060,bnk_000000000062,1048.18,wallet,18.87,3.40,10.48,2025-11-26,test,0
pay_00000000002632,setl_T1RNGA_0060,bnk_000000000062,552.99,netbanking,15.00,2.70,5.53,2025-11-26,test,0
pay_00000000002635,setl_T1RNGA_0060,bnk_000000000062,151.82,upi,0.00,0.00,1.52,2025-11-26,test,0
pay_00000000002674,setl_T1RNGA_0060,bnk_000000000062,835.99,upi,0.00,0.00,8.36,2025-11-26,test,0
pay_00000000002692,setl_T1RNGA_0060,bnk_000000000062,382.00,upi,0.00,0.00,0.00,2025-11-26,test,0
pay_00000000002744,setl_T1RNGA_0060,bnk_000000000062,832.00,card,19.14,3.45,0.00,2025-11-26,test,0
pay_00000000002811,setl_T1RNGA_0060,bnk_000000000062,502.75,upi,0.00,0.00,5.03,2025-11-26,test,0
pay_00000000002824,setl_T1RNGA_0060,bnk_000000000062,417.99,upi,0.00,0.00,4.18,2025-11-26,test,0
pay_00000000002867,setl_T1RNGA_0060,bnk_000000000062,386.25,card,8.88,1.60,3.86,2025-11-26,test,0
pay_00000000002883,setl_T1RNGA_0060,bnk_000000000062,1007.00,upi,0.00,0.00,0.00,2025-11-26,test,0
pay_00000000003051,setl_T1RNGA_0060,bnk_000000000062,814.00,card,18.72,3.37,0.00,2025-11-26,test,0
pay_00000000003200,setl_T1RNGA_0060,bnk_000000000062,999.45,upi,0.00,0.00,0.00,2025-11-26,test,0
pay_00000000003221,setl_T1RNGA_0060,bnk_000000000062,2746.99,netbanking,15.00,2.70,27.47,2025-11-26,test,0
pay_00000000003380,setl_T1RNGA_0060,bnk_000000000062,707.11,upi,0.00,0.00,0.00,2025-11-26,test,0
pay_00000000003468,setl_T1RNGA_0060,bnk_000000000062,1038.00,card,23.87,4.30,0.00,2025-11-26,test,0
pay_00000000003504,setl_T1RNGA_0060,bnk_000000000062,607.20,wallet,10.93,1.97,0.00,2025-11-26,test,0
pay_00000000003656,setl_T1RNGA_0060,bnk_000000000062,430.86,netbanking,15.00,2.70,0.00,2025-11-26,test,0
pay_00000000003810,setl_T1RNGA_0060,bnk_000000000062,509.68,upi,0.00,0.00,5.10,2025-11-26,test,0
pay_00000000003909,setl_T1RNGA_0060,bnk_000000000062,2608.99,card,60.01,10.80,26.09,2025-11-26,test,0
pay_00000000003938,setl_T1RNGA_0060,bnk_000000000062,904.71,upi,0.00,0.00,0.00,2025-11-26,test,0
pay_00000000003995,setl_T1RNGA_0060,bnk_000000000062,2439.99,upi,0.00,0.00,24.40,2025-11-26,test,0
pay_00000000004119,setl_T1RNGA_0060,bnk_000000000062,606.39,upi,0.00,0.00,6.06,2025-11-26,test,0
pay_00000000004120,setl_T1RNGA_0060,bnk_000000000062,458.30,netbanking,15.00,2.70,4.58,2025-11-26,test,0
pay_00000000000038,setl_T1RNGA_0061,bnk_000000000063,114.99,netbanking,15.00,2.70,0.00,2025-11-26,test,0
pay_00000000000059,setl_T1RNGA_0061,bnk_000000000063,836.99,card,19.25,3.47,8.37,2025-11-26,test,0
pay_00000000000274,setl_T1RNGA_0061,bnk_000000000063,733.00,upi,0.00,0.00,7.33,2025-11-26,test,0
pay_00000000000394,setl_T1RNGA_0061,bnk_000000000063,2398.15,netbanking,15.00,2.70,0.00,2025-11-26,test,0
pay_00000000000415,setl_T1RNGA_0061,bnk_000000000063,871.99,wallet,15.70,2.83,0.00,2025-11-26,test,0
pay_00000000000450,setl_T1RNGA_0061,bnk_000000000063,2955.17,wallet,53.19,9.57,29.55,2025-11-26,test,0
pay_00000000000456,setl_T1RNGA_0061,bnk_000000000063,252.00,netbanking,15.00,2.70,2.52,2025-11-26,test,0
pay_00000000000575,setl_T1RNGA_0061,bnk_000000000063,913.77,wallet,16.45,2.96,9.14,2025-11-26,test,0
pay_00000000000622,setl_T1RNGA_0061,bnk_000000000063,1677.49,card,38.58,6.94,0.00,2025-11-26,test,0
pay_00000000000709,setl_T1RNGA_0061,bnk_000000000063,1728.59,upi,0.00,0.00,0.00,2025-11-26,test,0
pay_00000000000720,setl_T1RNGA_0061,bnk_000000000063,160.01,card,3.68,0.66,0.00,2025-11-26,test,0
pay_00000000000761,setl_T1RNGA_0061,bnk_000000000063,3297.00,upi,0.00,0.00,32.97,2025-11-26,test,0
pay_00000000000914,setl_T1RNGA_0061,bnk_000000000063,943.82,card,21.71,3.91,9.44,2025-11-26,test,0
pay_00000000000945,setl_T1RNGA_0061,bnk_000000000063,3475.00,netbanking,15.00,2.70,34.75,2025-11-26,test,0
pay_00000000001056,setl_T1RNGA_0061,bnk_000000000063,997.00,card,22.93,4.13,0.00,2025-11-26,test,0
pay_00000000001230,setl_T1RNGA_0061,bnk_000000000063,158.00,netbanking,15.00,2.70,1.58,2025-11-26,test,0
pay_00000000001424,setl_T1RNGA_0061,bnk_000000000063,2925.14,card,67.28,12.11,29.25,2025-11-26,test,0
pay_00000000001444,setl_T1RNGA_0061,bnk_000000000063,2893.99,card,66.56,11.98,0.00,2025-11-26,test,0
pay_00000000001550,setl_T1RNGA_0061,bnk_000000000063,13118.00,upi,0.00,0.00,131.18,2025-11-26,test,0
pay_00000000001564,setl_T1RNGA_0061,bnk_000000000063,607.58,upi,0.00,0.00,6.08,2025-11-26,test,0
pay_00000000001614,setl_T1RNGA_0061,bnk_000000000063,3325.95,upi,0.00,0.00,0.00,2025-11-26,test,0
pay_00000000001680,setl_T1RNGA_0061,bnk_000000000063,3307.99,upi,0.00,0.00,33.08,2025-11-26,test,0
pay_00000000001834,setl_T1RNGA_0061,bnk_000000000063,1658.00,card,38.13,6.86,16.58,2025-11-26,test,0
pay_00000000001878,setl_T1RNGA_0061,bnk_000000000063,129.00,card,2.97,0.53,1.29,2025-11-26,test,0
pay_00000000001886,setl_T1RNGA_0061,bnk_000000000063,1007.99,netbanking,15.00,2.70,10.08,2025-11-26,test,0
pay_00000000001925,setl_T1RNGA_0061,bnk_000000000063,3138.20,card,72.18,12.99,0.00,2025-11-26,test,0
pay_00000000002085,setl_T1RNGA_0061,bnk_000000000063,171.44,card,3.94,0.71,0.00,2025-11-26,test,0
pay_00000000002095,setl_T1RNGA_0061,bnk_000000000063,2398.15,upi,0.00,0.00,0.00,2025-11-26,test,0
pay_00000000002118,setl_T1RNGA_0061,bnk_000000000063,2287.99,card,52.62,9.47,0.00,2025-11-26,test,0
pay_00000000002205,setl_T1RNGA_0061,bnk_000000000063,227.54,upi,0.00,0.00,2.28,2025-11-26,test,0
pay_00000000002228,setl_T1RNGA_0061,bnk_000000000063,2292.34,upi,0.00,0.00,22.92,2025-11-26,test,0
pay_00000000002307,setl_T1RNGA_0061,bnk_000000000063,337.99,upi,0.00,0.00,3.38,2025-11-26,test,0
pay_00000000002446,setl_T1RNGA_0061,bnk_000000000063,718.96,upi,0.00,0.00,7.19,2025-11-26,test,0
pay_00000000002658,setl_T1RNGA_0061,bnk_000000000063,1642.00,upi,0.00,0.00,16.42,2025-11-26,test,0
pay_00000000002699,setl_T1RNGA_0061,bnk_000000000063,1053.57,card,24.23,4.36,10.54,2025-11-26,test,0
pay_00000000002863,setl_T1RNGA_0061,bnk_000000000063,929.61,upi,0.00,0.00,9.30,2025-11-26,test,0
pay_00000000002939,setl_T1RNGA_0061,bnk_000000000063,246.00,upi,0.00,0.00,0.00,2025-11-26,test,0
pay_00000000003017,setl_T1RNGA_0061,bnk_000000000063,641.50,wallet,11.55,2.08,0.00,2025-11-26,test,0
pay_00000000003026,setl_T1RNGA_0061,bnk_000000000063,3574.51,card,82.21,14.80,0.00,2025-11-26,test,0
pay_00000000003033,setl_T1RNGA_0061,bnk_000000000063,291.00,upi,0.00,0.00,2.91,2025-11-26,test,0
pay_00000000003043,setl_T1RNGA_0061,bnk_000000000063,228.12,upi,0.00,0.00,2.28,2025-11-26,test,0
pay_00000000003066,setl_T1RNGA_0061,bnk_000000000063,774.00,upi,0.00,0.00,7.74,2025-11-26,test,0
pay_00000000003077,setl_T1RNGA_0061,bnk_000000000063,960.00,card,22.08,3.97,9.60,2025-11-26,test,0
pay_00000000003165,setl_T1RNGA_0061,bnk_000000000063,787.20,card,18.11,3.26,7.87,2025-11-26,test,0
pay_00000000003226,setl_T1RNGA_0061,bnk_000000000063,857.99,upi,0.00,0.00,0.00,2025-11-26,test,0
pay_00000000003228,setl_T1RNGA_0061,bnk_000000000063,163.04,wallet,2.93,0.53,1.63,2025-11-26,test,0
pay_00000000003346,setl_T1RNGA_0061,bnk_000000000063,318.90,wallet,5.74,1.03,0.00,2025-11-26,test,0
pay_00000000003371,setl_T1RNGA_0061,bnk_000000000063,171.86,upi,0.00,0.00,0.00,2025-11-26,test,0
pay_00000000003644,setl_T1RNGA_0061,bnk_000000000063,271.00,upi,0.00,0.00,2.71,2025-11-26,test,0
pay_00000000003707,setl_T1RNGA_0061,bnk_000000000063,139.99,card,3.22,0.58,1.40,2025-11-26,test,0
pay_00000000003855,setl_T1RNGA_0061,bnk_000000000063,771.83,upi,0.00,0.00,7.72,2025-11-26,test,0
pay_00000000003934,setl_T1RNGA_0061,bnk_000000000063,3032.99,netbanking,15.00,2.70,0.00,2025-11-26,test,0
pay_00000000004029,setl_T1RNGA_0061,bnk_000000000063,173.00,upi,0.00,0.00,1.73,2025-11-26,test,0
pay_00000000000115,setl_T1RNGA_0062,bnk_000000000064,300.32,upi,0.75,0.14,0.00,2025-11-27,test,0
pay_00000000000166,setl_T1RNGA_0062,bnk_000000000064,797.85,card,20.34,3.66,7.98,2025-11-27,test,0
pay_00000000000240,setl_T1RNGA_0062,bnk_000000000064,361.92,upi,0.90,0.16,3.62,2025-11-27,test,0
pay_00000000000248,setl_T1RNGA_0062,bnk_000000000064,748.83,wallet,15.35,2.76,0.00,2025-11-27,test,0
pay_00000000000440,setl_T1RNGA_0062,bnk_000000000064,975.25,upi,2.44,0.44,9.75,2025-11-27,test,0
pay_00000000000518,setl_T1RNGA_0062,bnk_000000000064,2258.35,card,57.59,10.37,0.00,2025-11-27,test,0
pay_00000000000567,setl_T1RNGA_0062,bnk_000000000064,668.00,upi,1.67,0.30,6.68,2025-11-27,test,0
pay_00000000000710,setl_T1RNGA_0062,bnk_000000000064,1072.06,upi,2.68,0.48,0.00,2025-11-27,test,0
pay_00000000000786,setl_T1RNGA_0062,bnk_000000000064,948.01,card,24.17,4.35,0.00,2025-11-27,test,0
pay_00000000000798,setl_T1RNGA_0062,bnk_000000000064,164.99,netbanking,15.41,2.77,0.00,2025-11-27,test,0
pay_00000000000994,setl_T1RNGA_0062,bnk_000000000064,2801.27,card,71.43,12.86,0.00,2025-11-27,test,0
pay_00000000001149,setl_T1RNGA_0062,bnk_000000000064,1354.61,upi,3.39,0.61,0.00,2025-11-27,test,0
pay_00000000001468,setl_T1RNGA_0062,bnk_000000000064,1636.48,wallet,33.55,6.04,16.36,2025-11-27,test,0
pay_00000000001520,setl_T1RNGA_0062,bnk_000000000064,559.99,upi,1.40,0.25,5.60,2025-11-27,test,0
pay_00000000001557,setl_T1RNGA_0062,bnk_000000000064,684.55,upi,1.71,0.31,6.85,2025-11-27,test,0
pay_00000000001678,setl_T1RNGA_0062,bnk_000000000064,611.46,upi,1.53,0.28,0.00,2025-11-27,test,0
pay_00000000001735,setl_T1RNGA_0062,bnk_000000000064,410.96,upi,1.03,0.19,0.00,2025-11-27,test,0
pay_00000000001927,setl_T1RNGA_0062,bnk_000000000064,613.99,netbanking,16.53,2.98,6.14,2025-11-27,test,0
pay_00000000002038,setl_T1RNGA_0062,bnk_000000000064,593.64,upi,1.48,0.27,5.94,2025-11-27,test,0
pay_00000000002062,setl_T1RNGA_0062,bnk_000000000064,666.00,wallet,13.66,2.46,6.66,2025-11-27,test,0
pay_00000000002091,setl_T1RNGA_0062,bnk_000000000064,1050.04,card,26.78,4.82,10.50,2025-11-27,test,0
pay_00000000002097,setl_T1RNGA_0062,bnk_000000000064,964.00,upi,2.41,0.43,0.00,2025-11-27,test,0
pay_00000000002248,setl_T1RNGA_0062,bnk_000000000064,957.70,wallet,19.63,3.53,0.00,2025-11-27,test,0
pay_00000000002317,setl_T1RNGA_0062,bnk_000000000064,1823.53,card,46.50,8.37,0.00,2025-11-27,test,0
pay_00000000002331,setl_T1RNGA_0062,bnk_000000000064,1026.54,wallet,21.05,3.79,10.27,2025-11-27,test,0
pay_00000000002455,setl_T1RNGA_0062,bnk_000000000064,853.00,upi,2.13,0.38,0.00,2025-11-27,test,0
pay_00000000002495,setl_T1RNGA_0062,bnk_000000000064,10264.56,upi,25.66,4.62,0.00,2025-11-27,test,0
pay_00000000002605,setl_T1RNGA_0062,bnk_000000000064,373.96,netbanking,15.93,2.87,3.74,2025-11-27,test,0
pay_00000000002813,setl_T1RNGA_0062,bnk_000000000064,401.33,card,10.23,1.84,4.01,2025-11-27,test,0
pay_00000000002868,setl_T1RNGA_0062,bnk_000000000064,618.98,netbanking,16.55,2.98,0.00,2025-11-27,test,0
pay_00000000003141,setl_T1RNGA_0062,bnk_000000000064,987.00,card,25.17,4.53,0.00,2025-11-27,test,0
pay_00000000003148,setl_T1RNGA_0062,bnk_000000000064,3527.00,card,89.94,16.19,35.27,2025-11-27,test,0
pay_00000000003287,setl_T1RNGA_0062,bnk_000000000064,362.99,upi,0.91,0.16,0.00,2025-11-27,test,0
pay_00000000003390,setl_T1RNGA_0062,bnk_000000000064,243.91,card,6.22,1.12,0.00,2025-11-27,test,0
pay_00000000003403,setl_T1RNGA_0062,bnk_000000000064,377.00,card,9.61,1.73,3.77,2025-11-27,test,0
pay_00000000003525,setl_T1RNGA_0062,bnk_000000000064,1031.51,upi,2.58,0.46,0.00,2025-11-27,test,0
pay_00000000003552,setl_T1RNGA_0062,bnk_000000000064,3558.00,upi,8.90,1.60,35.58,2025-11-27,test,0
pay_00000000003592,setl_T1RNGA_0062,bnk_000000000064,850.00,card,21.68,3.90,0.00,2025-11-27,test,0
pay_00000000003630,setl_T1RNGA_0062,bnk_000000000064,1028.00,upi,2.57,0.46,10.28,2025-11-27,test,0
pay_00000000003698,setl_T1RNGA_0062,bnk_000000000064,1730.00,upi,4.33,0.78,17.30,2025-11-27,test,0
pay_00000000003739,setl_T1RNGA_0062,bnk_000000000064,376.99,upi,0.94,0.17,3.77,2025-11-27,test,0
pay_00000000003788,setl_T1RNGA_0062,bnk_000000000064,717.96,wallet,14.71,2.65,7.18,2025-11-27,test,0
pay_00000000003962,setl_T1RNGA_0062,bnk_000000000064,245.54,upi,0.61,0.11,2.46,2025-11-27,test,0
pay_00000000003990,setl_T1RNGA_0062,bnk_000000000064,170.99,wallet,3.51,0.63,1.71,2025-11-27,test,0
pay_00000000004049,setl_T1RNGA_0062,bnk_000000000064,350.78,wallet,7.19,1.29,3.51,2025-11-27,test,0
pay_00000000004094,setl_T1RNGA_0062,bnk_000000000064,2261.92,card,57.67,10.38,22.62,2025-11-27,test,0
pay_00000000004142,setl_T1RNGA_0062,bnk_000000000064,2489.99,wallet,51.04,9.19,0.00,2025-11-27,test,0
pay_00000000004157,setl_T1RNGA_0062,bnk_000000000064,2597.97,card,66.24,11.92,25.98,2025-11-27,test,0
pay_00000000000127,setl_T1RNGA_0063,bnk_000000000065,533.73,card,12.28,2.21,0.00,2025-11-27,test,0
pay_00000000000150,setl_T1RNGA_0063,bnk_000000000065,903.99,card,20.79,3.74,9.04,2025-11-27,test,0
pay_00000000000157,setl_T1RNGA_0063,bnk_000000000065,1053.00,upi,0.00,0.00,10.53,2025-11-27,test,0
pay_00000000000296,setl_T1RNGA_0063,bnk_000000000065,714.60,netbanking,15.00,2.70,0.00,2025-11-27,test,0
pay_00000000000328,setl_T1RNGA_0063,bnk_000000000065,1032.28,netbanking,15.00,2.70,0.00,2025-11-27,test,0
pay_00000000000396,setl_T1RNGA_0063,bnk_000000000065,16080.00,card,369.84,66.57,0.00,2025-11-27,test,0
pay_00000000000414,setl_T1RNGA_0063,bnk_000000000065,169.13,card,3.89,0.70,1.69,2025-11-27,test,0
pay_00000000000461,setl_T1RNGA_0063,bnk_000000000065,605.99,upi,0.00,0.00,6.06,2025-11-27,test,0
pay_00000000000469,setl_T1RNGA_0063,bnk_000000000065,2116.92,wallet,38.10,6.86,0.00,2025-11-27,test,0
pay_00000000000488,setl_T1RNGA_0063,bnk_000000000065,165.99,upi,0.00,0.00,1.66,2025-11-27,test,0
pay_00000000000493,setl_T1RNGA_0063,bnk_000000000065,141.00,upi,0.00,0.00,0.00,2025-11-27,test,0
pay_00000000000627,setl_T1RNGA_0063,bnk_000000000065,353.54,netbanking,15.00,2.70,0.00,2025-11-27,test,0
pay_00000000000943,setl_T1RNGA_0063,bnk_000000000065,686.13,card,15.78,2.84,0.00,2025-11-27,test,0
pay_00000000001110,setl_T1RNGA_0063,bnk_000000000065,202.38,upi,0.00,0.00,2.02,2025-11-27,test,0
pay_00000000001340,setl_T1RNGA_0063,bnk_000000000065,361.49,upi,0.00,0.00,3.61,2025-11-27,test,0
pay_00000000001493,setl_T1RNGA_0063,bnk_000000000065,462.00,card,10.63,1.91,4.62,2025-11-27,test,0
pay_00000000001499,setl_T1RNGA_0063,bnk_000000000065,487.83,wallet,8.78,1.58,4.88,2025-11-27,test,0
pay_00000000001642,setl_T1RNGA_0063,bnk_000000000065,732.00,upi,0.00,0.00,7.32,2025-11-27,test,0
pay_00000000001647,setl_T1RNGA_0063,bnk_000000000065,215.00,card,4.95,0.89,2.15,2025-11-27,test,0
pay_00000000001744,setl_T1RNGA_0063,bnk_000000000065,533.42,card,12.27,2.21,5.33,2025-11-27,test,0
pay_00000000001787,setl_T1RNGA_0063,bnk_000000000065,734.00,upi,0.00,0.00,0.00,2025-11-27,test,0
pay_00000000001998,setl_T1RNGA_0063,bnk_000000000065,1765.72,upi,0.00,0.00,17.66,2025-11-27,test,0
pay_00000000002011,setl_T1RNGA_0063,bnk_000000000065,636.99,card,14.65,2.64,0.00,2025-11-27,test,0
pay_00000000002148,setl_T1RNGA_0063,bnk_000000000065,446.03,upi,0.00,0.00,4.46,2025-11-27,test,0
pay_00000000002304,setl_T1RNGA_0063,bnk_000000000065,384.99,card,8.85,1.59,0.00,2025-11-27,test,0
pay_00000000002693,setl_T1RNGA_0063,bnk_000000000065,1537.00,netbanking,15.00,2.70,15.37,2025-11-27,test,0
pay_00000000002910,setl_T1RNGA_0063,bnk_000000000065,2830.99,card,65.11,11.72,28.31,2025-11-27,test,0
pay_00000000003087,setl_T1RNGA_0063,bnk_000000000065,1493.00,upi,0.00,0.00,0.00,2025-11-27,test,0
pay_00000000003210,setl_T1RNGA_0063,bnk_000000000065,17329.42,upi,0.00,0.00,173.29,2025-11-27,test,0
pay_00000000003402,setl_T1RNGA_0063,bnk_000000000065,342.00,wallet,6.16,1.11,0.00,2025-11-27,test,0
pay_00000000003527,setl_T1RNGA_0063,bnk_000000000065,3266.00,upi,0.00,0.00,0.00,2025-11-27,test,0
pay_00000000003929,setl_T1RNGA_0063,bnk_000000000065,302.00,netbanking,15.00,2.70,0.00,2025-11-27,test,0
pay_00000000004077,setl_T1RNGA_0063,bnk_000000000065,443.20,card,10.19,1.83,0.00,2025-11-27,test,0
pay_00000000004109,setl_T1RNGA_0063,bnk_000000000065,243.99,upi,0.00,0.00,0.00,2025-11-27,test,0
pay_00000000000099,setl_T1RNGA_0064,bnk_000000000066,911.00,netbanking,15.00,2.70,9.11,2025-11-27,test,0
pay_00000000000141,setl_T1RNGA_0064,bnk_000000000066,253.74,wallet,4.57,0.82,2.54,2025-11-27,test,0
pay_00000000000191,setl_T1RNGA_0064,bnk_000000000066,861.99,card,19.83,3.57,8.62,2025-11-27,test,0
pay_00000000000268,setl_T1RNGA_0064,bnk_000000000066,107.00,netbanking,15.00,2.70,0.00,2025-11-27,test,0
pay_00000000000341,setl_T1RNGA_0064,bnk_000000000066,1234.29,upi,0.00,0.00,0.00,2025-11-27,test,0
pay_00000000000346,setl_T1RNGA_0064,bnk_000000000066,1509.55,upi,0.00,0.00,0.00,2025-11-27,test,0
pay_00000000000360,setl_T1RNGA_0064,bnk_000000000066,303.00,card,6.97,1.25,0.00,2025-11-27,test,0
pay_00000000000365,setl_T1RNGA_0064,bnk_000000000066,374.00,upi,0.00,0.00,3.74,2025-11-27,test,0
pay_00000000000463,setl_T1RNGA_0064,bnk_000000000066,639.00,upi,0.00,0.00,0.00,2025-11-27,test,0
pay_00000000000545,setl_T1RNGA_0064,bnk_000000000066,2500.00,card,57.50,10.35,25.00,2025-11-27,test,0
pay_00000000000558,setl_T1RNGA_0064,bnk_000000000066,617.00,card,14.19,2.55,6.17,2025-11-27,test,0
pay_00000000000605,setl_T1RNGA_0064,bnk_000000000066,776.99,upi,0.00,0.00,0.00,2025-11-27,test,0
pay_00000000000788,setl_T1RNGA_0064,bnk_000000000066,2872.00,wallet,51.70,9.31,28.72,2025-11-27,test,0
pay_00000000000850,setl_T1RNGA_0064,bnk_000000000066,1336.00,upi,0.00,0.00,13.36,2025-11-27,test,0
pay_00000000000882,setl_T1RNGA_0064,bnk_000000000066,984.99,upi,0.00,0.00,0.00,2025-11-27,test,0
pay_00000000000883,setl_T1RNGA_0064,bnk_000000000066,8158.99,wallet,146.86,26.43,0.00,2025-11-27,test,0
pay_00000000000942,setl_T1RNGA_0064,bnk_000000000066,789.00,card,18.15,3.27,7.89,2025-11-27,test,0
pay_00000000000953,setl_T1RNGA_0064,bnk_000000000066,1585.99,upi,0.00,0.00,15.86,2025-11-27,test,0
pay_00000000001090,setl_T1RNGA_0064,bnk_000000000066,344.99,card,7.93,1.43,0.00,2025-11-27,test,0
pay_00000000001192,setl_T1RNGA_0064,bnk_000000000066,559.99,netbanking,15.00,2.70,5.60,2025-11-27,test,0
pay_00000000001236,setl_T1RNGA_0064,bnk_000000000066,976.52,upi,0.00,0.00,9.77,2025-11-27,test,0
pay_00000000001243,setl_T1RNGA_0064,bnk_000000000066,2840.00,netbanking,15.00,2.70,28.40,2025-11-27,test,0
pay_00000000001256,setl_T1RNGA_0064,bnk_000000000066,189.00,card,4.35,0.78,1.89,2025-11-27,test,0
pay_00000000001319,setl_T1RNGA_0064,bnk_000000000066,947.04,upi,0.00,0.00,0.00,2025-11-27,test,0
pay_00000000001342,setl_T1RNGA_0064,bnk_000000000066,434.00,card,9.98,1.80,4.34,2025-11-27,test,0
pay_00000000001517,setl_T1RNGA_0064,bnk_000000000066,653.00,upi,0.00,0.00,6.53,2025-11-27,test,0
pay_00000000001558,setl_T1RNGA_0064,bnk_000000000066,932.99,card,21.46,3.86,0.00,2025-11-27,test,0
pay_00000000001597,setl_T1RNGA_0064,bnk_000000000066,2454.00,upi,0.00,0.00,24.54,2025-11-27,test,0
pay_00000000001764,setl_T1RNGA_0064,bnk_000000000066,881.00,wallet,15.86,2.85,0.00,2025-11-27,test,0
pay_00000000001805,setl_T1RNGA_0064,bnk_000000000066,2127.58,upi,0.00,0.00,0.00,2025-11-27,test,0
pay_00000000001825,setl_T1RNGA_0064,bnk_000000000066,3302.18,upi,0.00,0.00,0.00,2025-11-27,test,0
pay_00000000001830,setl_T1RNGA_0064,bnk_000000000066,983.27,netbanking,15.00,2.70,9.83,2025-11-27,test,0
pay_00000000001901,setl_T1RNGA_0064,bnk_000000000066,425.00,upi,0.00,0.00,4.25,2025-11-27,test,0
pay_00000000001929,setl_T1RNGA_0064,bnk_000000000066,563.05,wallet,10.13,1.82,5.63,2025-11-27,test,0
pay_00000000001946,setl_T1RNGA_0064,bnk_000000000066,624.00,upi,0.00,0.00,6.24,2025-11-27,test,0
pay_00000000001974,setl_T1RNGA_0064,bnk_000000000066,313.56,card,7.21,1.30,3.14,2025-11-27,test,0
pay_00000000001985,setl_T1RNGA_0064,bnk_000000000066,360.54,card,8.29,1.49,3.61,2025-11-27,test,0
pay_00000000002029,setl_T1RNGA_0064,bnk_000000000066,465.99,netbanking,15.00,2.70,0.00,2025-11-27,test,0
pay_00000000002042,setl_T1RNGA_0064,bnk_000000000066,999.00,upi,0.00,0.00,0.00,2025-11-27,test,0
pay_00000000002061,setl_T1RNGA_0064,bnk_000000000066,1072.94,upi,0.00,0.00,10.73,2025-11-27,test,0
pay_00000000002087,setl_T1RNGA_0064,bnk_000000000066,253.79,wallet,4.57,0.82,0.00,2025-11-27,test,0
pay_00000000002092,setl_T1RNGA_0064,bnk_000000000066,260.00,card,5.98,1.08,2.60,2025-11-27,test,0
pay_00000000002110,setl_T1RNGA_0064,bnk_000000000066,233.99,card,5.38,0.97,0.00,2025-11-27,test,0
pay_00000000002134,setl_T1RNGA_0064,bnk_000000000066,438.29,card,10.08,1.81,4.38,2025-11-27,test,0
pay_00000000002156,setl_T1RNGA_0064,bnk_000000000066,704.99,upi,0.00,0.00,0.00,2025-11-27,test,0
pay_00000000002226,setl_T1RNGA_0064,bnk_000000000066,160.14,card,3.68,0.66,0.00,2025-11-27,test,0
pay_00000000002325,setl_T1RNGA_0064,bnk_000000000066,3413.20,netbanking,15.00,2.70,34.13,2025-11-27,test,0
pay_00000000002344,setl_T1RNGA_0064,bnk_000000000066,562.54,netbanking,15.00,2.70,5.63,2025-11-27,test,0
pay_00000000002394,setl_T1RNGA_0064,bnk_000000000066,807.99,upi,0.00,0.00,0.00,2025-11-27,test,0
pay_00000000002399,setl_T1RNGA_0064,bnk_000000000066,9188.00,upi,0.00,0.00,91.88,2025-11-27,test,0
pay_00000000002529,setl_T1RNGA_0064,bnk_000000000066,484.76,wallet,8.73,1.57,4.85,2025-11-27,test,0
pay_00000000002585,setl_T1RNGA_0064,bnk_000000000066,472.26,netbanking,15.00,2.70,4.72,2025-11-27,test,0
pay_00000000002695,setl_T1RNGA_0064,bnk_000000000066,316.00,upi,0.00,0.00,0.00,2025-11-27,test,0
pay_00000000002728,setl_T1RNGA_0064,bnk_000000000066,7999.00,upi,0.00,0.00,79.99,2025-11-27,test,0
pay_00000000002775,setl_T1RNGA_0064,bnk_000000000066,500.00,upi,0.00,0.00,0.00,2025-11-27,test,0
pay_00000000002783,setl_T1RNGA_0064,bnk_000000000066,882.00,upi,0.00,0.00,0.00,2025-11-27,test,0
pay_00000000002876,setl_T1RNGA_0064,bnk_000000000066,624.00,upi,0.00,0.00,0.00,2025-11-27,test,0
pay_00000000002936,setl_T1RNGA_0064,bnk_000000000066,123.97,card,2.85,0.51,1.24,2025-11-27,test,0
pay_00000000002983,setl_T1RNGA_0064,bnk_000000000066,386.13,card,8.88,1.60,0.00,2025-11-27,test,0
pay_00000000003058,setl_T1RNGA_0064,bnk_000000000066,377.00,wallet,6.79,1.22,0.00,2025-11-27,test,0
pay_00000000003079,setl_T1RNGA_0064,bnk_000000000066,490.99,netbanking,15.00,2.70,0.00,2025-11-27,test,0
pay_00000000003088,setl_T1RNGA_0064,bnk_000000000066,1516.00,card,34.87,6.28,15.16,2025-11-27,test,0
pay_00000000003152,setl_T1RNGA_0064,bnk_000000000066,827.00,netbanking,15.00,2.70,0.00,2025-11-27,test,0
pay_00000000003174,setl_T1RNGA_0064,bnk_000000000066,889.99,card,20.47,3.68,0.00,2025-11-27,test,0
pay_00000000003179,setl_T1RNGA_0064,bnk_000000000066,170.87,card,3.93,0.71,1.71,2025-11-27,test,0
pay_00000000003254,setl_T1RNGA_0064,bnk_000000000066,366.99,upi,0.00,0.00,0.00,2025-11-27,test,0
pay_00000000003273,setl_T1RNGA_0064,bnk_000000000066,987.00,upi,0.00,0.00,9.87,2025-11-27,test,0
pay_00000000003318,setl_T1RNGA_0064,bnk_000000000066,503.00,upi,0.00,0.00,5.03,2025-11-27,test,0
pay_00000000003372,setl_T1RNGA_0064,bnk_000000000066,255.99,upi,0.00,0.00,0.00,2025-11-27,test,0
pay_00000000003436,setl_T1RNGA_0064,bnk_000000000066,435.00,upi,0.00,0.00,0.00,2025-11-27,test,0
pay_00000000003463,setl_T1RNGA_0064,bnk_000000000066,2802.60,card,64.46,11.60,28.03,2025-11-27,test,0
pay_00000000003475,setl_T1RNGA_0064,bnk_000000000066,3088.85,wallet,55.60,10.01,30.89,2025-11-27,test,0
pay_00000000003555,setl_T1RNGA_0064,bnk_000000000066,765.99,card,17.62,3.17,0.00,2025-11-27,test,0
pay_00000000003561,setl_T1RNGA_0064,bnk_000000000066,816.99,upi,0.00,0.00,0.00,2025-11-27,test,0
pay_00000000003567,setl_T1RNGA_0064,bnk_000000000066,1689.87,netbanking,15.00,2.70,16.90,2025-11-27,test,0
pay_00000000003568,setl_T1RNGA_0064,bnk_000000000066,976.75,upi,0.00,0.00,9.77,2025-11-27,test,0
pay_00000000003593,setl_T1RNGA_0064,bnk_000000000066,697.99,upi,0.00,0.00,0.00,2025-11-27,test,0
pay_00000000003680,setl_T1RNGA_0064,bnk_000000000066,124.00,upi,0.00,0.00,0.00,2025-11-27,test,0
pay_00000000003730,setl_T1RNGA_0064,bnk_000000000066,762.00,upi,0.00,0.00,0.00,2025-11-27,test,0
pay_00000000003923,setl_T1RNGA_0064,bnk_000000000066,653.64,netbanking,15.00,2.70,6.54,2025-11-27,test,0
pay_00000000004106,setl_T1RNGA_0064,bnk_000000000066,664.03,wallet,11.95,2.15,0.00,2025-11-27,test,0
pay_00000000004117,setl_T1RNGA_0064,bnk_000000000066,503.44,upi,0.00,0.00,0.00,2025-11-27,test,0
pay_00000000004149,setl_T1RNGA_0064,bnk_000000000066,283.90,card,6.53,1.18,0.00,2025-11-27,test,0
pay_00000000004167,setl_T1RNGA_0064,bnk_000000000066,3271.56,wallet,58.89,10.60,0.00,2025-11-27,test,0
pay_00000000004196,setl_T1RNGA_0064,bnk_000000000066,809.16,upi,0.00,0.00,8.09,2025-11-27,test,0
pay_00000000000016,setl_T1RNGA_0065,bnk_000000000067,794.19,upi,0.00,0.00,7.94,2025-11-27,test,0
pay_00000000000047,setl_T1RNGA_0065,bnk_000000000067,386.00,card,8.88,1.60,0.00,2025-11-27,test,0
pay_00000000000096,setl_T1RNGA_0065,bnk_000000000067,787.99,upi,0.00,0.00,0.00,2025-11-27,test,0
pay_00000000000111,setl_T1RNGA_0065,bnk_000000000067,598.00,card,13.75,2.48,0.00,2025-11-27,test,0
pay_00000000000114,setl_T1RNGA_0065,bnk_000000000067,670.87,upi,0.00,0.00,6.71,2025-11-27,test,0
pay_00000000000143,setl_T1RNGA_0065,bnk_000000000067,308.99,upi,0.00,0.00,3.09,2025-11-27,test,0
pay_00000000000160,setl_T1RNGA_0065,bnk_000000000067,918.99,upi,0.00,0.00,9.19,2025-11-27,test,0
pay_00000000000168,setl_T1RNGA_0065,bnk_000000000067,2613.80,upi,0.00,0.00,26.14,2025-11-27,test,0
pay_00000000000190,setl_T1RNGA_0065,bnk_000000000067,508.42,card,11.69,2.10,5.08,2025-11-27,test,0
pay_00000000000278,setl_T1RNGA_0065,bnk_000000000067,2175.36,netbanking,15.00,2.70,21.75,2025-11-27,test,0
pay_00000000000290,setl_T1RNGA_0065,bnk_000000000067,1048.99,wallet,18.88,3.40,10.49,2025-11-27,test,0
pay_00000000000293,setl_T1RNGA_0065,bnk_000000000067,271.51,wallet,4.89,0.88,2.72,2025-11-27,test,0
pay_00000000000299,setl_T1RNGA_0065,bnk_000000000067,426.99,netbanking,15.00,2.70,0.00,2025-11-27,test,0
pay_00000000000347,setl_T1RNGA_0065,bnk_000000000067,638.00,wallet,11.48,2.07,6.38,2025-11-27,test,0
pay_00000000000367,setl_T1RNGA_0065,bnk_000000000067,3413.00,upi,0.00,0.00,0.00,2025-11-27,test,0
pay_00000000000389,setl_T1RNGA_0065,bnk_000000000067,675.99,upi,0.00,0.00,6.76,2025-11-27,test,0
pay_00000000000434,setl_T1RNGA_0065,bnk_000000000067,1379.97,upi,0.00,0.00,13.80,2025-11-27,test,0
pay_00000000000439,setl_T1RNGA_0065,bnk_000000000067,952.00,upi,0.00,0.00,9.52,2025-11-27,test,0
pay_00000000000447,setl_T1RNGA_0065,bnk_000000000067,202.69,upi,0.00,0.00,0.00,2025-11-27,test,0
pay_00000000000476,setl_T1RNGA_0065,bnk_000000000067,820.99,upi,0.00,0.00,0.00,2025-11-27,test,0
pay_00000000000502,setl_T1RNGA_0065,bnk_000000000067,461.49,card,10.61,1.91,4.61,2025-11-27,test,0
pay_00000000000510,setl_T1RNGA_0065,bnk_000000000067,164.03,card,3.77,0.68,1.64,2025-11-27,test,0
pay_00000000000520,setl_T1RNGA_0065,bnk_000000000067,495.98,upi,0.00,0.00,0.00,2025-11-27,test,0
pay_00000000000527,setl_T1RNGA_0065,bnk_000000000067,634.00,upi,0.00,0.00,0.00,2025-11-27,test,0
pay_00000000000530,setl_T1RNGA_0065,bnk_000000000067,912.99,upi,0.00,0.00,0.00,2025-11-27,test,0
pay_00000000000547,setl_T1RNGA_0065,bnk_000000000067,153.00,upi,0.00,0.00,1.53,2025-11-27,test,0
pay_00000000000643,setl_T1RNGA_0065,bnk_000000000067,473.00,card,10.88,1.96,0.00,2025-11-27,test,0
pay_00000000000655,setl_T1RNGA_0065,bnk_000000000067,2345.75,card,53.95,9.71,23.46,2025-11-27,test,0
pay_00000000000779,setl_T1RNGA_0065,bnk_000000000067,198.76,upi,0.00,0.00,1.99,2025-11-27,test,0
pay_00000000000781,setl_T1RNGA_0065,bnk_000000000067,312.00,card,7.18,1.29,0.00,2025-11-27,test,0
pay_00000000000784,setl_T1RNGA_0065,bnk_000000000067,2980.00,upi,0.00,0.00,0.00,2025-11-27,test,0
pay_00000000000795,setl_T1RNGA_0065,bnk_000000000067,2711.15,upi,0.00,0.00,0.00,2025-11-27,test,0
pay_00000000000827,setl_T1RNGA_0065,bnk_000000000067,806.00,card,18.54,3.34,8.06,2025-11-27,test,0
pay_00000000000828,setl_T1RNGA_0065,bnk_000000000067,1367.99,card,31.46,5.66,13.68,2025-11-27,test,0
pay_00000000000847,setl_T1RNGA_0065,bnk_000000000067,760.00,upi,0.00,0.00,0.00,2025-11-27,test,0
pay_00000000000890,setl_T1RNGA_0065,bnk_000000000067,234.77,card,5.40,0.97,2.35,2025-11-27,test,0
pay_00000000000925,setl_T1RNGA_0065,bnk_000000000067,2350.99,upi,0.00,0.00,23.51,2025-11-27,test,0
pay_00000000000944,setl_T1RNGA_0065,bnk_000000000067,3373.00,upi,0.00,0.00,0.00,2025-11-27,test,0
pay_00000000000981,setl_T1RNGA_0065,bnk_000000000067,591.00,upi,0.00,0.00,5.91,2025-11-27,test,0
pay_00000000000998,setl_T1RNGA_0065,bnk_000000000067,3205.61,upi,0.00,0.00,32.06,2025-11-27,test,0
pay_00000000001007,setl_T1RNGA_0065,bnk_000000000067,227.00,upi,0.00,0.00,0.00,2025-11-27,test,0
pay_00000000001030,setl_T1RNGA_0065,bnk_000000000067,523.58,upi,0.00,0.00,5.24,2025-11-27,test,0
pay_00000000001070,setl_T1RNGA_0065,bnk_000000000067,447.61,upi,0.00,0.00,4.48,2025-11-27,test,0
pay_00000000001072,setl_T1RNGA_0065,bnk_000000000067,119.00,upi,0.00,0.00,1.19,2025-11-27,test,0
pay_00000000001137,setl_T1RNGA_0065,bnk_000000000067,726.17,upi,0.00,0.00,0.00,2025-11-27,test,0
pay_00000000001156,setl_T1RNGA_0065,bnk_000000000067,1935.76,card,44.52,8.01,19.36,2025-11-27,test,0
pay_00000000001194,setl_T1RNGA_0065,bnk_000000000067,678.52,upi,0.00,0.00,6.79,2025-11-27,test,0
pay_00000000001219,setl_T1RNGA_0065,bnk_000000000067,983.00,card,22.61,4.07,9.83,2025-11-27,test,0
pay_00000000001226,setl_T1RNGA_0065,bnk_000000000067,173.99,wallet,3.13,0.56,1.74,2025-11-27,test,0
pay_00000000001248,setl_T1RNGA_0065,bnk_000000000067,2882.99,upi,0.00,0.00,0.00,2025-11-27,test,0
pay_00000000001251,setl_T1RNGA_0065,bnk_000000000067,954.98,upi,0.00,0.00,9.55,2025-11-27,test,0
pay_00000000001278,setl_T1RNGA_0065,bnk_000000000067,478.00,wallet,8.60,1.55,4.78,2025-11-27,test,0
pay_00000000001309,setl_T1RNGA_0065,bnk_000000000067,626.00,card,14.40,2.59,6.26,2025-11-27,test,0
pay_00000000001324,setl_T1RNGA_0065,bnk_000000000067,1518.99,card,34.94,6.29,15.19,2025-11-27,test,0
pay_00000000001328,setl_T1RNGA_0065,bnk_000000000067,905.52,upi,0.00,0.00,9.06,2025-11-27,test,0
pay_00000000001386,setl_T1RNGA_0065,bnk_000000000067,1048.45,card,24.11,4.34,10.48,2025-11-27,test,0
pay_00000000001404,setl_T1RNGA_0065,bnk_000000000067,853.00,upi,0.00,0.00,8.53,2025-11-27,test,0
pay_00000000001451,setl_T1RNGA_0065,bnk_000000000067,745.38,netbanking,15.00,2.70,0.00,2025-11-27,test,0
pay_00000000001470,setl_T1RNGA_0065,bnk_000000000067,992.00,card,22.82,4.11,9.92,2025-11-27,test,0
pay_00000000001495,setl_T1RNGA_0065,bnk_000000000067,223.00,wallet,4.01,0.72,0.00,2025-11-27,test,0
pay_00000000001592,setl_T1RNGA_0065,bnk_000000000067,246.00,upi,0.00,0.00,0.00,2025-11-27,test,0
pay_00000000001596,setl_T1RNGA_0065,bnk_000000000067,763.00,card,17.55,3.16,0.00,2025-11-27,test,0
pay_00000000001601,setl_T1RNGA_0065,bnk_000000000067,822.99,upi,0.00,0.00,8.23,2025-11-27,test,0
pay_00000000001636,setl_T1RNGA_0065,bnk_000000000067,1022.61,upi,0.00,0.00,0.00,2025-11-27,test,0
pay_00000000001693,setl_T1RNGA_0065,bnk_000000000067,320.46,upi,0.00,0.00,3.20,2025-11-27,test,0
pay_00000000001725,setl_T1RNGA_0065,bnk_000000000067,1019.11,netbanking,15.00,2.70,10.19,2025-11-27,test,0
pay_00000000001775,setl_T1RNGA_0065,bnk_000000000067,693.50,card,15.95,2.87,0.00,2025-11-27,test,0
pay_00000000001781,setl_T1RNGA_0065,bnk_000000000067,1538.31,upi,0.00,0.00,0.00,2025-11-27,test,0
pay_00000000001810,setl_T1RNGA_0065,bnk_000000000067,339.00,card,7.80,1.40,0.00,2025-11-27,test,0
pay_00000000001843,setl_T1RNGA_0065,bnk_000000000067,715.73,upi,0.00,0.00,7.16,2025-11-27,test,0
pay_00000000001854,setl_T1RNGA_0065,bnk_000000000067,3387.49,upi,0.00,0.00,33.87,2025-11-27,test,0
pay_00000000001857,setl_T1RNGA_0065,bnk_000000000067,754.00,card,17.34,3.12,7.54,2025-11-27,test,0
pay_00000000001883,setl_T1RNGA_0065,bnk_000000000067,838.00,card,19.27,3.47,0.00,2025-11-27,test,0
pay_00000000001911,setl_T1RNGA_0065,bnk_000000000067,417.81,upi,0.00,0.00,4.18,2025-11-27,test,0
pay_00000000001914,setl_T1RNGA_0065,bnk_000000000067,970.95,upi,0.00,0.00,9.71,2025-11-27,test,0
pay_00000000001924,setl_T1RNGA_0065,bnk_000000000067,409.00,netbanking,15.00,2.70,0.00,2025-11-27,test,0
pay_00000000001940,setl_T1RNGA_0065,bnk_000000000067,980.14,netbanking,15.00,2.70,9.80,2025-11-27,test,0
pay_00000000002013,setl_T1RNGA_0065,bnk_000000000067,2100.10,upi,0.00,0.00,0.00,2025-11-27,test,0
pay_00000000002016,setl_T1RNGA_0065,bnk_000000000067,3163.25,card,72.75,13.10,0.00,2025-11-27,test,0
pay_00000000002036,setl_T1RNGA_0065,bnk_000000000067,1407.85,upi,0.00,0.00,0.00,2025-11-27,test,0
pay_00000000002078,setl_T1RNGA_0065,bnk_000000000067,616.70,upi,0.00,0.00,6.17,2025-11-27,test,0
pay_00000000002089,setl_T1RNGA_0065,bnk_000000000067,1979.63,upi,0.00,0.00,19.80,2025-11-27,test,0
pay_00000000002114,setl_T1RNGA_0065,bnk_000000000067,2765.93,card,63.62,11.45,0.00,2025-11-27,test,0
pay_00000000002150,setl_T1RNGA_0065,bnk_000000000067,693.10,netbanking,15.00,2.70,6.93,2025-11-27,test,0
pay_00000000002164,setl_T1RNGA_0065,bnk_000000000067,598.00,wallet,10.76,1.94,5.98,2025-11-27,test,0
pay_00000000002175,setl_T1RNGA_0065,bnk_000000000067,353.72,upi,0.00,0.00,0.00,2025-11-27,test,0
pay_00000000002188,setl_T1RNGA_0065,bnk_000000000067,635.16,upi,0.00,0.00,6.35,2025-11-27,test,0
pay_00000000002194,setl_T1RNGA_0065,bnk_000000000067,1042.99,upi,0.00,0.00,10.43,2025-11-27,test,0
pay_00000000002209,setl_T1RNGA_0065,bnk_000000000067,218.00,upi,0.00,0.00,2.18,2025-11-27,test,0
pay_00000000002278,setl_T1RNGA_0065,bnk_000000000067,857.00,card,19.71,3.55,0.00,2025-11-27,test,0
pay_00000000002280,setl_T1RNGA_0065,bnk_000000000067,506.91,card,11.66,2.10,0.00,2025-11-27,test,0
pay_00000000002346,setl_T1RNGA_0065,bnk_000000000067,508.41,wallet,9.15,1.65,0.00,2025-11-27,test,0
pay_00000000002414,setl_T1RNGA_0065,bnk_000000000067,805.00,card,18.52,3.33,8.05,2025-11-27,test,0
pay_00000000002440,setl_T1RNGA_0065,bnk_000000000067,952.99,card,21.92,3.95,0.00,2025-11-27,test,0
pay_00000000002449,setl_T1RNGA_0065,bnk_000000000067,3536.00,card,81.33,14.64,0.00,2025-11-27,test,0
pay_00000000002459,setl_T1RNGA_0065,bnk_000000000067,258.86,upi,0.00,0.00,0.00,2025-11-27,test,0
pay_00000000002462,setl_T1RNGA_0065,bnk_000000000067,782.16,upi,0.00,0.00,0.00,2025-11-27,test,0
pay_00000000002513,setl_T1RNGA_0065,bnk_000000000067,1259.82,card,28.98,5.22,12.60,2025-11-27,test,0
pay_00000000002523,setl_T1RNGA_0065,bnk_000000000067,11216.00,upi,0.00,0.00,112.16,2025-11-27,test,0
pay_00000000002536,setl_T1RNGA_0065,bnk_000000000067,7535.97,upi,0.00,0.00,75.36,2025-11-27,test,0
pay_00000000002541,setl_T1RNGA_0065,bnk_000000000067,667.00,upi,0.00,0.00,0.00,2025-11-27,test,0
pay_00000000002573,setl_T1RNGA_0065,bnk_000000000067,502.99,card,11.57,2.08,5.03,2025-11-27,test,0
pay_00000000002596,setl_T1RNGA_0065,bnk_000000000067,435.00,wallet,7.83,1.41,0.00,2025-11-27,test,0
pay_00000000002681,setl_T1RNGA_0065,bnk_000000000067,892.51,upi,0.00,0.00,8.93,2025-11-27,test,0
pay_00000000002732,setl_T1RNGA_0065,bnk_000000000067,796.23,upi,0.00,0.00,0.00,2025-11-27,test,0
pay_00000000002756,setl_T1RNGA_0065,bnk_000000000067,134.99,upi,0.00,0.00,0.00,2025-11-27,test,0
pay_00000000002790,setl_T1RNGA_0065,bnk_000000000067,934.00,upi,0.00,0.00,9.34,2025-11-27,test,0
pay_00000000002794,setl_T1RNGA_0065,bnk_000000000067,859.99,upi,0.00,0.00,8.60,2025-11-27,test,0
pay_00000000002879,setl_T1RNGA_0065,bnk_000000000067,646.00,upi,0.00,0.00,0.00,2025-11-27,test,0
pay_00000000002925,setl_T1RNGA_0065,bnk_000000000067,1044.37,card,24.02,4.32,10.44,2025-11-27,test,0
pay_00000000002956,setl_T1RNGA_0065,bnk_000000000067,128.00,wallet,2.30,0.41,1.28,2025-11-27,test,0
pay_00000000002968,setl_T1RNGA_0065,bnk_000000000067,693.69,card,15.95,2.87,6.94,2025-11-27,test,0
pay_00000000002982,setl_T1RNGA_0065,bnk_000000000067,2193.32,upi,0.00,0.00,0.00,2025-11-27,test,0
pay_00000000002994,setl_T1RNGA_0065,bnk_000000000067,3281.53,upi,0.00,0.00,0.00,2025-11-27,test,0
pay_00000000003000,setl_T1RNGA_0065,bnk_000000000067,321.18,upi,0.00,0.00,0.00,2025-11-27,test,0
pay_00000000003069,setl_T1RNGA_0065,bnk_000000000067,428.65,wallet,7.72,1.39,0.00,2025-11-27,test,0
pay_00000000003104,setl_T1RNGA_0065,bnk_000000000067,316.11,card,7.27,1.31,0.00,2025-11-27,test,0
pay_00000000003107,setl_T1RNGA_0065,bnk_000000000067,178.00,upi,0.00,0.00,0.00,2025-11-27,test,0
pay_00000000003129,setl_T1RNGA_0065,bnk_000000000067,500.63,upi,0.00,0.00,0.00,2025-11-27,test,0
pay_00000000003253,setl_T1RNGA_0065,bnk_000000000067,777.20,upi,0.00,0.00,7.77,2025-11-27,test,0
pay_00000000003326,setl_T1RNGA_0065,bnk_000000000067,464.99,card,10.69,1.92,4.65,2025-11-27,test,0
pay_00000000003364,setl_T1RNGA_0065,bnk_000000000067,693.00,netbanking,15.00,2.70,6.93,2025-11-27,test,0
pay_00000000003373,setl_T1RNGA_0065,bnk_000000000067,348.90,card,8.02,1.44,0.00,2025-11-27,test,0
pay_00000000003392,setl_T1RNGA_0065,bnk_000000000067,315.99,upi,0.00,0.00,0.00,2025-11-27,test,0
pay_00000000003414,setl_T1RNGA_0065,bnk_000000000067,657.49,upi,0.00,0.00,0.00,2025-11-27,test,0
pay_00000000003440,setl_T1RNGA_0065,bnk_000000000067,736.08,upi,0.00,0.00,7.36,2025-11-27,test,0
pay_00000000003460,setl_T1RNGA_0065,bnk_000000000067,857.72,netbanking,15.00,2.70,8.58,2025-11-27,test,0
pay_00000000003471,setl_T1RNGA_0065,bnk_000000000067,127.00,wallet,2.29,0.41,0.00,2025-11-27,test,0
pay_00000000003474,setl_T1RNGA_0065,bnk_000000000067,1203.97,card,27.69,4.98,12.04,2025-11-27,test,0
pay_00000000003515,setl_T1RNGA_0065,bnk_000000000067,2667.99,card,61.36,11.04,0.00,2025-11-27,test,0
pay_00000000003539,setl_T1RNGA_0065,bnk_000000000067,341.00,card,7.84,1.41,3.41,2025-11-27,test,0
pay_00000000003565,setl_T1RNGA_0065,bnk_000000000067,450.95,upi,0.00,0.00,0.00,2025-11-27,test,0
pay_00000000003596,setl_T1RNGA_0065,bnk_000000000067,3571.29,netbanking,15.00,2.70,35.71,2025-11-27,test,0
pay_00000000003620,setl_T1RNGA_0065,bnk_000000000067,770.99,upi,0.00,0.00,0.00,2025-11-27,test,0
pay_00000000003636,setl_T1RNGA_0065,bnk_000000000067,317.68,upi,0.00,0.00,0.00,2025-11-27,test,0
pay_00000000003694,setl_T1RNGA_0065,bnk_000000000067,861.00,upi,0.00,0.00,0.00,2025-11-27,test,0
pay_00000000003752,setl_T1RNGA_0065,bnk_000000000067,935.67,upi,0.00,0.00,9.36,2025-11-27,test,0
pay_00000000003793,setl_T1RNGA_0065,bnk_000000000067,1687.99,upi,0.00,0.00,0.00,2025-11-27,test,0
pay_00000000003818,setl_T1RNGA_0065,bnk_000000000067,2701.00,upi,0.00,0.00,27.01,2025-11-27,test,0
pay_00000000003829,setl_T1RNGA_0065,bnk_000000000067,245.18,card,5.64,1.02,2.45,2025-11-27,test,0
pay_00000000003856,setl_T1RNGA_0065,bnk_000000000067,284.48,card,6.54,1.18,0.00,2025-11-27,test,0
pay_00000000003864,setl_T1RNGA_0065,bnk_000000000067,16295.36,upi,0.00,0.00,162.95,2025-11-27,test,0
pay_00000000003895,setl_T1RNGA_0065,bnk_000000000067,241.64,upi,0.00,0.00,2.42,2025-11-27,test,0
pay_00000000003961,setl_T1RNGA_0065,bnk_000000000067,184.48,upi,0.00,0.00,0.00,2025-11-27,test,0
pay_00000000004020,setl_T1RNGA_0065,bnk_000000000067,3054.00,card,70.24,12.64,30.54,2025-11-27,test,0
pay_00000000004063,setl_T1RNGA_0065,bnk_000000000067,205.19,card,4.72,0.85,0.00,2025-11-27,test,0
pay_00000000004081,setl_T1RNGA_0065,bnk_000000000067,883.89,wallet,15.91,2.86,8.84,2025-11-27,test,0
pay_00000000004144,setl_T1RNGA_0065,bnk_000000000067,489.00,upi,0.00,0.00,4.89,2025-11-27,test,0
pay_00000000004147,setl_T1RNGA_0065,bnk_000000000067,12816.00,card,294.77,53.06,0.00,2025-11-27,test,0
pay_00000000000151,setl_T1RNGA_0066,bnk_000000000068,314.00,card,7.22,1.30,3.14,2025-11-27,test,0
pay_00000000000174,setl_T1RNGA_0066,bnk_000000000068,412.41,upi,0.00,0.00,0.00,2025-11-27,test,0
pay_00000000000185,setl_T1RNGA_0066,bnk_000000000068,568.57,wallet,10.23,1.84,5.69,2025-11-27,test,0
pay_00000000000187,setl_T1RNGA_0066,bnk_000000000068,302.94,upi,0.00,0.00,3.03,2025-11-27,test,0
pay_00000000000220,setl_T1RNGA_0066,bnk_000000000068,496.00,card,11.41,2.05,4.96,2025-11-27,test,0
pay_00000000000231,setl_T1RNGA_0066,bnk_000000000068,5194.21,upi,0.00,0.00,0.00,2025-11-27,test,0
pay_00000000000260,setl_T1RNGA_0066,bnk_000000000068,844.00,card,19.41,3.49,0.00,2025-11-27,test,0
pay_00000000000263,setl_T1RNGA_0066,bnk_000000000068,921.00,card,21.18,3.81,9.21,2025-11-27,test,0
pay_00000000000301,setl_T1RNGA_0066,bnk_000000000068,474.00,upi,0.00,0.00,0.00,2025-11-27,test,0
pay_00000000000308,setl_T1RNGA_0066,bnk_000000000068,104.99,upi,0.00,0.00,1.05,2025-11-27,test,0
pay_00000000000314,setl_T1RNGA_0066,bnk_000000000068,293.05,netbanking,15.00,2.70,0.00,2025-11-27,test,0
pay_00000000000355,setl_T1RNGA_0066,bnk_000000000068,139.29,card,3.20,0.58,1.39,2025-11-27,test,0
pay_00000000000373,setl_T1RNGA_0066,bnk_000000000068,561.88,upi,0.00,0.00,0.00,2025-11-27,test,0
pay_00000000000413,setl_T1RNGA_0066,bnk_000000000068,759.56,card,17.47,3.14,0.00,2025-11-27,test,0
pay_00000000000514,setl_T1RNGA_0066,bnk_000000000068,164.00,upi,0.00,0.00,1.64,2025-11-27,test,0
pay_00000000000562,setl_T1RNGA_0066,bnk_000000000068,125.52,upi,0.00,0.00,0.00,2025-11-27,test,0
pay_00000000000573,setl_T1RNGA_0066,bnk_000000000068,153.05,card,3.52,0.63,0.00,2025-11-27,test,0
pay_00000000000601,setl_T1RNGA_0066,bnk_000000000068,138.18,card,3.18,0.57,1.38,2025-11-27,test,0
pay_00000000000603,setl_T1RNGA_0066,bnk_000000000068,483.99,upi,0.00,0.00,0.00,2025-11-27,test,0
pay_00000000000707,setl_T1RNGA_0066,bnk_000000000068,935.99,card,21.53,3.88,0.00,2025-11-27,test,0
pay_00000000000713,setl_T1RNGA_0066,bnk_000000000068,284.00,upi,0.00,0.00,0.00,2025-11-27,test,0
pay_00000000000716,setl_T1RNGA_0066,bnk_000000000068,287.72,card,6.62,1.19,2.88,2025-11-27,test,0
pay_00000000000722,setl_T1RNGA_0066,bnk_000000000068,3544.86,wallet,63.81,11.49,0.00,2025-11-27,test,0
pay_00000000000732,setl_T1RNGA_0066,bnk_000000000068,322.00,card,7.41,1.33,3.22,2025-11-27,test,0
pay_00000000000819,setl_T1RNGA_0066,bnk_000000000068,620.90,wallet,11.18,2.01,0.00,2025-11-27,test,0
pay_00000000000829,setl_T1RNGA_0066,bnk_000000000068,1020.00,card,23.46,4.22,0.00,2025-11-27,test,0
pay_00000000000846,setl_T1RNGA_0066,bnk_000000000068,440.99,upi,0.00,0.00,0.00,2025-11-27,test,0
pay_00000000000854,setl_T1RNGA_0066,bnk_000000000068,510.00,upi,0.00,0.00,0.00,2025-11-27,test,0
pay_00000000000861,setl_T1RNGA_0066,bnk_000000000068,856.83,card,19.71,3.55,8.57,2025-11-27,test,0
pay_00000000000862,setl_T1RNGA_0066,bnk_000000000068,919.67,card,21.15,3.81,9.20,2025-11-27,test,0
pay_00000000000894,setl_T1RNGA_0066,bnk_000000000068,1054.99,wallet,18.99,3.42,0.00,2025-11-27,test,0
pay_00000000000899,setl_T1RNGA_0066,bnk_000000000068,900.79,netbanking,15.00,2.70,0.00,2025-11-27,test,0
pay_00000000000941,setl_T1RNGA_0066,bnk_000000000068,856.99,upi,0.00,0.00,0.00,2025-11-27,test,0
pay_00000000001034,setl_T1RNGA_0066,bnk_000000000068,411.20,card,9.46,1.70,4.11,2025-11-27,test,0
pay_00000000001082,setl_T1RNGA_0066,bnk_000000000068,2302.29,upi,0.00,0.00,23.02,2025-11-27,test,0
pay_00000000001127,setl_T1RNGA_0066,bnk_000000000068,696.66,upi,0.00,0.00,6.97,2025-11-27,test,0
pay_00000000001144,setl_T1RNGA_0066,bnk_000000000068,3495.00,upi,0.00,0.00,0.00,2025-11-27,test,0
pay_00000000001207,setl_T1RNGA_0066,bnk_000000000068,15636.00,upi,0.00,0.00,0.00,2025-11-27,test,0
pay_00000000001217,setl_T1RNGA_0066,bnk_000000000068,563.00,netbanking,15.00,2.70,0.00,2025-11-27,test,0
pay_00000000001273,setl_T1RNGA_0066,bnk_000000000068,2990.99,card,68.79,12.38,29.91,2025-11-27,test,0
pay_00000000001373,setl_T1RNGA_0066,bnk_000000000068,560.00,upi,0.00,0.00,5.60,2025-11-27,test,0
pay_00000000001426,setl_T1RNGA_0066,bnk_000000000068,1438.98,upi,0.00,0.00,0.00,2025-11-27,test,0
pay_00000000001433,setl_T1RNGA_0066,bnk_000000000068,205.60,upi,0.00,0.00,0.00,2025-11-27,test,0
pay_00000000001478,setl_T1RNGA_0066,bnk_000000000068,1292.95,card,29.74,5.35,12.93,2025-11-27,test,0
pay_00000000001552,setl_T1RNGA_0066,bnk_000000000068,610.73,upi,0.00,0.00,0.00,2025-11-27,test,0
pay_00000000001569,setl_T1RNGA_0066,bnk_000000000068,9248.00,netbanking,15.00,2.70,0.00,2025-11-27,test,0
pay_00000000001572,setl_T1RNGA_0066,bnk_000000000068,379.82,upi,0.00,0.00,0.00,2025-11-27,test,0
pay_00000000001626,setl_T1RNGA_0066,bnk_000000000068,1827.99,upi,0.00,0.00,18.28,2025-11-27,test,0
pay_00000000001633,setl_T1RNGA_0066,bnk_000000000068,875.00,netbanking,15.00,2.70,0.00,2025-11-27,test,0
pay_00000000001637,setl_T1RNGA_0066,bnk_000000000068,521.80,upi,0.00,0.00,0.00,2025-11-27,test,0
pay_00000000001672,setl_T1RNGA_0066,bnk_000000000068,397.02,card,9.13,1.64,0.00,2025-11-27,test,0
pay_00000000001794,setl_T1RNGA_0066,bnk_000000000068,926.45,card,21.31,3.84,9.26,2025-11-27,test,0
pay_00000000001820,setl_T1RNGA_0066,bnk_000000000068,921.28,upi,0.00,0.00,0.00,2025-11-27,test,0
pay_00000000001860,setl_T1RNGA_0066,bnk_000000000068,419.07,upi,0.00,0.00,0.00,2025-11-27,test,0
pay_00000000002002,setl_T1RNGA_0066,bnk_000000000068,756.16,card,17.39,3.13,0.00,2025-11-27,test,0
pay_00000000002021,setl_T1RNGA_0066,bnk_000000000068,407.99,upi,0.00,0.00,0.00,2025-11-27,test,0
pay_00000000002027,setl_T1RNGA_0066,bnk_000000000068,218.00,upi,0.00,0.00,0.00,2025-11-27,test,0
pay_00000000002034,setl_T1RNGA_0066,bnk_000000000068,3474.99,upi,0.00,0.00,34.75,2025-11-27,test,0
pay_00000000002035,setl_T1RNGA_0066,bnk_000000000068,550.00,upi,0.00,0.00,5.50,2025-11-27,test,0
pay_00000000002037,setl_T1RNGA_0066,bnk_000000000068,2994.00,upi,0.00,0.00,0.00,2025-11-27,test,0
pay_00000000002098,setl_T1RNGA_0066,bnk_000000000068,883.00,upi,0.00,0.00,0.00,2025-11-27,test,0
pay_00000000002111,setl_T1RNGA_0066,bnk_000000000068,905.31,card,20.82,3.75,0.00,2025-11-27,test,0
pay_00000000002163,setl_T1RNGA_0066,bnk_000000000068,967.82,card,22.26,4.01,9.68,2025-11-27,test,0
pay_00000000002192,setl_T1RNGA_0066,bnk_000000000068,357.81,upi,0.00,0.00,0.00,2025-11-27,test,0
pay_00000000002201,setl_T1RNGA_0066,bnk_000000000068,863.66,upi,0.00,0.00,8.64,2025-11-27,test,0
pay_00000000002233,setl_T1RNGA_0066,bnk_000000000068,149.99,wallet,2.70,0.49,1.50,2025-11-27,test,0
pay_00000000002272,setl_T1RNGA_0066,bnk_000000000068,1038.75,upi,0.00,0.00,10.39,2025-11-27,test,0
pay_00000000002329,setl_T1RNGA_0066,bnk_000000000068,112.99,upi,0.00,0.00,0.00,2025-11-27,test,0
pay_00000000002348,setl_T1RNGA_0066,bnk_000000000068,335.69,upi,0.00,0.00,3.36,2025-11-27,test,0
pay_00000000002349,setl_T1RNGA_0066,bnk_000000000068,15786.37,wallet,284.15,51.15,157.86,2025-11-27,test,0
pay_00000000002352,setl_T1RNGA_0066,bnk_000000000068,409.33,upi,0.00,0.00,0.00,2025-11-27,test,0
pay_00000000002420,setl_T1RNGA_0066,bnk_000000000068,615.29,netbanking,15.00,2.70,6.15,2025-11-27,test,0
pay_00000000002488,setl_T1RNGA_0066,bnk_000000000068,781.00,card,17.96,3.23,7.81,2025-11-27,test,0
pay_00000000002583,setl_T1RNGA_0066,bnk_000000000068,925.22,upi,0.00,0.00,9.25,2025-11-27,test,0
pay_00000000002677,setl_T1RNGA_0066,bnk_000000000068,338.74,upi,0.00,0.00,0.00,2025-11-27,test,0
pay_00000000002691,setl_T1RNGA_0066,bnk_000000000068,1078.49,upi,0.00,0.00,0.00,2025-11-27,test,0
pay_00000000002729,setl_T1RNGA_0066,bnk_000000000068,891.87,card,20.51,3.69,0.00,2025-11-27,test,0
pay_00000000002748,setl_T1RNGA_0066,bnk_000000000068,3370.00,upi,0.00,0.00,0.00,2025-11-27,test,0
pay_00000000002778,setl_T1RNGA_0066,bnk_000000000068,682.00,upi,0.00,0.00,6.82,2025-11-27,test,0
pay_00000000002784,setl_T1RNGA_0066,bnk_000000000068,1038.97,upi,0.00,0.00,0.00,2025-11-27,test,0
pay_00000000002793,setl_T1RNGA_0066,bnk_000000000068,739.00,card,17.00,3.06,0.00,2025-11-27,test,0
pay_00000000002802,setl_T1RNGA_0066,bnk_000000000068,153.89,upi,0.00,0.00,0.00,2025-11-27,test,0
pay_00000000002835,setl_T1RNGA_0066,bnk_000000000068,1021.81,netbanking,15.00,2.70,10.22,2025-11-27,test,0
pay_00000000002856,setl_T1RNGA_0066,bnk_000000000068,859.76,upi,0.00,0.00,0.00,2025-11-27,test,0
pay_00000000002881,setl_T1RNGA_0066,bnk_000000000068,1048.99,card,24.13,4.34,0.00,2025-11-27,test,0
pay_00000000002922,setl_T1RNGA_0066,bnk_000000000068,187.99,upi,0.00,0.00,1.88,2025-11-27,test,0
pay_00000000002927,setl_T1RNGA_0066,bnk_000000000068,292.00,card,6.72,1.21,2.92,2025-11-27,test,0
pay_00000000002951,setl_T1RNGA_0066,bnk_000000000068,676.32,wallet,12.17,2.19,0.00,2025-11-27,test,0
pay_00000000002977,setl_T1RNGA_0066,bnk_000000000068,441.89,netbanking,15.00,2.70,0.00,2025-11-27,test,0
pay_00000000002989,setl_T1RNGA_0066,bnk_000000000068,332.00,netbanking,15.00,2.70,0.00,2025-11-27,test,0
pay_00000000003031,setl_T1RNGA_0066,bnk_000000000068,472.52,card,10.87,1.96,4.73,2025-11-27,test,0
pay_00000000003060,setl_T1RNGA_0066,bnk_000000000068,2180.00,upi,0.00,0.00,0.00,2025-11-27,test,0
pay_00000000003092,setl_T1RNGA_0066,bnk_000000000068,772.46,netbanking,15.00,2.70,0.00,2025-11-27,test,0
pay_00000000003111,setl_T1RNGA_0066,bnk_000000000068,979.62,card,22.53,4.06,0.00,2025-11-27,test,0
pay_00000000003113,setl_T1RNGA_0066,bnk_000000000068,140.02,upi,0.00,0.00,1.40,2025-11-27,test,0
pay_00000000003151,setl_T1RNGA_0066,bnk_000000000068,11745.99,card,270.16,48.63,117.46,2025-11-27,test,0
pay_00000000003217,setl_T1RNGA_0066,bnk_000000000068,230.00,upi,0.00,0.00,2.30,2025-11-27,test,0
pay_00000000003246,setl_T1RNGA_0066,bnk_000000000068,3369.00,upi,0.00,0.00,0.00,2025-11-27,test,0
pay_00000000003352,setl_T1RNGA_0066,bnk_000000000068,739.28,upi,0.00,0.00,7.39,2025-11-27,test,0
pay_00000000003358,setl_T1RNGA_0066,bnk_000000000068,11887.21,upi,0.00,0.00,0.00,2025-11-27,test,0
pay_00000000003361,setl_T1RNGA_0066,bnk_000000000068,336.64,upi,0.00,0.00,0.00,2025-11-27,test,0
pay_00000000003454,setl_T1RNGA_0066,bnk_000000000068,1064.00,upi,0.00,0.00,10.64,2025-11-27,test,0
pay_00000000003467,setl_T1RNGA_0066,bnk_000000000068,713.23,upi,0.00,0.00,0.00,2025-11-27,test,0
pay_00000000003476,setl_T1RNGA_0066,bnk_000000000068,2910.00,wallet,52.38,9.43,0.00,2025-11-27,test,0
pay_00000000003499,setl_T1RNGA_0066,bnk_000000000068,778.47,wallet,14.01,2.52,7.78,2025-11-27,test,0
pay_00000000003523,setl_T1RNGA_0066,bnk_000000000068,667.85,upi,0.00,0.00,0.00,2025-11-27,test,0
pay_00000000003559,setl_T1RNGA_0066,bnk_000000000068,761.00,card,17.50,3.15,7.61,2025-11-27,test,0
pay_00000000003603,setl_T1RNGA_0066,bnk_000000000068,264.99,card,6.09,1.10,0.00,2025-11-27,test,0
pay_00000000003608,setl_T1RNGA_0066,bnk_000000000068,486.99,upi,0.00,0.00,0.00,2025-11-27,test,0
pay_00000000003629,setl_T1RNGA_0066,bnk_000000000068,735.59,netbanking,15.00,2.70,7.36,2025-11-27,test,0
pay_00000000003632,setl_T1RNGA_0066,bnk_000000000068,2206.52,card,50.75,9.14,0.00,2025-11-27,test,0
pay_00000000003677,setl_T1RNGA_0066,bnk_000000000068,3216.69,card,73.98,13.32,32.17,2025-11-27,test,0
pay_00000000003704,setl_T1RNGA_0066,bnk_000000000068,794.62,wallet,14.30,2.57,0.00,2025-11-27,test,0
pay_00000000003736,setl_T1RNGA_0066,bnk_000000000068,1058.00,upi,0.00,0.00,0.00,2025-11-27,test,0
pay_00000000003754,setl_T1RNGA_0066,bnk_000000000068,112.00,netbanking,15.00,2.70,0.00,2025-11-27,test,0
pay_00000000003780,setl_T1RNGA_0066,bnk_000000000068,822.00,wallet,14.80,2.66,0.00,2025-11-27,test,0
pay_00000000003786,setl_T1RNGA_0066,bnk_000000000068,1303.32,card,29.98,5.40,13.03,2025-11-27,test,0
pay_00000000003792,setl_T1RNGA_0066,bnk_000000000068,246.64,card,5.67,1.02,2.47,2025-11-27,test,0
pay_00000000003925,setl_T1RNGA_0066,bnk_000000000068,933.00,upi,0.00,0.00,9.33,2025-11-27,test,0
pay_00000000003932,setl_T1RNGA_0066,bnk_000000000068,783.63,upi,0.00,0.00,0.00,2025-11-27,test,0
pay_00000000003933,setl_T1RNGA_0066,bnk_000000000068,1069.14,upi,0.00,0.00,0.00,2025-11-27,test,0
pay_00000000003939,setl_T1RNGA_0066,bnk_000000000068,828.44,upi,0.00,0.00,0.00,2025-11-27,test,0
pay_00000000003994,setl_T1RNGA_0066,bnk_000000000068,430.99,netbanking,15.00,2.70,4.31,2025-11-27,test,0
pay_00000000004039,setl_T1RNGA_0066,bnk_000000000068,12156.00,upi,0.00,0.00,121.56,2025-11-27,test,0
pay_00000000004043,setl_T1RNGA_0066,bnk_000000000068,764.86,upi,0.00,0.00,7.65,2025-11-27,test,0
pay_00000000004060,setl_T1RNGA_0066,bnk_000000000068,524.25,wallet,9.44,1.70,5.24,2025-11-27,test,0
pay_00000000004113,setl_T1RNGA_0066,bnk_000000000068,993.19,upi,0.00,0.00,9.93,2025-11-27,test,0
pay_00000000004114,setl_T1RNGA_0066,bnk_000000000068,1022.83,wallet,18.41,3.31,10.23,2025-11-27,test,0
pay_00000000004156,setl_T1RNGA_0066,bnk_000000000068,188.00,card,4.32,0.78,0.00,2025-11-27,test,0
pay_00000000004181,setl_T1RNGA_0066,bnk_000000000068,771.00,wallet,13.88,2.50,7.71,2025-11-27,test,0
pay_00000000004200,setl_T1RNGA_0066,bnk_000000000068,1506.99,wallet,27.13,4.88,0.00,2025-11-27,test,0
pay_00000000000069,setl_T1RNGA_0067,bnk_000000000069,394.00,card,9.06,1.63,0.00,2025-11-28,test,0
pay_00000000000116,setl_T1RNGA_0067,bnk_000000000069,1371.06,card,31.53,5.68,13.71,2025-11-28,test,0
pay_00000000000152,setl_T1RNGA_0067,bnk_000000000069,3368.99,upi,0.00,0.00,33.69,2025-11-28,test,0
pay_00000000000164,setl_T1RNGA_0067,bnk_000000000069,570.00,upi,0.00,0.00,5.70,2025-11-28,test,0
pay_00000000000438,setl_T1RNGA_0067,bnk_000000000069,3390.67,upi,0.00,0.00,0.00,2025-11-28,test,0
pay_00000000000549,setl_T1RNGA_0067,bnk_000000000069,418.53,upi,0.00,0.00,4.19,2025-11-28,test,0
pay_00000000000714,setl_T1RNGA_0067,bnk_000000000069,854.99,upi,0.00,0.00,8.55,2025-11-28,test,0
pay_00000000000990,setl_T1RNGA_0067,bnk_000000000069,3515.00,wallet,63.27,11.39,0.00,2025-11-28,test,0
pay_00000000001021,setl_T1RNGA_0067,bnk_000000000069,709.73,card,16.32,2.94,7.10,2025-11-28,test,0
pay_00000000001148,setl_T1RNGA_0067,bnk_000000000069,607.95,card,13.98,2.52,6.08,2025-11-28,test,0
pay_00000000001252,setl_T1RNGA_0067,bnk_000000000069,202.80,card,4.66,0.84,0.00,2025-11-28,test,0
pay_00000000001462,setl_T1RNGA_0067,bnk_000000000069,591.00,card,13.59,2.45,0.00,2025-11-28,test,0
pay_00000000001594,setl_T1RNGA_0067,bnk_000000000069,402.00,netbanking,15.00,2.70,0.00,2025-11-28,test,0
pay_00000000001692,setl_T1RNGA_0067,bnk_000000000069,845.64,upi,0.00,0.00,0.00,2025-11-28,test,0
pay_00000000001823,setl_T1RNGA_0067,bnk_000000000069,254.88,upi,0.00,0.00,0.00,2025-11-28,test,0
pay_00000000002237,setl_T1RNGA_0067,bnk_000000000069,327.99,upi,0.00,0.00,3.28,2025-11-28,test,0
pay_00000000002481,setl_T1RNGA_0067,bnk_000000000069,465.99,upi,0.00,0.00,4.66,2025-11-28,test,0
pay_00000000002598,setl_T1RNGA_0067,bnk_000000000069,120.00,upi,0.00,0.00,0.00,2025-11-28,test,0
pay_00000000002601,setl_T1RNGA_0067,bnk_000000000069,732.99,card,16.86,3.03,7.33,2025-11-28,test,0
pay_00000000002899,setl_T1RNGA_0067,bnk_000000000069,102.33,card,2.35,0.42,1.02,2025-11-28,test,0
pay_00000000003661,setl_T1RNGA_0067,bnk_000000000069,101.00,upi,0.00,0.00,0.00,2025-11-28,test,0
pay_00000000003784,setl_T1RNGA_0067,bnk_000000000069,459.75,card,10.57,1.90,4.60,2025-11-28,test,0
pay_00000000000353,setl_T1RNGA_0068,bnk_000000000070,952.31,upi,0.00,0.00,9.52,2025-11-28,test,0
pay_00000000000383,setl_T1RNGA_0068,bnk_000000000070,3320.99,card,76.38,13.75,33.21,2025-11-28,test,0
pay_00000000000402,setl_T1RNGA_0068,bnk_000000000070,874.99,netbanking,15.00,2.70,0.00,2025-11-28,test,0
pay_00000000000442,setl_T1RNGA_0068,bnk_000000000070,442.00,upi,0.00,0.00,4.42,2025-11-28,test,0
pay_00000000000499,setl_T1RNGA_0068,bnk_000000000070,249.00,netbanking,15.00,2.70,0.00,2025-11-28,test,0
pay_00000000000584,setl_T1RNGA_0068,bnk_000000000070,2156.00,upi,0.00,0.00,0.00,2025-11-28,test,0
pay_00000000000879,setl_T1RNGA_0068,bnk_000000000070,2593.56,upi,0.00,0.00,25.94,2025-11-28,test,0
pay_00000000000906,setl_T1RNGA_0068,bnk_000000000070,2014.87,netbanking,15.00,2.70,20.15,2025-11-28,test,0
pay_00000000000999,setl_T1RNGA_0068,bnk_000000000070,856.47,card,19.70,3.55,0.00,2025-11-28,test,0
pay_00000000001239,setl_T1RNGA_0068,bnk_000000000070,2341.00,upi,0.00,0.00,23.41,2025-11-28,test,0
pay_00000000001250,setl_T1RNGA_0068,bnk_000000000070,432.81,card,9.95,1.79,4.33,2025-11-28,test,0
pay_00000000001290,setl_T1RNGA_0068,bnk_000000000070,649.00,upi,0.00,0.00,6.49,2025-11-28,test,0
pay_00000000001440,setl_T1RNGA_0068,bnk_000000000070,401.46,upi,0.00,0.00,0.00,2025-11-28,test,0
pay_00000000001441,setl_T1RNGA_0068,bnk_000000000070,244.41,upi,0.00,0.00,2.44,2025-11-28,test,0
pay_00000000001471,setl_T1RNGA_0068,bnk_000000000070,701.00,netbanking,15.00,2.70,7.01,2025-11-28,test,0
pay_00000000001487,setl_T1RNGA_0068,bnk_000000000070,722.55,card,16.62,2.99,0.00,2025-11-28,test,0
pay_00000000001525,setl_T1RNGA_0068,bnk_000000000070,1041.94,upi,0.00,0.00,10.42,2025-11-28,test,0
pay_00000000001560,setl_T1RNGA_0068,bnk_000000000070,258.52,upi,0.00,0.00,2.59,2025-11-28,test,0
pay_00000000001568,setl_T1RNGA_0068,bnk_000000000070,579.00,upi,0.00,0.00,5.79,2025-11-28,test,0
pay_00000000001573,setl_T1RNGA_0068,bnk_000000000070,826.58,upi,0.00,0.00,8.27,2025-11-28,test,0
pay_00000000001611,setl_T1RNGA_0068,bnk_000000000070,925.67,wallet,16.66,3.00,9.26,2025-11-28,test,0
pay_00000000001664,setl_T1RNGA_0068,bnk_000000000070,720.92,card,16.58,2.98,0.00,2025-11-28,test,0
pay_00000000001720,setl_T1RNGA_0068,bnk_000000000070,1548.68,upi,0.00,0.00,15.49,2025-11-28,test,0
pay_00000000001726,setl_T1RNGA_0068,bnk_000000000070,374.00,card,8.60,1.55,3.74,2025-11-28,test,0
pay_00000000001844,setl_T1RNGA_0068,bnk_000000000070,165.69,card,3.81,0.69,1.66,2025-11-28,test,0
pay_00000000001845,setl_T1RNGA_0068,bnk_000000000070,702.00,upi,0.00,0.00,7.02,2025-11-28,test,0
pay_00000000001891,setl_T1RNGA_0068,bnk_000000000070,332.60,card,7.65,1.38,3.33,2025-11-28,test,0
pay_00000000001907,setl_T1RNGA_0068,bnk_000000000070,2987.50,card,68.71,12.37,29.88,2025-11-28,test,0
pay_00000000001937,setl_T1RNGA_0068,bnk_000000000070,3422.60,upi,0.00,0.00,0.00,2025-11-28,test,0
pay_00000000001976,setl_T1RNGA_0068,bnk_000000000070,158.29,card,3.64,0.66,1.58,2025-11-28,test,0
pay_00000000002019,setl_T1RNGA_0068,bnk_000000000070,1886.27,wallet,33.95,6.11,0.00,2025-11-28,test,0
pay_00000000002157,setl_T1RNGA_0068,bnk_000000000070,1241.00,upi,0.00,0.00,0.00,2025-11-28,test,0
pay_00000000002178,setl_T1RNGA_0068,bnk_000000000070,332.04,upi,0.00,0.00,3.32,2025-11-28,test,0
pay_00000000002378,setl_T1RNGA_0068,bnk_000000000070,2262.00,card,52.03,9.37,22.62,2025-11-28,test,0
pay_00000000002435,setl_T1RNGA_0068,bnk_000000000070,814.13,upi,0.00,0.00,0.00,2025-11-28,test,0
pay_00000000002473,setl_T1RNGA_0068,bnk_000000000070,1765.24,upi,0.00,0.00,0.00,2025-11-28,test,0
pay_00000000002724,setl_T1RNGA_0068,bnk_000000000070,2634.00,upi,0.00,0.00,0.00,2025-11-28,test,0
pay_00000000002745,setl_T1RNGA_0068,bnk_000000000070,787.10,upi,0.00,0.00,0.00,2025-11-28,test,0
pay_00000000002837,setl_T1RNGA_0068,bnk_000000000070,3381.00,upi,0.00,0.00,33.81,2025-11-28,test,0
pay_00000000003014,setl_T1RNGA_0068,bnk_000000000070,738.54,netbanking,15.00,2.70,7.39,2025-11-28,test,0
pay_00000000003118,setl_T1RNGA_0068,bnk_000000000070,379.00,upi,0.00,0.00,0.00,2025-11-28,test,0
pay_00000000003143,setl_T1RNGA_0068,bnk_000000000070,245.20,card,5.64,1.02,0.00,2025-11-28,test,0
pay_00000000003205,setl_T1RNGA_0068,bnk_000000000070,238.53,card,5.49,0.99,2.39,2025-11-28,test,0
pay_00000000003245,setl_T1RNGA_0068,bnk_000000000070,316.35,wallet,5.69,1.02,3.16,2025-11-28,test,0
pay_00000000003285,setl_T1RNGA_0068,bnk_000000000070,2593.00,upi,0.00,0.00,0.00,2025-11-28,test,0
pay_00000000003286,setl_T1RNGA_0068,bnk_000000000070,574.83,upi,0.00,0.00,0.00,2025-11-28,test,0
pay_00000000003413,setl_T1RNGA_0068,bnk_000000000070,3424.99,card,78.77,14.18,34.25,2025-11-28,test,0
pay_00000000003492,setl_T1RNGA_0068,bnk_000000000070,506.45,card,11.65,2.10,0.00,2025-11-28,test,0
pay_00000000003569,setl_T1RNGA_0068,bnk_000000000070,1639.67,upi,0.00,0.00,16.40,2025-11-28,test,0
pay_00000000003866,setl_T1RNGA_0068,bnk_000000000070,642.99,upi,0.00,0.00,6.43,2025-11-28,test,0
pay_00000000003871,setl_T1RNGA_0068,bnk_000000000070,970.62,upi,0.00,0.00,9.71,2025-11-28,test,0
pay_00000000003991,setl_T1RNGA_0068,bnk_000000000070,373.00,upi,0.00,0.00,3.73,2025-11-28,test,0
pay_00000000000013,setl_T1RNGA_0069,bnk_000000000071,529.32,wallet,9.53,1.72,5.29,2025-11-28,test,0
pay_00000000000021,setl_T1RNGA_0069,bnk_000000000071,1075.99,upi,0.00,0.00,10.76,2025-11-28,test,0
pay_00000000000028,setl_T1RNGA_0069,bnk_000000000071,588.00,upi,0.00,0.00,0.00,2025-11-28,test,0
pay_00000000000050,setl_T1RNGA_0069,bnk_000000000071,545.00,upi,0.00,0.00,5.45,2025-11-28,test,0
pay_00000000000139,setl_T1RNGA_0069,bnk_000000000071,756.00,card,17.39,3.13,7.56,2025-11-28,test,0
pay_00000000000144,setl_T1RNGA_0069,bnk_000000000071,2616.00,card,60.17,10.83,26.16,2025-11-28,test,0
pay_00000000000161,setl_T1RNGA_0069,bnk_000000000071,787.00,upi,0.00,0.00,7.87,2025-11-28,test,0
pay_00000000000222,setl_T1RNGA_0069,bnk_000000000071,323.83,upi,0.00,0.00,3.24,2025-11-28,test,0
pay_00000000000234,setl_T1RNGA_0069,bnk_000000000071,861.31,card,19.81,3.57,8.61,2025-11-28,test,0
pay_00000000000277,setl_T1RNGA_0069,bnk_000000000071,712.00,card,16.38,2.95,7.12,2025-11-28,test,0
pay_00000000000325,setl_T1RNGA_0069,bnk_000000000071,2170.00,upi,0.00,0.00,21.70,2025-11-28,test,0
pay_00000000000340,setl_T1RNGA_0069,bnk_000000000071,435.00,upi,0.00,0.00,0.00,2025-11-28,test,0
pay_00000000000364,setl_T1RNGA_0069,bnk_000000000071,427.00,card,9.82,1.77,0.00,2025-11-28,test,0
pay_00000000000395,setl_T1RNGA_0069,bnk_000000000071,649.77,upi,0.00,0.00,0.00,2025-11-28,test,0
pay_00000000000559,setl_T1RNGA_0069,bnk_000000000071,367.53,upi,0.00,0.00,3.68,2025-11-28,test,0
pay_00000000000560,setl_T1RNGA_0069,bnk_000000000071,870.89,upi,0.00,0.00,0.00,2025-11-28,test,0
pay_00000000000565,setl_T1RNGA_0069,bnk_000000000071,3230.62,upi,0.00,0.00,0.00,2025-11-28,test,0
pay_00000000000595,setl_T1RNGA_0069,bnk_000000000071,2090.42,upi,0.00,0.00,0.00,2025-11-28,test,0
pay_00000000000633,setl_T1RNGA_0069,bnk_000000000071,298.07,wallet,5.37,0.97,0.00,2025-11-28,test,0
pay_00000000000654,setl_T1RNGA_0069,bnk_000000000071,663.99,upi,0.00,0.00,6.64,2025-11-28,test,0
pay_00000000000800,setl_T1RNGA_0069,bnk_000000000071,394.89,card,9.08,1.63,0.00,2025-11-28,test,0
pay_00000000000810,setl_T1RNGA_0069,bnk_000000000071,491.00,card,11.29,2.03,4.91,2025-11-28,test,0
pay_00000000000833,setl_T1RNGA_0069,bnk_000000000071,507.99,upi,0.00,0.00,5.08,2025-11-28,test,0
pay_00000000000843,setl_T1RNGA_0069,bnk_000000000071,394.99,wallet,7.11,1.28,3.95,2025-11-28,test,0
pay_00000000000896,setl_T1RNGA_0069,bnk_000000000071,2946.00,upi,0.00,0.00,29.46,2025-11-28,test,0
pay_00000000000931,setl_T1RNGA_0069,bnk_000000000071,3207.00,card,73.76,13.28,32.07,2025-11-28,test,0
pay_00000000000978,setl_T1RNGA_0069,bnk_000000000071,661.24,card,15.21,2.74,6.61,2025-11-28,test,0
pay_00000000000992,setl_T1RNGA_0069,bnk_000000000071,1001.99,upi,0.00,0.00,10.02,2025-11-28,test,0
pay_00000000001019,setl_T1RNGA_0069,bnk_000000000071,2175.08,upi,0.00,0.00,21.75,2025-11-28,test,0
pay_00000000001063,setl_T1RNGA_0069,bnk_000000000071,1001.99,netbanking,15.00,2.70,10.02,2025-11-28,test,0
pay_00000000001183,setl_T1RNGA_0069,bnk_000000000071,887.00,card,20.40,3.67,0.00,2025-11-28,test,0
pay_00000000001291,setl_T1RNGA_0069,bnk_000000000071,119.99,upi,0.00,0.00,1.20,2025-11-28,test,0
pay_00000000001293,setl_T1RNGA_0069,bnk_000000000071,377.00,upi,0.00,0.00,3.77,2025-11-28,test,0
pay_00000000001338,setl_T1RNGA_0069,bnk_000000000071,410.41,upi,0.00,0.00,4.10,2025-11-28,test,0
pay_00000000001438,setl_T1RNGA_0069,bnk_000000000071,519.00,upi,0.00,0.00,5.19,2025-11-28,test,0
pay_00000000001474,setl_T1RNGA_0069,bnk_000000000071,16532.00,upi,0.00,0.00,165.32,2025-11-28,test,0
pay_00000000001516,setl_T1RNGA_0069,bnk_000000000071,359.74,card,8.27,1.49,3.60,2025-11-28,test,0
pay_00000000001755,setl_T1RNGA_0069,bnk_000000000071,252.95,upi,0.00,0.00,2.53,2025-11-28,test,0
pay_00000000001788,setl_T1RNGA_0069,bnk_000000000071,672.99,card,15.48,2.79,6.73,2025-11-28,test,0
pay_00000000001796,setl_T1RNGA_0069,bnk_000000000071,797.30,upi,0.00,0.00,0.00,2025-11-28,test,0
pay_00000000001813,setl_T1RNGA_0069,bnk_000000000071,167.52,upi,0.00,0.00,1.68,2025-11-28,test,0
pay_00000000001840,setl_T1RNGA_0069,bnk_000000000071,785.87,upi,0.00,0.00,7.86,2025-11-28,test,0
pay_00000000001868,setl_T1RNGA_0069,bnk_000000000071,384.48,upi,0.00,0.00,0.00,2025-11-28,test,0
pay_00000000001890,setl_T1RNGA_0069,bnk_000000000071,398.52,card,9.17,1.65,3.99,2025-11-28,test,0
pay_00000000001958,setl_T1RNGA_0069,bnk_000000000071,333.99,card,7.68,1.38,3.34,2025-11-28,test,0
pay_00000000002147,setl_T1RNGA_0069,bnk_000000000071,1222.00,wallet,22.00,3.96,0.00,2025-11-28,test,0
pay_00000000002231,setl_T1RNGA_0069,bnk_000000000071,670.00,upi,0.00,0.00,6.70,2025-11-28,test,0
pay_00000000002254,setl_T1RNGA_0069,bnk_000000000071,264.71,upi,0.00,0.00,2.65,2025-11-28,test,0
pay_00000000002313,setl_T1RNGA_0069,bnk_000000000071,4915.50,upi,0.00,0.00,0.00,2025-11-28,test,0
pay_00000000002370,setl_T1RNGA_0069,bnk_000000000071,330.71,card,7.61,1.37,0.00,2025-11-28,test,0
pay_00000000002407,setl_T1RNGA_0069,bnk_000000000071,533.71,upi,0.00,0.00,0.00,2025-11-28,test,0
pay_00000000002442,setl_T1RNGA_0069,bnk_000000000071,478.00,wallet,8.60,1.55,4.78,2025-11-28,test,0
pay_00000000002471,setl_T1RNGA_0069,bnk_000000000071,985.03,upi,0.00,0.00,9.85,2025-11-28,test,0
pay_00000000002534,setl_T1RNGA_0069,bnk_000000000071,803.00,upi,0.00,0.00,0.00,2025-11-28,test,0
pay_00000000002586,setl_T1RNGA_0069,bnk_000000000071,284.00,card,6.53,1.18,2.84,2025-11-28,test,0
pay_00000000002600,setl_T1RNGA_0069,bnk_000000000071,224.47,upi,0.00,0.00,0.00,2025-11-28,test,0
pay_00000000002622,setl_T1RNGA_0069,bnk_000000000071,5131.29,wallet,92.36,16.62,0.00,2025-11-28,test,0
pay_00000000002623,setl_T1RNGA_0069,bnk_000000000071,2524.27,card,58.06,10.45,0.00,2025-11-28,test,0
pay_00000000002689,setl_T1RNGA_0069,bnk_000000000071,395.00,netbanking,15.00,2.70,0.00,2025-11-28,test,0
pay_00000000002761,setl_T1RNGA_0069,bnk_000000000071,447.82,card,10.30,1.85,0.00,2025-11-28,test,0
pay_00000000002767,setl_T1RNGA_0069,bnk_000000000071,297.00,upi,0.00,0.00,0.00,2025-11-28,test,0
pay_00000000002768,setl_T1RNGA_0069,bnk_000000000071,3096.62,upi,0.00,0.00,30.97,2025-11-28,test,0
pay_00000000002884,setl_T1RNGA_0069,bnk_000000000071,947.00,card,21.78,3.92,0.00,2025-11-28,test,0
pay_00000000002947,setl_T1RNGA_0069,bnk_000000000071,905.27,card,20.82,3.75,0.00,2025-11-28,test,0
pay_00000000002978,setl_T1RNGA_0069,bnk_000000000071,664.99,upi,0.00,0.00,6.65,2025-11-28,test,0
pay_00000000003006,setl_T1RNGA_0069,bnk_000000000071,300.00,upi,0.00,0.00,0.00,2025-11-28,test,0
pay_00000000003078,setl_T1RNGA_0069,bnk_000000000071,349.82,card,8.05,1.45,3.50,2025-11-28,test,0
pay_00000000003130,setl_T1RNGA_0069,bnk_000000000071,890.99,netbanking,15.00,2.70,0.00,2025-11-28,test,0
pay_00000000003147,setl_T1RNGA_0069,bnk_000000000071,1074.95,netbanking,15.00,2.70,0.00,2025-11-28,test,0
pay_00000000003282,setl_T1RNGA_0069,bnk_000000000071,588.99,upi,0.00,0.00,5.89,2025-11-28,test,0
pay_00000000003315,setl_T1RNGA_0069,bnk_000000000071,137.55,upi,0.00,0.00,1.38,2025-11-28,test,0
pay_00000000003354,setl_T1RNGA_0069,bnk_000000000071,390.01,upi,0.00,0.00,3.90,2025-11-28,test,0
pay_00000000003360,setl_T1RNGA_0069,bnk_000000000071,257.27,card,5.92,1.07,2.57,2025-11-28,test,0
pay_00000000003362,setl_T1RNGA_0069,bnk_000000000071,1404.75,wallet,25.29,4.55,14.05,2025-11-28,test,0
pay_00000000003383,setl_T1RNGA_0069,bnk_000000000071,359.99,upi,0.00,0.00,3.60,2025-11-28,test,0
pay_00000000003411,setl_T1RNGA_0069,bnk_000000000071,1046.29,card,24.06,4.33,10.46,2025-11-28,test,0
pay_00000000003415,setl_T1RNGA_0069,bnk_000000000071,532.99,upi,0.00,0.00,0.00,2025-11-28,test,0
pay_00000000003442,setl_T1RNGA_0069,bnk_000000000071,850.00,card,19.55,3.52,8.50,2025-11-28,test,0
pay_00000000003447,setl_T1RNGA_0069,bnk_000000000071,398.99,upi,0.00,0.00,0.00,2025-11-28,test,0
pay_00000000003451,setl_T1RNGA_0069,bnk_000000000071,730.00,upi,0.00,0.00,7.30,2025-11-28,test,0
pay_00000000003575,setl_T1RNGA_0069,bnk_000000000071,979.99,wallet,17.64,3.18,9.80,2025-11-28,test,0
pay_00000000003578,setl_T1RNGA_0069,bnk_000000000071,140.00,card,3.22,0.58,1.40,2025-11-28,test,0
pay_00000000003602,setl_T1RNGA_0069,bnk_000000000071,403.64,upi,0.00,0.00,0.00,2025-11-28,test,0
pay_00000000003643,setl_T1RNGA_0069,bnk_000000000071,471.00,upi,0.00,0.00,4.71,2025-11-28,test,0
pay_00000000003651,setl_T1RNGA_0069,bnk_000000000071,121.99,upi,0.00,0.00,0.00,2025-11-28,test,0
pay_00000000003719,setl_T1RNGA_0069,bnk_000000000071,599.00,card,13.78,2.48,0.00,2025-11-28,test,0
pay_00000000003744,setl_T1RNGA_0069,bnk_000000000071,765.16,wallet,13.77,2.48,0.00,2025-11-28,test,0
pay_00000000003762,setl_T1RNGA_0069,bnk_000000000071,2847.99,card,65.50,11.79,0.00,2025-11-28,test,0
pay_00000000003770,setl_T1RNGA_0069,bnk_000000000071,228.12,upi,0.00,0.00,2.28,2025-11-28,test,0
pay_00000000003798,setl_T1RNGA_0069,bnk_000000000071,2367.88,card,54.46,9.80,0.00,2025-11-28,test,0
pay_00000000003801,setl_T1RNGA_0069,bnk_000000000071,218.00,card,5.01,0.90,2.18,2025-11-28,test,0
pay_00000000003972,setl_T1RNGA_0069,bnk_000000000071,2151.00,upi,0.00,0.00,21.51,2025-11-28,test,0
pay_00000000003999,setl_T1RNGA_0069,bnk_000000000071,276.53,upi,0.00,0.00,2.77,2025-11-28,test,0
pay_00000000004019,setl_T1RNGA_0069,bnk_000000000071,6485.00,upi,0.00,0.00,0.00,2025-11-28,test,0
pay_00000000004101,setl_T1RNGA_0069,bnk_000000000071,160.47,wallet,2.89,0.52,0.00,2025-11-28,test,0
pay_00000000004163,setl_T1RNGA_0069,bnk_000000000071,190.08,netbanking,15.00,2.70,1.90,2025-11-28,test,0
pay_00000000004182,setl_T1RNGA_0069,bnk_000000000071,696.99,upi,0.00,0.00,6.97,2025-11-28,test,0
pay_00000000000176,setl_T1RNGA_0070,bnk_000000000072,579.20,netbanking,15.00,2.70,0.00,2025-11-28,test,0
pay_00000000000254,setl_T1RNGA_0070,bnk_000000000072,876.28,wallet,15.77,2.84,0.00,2025-11-28,test,0
pay_00000000000264,setl_T1RNGA_0070,bnk_000000000072,919.66,upi,0.00,0.00,9.20,2025-11-28,test,0
pay_00000000000351,setl_T1RNGA_0070,bnk_000000000072,581.99,wallet,10.48,1.89,0.00,2025-11-28,test,0
pay_00000000000512,setl_T1RNGA_0070,bnk_000000000072,661.24,upi,0.00,0.00,6.61,2025-11-28,test,0
pay_00000000000533,setl_T1RNGA_0070,bnk_000000000072,1487.00,card,34.20,6.16,0.00,2025-11-28,test,0
pay_00000000000569,setl_T1RNGA_0070,bnk_000000000072,566.48,upi,0.00,0.00,5.66,2025-11-28,test,0
pay_00000000000579,setl_T1RNGA_0070,bnk_000000000072,663.41,wallet,11.94,2.15,0.00,2025-11-28,test,0
pay_00000000000664,setl_T1RNGA_0070,bnk_000000000072,635.51,upi,0.00,0.00,6.36,2025-11-28,test,0
pay_00000000000692,setl_T1RNGA_0070,bnk_000000000072,933.48,upi,0.00,0.00,9.33,2025-11-28,test,0
pay_00000000000744,setl_T1RNGA_0070,bnk_000000000072,825.88,upi,0.00,0.00,0.00,2025-11-28,test,0
pay_00000000000841,setl_T1RNGA_0070,bnk_000000000072,322.03,card,7.41,1.33,3.22,2025-11-28,test,0
pay_00000000000936,setl_T1RNGA_0070,bnk_000000000072,2767.06,upi,0.00,0.00,0.00,2025-11-28,test,0
pay_00000000000946,setl_T1RNGA_0070,bnk_000000000072,2894.99,card,66.58,11.98,0.00,2025-11-28,test,0
pay_00000000000967,setl_T1RNGA_0070,bnk_000000000072,855.34,netbanking,15.00,2.70,8.55,2025-11-28,test,0
pay_00000000001024,setl_T1RNGA_0070,bnk_000000000072,685.47,wallet,12.34,2.22,0.00,2025-11-28,test,0
pay_00000000001069,setl_T1RNGA_0070,bnk_000000000072,463.74,card,10.67,1.92,4.64,2025-11-28,test,0
pay_00000000001092,setl_T1RNGA_0070,bnk_000000000072,474.70,card,10.92,1.97,0.00,2025-11-28,test,0
pay_00000000001118,setl_T1RNGA_0070,bnk_000000000072,2693.39,upi,0.00,0.00,26.93,2025-11-28,test,0
pay_00000000001158,setl_T1RNGA_0070,bnk_000000000072,137.00,card,3.15,0.57,1.37,2025-11-28,test,0
pay_00000000001246,setl_T1RNGA_0070,bnk_000000000072,467.72,upi,0.00,0.00,4.68,2025-11-28,test,0
pay_00000000001288,setl_T1RNGA_0070,bnk_000000000072,1024.00,netbanking,15.00,2.70,10.24,2025-11-28,test,0
pay_00000000001313,setl_T1RNGA_0070,bnk_000000000072,648.93,card,14.93,2.69,0.00,2025-11-28,test,0
pay_00000000001406,setl_T1RNGA_0070,bnk_000000000072,485.99,upi,0.00,0.00,4.86,2025-11-28,test,0
pay_00000000001460,setl_T1RNGA_0070,bnk_000000000072,1035.98,wallet,18.65,3.36,0.00,2025-11-28,test,0
pay_00000000001472,setl_T1RNGA_0070,bnk_000000000072,897.00,wallet,16.15,2.91,8.97,2025-11-28,test,0
pay_00000000001483,setl_T1RNGA_0070,bnk_000000000072,3531.71,upi,0.00,0.00,35.32,2025-11-28,test,0
pay_00000000001621,setl_T1RNGA_0070,bnk_000000000072,273.11,upi,0.00,0.00,2.73,2025-11-28,test,0
pay_00000000001691,setl_T1RNGA_0070,bnk_000000000072,396.11,card,9.11,1.64,3.96,2025-11-28,test,0
pay_00000000001956,setl_T1RNGA_0070,bnk_000000000072,457.13,card,10.51,1.89,4.57,2025-11-28,test,0
pay_00000000001970,setl_T1RNGA_0070,bnk_000000000072,16868.99,upi,0.00,0.00,168.69,2025-11-28,test,0
pay_00000000002044,setl_T1RNGA_0070,bnk_000000000072,598.32,card,13.76,2.48,0.00,2025-11-28,test,0
pay_00000000002247,setl_T1RNGA_0070,bnk_000000000072,154.25,upi,0.00,0.00,1.54,2025-11-28,test,0
pay_00000000002257,setl_T1RNGA_0070,bnk_000000000072,289.00,upi,0.00,0.00,2.89,2025-11-28,test,0
pay_00000000002305,setl_T1RNGA_0070,bnk_000000000072,299.00,upi,0.00,0.00,2.99,2025-11-28,test,0
pay_00000000002326,setl_T1RNGA_0070,bnk_000000000072,1040.00,card,23.92,4.31,10.40,2025-11-28,test,0
pay_00000000002518,setl_T1RNGA_0070,bnk_000000000072,216.83,card,4.99,0.90,0.00,2025-11-28,test,0
pay_00000000002610,setl_T1RNGA_0070,bnk_000000000072,1188.04,upi,0.00,0.00,0.00,2025-11-28,test,0
pay_00000000002649,setl_T1RNGA_0070,bnk_000000000072,182.00,card,4.19,0.75,1.82,2025-11-28,test,0
pay_00000000002676,setl_T1RNGA_0070,bnk_000000000072,358.44,upi,0.00,0.00,0.00,2025-11-28,test,0
pay_00000000002730,setl_T1RNGA_0070,bnk_000000000072,351.99,upi,0.00,0.00,0.00,2025-11-28,test,0
pay_00000000002741,setl_T1RNGA_0070,bnk_000000000072,108.40,card,2.49,0.45,1.08,2025-11-28,test,0
pay_00000000002825,setl_T1RNGA_0070,bnk_000000000072,16458.99,netbanking,15.00,2.70,0.00,2025-11-28,test,0
pay_00000000002895,setl_T1RNGA_0070,bnk_000000000072,3514.62,upi,0.00,0.00,35.15,2025-11-28,test,0
pay_00000000002929,setl_T1RNGA_0070,bnk_000000000072,4950.72,upi,0.00,0.00,0.00,2025-11-28,test,0
pay_00000000002933,setl_T1RNGA_0070,bnk_000000000072,370.73,card,8.53,1.54,3.71,2025-11-28,test,0
pay_00000000003020,setl_T1RNGA_0070,bnk_000000000072,615.75,card,14.16,2.55,6.16,2025-11-28,test,0
pay_00000000003057,setl_T1RNGA_0070,bnk_000000000072,894.56,upi,0.00,0.00,8.95,2025-11-28,test,0
pay_00000000003144,setl_T1RNGA_0070,bnk_000000000072,6105.31,netbanking,15.00,2.70,0.00,2025-11-28,test,0
pay_00000000003197,setl_T1RNGA_0070,bnk_000000000072,525.19,upi,0.00,0.00,5.25,2025-11-28,test,0
pay_00000000003201,setl_T1RNGA_0070,bnk_000000000072,326.26,upi,0.00,0.00,3.26,2025-11-28,test,0
pay_00000000003262,setl_T1RNGA_0070,bnk_000000000072,704.00,upi,0.00,0.00,0.00,2025-11-28,test,0
pay_00000000003270,setl_T1RNGA_0070,bnk_000000000072,109.99,upi,0.00,0.00,0.00,2025-11-28,test,0
pay_00000000003324,setl_T1RNGA_0070,bnk_000000000072,546.00,upi,0.00,0.00,0.00,2025-11-28,test,0
pay_00000000003329,setl_T1RNGA_0070,bnk_000000000072,326.82,upi,0.00,0.00,3.27,2025-11-28,test,0
pay_00000000003393,setl_T1RNGA_0070,bnk_000000000072,737.96,card,16.97,3.05,0.00,2025-11-28,test,0
pay_00000000003406,setl_T1RNGA_0070,bnk_000000000072,624.98,card,14.37,2.59,6.25,2025-11-28,test,0
pay_00000000003416,setl_T1RNGA_0070,bnk_000000000072,637.36,upi,0.00,0.00,6.37,2025-11-28,test,0
pay_00000000003443,setl_T1RNGA_0070,bnk_000000000072,1014.46,netbanking,15.00,2.70,0.00,2025-11-28,test,0
pay_00000000003610,setl_T1RNGA_0070,bnk_000000000072,12053.79,card,277.24,49.90,120.54,2025-11-28,test,0
pay_00000000003705,setl_T1RNGA_0070,bnk_000000000072,1001.04,upi,0.00,0.00,10.01,2025-11-28,test,0
pay_00000000003721,setl_T1RNGA_0070,bnk_000000000072,1016.10,netbanking,15.00,2.70,10.16,2025-11-28,test,0
pay_00000000003851,setl_T1RNGA_0070,bnk_000000000072,15317.88,upi,0.00,0.00,0.00,2025-11-28,test,0
pay_00000000004012,setl_T1RNGA_0070,bnk_000000000072,2540.03,upi,0.00,0.00,25.40,2025-11-28,test,0
pay_00000000004040,setl_T1RNGA_0070,bnk_000000000072,619.00,wallet,11.14,2.01,0.00,2025-11-28,test,0
pay_00000000004095,setl_T1RNGA_0070,bnk_000000000072,419.00,upi,0.00,0.00,0.00,2025-11-28,test,0
pay_00000000004186,setl_T1RNGA_0070,bnk_000000000072,2961.00,upi,0.00,0.00,0.00,2025-11-28,test,0
pay_00000000000007,setl_T1RNGA_0071,bnk_000000000073,396.07,wallet,7.13,1.28,0.00,2025-11-29,test,0
pay_00000000000014,setl_T1RNGA_0071,bnk_000000000073,375.99,upi,0.00,0.00,3.76,2025-11-29,test,0
pay_00000000000063,setl_T1RNGA_0071,bnk_000000000073,187.00,card,4.30,0.77,0.00,2025-11-29,test,0
pay_00000000000077,setl_T1RNGA_0071,bnk_000000000073,774.44,card,17.81,3.21,7.74,2025-11-29,test,0
pay_00000000000094,setl_T1RNGA_0071,bnk_000000000073,559.00,wallet,10.06,1.81,0.00,2025-11-29,test,0
pay_00000000000249,setl_T1RNGA_0071,bnk_000000000073,538.75,wallet,9.70,1.75,0.00,2025-11-29,test,0
pay_00000000000379,setl_T1RNGA_0071,bnk_000000000073,561.52,upi,0.00,0.00,5.62,2025-11-29,test,0
pay_00000000000578,setl_T1RNGA_0071,bnk_000000000073,183.00,upi,0.00,0.00,1.83,2025-11-29,test,0
pay_00000000000623,setl_T1RNGA_0071,bnk_000000000073,742.30,card,17.07,3.07,0.00,2025-11-29,test,0
pay_00000000000678,setl_T1RNGA_0071,bnk_000000000073,200.07,card,4.60,0.83,2.00,2025-11-29,test,0
pay_00000000000812,setl_T1RNGA_0071,bnk_000000000073,404.00,netbanking,15.00,2.70,0.00,2025-11-29,test,0
pay_00000000000860,setl_T1RNGA_0071,bnk_000000000073,244.03,card,5.61,1.01,0.00,2025-11-29,test,0
pay_00000000000889,setl_T1RNGA_0071,bnk_000000000073,136.99,upi,0.00,0.00,0.00,2025-11-29,test,0
pay_00000000000962,setl_T1RNGA_0071,bnk_000000000073,1003.00,upi,0.00,0.00,0.00,2025-11-29,test,0
pay_00000000001006,setl_T1RNGA_0071,bnk_000000000073,778.00,card,17.89,3.22,7.78,2025-11-29,test,0
pay_00000000001011,setl_T1RNGA_0071,bnk_000000000073,629.05,netbanking,15.00,2.70,0.00,2025-11-29,test,0
pay_00000000001042,setl_T1RNGA_0071,bnk_000000000073,445.63,upi,0.00,0.00,4.46,2025-11-29,test,0
pay_00000000001043,setl_T1RNGA_0071,bnk_000000000073,502.00,wallet,9.04,1.63,0.00,2025-11-29,test,0
pay_00000000001059,setl_T1RNGA_0071,bnk_000000000073,937.00,card,21.55,3.88,9.37,2025-11-29,test,0
pay_00000000001458,setl_T1RNGA_0071,bnk_000000000073,660.99,card,15.20,2.74,0.00,2025-11-29,test,0
pay_00000000001561,setl_T1RNGA_0071,bnk_000000000073,13625.99,wallet,245.27,44.15,0.00,2025-11-29,test,0
pay_00000000001694,setl_T1RNGA_0071,bnk_000000000073,639.77,upi,0.00,0.00,6.40,2025-11-29,test,0
pay_00000000001763,setl_T1RNGA_0071,bnk_000000000073,377.78,upi,0.00,0.00,3.78,2025-11-29,test,0
pay_00000000001766,setl_T1RNGA_0071,bnk_000000000073,129.00,upi,0.00,0.00,1.29,2025-11-29,test,0
pay_00000000001780,setl_T1RNGA_0071,bnk_000000000073,948.99,card,21.83,3.93,9.49,2025-11-29,test,0
pay_00000000001817,setl_T1RNGA_0071,bnk_000000000073,726.00,upi,0.00,0.00,7.26,2025-11-29,test,0
pay_00000000001899,setl_T1RNGA_0071,bnk_000000000073,550.56,upi,0.00,0.00,0.00,2025-11-29,test,0
pay_00000000001900,setl_T1RNGA_0071,bnk_000000000073,322.00,upi,0.00,0.00,3.22,2025-11-29,test,0
pay_00000000001967,setl_T1RNGA_0071,bnk_000000000073,3542.82,upi,0.00,0.00,0.00,2025-11-29,test,0
pay_00000000002129,setl_T1RNGA_0071,bnk_000000000073,1258.92,upi,0.00,0.00,12.59,2025-11-29,test,0
pay_00000000002136,setl_T1RNGA_0071,bnk_000000000073,975.99,upi,0.00,0.00,9.76,2025-11-29,test,0
pay_00000000002386,setl_T1RNGA_0071,bnk_000000000073,2563.08,netbanking,15.00,2.70,0.00,2025-11-29,test,0
pay_00000000002821,setl_T1RNGA_0071,bnk_000000000073,2658.00,card,61.13,11.00,26.58,2025-11-29,test,0
pay_00000000002887,setl_T1RNGA_0071,bnk_000000000073,12887.80,upi,0.00,0.00,128.88,2025-11-29,test,0
pay_00000000003097,setl_T1RNGA_0071,bnk_000000000073,1031.99,netbanking,15.00,2.70,10.32,2025-11-29,test,0
pay_00000000003161,setl_T1RNGA_0071,bnk_000000000073,964.41,upi,0.00,0.00,9.64,2025-11-29,test,0
pay_00000000003302,setl_T1RNGA_0071,bnk_000000000073,754.00,card,17.34,3.12,7.54,2025-11-29,test,0
pay_00000000003378,setl_T1RNGA_0071,bnk_000000000073,3466.54,upi,0.00,0.00,34.67,2025-11-29,test,0
pay_00000000003425,setl_T1RNGA_0071,bnk_000000000073,358.87,wallet,6.46,1.16,0.00,2025-11-29,test,0
pay_00000000003518,setl_T1RNGA_0071,bnk_000000000073,332.64,card,7.65,1.38,3.33,2025-11-29,test,0
pay_00000000003530,setl_T1RNGA_0071,bnk_000000000073,983.20,upi,0.00,0.00,9.83,2025-11-29,test,0
pay_00000000003545,setl_T1RNGA_0071,bnk_000000000073,925.76,card,21.29,3.83,0.00,2025-11-29,test,0
pay_00000000003828,setl_T1RNGA_0071,bnk_000000000073,1036.61,upi,0.00,0.00,0.00,2025-11-29,test,0
pay_00000000004151,setl_T1RNGA_0071,bnk_000000000073,522.12,card,12.01,2.16,0.00,2025-11-29,test,0
pay_00000000004205,setl_T1RNGA_0071,bnk_000000000073,522.12,card,12.01,2.16,0.00,2025-11-29,test,1
pay_00000000000048,setl_T1RNGA_0072,bnk_000000000074,595.88,upi,0.00,0.00,5.96,2025-11-29,test,0
pay_00000000000062,setl_T1RNGA_0072,bnk_000000000074,13306.99,upi,0.00,0.00,133.07,2025-11-29,test,0
pay_00000000000145,setl_T1RNGA_0072,bnk_000000000074,330.00,upi,0.00,0.00,0.00,2025-11-29,test,0
pay_00000000000153,setl_T1RNGA_0072,bnk_000000000074,672.99,upi,0.00,0.00,0.00,2025-11-29,test,0
pay_00000000000206,setl_T1RNGA_0072,bnk_000000000074,416.67,wallet,7.50,1.35,0.00,2025-11-29,test,0
pay_00000000000223,setl_T1RNGA_0072,bnk_000000000074,1065.50,upi,0.00,0.00,10.66,2025-11-29,test,0
pay_00000000000310,setl_T1RNGA_0072,bnk_000000000074,273.96,netbanking,15.00,2.70,0.00,2025-11-29,test,0
pay_00000000000432,setl_T1RNGA_0072,bnk_000000000074,443.50,upi,0.00,0.00,0.00,2025-11-29,test,0
pay_00000000000619,setl_T1RNGA_0072,bnk_000000000074,694.99,card,15.98,2.88,6.95,2025-11-29,test,0
pay_00000000000634,setl_T1RNGA_0072,bnk_000000000074,652.41,card,15.01,2.70,0.00,2025-11-29,test,0
pay_00000000000755,setl_T1RNGA_0072,bnk_000000000074,938.15,card,21.58,3.88,9.38,2025-11-29,test,0
pay_00000000000782,setl_T1RNGA_0072,bnk_000000000074,766.85,card,17.64,3.18,0.00,2025-11-29,test,0
pay_00000000000822,setl_T1RNGA_0072,bnk_000000000074,385.00,card,8.86,1.59,3.85,2025-11-29,test,0
pay_00000000001199,setl_T1RNGA_0072,bnk_000000000074,957.56,upi,0.00,0.00,0.00,2025-11-29,test,0
pay_00000000001316,setl_T1RNGA_0072,bnk_000000000074,950.98,upi,0.00,0.00,9.51,2025-11-29,test,0
pay_00000000001479,setl_T1RNGA_0072,bnk_000000000074,2993.99,card,68.86,12.39,29.94,2025-11-29,test,0
pay_00000000001484,setl_T1RNGA_0072,bnk_000000000074,3558.00,netbanking,15.00,2.70,35.58,2025-11-29,test,0
pay_00000000001567,setl_T1RNGA_0072,bnk_000000000074,397.25,netbanking,15.00,2.70,3.97,2025-11-29,test,0
pay_00000000001906,setl_T1RNGA_0072,bnk_000000000074,301.00,upi,0.00,0.00,0.00,2025-11-29,test,0
pay_00000000001919,setl_T1RNGA_0072,bnk_000000000074,453.00,upi,0.00,0.00,0.00,2025-11-29,test,0
pay_00000000001983,setl_T1RNGA_0072,bnk_000000000074,218.00,upi,0.00,0.00,0.00,2025-11-29,test,0
pay_00000000002094,setl_T1RNGA_0072,bnk_000000000074,739.00,card,17.00,3.06,7.39,2025-11-29,test,0
pay_00000000002180,setl_T1RNGA_0072,bnk_000000000074,1129.93,upi,0.00,0.00,11.30,2025-11-29,test,0
pay_00000000002403,setl_T1RNGA_0072,bnk_000000000074,952.43,card,21.91,3.94,0.00,2025-11-29,test,0
pay_00000000002694,setl_T1RNGA_0072,bnk_000000000074,672.20,upi,0.00,0.00,6.72,2025-11-29,test,0
pay_00000000002707,setl_T1RNGA_0072,bnk_000000000074,1972.00,upi,0.00,0.00,19.72,2025-11-29,test,0
pay_00000000002739,setl_T1RNGA_0072,bnk_000000000074,651.99,upi,0.00,0.00,0.00,2025-11-29,test,0
pay_00000000002833,setl_T1RNGA_0072,bnk_000000000074,614.55,netbanking,15.00,2.70,0.00,2025-11-29,test,0
pay_00000000003025,setl_T1RNGA_0072,bnk_000000000074,482.26,wallet,8.68,1.56,0.00,2025-11-29,test,0
pay_00000000003044,setl_T1RNGA_0072,bnk_000000000074,514.90,card,11.84,2.13,5.15,2025-11-29,test,0
pay_00000000003059,setl_T1RNGA_0072,bnk_000000000074,302.99,upi,0.00,0.00,3.03,2025-11-29,test,0
pay_00000000003188,setl_T1RNGA_0072,bnk_000000000074,438.47,card,10.08,1.81,0.00,2025-11-29,test,0
pay_00000000003194,setl_T1RNGA_0072,bnk_000000000074,1724.00,netbanking,15.00,2.70,0.00,2025-11-29,test,0
pay_00000000003389,setl_T1RNGA_0072,bnk_000000000074,666.64,upi,0.00,0.00,6.67,2025-11-29,test,0
pay_00000000003408,setl_T1RNGA_0072,bnk_000000000074,260.60,wallet,4.69,0.84,0.00,2025-11-29,test,0
pay_00000000003607,setl_T1RNGA_0072,bnk_000000000074,437.99,upi,0.00,0.00,4.38,2025-11-29,test,0
pay_00000000003609,setl_T1RNGA_0072,bnk_000000000074,179.55,wallet,3.23,0.58,0.00,2025-11-29,test,0
pay_00000000003612,setl_T1RNGA_0072,bnk_000000000074,13719.99,wallet,246.96,44.45,137.20,2025-11-29,test,0
pay_00000000003687,setl_T1RNGA_0072,bnk_000000000074,2099.00,wallet,37.78,6.80,20.99,2025-11-29,test,0
pay_00000000003688,setl_T1RNGA_0072,bnk_000000000074,1306.00,card,30.04,5.41,13.06,2025-11-29,test,0
pay_00000000003700,setl_T1RNGA_0072,bnk_000000000074,355.31,card,8.17,1.47,3.55,2025-11-29,test,0
pay_00000000003714,setl_T1RNGA_0072,bnk_000000000074,1061.17,card,24.41,4.39,10.61,2025-11-29,test,0
pay_00000000004085,setl_T1RNGA_0072,bnk_000000000074,194.00,wallet,3.49,0.63,0.00,2025-11-29,test,0
pay_00000000004206,setl_T1RNGA_0072,bnk_000000000074,522.12,card,12.01,2.16,0.00,2025-11-29,test,1
pay_00000000000363,setl_T1RNGA_0073,bnk_000000000075,397.80,wallet,7.16,1.29,3.98,2025-12-01,test,0
pay_00000000000425,setl_T1RNGA_0073,bnk_000000000075,192.28,card,4.42,0.80,0.00,2025-12-01,test,0
pay_00000000001955,setl_T1RNGA_0073,bnk_000000000075,14753.82,upi,0.00,0.00,0.00,2025-12-01,test,0
pay_00000000002076,setl_T1RNGA_0073,bnk_000000000075,10320.00,card,237.36,42.72,103.20,2025-12-01,test,0
pay_00000000002224,setl_T1RNGA_0073,bnk_000000000075,161.00,upi,0.00,0.00,0.00,2025-12-01,test,0
pay_00000000002668,setl_T1RNGA_0073,bnk_000000000075,761.99,upi,0.00,0.00,7.62,2025-12-01,test,0
pay_00000000003733,setl_T1RNGA_0073,bnk_000000000075,418.00,upi,0.00,0.00,4.18,2025-12-01,test,0
pay_00000000003911,setl_T1RNGA_0073,bnk_000000000075,314.00,card,7.22,1.30,0.00,2025-12-01,test,0
pay_00000000003956,setl_T1RNGA_0073,bnk_000000000075,564.99,card,12.99,2.34,0.00,2025-12-01,test,0
pay_00000000000051,setl_T1RNGA_0074,bnk_000000000076,547.48,card,12.59,2.27,0.00,2025-12-01,test,0
pay_00000000000315,setl_T1RNGA_0074,bnk_000000000076,817.12,card,18.79,3.38,0.00,2025-12-01,test,0
pay_00000000000380,setl_T1RNGA_0074,bnk_000000000076,10447.80,netbanking,15.00,2.70,104.48,2025-12-01,test,0
pay_00000000000408,setl_T1RNGA_0074,bnk_000000000076,646.63,netbanking,15.00,2.70,0.00,2025-12-01,test,0
pay_00000000000564,setl_T1RNGA_0074,bnk_000000000076,755.56,upi,0.00,0.00,0.00,2025-12-01,test,0
pay_00000000000566,setl_T1RNGA_0074,bnk_000000000076,793.40,upi,0.00,0.00,7.93,2025-12-01,test,0
pay_00000000000871,setl_T1RNGA_0074,bnk_000000000076,293.00,upi,0.00,0.00,2.93,2025-12-01,test,0
pay_00000000000874,setl_T1RNGA_0074,bnk_000000000076,625.63,card,14.39,2.59,6.26,2025-12-01,test,0
pay_00000000000918,setl_T1RNGA_0074,bnk_000000000076,317.43,wallet,5.71,1.03,3.17,2025-12-01,test,0
pay_00000000001112,setl_T1RNGA_0074,bnk_000000000076,964.00,upi,0.00,0.00,0.00,2025-12-01,test,0
pay_00000000001325,setl_T1RNGA_0074,bnk_000000000076,1853.00,upi,0.00,0.00,18.53,2025-12-01,test,0
pay_00000000001447,setl_T1RNGA_0074,bnk_000000000076,3157.99,card,72.63,13.07,31.58,2025-12-01,test,0
pay_00000000001488,setl_T1RNGA_0074,bnk_000000000076,379.47,card,8.73,1.57,0.00,2025-12-01,test,0
pay_00000000001856,setl_T1RNGA_0074,bnk_000000000076,560.00,upi,0.00,0.00,0.00,2025-12-01,test,0
pay_00000000002063,setl_T1RNGA_0074,bnk_000000000076,8743.31,upi,0.00,0.00,87.43,2025-12-01,test,0
pay_00000000002288,setl_T1RNGA_0074,bnk_000000000076,1076.99,wallet,19.39,3.49,10.77,2025-12-01,test,0
pay_00000000002380,setl_T1RNGA_0074,bnk_000000000076,5504.00,wallet,99.07,17.83,55.04,2025-12-01,test,0
pay_00000000002464,setl_T1RNGA_0074,bnk_000000000076,462.06,card,10.63,1.91,0.00,2025-12-01,test,0
pay_00000000002587,setl_T1RNGA_0074,bnk_000000000076,670.04,upi,0.00,0.00,0.00,2025-12-01,test,0
pay_00000000002731,setl_T1RNGA_0074,bnk_000000000076,423.16,card,9.73,1.75,0.00,2025-12-01,test,0
pay_00000000003160,setl_T1RNGA_0074,bnk_000000000076,203.98,upi,0.00,0.00,0.00,2025-12-01,test,0
pay_00000000003300,setl_T1RNGA_0074,bnk_000000000076,1745.00,netbanking,15.00,2.70,17.45,2025-12-01,test,0
pay_00000000003461,setl_T1RNGA_0074,bnk_000000000076,1524.00,card,35.05,6.31,0.00,2025-12-01,test,0
pay_00000000003574,setl_T1RNGA_0074,bnk_000000000076,312.00,upi,0.00,0.00,0.00,2025-12-01,test,0
pay_00000000003624,setl_T1RNGA_0074,bnk_000000000076,746.86,upi,0.00,0.00,0.00,2025-12-01,test,0
pay_00000000004135,setl_T1RNGA_0074,bnk_000000000076,610.99,card,14.05,2.53,0.00,2025-12-01,test,0
pay_00000000000011,setl_T1RNGA_0075,bnk_000000000077,3280.00,upi,0.00,0.00,32.80,2025-12-01,test,0
pay_00000000000017,setl_T1RNGA_0075,bnk_000000000077,804.72,upi,0.00,0.00,0.00,2025-12-01,test,0
pay_00000000000194,setl_T1RNGA_0075,bnk_000000000077,542.83,upi,0.00,0.00,0.00,2025-12-01,test,0
pay_00000000000208,setl_T1RNGA_0075,bnk_000000000077,901.99,netbanking,15.00,2.70,9.02,2025-12-01,test,0
pay_00000000000239,setl_T1RNGA_0075,bnk_000000000077,505.00,upi,0.00,0.00,5.05,2025-12-01,test,0
pay_00000000000305,setl_T1RNGA_0075,bnk_000000000077,496.49,card,11.42,2.06,4.96,2025-12-01,test,0
pay_00000000000372,setl_T1RNGA_0075,bnk_000000000077,2645.91,upi,0.00,0.00,0.00,2025-12-01,test,0
pay_00000000000399,setl_T1RNGA_0075,bnk_000000000077,561.56,wallet,10.11,1.82,5.62,2025-12-01,test,0
pay_00000000000495,setl_T1RNGA_0075,bnk_000000000077,426.00,upi,0.00,0.00,0.00,2025-12-01,test,0
pay_00000000000555,setl_T1RNGA_0075,bnk_000000000077,1079.75,upi,0.00,0.00,0.00,2025-12-01,test,0
pay_00000000000628,setl_T1RNGA_0075,bnk_000000000077,869.38,upi,0.00,0.00,0.00,2025-12-01,test,0
pay_00000000000702,setl_T1RNGA_0075,bnk_000000000077,2479.52,card,57.03,10.27,24.80,2025-12-01,test,0
pay_00000000000704,setl_T1RNGA_0075,bnk_000000000077,683.59,upi,0.00,0.00,6.84,2025-12-01,test,0
pay_00000000000863,setl_T1RNGA_0075,bnk_000000000077,1070.31,upi,0.00,0.00,0.00,2025-12-01,test,0
pay_00000000000864,setl_T1RNGA_0075,bnk_000000000077,706.76,card,16.26,2.93,0.00,2025-12-01,test,0
pay_00000000000869,setl_T1RNGA_0075,bnk_000000000077,881.00,upi,0.00,0.00,8.81,2025-12-01,test,0
pay_00000000001005,setl_T1RNGA_0075,bnk_000000000077,864.00,card,19.87,3.58,0.00,2025-12-01,test,0
pay_00000000001031,setl_T1RNGA_0075,bnk_000000000077,546.31,upi,0.00,0.00,0.00,2025-12-01,test,0
pay_00000000001077,setl_T1RNGA_0075,bnk_000000000077,608.86,card,14.00,2.52,6.09,2025-12-01,test,0
pay_00000000001337,setl_T1RNGA_0075,bnk_000000000077,888.23,upi,0.00,0.00,8.88,2025-12-01,test,0
pay_00000000001435,setl_T1RNGA_0075,bnk_000000000077,786.06,wallet,14.15,2.55,7.86,2025-12-01,test,0
pay_00000000001530,setl_T1RNGA_0075,bnk_000000000077,500.71,upi,0.00,0.00,0.00,2025-12-01,test,0
pay_00000000001541,setl_T1RNGA_0075,bnk_000000000077,766.76,wallet,13.80,2.48,7.67,2025-12-01,test,0
pay_00000000001650,setl_T1RNGA_0075,bnk_000000000077,579.04,upi,0.00,0.00,0.00,2025-12-01,test,0
pay_00000000001762,setl_T1RNGA_0075,bnk_000000000077,848.00,card,19.50,3.51,0.00,2025-12-01,test,0
pay_00000000002057,setl_T1RNGA_0075,bnk_000000000077,3308.00,card,76.08,13.69,0.00,2025-12-01,test,0
pay_00000000002153,setl_T1RNGA_0075,bnk_000000000077,2308.72,card,53.10,9.56,0.00,2025-12-01,test,0
pay_00000000002285,setl_T1RNGA_0075,bnk_000000000077,881.00,upi,0.00,0.00,0.00,2025-12-01,test,0
pay_00000000002308,setl_T1RNGA_0075,bnk_000000000077,583.97,card,13.43,2.42,5.84,2025-12-01,test,0
pay_00000000002476,setl_T1RNGA_0075,bnk_000000000077,1043.04,upi,0.00,0.00,10.43,2025-12-01,test,0
pay_00000000002528,setl_T1RNGA_0075,bnk_000000000077,201.11,upi,0.00,0.00,2.01,2025-12-01,test,0
pay_00000000002559,setl_T1RNGA_0075,bnk_000000000077,3259.32,upi,0.00,0.00,32.59,2025-12-01,test,0
pay_00000000002710,setl_T1RNGA_0075,bnk_000000000077,760.41,upi,0.00,0.00,7.60,2025-12-01,test,0
pay_00000000002799,setl_T1RNGA_0075,bnk_000000000077,652.73,upi,0.00,0.00,0.00,2025-12-01,test,0
pay_00000000002913,setl_T1RNGA_0075,bnk_000000000077,333.10,card,7.66,1.38,3.33,2025-12-01,test,0
pay_00000000003048,setl_T1RNGA_0075,bnk_000000000077,673.00,card,15.48,2.79,6.73,2025-12-01,test,0
pay_00000000003100,setl_T1RNGA_0075,bnk_000000000077,660.17,upi,0.00,0.00,6.60,2025-12-01,test,0
pay_00000000003212,setl_T1RNGA_0075,bnk_000000000077,984.00,netbanking,15.00,2.70,9.84,2025-12-01,test,0
pay_00000000003261,setl_T1RNGA_0075,bnk_000000000077,553.43,card,12.73,2.29,0.00,2025-12-01,test,0
pay_00000000003462,setl_T1RNGA_0075,bnk_000000000077,1532.89,upi,0.00,0.00,15.33,2025-12-01,test,0
pay_00000000003532,setl_T1RNGA_0075,bnk_000000000077,1115.22,upi,0.00,0.00,0.00,2025-12-01,test,0
pay_00000000003538,setl_T1RNGA_0075,bnk_000000000077,970.88,upi,0.00,0.00,9.71,2025-12-01,test,0
pay_00000000003746,setl_T1RNGA_0075,bnk_000000000077,515.00,upi,0.00,0.00,0.00,2025-12-01,test,0
pay_00000000003791,setl_T1RNGA_0075,bnk_000000000077,13792.00,wallet,248.26,44.69,0.00,2025-12-01,test,0
pay_00000000003885,setl_T1RNGA_0075,bnk_000000000077,424.99,card,9.77,1.76,4.25,2025-12-01,test,0
pay_00000000003893,setl_T1RNGA_0075,bnk_000000000077,519.00,wallet,9.34,1.68,5.19,2025-12-01,test,0
pay_00000000003951,setl_T1RNGA_0075,bnk_000000000077,861.00,upi,0.00,0.00,8.61,2025-12-01,test,0
pay_00000000000126,setl_T1RNGA_0076,bnk_000000000078,494.63,netbanking,15.00,2.70,0.00,2025-12-01,test,0
pay_00000000000241,setl_T1RNGA_0076,bnk_000000000078,719.54,upi,0.00,0.00,0.00,2025-12-01,test,0
pay_00000000000322,setl_T1RNGA_0076,bnk_000000000078,1049.00,netbanking,15.00,2.70,0.00,2025-12-01,test,0
pay_00000000000496,setl_T1RNGA_0076,bnk_000000000078,956.67,netbanking,15.00,2.70,9.57,2025-12-01,test,0
pay_00000000000759,setl_T1RNGA_0076,bnk_000000000078,3122.00,upi,0.00,0.00,0.00,2025-12-01,test,0
pay_00000000000930,setl_T1RNGA_0076,bnk_000000000078,458.15,upi,0.00,0.00,4.58,2025-12-01,test,0
pay_00000000000980,setl_T1RNGA_0076,bnk_000000000078,3452.17,upi,0.00,0.00,34.52,2025-12-01,test,0
pay_00000000001000,setl_T1RNGA_0076,bnk_000000000078,608.99,wallet,10.96,1.97,0.00,2025-12-01,test,0
pay_00000000001091,setl_T1RNGA_0076,bnk_000000000078,272.13,card,6.26,1.13,2.72,2025-12-01,test,0
pay_00000000001202,setl_T1RNGA_0076,bnk_000000000078,137.88,upi,0.00,0.00,0.00,2025-12-01,test,0
pay_00000000001235,setl_T1RNGA_0076,bnk_000000000078,577.92,card,13.29,2.39,5.78,2025-12-01,test,0
pay_00000000001266,setl_T1RNGA_0076,bnk_000000000078,1467.19,card,33.75,6.08,14.67,2025-12-01,test,0
pay_00000000001335,setl_T1RNGA_0076,bnk_000000000078,423.99,upi,0.00,0.00,4.24,2025-12-01,test,0
pay_00000000001405,setl_T1RNGA_0076,bnk_000000000078,324.82,wallet,5.85,1.05,3.25,2025-12-01,test,0
pay_00000000001534,setl_T1RNGA_0076,bnk_000000000078,663.96,upi,0.00,0.00,6.64,2025-12-01,test,0
pay_00000000001546,setl_T1RNGA_0076,bnk_000000000078,1349.99,upi,0.00,0.00,0.00,2025-12-01,test,0
pay_00000000001576,setl_T1RNGA_0076,bnk_000000000078,891.00,card,20.49,3.69,0.00,2025-12-01,test,0
pay_00000000001686,setl_T1RNGA_0076,bnk_000000000078,2028.00,upi,0.00,0.00,20.28,2025-12-01,test,0
pay_00000000001722,setl_T1RNGA_0076,bnk_000000000078,1134.84,upi,0.00,0.00,0.00,2025-12-01,test,0
pay_00000000001771,setl_T1RNGA_0076,bnk_000000000078,847.60,upi,0.00,0.00,8.48,2025-12-01,test,0
pay_00000000002298,setl_T1RNGA_0076,bnk_000000000078,774.05,upi,0.00,0.00,7.74,2025-12-01,test,0
pay_00000000002565,setl_T1RNGA_0076,bnk_000000000078,335.95,upi,0.00,0.00,0.00,2025-12-01,test,0
pay_00000000002575,setl_T1RNGA_0076,bnk_000000000078,290.99,card,6.69,1.20,0.00,2025-12-01,test,0
pay_00000000002834,setl_T1RNGA_0076,bnk_000000000078,204.00,card,4.69,0.84,2.04,2025-12-01,test,0
pay_00000000003084,setl_T1RNGA_0076,bnk_000000000078,912.30,card,20.98,3.78,0.00,2025-12-01,test,0
pay_00000000003258,setl_T1RNGA_0076,bnk_000000000078,276.85,upi,0.00,0.00,0.00,2025-12-01,test,0
pay_00000000003294,setl_T1RNGA_0076,bnk_000000000078,985.50,upi,0.00,0.00,0.00,2025-12-01,test,0
pay_00000000003327,setl_T1RNGA_0076,bnk_000000000078,972.00,upi,0.00,0.00,9.72,2025-12-01,test,0
pay_00000000003540,setl_T1RNGA_0076,bnk_000000000078,671.47,card,15.44,2.78,0.00,2025-12-01,test,0
pay_00000000003658,setl_T1RNGA_0076,bnk_000000000078,2714.00,upi,0.00,0.00,27.14,2025-12-01,test,0
pay_00000000004022,setl_T1RNGA_0076,bnk_000000000078,841.00,card,19.34,3.48,0.00,2025-12-01,test,0
pay_00000000004048,setl_T1RNGA_0076,bnk_000000000078,698.06,upi,0.00,0.00,6.98,2025-12-01,test,0
pay_00000000004059,setl_T1RNGA_0076,bnk_000000000078,740.78,card,17.04,3.07,0.00,2025-12-01,test,0
pay_00000000004168,setl_T1RNGA_0076,bnk_000000000078,3590.05,upi,0.00,0.00,0.00,2025-12-01,test,0
pay_00000000004198,setl_T1RNGA_0076,bnk_000000000078,2556.14,card,58.79,10.58,0.00,2025-12-01,test,0
pay_00000000000368,setl_T1RNGA_0077,bnk_000000000079,405.27,card,9.32,1.68,0.00,2025-12-02,test,0
pay_00000000000997,setl_T1RNGA_0077,bnk_000000000079,1848.43,netbanking,15.00,2.70,18.48,2025-12-02,test,0
pay_00000000001455,setl_T1RNGA_0077,bnk_000000000079,13679.96,upi,0.00,0.00,136.80,2025-12-02,test,0
pay_00000000002155,setl_T1RNGA_0077,bnk_000000000079,2778.99,wallet,50.02,9.00,0.00,2025-12-02,test,0
pay_00000000002169,setl_T1RNGA_0077,bnk_000000000079,543.23,card,12.49,2.25,5.43,2025-12-02,test,0
pay_00000000002746,setl_T1RNGA_0077,bnk_000000000079,1036.19,upi,0.00,0.00,0.00,2025-12-02,test,0
pay_00000000002904,setl_T1RNGA_0077,bnk_000000000079,462.97,card,10.65,1.92,4.63,2025-12-02,test,0
pay_00000000004209,setl_T1RNGA_0077,bnk_000000000079,13679.96,upi,0.00,0.00,136.80,2025-12-02,test,1
pay_00000000000205,setl_T1RNGA_0078,bnk_000000000080,1205.21,upi,0.00,0.00,12.05,2025-12-02,test,0
pay_00000000000251,setl_T1RNGA_0078,bnk_000000000080,816.00,upi,0.00,0.00,8.16,2025-12-02,test,0
pay_00000000000323,setl_T1RNGA_0078,bnk_000000000080,2904.00,upi,0.00,0.00,0.00,2025-12-02,test,0
pay_00000000000506,setl_T1RNGA_0078,bnk_000000000080,3311.85,upi,0.00,0.00,33.12,2025-12-02,test,0
pay_00000000000712,setl_T1RNGA_0078,bnk_000000000080,683.00,wallet,12.29,2.21,6.83,2025-12-02,test,0
pay_00000000000799,setl_T1RNGA_0078,bnk_000000000080,716.00,card,16.47,2.96,7.16,2025-12-02,test,0
pay_00000000000895,setl_T1RNGA_0078,bnk_000000000080,224.99,upi,0.00,0.00,0.00,2025-12-02,test,0
pay_00000000001128,setl_T1RNGA_0078,bnk_000000000080,352.10,wallet,6.34,1.14,3.52,2025-12-02,test,0
pay_00000000001303,setl_T1RNGA_0078,bnk_000000000080,935.53,upi,0.00,0.00,9.36,2025-12-02,test,0
pay_00000000001473,setl_T1RNGA_0078,bnk_000000000080,4468.99,upi,0.00,0.00,0.00,2025-12-02,test,0
pay_00000000002206,setl_T1RNGA_0078,bnk_000000000080,1004.99,netbanking,15.00,2.70,10.05,2025-12-02,test,0
pay_00000000002238,setl_T1RNGA_0078,bnk_000000000080,690.00,card,15.87,2.86,0.00,2025-12-02,test,0
pay_00000000002505,setl_T1RNGA_0078,bnk_000000000080,929.84,upi,0.00,0.00,0.00,2025-12-02,test,0
pay_00000000002727,setl_T1RNGA_0078,bnk_000000000080,370.16,upi,0.00,0.00,0.00,2025-12-02,test,0
pay_00000000002847,setl_T1RNGA_0078,bnk_000000000080,959.54,upi,0.00,0.00,0.00,2025-12-02,test,0
pay_00000000003342,setl_T1RNGA_0078,bnk_000000000080,611.15,card,14.06,2.53,6.11,2025-12-02,test,0
pay_00000000003585,setl_T1RNGA_0078,bnk_000000000080,457.78,upi,0.00,0.00,0.00,2025-12-02,test,0
pay_00000000003597,setl_T1RNGA_0078,bnk_000000000080,551.38,card,12.68,2.28,0.00,2025-12-02,test,0
pay_00000000003695,setl_T1RNGA_0078,bnk_000000000080,3233.92,upi,0.00,0.00,0.00,2025-12-02,test,0
pay_00000000003863,setl_T1RNGA_0078,bnk_000000000080,2197.68,card,50.55,9.10,21.98,2025-12-02,test,0
pay_00000000003896,setl_T1RNGA_0078,bnk_000000000080,312.56,upi,0.00,0.00,3.13,2025-12-02,test,0
pay_00000000004210,setl_T1RNGA_0078,bnk_000000000080,13679.96,upi,0.00,0.00,136.80,2025-12-02,test,1
pay_00000000000064,setl_T1RNGA_0079,bnk_000000000081,485.94,upi,0.00,0.00,0.00,2025-12-02,test,0
pay_00000000000100,setl_T1RNGA_0079,bnk_000000000081,570.34,upi,0.00,0.00,0.00,2025-12-02,test,0
pay_00000000000193,setl_T1RNGA_0079,bnk_000000000081,3036.77,wallet,54.66,9.84,0.00,2025-12-02,test,0
pay_00000000000265,setl_T1RNGA_0079,bnk_000000000081,100.72,netbanking,15.00,2.70,1.01,2025-12-02,test,0
pay_00000000000297,setl_T1RNGA_0079,bnk_000000000081,389.00,upi,0.00,0.00,3.89,2025-12-02,test,0
pay_00000000000333,setl_T1RNGA_0079,bnk_000000000081,558.00,wallet,10.04,1.81,0.00,2025-12-02,test,0
pay_00000000000428,setl_T1RNGA_0079,bnk_000000000081,366.25,card,8.42,1.52,0.00,2025-12-02,test,0
pay_00000000000465,setl_T1RNGA_0079,bnk_000000000081,738.00,card,16.97,3.05,0.00,2025-12-02,test,0
pay_00000000000525,setl_T1RNGA_0079,bnk_000000000081,510.75,upi,0.00,0.00,5.11,2025-12-02,test,0
pay_00000000000637,setl_T1RNGA_0079,bnk_000000000081,301.05,card,6.92,1.25,3.01,2025-12-02,test,0
pay_00000000000912,setl_T1RNGA_0079,bnk_000000000081,918.54,upi,0.00,0.00,9.19,2025-12-02,test,0
pay_00000000000947,setl_T1RNGA_0079,bnk_000000000081,200.00,card,4.60,0.83,2.00,2025-12-02,test,0
pay_00000000001060,setl_T1RNGA_0079,bnk_000000000081,482.29,card,11.09,2.00,4.82,2025-12-02,test,0
pay_00000000001067,setl_T1RNGA_0079,bnk_000000000081,876.28,netbanking,15.00,2.70,0.00,2025-12-02,test,0
pay_00000000001284,setl_T1RNGA_0079,bnk_000000000081,204.46,card,4.70,0.85,0.00,2025-12-02,test,0
pay_00000000001318,setl_T1RNGA_0079,bnk_000000000081,322.00,wallet,5.80,1.04,3.22,2025-12-02,test,0
pay_00000000001349,setl_T1RNGA_0079,bnk_000000000081,143.16,netbanking,15.00,2.70,1.43,2025-12-02,test,0
pay_00000000001556,setl_T1RNGA_0079,bnk_000000000081,354.03,card,8.14,1.47,0.00,2025-12-02,test,0
pay_00000000001706,setl_T1RNGA_0079,bnk_000000000081,7730.00,card,177.79,32.00,77.30,2025-12-02,test,0
pay_00000000001727,setl_T1RNGA_0079,bnk_000000000081,1002.89,upi,0.00,0.00,0.00,2025-12-02,test,0
pay_00000000001728,setl_T1RNGA_0079,bnk_000000000081,598.41,wallet,10.77,1.94,5.98,2025-12-02,test,0
pay_00000000001835,setl_T1RNGA_0079,bnk_000000000081,834.99,upi,0.00,0.00,8.35,2025-12-02,test,0
pay_00000000001871,setl_T1RNGA_0079,bnk_000000000081,892.84,card,20.54,3.70,8.93,2025-12-02,test,0
pay_00000000001872,setl_T1RNGA_0079,bnk_000000000081,804.32,wallet,14.48,2.61,0.00,2025-12-02,test,0
pay_00000000001893,setl_T1RNGA_0079,bnk_000000000081,1024.01,wallet,18.43,3.32,10.24,2025-12-02,test,0
pay_00000000001941,setl_T1RNGA_0079,bnk_000000000081,844.15,card,19.42,3.50,8.44,2025-12-02,test,0
pay_00000000001966,setl_T1RNGA_0079,bnk_000000000081,899.26,upi,0.00,0.00,8.99,2025-12-02,test,0
pay_00000000002009,setl_T1RNGA_0079,bnk_000000000081,196.59,upi,0.00,0.00,0.00,2025-12-02,test,0
pay_00000000002030,setl_T1RNGA_0079,bnk_000000000081,1067.00,card,24.54,4.42,10.67,2025-12-02,test,0
pay_00000000002053,setl_T1RNGA_0079,bnk_000000000081,710.48,upi,0.00,0.00,7.10,2025-12-02,test,0
pay_00000000002132,setl_T1RNGA_0079,bnk_000000000081,111.06,upi,0.00,0.00,1.11,2025-12-02,test,0
pay_00000000002160,setl_T1RNGA_0079,bnk_000000000081,772.99,upi,0.00,0.00,0.00,2025-12-02,test,0
pay_00000000002214,setl_T1RNGA_0079,bnk_000000000081,669.00,upi,0.00,0.00,6.69,2025-12-02,test,0
pay_00000000002227,setl_T1RNGA_0079,bnk_000000000081,366.30,netbanking,15.00,2.70,3.66,2025-12-02,test,0
pay_00000000002293,setl_T1RNGA_0079,bnk_000000000081,3520.99,upi,0.00,0.00,35.21,2025-12-02,test,0
pay_00000000002332,setl_T1RNGA_0079,bnk_000000000081,944.99,wallet,17.01,3.06,0.00,2025-12-02,test,0
pay_00000000002517,setl_T1RNGA_0079,bnk_000000000081,804.14,upi,0.00,0.00,8.04,2025-12-02,test,0
pay_00000000002672,setl_T1RNGA_0079,bnk_000000000081,898.73,netbanking,15.00,2.70,0.00,2025-12-02,test,0
pay_00000000002861,setl_T1RNGA_0079,bnk_000000000081,1597.69,upi,0.00,0.00,15.98,2025-12-02,test,0
pay_00000000002957,setl_T1RNGA_0079,bnk_000000000081,256.99,upi,0.00,0.00,0.00,2025-12-02,test,0
pay_00000000003146,setl_T1RNGA_0079,bnk_000000000081,759.00,upi,0.00,0.00,0.00,2025-12-02,test,0
pay_00000000003321,setl_T1RNGA_0079,bnk_000000000081,628.05,upi,0.00,0.00,0.00,2025-12-02,test,0
pay_00000000003409,setl_T1RNGA_0079,bnk_000000000081,803.99,upi,0.00,0.00,8.04,2025-12-02,test,0
pay_00000000003498,setl_T1RNGA_0079,bnk_000000000081,154.23,card,3.55,0.64,1.54,2025-12-02,test,0
pay_00000000003737,setl_T1RNGA_0079,bnk_000000000081,783.00,upi,0.00,0.00,0.00,2025-12-02,test,0
pay_00000000003757,setl_T1RNGA_0079,bnk_000000000081,1005.03,card,23.12,4.16,10.05,2025-12-02,test,0
pay_00000000003834,setl_T1RNGA_0079,bnk_000000000081,964.99,upi,0.00,0.00,9.65,2025-12-02,test,0
pay_00000000003852,setl_T1RNGA_0079,bnk_000000000081,440.93,upi,0.00,0.00,0.00,2025-12-02,test,0
pay_00000000003854,setl_T1RNGA_0079,bnk_000000000081,480.29,upi,0.00,0.00,0.00,2025-12-02,test,0
pay_00000000003858,setl_T1RNGA_0079,bnk_000000000081,1046.99,upi,0.00,0.00,10.47,2025-12-02,test,0
pay_00000000003988,setl_T1RNGA_0079,bnk_000000000081,3231.10,card,74.32,13.38,32.31,2025-12-02,test,0
pay_00000000000073,setl_T1RNGA_0080,bnk_000000000082,188.99,card,4.35,0.78,0.00,2025-12-02,test,0
pay_00000000000177,setl_T1RNGA_0080,bnk_000000000082,538.85,wallet,9.70,1.75,5.39,2025-12-02,test,0
pay_00000000000287,setl_T1RNGA_0080,bnk_000000000082,262.00,upi,0.00,0.00,2.62,2025-12-02,test,0
pay_00000000000317,setl_T1RNGA_0080,bnk_000000000082,2224.00,netbanking,15.00,2.70,0.00,2025-12-02,test,0
pay_00000000000345,setl_T1RNGA_0080,bnk_000000000082,193.00,upi,0.00,0.00,0.00,2025-12-02,test,0
pay_00000000000422,setl_T1RNGA_0080,bnk_000000000082,938.99,card,21.60,3.89,9.39,2025-12-02,test,0
pay_00000000000435,setl_T1RNGA_0080,bnk_000000000082,830.02,upi,0.00,0.00,8.30,2025-12-02,test,0
pay_00000000000481,setl_T1RNGA_0080,bnk_000000000082,2958.16,upi,0.00,0.00,0.00,2025-12-02,test,0
pay_00000000000785,setl_T1RNGA_0080,bnk_000000000082,157.00,netbanking,15.00,2.70,0.00,2025-12-02,test,0
pay_00000000000793,setl_T1RNGA_0080,bnk_000000000082,964.02,card,22.17,3.99,0.00,2025-12-02,test,0
pay_00000000000937,setl_T1RNGA_0080,bnk_000000000082,568.51,netbanking,15.00,2.70,0.00,2025-12-02,test,0
pay_00000000001002,setl_T1RNGA_0080,bnk_000000000082,559.00,netbanking,15.00,2.70,0.00,2025-12-02,test,0
pay_00000000001214,setl_T1RNGA_0080,bnk_000000000082,815.63,upi,0.00,0.00,0.00,2025-12-02,test,0
pay_00000000001359,setl_T1RNGA_0080,bnk_000000000082,660.84,upi,0.00,0.00,0.00,2025-12-02,test,0
pay_00000000001389,setl_T1RNGA_0080,bnk_000000000082,324.19,upi,0.00,0.00,0.00,2025-12-02,test,0
pay_00000000001398,setl_T1RNGA_0080,bnk_000000000082,1823.78,wallet,32.83,5.91,18.24,2025-12-02,test,0
pay_00000000001607,setl_T1RNGA_0080,bnk_000000000082,476.00,wallet,8.57,1.54,0.00,2025-12-02,test,0
pay_00000000001654,setl_T1RNGA_0080,bnk_000000000082,791.00,upi,0.00,0.00,7.91,2025-12-02,test,0
pay_00000000001947,setl_T1RNGA_0080,bnk_000000000082,996.99,card,22.93,4.13,0.00,2025-12-02,test,0
pay_00000000002070,setl_T1RNGA_0080,bnk_000000000082,374.00,card,8.60,1.55,3.74,2025-12-02,test,0
pay_00000000002138,setl_T1RNGA_0080,bnk_000000000082,1007.21,upi,0.00,0.00,0.00,2025-12-02,test,0
pay_00000000002142,setl_T1RNGA_0080,bnk_000000000082,484.31,upi,0.00,0.00,4.84,2025-12-02,test,0
pay_00000000002291,setl_T1RNGA_0080,bnk_000000000082,7868.99,upi,0.00,0.00,78.69,2025-12-02,test,0
pay_00000000002339,setl_T1RNGA_0080,bnk_000000000082,528.75,wallet,9.52,1.71,0.00,2025-12-02,test,0
pay_00000000002439,setl_T1RNGA_0080,bnk_000000000082,1076.00,netbanking,15.00,2.70,0.00,2025-12-02,test,0
pay_00000000002458,setl_T1RNGA_0080,bnk_000000000082,276.99,card,6.37,1.15,2.77,2025-12-02,test,0
pay_00000000002511,setl_T1RNGA_0080,bnk_000000000082,1012.07,netbanking,15.00,2.70,10.12,2025-12-02,test,0
pay_00000000002526,setl_T1RNGA_0080,bnk_000000000082,3303.00,upi,0.00,0.00,33.03,2025-12-02,test,0
pay_00000000002817,setl_T1RNGA_0080,bnk_000000000082,1984.49,card,45.64,8.22,0.00,2025-12-02,test,0
pay_00000000002919,setl_T1RNGA_0080,bnk_000000000082,405.11,upi,0.00,0.00,4.05,2025-12-02,test,0
pay_00000000003041,setl_T1RNGA_0080,bnk_000000000082,930.00,upi,0.00,0.00,9.30,2025-12-02,test,0
pay_00000000003149,setl_T1RNGA_0080,bnk_000000000082,275.00,upi,0.00,0.00,0.00,2025-12-02,test,0
pay_00000000003356,setl_T1RNGA_0080,bnk_000000000082,2912.99,card,67.00,12.06,0.00,2025-12-02,test,0
pay_00000000003512,setl_T1RNGA_0080,bnk_000000000082,245.00,upi,0.00,0.00,2.45,2025-12-02,test,0
pay_00000000003556,setl_T1RNGA_0080,bnk_000000000082,715.17,upi,0.00,0.00,7.15,2025-12-02,test,0
pay_00000000003640,setl_T1RNGA_0080,bnk_000000000082,3221.03,upi,0.00,0.00,32.21,2025-12-02,test,0
pay_00000000000178,setl_T1RNGA_0081,bnk_000000000083,248.69,wallet,4.48,0.81,2.49,2025-12-03,test,0
pay_00000000000541,setl_T1RNGA_0081,bnk_000000000083,332.80,card,7.65,1.38,0.00,2025-12-03,test,0
pay_00000000001170,setl_T1RNGA_0081,bnk_000000000083,415.00,card,9.55,1.72,4.15,2025-12-03,test,0
pay_00000000001190,setl_T1RNGA_0081,bnk_000000000083,886.56,card,20.39,3.67,0.00,2025-12-03,test,0
pay_00000000001721,setl_T1RNGA_0081,bnk_000000000083,464.10,card,10.67,1.92,0.00,2025-12-03,test,0
pay_00000000002064,setl_T1RNGA_0081,bnk_000000000083,160.52,upi,0.00,0.00,0.00,2025-12-03,test,0
pay_00000000002088,setl_T1RNGA_0081,bnk_000000000083,264.22,upi,0.00,0.00,0.00,2025-12-03,test,0
pay_00000000002520,setl_T1RNGA_0081,bnk_000000000083,896.77,upi,0.00,0.00,0.00,2025-12-03,test,0
pay_00000000002670,setl_T1RNGA_0081,bnk_000000000083,281.80,card,6.48,1.17,2.82,2025-12-03,test,0
pay_00000000003211,setl_T1RNGA_0081,bnk_000000000083,493.99,upi,0.00,0.00,4.94,2025-12-03,test,0
pay_00000000000070,setl_T1RNGA_0082,bnk_000000000084,740.99,card,17.04,3.07,7.41,2025-12-03,test,0
pay_00000000000286,setl_T1RNGA_0082,bnk_000000000084,3242.60,wallet,58.37,10.51,0.00,2025-12-03,test,0
pay_00000000000298,setl_T1RNGA_0082,bnk_000000000084,2411.43,upi,0.00,0.00,0.00,2025-12-03,test,0
pay_00000000000611,setl_T1RNGA_0082,bnk_000000000084,884.79,wallet,15.93,2.87,8.85,2025-12-03,test,0
pay_00000000000950,setl_T1RNGA_0082,bnk_000000000084,3172.22,upi,0.00,0.00,0.00,2025-12-03,test,0
pay_00000000000965,setl_T1RNGA_0082,bnk_000000000084,984.47,netbanking,15.00,2.70,9.84,2025-12-03,test,0
pay_00000000001174,setl_T1RNGA_0082,bnk_000000000084,238.62,upi,0.00,0.00,2.39,2025-12-03,test,0
pay_00000000001205,setl_T1RNGA_0082,bnk_000000000084,982.00,upi,0.00,0.00,9.82,2025-12-03,test,0
pay_00000000001480,setl_T1RNGA_0082,bnk_000000000084,837.96,upi,0.00,0.00,0.00,2025-12-03,test,0
pay_00000000001815,setl_T1RNGA_0082,bnk_000000000084,3453.82,card,79.44,14.30,0.00,2025-12-03,test,0
pay_00000000001869,setl_T1RNGA_0082,bnk_000000000084,1051.99,upi,0.00,0.00,0.00,2025-12-03,test,0
pay_00000000001882,setl_T1RNGA_0082,bnk_000000000084,443.47,card,10.20,1.84,0.00,2025-12-03,test,0
pay_00000000002475,setl_T1RNGA_0082,bnk_000000000084,2416.88,card,55.59,10.01,24.17,2025-12-03,test,0
pay_00000000002647,setl_T1RNGA_0082,bnk_000000000084,431.07,upi,0.00,0.00,4.31,2025-12-03,test,0
pay_00000000002652,setl_T1RNGA_0082,bnk_000000000084,674.91,card,15.52,2.79,6.75,2025-12-03,test,0
pay_00000000002934,setl_T1RNGA_0082,bnk_000000000084,3299.00,card,75.88,13.66,0.00,2025-12-03,test,0
pay_00000000002961,setl_T1RNGA_0082,bnk_000000000084,1126.61,upi,0.00,0.00,0.00,2025-12-03,test,0
pay_00000000003114,setl_T1RNGA_0082,bnk_000000000084,605.44,upi,0.00,0.00,0.00,2025-12-03,test,0
pay_00000000003277,setl_T1RNGA_0082,bnk_000000000084,1069.44,card,24.60,4.43,0.00,2025-12-03,test,0
pay_00000000003713,setl_T1RNGA_0082,bnk_000000000084,980.87,card,22.56,4.06,0.00,2025-12-03,test,0
pay_00000000003892,setl_T1RNGA_0082,bnk_000000000084,438.02,netbanking,15.00,2.70,4.38,2025-12-03,test,0
pay_00000000003941,setl_T1RNGA_0082,bnk_000000000084,704.00,upi,0.00,0.00,0.00,2025-12-03,test,0
pay_00000000004003,setl_T1RNGA_0082,bnk_000000000084,848.32,upi,0.00,0.00,8.48,2025-12-03,test,0
pay_00000000004107,setl_T1RNGA_0082,bnk_000000000084,365.17,card,8.40,1.51,3.65,2025-12-03,test,0
pay_00000000000089,setl_T1RNGA_0083,bnk_000000000085,703.00,card,16.17,2.91,7.03,2025-12-03,test,0
pay_00000000000093,setl_T1RNGA_0083,bnk_000000000085,957.00,upi,0.00,0.00,9.57,2025-12-03,test,0
pay_00000000000201,setl_T1RNGA_0083,bnk_000000000085,747.06,card,17.18,3.09,7.47,2025-12-03,test,0
pay_00000000000238,setl_T1RNGA_0083,bnk_000000000085,460.61,upi,0.00,0.00,4.61,2025-12-03,test,0
pay_00000000000261,setl_T1RNGA_0083,bnk_000000000085,948.99,netbanking,15.00,2.70,9.49,2025-12-03,test,0
pay_00000000000503,setl_T1RNGA_0083,bnk_000000000085,1054.00,wallet,18.97,3.41,10.54,2025-12-03,test,0
pay_00000000000546,setl_T1RNGA_0083,bnk_000000000085,246.99,card,5.68,1.02,0.00,2025-12-03,test,0
pay_00000000000613,setl_T1RNGA_0083,bnk_000000000085,445.58,upi,0.00,0.00,0.00,2025-12-03,test,0
pay_00000000000821,setl_T1RNGA_0083,bnk_000000000085,974.99,card,22.42,4.04,9.75,2025-12-03,test,0
pay_00000000000845,setl_T1RNGA_0083,bnk_000000000085,772.33,netbanking,15.00,2.70,0.00,2025-12-03,test,0
pay_00000000000958,setl_T1RNGA_0083,bnk_000000000085,887.63,card,20.42,3.68,8.88,2025-12-03,test,0
pay_00000000000961,setl_T1RNGA_0083,bnk_000000000085,965.76,upi,0.00,0.00,9.66,2025-12-03,test,0
pay_00000000001119,setl_T1RNGA_0083,bnk_000000000085,717.00,card,16.49,2.97,0.00,2025-12-03,test,0
pay_00000000001286,setl_T1RNGA_0083,bnk_000000000085,1369.99,card,31.51,5.67,13.70,2025-12-03,test,0
pay_00000000001394,setl_T1RNGA_0083,bnk_000000000085,750.00,card,17.25,3.11,0.00,2025-12-03,test,0
pay_00000000001663,setl_T1RNGA_0083,bnk_000000000085,805.00,card,18.52,3.33,8.05,2025-12-03,test,0
pay_00000000001716,setl_T1RNGA_0083,bnk_000000000085,925.71,upi,0.00,0.00,9.26,2025-12-03,test,0
pay_00000000001892,setl_T1RNGA_0083,bnk_000000000085,5965.00,card,137.20,24.70,0.00,2025-12-03,test,0
pay_00000000001986,setl_T1RNGA_0083,bnk_000000000085,9499.55,upi,0.00,0.00,95.00,2025-12-03,test,0
pay_00000000002124,setl_T1RNGA_0083,bnk_000000000085,620.00,upi,0.00,0.00,6.20,2025-12-03,test,0
pay_00000000002162,setl_T1RNGA_0083,bnk_000000000085,521.76,upi,0.00,0.00,0.00,2025-12-03,test,0
pay_00000000002230,setl_T1RNGA_0083,bnk_000000000085,437.52,card,10.06,1.81,4.38,2025-12-03,test,0
pay_00000000002245,setl_T1RNGA_0083,bnk_000000000085,116.48,card,2.68,0.48,1.16,2025-12-03,test,0
pay_00000000002296,setl_T1RNGA_0083,bnk_000000000085,283.00,card,6.51,1.17,0.00,2025-12-03,test,0
pay_00000000002328,setl_T1RNGA_0083,bnk_000000000085,7545.44,upi,0.00,0.00,0.00,2025-12-03,test,0
pay_00000000002427,setl_T1RNGA_0083,bnk_000000000085,435.46,upi,0.00,0.00,4.35,2025-12-03,test,0
pay_00000000002463,setl_T1RNGA_0083,bnk_000000000085,863.35,card,19.86,3.57,0.00,2025-12-03,test,0
pay_00000000002497,setl_T1RNGA_0083,bnk_000000000085,505.72,upi,0.00,0.00,0.00,2025-12-03,test,0
pay_00000000002504,setl_T1RNGA_0083,bnk_000000000085,960.75,card,22.10,3.98,9.61,2025-12-03,test,0
pay_00000000002765,setl_T1RNGA_0083,bnk_000000000085,9370.93,upi,0.00,0.00,93.71,2025-12-03,test,0
pay_00000000002849,setl_T1RNGA_0083,bnk_000000000085,341.70,netbanking,15.00,2.70,0.00,2025-12-03,test,0
pay_00000000002926,setl_T1RNGA_0083,bnk_000000000085,14479.00,upi,0.00,0.00,144.79,2025-12-03,test,0
pay_00000000003012,setl_T1RNGA_0083,bnk_000000000085,544.15,card,12.52,2.25,0.00,2025-12-03,test,0
pay_00000000003248,setl_T1RNGA_0083,bnk_000000000085,754.00,card,17.34,3.12,7.54,2025-12-03,test,0
pay_00000000003317,setl_T1RNGA_0083,bnk_000000000085,1039.00,upi,0.00,0.00,10.39,2025-12-03,test,0
pay_00000000003334,setl_T1RNGA_0083,bnk_000000000085,4097.54,card,94.24,16.96,40.98,2025-12-03,test,0
pay_00000000003349,setl_T1RNGA_0083,bnk_000000000085,3335.65,netbanking,15.00,2.70,0.00,2025-12-03,test,0
pay_00000000003399,setl_T1RNGA_0083,bnk_000000000085,957.00,upi,0.00,0.00,0.00,2025-12-03,test,0
pay_00000000003401,setl_T1RNGA_0083,bnk_000000000085,574.00,upi,0.00,0.00,5.74,2025-12-03,test,0
pay_00000000003577,setl_T1RNGA_0083,bnk_000000000085,941.00,upi,0.00,0.00,0.00,2025-12-03,test,0
pay_00000000003654,setl_T1RNGA_0083,bnk_000000000085,374.00,netbanking,15.00,2.70,0.00,2025-12-03,test,0
pay_00000000003664,setl_T1RNGA_0083,bnk_000000000085,447.89,wallet,8.06,1.45,0.00,2025-12-03,test,0
pay_00000000003718,setl_T1RNGA_0083,bnk_000000000085,937.99,upi,0.00,0.00,0.00,2025-12-03,test,0
pay_00000000003813,setl_T1RNGA_0083,bnk_000000000085,814.02,upi,0.00,0.00,8.14,2025-12-03,test,0
pay_00000000003860,setl_T1RNGA_0083,bnk_000000000085,3343.01,card,76.89,13.84,33.43,2025-12-03,test,0
pay_00000000003949,setl_T1RNGA_0083,bnk_000000000085,123.99,card,2.85,0.51,1.24,2025-12-03,test,0
pay_00000000000025,setl_T1RNGA_0084,bnk_000000000086,366.08,upi,0.00,0.00,3.66,2025-12-03,test,0
pay_00000000000065,setl_T1RNGA_0084,bnk_000000000086,759.60,upi,0.00,0.00,0.00,2025-12-03,test,0
pay_00000000000109,setl_T1RNGA_0084,bnk_000000000086,924.99,card,21.27,3.83,9.25,2025-12-03,test,0
pay_00000000000227,setl_T1RNGA_0084,bnk_000000000086,702.00,upi,0.00,0.00,7.02,2025-12-03,test,0
pay_00000000000307,setl_T1RNGA_0084,bnk_000000000086,313.00,netbanking,15.00,2.70,0.00,2025-12-03,test,0
pay_00000000000335,setl_T1RNGA_0084,bnk_000000000086,850.00,card,19.55,3.52,8.50,2025-12-03,test,0
pay_00000000000523,setl_T1RNGA_0084,bnk_000000000086,3069.82,card,70.61,12.71,30.70,2025-12-03,test,0
pay_00000000000621,setl_T1RNGA_0084,bnk_000000000086,1029.72,upi,0.00,0.00,0.00,2025-12-03,test,0
pay_00000000000694,setl_T1RNGA_0084,bnk_000000000086,509.16,upi,0.00,0.00,0.00,2025-12-03,test,0
pay_00000000000826,setl_T1RNGA_0084,bnk_000000000086,379.68,netbanking,15.00,2.70,3.80,2025-12-03,test,0
pay_00000000000911,setl_T1RNGA_0084,bnk_000000000086,1010.00,upi,0.00,0.00,0.00,2025-12-03,test,0
pay_00000000000917,setl_T1RNGA_0084,bnk_000000000086,2692.63,netbanking,15.00,2.70,26.93,2025-12-03,test,0
pay_00000000001026,setl_T1RNGA_0084,bnk_000000000086,531.99,upi,0.00,0.00,5.32,2025-12-03,test,0
pay_00000000001061,setl_T1RNGA_0084,bnk_000000000086,2716.99,upi,0.00,0.00,0.00,2025-12-03,test,0
pay_00000000001102,setl_T1RNGA_0084,bnk_000000000086,1797.79,upi,0.00,0.00,17.98,2025-12-03,test,0
pay_00000000001146,setl_T1RNGA_0084,bnk_000000000086,392.03,upi,0.00,0.00,0.00,2025-12-03,test,0
pay_00000000001160,setl_T1RNGA_0084,bnk_000000000086,248.99,upi,0.00,0.00,0.00,2025-12-03,test,0
pay_00000000001220,setl_T1RNGA_0084,bnk_000000000086,831.67,upi,0.00,0.00,0.00,2025-12-03,test,0
pay_00000000001265,setl_T1RNGA_0084,bnk_000000000086,8262.00,upi,0.00,0.00,0.00,2025-12-03,test,0
pay_00000000001407,setl_T1RNGA_0084,bnk_000000000086,1438.99,card,33.10,5.96,0.00,2025-12-03,test,0
pay_00000000001459,setl_T1RNGA_0084,bnk_000000000086,710.32,card,16.34,2.94,0.00,2025-12-03,test,0
pay_00000000001491,setl_T1RNGA_0084,bnk_000000000086,575.21,upi,0.00,0.00,0.00,2025-12-03,test,0
pay_00000000001506,setl_T1RNGA_0084,bnk_000000000086,3256.33,wallet,58.61,10.55,0.00,2025-12-03,test,0
pay_00000000001548,setl_T1RNGA_0084,bnk_000000000086,464.01,upi,0.00,0.00,0.00,2025-12-03,test,0
pay_00000000001570,setl_T1RNGA_0084,bnk_000000000086,133.00,wallet,2.39,0.43,0.00,2025-12-03,test,0
pay_00000000001605,setl_T1RNGA_0084,bnk_000000000086,2758.00,card,63.43,11.42,0.00,2025-12-03,test,0
pay_00000000001743,setl_T1RNGA_0084,bnk_000000000086,2734.00,upi,0.00,0.00,27.34,2025-12-03,test,0
pay_00000000001859,setl_T1RNGA_0084,bnk_000000000086,177.46,card,4.08,0.73,1.77,2025-12-03,test,0
pay_00000000001896,setl_T1RNGA_0084,bnk_000000000086,318.00,card,7.31,1.32,0.00,2025-12-03,test,0
pay_00000000002143,setl_T1RNGA_0084,bnk_000000000086,190.99,upi,0.00,0.00,1.91,2025-12-03,test,0
pay_00000000002350,setl_T1RNGA_0084,bnk_000000000086,469.99,upi,0.00,0.00,4.70,2025-12-03,test,0
pay_00000000002450,setl_T1RNGA_0084,bnk_000000000086,170.20,netbanking,15.00,2.70,1.70,2025-12-03,test,0
pay_00000000002506,setl_T1RNGA_0084,bnk_000000000086,2203.49,wallet,39.66,7.14,0.00,2025-12-03,test,0
pay_00000000002629,setl_T1RNGA_0084,bnk_000000000086,1380.00,upi,0.00,0.00,0.00,2025-12-03,test,0
pay_00000000002654,setl_T1RNGA_0084,bnk_000000000086,339.00,card,7.80,1.40,3.39,2025-12-03,test,0
pay_00000000002686,setl_T1RNGA_0084,bnk_000000000086,443.81,card,10.21,1.84,0.00,2025-12-03,test,0
pay_00000000002749,setl_T1RNGA_0084,bnk_000000000086,496.00,upi,0.00,0.00,4.96,2025-12-03,test,0
pay_00000000002846,setl_T1RNGA_0084,bnk_000000000086,190.99,card,4.39,0.79,0.00,2025-12-03,test,0
pay_00000000003004,setl_T1RNGA_0084,bnk_000000000086,1185.71,upi,0.00,0.00,11.86,2025-12-03,test,0
pay_00000000003030,setl_T1RNGA_0084,bnk_000000000086,940.39,upi,0.00,0.00,9.40,2025-12-03,test,0
pay_00000000003091,setl_T1RNGA_0084,bnk_000000000086,988.73,upi,0.00,0.00,9.89,2025-12-03,test,0
pay_00000000003125,setl_T1RNGA_0084,bnk_000000000086,984.00,upi,0.00,0.00,9.84,2025-12-03,test,0
pay_00000000003187,setl_T1RNGA_0084,bnk_000000000086,206.67,card,4.75,0.86,0.00,2025-12-03,test,0
pay_00000000003537,setl_T1RNGA_0084,bnk_000000000086,644.00,upi,0.00,0.00,0.00,2025-12-03,test,0
pay_00000000003558,setl_T1RNGA_0084,bnk_000000000086,363.54,wallet,6.54,1.18,0.00,2025-12-03,test,0
pay_00000000003571,setl_T1RNGA_0084,bnk_000000000086,275.36,upi,0.00,0.00,2.75,2025-12-03,test,0
pay_00000000003618,setl_T1RNGA_0084,bnk_000000000086,843.59,wallet,15.18,2.73,8.44,2025-12-03,test,0
pay_00000000003637,setl_T1RNGA_0084,bnk_000000000086,1502.99,upi,0.00,0.00,15.03,2025-12-03,test,0
pay_00000000003682,setl_T1RNGA_0084,bnk_000000000086,935.44,card,21.52,3.87,9.35,2025-12-03,test,0
pay_00000000003806,setl_T1RNGA_0084,bnk_000000000086,1051.99,upi,0.00,0.00,10.52,2025-12-03,test,0
pay_00000000003977,setl_T1RNGA_0084,bnk_000000000086,15483.97,card,356.13,64.10,154.84,2025-12-03,test,0
pay_00000000004045,setl_T1RNGA_0084,bnk_000000000086,811.00,upi,0.00,0.00,8.11,2025-12-03,test,0
pay_00000000004078,setl_T1RNGA_0084,bnk_000000000086,992.00,wallet,17.86,3.21,0.00,2025-12-03,test,0
pay_00000000004121,setl_T1RNGA_0084,bnk_000000000086,823.76,upi,0.00,0.00,0.00,2025-12-03,test,0
