payment_id,settlement_id,bank_txn_id,amount,method,fee,gst,tds,settle_date,split,ambiguous
pay_00000000000404,setl_merchant_1_0001,bnk_000000000001,728.00,wallet,13.10,2.36,7.28,2025-11-04,train,0
pay_00000000001343,setl_merchant_1_0001,bnk_000000000001,388.93,netbanking,15.00,2.70,0.00,2025-11-04,train,0
pay_00000000001719,setl_merchant_1_0001,bnk_000000000001,704.00,upi,0.00,0.00,0.00,2025-11-04,train,0
pay_00000000001868,setl_merchant_1_0001,bnk_000000000001,1048.73,upi,0.00,0.00,10.49,2025-11-04,train,0
pay_00000000002222,setl_merchant_1_0001,bnk_000000000001,1052.00,wallet,18.94,3.41,0.00,2025-11-04,train,0
pay_00000000003172,setl_merchant_1_0001,bnk_000000000001,156.87,upi,0.00,0.00,1.57,2025-11-04,train,0
pay_00000000003359,setl_merchant_1_0001,bnk_000000000001,305.27,upi,0.00,0.00,0.00,2025-11-04,train,0
pay_00000000003364,setl_merchant_1_0001,bnk_000000000001,960.00,card,19.20,3.46,9.60,2025-11-04,train,0
pay_00000000003705,setl_merchant_1_0001,bnk_000000000001,3273.21,wallet,58.92,10.61,32.73,2025-11-04,train,0
pay_00000000003754,setl_merchant_1_0001,bnk_000000000001,830.99,upi,0.00,0.00,8.31,2025-11-04,train,0
pay_00000000004069,setl_merchant_1_0001,bnk_000000000001,876.39,upi,0.00,0.00,8.76,2025-11-04,train,0
pay_00000000004814,setl_merchant_1_0001,bnk_000000000001,504.00,card,10.08,1.81,5.04,2025-11-04,train,0
pay_00000000000047,setl_merchant_1_0002,bnk_000000000002,1229.78,upi,0.00,0.00,12.30,2025-11-04,train,0
pay_00000000000394,setl_merchant_1_0002,bnk_000000000002,3573.00,netbanking,15.00,2.70,35.73,2025-11-04,train,0
pay_00000000000407,setl_merchant_1_0002,bnk_000000000002,961.35,card,19.23,3.46,0.00,2025-11-04,train,0
pay_00000000000409,setl_merchant_1_0002,bnk_000000000002,873.00,upi,0.00,0.00,0.00,2025-11-04,train,0
pay_00000000000443,setl_merchant_1_0002,bnk_000000000002,677.54,upi,0.00,0.00,0.00,2025-11-04,train,0
pay_00000000000499,setl_merchant_1_0002,bnk_000000000002,660.99,upi,0.00,0.00,0.00,2025-11-04,train,0
pay_00000000000625,setl_merchant_1_0002,bnk_000000000002,607.52,card,12.15,2.19,0.00,2025-11-04,train,0
pay_00000000000779,setl_merchant_1_0002,bnk_000000000002,636.99,wallet,11.47,2.06,0.00,2025-11-04,train,0
pay_00000000000935,setl_merchant_1_0002,bnk_000000000002,1570.99,upi,0.00,0.00,15.71,2025-11-04,train,0
pay_00000000000973,setl_merchant_1_0002,bnk_000000000002,116.99,upi,0.00,0.00,0.00,2025-11-04,train,0
pay_00000000001272,setl_merchant_1_0002,bnk_000000000002,544.00,upi,0.00,0.00,0.00,2025-11-04,train,0
pay_00000000001316,setl_merchant_1_0002,bnk_000000000002,3114.59,card,62.29,11.21,0.00,2025-11-04,train,0
pay_00000000001319,setl_merchant_1_0002,bnk_000000000002,2437.62,card,48.75,8.78,24.38,2025-11-04,train,0
pay_00000000001645,setl_merchant_1_0002,bnk_000000000002,640.99,upi,0.00,0.00,6.41,2025-11-04,train,0
pay_00000000002162,setl_merchant_1_0002,bnk_000000000002,344.99,upi,0.00,0.00,3.45,2025-11-04,train,0
pay_00000000002488,setl_merchant_1_0002,bnk_000000000002,2951.24,upi,0.00,0.00,0.00,2025-11-04,train,0
pay_00000000002578,setl_merchant_1_0002,bnk_000000000002,114.99,upi,0.00,0.00,1.15,2025-11-04,train,0
pay_00000000002982,setl_merchant_1_0002,bnk_000000000002,246.98,card,4.94,0.89,2.47,2025-11-04,train,0
pay_00000000003144,setl_merchant_1_0002,bnk_000000000002,246.22,upi,0.00,0.00,2.46,2025-11-04,train,0
pay_00000000003825,setl_merchant_1_0002,bnk_000000000002,388.00,upi,0.00,0.00,3.88,2025-11-04,train,0
pay_00000000003984,setl_merchant_1_0002,bnk_000000000002,5568.09,card,111.36,20.04,55.68,2025-11-04,train,0
pay_00000000004012,setl_merchant_1_0002,bnk_000000000002,1028.00,card,20.56,3.70,0.00,2025-11-04,train,0
pay_00000000004103,setl_merchant_1_0002,bnk_000000000002,600.99,upi,0.00,0.00,0.00,2025-11-04,train,0
pay_00000000004289,setl_merchant_1_0002,bnk_000000000002,124.32,upi,0.00,0.00,0.00,2025-11-04,train,0
pay_00000000004449,setl_merchant_1_0002,bnk_000000000002,461.00,wallet,8.30,1.49,0.00,2025-11-04,train,0
pay_00000000004499,setl_merchant_1_0002,bnk_000000000002,11874.12,card,237.48,42.75,118.74,2025-11-04,train,0
pay_00000000004502,setl_merchant_1_0002,bnk_000000000002,735.31,netbanking,15.00,2.70,0.00,2025-11-04,train,0
pay_00000000004680,setl_merchant_1_0002,bnk_000000000002,3216.00,wallet,57.89,10.42,32.16,2025-11-04,train,0
pay_00000000004893,setl_merchant_1_0002,bnk_000000000002,729.00,wallet,13.12,2.36,0.00,2025-11-04,train,0
pay_00000000000055,setl_merchant_1_0003,bnk_000000000003,115.00,upi,0.00,0.00,0.00,2025-11-04,train,0
pay_00000000000115,setl_merchant_1_0003,bnk_000000000003,798.00,upi,0.00,0.00,0.00,2025-11-04,train,0
pay_00000000000155,setl_merchant_1_0003,bnk_000000000003,797.29,card,15.95,2.87,7.97,2025-11-04,train,0
pay_00000000000223,setl_merchant_1_0003,bnk_000000000003,1409.02,upi,0.00,0.00,0.00,2025-11-04,train,0
pay_00000000000292,setl_merchant_1_0003,bnk_000000000003,488.99,card,9.78,1.76,0.00,2025-11-04,train,0
pay_00000000000637,setl_merchant_1_0003,bnk_000000000003,692.00,card,13.84,2.49,0.00,2025-11-04,train,0
pay_00000000000810,setl_merchant_1_0003,bnk_000000000003,671.87,upi,0.00,0.00,0.00,2025-11-04,train,0
pay_00000000000912,setl_merchant_1_0003,bnk_000000000003,411.32,upi,0.00,0.00,4.11,2025-11-04,train,0
pay_00000000000947,setl_merchant_1_0003,bnk_000000000003,327.09,upi,0.00,0.00,3.27,2025-11-04,train,0
pay_00000000000978,setl_merchant_1_0003,bnk_000000000003,382.99,upi,0.00,0.00,3.83,2025-11-04,train,0
pay_00000000000984,setl_merchant_1_0003,bnk_000000000003,580.00,upi,0.00,0.00,5.80,2025-11-04,train,0
pay_00000000000992,setl_merchant_1_0003,bnk_000000000003,2815.77,upi,0.00,0.00,28.16,2025-11-04,train,0
pay_00000000000994,setl_merchant_1_0003,bnk_000000000003,482.14,upi,0.00,0.00,0.00,2025-11-04,train,0
pay_00000000001015,setl_merchant_1_0003,bnk_000000000003,617.65,card,12.35,2.22,6.18,2025-11-04,train,0
pay_00000000001068,setl_merchant_1_0003,bnk_000000000003,1062.99,netbanking,15.00,2.70,10.63,2025-11-04,train,0
pay_00000000001408,setl_merchant_1_0003,bnk_000000000003,783.99,wallet,14.11,2.54,0.00,2025-11-04,train,0
pay_00000000001483,setl_merchant_1_0003,bnk_000000000003,587.55,upi,0.00,0.00,0.00,2025-11-04,train,0
pay_00000000001604,setl_merchant_1_0003,bnk_000000000003,1022.00,card,20.44,3.68,10.22,2025-11-04,train,0
pay_00000000001710,setl_merchant_1_0003,bnk_000000000003,389.00,card,7.78,1.40,0.00,2025-11-04,train,0
pay_00000000001764,setl_merchant_1_0003,bnk_000000000003,660.31,upi,0.00,0.00,6.60,2025-11-04,train,0
pay_00000000001994,setl_merchant_1_0003,bnk_000000000003,407.00,upi,0.00,0.00,0.00,2025-11-04,train,0
pay_00000000002046,setl_merchant_1_0003,bnk_000000000003,501.55,netbanking,15.00,2.70,5.02,2025-11-04,train,0
pay_00000000002149,setl_merchant_1_0003,bnk_000000000003,680.00,upi,0.00,0.00,0.00,2025-11-04,train,0
pay_00000000002245,setl_merchant_1_0003,bnk_000000000003,135.99,upi,0.00,0.00,1.36,2025-11-04,train,0
pay_00000000002311,setl_merchant_1_0003,bnk_000000000003,1036.83,wallet,18.66,3.36,0.00,2025-11-04,train,0
pay_00000000002327,setl_merchant_1_0003,bnk_000000000003,594.84,card,11.90,2.14,0.00,2025-11-04,train,0
pay_00000000002363,setl_merchant_1_0003,bnk_000000000003,570.70,upi,0.00,0.00,0.00,2025-11-04,train,0
pay_00000000002485,setl_merchant_1_0003,bnk_000000000003,243.11,netbanking,15.00,2.70,0.00,2025-11-04,train,0
pay_00000000002527,setl_merchant_1_0003,bnk_000000000003,128.00,upi,0.00,0.00,1.28,2025-11-04,train,0
pay_00000000002607,setl_merchant_1_0003,bnk_000000000003,192.28,upi,0.00,0.00,1.92,2025-11-04,train,0
pay_00000000002717,setl_merchant_1_0003,bnk_000000000003,958.29,wallet,17.25,3.11,0.00,2025-11-04,train,0
pay_00000000002808,setl_merchant_1_0003,bnk_000000000003,866.50,upi,0.00,0.00,8.67,2025-11-04,train,0
pay_00000000002939,setl_merchant_1_0003,bnk_000000000003,669.00,card,13.38,2.41,6.69,2025-11-04,train,0
pay_00000000003111,setl_merchant_1_0003,bnk_000000000003,544.51,upi,0.00,0.00,0.00,2025-11-04,train,0
pay_00000000003122,setl_merchant_1_0003,bnk_000000000003,502.07,upi,0.00,0.00,5.02,2025-11-04,train,0
pay_00000000003137,setl_merchant_1_0003,bnk_000000000003,721.99,upi,0.00,0.00,7.22,2025-11-04,train,0
pay_00000000003287,setl_merchant_1_0003,bnk_000000000003,932.32,wallet,16.78,3.02,9.32,2025-11-04,train,0
pay_00000000003435,setl_merchant_1_0003,bnk_000000000003,615.47,upi,0.00,0.00,6.15,2025-11-04,train,0
pay_00000000003476,setl_merchant_1_0003,bnk_000000000003,2990.31,card,59.81,10.77,0.00,2025-11-04,train,0
pay_00000000003532,setl_merchant_1_0003,bnk_000000000003,877.99,wallet,15.80,2.84,8.78,2025-11-04,train,0
pay_00000000003575,setl_merchant_1_0003,bnk_000000000003,1071.00,upi,0.00,0.00,0.00,2025-11-04,train,0
pay_00000000003588,setl_merchant_1_0003,bnk_000000000003,802.51,card,16.05,2.89,0.00,2025-11-04,train,0
pay_00000000003606,setl_merchant_1_0003,bnk_000000000003,1808.69,netbanking,15.00,2.70,0.00,2025-11-04,train,0
pay_00000000003819,setl_merchant_1_0003,bnk_000000000003,629.66,upi,0.00,0.00,0.00,2025-11-04,train,0
pay_00000000003854,setl_merchant_1_0003,bnk_000000000003,370.00,wallet,6.66,1.20,3.70,2025-11-04,train,0
pay_00000000003897,setl_merchant_1_0003,bnk_000000000003,923.00,upi,0.00,0.00,9.23,2025-11-04,train,0
pay_00000000003974,setl_merchant_1_0003,bnk_000000000003,829.58,upi,0.00,0.00,0.00,2025-11-04,train,0
pay_00000000004105,setl_merchant_1_0003,bnk_000000000003,595.99,upi,0.00,0.00,0.00,2025-11-04,train,0
pay_00000000004223,setl_merchant_1_0003,bnk_000000000003,604.99,wallet,10.89,1.96,6.05,2025-11-04,train,0
pay_00000000004276,setl_merchant_1_0003,bnk_000000000003,993.90,card,19.88,3.58,9.94,2025-11-04,train,0
pay_00000000004288,setl_merchant_1_0003,bnk_000000000003,1231.51,upi,0.00,0.00,0.00,2025-11-04,train,0
pay_00000000004394,setl_merchant_1_0003,bnk_000000000003,2396.99,wallet,43.15,7.77,0.00,2025-11-04,train,0
pay_00000000004458,setl_merchant_1_0003,bnk_000000000003,943.99,netbanking,15.00,2.70,9.44,2025-11-04,train,0
pay_00000000004656,setl_merchant_1_0003,bnk_000000000003,566.00,upi,0.00,0.00,5.66,2025-11-04,train,0
pay_00000000004717,setl_merchant_1_0003,bnk_000000000003,1089.99,netbanking,15.00,2.70,10.90,2025-11-04,train,0
pay_00000000004759,setl_merchant_1_0003,bnk_000000000003,578.74,upi,0.00,0.00,5.79,2025-11-04,train,0
pay_00000000004806,setl_merchant_1_0003,bnk_000000000003,367.99,upi,0.00,0.00,0.00,2025-11-04,train,0
pay_00000000000325,setl_merchant_1_0004,bnk_000000000004,3523.99,upi,0.00,0.00,35.24,2025-11-04,train,0
pay_00000000000475,setl_merchant_1_0004,bnk_000000000004,805.47,card,16.11,2.90,0.00,2025-11-04,train,0
pay_00000000000659,setl_merchant_1_0004,bnk_000000000004,632.57,upi,0.00,0.00,6.33,2025-11-04,train,0
pay_00000000000778,setl_merchant_1_0004,bnk_000000000004,708.00,card,14.16,2.55,7.08,2025-11-04,train,0
pay_00000000000785,setl_merchant_1_0004,bnk_000000000004,3138.00,upi,0.00,0.00,31.38,2025-11-04,train,0
pay_00000000000827,setl_merchant_1_0004,bnk_000000000004,765.00,upi,0.00,0.00,7.65,2025-11-04,train,0
pay_00000000001111,setl_merchant_1_0004,bnk_000000000004,3455.99,card,69.12,12.44,0.00,2025-11-04,train,0
pay_00000000001142,setl_merchant_1_0004,bnk_000000000004,498.36,card,9.97,1.79,0.00,2025-11-04,train,0
pay_00000000001151,setl_merchant_1_0004,bnk_000000000004,161.75,upi,0.00,0.00,0.00,2025-11-04,train,0
pay_00000000001328,setl_merchant_1_0004,bnk_000000000004,686.23,card,13.72,2.47,0.00,2025-11-04,train,0
pay_00000000001345,setl_merchant_1_0004,bnk_000000000004,958.00,card,19.16,3.45,0.00,2025-11-04,train,0
pay_00000000001391,setl_merchant_1_0004,bnk_000000000004,201.99,upi,0.00,0.00,2.02,2025-11-04,train,0
pay_00000000001621,setl_merchant_1_0004,bnk_000000000004,646.77,upi,0.00,0.00,6.47,2025-11-04,train,0
pay_00000000001696,setl_merchant_1_0004,bnk_000000000004,249.00,card,4.98,0.90,2.49,2025-11-04,train,0
pay_00000000001763,setl_merchant_1_0004,bnk_000000000004,529.99,upi,0.00,0.00,5.30,2025-11-04,train,0
pay_00000000001803,setl_merchant_1_0004,bnk_000000000004,803.32,upi,0.00,0.00,8.03,2025-11-04,train,0
pay_00000000001886,setl_merchant_1_0004,bnk_000000000004,15063.89,card,301.28,54.23,0.00,2025-11-04,train,0
pay_00000000002042,setl_merchant_1_0004,bnk_000000000004,2780.09,card,55.60,10.01,0.00,2025-11-04,train,0
pay_00000000002093,setl_merchant_1_0004,bnk_000000000004,309.99,upi,0.00,0.00,3.10,2025-11-04,train,0
pay_00000000002173,setl_merchant_1_0004,bnk_000000000004,1145.00,netbanking,15.00,2.70,0.00,2025-11-04,train,0
pay_00000000002434,setl_merchant_1_0004,bnk_000000000004,605.86,upi,0.00,0.00,0.00,2025-11-04,train,0
pay_00000000002990,setl_merchant_1_0004,bnk_000000000004,2970.36,upi,0.00,0.00,0.00,2025-11-04,train,0
pay_00000000003000,setl_merchant_1_0004,bnk_000000000004,435.00,card,8.70,1.57,4.35,2025-11-04,train,0
pay_00000000003098,setl_merchant_1_0004,bnk_000000000004,964.62,card,19.29,3.47,9.65,2025-11-04,train,0
pay_00000000003143,setl_merchant_1_0004,bnk_000000000004,682.84,card,13.66,2.46,0.00,2025-11-04,train,0
pay_00000000003170,setl_merchant_1_0004,bnk_000000000004,559.00,upi,0.00,0.00,0.00,2025-11-04,train,0
pay_00000000003212,setl_merchant_1_0004,bnk_000000000004,1060.99,upi,0.00,0.00,10.61,2025-11-04,train,0
pay_00000000003226,setl_merchant_1_0004,bnk_000000000004,1034.00,card,20.68,3.72,0.00,2025-11-04,train,0
pay_00000000003314,setl_merchant_1_0004,bnk_000000000004,3140.89,upi,0.00,0.00,0.00,2025-11-04,train,0
pay_00000000003368,setl_merchant_1_0004,bnk_000000000004,357.00,upi,0.00,0.00,3.57,2025-11-04,train,0
pay_00000000003479,setl_merchant_1_0004,bnk_000000000004,293.48,upi,0.00,0.00,0.00,2025-11-04,train,0
pay_00000000003513,setl_merchant_1_0004,bnk_000000000004,1036.91,card,20.74,3.73,0.00,2025-11-04,train,0
pay_00000000003530,setl_merchant_1_0004,bnk_000000000004,216.41,upi,0.00,0.00,2.16,2025-11-04,train,0
pay_00000000003538,setl_merchant_1_0004,bnk_000000000004,1621.99,card,32.44,5.84,16.22,2025-11-04,train,0
pay_00000000003539,setl_merchant_1_0004,bnk_000000000004,1359.06,wallet,24.46,4.40,13.59,2025-11-04,train,0
pay_00000000003666,setl_merchant_1_0004,bnk_000000000004,784.99,upi,0.00,0.00,7.85,2025-11-04,train,0
pay_00000000003713,setl_merchant_1_0004,bnk_000000000004,458.00,card,9.16,1.65,4.58,2025-11-04,train,0
pay_00000000003826,setl_merchant_1_0004,bnk_000000000004,993.00,upi,0.00,0.00,9.93,2025-11-04,train,0
pay_00000000003878,setl_merchant_1_0004,bnk_000000000004,3077.44,card,61.55,11.08,30.77,2025-11-04,train,0
pay_00000000003922,setl_merchant_1_0004,bnk_000000000004,441.99,card,8.84,1.59,4.42,2025-11-04,train,0
pay_00000000004090,setl_merchant_1_0004,bnk_000000000004,394.00,card,7.88,1.42,3.94,2025-11-04,train,0
pay_00000000004167,setl_merchant_1_0004,bnk_000000000004,232.99,card,4.66,0.84,0.00,2025-11-04,train,0
pay_00000000004185,setl_merchant_1_0004,bnk_000000000004,649.17,upi,0.00,0.00,0.00,2025-11-04,train,0
pay_00000000004285,setl_merchant_1_0004,bnk_000000000004,1051.00,upi,0.00,0.00,10.51,2025-11-04,train,0
pay_00000000004440,setl_merchant_1_0004,bnk_000000000004,2822.39,netbanking,15.00,2.70,28.22,2025-11-04,train,0
pay_00000000004577,setl_merchant_1_0004,bnk_000000000004,2555.18,upi,0.00,0.00,25.55,2025-11-04,train,0
pay_00000000004683,setl_merchant_1_0004,bnk_000000000004,713.00,card,14.26,2.57,0.00,2025-11-04,train,0
pay_00000000004923,setl_merchant_1_0004,bnk_000000000004,950.00,card,19.00,3.42,9.50,2025-11-04,train,0
pay_00000000000114,setl_merchant_1_0005,bnk_000000000005,4949.06,upi,12.37,2.23,0.00,2025-11-06,train,0
pay_00000000000148,setl_merchant_1_0005,bnk_000000000005,373.88,wallet,7.66,1.38,0.00,2025-11-06,train,0
pay_00000000000205,setl_merchant_1_0005,bnk_000000000005,871.55,netbanking,17.18,3.09,0.00,2025-11-06,train,0
pay_00000000000312,setl_merchant_1_0005,bnk_000000000005,508.31,wallet,10.42,1.88,5.08,2025-11-06,train,0
pay_00000000000324,setl_merchant_1_0005,bnk_000000000005,264.93,upi,0.66,0.12,0.00,2025-11-06,train,0
pay_00000000000372,setl_merchant_1_0005,bnk_000000000005,679.89,card,15.30,2.75,0.00,2025-11-06,train,0
pay_00000000000510,setl_merchant_1_0005,bnk_000000000005,727.90,upi,1.82,0.33,7.28,2025-11-06,train,0
pay_00000000000624,setl_merchant_1_0005,bnk_000000000005,278.00,upi,0.70,0.13,0.00,2025-11-06,train,0
pay_00000000001102,setl_merchant_1_0005,bnk_000000000005,242.99,netbanking,15.61,2.81,0.00,2025-11-06,train,0
pay_00000000001119,setl_merchant_1_0005,bnk_000000000005,618.50,card,13.92,2.51,0.00,2025-11-06,train,0
pay_00000000001201,setl_merchant_1_0005,bnk_000000000005,153.08,wallet,3.14,0.57,1.53,2025-11-06,train,0
pay_00000000001206,setl_merchant_1_0005,bnk_000000000005,432.73,card,9.73,1.75,4.33,2025-11-06,train,0
pay_00000000001278,setl_merchant_1_0005,bnk_000000000005,946.58,upi,2.37,0.43,9.47,2025-11-06,train,0
pay_00000000001363,setl_merchant_1_0005,bnk_000000000005,2062.00,card,46.40,8.35,20.62,2025-11-06,train,0
pay_00000000001566,setl_merchant_1_0005,bnk_000000000005,467.00,card,10.51,1.89,0.00,2025-11-06,train,0
pay_00000000001584,setl_merchant_1_0005,bnk_000000000005,563.99,wallet,11.56,2.08,5.64,2025-11-06,train,0
pay_00000000001682,setl_merchant_1_0005,bnk_000000000005,577.22,wallet,11.83,2.13,0.00,2025-11-06,train,0
pay_00000000002231,setl_merchant_1_0005,bnk_000000000005,870.96,wallet,17.86,3.21,0.00,2025-11-06,train,0
pay_00000000002333,setl_merchant_1_0005,bnk_000000000005,590.00,wallet,12.10,2.18,5.90,2025-11-06,train,0
pay_00000000002822,setl_merchant_1_0005,bnk_000000000005,902.36,wallet,18.50,3.33,0.00,2025-11-06,train,0
pay_00000000002830,setl_merchant_1_0005,bnk_000000000005,181.91,card,4.09,0.74,0.00,2025-11-06,train,0
pay_00000000003043,setl_merchant_1_0005,bnk_000000000005,870.00,card,19.58,3.52,0.00,2025-11-06,train,0
pay_00000000003415,setl_merchant_1_0005,bnk_000000000005,1056.41,card,23.77,4.28,10.56,2025-11-06,train,0
pay_00000000003528,setl_merchant_1_0005,bnk_000000000005,2946.27,netbanking,22.37,4.03,29.46,2025-11-06,train,0
pay_00000000004022,setl_merchant_1_0005,bnk_000000000005,3517.11,upi,8.79,1.58,35.17,2025-11-06,train,0
pay_00000000004034,setl_merchant_1_0005,bnk_000000000005,259.28,wallet,5.32,0.96,0.00,2025-11-06,train,0
pay_00000000004241,setl_merchant_1_0005,bnk_000000000005,3124.85,upi,7.81,1.41,0.00,2025-11-06,train,0
pay_00000000004330,setl_merchant_1_0005,bnk_000000000005,409.96,wallet,8.40,1.51,4.10,2025-11-06,train,0
pay_00000000004441,setl_merchant_1_0005,bnk_000000000005,242.00,card,5.45,0.98,2.42,2025-11-06,train,0
pay_00000000004476,setl_merchant_1_0005,bnk_000000000005,928.00,card,20.88,3.76,9.28,2025-11-06,train,0
pay_00000000004617,setl_merchant_1_0005,bnk_000000000005,16761.99,upi,41.90,7.54,0.00,2025-11-06,train,0
pay_00000000004625,setl_merchant_1_0005,bnk_000000000005,382.13,wallet,7.84,1.41,3.82,2025-11-06,train,0
pay_00000000004664,setl_merchant_1_0005,bnk_000000000005,544.00,upi,1.36,0.24,0.00,2025-11-06,train,0
pay_00000000004708,setl_merchant_1_0005,bnk_000000000005,1062.52,card,23.91,4.30,10.63,2025-11-06,train,0
pay_00000000004855,setl_merchant_1_0005,bnk_000000000005,990.93,upi,2.48,0.45,9.91,2025-11-06,train,0
pay_00000000004882,setl_merchant_1_0005,bnk_000000000005,845.63,upi,2.11,0.38,0.00,2025-11-06,train,0
pay_00000000004900,setl_merchant_1_0005,bnk_000000000005,430.71,upi,1.08,0.19,0.00,2025-11-06,train,0
pay_00000000004991,setl_merchant_1_0005,bnk_000000000005,845.00,netbanking,17.11,3.08,0.00,2025-11-06,train,0
pay_00000000000062,setl_merchant_1_0006,bnk_000000000006,624.18,card,12.48,2.25,6.24,2025-11-06,train,0
pay_00000000000419,setl_merchant_1_0006,bnk_000000000006,266.00,upi,0.00,0.00,0.00,2025-11-06,train,0
pay_00000000000509,setl_merchant_1_0006,bnk_000000000006,2553.94,wallet,45.97,8.27,0.00,2025-11-06,train,0
pay_00000000000587,setl_merchant_1_0006,bnk_000000000006,403.00,netbanking,15.00,2.70,4.03,2025-11-06,train,0
pay_00000000001061,setl_merchant_1_0006,bnk_000000000006,12750.00,upi,0.00,0.00,127.50,2025-11-06,train,0
pay_00000000001233,setl_merchant_1_0006,bnk_000000000006,1444.00,wallet,25.99,4.68,0.00,2025-11-06,train,0
pay_00000000001529,setl_merchant_1_0006,bnk_000000000006,368.89,wallet,6.64,1.20,3.69,2025-11-06,train,0
pay_00000000001742,setl_merchant_1_0006,bnk_000000000006,1028.50,upi,0.00,0.00,0.00,2025-11-06,train,0
pay_00000000001828,setl_merchant_1_0006,bnk_000000000006,1042.47,upi,0.00,0.00,0.00,2025-11-06,train,0
pay_00000000002140,setl_merchant_1_0006,bnk_000000000006,210.08,card,4.20,0.76,2.10,2025-11-06,train,0
pay_00000000002158,setl_merchant_1_0006,bnk_000000000006,2949.19,upi,0.00,0.00,29.49,2025-11-06,train,0
pay_00000000002282,setl_merchant_1_0006,bnk_000000000006,228.00,upi,0.00,0.00,2.28,2025-11-06,train,0
pay_00000000002544,setl_merchant_1_0006,bnk_000000000006,869.00,card,17.38,3.13,8.69,2025-11-06,train,0
pay_00000000002555,setl_merchant_1_0006,bnk_000000000006,1674.63,wallet,30.14,5.43,16.75,2025-11-06,train,0
pay_00000000002574,setl_merchant_1_0006,bnk_000000000006,1351.99,upi,0.00,0.00,0.00,2025-11-06,train,0
pay_00000000003007,setl_merchant_1_0006,bnk_000000000006,1479.00,upi,0.00,0.00,14.79,2025-11-06,train,0
pay_00000000003640,setl_merchant_1_0006,bnk_000000000006,245.99,upi,0.00,0.00,2.46,2025-11-06,train,0
pay_00000000003804,setl_merchant_1_0006,bnk_000000000006,167.63,upi,0.00,0.00,1.68,2025-11-06,train,0
pay_00000000003810,setl_merchant_1_0006,bnk_000000000006,250.45,card,5.01,0.90,0.00,2025-11-06,train,0
pay_00000000003815,setl_merchant_1_0006,bnk_000000000006,2141.99,upi,0.00,0.00,21.42,2025-11-06,train,0
pay_00000000003927,setl_merchant_1_0006,bnk_000000000006,1042.65,netbanking,15.00,2.70,10.43,2025-11-06,train,0
pay_00000000004029,setl_merchant_1_0006,bnk_000000000006,466.00,upi,0.00,0.00,4.66,2025-11-06,train,0
pay_00000000004395,setl_merchant_1_0006,bnk_000000000006,3142.39,card,62.85,11.31,0.00,2025-11-06,train,0
pay_00000000004575,setl_merchant_1_0006,bnk_000000000006,3333.99,netbanking,15.00,2.70,0.00,2025-11-06,train,0
pay_00000000004803,setl_merchant_1_0006,bnk_000000000006,2682.00,card,53.64,9.66,0.00,2025-11-06,train,0
pay_00000000000024,setl_merchant_1_0007,bnk_000000000007,2550.43,upi,0.00,0.00,0.00,2025-11-06,train,0
pay_00000000000071,setl_merchant_1_0007,bnk_000000000007,530.00,card,10.60,1.91,0.00,2025-11-06,train,0
pay_00000000000226,setl_merchant_1_0007,bnk_000000000007,418.30,netbanking,15.00,2.70,4.18,2025-11-06,train,0
pay_00000000000278,setl_merchant_1_0007,bnk_000000000007,736.66,wallet,13.26,2.39,0.00,2025-11-06,train,0
pay_00000000000326,setl_merchant_1_0007,bnk_000000000007,375.79,card,7.52,1.35,3.76,2025-11-06,train,0
pay_00000000000342,setl_merchant_1_0007,bnk_000000000007,1546.99,upi,0.00,0.00,15.47,2025-11-06,train,0
pay_00000000000425,setl_merchant_1_0007,bnk_000000000007,1026.00,netbanking,15.00,2.70,0.00,2025-11-06,train,0
pay_00000000000487,setl_merchant_1_0007,bnk_000000000007,6700.00,upi,0.00,0.00,67.00,2025-11-06,train,0
pay_00000000000558,setl_merchant_1_0007,bnk_000000000007,493.10,upi,0.00,0.00,0.00,2025-11-06,train,0
pay_00000000000636,setl_merchant_1_0007,bnk_000000000007,674.00,upi,0.00,0.00,6.74,2025-11-06,train,0
pay_00000000000678,setl_merchant_1_0007,bnk_000000000007,3167.63,upi,0.00,0.00,31.68,2025-11-06,train,0
pay_00000000000760,setl_merchant_1_0007,bnk_000000000007,818.99,netbanking,15.00,2.70,8.19,2025-11-06,train,0
pay_00000000000767,setl_merchant_1_0007,bnk_000000000007,1321.99,upi,0.00,0.00,0.00,2025-11-06,train,0
pay_00000000000789,setl_merchant_1_0007,bnk_000000000007,195.12,upi,0.00,0.00,0.00,2025-11-06,train,0
pay_00000000000820,setl_merchant_1_0007,bnk_000000000007,787.00,upi,0.00,0.00,0.00,2025-11-06,train,0
pay_00000000000871,setl_merchant_1_0007,bnk_000000000007,910.13,upi,0.00,0.00,0.00,2025-11-06,train,0
pay_00000000001006,setl_merchant_1_0007,bnk_000000000007,706.44,wallet,12.72,2.29,0.00,2025-11-06,train,0
pay_00000000001256,setl_merchant_1_0007,bnk_000000000007,1034.00,upi,0.00,0.00,10.34,2025-11-06,train,0
pay_00000000001309,setl_merchant_1_0007,bnk_000000000007,131.00,card,2.62,0.47,1.31,2025-11-06,train,0
pay_00000000001327,setl_merchant_1_0007,bnk_000000000007,276.99,upi,0.00,0.00,0.00,2025-11-06,train,0
pay_00000000001346,setl_merchant_1_0007,bnk_000000000007,6525.99,upi,0.00,0.00,0.00,2025-11-06,train,0
pay_00000000001428,setl_merchant_1_0007,bnk_000000000007,961.00,netbanking,15.00,2.70,9.61,2025-11-06,train,0
pay_00000000001440,setl_merchant_1_0007,bnk_000000000007,396.00,upi,0.00,0.00,0.00,2025-11-06,train,0
pay_00000000001576,setl_merchant_1_0007,bnk_000000000007,3598.72,card,71.97,12.95,35.99,2025-11-06,train,0
pay_00000000001615,setl_merchant_1_0007,bnk_000000000007,122.08,wallet,2.20,0.40,1.22,2025-11-06,train,0
pay_00000000001713,setl_merchant_1_0007,bnk_000000000007,864.99,card,17.30,3.11,8.65,2025-11-06,train,0
pay_00000000001948,setl_merchant_1_0007,bnk_000000000007,561.21,card,11.22,2.02,5.61,2025-11-06,train,0
pay_00000000002047,setl_merchant_1_0007,bnk_000000000007,789.73,upi,0.00,0.00,7.90,2025-11-06,train,0
pay_00000000002120,setl_merchant_1_0007,bnk_000000000007,308.56,upi,0.00,0.00,3.09,2025-11-06,train,0
pay_00000000002389,setl_merchant_1_0007,bnk_000000000007,911.38,netbanking,15.00,2.70,0.00,2025-11-06,train,0
pay_00000000002392,setl_merchant_1_0007,bnk_000000000007,3065.44,upi,0.00,0.00,30.65,2025-11-06,train,0
pay_00000000002444,setl_merchant_1_0007,bnk_000000000007,289.00,upi,0.00,0.00,2.89,2025-11-06,train,0
pay_00000000002459,setl_merchant_1_0007,bnk_000000000007,237.07,upi,0.00,0.00,2.37,2025-11-06,train,0
pay_00000000002514,setl_merchant_1_0007,bnk_000000000007,2471.22,card,49.42,8.90,24.71,2025-11-06,train,0
pay_00000000002564,setl_merchant_1_0007,bnk_000000000007,720.99,upi,0.00,0.00,7.21,2025-11-06,train,0
pay_00000000002619,setl_merchant_1_0007,bnk_000000000007,3352.51,upi,0.00,0.00,0.00,2025-11-06,train,0
pay_00000000002674,setl_merchant_1_0007,bnk_000000000007,213.64,upi,0.00,0.00,2.14,2025-11-06,train,0
pay_00000000002683,setl_merchant_1_0007,bnk_000000000007,2959.00,upi,0.00,0.00,29.59,2025-11-06,train,0
pay_00000000002719,setl_merchant_1_0007,bnk_000000000007,402.99,netbanking,15.00,2.70,0.00,2025-11-06,train,0
pay_00000000002737,setl_merchant_1_0007,bnk_000000000007,898.82,card,17.98,3.24,0.00,2025-11-06,train,0
pay_00000000002796,setl_merchant_1_0007,bnk_000000000007,650.99,upi,0.00,0.00,0.00,2025-11-06,train,0
pay_00000000002821,setl_merchant_1_0007,bnk_000000000007,1034.99,wallet,18.63,3.35,10.35,2025-11-06,train,0
pay_00000000002960,setl_merchant_1_0007,bnk_000000000007,259.99,upi,0.00,0.00,2.60,2025-11-06,train,0
pay_00000000003092,setl_merchant_1_0007,bnk_000000000007,595.66,card,11.91,2.14,5.96,2025-11-06,train,0
pay_00000000003097,setl_merchant_1_0007,bnk_000000000007,986.00,upi,0.00,0.00,9.86,2025-11-06,train,0
pay_00000000003158,setl_merchant_1_0007,bnk_000000000007,794.92,card,15.90,2.86,0.00,2025-11-06,train,0
pay_00000000003176,setl_merchant_1_0007,bnk_000000000007,1965.41,card,39.31,7.08,19.65,2025-11-06,train,0
pay_00000000003259,setl_merchant_1_0007,bnk_000000000007,162.95,upi,0.00,0.00,0.00,2025-11-06,train,0
pay_00000000003264,setl_merchant_1_0007,bnk_000000000007,251.01,wallet,4.52,0.81,0.00,2025-11-06,train,0
pay_00000000003302,setl_merchant_1_0007,bnk_000000000007,8819.00,card,176.38,31.75,88.19,2025-11-06,train,0
pay_00000000003389,setl_merchant_1_0007,bnk_000000000007,756.00,upi,0.00,0.00,0.00,2025-11-06,train,0
pay_00000000003420,setl_merchant_1_0007,bnk_000000000007,13037.99,card,260.76,46.94,130.38,2025-11-06,train,0
pay_00000000003425,setl_merchant_1_0007,bnk_000000000007,239.10,upi,0.00,0.00,0.00,2025-11-06,train,0
pay_00000000003911,setl_merchant_1_0007,bnk_000000000007,875.76,upi,0.00,0.00,8.76,2025-11-06,train,0
pay_00000000003957,setl_merchant_1_0007,bnk_000000000007,10724.81,upi,0.00,0.00,0.00,2025-11-06,train,0
pay_00000000004009,setl_merchant_1_0007,bnk_000000000007,670.99,card,13.42,2.42,6.71,2025-11-06,train,0
pay_00000000004279,setl_merchant_1_0007,bnk_000000000007,1077.18,upi,0.00,0.00,10.77,2025-11-06,train,0
pay_00000000004442,setl_merchant_1_0007,bnk_000000000007,615.99,card,12.32,2.22,0.00,2025-11-06,train,0
pay_00000000004516,setl_merchant_1_0007,bnk_000000000007,1052.26,upi,0.00,0.00,10.52,2025-11-06,train,0
pay_00000000004635,setl_merchant_1_0007,bnk_000000000007,204.25,card,4.09,0.74,0.00,2025-11-06,train,0
pay_00000000004647,setl_merchant_1_0007,bnk_000000000007,590.00,wallet,10.62,1.91,0.00,2025-11-06,train,0
pay_00000000004710,setl_merchant_1_0007,bnk_000000000007,551.66,upi,0.00,0.00,0.00,2025-11-06,train,0
pay_00000000004817,setl_merchant_1_0007,bnk_000000000007,598.00,card,11.96,2.15,5.98,2025-11-06,train,0
pay_00000000004984,setl_merchant_1_0007,bnk_000000000007,836.00,upi,0.00,0.00,0.00,2025-11-06,train,0
pay_00000000000016,setl_merchant_1_0008,bnk_000000000008,1045.94,wallet,18.83,3.39,0.00,2025-11-06,train,0
pay_00000000000057,setl_merchant_1_0008,bnk_000000000008,851.50,card,17.03,3.07,0.00,2025-11-06,train,0
pay_00000000000067,setl_merchant_1_0008,bnk_000000000008,644.00,card,12.88,2.32,0.00,2025-11-06,train,0
pay_00000000000069,setl_merchant_1_0008,bnk_000000000008,926.47,wallet,16.68,3.00,9.26,2025-11-06,train,0
pay_00000000000126,setl_merchant_1_0008,bnk_000000000008,578.99,upi,0.00,0.00,0.00,2025-11-06,train,0
pay_00000000000159,setl_merchant_1_0008,bnk_000000000008,638.97,wallet,11.50,2.07,6.39,2025-11-06,train,0
pay_00000000000172,setl_merchant_1_0008,bnk_000000000008,363.00,upi,0.00,0.00,0.00,2025-11-06,train,0
pay_00000000000173,setl_merchant_1_0008,bnk_000000000008,504.07,wallet,9.07,1.63,5.04,2025-11-06,train,0
pay_00000000000194,setl_merchant_1_0008,bnk_000000000008,216.65,card,4.33,0.78,2.17,2025-11-06,train,0
pay_00000000000217,setl_merchant_1_0008,bnk_000000000008,721.17,upi,0.00,0.00,7.21,2025-11-06,train,0
pay_00000000000232,setl_merchant_1_0008,bnk_000000000008,185.56,netbanking,15.00,2.70,0.00,2025-11-06,train,0
pay_00000000000235,setl_merchant_1_0008,bnk_000000000008,229.74,card,4.59,0.83,2.30,2025-11-06,train,0
pay_00000000000255,setl_merchant_1_0008,bnk_000000000008,130.00,upi,0.00,0.00,0.00,2025-11-06,train,0
pay_00000000000261,setl_merchant_1_0008,bnk_000000000008,192.00,upi,0.00,0.00,1.92,2025-11-06,train,0
pay_00000000000298,setl_merchant_1_0008,bnk_000000000008,1622.99,upi,0.00,0.00,0.00,2025-11-06,train,0
pay_00000000000319,setl_merchant_1_0008,bnk_000000000008,329.99,card,6.60,1.19,3.30,2025-11-06,train,0
pay_00000000000361,setl_merchant_1_0008,bnk_000000000008,984.00,upi,0.00,0.00,9.84,2025-11-06,train,0
pay_00000000000379,setl_merchant_1_0008,bnk_000000000008,1244.00,wallet,22.39,4.03,12.44,2025-11-06,train,0
pay_00000000000474,setl_merchant_1_0008,bnk_000000000008,700.99,wallet,12.62,2.27,7.01,2025-11-06,train,0
pay_00000000000508,setl_merchant_1_0008,bnk_000000000008,1813.00,upi,0.00,0.00,0.00,2025-11-06,train,0
pay_00000000000517,setl_merchant_1_0008,bnk_000000000008,802.99,netbanking,15.00,2.70,8.03,2025-11-06,train,0
pay_00000000000582,setl_merchant_1_0008,bnk_000000000008,3165.89,upi,0.00,0.00,0.00,2025-11-06,train,0
pay_00000000000657,setl_merchant_1_0008,bnk_000000000008,642.35,upi,0.00,0.00,0.00,2025-11-06,train,0
pay_00000000000828,setl_merchant_1_0008,bnk_000000000008,3095.36,upi,0.00,0.00,0.00,2025-11-06,train,0
pay_00000000000830,setl_merchant_1_0008,bnk_000000000008,2678.12,card,53.56,9.64,26.78,2025-11-06,train,0
pay_00000000000834,setl_merchant_1_0008,bnk_000000000008,929.79,netbanking,15.00,2.70,0.00,2025-11-06,train,0
pay_00000000000892,setl_merchant_1_0008,bnk_000000000008,115.99,card,2.32,0.42,0.00,2025-11-06,train,0
pay_00000000000933,setl_merchant_1_0008,bnk_000000000008,804.44,card,16.09,2.90,8.04,2025-11-06,train,0
pay_00000000000987,setl_merchant_1_0008,bnk_000000000008,13365.52,wallet,240.58,43.30,133.66,2025-11-06,train,0
pay_00000000000990,setl_merchant_1_0008,bnk_000000000008,1329.92,upi,0.00,0.00,13.30,2025-11-06,train,0
pay_00000000001019,setl_merchant_1_0008,bnk_000000000008,236.99,upi,0.00,0.00,0.00,2025-11-06,train,0
pay_00000000001023,setl_merchant_1_0008,bnk_000000000008,1020.00,wallet,18.36,3.30,0.00,2025-11-06,train,0
pay_00000000001051,setl_merchant_1_0008,bnk_000000000008,1069.03,upi,0.00,0.00,0.00,2025-11-06,train,0
pay_00000000001175,setl_merchant_1_0008,bnk_000000000008,230.40,wallet,4.15,0.75,0.00,2025-11-06,train,0
pay_00000000001211,setl_merchant_1_0008,bnk_000000000008,3352.38,card,67.05,12.07,0.00,2025-11-06,train,0
pay_00000000001225,setl_merchant_1_0008,bnk_000000000008,578.00,upi,0.00,0.00,5.78,2025-11-06,train,0
pay_00000000001456,setl_merchant_1_0008,bnk_000000000008,259.51,card,5.19,0.93,0.00,2025-11-06,train,0
pay_00000000001476,setl_merchant_1_0008,bnk_000000000008,371.00,upi,0.00,0.00,3.71,2025-11-06,train,0
pay_00000000001486,setl_merchant_1_0008,bnk_000000000008,5878.79,card,117.58,21.16,0.00,2025-11-06,train,0
pay_00000000001504,setl_merchant_1_0008,bnk_000000000008,1990.37,card,39.81,7.17,19.90,2025-11-06,train,0
pay_00000000001547,setl_merchant_1_0008,bnk_000000000008,748.51,netbanking,15.00,2.70,0.00,2025-11-06,train,0
pay_00000000001569,setl_merchant_1_0008,bnk_000000000008,139.67,card,2.79,0.50,0.00,2025-11-06,train,0
pay_00000000001767,setl_merchant_1_0008,bnk_000000000008,956.87,card,19.14,3.45,9.57,2025-11-06,train,0
pay_00000000001798,setl_merchant_1_0008,bnk_000000000008,272.99,card,5.46,0.98,2.73,2025-11-06,train,0
pay_00000000001885,setl_merchant_1_0008,bnk_000000000008,3521.68,upi,0.00,0.00,0.00,2025-11-06,train,0
pay_00000000001911,setl_merchant_1_0008,bnk_000000000008,472.00,netbanking,15.00,2.70,4.72,2025-11-06,train,0
pay_00000000001957,setl_merchant_1_0008,bnk_000000000008,924.33,netbanking,15.00,2.70,0.00,2025-11-06,train,0
pay_00000000001993,setl_merchant_1_0008,bnk_000000000008,257.35,wallet,4.63,0.83,2.57,2025-11-06,train,0
pay_00000000002067,setl_merchant_1_0008,bnk_000000000008,609.99,card,12.20,2.20,0.00,2025-11-06,train,0
pay_00000000002076,setl_merchant_1_0008,bnk_000000000008,186.65,upi,0.00,0.00,1.87,2025-11-06,train,0
pay_00000000002102,setl_merchant_1_0008,bnk_000000000008,3390.99,netbanking,15.00,2.70,0.00,2025-11-06,train,0
pay_00000000002124,setl_merchant_1_0008,bnk_000000000008,617.60,netbanking,15.00,2.70,0.00,2025-11-06,train,0
pay_00000000002161,setl_merchant_1_0008,bnk_000000000008,818.00,card,16.36,2.94,8.18,2025-11-06,train,0
pay_00000000002201,setl_merchant_1_0008,bnk_000000000008,126.49,card,2.53,0.46,0.00,2025-11-06,train,0
pay_00000000002297,setl_merchant_1_0008,bnk_000000000008,747.00,card,14.94,2.69,0.00,2025-11-06,train,0
pay_00000000002332,setl_merchant_1_0008,bnk_000000000008,845.24,card,16.90,3.04,0.00,2025-11-06,train,0
pay_00000000002358,setl_merchant_1_0008,bnk_000000000008,551.00,wallet,9.92,1.79,0.00,2025-11-06,train,0
pay_00000000002370,setl_merchant_1_0008,bnk_000000000008,410.71,netbanking,15.00,2.70,0.00,2025-11-06,train,0
pay_00000000002410,setl_merchant_1_0008,bnk_000000000008,762.35,upi,0.00,0.00,0.00,2025-11-06,train,0
pay_00000000002425,setl_merchant_1_0008,bnk_000000000008,4984.61,upi,0.00,0.00,0.00,2025-11-06,train,0
pay_00000000002442,setl_merchant_1_0008,bnk_000000000008,786.00,upi,0.00,0.00,0.00,2025-11-06,train,0
pay_00000000002464,setl_merchant_1_0008,bnk_000000000008,855.00,card,17.10,3.08,0.00,2025-11-06,train,0
pay_00000000002466,setl_merchant_1_0008,bnk_000000000008,301.09,netbanking,15.00,2.70,0.00,2025-11-06,train,0
pay_00000000002473,setl_merchant_1_0008,bnk_000000000008,962.58,wallet,17.33,3.12,9.63,2025-11-06,train,0
pay_00000000002530,setl_merchant_1_0008,bnk_000000000008,333.99,wallet,6.01,1.08,3.34,2025-11-06,train,0
pay_00000000002585,setl_merchant_1_0008,bnk_000000000008,144.00,upi,0.00,0.00,0.00,2025-11-06,train,0
pay_00000000002595,setl_merchant_1_0008,bnk_000000000008,928.54,upi,0.00,0.00,9.29,2025-11-06,train,0
pay_00000000002597,setl_merchant_1_0008,bnk_000000000008,3145.85,upi,0.00,0.00,0.00,2025-11-06,train,0
pay_00000000002697,setl_merchant_1_0008,bnk_000000000008,742.00,card,14.84,2.67,0.00,2025-11-06,train,0
pay_00000000002700,setl_merchant_1_0008,bnk_000000000008,1068.02,upi,0.00,0.00,10.68,2025-11-06,train,0
pay_00000000002715,setl_merchant_1_0008,bnk_000000000008,1025.51,upi,0.00,0.00,10.26,2025-11-06,train,0
pay_00000000002775,setl_merchant_1_0008,bnk_000000000008,457.99,upi,0.00,0.00,4.58,2025-11-06,train,0
pay_00000000002777,setl_merchant_1_0008,bnk_000000000008,816.44,card,16.33,2.94,0.00,2025-11-06,train,0
pay_00000000002778,setl_merchant_1_0008,bnk_000000000008,471.00,upi,0.00,0.00,0.00,2025-11-06,train,0
pay_00000000002842,setl_merchant_1_0008,bnk_000000000008,668.99,wallet,12.04,2.17,0.00,2025-11-06,train,0
pay_00000000002848,setl_merchant_1_0008,bnk_000000000008,1511.99,upi,0.00,0.00,15.12,2025-11-06,train,0
pay_00000000003002,setl_merchant_1_0008,bnk_000000000008,174.73,upi,0.00,0.00,1.75,2025-11-06,train,0
pay_00000000003054,setl_merchant_1_0008,bnk_000000000008,622.99,wallet,11.21,2.02,6.23,2025-11-06,train,0
pay_00000000003079,setl_merchant_1_0008,bnk_000000000008,1062.14,wallet,19.12,3.44,0.00,2025-11-06,train,0
pay_00000000003173,setl_merchant_1_0008,bnk_000000000008,396.48,upi,0.00,0.00,0.00,2025-11-06,train,0
pay_00000000003257,setl_merchant_1_0008,bnk_000000000008,601.00,wallet,10.82,1.95,0.00,2025-11-06,train,0
pay_00000000003335,setl_merchant_1_0008,bnk_000000000008,416.37,card,8.33,1.50,4.16,2025-11-06,train,0
pay_00000000003372,setl_merchant_1_0008,bnk_000000000008,827.00,upi,0.00,0.00,0.00,2025-11-06,train,0
pay_00000000003378,setl_merchant_1_0008,bnk_000000000008,950.00,upi,0.00,0.00,0.00,2025-11-06,train,0
pay_00000000003398,setl_merchant_1_0008,bnk_000000000008,488.99,upi,0.00,0.00,0.00,2025-11-06,train,0
pay_00000000003488,setl_merchant_1_0008,bnk_000000000008,853.00,card,17.06,3.07,8.53,2025-11-06,train,0
pay_00000000003537,setl_merchant_1_0008,bnk_000000000008,12389.44,upi,0.00,0.00,0.00,2025-11-06,train,0
pay_00000000003553,setl_merchant_1_0008,bnk_000000000008,2438.00,card,48.76,8.78,24.38,2025-11-06,train,0
pay_00000000003622,setl_merchant_1_0008,bnk_000000000008,189.00,upi,0.00,0.00,1.89,2025-11-06,train,0
pay_00000000003650,setl_merchant_1_0008,bnk_000000000008,922.00,upi,0.00,0.00,0.00,2025-11-06,train,0
pay_00000000003660,setl_merchant_1_0008,bnk_000000000008,3167.99,card,63.36,11.40,31.68,2025-11-06,train,0
pay_00000000003670,setl_merchant_1_0008,bnk_000000000008,640.23,upi,0.00,0.00,0.00,2025-11-06,train,0
pay_00000000003685,setl_merchant_1_0008,bnk_000000000008,1331.18,netbanking,15.00,2.70,0.00,2025-11-06,train,0
pay_00000000003695,setl_merchant_1_0008,bnk_000000000008,610.23,card,12.20,2.20,0.00,2025-11-06,train,0
pay_00000000003788,setl_merchant_1_0008,bnk_000000000008,4695.00,card,93.90,16.90,0.00,2025-11-06,train,0
pay_00000000003831,setl_merchant_1_0008,bnk_000000000008,639.00,upi,0.00,0.00,0.00,2025-11-06,train,0
pay_00000000003881,setl_merchant_1_0008,bnk_000000000008,624.00,wallet,11.23,2.02,6.24,2025-11-06,train,0
pay_00000000003884,setl_merchant_1_0008,bnk_000000000008,615.99,upi,0.00,0.00,0.00,2025-11-06,train,0
pay_00000000003963,setl_merchant_1_0008,bnk_000000000008,969.53,wallet,17.45,3.14,0.00,2025-11-06,train,0
pay_00000000004083,setl_merchant_1_0008,bnk_000000000008,2433.22,upi,0.00,0.00,0.00,2025-11-06,train,0
pay_00000000004104,setl_merchant_1_0008,bnk_000000000008,360.40,netbanking,15.00,2.70,3.60,2025-11-06,train,0
pay_00000000004125,setl_merchant_1_0008,bnk_000000000008,2739.00,upi,0.00,0.00,27.39,2025-11-06,train,0
pay_00000000004205,setl_merchant_1_0008,bnk_000000000008,676.99,upi,0.00,0.00,6.77,2025-11-06,train,0
pay_00000000004216,setl_merchant_1_0008,bnk_000000000008,1081.15,wallet,19.46,3.50,10.81,2025-11-06,train,0
pay_00000000004370,setl_merchant_1_0008,bnk_000000000008,305.33,upi,0.00,0.00,0.00,2025-11-06,train,0
pay_00000000004424,setl_merchant_1_0008,bnk_000000000008,444.99,upi,0.00,0.00,4.45,2025-11-06,train,0
pay_00000000004439,setl_merchant_1_0008,bnk_000000000008,881.86,card,17.64,3.18,0.00,2025-11-06,train,0
pay_00000000004512,setl_merchant_1_0008,bnk_000000000008,2347.15,card,46.94,8.45,23.47,2025-11-06,train,0
pay_00000000004537,setl_merchant_1_0008,bnk_000000000008,273.72,card,5.47,0.98,2.74,2025-11-06,train,0
pay_00000000004584,setl_merchant_1_0008,bnk_000000000008,372.09,upi,0.00,0.00,3.72,2025-11-06,train,0
pay_00000000004586,setl_merchant_1_0008,bnk_000000000008,103.91,card,2.08,0.37,1.04,2025-11-06,train,0
pay_00000000004587,setl_merchant_1_0008,bnk_000000000008,346.83,wallet,6.24,1.12,0.00,2025-11-06,train,0
pay_00000000004645,setl_merchant_1_0008,bnk_000000000008,915.92,upi,0.00,0.00,0.00,2025-11-06,train,0
pay_00000000004724,setl_merchant_1_0008,bnk_000000000008,426.69,netbanking,15.00,2.70,0.00,2025-11-06,train,0
pay_00000000004741,setl_merchant_1_0008,bnk_000000000008,2673.11,upi,0.00,0.00,26.73,2025-11-06,train,0
pay_00000000004764,setl_merchant_1_0008,bnk_000000000008,609.34,netbanking,15.00,2.70,0.00,2025-11-06,train,0
pay_00000000004767,setl_merchant_1_0008,bnk_000000000008,887.00,netbanking,15.00,2.70,8.87,2025-11-06,train,0
pay_00000000004824,setl_merchant_1_0008,bnk_000000000008,2773.00,upi,0.00,0.00,27.73,2025-11-06,train,0
pay_00000000004851,setl_merchant_1_0008,bnk_000000000008,402.67,card,8.05,1.45,4.03,2025-11-06,train,0
pay_00000000004886,setl_merchant_1_0008,bnk_000000000008,142.14,upi,0.00,0.00,1.42,2025-11-06,train,0
pay_00000000004889,setl_merchant_1_0008,bnk_000000000008,608.94,upi,0.00,0.00,6.09,2025-11-06,train,0
pay_00000000004922,setl_merchant_1_0008,bnk_000000000008,908.53,upi,0.00,0.00,9.09,2025-11-06,train,0
pay_00000000004994,setl_merchant_1_0008,bnk_000000000008,1001.00,card,20.02,3.60,0.00,2025-11-06,train,0
pay_00000000005003,setl_merchant_1_0008,bnk_000000000008,259.51,card,5.19,0.93,0.00,2025-11-06,train,1
pay_00000000000023,setl_merchant_1_0009,bnk_000000000009,825.00,upi,0.00,0.00,0.00,2025-11-06,train,0
pay_00000000000063,setl_merchant_1_0009,bnk_000000000009,1040.80,card,20.82,3.75,10.41,2025-11-06,train,0
pay_00000000000076,setl_merchant_1_0009,bnk_000000000009,1838.99,card,36.78,6.62,18.39,2025-11-06,train,0
pay_00000000000156,setl_merchant_1_0009,bnk_000000000009,2519.90,card,50.40,9.07,25.20,2025-11-06,train,0
pay_00000000000272,setl_merchant_1_0009,bnk_000000000009,442.56,card,8.85,1.59,4.43,2025-11-06,train,0
pay_00000000000320,setl_merchant_1_0009,bnk_000000000009,3312.02,card,66.24,11.92,33.12,2025-11-06,train,0
pay_00000000000420,setl_merchant_1_0009,bnk_000000000009,211.98,wallet,3.82,0.69,0.00,2025-11-06,train,0
pay_00000000000463,setl_merchant_1_0009,bnk_000000000009,974.99,upi,0.00,0.00,9.75,2025-11-06,train,0
pay_00000000000536,setl_merchant_1_0009,bnk_000000000009,2345.93,card,46.92,8.45,0.00,2025-11-06,train,0
pay_00000000000548,setl_merchant_1_0009,bnk_000000000009,546.80,card,10.94,1.97,5.47,2025-11-06,train,0
pay_00000000000568,setl_merchant_1_0009,bnk_000000000009,193.23,upi,0.00,0.00,0.00,2025-11-06,train,0
pay_00000000000644,setl_merchant_1_0009,bnk_000000000009,2540.11,netbanking,15.00,2.70,0.00,2025-11-06,train,0
pay_00000000000800,setl_merchant_1_0009,bnk_000000000009,507.00,card,10.14,1.83,0.00,2025-11-06,train,0
pay_00000000001057,setl_merchant_1_0009,bnk_000000000009,2616.42,upi,0.00,0.00,26.16,2025-11-06,train,0
pay_00000000001058,setl_merchant_1_0009,bnk_000000000009,528.84,upi,0.00,0.00,5.29,2025-11-06,train,0
pay_00000000001076,setl_merchant_1_0009,bnk_000000000009,9644.00,card,192.88,34.72,0.00,2025-11-06,train,0
pay_00000000001123,setl_merchant_1_0009,bnk_000000000009,1025.00,netbanking,15.00,2.70,0.00,2025-11-06,train,0
pay_00000000001146,setl_merchant_1_0009,bnk_000000000009,1567.09,upi,0.00,0.00,15.67,2025-11-06,train,0
pay_00000000001157,setl_merchant_1_0009,bnk_000000000009,1979.29,card,39.59,7.13,19.79,2025-11-06,train,0
pay_00000000001164,setl_merchant_1_0009,bnk_000000000009,1065.51,upi,0.00,0.00,10.66,2025-11-06,train,0
pay_00000000001251,setl_merchant_1_0009,bnk_000000000009,2165.55,card,43.31,7.80,21.66,2025-11-06,train,0
pay_00000000001269,setl_merchant_1_0009,bnk_000000000009,885.99,card,17.72,3.19,8.86,2025-11-06,train,0
pay_00000000001403,setl_merchant_1_0009,bnk_000000000009,500.45,upi,0.00,0.00,0.00,2025-11-06,train,0
pay_00000000001416,setl_merchant_1_0009,bnk_000000000009,186.00,card,3.72,0.67,1.86,2025-11-06,train,0
pay_00000000001481,setl_merchant_1_0009,bnk_000000000009,657.61,card,13.15,2.37,0.00,2025-11-06,train,0
pay_00000000001501,setl_merchant_1_0009,bnk_000000000009,951.99,upi,0.00,0.00,0.00,2025-11-06,train,0
pay_00000000001506,setl_merchant_1_0009,bnk_000000000009,515.00,wallet,9.27,1.67,0.00,2025-11-06,train,0
pay_00000000001525,setl_merchant_1_0009,bnk_000000000009,486.32,upi,0.00,0.00,0.00,2025-11-06,train,0
pay_00000000001531,setl_merchant_1_0009,bnk_000000000009,476.00,upi,0.00,0.00,0.00,2025-11-06,train,0
pay_00000000001581,setl_merchant_1_0009,bnk_000000000009,705.00,upi,0.00,0.00,7.05,2025-11-06,train,0
pay_00000000001717,setl_merchant_1_0009,bnk_000000000009,15764.00,upi,0.00,0.00,157.64,2025-11-06,train,0
pay_00000000001757,setl_merchant_1_0009,bnk_000000000009,840.99,upi,0.00,0.00,0.00,2025-11-06,train,0
pay_00000000001800,setl_merchant_1_0009,bnk_000000000009,1075.29,card,21.51,3.87,10.75,2025-11-06,train,0
pay_00000000001901,setl_merchant_1_0009,bnk_000000000009,921.36,upi,0.00,0.00,9.21,2025-11-06,train,0
pay_00000000002110,setl_merchant_1_0009,bnk_000000000009,923.00,card,18.46,3.32,0.00,2025-11-06,train,0
pay_00000000002116,setl_merchant_1_0009,bnk_000000000009,593.47,netbanking,15.00,2.70,5.93,2025-11-06,train,0
pay_00000000002184,setl_merchant_1_0009,bnk_000000000009,373.15,upi,0.00,0.00,0.00,2025-11-06,train,0
pay_00000000002189,setl_merchant_1_0009,bnk_000000000009,1217.00,upi,0.00,0.00,12.17,2025-11-06,train,0
pay_00000000002223,setl_merchant_1_0009,bnk_000000000009,684.88,card,13.70,2.47,6.85,2025-11-06,train,0
pay_00000000002246,setl_merchant_1_0009,bnk_000000000009,2251.99,upi,0.00,0.00,0.00,2025-11-06,train,0
pay_00000000002362,setl_merchant_1_0009,bnk_000000000009,228.00,netbanking,15.00,2.70,2.28,2025-11-06,train,0
pay_00000000002400,setl_merchant_1_0009,bnk_000000000009,956.62,netbanking,15.00,2.70,9.57,2025-11-06,train,0
pay_00000000002408,setl_merchant_1_0009,bnk_000000000009,715.18,card,14.30,2.57,0.00,2025-11-06,train,0
pay_00000000002479,setl_merchant_1_0009,bnk_000000000009,512.65,netbanking,15.00,2.70,0.00,2025-11-06,train,0
pay_00000000002532,setl_merchant_1_0009,bnk_000000000009,963.29,wallet,17.34,3.12,9.63,2025-11-06,train,0
pay_00000000002567,setl_merchant_1_0009,bnk_000000000009,604.99,wallet,10.89,1.96,6.05,2025-11-06,train,0
pay_00000000002569,setl_merchant_1_0009,bnk_000000000009,732.56,card,14.65,2.64,7.33,2025-11-06,train,0
pay_00000000002691,setl_merchant_1_0009,bnk_000000000009,310.99,card,6.22,1.12,0.00,2025-11-06,train,0
pay_00000000002797,setl_merchant_1_0009,bnk_000000000009,342.00,card,6.84,1.23,3.42,2025-11-06,train,0
pay_00000000002806,setl_merchant_1_0009,bnk_000000000009,2207.00,upi,0.00,0.00,0.00,2025-11-06,train,0
pay_00000000002833,setl_merchant_1_0009,bnk_000000000009,583.00,upi,0.00,0.00,5.83,2025-11-06,train,0
pay_00000000002898,setl_merchant_1_0009,bnk_000000000009,819.42,netbanking,15.00,2.70,0.00,2025-11-06,train,0
pay_00000000002912,setl_merchant_1_0009,bnk_000000000009,996.99,card,19.94,3.59,9.97,2025-11-06,train,0
pay_00000000002929,setl_merchant_1_0009,bnk_000000000009,3526.99,upi,0.00,0.00,35.27,2025-11-06,train,0
pay_00000000002944,setl_merchant_1_0009,bnk_000000000009,14596.99,card,291.94,52.55,145.97,2025-11-06,train,0
pay_00000000002950,setl_merchant_1_0009,bnk_000000000009,554.14,upi,0.00,0.00,0.00,2025-11-06,train,0
pay_00000000003068,setl_merchant_1_0009,bnk_000000000009,269.24,wallet,4.85,0.87,0.00,2025-11-06,train,0
pay_00000000003091,setl_merchant_1_0009,bnk_000000000009,378.69,upi,0.00,0.00,3.79,2025-11-06,train,0
pay_00000000003153,setl_merchant_1_0009,bnk_000000000009,1445.00,netbanking,15.00,2.70,0.00,2025-11-06,train,0
pay_00000000003223,setl_merchant_1_0009,bnk_000000000009,399.62,netbanking,15.00,2.70,0.00,2025-11-06,train,0
pay_00000000003296,setl_merchant_1_0009,bnk_000000000009,995.00,upi,0.00,0.00,9.95,2025-11-06,train,0
pay_00000000003308,setl_merchant_1_0009,bnk_000000000009,784.35,wallet,14.12,2.54,7.84,2025-11-06,train,0
pay_00000000003455,setl_merchant_1_0009,bnk_000000000009,616.45,upi,0.00,0.00,6.16,2025-11-06,train,0
pay_00000000003594,setl_merchant_1_0009,bnk_000000000009,258.00,netbanking,15.00,2.70,2.58,2025-11-06,train,0
pay_00000000003656,setl_merchant_1_0009,bnk_000000000009,3327.99,upi,0.00,0.00,33.28,2025-11-06,train,0
pay_00000000003664,setl_merchant_1_0009,bnk_000000000009,270.09,upi,0.00,0.00,2.70,2025-11-06,train,0
pay_00000000003677,setl_merchant_1_0009,bnk_000000000009,142.10,wallet,2.56,0.46,1.42,2025-11-06,train,0
pay_00000000003681,setl_merchant_1_0009,bnk_000000000009,798.62,card,15.97,2.87,7.99,2025-11-06,train,0
pay_00000000003703,setl_merchant_1_0009,bnk_000000000009,460.99,upi,0.00,0.00,4.61,2025-11-06,train,0
pay_00000000003704,setl_merchant_1_0009,bnk_000000000009,13514.84,upi,0.00,0.00,0.00,2025-11-06,train,0
pay_00000000003711,setl_merchant_1_0009,bnk_000000000009,1778.27,wallet,32.01,5.76,0.00,2025-11-06,train,0
pay_00000000003947,setl_merchant_1_0009,bnk_000000000009,784.85,upi,0.00,0.00,7.85,2025-11-06,train,0
pay_00000000004027,setl_merchant_1_0009,bnk_000000000009,548.00,netbanking,15.00,2.70,5.48,2025-11-06,train,0
pay_00000000004045,setl_merchant_1_0009,bnk_000000000009,3500.00,upi,0.00,0.00,35.00,2025-11-06,train,0
pay_00000000004060,setl_merchant_1_0009,bnk_000000000009,651.98,upi,0.00,0.00,6.52,2025-11-06,train,0
pay_00000000004073,setl_merchant_1_0009,bnk_000000000009,230.08,netbanking,15.00,2.70,2.30,2025-11-06,train,0
pay_00000000004102,setl_merchant_1_0009,bnk_000000000009,405.12,upi,0.00,0.00,0.00,2025-11-06,train,0
pay_00000000004184,setl_merchant_1_0009,bnk_000000000009,254.05,card,5.08,0.91,2.54,2025-11-06,train,0
pay_00000000004194,setl_merchant_1_0009,bnk_000000000009,641.05,upi,0.00,0.00,6.41,2025-11-06,train,0
pay_00000000004332,setl_merchant_1_0009,bnk_000000000009,1868.88,upi,0.00,0.00,18.69,2025-11-06,train,0
pay_00000000004336,setl_merchant_1_0009,bnk_000000000009,529.99,upi,0.00,0.00,5.30,2025-11-06,train,0
pay_00000000004397,setl_merchant_1_0009,bnk_000000000009,204.72,card,4.09,0.74,0.00,2025-11-06,train,0
pay_00000000004447,setl_merchant_1_0009,bnk_000000000009,3375.96,card,67.52,12.15,0.00,2025-11-06,train,0
pay_00000000004483,setl_merchant_1_0009,bnk_000000000009,3309.00,upi,0.00,0.00,0.00,2025-11-06,train,0
pay_00000000004531,setl_merchant_1_0009,bnk_000000000009,3358.99,upi,0.00,0.00,0.00,2025-11-06,train,0
pay_00000000004581,setl_merchant_1_0009,bnk_000000000009,621.46,upi,0.00,0.00,6.21,2025-11-06,train,0
pay_00000000004609,setl_merchant_1_0009,bnk_000000000009,1042.99,upi,0.00,0.00,10.43,2025-11-06,train,0
pay_00000000004641,setl_merchant_1_0009,bnk_000000000009,489.00,wallet,8.80,1.58,4.89,2025-11-06,train,0
pay_00000000004702,setl_merchant_1_0009,bnk_000000000009,570.27,wallet,10.26,1.85,5.70,2025-11-06,train,0
pay_00000000004714,setl_merchant_1_0009,bnk_000000000009,761.99,wallet,13.72,2.47,0.00,2025-11-06,train,0
pay_00000000004735,setl_merchant_1_0009,bnk_000000000009,196.00,card,3.92,0.71,0.00,2025-11-06,train,0
pay_00000000004757,setl_merchant_1_0009,bnk_000000000009,1035.38,upi,0.00,0.00,0.00,2025-11-06,train,0
pay_00000000004952,setl_merchant_1_0009,bnk_000000000009,492.99,upi,0.00,0.00,4.93,2025-11-06,train,0
pay_00000000004987,setl_merchant_1_0009,bnk_000000000009,1550.00,netbanking,15.00,2.70,0.00,2025-11-06,train,0
pay_00000000005000,setl_merchant_1_0009,bnk_000000000009,385.19,upi,0.00,0.00,3.85,2025-11-06,train,0
pay_00000000005004,setl_merchant_1_0009,bnk_000000000009,259.51,card,5.19,0.93,0.00,2025-11-06,train,1
pay_00000000000195,setl_merchant_1_0010,bnk_000000000010,552.79,upi,0.00,0.00,0.00,2025-11-07,train,0
pay_00000000000471,setl_merchant_1_0010,bnk_000000000010,741.28,card,14.83,2.67,7.41,2025-11-07,train,0
pay_00000000000566,setl_merchant_1_0010,bnk_000000000010,987.00,upi,0.00,0.00,0.00,2025-11-07,train,0
pay_00000000000689,setl_merchant_1_0010,bnk_000000000010,10647.99,card,212.96,38.33,0.00,2025-11-07,train,0
pay_00000000001351,setl_merchant_1_0010,bnk_000000000010,623.73,upi,0.00,0.00,0.00,2025-11-07,train,0
pay_00000000001568,setl_merchant_1_0010,bnk_000000000010,426.16,upi,0.00,0.00,4.26,2025-11-07,train,0
pay_00000000001789,setl_merchant_1_0010,bnk_000000000010,748.90,wallet,13.48,2.43,7.49,2025-11-07,train,0
pay_00000000002510,setl_merchant_1_0010,bnk_000000000010,2292.00,upi,0.00,0.00,22.92,2025-11-07,train,0
pay_00000000003088,setl_merchant_1_0010,bnk_000000000010,687.81,upi,0.00,0.00,0.00,2025-11-07,train,0
pay_00000000003451,setl_merchant_1_0010,bnk_000000000010,1044.00,card,20.88,3.76,0.00,2025-11-07,train,0
pay_00000000003459,setl_merchant_1_0010,bnk_000000000010,217.70,upi,0.00,0.00,0.00,2025-11-07,train,0
pay_00000000003540,setl_merchant_1_0010,bnk_000000000010,178.42,wallet,3.21,0.58,1.78,2025-11-07,train,0
pay_00000000003803,setl_merchant_1_0010,bnk_000000000010,1079.74,upi,0.00,0.00,10.80,2025-11-07,train,0
pay_00000000004094,setl_merchant_1_0010,bnk_000000000010,736.60,upi,0.00,0.00,0.00,2025-11-07,train,0
pay_00000000004359,setl_merchant_1_0010,bnk_000000000010,1649.00,upi,0.00,0.00,16.49,2025-11-07,train,0
pay_00000000004542,setl_merchant_1_0010,bnk_000000000010,892.45,upi,0.00,0.00,8.92,2025-11-07,train,0
pay_00000000004864,setl_merchant_1_0010,bnk_000000000010,592.00,wallet,10.66,1.92,5.92,2025-11-07,train,0
pay_00000000004913,setl_merchant_1_0010,bnk_000000000010,892.97,netbanking,15.00,2.70,8.93,2025-11-07,train,0
pay_00000000005009,setl_merchant_1_0010,bnk_000000000010,892.45,upi,0.00,0.00,8.92,2025-11-07,train,1
pay_00000000000133,setl_merchant_1_0011,bnk_000000000011,853.69,upi,0.00,0.00,0.00,2025-11-07,train,0
pay_00000000000451,setl_merchant_1_0011,bnk_000000000011,3183.00,wallet,57.29,10.31,31.83,2025-11-07,train,0
pay_00000000000724,setl_merchant_1_0011,bnk_000000000011,2508.00,upi,0.00,0.00,0.00,2025-11-07,train,0
pay_00000000000776,setl_merchant_1_0011,bnk_000000000011,227.65,upi,0.00,0.00,2.28,2025-11-07,train,0
pay_00000000001073,setl_merchant_1_0011,bnk_000000000011,1432.78,upi,0.00,0.00,14.33,2025-11-07,train,0
pay_00000000001224,setl_merchant_1_0011,bnk_000000000011,596.00,wallet,10.73,1.93,5.96,2025-11-07,train,0
pay_00000000001254,setl_merchant_1_0011,bnk_000000000011,3450.58,netbanking,15.00,2.70,0.00,2025-11-07,train,0
pay_00000000001274,setl_merchant_1_0011,bnk_000000000011,1072.13,card,21.44,3.86,10.72,2025-11-07,train,0
pay_00000000001409,setl_merchant_1_0011,bnk_000000000011,723.00,wallet,13.01,2.34,7.23,2025-11-07,train,0
pay_00000000001514,setl_merchant_1_0011,bnk_000000000011,269.69,upi,0.00,0.00,2.70,2025-11-07,train,0
pay_00000000001551,setl_merchant_1_0011,bnk_000000000011,857.64,card,17.15,3.09,8.58,2025-11-07,train,0
pay_00000000001684,setl_merchant_1_0011,bnk_000000000011,689.92,card,13.80,2.48,6.90,2025-11-07,train,0
pay_00000000001699,setl_merchant_1_0011,bnk_000000000011,974.32,wallet,17.54,3.16,0.00,2025-11-07,train,0
pay_00000000001846,setl_merchant_1_0011,bnk_000000000011,400.00,upi,0.00,0.00,0.00,2025-11-07,train,0
pay_00000000001859,setl_merchant_1_0011,bnk_000000000011,859.05,card,17.18,3.09,0.00,2025-11-07,train,0
pay_00000000001894,setl_merchant_1_0011,bnk_000000000011,986.00,netbanking,15.00,2.70,9.86,2025-11-07,train,0
pay_00000000002154,setl_merchant_1_0011,bnk_000000000011,138.00,card,2.76,0.50,1.38,2025-11-07,train,0
pay_00000000002258,setl_merchant_1_0011,bnk_000000000011,840.43,card,16.81,3.03,8.40,2025-11-07,train,0
pay_00000000002306,setl_merchant_1_0011,bnk_000000000011,1594.00,card,31.88,5.74,0.00,2025-11-07,train,0
pay_00000000002734,setl_merchant_1_0011,bnk_000000000011,2788.99,upi,0.00,0.00,0.00,2025-11-07,train,0
pay_00000000002811,setl_merchant_1_0011,bnk_000000000011,327.39,upi,0.00,0.00,0.00,2025-11-07,train,0
pay_00000000002880,setl_merchant_1_0011,bnk_000000000011,490.00,card,9.80,1.76,4.90,2025-11-07,train,0
pay_00000000002952,setl_merchant_1_0011,bnk_000000000011,864.00,upi,0.00,0.00,8.64,2025-11-07,train,0
pay_00000000003016,setl_merchant_1_0011,bnk_000000000011,1184.51,upi,0.00,0.00,11.85,2025-11-07,train,0
pay_00000000003078,setl_merchant_1_0011,bnk_000000000011,545.99,upi,0.00,0.00,5.46,2025-11-07,train,0
pay_00000000003178,setl_merchant_1_0011,bnk_000000000011,412.22,upi,0.00,0.00,4.12,2025-11-07,train,0
pay_00000000003246,setl_merchant_1_0011,bnk_000000000011,955.00,card,19.10,3.44,9.55,2025-11-07,train,0
pay_00000000003325,setl_merchant_1_0011,bnk_000000000011,981.00,upi,0.00,0.00,0.00,2025-11-07,train,0
pay_00000000003717,setl_merchant_1_0011,bnk_000000000011,965.62,card,19.31,3.48,9.66,2025-11-07,train,0
pay_00000000003972,setl_merchant_1_0011,bnk_000000000011,410.12,wallet,7.38,1.33,4.10,2025-11-07,train,0
pay_00000000004154,setl_merchant_1_0011,bnk_000000000011,555.70,card,11.11,2.00,5.56,2025-11-07,train,0
pay_00000000005010,setl_merchant_1_0011,bnk_000000000011,892.45,upi,0.00,0.00,8.92,2025-11-07,train,1
pay_00000000000033,setl_merchant_1_0012,bnk_000000000012,531.00,card,10.62,1.91,0.00,2025-11-07,train,0
pay_00000000000080,setl_merchant_1_0012,bnk_000000000012,870.26,card,17.41,3.13,8.70,2025-11-07,train,0
pay_00000000000275,setl_merchant_1_0012,bnk_000000000012,271.99,card,5.44,0.98,0.00,2025-11-07,train,0
pay_00000000000279,setl_merchant_1_0012,bnk_000000000012,808.99,upi,0.00,0.00,0.00,2025-11-07,train,0
pay_00000000000400,setl_merchant_1_0012,bnk_000000000012,362.00,upi,0.00,0.00,0.00,2025-11-07,train,0
pay_00000000000460,setl_merchant_1_0012,bnk_000000000012,230.23,upi,0.00,0.00,2.30,2025-11-07,train,0
pay_00000000000505,setl_merchant_1_0012,bnk_000000000012,658.44,upi,0.00,0.00,6.58,2025-11-07,train,0
pay_00000000000522,setl_merchant_1_0012,bnk_000000000012,843.00,wallet,15.17,2.73,8.43,2025-11-07,train,0
pay_00000000000597,setl_merchant_1_0012,bnk_000000000012,608.92,upi,0.00,0.00,0.00,2025-11-07,train,0
pay_00000000000606,setl_merchant_1_0012,bnk_000000000012,732.89,card,14.66,2.64,7.33,2025-11-07,train,0
pay_00000000000632,setl_merchant_1_0012,bnk_000000000012,939.13,upi,0.00,0.00,0.00,2025-11-07,train,0
pay_00000000000701,setl_merchant_1_0012,bnk_000000000012,332.03,netbanking,15.00,2.70,3.32,2025-11-07,train,0
pay_00000000000968,setl_merchant_1_0012,bnk_000000000012,127.44,upi,0.00,0.00,1.27,2025-11-07,train,0
pay_00000000001016,setl_merchant_1_0012,bnk_000000000012,3259.99,card,65.20,11.74,32.60,2025-11-07,train,0
pay_00000000001339,setl_merchant_1_0012,bnk_000000000012,2921.00,upi,0.00,0.00,29.21,2025-11-07,train,0
pay_00000000001475,setl_merchant_1_0012,bnk_000000000012,1682.23,card,33.64,6.06,16.82,2025-11-07,train,0
pay_00000000001631,setl_merchant_1_0012,bnk_000000000012,660.81,netbanking,15.00,2.70,0.00,2025-11-07,train,0
pay_00000000001681,setl_merchant_1_0012,bnk_000000000012,690.80,card,13.82,2.49,6.91,2025-11-07,train,0
pay_00000000001702,setl_merchant_1_0012,bnk_000000000012,249.56,card,4.99,0.90,2.50,2025-11-07,train,0
pay_00000000001796,setl_merchant_1_0012,bnk_000000000012,553.00,upi,0.00,0.00,0.00,2025-11-07,train,0
pay_00000000001806,setl_merchant_1_0012,bnk_000000000012,923.67,upi,0.00,0.00,9.24,2025-11-07,train,0
pay_00000000001840,setl_merchant_1_0012,bnk_000000000012,870.90,card,17.42,3.14,8.71,2025-11-07,train,0
pay_00000000001872,setl_merchant_1_0012,bnk_000000000012,994.00,upi,0.00,0.00,0.00,2025-11-07,train,0
pay_00000000001925,setl_merchant_1_0012,bnk_000000000012,1689.50,card,33.79,6.08,16.90,2025-11-07,train,0
pay_00000000002181,setl_merchant_1_0012,bnk_000000000012,2376.72,card,47.53,8.56,23.77,2025-11-07,train,0
pay_00000000002449,setl_merchant_1_0012,bnk_000000000012,850.51,card,17.01,3.06,8.51,2025-11-07,train,0
pay_00000000002478,setl_merchant_1_0012,bnk_000000000012,461.76,wallet,8.31,1.50,0.00,2025-11-07,train,0
pay_00000000002610,setl_merchant_1_0012,bnk_000000000012,425.83,card,8.52,1.53,0.00,2025-11-07,train,0
pay_00000000002676,setl_merchant_1_0012,bnk_000000000012,474.19,upi,0.00,0.00,0.00,2025-11-07,train,0
pay_00000000002753,setl_merchant_1_0012,bnk_000000000012,659.00,card,13.18,2.37,6.59,2025-11-07,train,0
pay_00000000002932,setl_merchant_1_0012,bnk_000000000012,605.00,upi,0.00,0.00,6.05,2025-11-07,train,0
pay_00000000002964,setl_merchant_1_0012,bnk_000000000012,246.99,wallet,4.45,0.80,2.47,2025-11-07,train,0
pay_00000000003063,setl_merchant_1_0012,bnk_000000000012,2111.15,upi,0.00,0.00,0.00,2025-11-07,train,0
pay_00000000003126,setl_merchant_1_0012,bnk_000000000012,336.00,card,6.72,1.21,0.00,2025-11-07,train,0
pay_00000000003282,setl_merchant_1_0012,bnk_000000000012,99.74,upi,0.00,0.00,0.00,2025-11-07,train,0
pay_00000000003285,setl_merchant_1_0012,bnk_000000000012,843.00,upi,0.00,0.00,8.43,2025-11-07,train,0
pay_00000000003298,setl_merchant_1_0012,bnk_000000000012,2580.24,upi,0.00,0.00,25.80,2025-11-07,train,0
pay_00000000003477,setl_merchant_1_0012,bnk_000000000012,958.68,wallet,17.26,3.11,9.59,2025-11-07,train,0
pay_00000000003525,setl_merchant_1_0012,bnk_000000000012,3550.16,wallet,63.90,11.50,0.00,2025-11-07,train,0
pay_00000000003651,setl_merchant_1_0012,bnk_000000000012,722.00,upi,0.00,0.00,7.22,2025-11-07,train,0
pay_00000000003667,setl_merchant_1_0012,bnk_000000000012,783.79,card,15.68,2.82,7.84,2025-11-07,train,0
pay_00000000003716,setl_merchant_1_0012,bnk_000000000012,172.61,card,3.45,0.62,0.00,2025-11-07,train,0
pay_00000000004058,setl_merchant_1_0012,bnk_000000000012,1948.87,upi,0.00,0.00,0.00,2025-11-07,train,0
pay_00000000004100,setl_merchant_1_0012,bnk_000000000012,2938.00,card,58.76,10.58,29.38,2025-11-07,train,0
pay_00000000004214,setl_merchant_1_0012,bnk_000000000012,974.00,card,19.48,3.51,9.74,2025-11-07,train,0
pay_00000000004327,setl_merchant_1_0012,bnk_000000000012,521.00,card,10.42,1.88,0.00,2025-11-07,train,0
pay_00000000004405,setl_merchant_1_0012,bnk_000000000012,1395.16,upi,0.00,0.00,0.00,2025-11-07,train,0
pay_00000000004463,setl_merchant_1_0012,bnk_000000000012,475.00,wallet,8.55,1.54,4.75,2025-11-07,train,0
pay_00000000004466,setl_merchant_1_0012,bnk_000000000012,1057.54,upi,0.00,0.00,10.58,2025-11-07,train,0
pay_00000000004475,setl_merchant_1_0012,bnk_000000000012,362.14,card,7.24,1.30,3.62,2025-11-07,train,0
pay_00000000004540,setl_merchant_1_0012,bnk_000000000012,178.13,wallet,3.21,0.58,0.00,2025-11-07,train,0
pay_00000000004551,setl_merchant_1_0012,bnk_000000000012,452.00,card,9.04,1.63,0.00,2025-11-07,train,0
pay_00000000004628,setl_merchant_1_0012,bnk_000000000012,222.99,card,4.46,0.80,2.23,2025-11-07,train,0
pay_00000000004659,setl_merchant_1_0012,bnk_000000000012,267.00,upi,0.00,0.00,2.67,2025-11-07,train,0
pay_00000000004689,setl_merchant_1_0012,bnk_000000000012,665.00,card,13.30,2.39,6.65,2025-11-07,train,0
pay_00000000004831,setl_merchant_1_0012,bnk_000000000012,726.00,upi,0.00,0.00,7.26,2025-11-07,train,0
pay_00000000000108,setl_merchant_1_0013,bnk_000000000013,969.00,upi,0.00,0.00,0.00,2025-11-07,train,0
pay_00000000000208,setl_merchant_1_0013,bnk_000000000013,330.97,upi,0.00,0.00,3.31,2025-11-07,train,0
pay_00000000000227,setl_merchant_1_0013,bnk_000000000013,387.48,upi,0.00,0.00,3.87,2025-11-07,train,0
pay_00000000000341,setl_merchant_1_0013,bnk_000000000013,1042.78,card,20.86,3.75,10.43,2025-11-07,train,0
pay_00000000000506,setl_merchant_1_0013,bnk_000000000013,860.06,upi,0.00,0.00,8.60,2025-11-07,train,0
pay_00000000000519,setl_merchant_1_0013,bnk_000000000013,2684.99,wallet,48.33,8.70,26.85,2025-11-07,train,0
pay_00000000000831,setl_merchant_1_0013,bnk_000000000013,641.00,upi,0.00,0.00,0.00,2025-11-07,train,0
pay_00000000000857,setl_merchant_1_0013,bnk_000000000013,456.19,upi,0.00,0.00,0.00,2025-11-07,train,0
pay_00000000000956,setl_merchant_1_0013,bnk_000000000013,1011.44,card,20.23,3.64,10.11,2025-11-07,train,0
pay_00000000001026,setl_merchant_1_0013,bnk_000000000013,487.23,netbanking,15.00,2.70,0.00,2025-11-07,train,0
pay_00000000001071,setl_merchant_1_0013,bnk_000000000013,3917.00,upi,0.00,0.00,39.17,2025-11-07,train,0
pay_00000000001167,setl_merchant_1_0013,bnk_000000000013,155.00,upi,0.00,0.00,0.00,2025-11-07,train,0
pay_00000000001189,setl_merchant_1_0013,bnk_000000000013,12451.00,wallet,224.12,40.34,124.51,2025-11-07,train,0
pay_00000000001257,setl_merchant_1_0013,bnk_000000000013,830.17,card,16.60,2.99,8.30,2025-11-07,train,0
pay_00000000001282,setl_merchant_1_0013,bnk_000000000013,165.00,card,3.30,0.59,1.65,2025-11-07,train,0
pay_00000000001303,setl_merchant_1_0013,bnk_000000000013,510.00,netbanking,15.00,2.70,0.00,2025-11-07,train,0
pay_00000000001362,setl_merchant_1_0013,bnk_000000000013,749.90,upi,0.00,0.00,0.00,2025-11-07,train,0
pay_00000000001438,setl_merchant_1_0013,bnk_000000000013,987.99,card,19.76,3.56,9.88,2025-11-07,train,0
pay_00000000001450,setl_merchant_1_0013,bnk_000000000013,337.00,upi,0.00,0.00,0.00,2025-11-07,train,0
pay_00000000001528,setl_merchant_1_0013,bnk_000000000013,1066.01,upi,0.00,0.00,10.66,2025-11-07,train,0
pay_00000000001998,setl_merchant_1_0013,bnk_000000000013,560.76,upi,0.00,0.00,5.61,2025-11-07,train,0
pay_00000000002041,setl_merchant_1_0013,bnk_000000000013,1051.99,card,21.04,3.79,0.00,2025-11-07,train,0
pay_00000000002316,setl_merchant_1_0013,bnk_000000000013,502.69,netbanking,15.00,2.70,5.03,2025-11-07,train,0
pay_00000000002609,setl_merchant_1_0013,bnk_000000000013,399.64,card,7.99,1.44,4.00,2025-11-07,train,0
pay_00000000002654,setl_merchant_1_0013,bnk_000000000013,298.00,card,5.96,1.07,0.00,2025-11-07,train,0
pay_00000000002802,setl_merchant_1_0013,bnk_000000000013,2874.00,card,57.48,10.35,0.00,2025-11-07,train,0
pay_00000000002971,setl_merchant_1_0013,bnk_000000000013,724.00,wallet,13.03,2.35,0.00,2025-11-07,train,0
pay_00000000003048,setl_merchant_1_0013,bnk_000000000013,471.66,card,9.43,1.70,0.00,2025-11-07,train,0
pay_00000000003119,setl_merchant_1_0013,bnk_000000000013,837.91,upi,0.00,0.00,8.38,2025-11-07,train,0
pay_00000000003196,setl_merchant_1_0013,bnk_000000000013,775.00,upi,0.00,0.00,7.75,2025-11-07,train,0
pay_00000000003290,setl_merchant_1_0013,bnk_000000000013,3286.69,card,65.73,11.83,32.87,2025-11-07,train,0
pay_00000000003634,setl_merchant_1_0013,bnk_000000000013,1071.47,upi,0.00,0.00,0.00,2025-11-07,train,0
pay_00000000003730,setl_merchant_1_0013,bnk_000000000013,1073.87,card,21.48,3.87,0.00,2025-11-07,train,0
pay_00000000003794,setl_merchant_1_0013,bnk_000000000013,2812.05,card,56.24,10.12,28.12,2025-11-07,train,0
pay_00000000003896,setl_merchant_1_0013,bnk_000000000013,702.00,upi,0.00,0.00,0.00,2025-11-07,train,0
pay_00000000003962,setl_merchant_1_0013,bnk_000000000013,512.19,card,10.24,1.84,5.12,2025-11-07,train,0
pay_00000000004037,setl_merchant_1_0013,bnk_000000000013,1460.00,upi,0.00,0.00,14.60,2025-11-07,train,0
pay_00000000004048,setl_merchant_1_0013,bnk_000000000013,482.57,wallet,8.69,1.56,0.00,2025-11-07,train,0
pay_00000000004188,setl_merchant_1_0013,bnk_000000000013,805.90,upi,0.00,0.00,0.00,2025-11-07,train,0
pay_00000000004505,setl_merchant_1_0013,bnk_000000000013,510.05,card,10.20,1.84,0.00,2025-11-07,train,0
pay_00000000004509,setl_merchant_1_0013,bnk_000000000013,1833.44,card,36.67,6.60,18.33,2025-11-07,train,0
pay_00000000004525,setl_merchant_1_0013,bnk_000000000013,837.92,wallet,15.08,2.71,8.38,2025-11-07,train,0
pay_00000000004536,setl_merchant_1_0013,bnk_000000000013,449.29,card,8.99,1.62,0.00,2025-11-07,train,0
pay_00000000004544,setl_merchant_1_0013,bnk_000000000013,2197.31,card,43.95,7.91,0.00,2025-11-07,train,0
pay_00000000004604,setl_merchant_1_0013,bnk_000000000013,1035.04,card,20.70,3.73,0.00,2025-11-07,train,0
pay_00000000004709,setl_merchant_1_0013,bnk_000000000013,425.96,netbanking,15.00,2.70,0.00,2025-11-07,train,0
pay_00000000004731,setl_merchant_1_0013,bnk_000000000013,3071.99,card,61.44,11.06,30.72,2025-11-07,train,0
pay_00000000004870,setl_merchant_1_0013,bnk_000000000013,213.81,netbanking,15.00,2.70,2.14,2025-11-07,train,0
pay_00000000004983,setl_merchant_1_0013,bnk_000000000013,359.00,upi,0.00,0.00,0.00,2025-11-07,train,0
pay_00000000000623,setl_merchant_1_0014,bnk_000000000014,3472.00,upi,0.00,0.00,34.72,2025-11-10,train,0
pay_00000000001273,setl_merchant_1_0014,bnk_000000000014,250.63,upi,0.00,0.00,2.51,2025-11-10,train,0
pay_00000000001782,setl_merchant_1_0014,bnk_000000000014,237.99,card,4.76,0.86,0.00,2025-11-10,train,0
pay_00000000002036,setl_merchant_1_0014,bnk_000000000014,847.00,upi,0.00,0.00,0.00,2025-11-10,train,0
pay_00000000002068,setl_merchant_1_0014,bnk_000000000014,407.76,upi,0.00,0.00,0.00,2025-11-10,train,0
pay_00000000002749,setl_merchant_1_0014,bnk_000000000014,522.79,card,10.46,1.88,0.00,2025-11-10,train,0
pay_00000000003006,setl_merchant_1_0014,bnk_000000000014,588.78,upi,0.00,0.00,5.89,2025-11-10,train,0
pay_00000000003066,setl_merchant_1_0014,bnk_000000000014,1761.90,upi,0.00,0.00,17.62,2025-11-10,train,0
pay_00000000003125,setl_merchant_1_0014,bnk_000000000014,466.70,upi,0.00,0.00,0.00,2025-11-10,train,0
pay_00000000003508,setl_merchant_1_0014,bnk_000000000014,752.99,card,15.06,2.71,0.00,2025-11-10,train,0
pay_00000000003593,setl_merchant_1_0014,bnk_000000000014,17240.99,card,344.82,62.07,172.41,2025-11-10,train,0
pay_00000000000019,setl_merchant_1_0015,bnk_000000000015,390.28,card,7.81,1.41,0.00,2025-11-10,train,0
pay_00000000000145,setl_merchant_1_0015,bnk_000000000015,721.00,upi,0.00,0.00,7.21,2025-11-10,train,0
pay_00000000000260,setl_merchant_1_0015,bnk_000000000015,326.81,card,6.54,1.18,3.27,2025-11-10,train,0
pay_00000000000276,setl_merchant_1_0015,bnk_000000000015,884.00,netbanking,15.00,2.70,8.84,2025-11-10,train,0
pay_00000000000332,setl_merchant_1_0015,bnk_000000000015,320.45,upi,0.00,0.00,3.20,2025-11-10,train,0
pay_00000000000375,setl_merchant_1_0015,bnk_000000000015,693.99,upi,0.00,0.00,6.94,2025-11-10,train,0
pay_00000000000758,setl_merchant_1_0015,bnk_000000000015,347.00,upi,0.00,0.00,3.47,2025-11-10,train,0
pay_00000000000771,setl_merchant_1_0015,bnk_000000000015,720.90,wallet,12.98,2.34,0.00,2025-11-10,train,0
pay_00000000001007,setl_merchant_1_0015,bnk_000000000015,175.35,wallet,3.16,0.57,1.75,2025-11-10,train,0
pay_00000000001197,setl_merchant_1_0015,bnk_000000000015,721.11,upi,0.00,0.00,0.00,2025-11-10,train,0
pay_00000000001490,setl_merchant_1_0015,bnk_000000000015,1323.00,upi,0.00,0.00,13.23,2025-11-10,train,0
pay_00000000001526,setl_merchant_1_0015,bnk_000000000015,791.00,upi,0.00,0.00,7.91,2025-11-10,train,0
pay_00000000001736,setl_merchant_1_0015,bnk_000000000015,347.70,upi,0.00,0.00,0.00,2025-11-10,train,0
pay_00000000001969,setl_merchant_1_0015,bnk_000000000015,722.00,upi,0.00,0.00,7.22,2025-11-10,train,0
pay_00000000002107,setl_merchant_1_0015,bnk_000000000015,1012.00,card,20.24,3.64,0.00,2025-11-10,train,0
pay_00000000002135,setl_merchant_1_0015,bnk_000000000015,768.99,upi,0.00,0.00,7.69,2025-11-10,train,0
pay_00000000002156,setl_merchant_1_0015,bnk_000000000015,131.97,upi,0.00,0.00,1.32,2025-11-10,train,0
pay_00000000002396,setl_merchant_1_0015,bnk_000000000015,815.16,card,16.30,2.93,0.00,2025-11-10,train,0
pay_00000000002552,setl_merchant_1_0015,bnk_000000000015,323.92,card,6.48,1.17,0.00,2025-11-10,train,0
pay_00000000002732,setl_merchant_1_0015,bnk_000000000015,653.76,card,13.08,2.35,6.54,2025-11-10,train,0
pay_00000000002876,setl_merchant_1_0015,bnk_000000000015,304.80,card,6.10,1.10,3.05,2025-11-10,train,0
pay_00000000002897,setl_merchant_1_0015,bnk_000000000015,184.50,card,3.69,0.66,1.85,2025-11-10,train,0
pay_00000000003032,setl_merchant_1_0015,bnk_000000000015,391.99,wallet,7.06,1.27,3.92,2025-11-10,train,0
pay_00000000003057,setl_merchant_1_0015,bnk_000000000015,619.00,upi,0.00,0.00,6.19,2025-11-10,train,0
pay_00000000003344,setl_merchant_1_0015,bnk_000000000015,589.33,card,11.79,2.12,0.00,2025-11-10,train,0
pay_00000000003493,setl_merchant_1_0015,bnk_000000000015,824.28,upi,0.00,0.00,8.24,2025-11-10,train,0
pay_00000000003494,setl_merchant_1_0015,bnk_000000000015,445.21,wallet,8.01,1.44,4.45,2025-11-10,train,0
pay_00000000003617,setl_merchant_1_0015,bnk_000000000015,277.00,upi,0.00,0.00,0.00,2025-11-10,train,0
pay_00000000003692,setl_merchant_1_0015,bnk_000000000015,1291.26,card,25.83,4.65,0.00,2025-11-10,train,0
pay_00000000004151,setl_merchant_1_0015,bnk_000000000015,839.61,wallet,15.11,2.72,0.00,2025-11-10,train,0
pay_00000000004163,setl_merchant_1_0015,bnk_000000000015,1063.59,upi,0.00,0.00,10.64,2025-11-10,train,0
pay_00000000004498,setl_merchant_1_0015,bnk_000000000015,588.06,netbanking,15.00,2.70,0.00,2025-11-10,train,0
pay_00000000004590,setl_merchant_1_0015,bnk_000000000015,3473.58,card,69.47,12.50,34.74,2025-11-10,train,0
pay_00000000004863,setl_merchant_1_0015,bnk_000000000015,925.00,wallet,16.65,3.00,0.00,2025-11-10,train,0
pay_00000000000034,setl_merchant_1_0016,bnk_000000000016,2228.22,card,44.56,8.02,22.28,2025-11-10,train,0
pay_00000000000091,setl_merchant_1_0016,bnk_000000000016,1063.30,netbanking,15.00,2.70,0.00,2025-11-10,train,0
pay_00000000000099,setl_merchant_1_0016,bnk_000000000016,653.45,upi,0.00,0.00,6.53,2025-11-10,train,0
pay_00000000000177,setl_merchant_1_0016,bnk_000000000016,609.46,upi,0.00,0.00,6.09,2025-11-10,train,0
pay_00000000000214,setl_merchant_1_0016,bnk_000000000016,686.00,card,13.72,2.47,6.86,2025-11-10,train,0
pay_00000000000222,setl_merchant_1_0016,bnk_000000000016,2759.00,upi,0.00,0.00,27.59,2025-11-10,train,0
pay_00000000000259,setl_merchant_1_0016,bnk_000000000016,712.53,card,14.25,2.57,7.13,2025-11-10,train,0
pay_00000000000283,setl_merchant_1_0016,bnk_000000000016,323.96,netbanking,15.00,2.70,3.24,2025-11-10,train,0
pay_00000000000338,setl_merchant_1_0016,bnk_000000000016,219.79,upi,0.00,0.00,2.20,2025-11-10,train,0
pay_00000000000410,setl_merchant_1_0016,bnk_000000000016,983.81,card,19.68,3.54,0.00,2025-11-10,train,0
pay_00000000000450,setl_merchant_1_0016,bnk_000000000016,845.99,upi,0.00,0.00,8.46,2025-11-10,train,0
pay_00000000000467,setl_merchant_1_0016,bnk_000000000016,153.00,card,3.06,0.55,1.53,2025-11-10,train,0
pay_00000000000532,setl_merchant_1_0016,bnk_000000000016,2487.08,upi,0.00,0.00,0.00,2025-11-10,train,0
pay_00000000000538,setl_merchant_1_0016,bnk_000000000016,552.12,wallet,9.94,1.79,0.00,2025-11-10,train,0
pay_00000000000654,setl_merchant_1_0016,bnk_000000000016,99.48,card,1.99,0.36,0.00,2025-11-10,train,0
pay_00000000000670,setl_merchant_1_0016,bnk_000000000016,104.36,upi,0.00,0.00,0.00,2025-11-10,train,0
pay_00000000000790,setl_merchant_1_0016,bnk_000000000016,405.00,upi,0.00,0.00,0.00,2025-11-10,train,0
pay_00000000000819,setl_merchant_1_0016,bnk_000000000016,12299.00,upi,0.00,0.00,0.00,2025-11-10,train,0
pay_00000000000826,setl_merchant_1_0016,bnk_000000000016,1990.00,netbanking,15.00,2.70,0.00,2025-11-10,train,0
pay_00000000000837,setl_merchant_1_0016,bnk_000000000016,283.52,upi,0.00,0.00,0.00,2025-11-10,train,0
pay_00000000000873,setl_merchant_1_0016,bnk_000000000016,744.00,card,14.88,2.68,0.00,2025-11-10,train,0
pay_00000000000919,setl_merchant_1_0016,bnk_000000000016,222.00,upi,0.00,0.00,0.00,2025-11-10,train,0
pay_00000000000944,setl_merchant_1_0016,bnk_000000000016,818.17,upi,0.00,0.00,8.18,2025-11-10,train,0
pay_00000000000961,setl_merchant_1_0016,bnk_000000000016,947.00,upi,0.00,0.00,9.47,2025-11-10,train,0
pay_00000000000995,setl_merchant_1_0016,bnk_000000000016,2201.59,upi,0.00,0.00,22.02,2025-11-10,train,0
pay_00000000001004,setl_merchant_1_0016,bnk_000000000016,553.99,upi,0.00,0.00,5.54,2025-11-10,train,0
pay_00000000001018,setl_merchant_1_0016,bnk_000000000016,632.46,wallet,11.38,2.05,6.32,2025-11-10,train,0
pay_00000000001070,setl_merchant_1_0016,bnk_000000000016,651.16,upi,0.00,0.00,6.51,2025-11-10,train,0
pay_00000000001150,setl_merchant_1_0016,bnk_000000000016,359.00,wallet,6.46,1.16,0.00,2025-11-10,train,0
pay_00000000001162,setl_merchant_1_0016,bnk_000000000016,2341.00,upi,0.00,0.00,23.41,2025-11-10,train,0
pay_00000000001180,setl_merchant_1_0016,bnk_000000000016,593.89,upi,0.00,0.00,0.00,2025-11-10,train,0
pay_00000000001231,setl_merchant_1_0016,bnk_000000000016,427.00,wallet,7.69,1.38,0.00,2025-11-10,train,0
pay_00000000001258,setl_merchant_1_0016,bnk_000000000016,104.25,upi,0.00,0.00,0.00,2025-11-10,train,0
pay_00000000001302,setl_merchant_1_0016,bnk_000000000016,2138.69,card,42.77,7.70,0.00,2025-11-10,train,0
pay_00000000001322,setl_merchant_1_0016,bnk_000000000016,1175.64,upi,0.00,0.00,11.76,2025-11-10,train,0
pay_00000000001333,setl_merchant_1_0016,bnk_000000000016,692.00,upi,0.00,0.00,0.00,2025-11-10,train,0
pay_00000000001358,setl_merchant_1_0016,bnk_000000000016,1519.43,wallet,27.35,4.92,15.19,2025-11-10,train,0
pay_00000000001380,setl_merchant_1_0016,bnk_000000000016,1062.69,upi,0.00,0.00,0.00,2025-11-10,train,0
pay_00000000001382,setl_merchant_1_0016,bnk_000000000016,326.99,card,6.54,1.18,0.00,2025-11-10,train,0
pay_00000000001433,setl_merchant_1_0016,bnk_000000000016,507.93,upi,0.00,0.00,0.00,2025-11-10,train,0
pay_00000000001468,setl_merchant_1_0016,bnk_000000000016,513.27,card,10.27,1.85,0.00,2025-11-10,train,0
pay_00000000001556,setl_merchant_1_0016,bnk_000000000016,526.14,card,10.52,1.89,0.00,2025-11-10,train,0
pay_00000000001654,setl_merchant_1_0016,bnk_000000000016,252.00,upi,0.00,0.00,2.52,2025-11-10,train,0
pay_00000000001678,setl_merchant_1_0016,bnk_000000000016,748.00,card,14.96,2.69,0.00,2025-11-10,train,0
pay_00000000001698,setl_merchant_1_0016,bnk_000000000016,916.00,upi,0.00,0.00,9.16,2025-11-10,train,0
pay_00000000001791,setl_merchant_1_0016,bnk_000000000016,225.00,upi,0.00,0.00,0.00,2025-11-10,train,0
pay_00000000001853,setl_merchant_1_0016,bnk_000000000016,713.00,netbanking,15.00,2.70,7.13,2025-11-10,train,0
pay_00000000001875,setl_merchant_1_0016,bnk_000000000016,358.77,upi,0.00,0.00,3.59,2025-11-10,train,0
pay_00000000001896,setl_merchant_1_0016,bnk_000000000016,927.99,upi,0.00,0.00,0.00,2025-11-10,train,0
pay_00000000002074,setl_merchant_1_0016,bnk_000000000016,706.73,card,14.13,2.54,7.07,2025-11-10,train,0
pay_00000000002210,setl_merchant_1_0016,bnk_000000000016,1000.00,upi,0.00,0.00,0.00,2025-11-10,train,0
pay_00000000002234,setl_merchant_1_0016,bnk_000000000016,173.93,card,3.48,0.63,0.00,2025-11-10,train,0
pay_00000000002261,setl_merchant_1_0016,bnk_000000000016,462.59,netbanking,15.00,2.70,0.00,2025-11-10,train,0
pay_00000000002347,setl_merchant_1_0016,bnk_000000000016,422.44,upi,0.00,0.00,4.22,2025-11-10,train,0
pay_00000000002368,setl_merchant_1_0016,bnk_000000000016,369.99,upi,0.00,0.00,3.70,2025-11-10,train,0
pay_00000000002393,setl_merchant_1_0016,bnk_000000000016,721.94,upi,0.00,0.00,0.00,2025-11-10,train,0
pay_00000000002427,setl_merchant_1_0016,bnk_000000000016,646.00,upi,0.00,0.00,0.00,2025-11-10,train,0
pay_00000000002431,setl_merchant_1_0016,bnk_000000000016,883.36,upi,0.00,0.00,0.00,2025-11-10,train,0
pay_00000000002453,setl_merchant_1_0016,bnk_000000000016,328.21,card,6.56,1.18,0.00,2025-11-10,train,0
pay_00000000002554,setl_merchant_1_0016,bnk_000000000016,387.00,upi,0.00,0.00,3.87,2025-11-10,train,0
pay_00000000002602,setl_merchant_1_0016,bnk_000000000016,222.63,upi,0.00,0.00,2.23,2025-11-10,train,0
pay_00000000002687,setl_merchant_1_0016,bnk_000000000016,1011.29,upi,0.00,0.00,0.00,2025-11-10,train,0
pay_00000000002803,setl_merchant_1_0016,bnk_000000000016,185.99,upi,0.00,0.00,1.86,2025-11-10,train,0
pay_00000000002815,setl_merchant_1_0016,bnk_000000000016,607.99,card,12.16,2.19,0.00,2025-11-10,train,0
pay_00000000002825,setl_merchant_1_0016,bnk_000000000016,350.05,wallet,6.30,1.13,3.50,2025-11-10,train,0
pay_00000000002854,setl_merchant_1_0016,bnk_000000000016,528.85,netbanking,15.00,2.70,0.00,2025-11-10,train,0
pay_00000000002866,setl_merchant_1_0016,bnk_000000000016,450.54,upi,0.00,0.00,4.51,2025-11-10,train,0
pay_00000000002901,setl_merchant_1_0016,bnk_000000000016,406.00,upi,0.00,0.00,4.06,2025-11-10,train,0
pay_00000000002905,setl_merchant_1_0016,bnk_000000000016,1190.14,wallet,21.42,3.86,0.00,2025-11-10,train,0
pay_00000000002954,setl_merchant_1_0016,bnk_000000000016,1037.74,upi,0.00,0.00,0.00,2025-11-10,train,0
pay_00000000002970,setl_merchant_1_0016,bnk_000000000016,800.13,card,16.00,2.88,8.00,2025-11-10,train,0
pay_00000000003034,setl_merchant_1_0016,bnk_000000000016,895.00,upi,0.00,0.00,0.00,2025-11-10,train,0
pay_00000000003059,setl_merchant_1_0016,bnk_000000000016,673.50,upi,0.00,0.00,6.74,2025-11-10,train,0
pay_00000000003131,setl_merchant_1_0016,bnk_000000000016,1771.99,netbanking,15.00,2.70,17.72,2025-11-10,train,0
pay_00000000003219,setl_merchant_1_0016,bnk_000000000016,153.05,wallet,2.75,0.50,1.53,2025-11-10,train,0
pay_00000000003227,setl_merchant_1_0016,bnk_000000000016,848.14,card,16.96,3.05,0.00,2025-11-10,train,0
pay_00000000003297,setl_merchant_1_0016,bnk_000000000016,1028.24,card,20.56,3.70,0.00,2025-11-10,train,0
pay_00000000003317,setl_merchant_1_0016,bnk_000000000016,525.82,upi,0.00,0.00,5.26,2025-11-10,train,0
pay_00000000003406,setl_merchant_1_0016,bnk_000000000016,929.58,wallet,16.73,3.01,0.00,2025-11-10,train,0
pay_00000000003497,setl_merchant_1_0016,bnk_000000000016,724.00,upi,0.00,0.00,0.00,2025-11-10,train,0
pay_00000000003515,setl_merchant_1_0016,bnk_000000000016,938.99,wallet,16.90,3.04,0.00,2025-11-10,train,0
pay_00000000003559,setl_merchant_1_0016,bnk_000000000016,868.80,upi,0.00,0.00,8.69,2025-11-10,train,0
pay_00000000003568,setl_merchant_1_0016,bnk_000000000016,3117.09,card,62.34,11.22,31.17,2025-11-10,train,0
pay_00000000003608,setl_merchant_1_0016,bnk_000000000016,201.43,upi,0.00,0.00,0.00,2025-11-10,train,0
pay_00000000003673,setl_merchant_1_0016,bnk_000000000016,2988.74,card,59.77,10.76,0.00,2025-11-10,train,0
pay_00000000003708,setl_merchant_1_0016,bnk_000000000016,783.46,upi,0.00,0.00,7.83,2025-11-10,train,0
pay_00000000003737,setl_merchant_1_0016,bnk_000000000016,2360.28,upi,0.00,0.00,23.60,2025-11-10,train,0
pay_00000000003768,setl_merchant_1_0016,bnk_000000000016,786.00,card,15.72,2.83,7.86,2025-11-10,train,0
pay_00000000003781,setl_merchant_1_0016,bnk_000000000016,360.56,card,7.21,1.30,3.61,2025-11-10,train,0
pay_00000000003811,setl_merchant_1_0016,bnk_000000000016,985.10,upi,0.00,0.00,0.00,2025-11-10,train,0
pay_00000000003859,setl_merchant_1_0016,bnk_000000000016,140.99,upi,0.00,0.00,1.41,2025-11-10,train,0
pay_00000000003906,setl_merchant_1_0016,bnk_000000000016,295.03,netbanking,15.00,2.70,2.95,2025-11-10,train,0
pay_00000000003983,setl_merchant_1_0016,bnk_000000000016,771.83,card,15.44,2.78,0.00,2025-11-10,train,0
pay_00000000004026,setl_merchant_1_0016,bnk_000000000016,579.44,upi,0.00,0.00,5.79,2025-11-10,train,0
pay_00000000004062,setl_merchant_1_0016,bnk_000000000016,831.05,upi,0.00,0.00,8.31,2025-11-10,train,0
pay_00000000004320,setl_merchant_1_0016,bnk_000000000016,436.00,upi,0.00,0.00,4.36,2025-11-10,train,0
pay_00000000004481,setl_merchant_1_0016,bnk_000000000016,180.00,upi,0.00,0.00,1.80,2025-11-10,train,0
pay_00000000004549,setl_merchant_1_0016,bnk_000000000016,241.28,upi,0.00,0.00,2.41,2025-11-10,train,0
pay_00000000004552,setl_merchant_1_0016,bnk_000000000016,16767.00,wallet,301.81,54.33,0.00,2025-11-10,train,0
pay_00000000004572,setl_merchant_1_0016,bnk_000000000016,264.43,card,5.29,0.95,2.64,2025-11-10,train,0
pay_00000000004582,setl_merchant_1_0016,bnk_000000000016,777.99,upi,0.00,0.00,7.78,2025-11-10,train,0
pay_00000000004686,setl_merchant_1_0016,bnk_000000000016,436.80,upi,0.00,0.00,0.00,2025-11-10,train,0
pay_00000000004698,setl_merchant_1_0016,bnk_000000000016,101.99,card,2.04,0.37,0.00,2025-11-10,train,0
pay_00000000004728,setl_merchant_1_0016,bnk_000000000016,1064.64,upi,0.00,0.00,0.00,2025-11-10,train,0
pay_00000000004733,setl_merchant_1_0016,bnk_000000000016,312.33,wallet,5.62,1.01,3.12,2025-11-10,train,0
pay_00000000004779,setl_merchant_1_0016,bnk_000000000016,2378.40,upi,0.00,0.00,23.78,2025-11-10,train,0
pay_00000000004807,setl_merchant_1_0016,bnk_000000000016,112.00,upi,0.00,0.00,0.00,2025-11-10,train,0
pay_00000000004828,setl_merchant_1_0016,bnk_000000000016,115.10,upi,0.00,0.00,0.00,2025-11-10,train,0
pay_00000000004840,setl_merchant_1_0016,bnk_000000000016,3309.00,upi,0.00,0.00,0.00,2025-11-10,train,0
pay_00000000004938,setl_merchant_1_0016,bnk_000000000016,2839.00,card,56.78,10.22,28.39,2025-11-10,train,0
pay_00000000000029,setl_merchant_1_0017,bnk_000000000017,888.00,card,17.76,3.20,0.00,2025-11-10,train,0
pay_00000000000096,setl_merchant_1_0017,bnk_000000000017,811.79,card,16.24,2.92,8.12,2025-11-10,train,0
pay_00000000000210,setl_merchant_1_0017,bnk_000000000017,783.81,wallet,14.11,2.54,7.84,2025-11-10,train,0
pay_00000000000267,setl_merchant_1_0017,bnk_000000000017,581.68,upi,0.00,0.00,0.00,2025-11-10,train,0
pay_00000000000269,setl_merchant_1_0017,bnk_000000000017,326.40,card,6.53,1.18,3.26,2025-11-10,train,0
pay_00000000000303,setl_merchant_1_0017,bnk_000000000017,411.99,card,8.24,1.48,4.12,2025-11-10,train,0
pay_00000000000350,setl_merchant_1_0017,bnk_000000000017,648.98,upi,0.00,0.00,0.00,2025-11-10,train,0
pay_00000000000360,setl_merchant_1_0017,bnk_000000000017,1474.65,card,29.49,5.31,0.00,2025-11-10,train,0
pay_00000000000363,setl_merchant_1_0017,bnk_000000000017,413.21,upi,0.00,0.00,0.00,2025-11-10,train,0
pay_00000000000396,setl_merchant_1_0017,bnk_000000000017,1072.00,card,21.44,3.86,10.72,2025-11-10,train,0
pay_00000000000414,setl_merchant_1_0017,bnk_000000000017,486.93,wallet,8.76,1.58,0.00,2025-11-10,train,0
pay_00000000000422,setl_merchant_1_0017,bnk_000000000017,724.00,upi,0.00,0.00,0.00,2025-11-10,train,0
pay_00000000000464,setl_merchant_1_0017,bnk_000000000017,132.00,card,2.64,0.48,1.32,2025-11-10,train,0
pay_00000000000503,setl_merchant_1_0017,bnk_000000000017,591.61,upi,0.00,0.00,0.00,2025-11-10,train,0
pay_00000000000534,setl_merchant_1_0017,bnk_000000000017,2913.85,upi,0.00,0.00,29.14,2025-11-10,train,0
pay_00000000000603,setl_merchant_1_0017,bnk_000000000017,1643.00,card,32.86,5.91,16.43,2025-11-10,train,0
pay_00000000000627,setl_merchant_1_0017,bnk_000000000017,899.95,wallet,16.20,2.92,0.00,2025-11-10,train,0
pay_00000000000630,setl_merchant_1_0017,bnk_000000000017,2497.99,upi,0.00,0.00,24.98,2025-11-10,train,0
pay_00000000000684,setl_merchant_1_0017,bnk_000000000017,452.20,wallet,8.14,1.47,0.00,2025-11-10,train,0
pay_00000000000726,setl_merchant_1_0017,bnk_000000000017,983.65,wallet,17.71,3.19,0.00,2025-11-10,train,0
pay_00000000000821,setl_merchant_1_0017,bnk_000000000017,441.00,card,8.82,1.59,4.41,2025-11-10,train,0
pay_00000000000852,setl_merchant_1_0017,bnk_000000000017,296.65,wallet,5.34,0.96,0.00,2025-11-10,train,0
pay_00000000000859,setl_merchant_1_0017,bnk_000000000017,114.13,upi,0.00,0.00,1.14,2025-11-10,train,0
pay_00000000000888,setl_merchant_1_0017,bnk_000000000017,195.56,wallet,3.52,0.63,1.96,2025-11-10,train,0
pay_00000000000923,setl_merchant_1_0017,bnk_000000000017,2347.54,upi,0.00,0.00,0.00,2025-11-10,train,0
pay_00000000000977,setl_merchant_1_0017,bnk_000000000017,2275.00,upi,0.00,0.00,22.75,2025-11-10,train,0
pay_00000000000993,setl_merchant_1_0017,bnk_000000000017,387.00,card,7.74,1.39,0.00,2025-11-10,train,0
pay_00000000001067,setl_merchant_1_0017,bnk_000000000017,608.99,upi,0.00,0.00,0.00,2025-11-10,train,0
pay_00000000001078,setl_merchant_1_0017,bnk_000000000017,101.45,card,2.03,0.37,0.00,2025-11-10,train,0
pay_00000000001131,setl_merchant_1_0017,bnk_000000000017,10260.35,upi,0.00,0.00,0.00,2025-11-10,train,0
pay_00000000001280,setl_merchant_1_0017,bnk_000000000017,828.00,card,16.56,2.98,0.00,2025-11-10,train,0
pay_00000000001419,setl_merchant_1_0017,bnk_000000000017,2925.15,upi,0.00,0.00,0.00,2025-11-10,train,0
pay_00000000001458,setl_merchant_1_0017,bnk_000000000017,936.45,upi,0.00,0.00,0.00,2025-11-10,train,0
pay_00000000001516,setl_merchant_1_0017,bnk_000000000017,302.00,upi,0.00,0.00,0.00,2025-11-10,train,0
pay_00000000001554,setl_merchant_1_0017,bnk_000000000017,246.99,card,4.94,0.89,0.00,2025-11-10,train,0
pay_00000000001557,setl_merchant_1_0017,bnk_000000000017,890.49,card,17.81,3.21,0.00,2025-11-10,train,0
pay_00000000001572,setl_merchant_1_0017,bnk_000000000017,686.00,card,13.72,2.47,0.00,2025-11-10,train,0
pay_00000000001594,setl_merchant_1_0017,bnk_000000000017,3518.00,upi,0.00,0.00,0.00,2025-11-10,train,0
pay_00000000001597,setl_merchant_1_0017,bnk_000000000017,123.06,wallet,2.22,0.40,0.00,2025-11-10,train,0
pay_00000000001610,setl_merchant_1_0017,bnk_000000000017,515.00,wallet,9.27,1.67,0.00,2025-11-10,train,0
pay_00000000001675,setl_merchant_1_0017,bnk_000000000017,251.84,card,5.04,0.91,2.52,2025-11-10,train,0
pay_00000000001822,setl_merchant_1_0017,bnk_000000000017,122.99,upi,0.00,0.00,0.00,2025-11-10,train,0
pay_00000000001826,setl_merchant_1_0017,bnk_000000000017,450.99,wallet,8.12,1.46,4.51,2025-11-10,train,0
pay_00000000001890,setl_merchant_1_0017,bnk_000000000017,758.99,wallet,13.66,2.46,0.00,2025-11-10,train,0
pay_00000000001920,setl_merchant_1_0017,bnk_000000000017,502.99,card,10.06,1.81,5.03,2025-11-10,train,0
pay_00000000001977,setl_merchant_1_0017,bnk_000000000017,955.28,upi,0.00,0.00,9.55,2025-11-10,train,0
pay_00000000002000,setl_merchant_1_0017,bnk_000000000017,104.50,upi,0.00,0.00,0.00,2025-11-10,train,0
pay_00000000002033,setl_merchant_1_0017,bnk_000000000017,430.74,card,8.61,1.55,4.31,2025-11-10,train,0
pay_00000000002071,setl_merchant_1_0017,bnk_000000000017,223.19,upi,0.00,0.00,0.00,2025-11-10,train,0
pay_00000000002098,setl_merchant_1_0017,bnk_000000000017,711.92,wallet,12.81,2.31,0.00,2025-11-10,train,0
pay_00000000002197,setl_merchant_1_0017,bnk_000000000017,2944.99,wallet,53.01,9.54,29.45,2025-11-10,train,0
pay_00000000002227,setl_merchant_1_0017,bnk_000000000017,424.00,upi,0.00,0.00,4.24,2025-11-10,train,0
pay_00000000002303,setl_merchant_1_0017,bnk_000000000017,741.00,upi,0.00,0.00,0.00,2025-11-10,train,0
pay_00000000002325,setl_merchant_1_0017,bnk_000000000017,331.00,upi,0.00,0.00,0.00,2025-11-10,train,0
pay_00000000002356,setl_merchant_1_0017,bnk_000000000017,11442.70,upi,0.00,0.00,114.43,2025-11-10,train,0
pay_00000000002378,setl_merchant_1_0017,bnk_000000000017,768.99,card,15.38,2.77,7.69,2025-11-10,train,0
pay_00000000002385,setl_merchant_1_0017,bnk_000000000017,380.13,upi,0.00,0.00,3.80,2025-11-10,train,0
pay_00000000002423,setl_merchant_1_0017,bnk_000000000017,896.00,upi,0.00,0.00,8.96,2025-11-10,train,0
pay_00000000002438,setl_merchant_1_0017,bnk_000000000017,559.00,wallet,10.06,1.81,5.59,2025-11-10,train,0
pay_00000000002471,setl_merchant_1_0017,bnk_000000000017,656.00,card,13.12,2.36,6.56,2025-11-10,train,0
pay_00000000002512,setl_merchant_1_0017,bnk_000000000017,591.00,upi,0.00,0.00,0.00,2025-11-10,train,0
pay_00000000002536,setl_merchant_1_0017,bnk_000000000017,992.00,wallet,17.86,3.21,9.92,2025-11-10,train,0
pay_00000000002566,setl_merchant_1_0017,bnk_000000000017,179.00,netbanking,15.00,2.70,1.79,2025-11-10,train,0
pay_00000000002611,setl_merchant_1_0017,bnk_000000000017,847.00,wallet,15.25,2.75,8.47,2025-11-10,train,0
pay_00000000002624,setl_merchant_1_0017,bnk_000000000017,666.00,upi,0.00,0.00,6.66,2025-11-10,train,0
pay_00000000002771,setl_merchant_1_0017,bnk_000000000017,712.75,upi,0.00,0.00,0.00,2025-11-10,train,0
pay_00000000002849,setl_merchant_1_0017,bnk_000000000017,1252.62,upi,0.00,0.00,12.53,2025-11-10,train,0
pay_00000000002867,setl_merchant_1_0017,bnk_000000000017,334.08,netbanking,15.00,2.70,3.34,2025-11-10,train,0
pay_00000000002900,setl_merchant_1_0017,bnk_000000000017,238.48,upi,0.00,0.00,0.00,2025-11-10,train,0
pay_00000000002936,setl_merchant_1_0017,bnk_000000000017,159.99,upi,0.00,0.00,0.00,2025-11-10,train,0
pay_00000000002941,setl_merchant_1_0017,bnk_000000000017,607.00,upi,0.00,0.00,0.00,2025-11-10,train,0
pay_00000000002955,setl_merchant_1_0017,bnk_000000000017,3719.18,upi,0.00,0.00,37.19,2025-11-10,train,0
pay_00000000002966,setl_merchant_1_0017,bnk_000000000017,546.99,upi,0.00,0.00,0.00,2025-11-10,train,0
pay_00000000003101,setl_merchant_1_0017,bnk_000000000017,2614.00,card,52.28,9.41,26.14,2025-11-10,train,0
pay_00000000003105,setl_merchant_1_0017,bnk_000000000017,12585.86,upi,0.00,0.00,125.86,2025-11-10,train,0
pay_00000000003124,setl_merchant_1_0017,bnk_000000000017,2572.99,upi,0.00,0.00,25.73,2025-11-10,train,0
pay_00000000003205,setl_merchant_1_0017,bnk_000000000017,630.99,upi,0.00,0.00,0.00,2025-11-10,train,0
pay_00000000003215,setl_merchant_1_0017,bnk_000000000017,716.99,card,14.34,2.58,0.00,2025-11-10,train,0
pay_00000000003249,setl_merchant_1_0017,bnk_000000000017,216.00,card,4.32,0.78,0.00,2025-11-10,train,0
pay_00000000003271,setl_merchant_1_0017,bnk_000000000017,718.00,upi,0.00,0.00,0.00,2025-11-10,train,0
pay_00000000003329,setl_merchant_1_0017,bnk_000000000017,708.75,upi,0.00,0.00,0.00,2025-11-10,train,0
pay_00000000003358,setl_merchant_1_0017,bnk_000000000017,367.35,upi,0.00,0.00,3.67,2025-11-10,train,0
pay_00000000003428,setl_merchant_1_0017,bnk_000000000017,1035.01,card,20.70,3.73,10.35,2025-11-10,train,0
pay_00000000003465,setl_merchant_1_0017,bnk_000000000017,512.99,upi,0.00,0.00,5.13,2025-11-10,train,0
pay_00000000003543,setl_merchant_1_0017,bnk_000000000017,2011.86,wallet,36.21,6.52,0.00,2025-11-10,train,0
pay_00000000003547,setl_merchant_1_0017,bnk_000000000017,266.39,upi,0.00,0.00,2.66,2025-11-10,train,0
pay_00000000003567,setl_merchant_1_0017,bnk_000000000017,799.78,card,16.00,2.88,0.00,2025-11-10,train,0
pay_00000000003590,setl_merchant_1_0017,bnk_000000000017,268.99,upi,0.00,0.00,2.69,2025-11-10,train,0
pay_00000000003689,setl_merchant_1_0017,bnk_000000000017,740.00,wallet,13.32,2.40,7.40,2025-11-10,train,0
pay_00000000003723,setl_merchant_1_0017,bnk_000000000017,1540.81,card,30.82,5.55,15.41,2025-11-10,train,0
pay_00000000003724,setl_merchant_1_0017,bnk_000000000017,706.00,upi,0.00,0.00,0.00,2025-11-10,train,0
pay_00000000003735,setl_merchant_1_0017,bnk_000000000017,1468.99,card,29.38,5.29,0.00,2025-11-10,train,0
pay_00000000003785,setl_merchant_1_0017,bnk_000000000017,1009.14,upi,0.00,0.00,0.00,2025-11-10,train,0
pay_00000000003823,setl_merchant_1_0017,bnk_000000000017,1428.99,upi,0.00,0.00,0.00,2025-11-10,train,0
pay_00000000003824,setl_merchant_1_0017,bnk_000000000017,844.46,card,16.89,3.04,8.44,2025-11-10,train,0
pay_00000000003849,setl_merchant_1_0017,bnk_000000000017,412.00,upi,0.00,0.00,4.12,2025-11-10,train,0
pay_00000000003879,setl_merchant_1_0017,bnk_000000000017,166.11,upi,0.00,0.00,1.66,2025-11-10,train,0
pay_00000000003901,setl_merchant_1_0017,bnk_000000000017,597.41,upi,0.00,0.00,5.97,2025-11-10,train,0
pay_00000000003914,setl_merchant_1_0017,bnk_000000000017,2309.53,upi,0.00,0.00,23.10,2025-11-10,train,0
pay_00000000003916,setl_merchant_1_0017,bnk_000000000017,827.67,upi,0.00,0.00,0.00,2025-11-10,train,0
pay_00000000003935,setl_merchant_1_0017,bnk_000000000017,863.99,wallet,15.55,2.80,0.00,2025-11-10,train,0
pay_00000000003988,setl_merchant_1_0017,bnk_000000000017,2184.41,upi,0.00,0.00,0.00,2025-11-10,train,0
pay_00000000004070,setl_merchant_1_0017,bnk_000000000017,12144.79,upi,0.00,0.00,0.00,2025-11-10,train,0
pay_00000000004145,setl_merchant_1_0017,bnk_000000000017,1999.99,upi,0.00,0.00,0.00,2025-11-10,train,0
pay_00000000004200,setl_merchant_1_0017,bnk_000000000017,569.17,upi,0.00,0.00,5.69,2025-11-10,train,0
pay_00000000004251,setl_merchant_1_0017,bnk_000000000017,285.49,card,5.71,1.03,2.85,2025-11-10,train,0
pay_00000000004253,setl_merchant_1_0017,bnk_000000000017,2701.52,upi,0.00,0.00,27.02,2025-11-10,train,0
pay_00000000004261,setl_merchant_1_0017,bnk_000000000017,814.00,netbanking,15.00,2.70,8.14,2025-11-10,train,0
pay_00000000004286,setl_merchant_1_0017,bnk_000000000017,185.97,card,3.72,0.67,1.86,2025-11-10,train,0
pay_00000000004356,setl_merchant_1_0017,bnk_000000000017,977.71,card,19.55,3.52,9.78,2025-11-10,train,0
pay_00000000004361,setl_merchant_1_0017,bnk_000000000017,2261.27,wallet,40.70,7.33,22.61,2025-11-10,train,0
pay_00000000004418,setl_merchant_1_0017,bnk_000000000017,351.99,card,7.04,1.27,0.00,2025-11-10,train,0
pay_00000000004426,setl_merchant_1_0017,bnk_000000000017,1462.00,wallet,26.32,4.74,14.62,2025-11-10,train,0
pay_00000000004446,setl_merchant_1_0017,bnk_000000000017,771.59,card,15.43,2.78,7.72,2025-11-10,train,0
pay_00000000004534,setl_merchant_1_0017,bnk_000000000017,2183.43,upi,0.00,0.00,21.83,2025-11-10,train,0
pay_00000000004606,setl_merchant_1_0017,bnk_000000000017,568.00,upi,0.00,0.00,5.68,2025-11-10,train,0
pay_00000000004688,setl_merchant_1_0017,bnk_000000000017,701.28,upi,0.00,0.00,0.00,2025-11-10,train,0
pay_00000000004762,setl_merchant_1_0017,bnk_000000000017,873.90,upi,0.00,0.00,8.74,2025-11-10,train,0
pay_00000000004770,setl_merchant_1_0017,bnk_000000000017,130.11,upi,0.00,0.00,0.00,2025-11-10,train,0
pay_00000000004860,setl_merchant_1_0017,bnk_000000000017,3018.00,upi,0.00,0.00,30.18,2025-11-10,train,0
pay_00000000004933,setl_merchant_1_0017,bnk_000000000017,803.00,card,16.06,2.89,8.03,2025-11-10,train,0
pay_00000000004942,setl_merchant_1_0017,bnk_000000000017,245.40,upi,0.00,0.00,2.45,2025-11-10,train,0
pay_00000000004975,setl_merchant_1_0017,bnk_000000000017,227.89,upi,0.00,0.00,2.28,2025-11-10,train,0
pay_00000000004978,setl_merchant_1_0017,bnk_000000000017,834.00,upi,0.00,0.00,8.34,2025-11-10,train,0
pay_00000000000482,setl_merchant_1_0018,bnk_000000000018,632.59,upi,0.00,0.00,6.33,2025-11-11,train,0
pay_00000000000518,setl_merchant_1_0018,bnk_000000000018,236.02,upi,0.00,0.00,2.36,2025-11-11,train,0
pay_00000000000525,setl_merchant_1_0018,bnk_000000000018,1034.91,upi,0.00,0.00,10.35,2025-11-11,train,0
pay_00000000000997,setl_merchant_1_0018,bnk_000000000018,353.00,upi,0.00,0.00,0.00,2025-11-11,train,0
pay_00000000002051,setl_merchant_1_0018,bnk_000000000018,476.00,upi,0.00,0.00,0.00,2025-11-11,train,0
pay_00000000002450,setl_merchant_1_0018,bnk_000000000018,955.87,card,19.12,3.44,0.00,2025-11-11,train,0
pay_00000000002669,setl_merchant_1_0018,bnk_000000000018,407.57,card,8.15,1.47,4.08,2025-11-11,train,0
pay_00000000003025,setl_merchant_1_0018,bnk_000000000018,1432.52,upi,0.00,0.00,0.00,2025-11-11,train,0
pay_00000000003602,setl_merchant_1_0018,bnk_000000000018,563.12,upi,0.00,0.00,5.63,2025-11-11,train,0
pay_00000000004224,setl_merchant_1_0018,bnk_000000000018,1067.64,card,21.35,3.84,0.00,2025-11-11,train,0
pay_00000000004228,setl_merchant_1_0018,bnk_000000000018,295.00,card,5.90,1.06,0.00,2025-11-11,train,0
pay_00000000004267,setl_merchant_1_0018,bnk_000000000018,838.10,card,16.76,3.02,8.38,2025-11-11,train,0
pay_00000000004490,setl_merchant_1_0018,bnk_000000000018,909.00,netbanking,15.00,2.70,0.00,2025-11-11,train,0
pay_00000000000025,setl_merchant_1_0019,bnk_000000000019,534.00,upi,0.00,0.00,5.34,2025-11-11,train,0
pay_00000000000215,setl_merchant_1_0019,bnk_000000000019,447.00,upi,0.00,0.00,0.00,2025-11-11,train,0
pay_00000000000429,setl_merchant_1_0019,bnk_000000000019,1175.99,card,23.52,4.23,11.76,2025-11-11,train,0
pay_00000000000655,setl_merchant_1_0019,bnk_000000000019,366.82,upi,0.00,0.00,0.00,2025-11-11,train,0
pay_00000000000807,setl_merchant_1_0019,bnk_000000000019,117.56,upi,0.00,0.00,1.18,2025-11-11,train,0
pay_00000000001010,setl_merchant_1_0019,bnk_000000000019,1970.12,card,39.40,7.09,19.70,2025-11-11,train,0
pay_00000000001208,setl_merchant_1_0019,bnk_000000000019,158.00,upi,0.00,0.00,1.58,2025-11-11,train,0
pay_00000000001245,setl_merchant_1_0019,bnk_000000000019,2240.02,upi,0.00,0.00,22.40,2025-11-11,train,0
pay_00000000001479,setl_merchant_1_0019,bnk_000000000019,442.62,card,8.85,1.59,0.00,2025-11-11,train,0
pay_00000000001706,setl_merchant_1_0019,bnk_000000000019,1901.85,upi,0.00,0.00,19.02,2025-11-11,train,0
pay_00000000001725,setl_merchant_1_0019,bnk_000000000019,1074.00,card,21.48,3.87,0.00,2025-11-11,train,0
pay_00000000001804,setl_merchant_1_0019,bnk_000000000019,578.00,netbanking,15.00,2.70,0.00,2025-11-11,train,0
pay_00000000001811,setl_merchant_1_0019,bnk_000000000019,822.00,upi,0.00,0.00,8.22,2025-11-11,train,0
pay_00000000001844,setl_merchant_1_0019,bnk_000000000019,959.00,netbanking,15.00,2.70,9.59,2025-11-11,train,0
pay_00000000002133,setl_merchant_1_0019,bnk_000000000019,535.27,upi,0.00,0.00,0.00,2025-11-11,train,0
pay_00000000002141,setl_merchant_1_0019,bnk_000000000019,554.67,upi,0.00,0.00,5.55,2025-11-11,train,0
pay_00000000002198,setl_merchant_1_0019,bnk_000000000019,2077.99,card,41.56,7.48,20.78,2025-11-11,train,0
pay_00000000002648,setl_merchant_1_0019,bnk_000000000019,412.00,card,8.24,1.48,0.00,2025-11-11,train,0
pay_00000000002782,setl_merchant_1_0019,bnk_000000000019,725.99,netbanking,15.00,2.70,7.26,2025-11-11,train,0
pay_00000000002997,setl_merchant_1_0019,bnk_000000000019,830.99,netbanking,15.00,2.70,8.31,2025-11-11,train,0
pay_00000000003461,setl_merchant_1_0019,bnk_000000000019,333.00,wallet,5.99,1.08,0.00,2025-11-11,train,0
pay_00000000003862,setl_merchant_1_0019,bnk_000000000019,709.71,upi,0.00,0.00,7.10,2025-11-11,train,0
pay_00000000004156,setl_merchant_1_0019,bnk_000000000019,12381.85,upi,0.00,0.00,123.82,2025-11-11,train,0
pay_00000000004179,setl_merchant_1_0019,bnk_000000000019,1034.00,upi,0.00,0.00,0.00,2025-11-11,train,0
pay_00000000004419,setl_merchant_1_0019,bnk_000000000019,112.00,upi,0.00,0.00,0.00,2025-11-11,train,0
pay_00000000004450,setl_merchant_1_0019,bnk_000000000019,935.55,upi,0.00,0.00,9.36,2025-11-11,train,0
pay_00000000004492,setl_merchant_1_0019,bnk_000000000019,514.07,netbanking,15.00,2.70,5.14,2025-11-11,train,0
pay_00000000004677,setl_merchant_1_0019,bnk_000000000019,247.09,upi,0.00,0.00,0.00,2025-11-11,train,0
pay_00000000004852,setl_merchant_1_0019,bnk_000000000019,501.99,wallet,9.04,1.63,0.00,2025-11-11,train,0
pay_00000000000039,setl_merchant_1_0020,bnk_000000000020,2782.50,card,55.65,10.02,27.83,2025-11-11,train,0
pay_00000000000280,setl_merchant_1_0020,bnk_000000000020,1930.93,wallet,34.76,6.26,0.00,2025-11-11,train,0
pay_00000000000294,setl_merchant_1_0020,bnk_000000000020,1069.00,upi,0.00,0.00,10.69,2025-11-11,train,0
pay_00000000000549,setl_merchant_1_0020,bnk_000000000020,778.01,card,15.56,2.80,0.00,2025-11-11,train,0
pay_00000000000562,setl_merchant_1_0020,bnk_000000000020,1291.26,card,25.83,4.65,12.91,2025-11-11,train,0
pay_00000000000646,setl_merchant_1_0020,bnk_000000000020,1003.00,netbanking,15.00,2.70,0.00,2025-11-11,train,0
pay_00000000000753,setl_merchant_1_0020,bnk_000000000020,782.60,upi,0.00,0.00,0.00,2025-11-11,train,0
pay_00000000000841,setl_merchant_1_0020,bnk_000000000020,956.83,upi,0.00,0.00,9.57,2025-11-11,train,0
pay_00000000000890,setl_merchant_1_0020,bnk_000000000020,130.65,wallet,2.35,0.42,0.00,2025-11-11,train,0
pay_00000000001054,setl_merchant_1_0020,bnk_000000000020,433.19,upi,0.00,0.00,4.33,2025-11-11,train,0
pay_00000000001127,setl_merchant_1_0020,bnk_000000000020,549.08,upi,0.00,0.00,5.49,2025-11-11,train,0
pay_00000000001195,setl_merchant_1_0020,bnk_000000000020,929.99,upi,0.00,0.00,9.30,2025-11-11,train,0
pay_00000000001267,setl_merchant_1_0020,bnk_000000000020,314.00,upi,0.00,0.00,0.00,2025-11-11,train,0
pay_00000000001294,setl_merchant_1_0020,bnk_000000000020,641.43,wallet,11.55,2.08,0.00,2025-11-11,train,0
pay_00000000001296,setl_merchant_1_0020,bnk_000000000020,135.00,upi,0.00,0.00,1.35,2025-11-11,train,0
pay_00000000001331,setl_merchant_1_0020,bnk_000000000020,616.00,card,12.32,2.22,6.16,2025-11-11,train,0
pay_00000000001404,setl_merchant_1_0020,bnk_000000000020,882.03,upi,0.00,0.00,8.82,2025-11-11,train,0
pay_00000000001463,setl_merchant_1_0020,bnk_000000000020,643.00,upi,0.00,0.00,6.43,2025-11-11,train,0
pay_00000000001467,setl_merchant_1_0020,bnk_000000000020,326.08,upi,0.00,0.00,0.00,2025-11-11,train,0
pay_00000000001530,setl_merchant_1_0020,bnk_000000000020,1883.00,card,37.66,6.78,18.83,2025-11-11,train,0
pay_00000000001623,setl_merchant_1_0020,bnk_000000000020,813.99,upi,0.00,0.00,0.00,2025-11-11,train,0
pay_00000000001658,setl_merchant_1_0020,bnk_000000000020,182.31,netbanking,15.00,2.70,0.00,2025-11-11,train,0
pay_00000000001709,setl_merchant_1_0020,bnk_000000000020,2805.31,card,56.11,10.10,0.00,2025-11-11,train,0
pay_00000000001970,setl_merchant_1_0020,bnk_000000000020,701.15,card,14.02,2.52,7.01,2025-11-11,train,0
pay_00000000002034,setl_merchant_1_0020,bnk_000000000020,104.89,wallet,1.89,0.34,1.05,2025-11-11,train,0
pay_00000000002259,setl_merchant_1_0020,bnk_000000000020,397.64,upi,0.00,0.00,3.98,2025-11-11,train,0
pay_00000000002428,setl_merchant_1_0020,bnk_000000000020,838.99,upi,0.00,0.00,8.39,2025-11-11,train,0
pay_00000000002437,setl_merchant_1_0020,bnk_000000000020,11983.09,upi,0.00,0.00,119.83,2025-11-11,train,0
pay_00000000002470,setl_merchant_1_0020,bnk_000000000020,1450.99,upi,0.00,0.00,0.00,2025-11-11,train,0
pay_00000000002587,setl_merchant_1_0020,bnk_000000000020,971.00,upi,0.00,0.00,0.00,2025-11-11,train,0
pay_00000000003009,setl_merchant_1_0020,bnk_000000000020,569.27,card,11.39,2.05,5.69,2025-11-11,train,0
pay_00000000003019,setl_merchant_1_0020,bnk_000000000020,504.10,upi,0.00,0.00,5.04,2025-11-11,train,0
pay_00000000003024,setl_merchant_1_0020,bnk_000000000020,2501.75,upi,0.00,0.00,0.00,2025-11-11,train,0
pay_00000000003274,setl_merchant_1_0020,bnk_000000000020,114.79,card,2.30,0.41,0.00,2025-11-11,train,0
pay_00000000003427,setl_merchant_1_0020,bnk_000000000020,229.66,card,4.59,0.83,0.00,2025-11-11,train,0
pay_00000000003448,setl_merchant_1_0020,bnk_000000000020,173.99,card,3.48,0.63,0.00,2025-11-11,train,0
pay_00000000003471,setl_merchant_1_0020,bnk_000000000020,911.99,netbanking,15.00,2.70,0.00,2025-11-11,train,0
pay_00000000003585,setl_merchant_1_0020,bnk_000000000020,3805.99,netbanking,15.00,2.70,38.06,2025-11-11,train,0
pay_00000000003627,setl_merchant_1_0020,bnk_000000000020,934.14,upi,0.00,0.00,0.00,2025-11-11,train,0
pay_00000000003715,setl_merchant_1_0020,bnk_000000000020,206.15,upi,0.00,0.00,2.06,2025-11-11,train,0
pay_00000000003953,setl_merchant_1_0020,bnk_000000000020,628.21,wallet,11.31,2.04,6.28,2025-11-11,train,0
pay_00000000004063,setl_merchant_1_0020,bnk_000000000020,187.32,upi,0.00,0.00,0.00,2025-11-11,train,0
pay_00000000004127,setl_merchant_1_0020,bnk_000000000020,730.40,wallet,13.15,2.37,7.30,2025-11-11,train,0
pay_00000000004192,setl_merchant_1_0020,bnk_000000000020,975.00,card,19.50,3.51,9.75,2025-11-11,train,0
pay_00000000004297,setl_merchant_1_0020,bnk_000000000020,2266.04,card,45.32,8.16,0.00,2025-11-11,train,0
pay_00000000004328,setl_merchant_1_0020,bnk_000000000020,3442.03,upi,0.00,0.00,0.00,2025-11-11,train,0
pay_00000000004390,setl_merchant_1_0020,bnk_000000000020,618.57,upi,0.00,0.00,0.00,2025-11-11,train,0
pay_00000000004522,setl_merchant_1_0020,bnk_000000000020,274.99,upi,0.00,0.00,2.75,2025-11-11,train,0
pay_00000000004930,setl_merchant_1_0020,bnk_000000000020,118.82,upi,0.00,0.00,1.19,2025-11-11,train,0
pay_00000000000037,setl_merchant_1_0021,bnk_000000000021,304.00,upi,0.00,0.00,3.04,2025-11-11,train,0
pay_00000000000121,setl_merchant_1_0021,bnk_000000000021,916.00,netbanking,15.00,2.70,0.00,2025-11-11,train,0
pay_00000000000310,setl_merchant_1_0021,bnk_000000000021,944.99,upi,0.00,0.00,0.00,2025-11-11,train,0
pay_00000000000311,setl_merchant_1_0021,bnk_000000000021,622.51,upi,0.00,0.00,6.23,2025-11-11,train,0
pay_00000000000572,setl_merchant_1_0021,bnk_000000000021,172.15,upi,0.00,0.00,1.72,2025-11-11,train,0
pay_00000000000751,setl_merchant_1_0021,bnk_000000000021,783.01,upi,0.00,0.00,0.00,2025-11-11,train,0
pay_00000000000798,setl_merchant_1_0021,bnk_000000000021,714.00,upi,0.00,0.00,0.00,2025-11-11,train,0
pay_00000000000799,setl_merchant_1_0021,bnk_000000000021,602.00,upi,0.00,0.00,0.00,2025-11-11,train,0
pay_00000000000884,setl_merchant_1_0021,bnk_000000000021,1011.38,upi,0.00,0.00,0.00,2025-11-11,train,0
pay_00000000001091,setl_merchant_1_0021,bnk_000000000021,787.00,card,15.74,2.83,0.00,2025-11-11,train,0
pay_00000000001134,setl_merchant_1_0021,bnk_000000000021,366.41,netbanking,15.00,2.70,0.00,2025-11-11,train,0
pay_00000000001178,setl_merchant_1_0021,bnk_000000000021,841.99,card,16.84,3.03,8.42,2025-11-11,train,0
pay_00000000001183,setl_merchant_1_0021,bnk_000000000021,10629.97,upi,0.00,0.00,0.00,2025-11-11,train,0
pay_00000000001334,setl_merchant_1_0021,bnk_000000000021,471.06,upi,0.00,0.00,0.00,2025-11-11,train,0
pay_00000000001470,setl_merchant_1_0021,bnk_000000000021,3040.00,upi,0.00,0.00,30.40,2025-11-11,train,0
pay_00000000001536,setl_merchant_1_0021,bnk_000000000021,145.95,netbanking,15.00,2.70,0.00,2025-11-11,train,0
pay_00000000001595,setl_merchant_1_0021,bnk_000000000021,904.83,upi,0.00,0.00,9.05,2025-11-11,train,0
pay_00000000001730,setl_merchant_1_0021,bnk_000000000021,688.00,upi,0.00,0.00,0.00,2025-11-11,train,0
pay_00000000001849,setl_merchant_1_0021,bnk_000000000021,885.15,upi,0.00,0.00,8.85,2025-11-11,train,0
pay_00000000001887,setl_merchant_1_0021,bnk_000000000021,497.11,upi,0.00,0.00,4.97,2025-11-11,train,0
pay_00000000001889,setl_merchant_1_0021,bnk_000000000021,132.46,card,2.65,0.48,0.00,2025-11-11,train,0
pay_00000000001947,setl_merchant_1_0021,bnk_000000000021,1264.41,upi,0.00,0.00,12.64,2025-11-11,train,0
pay_00000000001995,setl_merchant_1_0021,bnk_000000000021,218.99,card,4.38,0.79,2.19,2025-11-11,train,0
pay_00000000002062,setl_merchant_1_0021,bnk_000000000021,2316.27,wallet,41.69,7.50,0.00,2025-11-11,train,0
pay_00000000002199,setl_merchant_1_0021,bnk_000000000021,1033.00,upi,0.00,0.00,10.33,2025-11-11,train,0
pay_00000000002244,setl_merchant_1_0021,bnk_000000000021,1078.14,card,21.56,3.88,10.78,2025-11-11,train,0
pay_00000000002511,setl_merchant_1_0021,bnk_000000000021,428.04,netbanking,15.00,2.70,0.00,2025-11-11,train,0
pay_00000000002882,setl_merchant_1_0021,bnk_000000000021,804.00,card,16.08,2.89,0.00,2025-11-11,train,0
pay_00000000002992,setl_merchant_1_0021,bnk_000000000021,1045.74,netbanking,15.00,2.70,10.46,2025-11-11,train,0
pay_00000000003015,setl_merchant_1_0021,bnk_000000000021,2509.13,card,50.18,9.03,0.00,2025-11-11,train,0
pay_00000000003065,setl_merchant_1_0021,bnk_000000000021,929.99,upi,0.00,0.00,9.30,2025-11-11,train,0
pay_00000000003090,setl_merchant_1_0021,bnk_000000000021,230.93,wallet,4.16,0.75,2.31,2025-11-11,train,0
pay_00000000003375,setl_merchant_1_0021,bnk_000000000021,840.00,upi,0.00,0.00,8.40,2025-11-11,train,0
pay_00000000003542,setl_merchant_1_0021,bnk_000000000021,180.61,upi,0.00,0.00,1.81,2025-11-11,train,0
pay_00000000003719,setl_merchant_1_0021,bnk_000000000021,2376.81,card,47.54,8.56,23.77,2025-11-11,train,0
pay_00000000003757,setl_merchant_1_0021,bnk_000000000021,690.95,netbanking,15.00,2.70,0.00,2025-11-11,train,0
pay_00000000004122,setl_merchant_1_0021,bnk_000000000021,13752.00,upi,0.00,0.00,137.52,2025-11-11,train,0
pay_00000000004254,setl_merchant_1_0021,bnk_000000000021,929.00,upi,0.00,0.00,9.29,2025-11-11,train,0
pay_00000000004312,setl_merchant_1_0021,bnk_000000000021,250.53,wallet,4.51,0.81,2.51,2025-11-11,train,0
pay_00000000004451,setl_merchant_1_0021,bnk_000000000021,310.00,card,6.20,1.12,3.10,2025-11-11,train,0
pay_00000000004471,setl_merchant_1_0021,bnk_000000000021,3095.65,upi,0.00,0.00,30.96,2025-11-11,train,0
pay_00000000004559,setl_merchant_1_0021,bnk_000000000021,348.10,upi,0.00,0.00,3.48,2025-11-11,train,0
pay_00000000004597,setl_merchant_1_0021,bnk_000000000021,702.99,card,14.06,2.53,7.03,2025-11-11,train,0
pay_00000000004613,setl_merchant_1_0021,bnk_000000000021,640.91,card,12.82,2.31,0.00,2025-11-11,train,0
pay_00000000004920,setl_merchant_1_0021,bnk_000000000021,853.63,card,17.07,3.07,8.54,2025-11-11,train,0
pay_00000000000021,setl_merchant_1_0022,bnk_000000000022,889.40,netbanking,15.00,2.70,8.89,2025-11-12,train,0
pay_00000000000112,setl_merchant_1_0022,bnk_000000000022,866.99,upi,0.00,0.00,8.67,2025-11-12,train,0
pay_00000000000273,setl_merchant_1_0022,bnk_000000000022,9332.10,netbanking,15.00,2.70,93.32,2025-11-12,train,0
pay_00000000000371,setl_merchant_1_0022,bnk_000000000022,1027.87,upi,0.00,0.00,10.28,2025-11-12,train,0
pay_00000000000383,setl_merchant_1_0022,bnk_000000000022,1057.96,card,21.16,3.81,10.58,2025-11-12,train,0
pay_00000000000493,setl_merchant_1_0022,bnk_000000000022,793.00,card,15.86,2.85,7.93,2025-11-12,train,0
pay_00000000000527,setl_merchant_1_0022,bnk_000000000022,277.06,upi,0.00,0.00,0.00,2025-11-12,train,0
pay_00000000000784,setl_merchant_1_0022,bnk_000000000022,327.41,upi,0.00,0.00,0.00,2025-11-12,train,0
pay_00000000000889,setl_merchant_1_0022,bnk_000000000022,110.00,card,2.20,0.40,0.00,2025-11-12,train,0
pay_00000000001088,setl_merchant_1_0022,bnk_000000000022,282.44,card,5.65,1.02,2.82,2025-11-12,train,0
pay_00000000001115,setl_merchant_1_0022,bnk_000000000022,903.00,wallet,16.25,2.93,9.03,2025-11-12,train,0
pay_00000000001192,setl_merchant_1_0022,bnk_000000000022,229.16,card,4.58,0.82,2.29,2025-11-12,train,0
pay_00000000001396,setl_merchant_1_0022,bnk_000000000022,1030.00,upi,0.00,0.00,10.30,2025-11-12,train,0
pay_00000000001421,setl_merchant_1_0022,bnk_000000000022,2612.74,card,52.25,9.41,0.00,2025-11-12,train,0
pay_00000000001665,setl_merchant_1_0022,bnk_000000000022,572.00,upi,0.00,0.00,5.72,2025-11-12,train,0
pay_00000000001668,setl_merchant_1_0022,bnk_000000000022,720.22,upi,0.00,0.00,0.00,2025-11-12,train,0
pay_00000000001788,setl_merchant_1_0022,bnk_000000000022,2450.68,card,49.01,8.82,24.51,2025-11-12,train,0
pay_00000000001814,setl_merchant_1_0022,bnk_000000000022,490.00,upi,0.00,0.00,0.00,2025-11-12,train,0
pay_00000000001823,setl_merchant_1_0022,bnk_000000000022,871.16,upi,0.00,0.00,0.00,2025-11-12,train,0
pay_00000000001862,setl_merchant_1_0022,bnk_000000000022,644.14,upi,0.00,0.00,0.00,2025-11-12,train,0
pay_00000000001907,setl_merchant_1_0022,bnk_000000000022,1032.01,upi,0.00,0.00,0.00,2025-11-12,train,0
pay_00000000001983,setl_merchant_1_0022,bnk_000000000022,13464.96,card,269.30,48.47,0.00,2025-11-12,train,0
pay_00000000002011,setl_merchant_1_0022,bnk_000000000022,1082.00,wallet,19.48,3.51,0.00,2025-11-12,train,0
pay_00000000002103,setl_merchant_1_0022,bnk_000000000022,427.39,card,8.55,1.54,0.00,2025-11-12,train,0
pay_00000000002114,setl_merchant_1_0022,bnk_000000000022,814.40,upi,0.00,0.00,0.00,2025-11-12,train,0
pay_00000000002121,setl_merchant_1_0022,bnk_000000000022,965.00,upi,0.00,0.00,0.00,2025-11-12,train,0
pay_00000000002374,setl_merchant_1_0022,bnk_000000000022,1318.00,upi,0.00,0.00,0.00,2025-11-12,train,0
pay_00000000002421,setl_merchant_1_0022,bnk_000000000022,258.00,upi,0.00,0.00,2.58,2025-11-12,train,0
pay_00000000002516,setl_merchant_1_0022,bnk_000000000022,323.00,upi,0.00,0.00,0.00,2025-11-12,train,0
pay_00000000002656,setl_merchant_1_0022,bnk_000000000022,1030.31,upi,0.00,0.00,0.00,2025-11-12,train,0
pay_00000000002789,setl_merchant_1_0022,bnk_000000000022,998.99,upi,0.00,0.00,9.99,2025-11-12,train,0
pay_00000000003071,setl_merchant_1_0022,bnk_000000000022,205.66,upi,0.00,0.00,2.06,2025-11-12,train,0
pay_00000000003180,setl_merchant_1_0022,bnk_000000000022,483.52,upi,0.00,0.00,4.84,2025-11-12,train,0
pay_00000000003190,setl_merchant_1_0022,bnk_000000000022,459.80,upi,0.00,0.00,4.60,2025-11-12,train,0
pay_00000000003277,setl_merchant_1_0022,bnk_000000000022,523.94,upi,0.00,0.00,0.00,2025-11-12,train,0
pay_00000000003437,setl_merchant_1_0022,bnk_000000000022,191.25,card,3.83,0.69,0.00,2025-11-12,train,0
pay_00000000003533,setl_merchant_1_0022,bnk_000000000022,533.83,upi,0.00,0.00,0.00,2025-11-12,train,0
pay_00000000003647,setl_merchant_1_0022,bnk_000000000022,566.00,upi,0.00,0.00,0.00,2025-11-12,train,0
pay_00000000003748,setl_merchant_1_0022,bnk_000000000022,125.01,upi,0.00,0.00,1.25,2025-11-12,train,0
pay_00000000003996,setl_merchant_1_0022,bnk_000000000022,216.99,card,4.34,0.78,2.17,2025-11-12,train,0
pay_00000000004020,setl_merchant_1_0022,bnk_000000000022,543.50,upi,0.00,0.00,0.00,2025-11-12,train,0
pay_00000000004023,setl_merchant_1_0022,bnk_000000000022,891.00,card,17.82,3.21,0.00,2025-11-12,train,0
pay_00000000004256,setl_merchant_1_0022,bnk_000000000022,1955.99,upi,0.00,0.00,0.00,2025-11-12,train,0
pay_00000000004325,setl_merchant_1_0022,bnk_000000000022,3035.99,card,60.72,10.93,0.00,2025-11-12,train,0
pay_00000000004520,setl_merchant_1_0022,bnk_000000000022,1164.42,netbanking,15.00,2.70,11.64,2025-11-12,train,0
pay_00000000004580,setl_merchant_1_0022,bnk_000000000022,480.00,upi,0.00,0.00,0.00,2025-11-12,train,0
pay_00000000004588,setl_merchant_1_0022,bnk_000000000022,832.00,upi,0.00,0.00,0.00,2025-11-12,train,0
pay_00000000004607,setl_merchant_1_0022,bnk_000000000022,780.00,netbanking,15.00,2.70,0.00,2025-11-12,train,0
pay_00000000004637,setl_merchant_1_0022,bnk_000000000022,532.81,netbanking,15.00,2.70,5.33,2025-11-12,train,0
pay_00000000004674,setl_merchant_1_0022,bnk_000000000022,132.99,upi,0.00,0.00,1.33,2025-11-12,train,0
pay_00000000004734,setl_merchant_1_0022,bnk_000000000022,892.76,upi,0.00,0.00,8.93,2025-11-12,train,0
pay_00000000004972,setl_merchant_1_0022,bnk_000000000022,2031.00,netbanking,15.00,2.70,0.00,2025-11-12,train,0
pay_00000000000036,setl_merchant_1_0023,bnk_000000000023,144.77,netbanking,15.00,2.70,1.45,2025-11-12,train,0
pay_00000000000095,setl_merchant_1_0023,bnk_000000000023,1882.00,card,37.64,6.78,18.82,2025-11-12,train,0
pay_00000000000140,setl_merchant_1_0023,bnk_000000000023,2718.00,upi,0.00,0.00,27.18,2025-11-12,train,0
pay_00000000000168,setl_merchant_1_0023,bnk_000000000023,298.00,card,5.96,1.07,2.98,2025-11-12,train,0
pay_00000000000251,setl_merchant_1_0023,bnk_000000000023,926.50,upi,0.00,0.00,9.27,2025-11-12,train,0
pay_00000000000288,setl_merchant_1_0023,bnk_000000000023,395.99,upi,0.00,0.00,3.96,2025-11-12,train,0
pay_00000000000309,setl_merchant_1_0023,bnk_000000000023,689.74,card,13.79,2.48,0.00,2025-11-12,train,0
pay_00000000000335,setl_merchant_1_0023,bnk_000000000023,3524.99,card,70.50,12.69,35.25,2025-11-12,train,0
pay_00000000000477,setl_merchant_1_0023,bnk_000000000023,2747.90,upi,0.00,0.00,27.48,2025-11-12,train,0
pay_00000000000523,setl_merchant_1_0023,bnk_000000000023,11903.00,upi,0.00,0.00,119.03,2025-11-12,train,0
pay_00000000000641,setl_merchant_1_0023,bnk_000000000023,521.87,upi,0.00,0.00,5.22,2025-11-12,train,0
pay_00000000000703,setl_merchant_1_0023,bnk_000000000023,730.99,wallet,13.16,2.37,7.31,2025-11-12,train,0
pay_00000000000711,setl_merchant_1_0023,bnk_000000000023,3004.66,card,60.09,10.82,30.05,2025-11-12,train,0
pay_00000000000746,setl_merchant_1_0023,bnk_000000000023,3386.46,upi,0.00,0.00,0.00,2025-11-12,train,0
pay_00000000000747,setl_merchant_1_0023,bnk_000000000023,1404.26,netbanking,15.00,2.70,14.04,2025-11-12,train,0
pay_00000000000761,setl_merchant_1_0023,bnk_000000000023,925.00,card,18.50,3.33,9.25,2025-11-12,train,0
pay_00000000000885,setl_merchant_1_0023,bnk_000000000023,2991.33,card,59.83,10.77,0.00,2025-11-12,train,0
pay_00000000000886,setl_merchant_1_0023,bnk_000000000023,1002.00,upi,0.00,0.00,10.02,2025-11-12,train,0
pay_00000000000900,setl_merchant_1_0023,bnk_000000000023,2008.60,upi,0.00,0.00,20.09,2025-11-12,train,0
pay_00000000000932,setl_merchant_1_0023,bnk_000000000023,725.99,upi,0.00,0.00,7.26,2025-11-12,train,0
pay_00000000001085,setl_merchant_1_0023,bnk_000000000023,435.00,upi,0.00,0.00,0.00,2025-11-12,train,0
pay_00000000001108,setl_merchant_1_0023,bnk_000000000023,888.46,upi,0.00,0.00,0.00,2025-11-12,train,0
pay_00000000001144,setl_merchant_1_0023,bnk_000000000023,485.99,upi,0.00,0.00,4.86,2025-11-12,train,0
pay_00000000001212,setl_merchant_1_0023,bnk_000000000023,656.93,upi,0.00,0.00,6.57,2025-11-12,train,0
pay_00000000001253,setl_merchant_1_0023,bnk_000000000023,771.99,card,15.44,2.78,7.72,2025-11-12,train,0
pay_00000000001342,setl_merchant_1_0023,bnk_000000000023,2635.35,wallet,47.44,8.54,0.00,2025-11-12,train,0
pay_00000000001385,setl_merchant_1_0023,bnk_000000000023,246.00,card,4.92,0.89,2.46,2025-11-12,train,0
pay_00000000001549,setl_merchant_1_0023,bnk_000000000023,512.99,upi,0.00,0.00,0.00,2025-11-12,train,0
pay_00000000001606,setl_merchant_1_0023,bnk_000000000023,620.45,upi,0.00,0.00,0.00,2025-11-12,train,0
pay_00000000001611,setl_merchant_1_0023,bnk_000000000023,2006.00,netbanking,15.00,2.70,0.00,2025-11-12,train,0
pay_00000000001669,setl_merchant_1_0023,bnk_000000000023,3976.15,upi,0.00,0.00,39.76,2025-11-12,train,0
pay_00000000001705,setl_merchant_1_0023,bnk_000000000023,769.99,upi,0.00,0.00,0.00,2025-11-12,train,0
pay_00000000001716,setl_merchant_1_0023,bnk_000000000023,976.46,upi,0.00,0.00,9.76,2025-11-12,train,0
pay_00000000001897,setl_merchant_1_0023,bnk_000000000023,522.89,card,10.46,1.88,5.23,2025-11-12,train,0
pay_00000000001913,setl_merchant_1_0023,bnk_000000000023,143.88,netbanking,15.00,2.70,0.00,2025-11-12,train,0
pay_00000000002024,setl_merchant_1_0023,bnk_000000000023,231.59,upi,0.00,0.00,2.32,2025-11-12,train,0
pay_00000000002043,setl_merchant_1_0023,bnk_000000000023,720.21,upi,0.00,0.00,0.00,2025-11-12,train,0
pay_00000000002049,setl_merchant_1_0023,bnk_000000000023,385.06,wallet,6.93,1.25,0.00,2025-11-12,train,0
pay_00000000002175,setl_merchant_1_0023,bnk_000000000023,339.62,card,6.79,1.22,0.00,2025-11-12,train,0
pay_00000000002182,setl_merchant_1_0023,bnk_000000000023,231.00,upi,0.00,0.00,2.31,2025-11-12,train,0
pay_00000000002233,setl_merchant_1_0023,bnk_000000000023,500.10,wallet,9.00,1.62,5.00,2025-11-12,train,0
pay_00000000002256,setl_merchant_1_0023,bnk_000000000023,3573.54,wallet,64.32,11.58,35.74,2025-11-12,train,0
pay_00000000002280,setl_merchant_1_0023,bnk_000000000023,777.00,upi,0.00,0.00,0.00,2025-11-12,train,0
pay_00000000002281,setl_merchant_1_0023,bnk_000000000023,605.25,upi,0.00,0.00,6.05,2025-11-12,train,0
pay_00000000002290,setl_merchant_1_0023,bnk_000000000023,100.99,card,2.02,0.36,0.00,2025-11-12,train,0
pay_00000000002309,setl_merchant_1_0023,bnk_000000000023,1035.00,upi,0.00,0.00,0.00,2025-11-12,train,0
pay_00000000002451,setl_merchant_1_0023,bnk_000000000023,886.46,wallet,15.96,2.87,8.86,2025-11-12,train,0
pay_00000000002513,setl_merchant_1_0023,bnk_000000000023,2023.12,card,40.46,7.28,20.23,2025-11-12,train,0
pay_00000000002559,setl_merchant_1_0023,bnk_000000000023,428.00,upi,0.00,0.00,0.00,2025-11-12,train,0
pay_00000000002623,setl_merchant_1_0023,bnk_000000000023,392.00,upi,0.00,0.00,3.92,2025-11-12,train,0
pay_00000000002638,setl_merchant_1_0023,bnk_000000000023,1057.99,upi,0.00,0.00,10.58,2025-11-12,train,0
pay_00000000002743,setl_merchant_1_0023,bnk_000000000023,208.39,card,4.17,0.75,0.00,2025-11-12,train,0
pay_00000000002787,setl_merchant_1_0023,bnk_000000000023,1070.99,wallet,19.28,3.47,0.00,2025-11-12,train,0
pay_00000000002798,setl_merchant_1_0023,bnk_000000000023,808.99,upi,0.00,0.00,0.00,2025-11-12,train,0
pay_00000000002893,setl_merchant_1_0023,bnk_000000000023,311.87,wallet,5.61,1.01,3.12,2025-11-12,train,0
pay_00000000002916,setl_merchant_1_0023,bnk_000000000023,519.24,card,10.38,1.87,5.19,2025-11-12,train,0
pay_00000000002981,setl_merchant_1_0023,bnk_000000000023,173.00,netbanking,15.00,2.70,0.00,2025-11-12,train,0
pay_00000000002986,setl_merchant_1_0023,bnk_000000000023,420.61,upi,0.00,0.00,4.21,2025-11-12,train,0
pay_00000000003029,setl_merchant_1_0023,bnk_000000000023,1069.00,card,21.38,3.85,0.00,2025-11-12,train,0
pay_00000000003041,setl_merchant_1_0023,bnk_000000000023,1069.32,card,21.39,3.85,10.69,2025-11-12,train,0
pay_00000000003129,setl_merchant_1_0023,bnk_000000000023,613.78,card,12.28,2.21,0.00,2025-11-12,train,0
pay_00000000003133,setl_merchant_1_0023,bnk_000000000023,453.69,wallet,8.17,1.47,4.54,2025-11-12,train,0
pay_00000000003147,setl_merchant_1_0023,bnk_000000000023,176.00,card,3.52,0.63,0.00,2025-11-12,train,0
pay_00000000003154,setl_merchant_1_0023,bnk_000000000023,921.04,card,18.42,3.32,0.00,2025-11-12,train,0
pay_00000000003167,setl_merchant_1_0023,bnk_000000000023,1559.12,card,31.18,5.61,0.00,2025-11-12,train,0
pay_00000000003261,setl_merchant_1_0023,bnk_000000000023,442.14,card,8.84,1.59,0.00,2025-11-12,train,0
pay_00000000003286,setl_merchant_1_0023,bnk_000000000023,785.17,card,15.70,2.83,7.85,2025-11-12,train,0
pay_00000000003340,setl_merchant_1_0023,bnk_000000000023,138.61,upi,0.00,0.00,0.00,2025-11-12,train,0
pay_00000000003350,setl_merchant_1_0023,bnk_000000000023,17271.98,card,345.44,62.18,0.00,2025-11-12,train,0
pay_00000000003369,setl_merchant_1_0023,bnk_000000000023,1050.85,upi,0.00,0.00,0.00,2025-11-12,train,0
pay_00000000003460,setl_merchant_1_0023,bnk_000000000023,3494.99,card,69.90,12.58,34.95,2025-11-12,train,0
pay_00000000003472,setl_merchant_1_0023,bnk_000000000023,4538.00,upi,0.00,0.00,0.00,2025-11-12,train,0
pay_00000000003586,setl_merchant_1_0023,bnk_000000000023,926.00,upi,0.00,0.00,0.00,2025-11-12,train,0
pay_00000000003591,setl_merchant_1_0023,bnk_000000000023,1053.00,card,21.06,3.79,0.00,2025-11-12,train,0
pay_00000000003601,setl_merchant_1_0023,bnk_000000000023,1000.62,upi,0.00,0.00,10.01,2025-11-12,train,0
pay_00000000003642,setl_merchant_1_0023,bnk_000000000023,640.00,upi,0.00,0.00,0.00,2025-11-12,train,0
pay_00000000003649,setl_merchant_1_0023,bnk_000000000023,186.00,card,3.72,0.67,1.86,2025-11-12,train,0
pay_00000000003700,setl_merchant_1_0023,bnk_000000000023,383.99,upi,0.00,0.00,3.84,2025-11-12,train,0
pay_00000000003709,setl_merchant_1_0023,bnk_000000000023,264.99,card,5.30,0.95,2.65,2025-11-12,train,0
pay_00000000003864,setl_merchant_1_0023,bnk_000000000023,692.99,upi,0.00,0.00,6.93,2025-11-12,train,0
pay_00000000003883,setl_merchant_1_0023,bnk_000000000023,9304.00,upi,0.00,0.00,0.00,2025-11-12,train,0
pay_00000000003930,setl_merchant_1_0023,bnk_000000000023,161.00,upi,0.00,0.00,0.00,2025-11-12,train,0
pay_00000000003932,setl_merchant_1_0023,bnk_000000000023,112.99,wallet,2.03,0.37,0.00,2025-11-12,train,0
pay_00000000003937,setl_merchant_1_0023,bnk_000000000023,703.72,upi,0.00,0.00,0.00,2025-11-12,train,0
pay_00000000003979,setl_merchant_1_0023,bnk_000000000023,233.00,card,4.66,0.84,2.33,2025-11-12,train,0
pay_00000000003981,setl_merchant_1_0023,bnk_000000000023,909.00,wallet,16.36,2.94,0.00,2025-11-12,train,0
pay_00000000004002,setl_merchant_1_0023,bnk_000000000023,2798.66,wallet,50.38,9.07,27.99,2025-11-12,train,0
pay_00000000004035,setl_merchant_1_0023,bnk_000000000023,840.67,upi,0.00,0.00,8.41,2025-11-12,train,0
pay_00000000004038,setl_merchant_1_0023,bnk_000000000023,2465.67,upi,0.00,0.00,24.66,2025-11-12,train,0
pay_00000000004064,setl_merchant_1_0023,bnk_000000000023,491.01,upi,0.00,0.00,0.00,2025-11-12,train,0
pay_00000000004076,setl_merchant_1_0023,bnk_000000000023,588.99,upi,0.00,0.00,5.89,2025-11-12,train,0
pay_00000000004109,setl_merchant_1_0023,bnk_000000000023,444.00,netbanking,15.00,2.70,4.44,2025-11-12,train,0
pay_00000000004111,setl_merchant_1_0023,bnk_000000000023,235.00,upi,0.00,0.00,2.35,2025-11-12,train,0
pay_00000000004234,setl_merchant_1_0023,bnk_000000000023,2147.00,upi,0.00,0.00,21.47,2025-11-12,train,0
pay_00000000004260,setl_merchant_1_0023,bnk_000000000023,512.23,card,10.24,1.84,0.00,2025-11-12,train,0
pay_00000000004283,setl_merchant_1_0023,bnk_000000000023,2214.57,upi,0.00,0.00,0.00,2025-11-12,train,0
pay_00000000004300,setl_merchant_1_0023,bnk_000000000023,252.01,netbanking,15.00,2.70,0.00,2025-11-12,train,0
pay_00000000004333,setl_merchant_1_0023,bnk_000000000023,1005.62,upi,0.00,0.00,0.00,2025-11-12,train,0
pay_00000000004357,setl_merchant_1_0023,bnk_000000000023,546.23,card,10.92,1.97,0.00,2025-11-12,train,0
pay_00000000004388,setl_merchant_1_0023,bnk_000000000023,2619.24,wallet,47.15,8.49,0.00,2025-11-12,train,0
pay_00000000004413,setl_merchant_1_0023,bnk_000000000023,176.01,card,3.52,0.63,1.76,2025-11-12,train,0
pay_00000000004530,setl_merchant_1_0023,bnk_000000000023,573.65,netbanking,15.00,2.70,5.74,2025-11-12,train,0
pay_00000000004632,setl_merchant_1_0023,bnk_000000000023,313.00,card,6.26,1.13,3.13,2025-11-12,train,0
pay_00000000004639,setl_merchant_1_0023,bnk_000000000023,851.14,upi,0.00,0.00,0.00,2025-11-12,train,0
pay_00000000004703,setl_merchant_1_0023,bnk_000000000023,561.29,wallet,10.10,1.82,0.00,2025-11-12,train,0
pay_00000000004792,setl_merchant_1_0023,bnk_000000000023,1398.98,wallet,25.18,4.53,0.00,2025-11-12,train,0
pay_00000000004799,setl_merchant_1_0023,bnk_000000000023,177.00,upi,0.00,0.00,0.00,2025-11-12,train,0
pay_00000000004838,setl_merchant_1_0023,bnk_000000000023,427.08,upi,0.00,0.00,4.27,2025-11-12,train,0
pay_00000000004888,setl_merchant_1_0023,bnk_000000000023,391.35,upi,0.00,0.00,3.91,2025-11-12,train,0
pay_00000000004921,setl_merchant_1_0023,bnk_000000000023,833.80,upi,0.00,0.00,8.34,2025-11-12,train,0
pay_00000000004935,setl_merchant_1_0023,bnk_000000000023,243.00,card,4.86,0.87,0.00,2025-11-12,train,0
pay_00000000004963,setl_merchant_1_0023,bnk_000000000023,390.90,card,7.82,1.41,3.91,2025-11-12,train,0
pay_00000000004964,setl_merchant_1_0023,bnk_000000000023,763.83,card,15.28,2.75,7.64,2025-11-12,train,0
pay_00000000004968,setl_merchant_1_0023,bnk_000000000023,893.05,card,17.86,3.21,8.93,2025-11-12,train,0
pay_00000000000031,setl_merchant_1_0024,bnk_000000000024,666.00,card,13.32,2.40,6.66,2025-11-12,train,0
pay_00000000000053,setl_merchant_1_0024,bnk_000000000024,943.00,upi,0.00,0.00,9.43,2025-11-12,train,0
pay_00000000000128,setl_merchant_1_0024,bnk_000000000024,1633.99,upi,0.00,0.00,0.00,2025-11-12,train,0
pay_00000000000131,setl_merchant_1_0024,bnk_000000000024,244.00,card,4.88,0.88,2.44,2025-11-12,train,0
pay_00000000000132,setl_merchant_1_0024,bnk_000000000024,607.00,card,12.14,2.19,6.07,2025-11-12,train,0
pay_00000000000146,setl_merchant_1_0024,bnk_000000000024,657.64,wallet,11.84,2.13,6.58,2025-11-12,train,0
pay_00000000000150,setl_merchant_1_0024,bnk_000000000024,3194.99,upi,0.00,0.00,0.00,2025-11-12,train,0
pay_00000000000218,setl_merchant_1_0024,bnk_000000000024,1047.67,netbanking,15.00,2.70,0.00,2025-11-12,train,0
pay_00000000000305,setl_merchant_1_0024,bnk_000000000024,2478.00,upi,0.00,0.00,0.00,2025-11-12,train,0
pay_00000000000316,setl_merchant_1_0024,bnk_000000000024,2053.99,netbanking,15.00,2.70,0.00,2025-11-12,train,0
pay_00000000000362,setl_merchant_1_0024,bnk_000000000024,1025.53,card,20.51,3.69,0.00,2025-11-12,train,0
pay_00000000000415,setl_merchant_1_0024,bnk_000000000024,545.20,upi,0.00,0.00,5.45,2025-11-12,train,0
pay_00000000000441,setl_merchant_1_0024,bnk_000000000024,618.00,card,12.36,2.22,0.00,2025-11-12,train,0
pay_00000000000454,setl_merchant_1_0024,bnk_000000000024,2427.00,netbanking,15.00,2.70,0.00,2025-11-12,train,0
pay_00000000000502,setl_merchant_1_0024,bnk_000000000024,2958.01,card,59.16,10.65,29.58,2025-11-12,train,0
pay_00000000000535,setl_merchant_1_0024,bnk_000000000024,2399.93,upi,0.00,0.00,24.00,2025-11-12,train,0
pay_00000000000542,setl_merchant_1_0024,bnk_000000000024,1160.00,card,23.20,4.18,11.60,2025-11-12,train,0
pay_00000000000560,setl_merchant_1_0024,bnk_000000000024,744.57,upi,0.00,0.00,0.00,2025-11-12,train,0
pay_00000000000563,setl_merchant_1_0024,bnk_000000000024,2289.00,card,45.78,8.24,22.89,2025-11-12,train,0
pay_00000000000583,setl_merchant_1_0024,bnk_000000000024,918.99,upi,0.00,0.00,0.00,2025-11-12,train,0
pay_00000000000694,setl_merchant_1_0024,bnk_000000000024,499.97,upi,0.00,0.00,0.00,2025-11-12,train,0
pay_00000000000702,setl_merchant_1_0024,bnk_000000000024,733.99,upi,0.00,0.00,0.00,2025-11-12,train,0
pay_00000000000707,setl_merchant_1_0024,bnk_000000000024,382.00,netbanking,15.00,2.70,3.82,2025-11-12,train,0
pay_00000000000728,setl_merchant_1_0024,bnk_000000000024,739.00,upi,0.00,0.00,7.39,2025-11-12,train,0
pay_00000000000730,setl_merchant_1_0024,bnk_000000000024,2980.47,upi,0.00,0.00,29.80,2025-11-12,train,0
pay_00000000000734,setl_merchant_1_0024,bnk_000000000024,3172.00,upi,0.00,0.00,31.72,2025-11-12,train,0
pay_00000000000765,setl_merchant_1_0024,bnk_000000000024,1152.35,upi,0.00,0.00,0.00,2025-11-12,train,0
pay_00000000000803,setl_merchant_1_0024,bnk_000000000024,806.00,upi,0.00,0.00,8.06,2025-11-12,train,0
pay_00000000000816,setl_merchant_1_0024,bnk_000000000024,1068.99,card,21.38,3.85,10.69,2025-11-12,train,0
pay_00000000000817,setl_merchant_1_0024,bnk_000000000024,1010.98,upi,0.00,0.00,0.00,2025-11-12,train,0
pay_00000000000881,setl_merchant_1_0024,bnk_000000000024,540.60,upi,0.00,0.00,0.00,2025-11-12,train,0
pay_00000000000882,setl_merchant_1_0024,bnk_000000000024,782.00,upi,0.00,0.00,0.00,2025-11-12,train,0
pay_00000000000883,setl_merchant_1_0024,bnk_000000000024,955.08,upi,0.00,0.00,9.55,2025-11-12,train,0
pay_00000000000903,setl_merchant_1_0024,bnk_000000000024,390.00,upi,0.00,0.00,0.00,2025-11-12,train,0
pay_00000000000949,setl_merchant_1_0024,bnk_000000000024,358.84,card,7.18,1.29,0.00,2025-11-12,train,0
pay_00000000000965,setl_merchant_1_0024,bnk_000000000024,783.16,upi,0.00,0.00,7.83,2025-11-12,train,0
pay_00000000001028,setl_merchant_1_0024,bnk_000000000024,827.00,card,16.54,2.98,8.27,2025-11-12,train,0
pay_00000000001036,setl_merchant_1_0024,bnk_000000000024,930.99,upi,0.00,0.00,9.31,2025-11-12,train,0
pay_00000000001046,setl_merchant_1_0024,bnk_000000000024,193.40,upi,0.00,0.00,0.00,2025-11-12,train,0
pay_00000000001048,setl_merchant_1_0024,bnk_000000000024,1032.09,card,20.64,3.72,0.00,2025-11-12,train,0
pay_00000000001084,setl_merchant_1_0024,bnk_000000000024,938.75,upi,0.00,0.00,0.00,2025-11-12,train,0
pay_00000000001087,setl_merchant_1_0024,bnk_000000000024,1235.99,card,24.72,4.45,12.36,2025-11-12,train,0
pay_00000000001096,setl_merchant_1_0024,bnk_000000000024,255.71,upi,0.00,0.00,0.00,2025-11-12,train,0
pay_00000000001122,setl_merchant_1_0024,bnk_000000000024,259.99,upi,0.00,0.00,0.00,2025-11-12,train,0
pay_00000000001138,setl_merchant_1_0024,bnk_000000000024,695.82,upi,0.00,0.00,6.96,2025-11-12,train,0
pay_00000000001155,setl_merchant_1_0024,bnk_000000000024,128.99,card,2.58,0.46,1.29,2025-11-12,train,0
pay_00000000001168,setl_merchant_1_0024,bnk_000000000024,505.00,upi,0.00,0.00,0.00,2025-11-12,train,0
pay_00000000001238,setl_merchant_1_0024,bnk_000000000024,358.04,wallet,6.44,1.16,3.58,2025-11-12,train,0
pay_00000000001241,setl_merchant_1_0024,bnk_000000000024,182.99,upi,0.00,0.00,1.83,2025-11-12,train,0
pay_00000000001264,setl_merchant_1_0024,bnk_000000000024,590.53,card,11.81,2.13,5.91,2025-11-12,train,0
pay_00000000001297,setl_merchant_1_0024,bnk_000000000024,3362.69,upi,0.00,0.00,33.63,2025-11-12,train,0
pay_00000000001336,setl_merchant_1_0024,bnk_000000000024,875.53,upi,0.00,0.00,0.00,2025-11-12,train,0
pay_00000000001347,setl_merchant_1_0024,bnk_000000000024,196.99,upi,0.00,0.00,0.00,2025-11-12,train,0
pay_00000000001349,setl_merchant_1_0024,bnk_000000000024,2982.99,card,59.66,10.74,29.83,2025-11-12,train,0
pay_00000000001353,setl_merchant_1_0024,bnk_000000000024,2980.00,upi,0.00,0.00,0.00,2025-11-12,train,0
pay_00000000001374,setl_merchant_1_0024,bnk_000000000024,770.55,netbanking,15.00,2.70,7.71,2025-11-12,train,0
pay_00000000001376,setl_merchant_1_0024,bnk_000000000024,295.99,netbanking,15.00,2.70,2.96,2025-11-12,train,0
pay_00000000001389,setl_merchant_1_0024,bnk_000000000024,947.00,netbanking,15.00,2.70,0.00,2025-11-12,train,0
pay_00000000001448,setl_merchant_1_0024,bnk_000000000024,801.00,upi,0.00,0.00,8.01,2025-11-12,train,0
pay_00000000001471,setl_merchant_1_0024,bnk_000000000024,979.99,wallet,17.64,3.18,0.00,2025-11-12,train,0
pay_00000000001505,setl_merchant_1_0024,bnk_000000000024,163.82,netbanking,15.00,2.70,1.64,2025-11-12,train,0
pay_00000000001521,setl_merchant_1_0024,bnk_000000000024,208.00,card,4.16,0.75,2.08,2025-11-12,train,0
pay_00000000001524,setl_merchant_1_0024,bnk_000000000024,929.00,upi,0.00,0.00,9.29,2025-11-12,train,0
pay_00000000001573,setl_merchant_1_0024,bnk_000000000024,437.00,wallet,7.87,1.42,4.37,2025-11-12,train,0
pay_00000000001574,setl_merchant_1_0024,bnk_000000000024,514.11,upi,0.00,0.00,0.00,2025-11-12,train,0
pay_00000000001586,setl_merchant_1_0024,bnk_000000000024,957.17,card,19.14,3.45,9.57,2025-11-12,train,0
pay_00000000001630,setl_merchant_1_0024,bnk_000000000024,191.00,card,3.82,0.69,1.91,2025-11-12,train,0
pay_00000000001634,setl_merchant_1_0024,bnk_000000000024,710.00,card,14.20,2.56,0.00,2025-11-12,train,0
pay_00000000001714,setl_merchant_1_0024,bnk_000000000024,439.67,card,8.79,1.58,4.40,2025-11-12,train,0
pay_00000000001723,setl_merchant_1_0024,bnk_000000000024,694.00,upi,0.00,0.00,0.00,2025-11-12,train,0
pay_00000000001731,setl_merchant_1_0024,bnk_000000000024,313.26,wallet,5.64,1.02,0.00,2025-11-12,train,0
pay_00000000001816,setl_merchant_1_0024,bnk_000000000024,563.37,upi,0.00,0.00,0.00,2025-11-12,train,0
pay_00000000001851,setl_merchant_1_0024,bnk_000000000024,135.46,card,2.71,0.49,1.35,2025-11-12,train,0
pay_00000000001892,setl_merchant_1_0024,bnk_000000000024,3021.21,upi,0.00,0.00,0.00,2025-11-12,train,0
pay_00000000001914,setl_merchant_1_0024,bnk_000000000024,318.99,netbanking,15.00,2.70,3.19,2025-11-12,train,0
pay_00000000001926,setl_merchant_1_0024,bnk_000000000024,1026.00,upi,0.00,0.00,10.26,2025-11-12,train,0
pay_00000000001949,setl_merchant_1_0024,bnk_000000000024,294.92,upi,0.00,0.00,0.00,2025-11-12,train,0
pay_00000000002090,setl_merchant_1_0024,bnk_000000000024,1726.87,upi,0.00,0.00,17.27,2025-11-12,train,0
pay_00000000002104,setl_merchant_1_0024,bnk_000000000024,1641.61,netbanking,15.00,2.70,16.42,2025-11-12,train,0
pay_00000000002128,setl_merchant_1_0024,bnk_000000000024,15748.32,upi,0.00,0.00,0.00,2025-11-12,train,0
pay_00000000002151,setl_merchant_1_0024,bnk_000000000024,636.99,upi,0.00,0.00,0.00,2025-11-12,train,0
pay_00000000002164,setl_merchant_1_0024,bnk_000000000024,335.65,upi,0.00,0.00,0.00,2025-11-12,train,0
pay_00000000002191,setl_merchant_1_0024,bnk_000000000024,4251.99,netbanking,15.00,2.70,42.52,2025-11-12,train,0
pay_00000000002241,setl_merchant_1_0024,bnk_000000000024,795.99,card,15.92,2.87,7.96,2025-11-12,train,0
pay_00000000002263,setl_merchant_1_0024,bnk_000000000024,4204.81,upi,0.00,0.00,42.05,2025-11-12,train,0
pay_00000000002367,setl_merchant_1_0024,bnk_000000000024,3324.00,card,66.48,11.97,0.00,2025-11-12,train,0
pay_00000000002412,setl_merchant_1_0024,bnk_000000000024,525.56,netbanking,15.00,2.70,0.00,2025-11-12,train,0
pay_00000000002480,setl_merchant_1_0024,bnk_000000000024,603.57,card,12.07,2.17,6.04,2025-11-12,train,0
pay_00000000002526,setl_merchant_1_0024,bnk_000000000024,730.38,upi,0.00,0.00,0.00,2025-11-12,train,0
pay_00000000002540,setl_merchant_1_0024,bnk_000000000024,241.00,wallet,4.34,0.78,0.00,2025-11-12,train,0
pay_00000000002707,setl_merchant_1_0024,bnk_000000000024,248.99,upi,0.00,0.00,2.49,2025-11-12,train,0
pay_00000000002708,setl_merchant_1_0024,bnk_000000000024,9629.00,card,192.58,34.66,0.00,2025-11-12,train,0
pay_00000000002752,setl_merchant_1_0024,bnk_000000000024,1621.99,upi,0.00,0.00,0.00,2025-11-12,train,0
pay_00000000002795,setl_merchant_1_0024,bnk_000000000024,584.00,upi,0.00,0.00,0.00,2025-11-12,train,0
pay_00000000002799,setl_merchant_1_0024,bnk_000000000024,620.92,upi,0.00,0.00,0.00,2025-11-12,train,0
pay_00000000002864,setl_merchant_1_0024,bnk_000000000024,775.49,upi,0.00,0.00,7.75,2025-11-12,train,0
pay_00000000002890,setl_merchant_1_0024,bnk_000000000024,11675.00,upi,0.00,0.00,116.75,2025-11-12,train,0
pay_00000000002899,setl_merchant_1_0024,bnk_000000000024,598.63,upi,0.00,0.00,5.99,2025-11-12,train,0
pay_00000000002962,setl_merchant_1_0024,bnk_000000000024,778.99,card,15.58,2.80,7.79,2025-11-12,train,0
pay_00000000002963,setl_merchant_1_0024,bnk_000000000024,752.64,card,15.05,2.71,7.53,2025-11-12,train,0
pay_00000000002984,setl_merchant_1_0024,bnk_000000000024,935.99,wallet,16.85,3.03,9.36,2025-11-12,train,0
pay_00000000003037,setl_merchant_1_0024,bnk_000000000024,924.00,upi,0.00,0.00,9.24,2025-11-12,train,0
pay_00000000003109,setl_merchant_1_0024,bnk_000000000024,661.79,upi,0.00,0.00,0.00,2025-11-12,train,0
pay_00000000003128,setl_merchant_1_0024,bnk_000000000024,1065.92,card,21.32,3.84,10.66,2025-11-12,train,0
pay_00000000003132,setl_merchant_1_0024,bnk_000000000024,438.99,upi,0.00,0.00,0.00,2025-11-12,train,0
pay_00000000003152,setl_merchant_1_0024,bnk_000000000024,1635.97,upi,0.00,0.00,0.00,2025-11-12,train,0
pay_00000000003192,setl_merchant_1_0024,bnk_000000000024,5192.00,upi,0.00,0.00,51.92,2025-11-12,train,0
pay_00000000003199,setl_merchant_1_0024,bnk_000000000024,148.49,upi,0.00,0.00,0.00,2025-11-12,train,0
pay_00000000003237,setl_merchant_1_0024,bnk_000000000024,250.57,upi,0.00,0.00,0.00,2025-11-12,train,0
pay_00000000003263,setl_merchant_1_0024,bnk_000000000024,531.99,upi,0.00,0.00,5.32,2025-11-12,train,0
pay_00000000003305,setl_merchant_1_0024,bnk_000000000024,245.04,upi,0.00,0.00,2.45,2025-11-12,train,0
pay_00000000003310,setl_merchant_1_0024,bnk_000000000024,174.38,upi,0.00,0.00,0.00,2025-11-12,train,0
pay_00000000003315,setl_merchant_1_0024,bnk_000000000024,277.00,netbanking,15.00,2.70,2.77,2025-11-12,train,0
pay_00000000003357,setl_merchant_1_0024,bnk_000000000024,266.01,card,5.32,0.96,2.66,2025-11-12,train,0
pay_00000000003401,setl_merchant_1_0024,bnk_000000000024,974.92,card,19.50,3.51,0.00,2025-11-12,train,0
pay_00000000003432,setl_merchant_1_0024,bnk_000000000024,540.07,upi,0.00,0.00,0.00,2025-11-12,train,0
pay_00000000003470,setl_merchant_1_0024,bnk_000000000024,1299.24,upi,0.00,0.00,12.99,2025-11-12,train,0
pay_00000000003489,setl_merchant_1_0024,bnk_000000000024,593.99,upi,0.00,0.00,0.00,2025-11-12,train,0
pay_00000000003506,setl_merchant_1_0024,bnk_000000000024,773.56,upi,0.00,0.00,0.00,2025-11-12,train,0
pay_00000000003669,setl_merchant_1_0024,bnk_000000000024,641.99,netbanking,15.00,2.70,0.00,2025-11-12,train,0
pay_00000000003678,setl_merchant_1_0024,bnk_000000000024,763.00,upi,0.00,0.00,7.63,2025-11-12,train,0
pay_00000000003718,setl_merchant_1_0024,bnk_000000000024,681.40,wallet,12.27,2.21,6.81,2025-11-12,train,0
pay_00000000003729,setl_merchant_1_0024,bnk_000000000024,418.00,wallet,7.52,1.35,0.00,2025-11-12,train,0
pay_00000000003761,setl_merchant_1_0024,bnk_000000000024,748.48,upi,0.00,0.00,7.48,2025-11-12,train,0
pay_00000000003776,setl_merchant_1_0024,bnk_000000000024,4974.99,upi,0.00,0.00,0.00,2025-11-12,train,0
pay_00000000003791,setl_merchant_1_0024,bnk_000000000024,497.96,upi,0.00,0.00,4.98,2025-11-12,train,0
pay_00000000003792,setl_merchant_1_0024,bnk_000000000024,2645.50,upi,0.00,0.00,26.46,2025-11-12,train,0
pay_00000000003798,setl_merchant_1_0024,bnk_000000000024,13198.21,upi,0.00,0.00,131.98,2025-11-12,train,0
pay_00000000003842,setl_merchant_1_0024,bnk_000000000024,1415.04,upi,0.00,0.00,14.15,2025-11-12,train,0
pay_00000000003865,setl_merchant_1_0024,bnk_000000000024,447.00,wallet,8.05,1.45,0.00,2025-11-12,train,0
pay_00000000003964,setl_merchant_1_0024,bnk_000000000024,2247.95,upi,0.00,0.00,0.00,2025-11-12,train,0
pay_00000000004033,setl_merchant_1_0024,bnk_000000000024,865.00,upi,0.00,0.00,8.65,2025-11-12,train,0
pay_00000000004049,setl_merchant_1_0024,bnk_000000000024,939.29,upi,0.00,0.00,9.39,2025-11-12,train,0
pay_00000000004084,setl_merchant_1_0024,bnk_000000000024,1065.96,upi,0.00,0.00,10.66,2025-11-12,train,0
pay_00000000004140,setl_merchant_1_0024,bnk_000000000024,605.78,upi,0.00,0.00,6.06,2025-11-12,train,0
pay_00000000004141,setl_merchant_1_0024,bnk_000000000024,100.23,upi,0.00,0.00,1.00,2025-11-12,train,0
pay_00000000004165,setl_merchant_1_0024,bnk_000000000024,1026.85,upi,0.00,0.00,0.00,2025-11-12,train,0
pay_00000000004178,setl_merchant_1_0024,bnk_000000000024,502.00,upi,0.00,0.00,0.00,2025-11-12,train,0
pay_00000000004189,setl_merchant_1_0024,bnk_000000000024,292.00,upi,0.00,0.00,0.00,2025-11-12,train,0
pay_00000000004208,setl_merchant_1_0024,bnk_000000000024,720.04,upi,0.00,0.00,7.20,2025-11-12,train,0
pay_00000000004246,setl_merchant_1_0024,bnk_000000000024,3340.98,upi,0.00,0.00,33.41,2025-11-12,train,0
pay_00000000004259,setl_merchant_1_0024,bnk_000000000024,3585.00,upi,0.00,0.00,0.00,2025-11-12,train,0
pay_00000000004346,setl_merchant_1_0024,bnk_000000000024,469.99,upi,0.00,0.00,4.70,2025-11-12,train,0
pay_00000000004368,setl_merchant_1_0024,bnk_000000000024,451.00,upi,0.00,0.00,4.51,2025-11-12,train,0
pay_00000000004378,setl_merchant_1_0024,bnk_000000000024,624.91,card,12.50,2.25,0.00,2025-11-12,train,0
pay_00000000004391,setl_merchant_1_0024,bnk_000000000024,889.20,card,17.78,3.20,0.00,2025-11-12,train,0
pay_00000000004392,setl_merchant_1_0024,bnk_000000000024,447.99,upi,0.00,0.00,0.00,2025-11-12,train,0
pay_00000000004396,setl_merchant_1_0024,bnk_000000000024,990.16,netbanking,15.00,2.70,0.00,2025-11-12,train,0
pay_00000000004444,setl_merchant_1_0024,bnk_000000000024,3483.00,card,69.66,12.54,0.00,2025-11-12,train,0
pay_00000000004480,setl_merchant_1_0024,bnk_000000000024,203.33,upi,0.00,0.00,0.00,2025-11-12,train,0
pay_00000000004510,setl_merchant_1_0024,bnk_000000000024,361.99,card,7.24,1.30,3.62,2025-11-12,train,0
pay_00000000004548,setl_merchant_1_0024,bnk_000000000024,436.00,upi,0.00,0.00,0.00,2025-11-12,train,0
pay_00000000004550,setl_merchant_1_0024,bnk_000000000024,291.95,card,5.84,1.05,0.00,2025-11-12,train,0
pay_00000000004553,setl_merchant_1_0024,bnk_000000000024,499.00,upi,0.00,0.00,4.99,2025-11-12,train,0
pay_00000000004560,setl_merchant_1_0024,bnk_000000000024,1052.37,upi,0.00,0.00,0.00,2025-11-12,train,0
pay_00000000004655,setl_merchant_1_0024,bnk_000000000024,1064.78,upi,0.00,0.00,10.65,2025-11-12,train,0
pay_00000000004670,setl_merchant_1_0024,bnk_000000000024,1093.99,upi,0.00,0.00,10.94,2025-11-12,train,0
pay_00000000004678,setl_merchant_1_0024,bnk_000000000024,947.00,wallet,17.05,3.07,0.00,2025-11-12,train,0
pay_00000000004694,setl_merchant_1_0024,bnk_000000000024,694.00,netbanking,15.00,2.70,6.94,2025-11-12,train,0
pay_00000000004715,setl_merchant_1_0024,bnk_000000000024,2921.00,wallet,52.58,9.46,29.21,2025-11-12,train,0
pay_00000000004716,setl_merchant_1_0024,bnk_000000000024,573.00,card,11.46,2.06,5.73,2025-11-12,train,0
pay_00000000004720,setl_merchant_1_0024,bnk_000000000024,837.00,upi,0.00,0.00,0.00,2025-11-12,train,0
pay_00000000004722,setl_merchant_1_0024,bnk_000000000024,814.23,upi,0.00,0.00,0.00,2025-11-12,train,0
pay_00000000004774,setl_merchant_1_0024,bnk_000000000024,815.01,upi,0.00,0.00,0.00,2025-11-12,train,0
pay_00000000004826,setl_merchant_1_0024,bnk_000000000024,3463.99,upi,0.00,0.00,34.64,2025-11-12,train,0
pay_00000000004833,setl_merchant_1_0024,bnk_000000000024,994.99,card,19.90,3.58,0.00,2025-11-12,train,0
pay_00000000004834,setl_merchant_1_0024,bnk_000000000024,334.00,card,6.68,1.20,3.34,2025-11-12,train,0
pay_00000000004865,setl_merchant_1_0024,bnk_000000000024,333.00,card,6.66,1.20,0.00,2025-11-12,train,0
pay_00000000004915,setl_merchant_1_0024,bnk_000000000024,483.99,upi,0.00,0.00,0.00,2025-11-12,train,0
pay_00000000004932,setl_merchant_1_0024,bnk_000000000024,153.72,upi,0.00,0.00,0.00,2025-11-12,train,0
pay_00000000004945,setl_merchant_1_0024,bnk_000000000024,1990.91,upi,0.00,0.00,19.91,2025-11-12,train,0
pay_00000000004951,setl_merchant_1_0024,bnk_000000000024,1001.00,wallet,18.02,3.24,10.01,2025-11-12,train,0
pay_00000000004954,setl_merchant_1_0024,bnk_000000000024,903.81,wallet,16.27,2.93,0.00,2025-11-12,train,0
pay_00000000004985,setl_merchant_1_0024,bnk_000000000024,1444.58,wallet,26.00,4.68,14.45,2025-11-12,train,0
pay_00000000004986,setl_merchant_1_0024,bnk_000000000024,805.51,upi,0.00,0.00,0.00,2025-11-12,train,0
pay_00000000005005,setl_merchant_1_0024,bnk_000000000024,525.56,netbanking,15.00,2.70,0.00,2025-11-12,train,1
pay_00000000000006,setl_merchant_1_0025,bnk_000000000025,8547.53,upi,0.00,0.00,85.48,2025-11-12,train,0
pay_00000000000030,setl_merchant_1_0025,bnk_000000000025,687.47,upi,0.00,0.00,6.87,2025-11-12,train,0
pay_00000000000041,setl_merchant_1_0025,bnk_000000000025,409.89,wallet,7.38,1.33,4.10,2025-11-12,train,0
pay_00000000000049,setl_merchant_1_0025,bnk_000000000025,3397.00,card,67.94,12.23,33.97,2025-11-12,train,0
pay_00000000000064,setl_merchant_1_0025,bnk_000000000025,375.00,upi,0.00,0.00,3.75,2025-11-12,train,0
pay_00000000000072,setl_merchant_1_0025,bnk_000000000025,458.00,upi,0.00,0.00,4.58,2025-11-12,train,0
pay_00000000000106,setl_merchant_1_0025,bnk_000000000025,543.55,wallet,9.78,1.76,0.00,2025-11-12,train,0
pay_00000000000123,setl_merchant_1_0025,bnk_000000000025,133.67,upi,0.00,0.00,0.00,2025-11-12,train,0
pay_00000000000137,setl_merchant_1_0025,bnk_000000000025,101.00,upi,0.00,0.00,1.01,2025-11-12,train,0
pay_00000000000147,setl_merchant_1_0025,bnk_000000000025,13675.34,card,273.51,49.23,0.00,2025-11-12,train,0
pay_00000000000153,setl_merchant_1_0025,bnk_000000000025,422.99,card,8.46,1.52,4.23,2025-11-12,train,0
pay_00000000000163,setl_merchant_1_0025,bnk_000000000025,1466.99,upi,0.00,0.00,14.67,2025-11-12,train,0
pay_00000000000167,setl_merchant_1_0025,bnk_000000000025,1053.24,upi,0.00,0.00,10.53,2025-11-12,train,0
pay_00000000000189,setl_merchant_1_0025,bnk_000000000025,542.00,card,10.84,1.95,0.00,2025-11-12,train,0
pay_00000000000190,setl_merchant_1_0025,bnk_000000000025,654.14,upi,0.00,0.00,6.54,2025-11-12,train,0
pay_00000000000191,setl_merchant_1_0025,bnk_000000000025,317.00,upi,0.00,0.00,0.00,2025-11-12,train,0
pay_00000000000207,setl_merchant_1_0025,bnk_000000000025,564.14,wallet,10.15,1.83,0.00,2025-11-12,train,0
pay_00000000000237,setl_merchant_1_0025,bnk_000000000025,257.14,upi,0.00,0.00,0.00,2025-11-12,train,0
pay_00000000000258,setl_merchant_1_0025,bnk_000000000025,979.99,upi,0.00,0.00,0.00,2025-11-12,train,0
pay_00000000000339,setl_merchant_1_0025,bnk_000000000025,1020.99,card,20.42,3.68,0.00,2025-11-12,train,0
pay_00000000000352,setl_merchant_1_0025,bnk_000000000025,926.99,card,18.54,3.34,9.27,2025-11-12,train,0
pay_00000000000367,setl_merchant_1_0025,bnk_000000000025,227.96,wallet,4.10,0.74,2.28,2025-11-12,train,0
pay_00000000000380,setl_merchant_1_0025,bnk_000000000025,2256.96,upi,0.00,0.00,0.00,2025-11-12,train,0
pay_00000000000461,setl_merchant_1_0025,bnk_000000000025,1767.79,upi,0.00,0.00,0.00,2025-11-12,train,0
pay_00000000000514,setl_merchant_1_0025,bnk_000000000025,814.39,upi,0.00,0.00,0.00,2025-11-12,train,0
pay_00000000000554,setl_merchant_1_0025,bnk_000000000025,449.99,upi,0.00,0.00,0.00,2025-11-12,train,0
pay_00000000000586,setl_merchant_1_0025,bnk_000000000025,1015.99,wallet,18.29,3.29,10.16,2025-11-12,train,0
pay_00000000000672,setl_merchant_1_0025,bnk_000000000025,716.26,upi,0.00,0.00,7.16,2025-11-12,train,0
pay_00000000000690,setl_merchant_1_0025,bnk_000000000025,611.25,card,12.23,2.20,0.00,2025-11-12,train,0
pay_00000000000731,setl_merchant_1_0025,bnk_000000000025,662.35,upi,0.00,0.00,0.00,2025-11-12,train,0
pay_00000000000732,setl_merchant_1_0025,bnk_000000000025,3390.67,card,67.81,12.21,0.00,2025-11-12,train,0
pay_00000000000838,setl_merchant_1_0025,bnk_000000000025,509.48,upi,0.00,0.00,0.00,2025-11-12,train,0
pay_00000000000846,setl_merchant_1_0025,bnk_000000000025,2657.99,upi,0.00,0.00,0.00,2025-11-12,train,0
pay_00000000000870,setl_merchant_1_0025,bnk_000000000025,537.00,card,10.74,1.93,5.37,2025-11-12,train,0
pay_00000000000876,setl_merchant_1_0025,bnk_000000000025,562.00,card,11.24,2.02,5.62,2025-11-12,train,0
pay_00000000000910,setl_merchant_1_0025,bnk_000000000025,2789.99,upi,0.00,0.00,0.00,2025-11-12,train,0
pay_00000000000911,setl_merchant_1_0025,bnk_000000000025,866.49,card,17.33,3.12,8.66,2025-11-12,train,0
pay_00000000000979,setl_merchant_1_0025,bnk_000000000025,1046.00,card,20.92,3.77,0.00,2025-11-12,train,0
pay_00000000000980,setl_merchant_1_0025,bnk_000000000025,113.30,upi,0.00,0.00,1.13,2025-11-12,train,0
pay_00000000001011,setl_merchant_1_0025,bnk_000000000025,514.99,upi,0.00,0.00,0.00,2025-11-12,train,0
pay_00000000001044,setl_merchant_1_0025,bnk_000000000025,1735.00,upi,0.00,0.00,0.00,2025-11-12,train,0
pay_00000000001121,setl_merchant_1_0025,bnk_000000000025,122.61,card,2.45,0.44,0.00,2025-11-12,train,0
pay_00000000001161,setl_merchant_1_0025,bnk_000000000025,3197.00,card,63.94,11.51,31.97,2025-11-12,train,0
pay_00000000001174,setl_merchant_1_0025,bnk_000000000025,547.95,netbanking,15.00,2.70,0.00,2025-11-12,train,0
pay_00000000001184,setl_merchant_1_0025,bnk_000000000025,918.71,upi,0.00,0.00,0.00,2025-11-12,train,0
pay_00000000001228,setl_merchant_1_0025,bnk_000000000025,740.00,upi,0.00,0.00,0.00,2025-11-12,train,0
pay_00000000001242,setl_merchant_1_0025,bnk_000000000025,624.65,upi,0.00,0.00,6.25,2025-11-12,train,0
pay_00000000001244,setl_merchant_1_0025,bnk_000000000025,588.00,card,11.76,2.12,0.00,2025-11-12,train,0
pay_00000000001266,setl_merchant_1_0025,bnk_000000000025,550.69,card,11.01,1.98,5.51,2025-11-12,train,0
pay_00000000001279,setl_merchant_1_0025,bnk_000000000025,653.99,card,13.08,2.35,6.54,2025-11-12,train,0
pay_00000000001290,setl_merchant_1_0025,bnk_000000000025,284.92,wallet,5.13,0.92,0.00,2025-11-12,train,0
pay_00000000001338,setl_merchant_1_0025,bnk_000000000025,944.99,netbanking,15.00,2.70,0.00,2025-11-12,train,0
pay_00000000001340,setl_merchant_1_0025,bnk_000000000025,780.20,card,15.60,2.81,0.00,2025-11-12,train,0
pay_00000000001365,setl_merchant_1_0025,bnk_000000000025,534.00,wallet,9.61,1.73,0.00,2025-11-12,train,0
pay_00000000001407,setl_merchant_1_0025,bnk_000000000025,280.00,card,5.60,1.01,2.80,2025-11-12,train,0
pay_00000000001432,setl_merchant_1_0025,bnk_000000000025,16722.01,upi,0.00,0.00,167.22,2025-11-12,train,0
pay_00000000001439,setl_merchant_1_0025,bnk_000000000025,383.99,upi,0.00,0.00,3.84,2025-11-12,train,0
pay_00000000001457,setl_merchant_1_0025,bnk_000000000025,458.00,card,9.16,1.65,4.58,2025-11-12,train,0
pay_00000000001561,setl_merchant_1_0025,bnk_000000000025,124.35,wallet,2.24,0.40,0.00,2025-11-12,train,0
pay_00000000001588,setl_merchant_1_0025,bnk_000000000025,585.02,upi,0.00,0.00,0.00,2025-11-12,train,0
pay_00000000001614,setl_merchant_1_0025,bnk_000000000025,304.51,wallet,5.48,0.99,0.00,2025-11-12,train,0
pay_00000000001671,setl_merchant_1_0025,bnk_000000000025,1052.32,upi,0.00,0.00,0.00,2025-11-12,train,0
pay_00000000001690,setl_merchant_1_0025,bnk_000000000025,709.99,upi,0.00,0.00,0.00,2025-11-12,train,0
pay_00000000001766,setl_merchant_1_0025,bnk_000000000025,945.97,upi,0.00,0.00,9.46,2025-11-12,train,0
pay_00000000001832,setl_merchant_1_0025,bnk_000000000025,480.99,card,9.62,1.73,4.81,2025-11-12,train,0
pay_00000000001869,setl_merchant_1_0025,bnk_000000000025,808.00,card,16.16,2.91,8.08,2025-11-12,train,0
pay_00000000001881,setl_merchant_1_0025,bnk_000000000025,1590.00,card,31.80,5.72,0.00,2025-11-12,train,0
pay_00000000001884,setl_merchant_1_0025,bnk_000000000025,562.99,upi,0.00,0.00,5.63,2025-11-12,train,0
pay_00000000001891,setl_merchant_1_0025,bnk_000000000025,627.00,wallet,11.29,2.03,0.00,2025-11-12,train,0
pay_00000000001972,setl_merchant_1_0025,bnk_000000000025,429.16,wallet,7.72,1.39,4.29,2025-11-12,train,0
pay_00000000001973,setl_merchant_1_0025,bnk_000000000025,945.85,upi,0.00,0.00,0.00,2025-11-12,train,0
pay_00000000001997,setl_merchant_1_0025,bnk_000000000025,960.67,wallet,17.29,3.11,0.00,2025-11-12,train,0
pay_00000000002065,setl_merchant_1_0025,bnk_000000000025,1529.39,card,30.59,5.51,15.29,2025-11-12,train,0
pay_00000000002072,setl_merchant_1_0025,bnk_000000000025,709.55,wallet,12.77,2.30,0.00,2025-11-12,train,0
pay_00000000002108,setl_merchant_1_0025,bnk_000000000025,728.48,upi,0.00,0.00,0.00,2025-11-12,train,0
pay_00000000002132,setl_merchant_1_0025,bnk_000000000025,1793.49,netbanking,15.00,2.70,0.00,2025-11-12,train,0
pay_00000000002153,setl_merchant_1_0025,bnk_000000000025,950.95,card,19.02,3.42,0.00,2025-11-12,train,0
pay_00000000002196,setl_merchant_1_0025,bnk_000000000025,744.10,upi,0.00,0.00,7.44,2025-11-12,train,0
pay_00000000002202,setl_merchant_1_0025,bnk_000000000025,890.62,wallet,16.03,2.89,0.00,2025-11-12,train,0
pay_00000000002219,setl_merchant_1_0025,bnk_000000000025,2996.00,upi,0.00,0.00,0.00,2025-11-12,train,0
pay_00000000002273,setl_merchant_1_0025,bnk_000000000025,159.08,card,3.18,0.57,1.59,2025-11-12,train,0
pay_00000000002286,setl_merchant_1_0025,bnk_000000000025,873.00,card,17.46,3.14,8.73,2025-11-12,train,0
pay_00000000002424,setl_merchant_1_0025,bnk_000000000025,3586.00,card,71.72,12.91,0.00,2025-11-12,train,0
pay_00000000002474,setl_merchant_1_0025,bnk_000000000025,340.99,upi,0.00,0.00,3.41,2025-11-12,train,0
pay_00000000002539,setl_merchant_1_0025,bnk_000000000025,3195.68,upi,0.00,0.00,31.96,2025-11-12,train,0
pay_00000000002542,setl_merchant_1_0025,bnk_000000000025,1032.00,upi,0.00,0.00,0.00,2025-11-12,train,0
pay_00000000002545,setl_merchant_1_0025,bnk_000000000025,1481.37,upi,0.00,0.00,14.81,2025-11-12,train,0
pay_00000000002548,setl_merchant_1_0025,bnk_000000000025,421.24,upi,0.00,0.00,4.21,2025-11-12,train,0
pay_00000000002556,setl_merchant_1_0025,bnk_000000000025,962.82,netbanking,15.00,2.70,9.63,2025-11-12,train,0
pay_00000000002579,setl_merchant_1_0025,bnk_000000000025,266.70,card,5.33,0.96,0.00,2025-11-12,train,0
pay_00000000002622,setl_merchant_1_0025,bnk_000000000025,189.99,netbanking,15.00,2.70,0.00,2025-11-12,train,0
pay_00000000002672,setl_merchant_1_0025,bnk_000000000025,212.00,upi,0.00,0.00,0.00,2025-11-12,train,0
pay_00000000002710,setl_merchant_1_0025,bnk_000000000025,400.00,card,8.00,1.44,4.00,2025-11-12,train,0
pay_00000000002728,setl_merchant_1_0025,bnk_000000000025,927.00,card,18.54,3.34,0.00,2025-11-12,train,0
pay_00000000002746,setl_merchant_1_0025,bnk_000000000025,866.00,netbanking,15.00,2.70,0.00,2025-11-12,train,0
pay_00000000002781,setl_merchant_1_0025,bnk_000000000025,852.99,card,17.06,3.07,0.00,2025-11-12,train,0
pay_00000000002809,setl_merchant_1_0025,bnk_000000000025,227.37,upi,0.00,0.00,0.00,2025-11-12,train,0
pay_00000000002814,setl_merchant_1_0025,bnk_000000000025,254.94,wallet,4.59,0.83,2.55,2025-11-12,train,0
pay_00000000002851,setl_merchant_1_0025,bnk_000000000025,689.79,upi,0.00,0.00,0.00,2025-11-12,train,0
pay_00000000002883,setl_merchant_1_0025,bnk_000000000025,1781.71,wallet,32.07,5.77,17.82,2025-11-12,train,0
pay_00000000002942,setl_merchant_1_0025,bnk_000000000025,668.00,upi,0.00,0.00,0.00,2025-11-12,train,0
pay_00000000003040,setl_merchant_1_0025,bnk_000000000025,357.62,upi,0.00,0.00,0.00,2025-11-12,train,0
pay_00000000003042,setl_merchant_1_0025,bnk_000000000025,175.59,card,3.51,0.63,0.00,2025-11-12,train,0
pay_00000000003044,setl_merchant_1_0025,bnk_000000000025,330.83,card,6.62,1.19,3.31,2025-11-12,train,0
pay_00000000003061,setl_merchant_1_0025,bnk_000000000025,144.92,upi,0.00,0.00,1.45,2025-11-12,train,0
pay_00000000003075,setl_merchant_1_0025,bnk_000000000025,901.00,card,18.02,3.24,9.01,2025-11-12,train,0
pay_00000000003077,setl_merchant_1_0025,bnk_000000000025,911.00,card,18.22,3.28,0.00,2025-11-12,train,0
pay_00000000003183,setl_merchant_1_0025,bnk_000000000025,3103.77,upi,0.00,0.00,31.04,2025-11-12,train,0
pay_00000000003195,setl_merchant_1_0025,bnk_000000000025,2808.34,card,56.17,10.11,28.08,2025-11-12,train,0
pay_00000000003250,setl_merchant_1_0025,bnk_000000000025,783.99,netbanking,15.00,2.70,7.84,2025-11-12,train,0
pay_00000000003255,setl_merchant_1_0025,bnk_000000000025,1409.00,upi,0.00,0.00,0.00,2025-11-12,train,0
pay_00000000003266,setl_merchant_1_0025,bnk_000000000025,502.01,upi,0.00,0.00,0.00,2025-11-12,train,0
pay_00000000003309,setl_merchant_1_0025,bnk_000000000025,308.99,upi,0.00,0.00,0.00,2025-11-12,train,0
pay_00000000003318,setl_merchant_1_0025,bnk_000000000025,2830.33,upi,0.00,0.00,0.00,2025-11-12,train,0
pay_00000000003337,setl_merchant_1_0025,bnk_000000000025,1825.86,upi,0.00,0.00,0.00,2025-11-12,train,0
pay_00000000003391,setl_merchant_1_0025,bnk_000000000025,687.00,card,13.74,2.47,6.87,2025-11-12,train,0
pay_00000000003419,setl_merchant_1_0025,bnk_000000000025,365.92,wallet,6.59,1.19,3.66,2025-11-12,train,0
pay_00000000003483,setl_merchant_1_0025,bnk_000000000025,650.32,upi,0.00,0.00,6.50,2025-11-12,train,0
pay_00000000003502,setl_merchant_1_0025,bnk_000000000025,751.49,card,15.03,2.71,0.00,2025-11-12,train,0
pay_00000000003514,setl_merchant_1_0025,bnk_000000000025,8389.10,upi,0.00,0.00,0.00,2025-11-12,train,0
pay_00000000003566,setl_merchant_1_0025,bnk_000000000025,2365.57,upi,0.00,0.00,0.00,2025-11-12,train,0
pay_00000000003587,setl_merchant_1_0025,bnk_000000000025,936.99,upi,0.00,0.00,0.00,2025-11-12,train,0
pay_00000000003605,setl_merchant_1_0025,bnk_000000000025,213.15,upi,0.00,0.00,2.13,2025-11-12,train,0
pay_00000000003633,setl_merchant_1_0025,bnk_000000000025,158.00,wallet,2.84,0.51,0.00,2025-11-12,train,0
pay_00000000003639,setl_merchant_1_0025,bnk_000000000025,1010.00,netbanking,15.00,2.70,10.10,2025-11-12,train,0
pay_00000000003644,setl_merchant_1_0025,bnk_000000000025,2731.07,upi,0.00,0.00,0.00,2025-11-12,train,0
pay_00000000003671,setl_merchant_1_0025,bnk_000000000025,2456.00,upi,0.00,0.00,0.00,2025-11-12,train,0
pay_00000000003683,setl_merchant_1_0025,bnk_000000000025,1433.99,netbanking,15.00,2.70,0.00,2025-11-12,train,0
pay_00000000003774,setl_merchant_1_0025,bnk_000000000025,306.96,wallet,5.53,1.00,3.07,2025-11-12,train,0
pay_00000000003793,setl_merchant_1_0025,bnk_000000000025,546.99,upi,0.00,0.00,5.47,2025-11-12,train,0
pay_00000000003832,setl_merchant_1_0025,bnk_000000000025,897.84,card,17.96,3.23,8.98,2025-11-12,train,0
pay_00000000003860,setl_merchant_1_0025,bnk_000000000025,775.99,card,15.52,2.79,0.00,2025-11-12,train,0
pay_00000000004065,setl_merchant_1_0025,bnk_000000000025,170.59,card,3.41,0.61,1.71,2025-11-12,train,0
pay_00000000004115,setl_merchant_1_0025,bnk_000000000025,651.01,card,13.02,2.34,0.00,2025-11-12,train,0
pay_00000000004130,setl_merchant_1_0025,bnk_000000000025,670.55,wallet,12.07,2.17,0.00,2025-11-12,train,0
pay_00000000004158,setl_merchant_1_0025,bnk_000000000025,1440.00,card,28.80,5.18,14.40,2025-11-12,train,0
pay_00000000004160,setl_merchant_1_0025,bnk_000000000025,136.15,upi,0.00,0.00,0.00,2025-11-12,train,0
pay_00000000004203,setl_merchant_1_0025,bnk_000000000025,439.00,card,8.78,1.58,4.39,2025-11-12,train,0
pay_00000000004215,setl_merchant_1_0025,bnk_000000000025,773.75,wallet,13.93,2.51,7.74,2025-11-12,train,0
pay_00000000004275,setl_merchant_1_0025,bnk_000000000025,1193.44,upi,0.00,0.00,11.93,2025-11-12,train,0
pay_00000000004317,setl_merchant_1_0025,bnk_000000000025,582.00,wallet,10.48,1.89,0.00,2025-11-12,train,0
pay_00000000004338,setl_merchant_1_0025,bnk_000000000025,611.00,upi,0.00,0.00,6.11,2025-11-12,train,0
pay_00000000004379,setl_merchant_1_0025,bnk_000000000025,462.35,netbanking,15.00,2.70,0.00,2025-11-12,train,0
pay_00000000004412,setl_merchant_1_0025,bnk_000000000025,610.52,upi,0.00,0.00,0.00,2025-11-12,train,0
pay_00000000004491,setl_merchant_1_0025,bnk_000000000025,244.99,netbanking,15.00,2.70,0.00,2025-11-12,train,0
pay_00000000004528,setl_merchant_1_0025,bnk_000000000025,865.62,upi,0.00,0.00,0.00,2025-11-12,train,0
pay_00000000004538,setl_merchant_1_0025,bnk_000000000025,714.00,upi,0.00,0.00,0.00,2025-11-12,train,0
pay_00000000004603,setl_merchant_1_0025,bnk_000000000025,317.34,upi,0.00,0.00,0.00,2025-11-12,train,0
pay_00000000004605,setl_merchant_1_0025,bnk_000000000025,225.99,upi,0.00,0.00,2.26,2025-11-12,train,0
pay_00000000004610,setl_merchant_1_0025,bnk_000000000025,985.36,upi,0.00,0.00,0.00,2025-11-12,train,0
pay_00000000004631,setl_merchant_1_0025,bnk_000000000025,537.28,netbanking,15.00,2.70,0.00,2025-11-12,train,0
pay_00000000004657,setl_merchant_1_0025,bnk_000000000025,2836.55,upi,0.00,0.00,28.37,2025-11-12,train,0
pay_00000000004691,setl_merchant_1_0025,bnk_000000000025,16457.43,wallet,296.23,53.32,164.57,2025-11-12,train,0
pay_00000000004704,setl_merchant_1_0025,bnk_000000000025,599.40,upi,0.00,0.00,5.99,2025-11-12,train,0
pay_00000000004706,setl_merchant_1_0025,bnk_000000000025,567.00,upi,0.00,0.00,5.67,2025-11-12,train,0
pay_00000000004711,setl_merchant_1_0025,bnk_000000000025,367.91,upi,0.00,0.00,0.00,2025-11-12,train,0
pay_00000000004736,setl_merchant_1_0025,bnk_000000000025,2236.00,netbanking,15.00,2.70,22.36,2025-11-12,train,0
pay_00000000004751,setl_merchant_1_0025,bnk_000000000025,1012.00,upi,0.00,0.00,10.12,2025-11-12,train,0
pay_00000000004775,setl_merchant_1_0025,bnk_000000000025,515.00,wallet,9.27,1.67,5.15,2025-11-12,train,0
pay_00000000004786,setl_merchant_1_0025,bnk_000000000025,3431.00,upi,0.00,0.00,0.00,2025-11-12,train,0
pay_00000000004794,setl_merchant_1_0025,bnk_000000000025,784.29,wallet,14.12,2.54,0.00,2025-11-12,train,0
pay_00000000004809,setl_merchant_1_0025,bnk_000000000025,343.75,card,6.88,1.24,3.44,2025-11-12,train,0
pay_00000000004811,setl_merchant_1_0025,bnk_000000000025,1982.96,card,39.66,7.14,19.83,2025-11-12,train,0
pay_00000000004849,setl_merchant_1_0025,bnk_000000000025,5398.00,upi,0.00,0.00,53.98,2025-11-12,train,0
pay_00000000004856,setl_merchant_1_0025,bnk_000000000025,130.03,card,2.60,0.47,0.00,2025-11-12,train,0
pay_00000000004897,setl_merchant_1_0025,bnk_000000000025,102.00,upi,0.00,0.00,1.02,2025-11-12,train,0
pay_00000000004908,setl_merchant_1_0025,bnk_000000000025,1006.29,upi,0.00,0.00,0.00,2025-11-12,train,0
pay_00000000004934,setl_merchant_1_0025,bnk_000000000025,803.99,card,16.08,2.89,8.04,2025-11-12,train,0
pay_00000000004943,setl_merchant_1_0025,bnk_000000000025,318.37,upi,0.00,0.00,3.18,2025-11-12,train,0
pay_00000000004973,setl_merchant_1_0025,bnk_000000000025,483.94,upi,0.00,0.00,4.84,2025-11-12,train,0
pay_00000000004976,setl_merchant_1_0025,bnk_000000000025,2362.46,upi,0.00,0.00,23.62,2025-11-12,train,0
pay_00000000004995,setl_merchant_1_0025,bnk_000000000025,3141.99,card,62.84,11.31,31.42,2025-11-12,train,0
pay_00000000005006,setl_merchant_1_0025,bnk_000000000025,525.56,netbanking,15.00,2.70,0.00,2025-11-12,train,1
pay_00000000000266,setl_merchant_1_0026,bnk_000000000026,1346.00,card,26.92,4.85,0.00,2025-11-13,train,0
pay_00000000001029,setl_merchant_1_0026,bnk_000000000026,5110.08,wallet,91.98,16.56,51.10,2025-11-13,train,0
pay_00000000001499,setl_merchant_1_0026,bnk_000000000026,2418.52,upi,0.00,0.00,0.00,2025-11-13,train,0
pay_00000000001687,setl_merchant_1_0026,bnk_000000000026,429.00,upi,0.00,0.00,0.00,2025-11-13,train,0
pay_00000000002399,setl_merchant_1_0026,bnk_000000000026,966.65,card,19.33,3.48,9.67,2025-11-13,train,0
pay_00000000002644,setl_merchant_1_0026,bnk_000000000026,342.00,upi,0.00,0.00,0.00,2025-11-13,train,0
pay_00000000002751,setl_merchant_1_0026,bnk_000000000026,484.50,card,9.69,1.74,4.85,2025-11-13,train,0
pay_00000000004039,setl_merchant_1_0026,bnk_000000000026,3503.43,upi,0.00,0.00,0.00,2025-11-13,train,0
pay_00000000004296,setl_merchant_1_0026,bnk_000000000026,629.00,upi,0.00,0.00,6.29,2025-11-13,train,0
pay_00000000004314,setl_merchant_1_0026,bnk_000000000026,704.78,upi,0.00,0.00,7.05,2025-11-13,train,0
pay_00000000004729,setl_merchant_1_0026,bnk_000000000026,766.47,upi,0.00,0.00,7.66,2025-11-13,train,0
pay_00000000000551,setl_merchant_1_0027,bnk_000000000027,967.99,wallet,17.42,3.14,9.68,2025-11-13,train,0
pay_00000000000605,setl_merchant_1_0027,bnk_000000000027,540.00,wallet,9.72,1.75,0.00,2025-11-13,train,0
pay_00000000000622,setl_merchant_1_0027,bnk_000000000027,334.05,upi,0.00,0.00,3.34,2025-11-13,train,0
pay_00000000000671,setl_merchant_1_0027,bnk_000000000027,178.87,upi,0.00,0.00,1.79,2025-11-13,train,0
pay_00000000000759,setl_merchant_1_0027,bnk_000000000027,707.99,upi,0.00,0.00,0.00,2025-11-13,train,0
pay_00000000000795,setl_merchant_1_0027,bnk_000000000027,482.41,upi,0.00,0.00,4.82,2025-11-13,train,0
pay_00000000001169,setl_merchant_1_0027,bnk_000000000027,2657.89,upi,0.00,0.00,0.00,2025-11-13,train,0
pay_00000000001191,setl_merchant_1_0027,bnk_000000000027,201.00,card,4.02,0.72,2.01,2025-11-13,train,0
pay_00000000001379,setl_merchant_1_0027,bnk_000000000027,487.07,upi,0.00,0.00,4.87,2025-11-13,train,0
pay_00000000001646,setl_merchant_1_0027,bnk_000000000027,2430.00,upi,0.00,0.00,0.00,2025-11-13,train,0
pay_00000000001775,setl_merchant_1_0027,bnk_000000000027,1315.27,upi,0.00,0.00,13.15,2025-11-13,train,0
pay_00000000001790,setl_merchant_1_0027,bnk_000000000027,319.99,card,6.40,1.15,3.20,2025-11-13,train,0
pay_00000000001922,setl_merchant_1_0027,bnk_000000000027,1067.55,upi,0.00,0.00,10.68,2025-11-13,train,0
pay_00000000001945,setl_merchant_1_0027,bnk_000000000027,894.00,netbanking,15.00,2.70,8.94,2025-11-13,train,0
pay_00000000002137,setl_merchant_1_0027,bnk_000000000027,946.98,netbanking,15.00,2.70,0.00,2025-11-13,train,0
pay_00000000002138,setl_merchant_1_0027,bnk_000000000027,427.00,upi,0.00,0.00,0.00,2025-11-13,train,0
pay_00000000002220,setl_merchant_1_0027,bnk_000000000027,852.51,card,17.05,3.07,0.00,2025-11-13,train,0
pay_00000000002502,setl_merchant_1_0027,bnk_000000000027,702.00,upi,0.00,0.00,7.02,2025-11-13,train,0
pay_00000000002596,setl_merchant_1_0027,bnk_000000000027,132.28,upi,0.00,0.00,1.32,2025-11-13,train,0
pay_00000000002793,setl_merchant_1_0027,bnk_000000000027,578.90,upi,0.00,0.00,5.79,2025-11-13,train,0
pay_00000000002865,setl_merchant_1_0027,bnk_000000000027,704.62,upi,0.00,0.00,0.00,2025-11-13,train,0
pay_00000000002889,setl_merchant_1_0027,bnk_000000000027,3280.05,upi,0.00,0.00,32.80,2025-11-13,train,0
pay_00000000002920,setl_merchant_1_0027,bnk_000000000027,613.99,upi,0.00,0.00,6.14,2025-11-13,train,0
pay_00000000002927,setl_merchant_1_0027,bnk_000000000027,340.99,card,6.82,1.23,0.00,2025-11-13,train,0
pay_00000000003049,setl_merchant_1_0027,bnk_000000000027,1017.45,upi,0.00,0.00,10.17,2025-11-13,train,0
pay_00000000003064,setl_merchant_1_0027,bnk_000000000027,247.78,upi,0.00,0.00,0.00,2025-11-13,train,0
pay_00000000003238,setl_merchant_1_0027,bnk_000000000027,234.26,upi,0.00,0.00,2.34,2025-11-13,train,0
pay_00000000003355,setl_merchant_1_0027,bnk_000000000027,1097.67,upi,0.00,0.00,10.98,2025-11-13,train,0
pay_00000000003405,setl_merchant_1_0027,bnk_000000000027,478.98,card,9.58,1.72,4.79,2025-11-13,train,0
pay_00000000003486,setl_merchant_1_0027,bnk_000000000027,667.03,wallet,12.01,2.16,6.67,2025-11-13,train,0
pay_00000000003712,setl_merchant_1_0027,bnk_000000000027,598.37,card,11.97,2.15,0.00,2025-11-13,train,0
pay_00000000003873,setl_merchant_1_0027,bnk_000000000027,733.99,upi,0.00,0.00,7.34,2025-11-13,train,0
pay_00000000004092,setl_merchant_1_0027,bnk_000000000027,668.30,upi,0.00,0.00,6.68,2025-11-13,train,0
pay_00000000004780,setl_merchant_1_0027,bnk_000000000027,2244.42,upi,0.00,0.00,0.00,2025-11-13,train,0
pay_00000000004830,setl_merchant_1_0027,bnk_000000000027,143.99,upi,0.00,0.00,1.44,2025-11-13,train,0
pay_00000000004910,setl_merchant_1_0027,bnk_000000000027,597.89,upi,0.00,0.00,0.00,2025-11-13,train,0
pay_00000000004971,setl_merchant_1_0027,bnk_000000000027,128.55,upi,0.00,0.00,1.29,2025-11-13,train,0
pay_00000000000075,setl_merchant_1_0028,bnk_000000000028,747.57,wallet,13.46,2.42,0.00,2025-11-13,train,0
pay_00000000000085,setl_merchant_1_0028,bnk_000000000028,982.00,upi,0.00,0.00,9.82,2025-11-13,train,0
pay_00000000000175,setl_merchant_1_0028,bnk_000000000028,2857.00,upi,0.00,0.00,0.00,2025-11-13,train,0
pay_00000000000345,setl_merchant_1_0028,bnk_000000000028,749.18,card,14.98,2.70,7.49,2025-11-13,train,0
pay_00000000000466,setl_merchant_1_0028,bnk_000000000028,1348.99,netbanking,15.00,2.70,0.00,2025-11-13,train,0
pay_00000000000479,setl_merchant_1_0028,bnk_000000000028,3222.79,upi,0.00,0.00,0.00,2025-11-13,train,0
pay_00000000000481,setl_merchant_1_0028,bnk_000000000028,811.04,upi,0.00,0.00,0.00,2025-11-13,train,0
pay_00000000000599,setl_merchant_1_0028,bnk_000000000028,196.00,netbanking,15.00,2.70,1.96,2025-11-13,train,0
pay_00000000000902,setl_merchant_1_0028,bnk_000000000028,986.20,upi,0.00,0.00,9.86,2025-11-13,train,0
pay_00000000000907,setl_merchant_1_0028,bnk_000000000028,14883.84,card,297.68,53.58,0.00,2025-11-13,train,0
pay_00000000001129,setl_merchant_1_0028,bnk_000000000028,886.63,card,17.73,3.19,8.87,2025-11-13,train,0
pay_00000000001149,setl_merchant_1_0028,bnk_000000000028,1032.99,upi,0.00,0.00,10.33,2025-11-13,train,0
pay_00000000001493,setl_merchant_1_0028,bnk_000000000028,159.06,card,3.18,0.57,0.00,2025-11-13,train,0
pay_00000000001608,setl_merchant_1_0028,bnk_000000000028,714.97,upi,0.00,0.00,7.15,2025-11-13,train,0
pay_00000000001622,setl_merchant_1_0028,bnk_000000000028,1036.99,upi,0.00,0.00,10.37,2025-11-13,train,0
pay_00000000001644,setl_merchant_1_0028,bnk_000000000028,117.09,upi,0.00,0.00,0.00,2025-11-13,train,0
pay_00000000001923,setl_merchant_1_0028,bnk_000000000028,10295.24,card,205.90,37.06,0.00,2025-11-13,train,0
pay_00000000001980,setl_merchant_1_0028,bnk_000000000028,333.00,netbanking,15.00,2.70,3.33,2025-11-13,train,0
pay_00000000001990,setl_merchant_1_0028,bnk_000000000028,897.99,upi,0.00,0.00,8.98,2025-11-13,train,0
pay_00000000002119,setl_merchant_1_0028,bnk_000000000028,1976.00,card,39.52,7.11,0.00,2025-11-13,train,0
pay_00000000002212,setl_merchant_1_0028,bnk_000000000028,2843.00,netbanking,15.00,2.70,0.00,2025-11-13,train,0
pay_00000000002228,setl_merchant_1_0028,bnk_000000000028,680.80,upi,0.00,0.00,6.81,2025-11-13,train,0
pay_00000000002283,setl_merchant_1_0028,bnk_000000000028,912.67,wallet,16.43,2.96,9.13,2025-11-13,train,0
pay_00000000002305,setl_merchant_1_0028,bnk_000000000028,157.00,upi,0.00,0.00,0.00,2025-11-13,train,0
pay_00000000002364,setl_merchant_1_0028,bnk_000000000028,102.82,upi,0.00,0.00,1.03,2025-11-13,train,0
pay_00000000002422,setl_merchant_1_0028,bnk_000000000028,1062.00,wallet,19.12,3.44,0.00,2025-11-13,train,0
pay_00000000002568,setl_merchant_1_0028,bnk_000000000028,262.84,upi,0.00,0.00,0.00,2025-11-13,train,0
pay_00000000002618,setl_merchant_1_0028,bnk_000000000028,424.99,upi,0.00,0.00,4.25,2025-11-13,train,0
pay_00000000002818,setl_merchant_1_0028,bnk_000000000028,472.99,wallet,8.51,1.53,0.00,2025-11-13,train,0
pay_00000000002931,setl_merchant_1_0028,bnk_000000000028,464.99,upi,0.00,0.00,0.00,2025-11-13,train,0
pay_00000000003202,setl_merchant_1_0028,bnk_000000000028,464.00,card,9.28,1.67,4.64,2025-11-13,train,0
pay_00000000003235,setl_merchant_1_0028,bnk_000000000028,620.00,card,12.40,2.23,0.00,2025-11-13,train,0
pay_00000000003621,setl_merchant_1_0028,bnk_000000000028,15660.79,card,313.22,56.38,0.00,2025-11-13,train,0
pay_00000000003636,setl_merchant_1_0028,bnk_000000000028,578.44,netbanking,15.00,2.70,5.78,2025-11-13,train,0
pay_00000000003690,setl_merchant_1_0028,bnk_000000000028,639.29,upi,0.00,0.00,0.00,2025-11-13,train,0
pay_00000000003702,setl_merchant_1_0028,bnk_000000000028,1718.00,upi,0.00,0.00,17.18,2025-11-13,train,0
pay_00000000003882,setl_merchant_1_0028,bnk_000000000028,444.99,card,8.90,1.60,0.00,2025-11-13,train,0
pay_00000000003921,setl_merchant_1_0028,bnk_000000000028,539.00,upi,0.00,0.00,0.00,2025-11-13,train,0
pay_00000000003992,setl_merchant_1_0028,bnk_000000000028,393.00,upi,0.00,0.00,3.93,2025-11-13,train,0
pay_00000000004101,setl_merchant_1_0028,bnk_000000000028,603.00,netbanking,15.00,2.70,0.00,2025-11-13,train,0
pay_00000000004139,setl_merchant_1_0028,bnk_000000000028,809.60,netbanking,15.00,2.70,0.00,2025-11-13,train,0
pay_00000000004298,setl_merchant_1_0028,bnk_000000000028,1331.00,upi,0.00,0.00,0.00,2025-11-13,train,0
pay_00000000004866,setl_merchant_1_0028,bnk_000000000028,337.99,upi,0.00,0.00,0.00,2025-11-13,train,0
pay_00000000000136,setl_merchant_1_0029,bnk_000000000029,591.17,upi,0.00,0.00,5.91,2025-11-13,train,0
pay_00000000000206,setl_merchant_1_0029,bnk_000000000029,280.73,card,5.61,1.01,0.00,2025-11-13,train,0
pay_00000000000213,setl_merchant_1_0029,bnk_000000000029,874.00,netbanking,15.00,2.70,8.74,2025-11-13,train,0
pay_00000000000221,setl_merchant_1_0029,bnk_000000000029,856.00,card,17.12,3.08,8.56,2025-11-13,train,0
pay_00000000000262,setl_merchant_1_0029,bnk_000000000029,850.99,card,17.02,3.06,0.00,2025-11-13,train,0
pay_00000000000349,setl_merchant_1_0029,bnk_000000000029,2103.00,card,42.06,7.57,0.00,2025-11-13,train,0
pay_00000000000403,setl_merchant_1_0029,bnk_000000000029,749.00,upi,0.00,0.00,0.00,2025-11-13,train,0
pay_00000000000714,setl_merchant_1_0029,bnk_000000000029,383.99,upi,0.00,0.00,3.84,2025-11-13,train,0
pay_00000000000727,setl_merchant_1_0029,bnk_000000000029,586.99,wallet,10.57,1.90,5.87,2025-11-13,train,0
pay_00000000000958,setl_merchant_1_0029,bnk_000000000029,670.49,card,13.41,2.41,6.70,2025-11-13,train,0
pay_00000000001022,setl_merchant_1_0029,bnk_000000000029,3539.87,card,70.80,12.74,0.00,2025-11-13,train,0
pay_00000000001052,setl_merchant_1_0029,bnk_000000000029,362.99,upi,0.00,0.00,3.63,2025-11-13,train,0
pay_00000000001081,setl_merchant_1_0029,bnk_000000000029,713.79,wallet,12.85,2.31,0.00,2025-11-13,train,0
pay_00000000001120,setl_merchant_1_0029,bnk_000000000029,1063.99,upi,0.00,0.00,0.00,2025-11-13,train,0
pay_00000000001307,setl_merchant_1_0029,bnk_000000000029,299.08,card,5.98,1.08,2.99,2025-11-13,train,0
pay_00000000001355,setl_merchant_1_0029,bnk_000000000029,2614.99,upi,0.00,0.00,0.00,2025-11-13,train,0
pay_00000000001543,setl_merchant_1_0029,bnk_000000000029,872.56,card,17.45,3.14,8.73,2025-11-13,train,0
pay_00000000001592,setl_merchant_1_0029,bnk_000000000029,2775.99,upi,0.00,0.00,27.76,2025-11-13,train,0
pay_00000000001839,setl_merchant_1_0029,bnk_000000000029,15755.56,netbanking,15.00,2.70,157.56,2025-11-13,train,0
pay_00000000001848,setl_merchant_1_0029,bnk_000000000029,1106.05,card,22.12,3.98,11.06,2025-11-13,train,0
pay_00000000001928,setl_merchant_1_0029,bnk_000000000029,510.00,card,10.20,1.84,0.00,2025-11-13,train,0
pay_00000000001951,setl_merchant_1_0029,bnk_000000000029,141.99,upi,0.00,0.00,0.00,2025-11-13,train,0
pay_00000000002029,setl_merchant_1_0029,bnk_000000000029,914.99,card,18.30,3.29,9.15,2025-11-13,train,0
pay_00000000002079,setl_merchant_1_0029,bnk_000000000029,99.68,netbanking,15.00,2.70,0.00,2025-11-13,train,0
pay_00000000002091,setl_merchant_1_0029,bnk_000000000029,297.31,netbanking,15.00,2.70,0.00,2025-11-13,train,0
pay_00000000002386,setl_merchant_1_0029,bnk_000000000029,3403.87,card,68.08,12.25,0.00,2025-11-13,train,0
pay_00000000002417,setl_merchant_1_0029,bnk_000000000029,433.68,card,8.67,1.56,4.34,2025-11-13,train,0
pay_00000000002469,setl_merchant_1_0029,bnk_000000000029,477.00,upi,0.00,0.00,0.00,2025-11-13,train,0
pay_00000000002496,setl_merchant_1_0029,bnk_000000000029,355.18,card,7.10,1.28,0.00,2025-11-13,train,0
pay_00000000002600,setl_merchant_1_0029,bnk_000000000029,682.00,card,13.64,2.46,0.00,2025-11-13,train,0
pay_00000000002657,setl_merchant_1_0029,bnk_000000000029,400.03,upi,0.00,0.00,0.00,2025-11-13,train,0
pay_00000000002664,setl_merchant_1_0029,bnk_000000000029,1274.99,upi,0.00,0.00,12.75,2025-11-13,train,0
pay_00000000002686,setl_merchant_1_0029,bnk_000000000029,462.00,card,9.24,1.66,0.00,2025-11-13,train,0
pay_00000000002754,setl_merchant_1_0029,bnk_000000000029,329.93,netbanking,15.00,2.70,0.00,2025-11-13,train,0
pay_00000000002835,setl_merchant_1_0029,bnk_000000000029,5946.29,upi,0.00,0.00,0.00,2025-11-13,train,0
pay_00000000002869,setl_merchant_1_0029,bnk_000000000029,759.00,upi,0.00,0.00,0.00,2025-11-13,train,0
pay_00000000003441,setl_merchant_1_0029,bnk_000000000029,629.00,wallet,11.32,2.04,6.29,2025-11-13,train,0
pay_00000000003592,setl_merchant_1_0029,bnk_000000000029,210.99,upi,0.00,0.00,2.11,2025-11-13,train,0
pay_00000000003620,setl_merchant_1_0029,bnk_000000000029,611.87,upi,0.00,0.00,6.12,2025-11-13,train,0
pay_00000000003691,setl_merchant_1_0029,bnk_000000000029,772.36,card,15.45,2.78,0.00,2025-11-13,train,0
pay_00000000003779,setl_merchant_1_0029,bnk_000000000029,143.94,upi,0.00,0.00,1.44,2025-11-13,train,0
pay_00000000003800,setl_merchant_1_0029,bnk_000000000029,973.72,netbanking,15.00,2.70,0.00,2025-11-13,train,0
pay_00000000003899,setl_merchant_1_0029,bnk_000000000029,806.31,card,16.13,2.90,8.06,2025-11-13,train,0
pay_00000000004004,setl_merchant_1_0029,bnk_000000000029,645.89,upi,0.00,0.00,0.00,2025-11-13,train,0
pay_00000000004031,setl_merchant_1_0029,bnk_000000000029,2409.67,netbanking,15.00,2.70,24.10,2025-11-13,train,0
pay_00000000004157,setl_merchant_1_0029,bnk_000000000029,636.00,upi,0.00,0.00,6.36,2025-11-13,train,0
pay_00000000004159,setl_merchant_1_0029,bnk_000000000029,118.32,wallet,2.13,0.38,1.18,2025-11-13,train,0
pay_00000000004218,setl_merchant_1_0029,bnk_000000000029,298.28,netbanking,15.00,2.70,0.00,2025-11-13,train,0
pay_00000000004231,setl_merchant_1_0029,bnk_000000000029,655.27,card,13.11,2.36,0.00,2025-11-13,train,0
pay_00000000004355,setl_merchant_1_0029,bnk_000000000029,318.11,upi,0.00,0.00,3.18,2025-11-13,train,0
pay_00000000004460,setl_merchant_1_0029,bnk_000000000029,615.53,upi,0.00,0.00,0.00,2025-11-13,train,0
pay_00000000004517,setl_merchant_1_0029,bnk_000000000029,1581.93,upi,0.00,0.00,15.82,2025-11-13,train,0
pay_00000000004808,setl_merchant_1_0029,bnk_000000000029,950.79,card,19.02,3.42,0.00,2025-11-13,train,0
pay_00000000004878,setl_merchant_1_0029,bnk_000000000029,173.00,card,3.46,0.62,0.00,2025-11-13,train,0
pay_00000000004898,setl_merchant_1_0029,bnk_000000000029,210.12,card,4.20,0.76,0.00,2025-11-13,train,0
pay_00000000004924,setl_merchant_1_0029,bnk_000000000029,555.00,upi,0.00,0.00,0.00,2025-11-13,train,0
pay_00000000000102,setl_merchant_1_0030,bnk_000000000030,1243.07,card,27.97,5.03,0.00,2025-11-15,train,0
pay_00000000000281,setl_merchant_1_0030,bnk_000000000030,466.00,upi,1.17,0.21,4.66,2025-11-15,train,0
pay_00000000000348,setl_merchant_1_0030,bnk_000000000030,2185.29,wallet,44.80,8.06,21.85,2025-11-15,train,0
pay_00000000000359,setl_merchant_1_0030,bnk_000000000030,333.58,card,7.50,1.35,0.00,2025-11-15,train,0
pay_00000000000651,setl_merchant_1_0030,bnk_000000000030,1001.00,netbanking,17.50,3.15,10.01,2025-11-15,train,0
pay_00000000000797,setl_merchant_1_0030,bnk_000000000030,14261.00,upi,35.65,6.42,142.61,2025-11-15,train,0
pay_00000000000848,setl_merchant_1_0030,bnk_000000000030,201.99,upi,0.50,0.09,2.02,2025-11-15,train,0
pay_00000000001100,setl_merchant_1_0030,bnk_000000000030,2486.50,card,55.95,10.07,0.00,2025-11-15,train,0
pay_00000000001214,setl_merchant_1_0030,bnk_000000000030,488.00,netbanking,16.22,2.92,4.88,2025-11-15,train,0
pay_00000000001310,setl_merchant_1_0030,bnk_000000000030,669.79,upi,1.67,0.30,0.00,2025-11-15,train,0
pay_00000000001413,setl_merchant_1_0030,bnk_000000000030,428.33,netbanking,16.07,2.89,0.00,2025-11-15,train,0
pay_00000000001422,setl_merchant_1_0030,bnk_000000000030,345.28,card,7.77,1.40,0.00,2025-11-15,train,0
pay_00000000001465,setl_merchant_1_0030,bnk_000000000030,925.62,upi,2.31,0.42,0.00,2025-11-15,train,0
pay_00000000001488,setl_merchant_1_0030,bnk_000000000030,155.81,netbanking,15.39,2.77,0.00,2025-11-15,train,0
pay_00000000001625,setl_merchant_1_0030,bnk_000000000030,597.75,upi,1.49,0.27,0.00,2025-11-15,train,0
pay_00000000001637,setl_merchant_1_0030,bnk_000000000030,820.68,upi,2.05,0.37,0.00,2025-11-15,train,0
pay_00000000001679,setl_merchant_1_0030,bnk_000000000030,860.59,upi,2.15,0.39,0.00,2025-11-15,train,0
pay_00000000001961,setl_merchant_1_0030,bnk_000000000030,595.51,wallet,12.21,2.20,5.96,2025-11-15,train,0
pay_00000000002008,setl_merchant_1_0030,bnk_000000000030,166.59,wallet,3.42,0.62,1.67,2025-11-15,train,0
pay_00000000002089,setl_merchant_1_0030,bnk_000000000030,531.00,upi,1.33,0.24,5.31,2025-11-15,train,0
pay_00000000002330,setl_merchant_1_0030,bnk_000000000030,871.98,card,19.62,3.53,0.00,2025-11-15,train,0
pay_00000000002340,setl_merchant_1_0030,bnk_000000000030,1035.00,card,23.29,4.19,10.35,2025-11-15,train,0
pay_00000000002528,setl_merchant_1_0030,bnk_000000000030,954.21,upi,2.39,0.43,9.54,2025-11-15,train,0
pay_00000000002612,setl_merchant_1_0030,bnk_000000000030,340.00,card,7.65,1.38,0.00,2025-11-15,train,0
pay_00000000002629,setl_merchant_1_0030,bnk_000000000030,790.85,card,17.80,3.20,7.91,2025-11-15,train,0
pay_00000000002678,setl_merchant_1_0030,bnk_000000000030,1007.00,upi,2.52,0.45,10.07,2025-11-15,train,0
pay_00000000002838,setl_merchant_1_0030,bnk_000000000030,504.74,upi,1.26,0.23,5.05,2025-11-15,train,0
pay_00000000002969,setl_merchant_1_0030,bnk_000000000030,935.78,card,21.06,3.79,9.36,2025-11-15,train,0
pay_00000000003020,setl_merchant_1_0030,bnk_000000000030,372.75,card,8.39,1.51,0.00,2025-11-15,train,0
pay_00000000003108,setl_merchant_1_0030,bnk_000000000030,463.99,upi,1.16,0.21,4.64,2025-11-15,train,0
pay_00000000003117,setl_merchant_1_0030,bnk_000000000030,720.00,card,16.20,2.92,0.00,2025-11-15,train,0
pay_00000000003260,setl_merchant_1_0030,bnk_000000000030,13875.61,card,312.20,56.20,0.00,2025-11-15,train,0
pay_00000000003293,setl_merchant_1_0030,bnk_000000000030,2524.26,upi,6.31,1.14,25.24,2025-11-15,train,0
pay_00000000003393,setl_merchant_1_0030,bnk_000000000030,319.77,card,7.20,1.30,3.20,2025-11-15,train,0
pay_00000000003468,setl_merchant_1_0030,bnk_000000000030,322.08,card,7.25,1.31,0.00,2025-11-15,train,0
pay_00000000003697,setl_merchant_1_0030,bnk_000000000030,3473.10,upi,8.68,1.56,0.00,2025-11-15,train,0
pay_00000000003900,setl_merchant_1_0030,bnk_000000000030,332.00,card,7.47,1.34,0.00,2025-11-15,train,0
pay_00000000003903,setl_merchant_1_0030,bnk_000000000030,626.22,upi,1.57,0.28,0.00,2025-11-15,train,0
pay_00000000004000,setl_merchant_1_0030,bnk_000000000030,474.48,upi,1.19,0.21,0.00,2025-11-15,train,0
pay_00000000004180,setl_merchant_1_0030,bnk_000000000030,541.80,upi,1.35,0.24,0.00,2025-11-15,train,0
pay_00000000004377,setl_merchant_1_0030,bnk_000000000030,2564.10,upi,6.41,1.15,0.00,2025-11-15,train,0
pay_00000000004427,setl_merchant_1_0030,bnk_000000000030,1859.20,card,41.83,7.53,18.59,2025-11-15,train,0
pay_00000000004431,setl_merchant_1_0030,bnk_000000000030,2841.49,wallet,58.25,10.49,28.41,2025-11-15,train,0
pay_00000000004653,setl_merchant_1_0030,bnk_000000000030,976.99,card,21.98,3.96,0.00,2025-11-15,train,0
pay_00000000004696,setl_merchant_1_0030,bnk_000000000030,110.18,netbanking,15.28,2.75,0.00,2025-11-15,train,0
pay_00000000004718,setl_merchant_1_0030,bnk_000000000030,999.00,card,22.48,4.05,9.99,2025-11-15,train,0
pay_00000000004872,setl_merchant_1_0030,bnk_000000000030,634.97,upi,1.59,0.29,6.35,2025-11-15,train,0
pay_00000000004873,setl_merchant_1_0030,bnk_000000000030,211.00,upi,0.53,0.10,0.00,2025-11-15,train,0
pay_00000000000113,setl_merchant_1_0031,bnk_000000000031,670.00,card,13.40,2.41,6.70,2025-11-15,train,0
pay_00000000000117,setl_merchant_1_0031,bnk_000000000031,3545.00,netbanking,15.00,2.70,0.00,2025-11-15,train,0
pay_00000000000428,setl_merchant_1_0031,bnk_000000000031,3455.89,wallet,62.21,11.20,34.56,2025-11-15,train,0
pay_00000000000456,setl_merchant_1_0031,bnk_000000000031,1024.00,upi,0.00,0.00,10.24,2025-11-15,train,0
pay_00000000001114,setl_merchant_1_0031,bnk_000000000031,1022.99,card,20.46,3.68,10.23,2025-11-15,train,0
pay_00000000001720,setl_merchant_1_0031,bnk_000000000031,350.99,card,7.02,1.26,3.51,2025-11-15,train,0
pay_00000000002084,setl_merchant_1_0031,bnk_000000000031,3520.56,card,70.41,12.67,35.21,2025-11-15,train,0
pay_00000000002716,setl_merchant_1_0031,bnk_000000000031,484.50,upi,0.00,0.00,4.85,2025-11-15,train,0
pay_00000000002784,setl_merchant_1_0031,bnk_000000000031,482.75,upi,0.00,0.00,4.83,2025-11-15,train,0
pay_00000000002790,setl_merchant_1_0031,bnk_000000000031,2681.00,card,53.62,9.65,26.81,2025-11-15,train,0
pay_00000000002934,setl_merchant_1_0031,bnk_000000000031,3064.97,upi,0.00,0.00,30.65,2025-11-15,train,0
pay_00000000002977,setl_merchant_1_0031,bnk_000000000031,1032.99,upi,0.00,0.00,10.33,2025-11-15,train,0
pay_00000000004443,setl_merchant_1_0031,bnk_000000000031,3554.26,card,71.09,12.80,0.00,2025-11-15,train,0
pay_00000000004648,setl_merchant_1_0031,bnk_000000000031,195.44,card,3.91,0.70,1.95,2025-11-15,train,0
pay_00000000004939,setl_merchant_1_0031,bnk_000000000031,799.00,upi,0.00,0.00,7.99,2025-11-15,train,0
pay_00000000000103,setl_merchant_1_0032,bnk_000000000032,2724.34,upi,0.00,0.00,27.24,2025-11-15,train,0
pay_00000000000127,setl_merchant_1_0032,bnk_000000000032,343.00,card,6.86,1.23,3.43,2025-11-15,train,0
pay_00000000000228,setl_merchant_1_0032,bnk_000000000032,494.29,upi,0.00,0.00,4.94,2025-11-15,train,0
pay_00000000000263,setl_merchant_1_0032,bnk_000000000032,915.99,upi,0.00,0.00,0.00,2025-11-15,train,0
pay_00000000000265,setl_merchant_1_0032,bnk_000000000032,645.00,upi,0.00,0.00,6.45,2025-11-15,train,0
pay_00000000000351,setl_merchant_1_0032,bnk_000000000032,106.00,upi,0.00,0.00,0.00,2025-11-15,train,0
pay_00000000000399,setl_merchant_1_0032,bnk_000000000032,3058.73,card,61.17,11.01,0.00,2025-11-15,train,0
pay_00000000000647,setl_merchant_1_0032,bnk_000000000032,981.00,upi,0.00,0.00,0.00,2025-11-15,train,0
pay_00000000000717,setl_merchant_1_0032,bnk_000000000032,402.00,card,8.04,1.45,0.00,2025-11-15,train,0
pay_00000000000833,setl_merchant_1_0032,bnk_000000000032,3529.73,card,70.59,12.71,35.30,2025-11-15,train,0
pay_00000000000863,setl_merchant_1_0032,bnk_000000000032,411.00,card,8.22,1.48,0.00,2025-11-15,train,0
pay_00000000000955,setl_merchant_1_0032,bnk_000000000032,1295.95,upi,0.00,0.00,12.96,2025-11-15,train,0
pay_00000000001062,setl_merchant_1_0032,bnk_000000000032,682.00,upi,0.00,0.00,6.82,2025-11-15,train,0
pay_00000000001405,setl_merchant_1_0032,bnk_000000000032,396.20,wallet,7.13,1.28,0.00,2025-11-15,train,0
pay_00000000001565,setl_merchant_1_0032,bnk_000000000032,710.94,upi,0.00,0.00,7.11,2025-11-15,train,0
pay_00000000001575,setl_merchant_1_0032,bnk_000000000032,2343.44,upi,0.00,0.00,0.00,2025-11-15,train,0
pay_00000000001776,setl_merchant_1_0032,bnk_000000000032,329.99,upi,0.00,0.00,0.00,2025-11-15,train,0
pay_00000000002092,setl_merchant_1_0032,bnk_000000000032,106.61,netbanking,15.00,2.70,0.00,2025-11-15,train,0
pay_00000000002096,setl_merchant_1_0032,bnk_000000000032,630.33,upi,0.00,0.00,0.00,2025-11-15,train,0
pay_00000000002296,setl_merchant_1_0032,bnk_000000000032,1046.00,wallet,18.83,3.39,0.00,2025-11-15,train,0
pay_00000000002670,setl_merchant_1_0032,bnk_000000000032,485.89,card,9.72,1.75,4.86,2025-11-15,train,0
pay_00000000002730,setl_merchant_1_0032,bnk_000000000032,682.89,card,13.66,2.46,0.00,2025-11-15,train,0
pay_00000000002768,setl_merchant_1_0032,bnk_000000000032,534.00,netbanking,15.00,2.70,5.34,2025-11-15,train,0
pay_00000000002816,setl_merchant_1_0032,bnk_000000000032,653.00,card,13.06,2.35,0.00,2025-11-15,train,0
pay_00000000002917,setl_merchant_1_0032,bnk_000000000032,856.00,upi,0.00,0.00,8.56,2025-11-15,train,0
pay_00000000002949,setl_merchant_1_0032,bnk_000000000032,911.58,card,18.23,3.28,9.12,2025-11-15,train,0
pay_00000000002953,setl_merchant_1_0032,bnk_000000000032,668.99,card,13.38,2.41,6.69,2025-11-15,train,0
pay_00000000003187,setl_merchant_1_0032,bnk_000000000032,180.90,card,3.62,0.65,0.00,2025-11-15,train,0
pay_00000000003443,setl_merchant_1_0032,bnk_000000000032,976.57,netbanking,15.00,2.70,9.77,2025-11-15,train,0
pay_00000000003619,setl_merchant_1_0032,bnk_000000000032,1039.98,upi,0.00,0.00,10.40,2025-11-15,train,0
pay_00000000003679,setl_merchant_1_0032,bnk_000000000032,900.00,wallet,16.20,2.92,9.00,2025-11-15,train,0
pay_00000000003888,setl_merchant_1_0032,bnk_000000000032,1017.00,card,20.34,3.66,0.00,2025-11-15,train,0
pay_00000000004015,setl_merchant_1_0032,bnk_000000000032,3521.54,upi,0.00,0.00,35.22,2025-11-15,train,0
pay_00000000004349,setl_merchant_1_0032,bnk_000000000032,888.22,upi,0.00,0.00,8.88,2025-11-15,train,0
pay_00000000004453,setl_merchant_1_0032,bnk_000000000032,215.50,upi,0.00,0.00,0.00,2025-11-15,train,0
pay_00000000004773,setl_merchant_1_0032,bnk_000000000032,738.00,upi,0.00,0.00,7.38,2025-11-15,train,0
pay_00000000004815,setl_merchant_1_0032,bnk_000000000032,3040.44,upi,0.00,0.00,0.00,2025-11-15,train,0
pay_00000000000427,setl_merchant_1_0033,bnk_000000000033,14286.85,upi,0.00,0.00,0.00,2025-11-15,train,0
pay_00000000000442,setl_merchant_1_0033,bnk_000000000033,735.00,card,14.70,2.65,0.00,2025-11-15,train,0
pay_00000000000489,setl_merchant_1_0033,bnk_000000000033,515.99,upi,0.00,0.00,0.00,2025-11-15,train,0
pay_00000000000524,setl_merchant_1_0033,bnk_000000000033,378.48,upi,0.00,0.00,3.78,2025-11-15,train,0
pay_00000000000530,setl_merchant_1_0033,bnk_000000000033,804.77,wallet,14.49,2.61,0.00,2025-11-15,train,0
pay_00000000000652,setl_merchant_1_0033,bnk_000000000033,3444.00,upi,0.00,0.00,34.44,2025-11-15,train,0
pay_00000000000720,setl_merchant_1_0033,bnk_000000000033,266.01,card,5.32,0.96,0.00,2025-11-15,train,0
pay_00000000000847,setl_merchant_1_0033,bnk_000000000033,594.43,card,11.89,2.14,5.94,2025-11-15,train,0
pay_00000000000851,setl_merchant_1_0033,bnk_000000000033,16758.99,upi,0.00,0.00,0.00,2025-11-15,train,0
pay_00000000000894,setl_merchant_1_0033,bnk_000000000033,210.00,card,4.20,0.76,2.10,2025-11-15,train,0
pay_00000000000974,setl_merchant_1_0033,bnk_000000000033,724.90,card,14.50,2.61,0.00,2025-11-15,train,0
pay_00000000000986,setl_merchant_1_0033,bnk_000000000033,2274.41,netbanking,15.00,2.70,22.74,2025-11-15,train,0
pay_00000000001063,setl_merchant_1_0033,bnk_000000000033,2275.05,upi,0.00,0.00,22.75,2025-11-15,train,0
pay_00000000001354,setl_merchant_1_0033,bnk_000000000033,8323.00,upi,0.00,0.00,0.00,2025-11-15,train,0
pay_00000000001360,setl_merchant_1_0033,bnk_000000000033,13572.17,upi,0.00,0.00,0.00,2025-11-15,train,0
pay_00000000001372,setl_merchant_1_0033,bnk_000000000033,408.98,card,8.18,1.47,0.00,2025-11-15,train,0
pay_00000000001425,setl_merchant_1_0033,bnk_000000000033,299.00,wallet,5.38,0.97,2.99,2025-11-15,train,0
pay_00000000001503,setl_merchant_1_0033,bnk_000000000033,978.76,card,19.58,3.52,0.00,2025-11-15,train,0
pay_00000000001559,setl_merchant_1_0033,bnk_000000000033,947.10,upi,0.00,0.00,9.47,2025-11-15,train,0
pay_00000000001831,setl_merchant_1_0033,bnk_000000000033,151.00,upi,0.00,0.00,0.00,2025-11-15,train,0
pay_00000000001858,setl_merchant_1_0033,bnk_000000000033,722.00,upi,0.00,0.00,7.22,2025-11-15,train,0
pay_00000000001933,setl_merchant_1_0033,bnk_000000000033,956.26,upi,0.00,0.00,0.00,2025-11-15,train,0
pay_00000000001978,setl_merchant_1_0033,bnk_000000000033,502.99,wallet,9.05,1.63,5.03,2025-11-15,train,0
pay_00000000002013,setl_merchant_1_0033,bnk_000000000033,127.17,upi,0.00,0.00,0.00,2025-11-15,train,0
pay_00000000002017,setl_merchant_1_0033,bnk_000000000033,1026.79,card,20.54,3.70,0.00,2025-11-15,train,0
pay_00000000002048,setl_merchant_1_0033,bnk_000000000033,200.99,card,4.02,0.72,2.01,2025-11-15,train,0
pay_00000000002083,setl_merchant_1_0033,bnk_000000000033,874.86,card,17.50,3.15,8.75,2025-11-15,train,0
pay_00000000002185,setl_merchant_1_0033,bnk_000000000033,163.99,card,3.28,0.59,1.64,2025-11-15,train,0
pay_00000000002338,setl_merchant_1_0033,bnk_000000000033,1014.00,card,20.28,3.65,10.14,2025-11-15,train,0
pay_00000000002591,setl_merchant_1_0033,bnk_000000000033,506.12,netbanking,15.00,2.70,0.00,2025-11-15,train,0
pay_00000000002635,setl_merchant_1_0033,bnk_000000000033,180.00,upi,0.00,0.00,0.00,2025-11-15,train,0
pay_00000000002692,setl_merchant_1_0033,bnk_000000000033,2113.99,card,42.28,7.61,0.00,2025-11-15,train,0
pay_00000000002733,setl_merchant_1_0033,bnk_000000000033,3171.00,card,63.42,11.42,0.00,2025-11-15,train,0
pay_00000000002976,setl_merchant_1_0033,bnk_000000000033,279.90,upi,0.00,0.00,0.00,2025-11-15,train,0
pay_00000000003076,setl_merchant_1_0033,bnk_000000000033,506.49,upi,0.00,0.00,0.00,2025-11-15,train,0
pay_00000000003087,setl_merchant_1_0033,bnk_000000000033,794.41,upi,0.00,0.00,0.00,2025-11-15,train,0
pay_00000000003268,setl_merchant_1_0033,bnk_000000000033,1075.99,card,21.52,3.87,0.00,2025-11-15,train,0
pay_00000000003324,setl_merchant_1_0033,bnk_000000000033,1301.85,upi,0.00,0.00,0.00,2025-11-15,train,0
pay_00000000003385,setl_merchant_1_0033,bnk_000000000033,400.00,upi,0.00,0.00,4.00,2025-11-15,train,0
pay_00000000003421,setl_merchant_1_0033,bnk_000000000033,911.12,wallet,16.40,2.95,0.00,2025-11-15,train,0
pay_00000000003613,setl_merchant_1_0033,bnk_000000000033,416.00,wallet,7.49,1.35,0.00,2025-11-15,train,0
pay_00000000003623,setl_merchant_1_0033,bnk_000000000033,1057.58,card,21.15,3.81,10.58,2025-11-15,train,0
pay_00000000003721,setl_merchant_1_0033,bnk_000000000033,252.02,upi,0.00,0.00,0.00,2025-11-15,train,0
pay_00000000003845,setl_merchant_1_0033,bnk_000000000033,988.89,upi,0.00,0.00,9.89,2025-11-15,train,0
pay_00000000003976,setl_merchant_1_0033,bnk_000000000033,881.00,upi,0.00,0.00,8.81,2025-11-15,train,0
pay_00000000003991,setl_merchant_1_0033,bnk_000000000033,626.00,card,12.52,2.25,6.26,2025-11-15,train,0
pay_00000000004074,setl_merchant_1_0033,bnk_000000000033,1113.16,card,22.26,4.01,0.00,2025-11-15,train,0
pay_00000000004155,setl_merchant_1_0033,bnk_000000000033,451.17,card,9.02,1.62,4.51,2025-11-15,train,0
pay_00000000004217,setl_merchant_1_0033,bnk_000000000033,818.88,wallet,14.74,2.65,8.19,2025-11-15,train,0
pay_00000000004249,setl_merchant_1_0033,bnk_000000000033,1752.00,upi,0.00,0.00,17.52,2025-11-15,train,0
pay_00000000004358,setl_merchant_1_0033,bnk_000000000033,953.99,card,19.08,3.43,9.54,2025-11-15,train,0
pay_00000000004362,setl_merchant_1_0033,bnk_000000000033,550.08,card,11.00,1.98,5.50,2025-11-15,train,0
pay_00000000004384,setl_merchant_1_0033,bnk_000000000033,3199.00,card,63.98,11.52,0.00,2025-11-15,train,0
pay_00000000004406,setl_merchant_1_0033,bnk_000000000033,283.00,upi,0.00,0.00,2.83,2025-11-15,train,0
pay_00000000004415,setl_merchant_1_0033,bnk_000000000033,894.48,netbanking,15.00,2.70,8.94,2025-11-15,train,0
pay_00000000004508,setl_merchant_1_0033,bnk_000000000033,2689.47,upi,0.00,0.00,0.00,2025-11-15,train,0
pay_00000000004754,setl_merchant_1_0033,bnk_000000000033,432.00,upi,0.00,0.00,4.32,2025-11-15,train,0
pay_00000000004785,setl_merchant_1_0033,bnk_000000000033,1043.57,upi,0.00,0.00,0.00,2025-11-15,train,0
pay_00000000000060,setl_merchant_1_0034,bnk_000000000034,962.99,upi,0.00,0.00,0.00,2025-11-15,train,0
pay_00000000000161,setl_merchant_1_0034,bnk_000000000034,157.99,netbanking,15.00,2.70,1.58,2025-11-15,train,0
pay_00000000000212,setl_merchant_1_0034,bnk_000000000034,809.00,upi,0.00,0.00,8.09,2025-11-15,train,0
pay_00000000000497,setl_merchant_1_0034,bnk_000000000034,1350.65,upi,0.00,0.00,0.00,2025-11-15,train,0
pay_00000000000531,setl_merchant_1_0034,bnk_000000000034,861.78,upi,0.00,0.00,8.62,2025-11-15,train,0
pay_00000000000600,setl_merchant_1_0034,bnk_000000000034,1022.70,card,20.45,3.68,10.23,2025-11-15,train,0
pay_00000000000631,setl_merchant_1_0034,bnk_000000000034,3141.77,wallet,56.55,10.18,0.00,2025-11-15,train,0
pay_00000000000700,setl_merchant_1_0034,bnk_000000000034,1564.00,wallet,28.15,5.07,0.00,2025-11-15,train,0
pay_00000000000775,setl_merchant_1_0034,bnk_000000000034,188.93,upi,0.00,0.00,1.89,2025-11-15,train,0
pay_00000000000924,setl_merchant_1_0034,bnk_000000000034,694.99,card,13.90,2.50,6.95,2025-11-15,train,0
pay_00000000001042,setl_merchant_1_0034,bnk_000000000034,327.00,wallet,5.89,1.06,0.00,2025-11-15,train,0
pay_00000000001219,setl_merchant_1_0034,bnk_000000000034,143.95,upi,0.00,0.00,1.44,2025-11-15,train,0
pay_00000000001237,setl_merchant_1_0034,bnk_000000000034,1283.18,upi,0.00,0.00,0.00,2025-11-15,train,0
pay_00000000001323,setl_merchant_1_0034,bnk_000000000034,740.99,upi,0.00,0.00,7.41,2025-11-15,train,0
pay_00000000001329,setl_merchant_1_0034,bnk_000000000034,423.99,card,8.48,1.53,4.24,2025-11-15,train,0
pay_00000000001441,setl_merchant_1_0034,bnk_000000000034,945.15,upi,0.00,0.00,9.45,2025-11-15,train,0
pay_00000000001443,setl_merchant_1_0034,bnk_000000000034,804.05,upi,0.00,0.00,8.04,2025-11-15,train,0
pay_00000000001454,setl_merchant_1_0034,bnk_000000000034,4946.08,upi,0.00,0.00,0.00,2025-11-15,train,0
pay_00000000001600,setl_merchant_1_0034,bnk_000000000034,3463.00,wallet,62.33,11.22,34.63,2025-11-15,train,0
pay_00000000001773,setl_merchant_1_0034,bnk_000000000034,1455.25,upi,0.00,0.00,0.00,2025-11-15,train,0
pay_00000000001893,setl_merchant_1_0034,bnk_000000000034,113.28,upi,0.00,0.00,1.13,2025-11-15,train,0
pay_00000000002044,setl_merchant_1_0034,bnk_000000000034,546.00,netbanking,15.00,2.70,5.46,2025-11-15,train,0
pay_00000000002126,setl_merchant_1_0034,bnk_000000000034,275.99,wallet,4.97,0.89,2.76,2025-11-15,train,0
pay_00000000002232,setl_merchant_1_0034,bnk_000000000034,14638.55,card,292.77,52.70,146.39,2025-11-15,train,0
pay_00000000002257,setl_merchant_1_0034,bnk_000000000034,923.99,wallet,16.63,2.99,0.00,2025-11-15,train,0
pay_00000000002537,setl_merchant_1_0034,bnk_000000000034,164.41,card,3.29,0.59,1.64,2025-11-15,train,0
pay_00000000002590,setl_merchant_1_0034,bnk_000000000034,1026.99,upi,0.00,0.00,10.27,2025-11-15,train,0
pay_00000000002639,setl_merchant_1_0034,bnk_000000000034,214.97,card,4.30,0.77,0.00,2025-11-15,train,0
pay_00000000002685,setl_merchant_1_0034,bnk_000000000034,430.70,netbanking,15.00,2.70,4.31,2025-11-15,train,0
pay_00000000002726,setl_merchant_1_0034,bnk_000000000034,1041.48,wallet,18.75,3.38,10.41,2025-11-15,train,0
pay_00000000002763,setl_merchant_1_0034,bnk_000000000034,268.45,card,5.37,0.97,0.00,2025-11-15,train,0
pay_00000000002824,setl_merchant_1_0034,bnk_000000000034,486.96,upi,0.00,0.00,0.00,2025-11-15,train,0
pay_00000000002827,setl_merchant_1_0034,bnk_000000000034,821.81,netbanking,15.00,2.70,8.22,2025-11-15,train,0
pay_00000000002874,setl_merchant_1_0034,bnk_000000000034,948.99,upi,0.00,0.00,9.49,2025-11-15,train,0
pay_00000000002895,setl_merchant_1_0034,bnk_000000000034,870.12,upi,0.00,0.00,0.00,2025-11-15,train,0
pay_00000000003058,setl_merchant_1_0034,bnk_000000000034,3566.01,card,71.32,12.84,0.00,2025-11-15,train,0
pay_00000000003320,setl_merchant_1_0034,bnk_000000000034,172.92,upi,0.00,0.00,1.73,2025-11-15,train,0
pay_00000000003416,setl_merchant_1_0034,bnk_000000000034,1022.99,upi,0.00,0.00,10.23,2025-11-15,train,0
pay_00000000003589,setl_merchant_1_0034,bnk_000000000034,1236.78,netbanking,15.00,2.70,12.37,2025-11-15,train,0
pay_00000000003610,setl_merchant_1_0034,bnk_000000000034,1027.99,upi,0.00,0.00,10.28,2025-11-15,train,0
pay_00000000003643,setl_merchant_1_0034,bnk_000000000034,1522.40,card,30.45,5.48,0.00,2025-11-15,train,0
pay_00000000003784,setl_merchant_1_0034,bnk_000000000034,2569.00,upi,0.00,0.00,25.69,2025-11-15,train,0
pay_00000000004001,setl_merchant_1_0034,bnk_000000000034,1076.08,card,21.52,3.87,10.76,2025-11-15,train,0
pay_00000000004056,setl_merchant_1_0034,bnk_000000000034,848.00,upi,0.00,0.00,0.00,2025-11-15,train,0
pay_00000000004075,setl_merchant_1_0034,bnk_000000000034,479.99,upi,0.00,0.00,0.00,2025-11-15,train,0
pay_00000000004321,setl_merchant_1_0034,bnk_000000000034,222.99,upi,0.00,0.00,0.00,2025-11-15,train,0
pay_00000000004326,setl_merchant_1_0034,bnk_000000000034,236.99,upi,0.00,0.00,2.37,2025-11-15,train,0
pay_00000000004353,setl_merchant_1_0034,bnk_000000000034,516.00,wallet,9.29,1.67,5.16,2025-11-15,train,0
pay_00000000004649,setl_merchant_1_0034,bnk_000000000034,361.99,upi,0.00,0.00,0.00,2025-11-15,train,0
pay_00000000004966,setl_merchant_1_0034,bnk_000000000034,1693.02,upi,0.00,0.00,0.00,2025-11-15,train,0
pay_00000000004977,setl_merchant_1_0034,bnk_000000000034,3315.54,card,66.31,11.94,33.16,2025-11-15,train,0
pay_00000000000557,setl_merchant_1_0035,bnk_000000000035,1862.63,upi,0.00,0.00,0.00,2025-11-17,train,0
pay_00000000001641,setl_merchant_1_0035,bnk_000000000035,3186.79,card,63.74,11.47,31.87,2025-11-17,train,0
pay_00000000001718,setl_merchant_1_0035,bnk_000000000035,811.74,netbanking,15.00,2.70,8.12,2025-11-17,train,0
pay_00000000002159,setl_merchant_1_0035,bnk_000000000035,1372.99,upi,0.00,0.00,0.00,2025-11-17,train,0
pay_00000000002373,setl_merchant_1_0035,bnk_000000000035,578.00,card,11.56,2.08,0.00,2025-11-17,train,0
pay_00000000002614,setl_merchant_1_0035,bnk_000000000035,3163.99,upi,0.00,0.00,0.00,2025-11-17,train,0
pay_00000000003265,setl_merchant_1_0035,bnk_000000000035,549.22,wallet,9.89,1.78,0.00,2025-11-17,train,0
pay_00000000004124,setl_merchant_1_0035,bnk_000000000035,456.15,card,9.12,1.64,0.00,2025-11-17,train,0
pay_00000000004642,setl_merchant_1_0035,bnk_000000000035,144.00,netbanking,15.00,2.70,1.44,2025-11-17,train,0
pay_00000000000040,setl_merchant_1_0036,bnk_000000000036,454.23,upi,0.00,0.00,0.00,2025-11-17,train,0
pay_00000000000245,setl_merchant_1_0036,bnk_000000000036,209.00,upi,0.00,0.00,2.09,2025-11-17,train,0
pay_00000000000322,setl_merchant_1_0036,bnk_000000000036,825.00,upi,0.00,0.00,8.25,2025-11-17,train,0
pay_00000000000389,setl_merchant_1_0036,bnk_000000000036,3278.99,netbanking,15.00,2.70,0.00,2025-11-17,train,0
pay_00000000000432,setl_merchant_1_0036,bnk_000000000036,2554.00,upi,0.00,0.00,25.54,2025-11-17,train,0
pay_00000000000435,setl_merchant_1_0036,bnk_000000000036,191.99,upi,0.00,0.00,1.92,2025-11-17,train,0
pay_00000000000490,setl_merchant_1_0036,bnk_000000000036,894.00,upi,0.00,0.00,8.94,2025-11-17,train,0
pay_00000000000539,setl_merchant_1_0036,bnk_000000000036,943.66,upi,0.00,0.00,9.44,2025-11-17,train,0
pay_00000000000645,setl_merchant_1_0036,bnk_000000000036,457.74,card,9.15,1.65,0.00,2025-11-17,train,0
pay_00000000000664,setl_merchant_1_0036,bnk_000000000036,821.96,upi,0.00,0.00,0.00,2025-11-17,train,0
pay_00000000001205,setl_merchant_1_0036,bnk_000000000036,1307.99,upi,0.00,0.00,13.08,2025-11-17,train,0
pay_00000000001227,setl_merchant_1_0036,bnk_000000000036,489.99,upi,0.00,0.00,4.90,2025-11-17,train,0
pay_00000000001292,setl_merchant_1_0036,bnk_000000000036,146.18,wallet,2.63,0.47,1.46,2025-11-17,train,0
pay_00000000001378,setl_merchant_1_0036,bnk_000000000036,483.99,wallet,8.71,1.57,0.00,2025-11-17,train,0
pay_00000000001660,setl_merchant_1_0036,bnk_000000000036,4480.00,upi,0.00,0.00,44.80,2025-11-17,train,0
pay_00000000001874,setl_merchant_1_0036,bnk_000000000036,963.82,card,19.28,3.47,0.00,2025-11-17,train,0
pay_00000000002014,setl_merchant_1_0036,bnk_000000000036,380.62,upi,0.00,0.00,0.00,2025-11-17,train,0
pay_00000000002300,setl_merchant_1_0036,bnk_000000000036,209.00,upi,0.00,0.00,2.09,2025-11-17,train,0
pay_00000000002458,setl_merchant_1_0036,bnk_000000000036,149.78,upi,0.00,0.00,1.50,2025-11-17,train,0
pay_00000000002608,setl_merchant_1_0036,bnk_000000000036,318.99,wallet,5.74,1.03,3.19,2025-11-17,train,0
pay_00000000002856,setl_merchant_1_0036,bnk_000000000036,1244.00,upi,0.00,0.00,12.44,2025-11-17,train,0
pay_00000000002989,setl_merchant_1_0036,bnk_000000000036,982.59,upi,0.00,0.00,9.83,2025-11-17,train,0
pay_00000000003200,setl_merchant_1_0036,bnk_000000000036,248.00,upi,0.00,0.00,2.48,2025-11-17,train,0
pay_00000000003446,setl_merchant_1_0036,bnk_000000000036,527.99,upi,0.00,0.00,0.00,2025-11-17,train,0
pay_00000000003475,setl_merchant_1_0036,bnk_000000000036,599.04,upi,0.00,0.00,0.00,2025-11-17,train,0
pay_00000000003571,setl_merchant_1_0036,bnk_000000000036,1072.00,wallet,19.30,3.47,10.72,2025-11-17,train,0
pay_00000000003908,setl_merchant_1_0036,bnk_000000000036,6609.34,upi,0.00,0.00,66.09,2025-11-17,train,0
pay_00000000003971,setl_merchant_1_0036,bnk_000000000036,796.00,upi,0.00,0.00,7.96,2025-11-17,train,0
pay_00000000004266,setl_merchant_1_0036,bnk_000000000036,3428.11,netbanking,15.00,2.70,0.00,2025-11-17,train,0
pay_00000000004452,setl_merchant_1_0036,bnk_000000000036,916.00,upi,0.00,0.00,9.16,2025-11-17,train,0
pay_00000000004871,setl_merchant_1_0036,bnk_000000000036,1208.42,upi,0.00,0.00,0.00,2025-11-17,train,0
pay_00000000000058,setl_merchant_1_0037,bnk_000000000039,281.53,card,5.63,1.01,2.82,2025-11-17,train,0
pay_00000000000083,setl_merchant_1_0037,bnk_000000000039,1604.35,upi,0.00,0.00,16.04,2025-11-17,train,0
pay_00000000000277,setl_merchant_1_0037,bnk_000000000039,782.28,upi,0.00,0.00,7.82,2025-11-17,train,0
pay_00000000000340,setl_merchant_1_0037,bnk_000000000039,671.08,card,13.42,2.42,0.00,2025-11-17,train,0
pay_00000000000406,setl_merchant_1_0037,bnk_000000000039,432.64,upi,0.00,0.00,4.33,2025-11-17,train,0
pay_00000000000478,setl_merchant_1_0037,bnk_000000000039,313.99,upi,0.00,0.00,0.00,2025-11-17,train,0
pay_00000000000494,setl_merchant_1_0037,bnk_000000000039,419.85,upi,0.00,0.00,0.00,2025-11-17,train,0
pay_00000000000528,setl_merchant_1_0037,bnk_000000000039,686.86,netbanking,15.00,2.70,6.87,2025-11-17,train,0
pay_00000000000547,setl_merchant_1_0037,bnk_000000000039,472.00,card,9.44,1.70,0.00,2025-11-17,train,0
pay_00000000000729,setl_merchant_1_0037,bnk_000000000039,639.59,netbanking,15.00,2.70,0.00,2025-11-17,train,0
pay_00000000000744,setl_merchant_1_0037,bnk_000000000039,695.99,upi,0.00,0.00,6.96,2025-11-17,train,0
pay_00000000000920,setl_merchant_1_0037,bnk_000000000039,1022.99,card,20.46,3.68,10.23,2025-11-17,train,0
pay_00000000001034,setl_merchant_1_0037,bnk_000000000039,214.54,upi,0.00,0.00,2.15,2025-11-17,train,0
pay_00000000001163,setl_merchant_1_0037,bnk_000000000039,571.00,upi,0.00,0.00,5.71,2025-11-17,train,0
pay_00000000001170,setl_merchant_1_0037,bnk_000000000039,280.99,upi,0.00,0.00,2.81,2025-11-17,train,0
pay_00000000001198,setl_merchant_1_0037,bnk_000000000039,554.89,upi,0.00,0.00,0.00,2025-11-17,train,0
pay_00000000001249,setl_merchant_1_0037,bnk_000000000039,249.99,netbanking,15.00,2.70,2.50,2025-11-17,train,0
pay_00000000001260,setl_merchant_1_0037,bnk_000000000039,590.99,upi,0.00,0.00,5.91,2025-11-17,train,0
pay_00000000001261,setl_merchant_1_0037,bnk_000000000039,852.50,wallet,15.35,2.76,0.00,2025-11-17,train,0
pay_00000000001437,setl_merchant_1_0037,bnk_000000000039,867.26,upi,0.00,0.00,8.67,2025-11-17,train,0
pay_00000000001571,setl_merchant_1_0037,bnk_000000000039,1079.00,upi,0.00,0.00,10.79,2025-11-17,train,0
pay_00000000001962,setl_merchant_1_0037,bnk_000000000039,728.99,card,14.58,2.62,7.29,2025-11-17,train,0
pay_00000000002009,setl_merchant_1_0037,bnk_000000000039,726.00,upi,0.00,0.00,0.00,2025-11-17,train,0
pay_00000000002267,setl_merchant_1_0037,bnk_000000000039,1042.34,upi,0.00,0.00,0.00,2025-11-17,train,0
pay_00000000002301,setl_merchant_1_0037,bnk_000000000039,2949.99,card,59.00,10.62,0.00,2025-11-17,train,0
pay_00000000002308,setl_merchant_1_0037,bnk_000000000039,497.22,upi,0.00,0.00,4.97,2025-11-17,train,0
pay_00000000002377,setl_merchant_1_0037,bnk_000000000039,821.74,upi,0.00,0.00,0.00,2025-11-17,train,0
pay_00000000002390,setl_merchant_1_0037,bnk_000000000039,1048.98,netbanking,15.00,2.70,0.00,2025-11-17,train,0
pay_00000000002630,setl_merchant_1_0037,bnk_000000000039,412.00,upi,0.00,0.00,0.00,2025-11-17,train,0
pay_00000000002709,setl_merchant_1_0037,bnk_000000000039,914.86,upi,0.00,0.00,0.00,2025-11-17,train,0
pay_00000000002861,setl_merchant_1_0037,bnk_000000000039,2182.32,netbanking,15.00,2.70,21.82,2025-11-17,train,0
pay_00000000002935,setl_merchant_1_0037,bnk_000000000039,196.82,wallet,3.54,0.64,0.00,2025-11-17,train,0
pay_00000000002937,setl_merchant_1_0037,bnk_000000000039,804.99,card,16.10,2.90,8.05,2025-11-17,train,0
pay_00000000003276,setl_merchant_1_0037,bnk_000000000039,1545.00,card,30.90,5.56,0.00,2025-11-17,train,0
pay_00000000003334,setl_merchant_1_0037,bnk_000000000039,3245.00,netbanking,15.00,2.70,32.45,2025-11-17,train,0
pay_00000000003487,setl_merchant_1_0037,bnk_000000000039,15823.00,upi,0.00,0.00,158.23,2025-11-17,train,0
pay_00000000003505,setl_merchant_1_0037,bnk_000000000039,921.30,card,18.43,3.32,0.00,2025-11-17,train,0
pay_00000000003635,setl_merchant_1_0037,bnk_000000000039,3446.70,upi,0.00,0.00,34.47,2025-11-17,train,0
pay_00000000003665,setl_merchant_1_0037,bnk_000000000039,410.00,upi,0.00,0.00,4.10,2025-11-17,train,0
pay_00000000003839,setl_merchant_1_0037,bnk_000000000039,339.65,card,6.79,1.22,0.00,2025-11-17,train,0
pay_00000000003933,setl_merchant_1_0037,bnk_000000000039,3128.00,upi,0.00,0.00,31.28,2025-11-17,train,0
pay_00000000003956,setl_merchant_1_0037,bnk_000000000039,1033.81,card,20.68,3.72,10.34,2025-11-17,train,0
pay_00000000004028,setl_merchant_1_0037,bnk_000000000039,266.05,upi,0.00,0.00,2.66,2025-11-17,train,0
pay_00000000004072,setl_merchant_1_0037,bnk_000000000039,3094.09,upi,0.00,0.00,30.94,2025-11-17,train,0
pay_00000000004085,setl_merchant_1_0037,bnk_000000000039,975.25,upi,0.00,0.00,0.00,2025-11-17,train,0
pay_00000000004112,setl_merchant_1_0037,bnk_000000000039,350.12,upi,0.00,0.00,0.00,2025-11-17,train,0
pay_00000000004417,setl_merchant_1_0037,bnk_000000000039,344.00,wallet,6.19,1.11,3.44,2025-11-17,train,0
pay_00000000004428,setl_merchant_1_0037,bnk_000000000039,474.69,upi,0.00,0.00,0.00,2025-11-17,train,0
pay_00000000004485,setl_merchant_1_0037,bnk_000000000039,517.45,upi,0.00,0.00,0.00,2025-11-17,train,0
pay_00000000004727,setl_merchant_1_0037,bnk_000000000039,971.99,upi,0.00,0.00,9.72,2025-11-17,train,0
pay_00000000004825,setl_merchant_1_0037,bnk_000000000039,7926.44,upi,0.00,0.00,79.26,2025-11-17,train,0
pay_00000000004941,setl_merchant_1_0037,bnk_000000000039,2165.00,upi,0.00,0.00,0.00,2025-11-17,train,0
pay_00000000000201,setl_merchant_1_0038,bnk_000000000040,1781.39,card,35.63,6.41,0.00,2025-11-17,train,0
pay_00000000000616,setl_merchant_1_0038,bnk_000000000040,336.67,upi,0.00,0.00,3.37,2025-11-17,train,0
pay_00000000000628,setl_merchant_1_0038,bnk_000000000040,208.00,card,4.16,0.75,2.08,2025-11-17,train,0
pay_00000000000742,setl_merchant_1_0038,bnk_000000000040,400.12,card,8.00,1.44,4.00,2025-11-17,train,0
pay_00000000000864,setl_merchant_1_0038,bnk_000000000040,493.87,card,9.88,1.78,4.94,2025-11-17,train,0
pay_00000000000874,setl_merchant_1_0038,bnk_000000000040,354.73,card,7.09,1.28,0.00,2025-11-17,train,0
pay_00000000000898,setl_merchant_1_0038,bnk_000000000040,542.68,upi,0.00,0.00,5.43,2025-11-17,train,0
pay_00000000001005,setl_merchant_1_0038,bnk_000000000040,2424.66,wallet,43.64,7.86,0.00,2025-11-17,train,0
pay_00000000001220,setl_merchant_1_0038,bnk_000000000040,418.77,card,8.38,1.51,0.00,2025-11-17,train,0
pay_00000000001229,setl_merchant_1_0038,bnk_000000000040,547.00,upi,0.00,0.00,0.00,2025-11-17,train,0
pay_00000000001243,setl_merchant_1_0038,bnk_000000000040,556.00,upi,0.00,0.00,5.56,2025-11-17,train,0
pay_00000000001248,setl_merchant_1_0038,bnk_000000000040,128.67,upi,0.00,0.00,0.00,2025-11-17,train,0
pay_00000000001352,setl_merchant_1_0038,bnk_000000000040,256.99,card,5.14,0.93,0.00,2025-11-17,train,0
pay_00000000001399,setl_merchant_1_0038,bnk_000000000040,681.09,upi,0.00,0.00,6.81,2025-11-17,train,0
pay_00000000001677,setl_merchant_1_0038,bnk_000000000040,962.00,card,19.24,3.46,9.62,2025-11-17,train,0
pay_00000000001711,setl_merchant_1_0038,bnk_000000000040,1017.80,upi,0.00,0.00,10.18,2025-11-17,train,0
pay_00000000001754,setl_merchant_1_0038,bnk_000000000040,1385.49,card,27.71,4.99,13.85,2025-11-17,train,0
pay_00000000002172,setl_merchant_1_0038,bnk_000000000040,356.82,wallet,6.42,1.16,3.57,2025-11-17,train,0
pay_00000000002177,setl_merchant_1_0038,bnk_000000000040,3480.00,upi,0.00,0.00,34.80,2025-11-17,train,0
pay_00000000002387,setl_merchant_1_0038,bnk_000000000040,105.41,card,2.11,0.38,1.05,2025-11-17,train,0
pay_00000000002465,setl_merchant_1_0038,bnk_000000000040,380.00,card,7.60,1.37,3.80,2025-11-17,train,0
pay_00000000002628,setl_merchant_1_0038,bnk_000000000040,608.00,upi,0.00,0.00,0.00,2025-11-17,train,0
pay_00000000002930,setl_merchant_1_0038,bnk_000000000040,976.99,card,19.54,3.52,9.77,2025-11-17,train,0
pay_00000000002961,setl_merchant_1_0038,bnk_000000000040,345.78,upi,0.00,0.00,3.46,2025-11-17,train,0
pay_00000000003291,setl_merchant_1_0038,bnk_000000000040,141.70,upi,0.00,0.00,1.42,2025-11-17,train,0
pay_00000000003450,setl_merchant_1_0038,bnk_000000000040,401.00,card,8.02,1.44,4.01,2025-11-17,train,0
pay_00000000003641,setl_merchant_1_0038,bnk_000000000040,14904.00,wallet,268.27,48.29,149.04,2025-11-17,train,0
pay_00000000003880,setl_merchant_1_0038,bnk_000000000040,920.66,card,18.41,3.31,9.21,2025-11-17,train,0
pay_00000000003907,setl_merchant_1_0038,bnk_000000000040,3523.00,upi,0.00,0.00,35.23,2025-11-17,train,0
pay_00000000003959,setl_merchant_1_0038,bnk_000000000040,2407.76,upi,0.00,0.00,24.08,2025-11-17,train,0
pay_00000000004051,setl_merchant_1_0038,bnk_000000000040,12670.00,wallet,228.06,41.05,0.00,2025-11-17,train,0
pay_00000000004107,setl_merchant_1_0038,bnk_000000000040,351.00,upi,0.00,0.00,3.51,2025-11-17,train,0
pay_00000000004212,setl_merchant_1_0038,bnk_000000000040,791.48,card,15.83,2.85,0.00,2025-11-17,train,0
pay_00000000004329,setl_merchant_1_0038,bnk_000000000040,2355.00,upi,0.00,0.00,0.00,2025-11-17,train,0
pay_00000000004461,setl_merchant_1_0038,bnk_000000000040,213.00,upi,0.00,0.00,2.13,2025-11-17,train,0
pay_00000000004486,setl_merchant_1_0038,bnk_000000000040,1838.39,upi,0.00,0.00,0.00,2025-11-17,train,0
pay_00000000004562,setl_merchant_1_0038,bnk_000000000040,728.99,upi,0.00,0.00,7.29,2025-11-17,train,0
pay_00000000004570,setl_merchant_1_0038,bnk_000000000040,482.00,upi,0.00,0.00,4.82,2025-11-17,train,0
pay_00000000004747,setl_merchant_1_0038,bnk_000000000040,1054.00,upi,0.00,0.00,0.00,2025-11-17,train,0
pay_00000000004801,setl_merchant_1_0038,bnk_000000000040,930.37,upi,0.00,0.00,0.00,2025-11-17,train,0
pay_00000000004847,setl_merchant_1_0038,bnk_000000000040,951.02,upi,0.00,0.00,9.51,2025-11-17,train,0
pay_00000000004896,setl_merchant_1_0038,bnk_000000000040,733.18,card,14.66,2.64,0.00,2025-11-17,train,0
pay_00000000000573,setl_merchant_1_0039,bnk_000000000041,595.08,upi,0.00,0.00,0.00,2025-11-18,train,0
pay_00000000000679,setl_merchant_1_0039,bnk_000000000041,476.23,upi,0.00,0.00,0.00,2025-11-18,train,0
pay_00000000000681,setl_merchant_1_0039,bnk_000000000041,650.00,upi,0.00,0.00,0.00,2025-11-18,train,0
pay_00000000000712,setl_merchant_1_0039,bnk_000000000041,295.00,upi,0.00,0.00,2.95,2025-11-18,train,0
pay_00000000000763,setl_merchant_1_0039,bnk_000000000041,821.00,upi,0.00,0.00,8.21,2025-11-18,train,0
pay_00000000001033,setl_merchant_1_0039,bnk_000000000041,313.99,upi,0.00,0.00,3.14,2025-11-18,train,0
pay_00000000001047,setl_merchant_1_0039,bnk_000000000041,897.00,upi,0.00,0.00,8.97,2025-11-18,train,0
pay_00000000001093,setl_merchant_1_0039,bnk_000000000041,411.08,card,8.22,1.48,0.00,2025-11-18,train,0
pay_00000000001154,setl_merchant_1_0039,bnk_000000000041,2726.00,wallet,49.07,8.83,27.26,2025-11-18,train,0
pay_00000000002420,setl_merchant_1_0039,bnk_000000000041,860.99,netbanking,15.00,2.70,8.61,2025-11-18,train,0
pay_00000000002705,setl_merchant_1_0039,bnk_000000000041,671.00,upi,0.00,0.00,6.71,2025-11-18,train,0
pay_00000000003175,setl_merchant_1_0039,bnk_000000000041,190.95,netbanking,15.00,2.70,0.00,2025-11-18,train,0
pay_00000000003942,setl_merchant_1_0039,bnk_000000000041,830.94,upi,0.00,0.00,8.31,2025-11-18,train,0
pay_00000000000187,setl_merchant_1_0040,bnk_000000000042,869.33,upi,0.00,0.00,0.00,2025-11-18,train,0
pay_00000000000204,setl_merchant_1_0040,bnk_000000000042,362.00,upi,0.00,0.00,0.00,2025-11-18,train,0
pay_00000000000264,setl_merchant_1_0040,bnk_000000000042,106.99,upi,0.00,0.00,1.07,2025-11-18,train,0
pay_00000000000452,setl_merchant_1_0040,bnk_000000000042,750.00,upi,0.00,0.00,7.50,2025-11-18,train,0
pay_00000000000511,setl_merchant_1_0040,bnk_000000000042,478.98,upi,0.00,0.00,4.79,2025-11-18,train,0
pay_00000000000594,setl_merchant_1_0040,bnk_000000000042,8222.99,upi,0.00,0.00,0.00,2025-11-18,train,0
pay_00000000000745,setl_merchant_1_0040,bnk_000000000042,286.40,upi,0.00,0.00,0.00,2025-11-18,train,0
pay_00000000001132,setl_merchant_1_0040,bnk_000000000042,775.56,card,15.51,2.79,7.76,2025-11-18,train,0
pay_00000000001136,setl_merchant_1_0040,bnk_000000000042,611.65,upi,0.00,0.00,0.00,2025-11-18,train,0
pay_00000000001304,setl_merchant_1_0040,bnk_000000000042,404.00,card,8.08,1.45,0.00,2025-11-18,train,0
pay_00000000001453,setl_merchant_1_0040,bnk_000000000042,998.70,netbanking,15.00,2.70,9.99,2025-11-18,train,0
pay_00000000001545,setl_merchant_1_0040,bnk_000000000042,292.90,upi,0.00,0.00,2.93,2025-11-18,train,0
pay_00000000001676,setl_merchant_1_0040,bnk_000000000042,678.68,card,13.57,2.44,6.79,2025-11-18,train,0
pay_00000000001680,setl_merchant_1_0040,bnk_000000000042,952.00,upi,0.00,0.00,0.00,2025-11-18,train,0
pay_00000000001829,setl_merchant_1_0040,bnk_000000000042,1024.46,card,20.49,3.69,10.24,2025-11-18,train,0
pay_00000000001830,setl_merchant_1_0040,bnk_000000000042,746.99,netbanking,15.00,2.70,7.47,2025-11-18,train,0
pay_00000000001984,setl_merchant_1_0040,bnk_000000000042,537.85,upi,0.00,0.00,5.38,2025-11-18,train,0
pay_00000000002250,setl_merchant_1_0040,bnk_000000000042,811.47,card,16.23,2.92,0.00,2025-11-18,train,0
pay_00000000002391,setl_merchant_1_0040,bnk_000000000042,1030.99,upi,0.00,0.00,0.00,2025-11-18,train,0
pay_00000000002557,setl_merchant_1_0040,bnk_000000000042,757.85,upi,0.00,0.00,7.58,2025-11-18,train,0
pay_00000000002570,setl_merchant_1_0040,bnk_000000000042,522.67,upi,0.00,0.00,5.23,2025-11-18,train,0
pay_00000000002679,setl_merchant_1_0040,bnk_000000000042,835.99,upi,0.00,0.00,8.36,2025-11-18,train,0
pay_00000000002766,setl_merchant_1_0040,bnk_000000000042,536.00,upi,0.00,0.00,0.00,2025-11-18,train,0
pay_00000000003014,setl_merchant_1_0040,bnk_000000000042,957.18,card,19.14,3.45,9.57,2025-11-18,train,0
pay_00000000003138,setl_merchant_1_0040,bnk_000000000042,375.00,upi,0.00,0.00,3.75,2025-11-18,train,0
pay_00000000003209,setl_merchant_1_0040,bnk_000000000042,664.00,upi,0.00,0.00,6.64,2025-11-18,train,0
pay_00000000003214,setl_merchant_1_0040,bnk_000000000042,895.67,upi,0.00,0.00,0.00,2025-11-18,train,0
pay_00000000003541,setl_merchant_1_0040,bnk_000000000042,167.00,upi,0.00,0.00,0.00,2025-11-18,train,0
pay_00000000003952,setl_merchant_1_0040,bnk_000000000042,814.31,netbanking,15.00,2.70,0.00,2025-11-18,train,0
pay_00000000003990,setl_merchant_1_0040,bnk_000000000042,883.45,netbanking,15.00,2.70,8.83,2025-11-18,train,0
pay_00000000004255,setl_merchant_1_0040,bnk_000000000042,509.00,upi,0.00,0.00,0.00,2025-11-18,train,0
pay_00000000004271,setl_merchant_1_0040,bnk_000000000042,536.00,upi,0.00,0.00,5.36,2025-11-18,train,0
pay_00000000004673,setl_merchant_1_0040,bnk_000000000042,966.00,card,19.32,3.48,0.00,2025-11-18,train,0
pay_00000000004869,setl_merchant_1_0040,bnk_000000000042,825.10,card,16.50,2.97,8.25,2025-11-18,train,0
pay_00000000004877,setl_merchant_1_0040,bnk_000000000042,622.04,card,12.44,2.24,6.22,2025-11-18,train,0
pay_00000000000129,setl_merchant_1_0041,bnk_000000000043,401.00,upi,0.00,0.00,4.01,2025-11-18,train,0
pay_00000000000184,setl_merchant_1_0041,bnk_000000000043,874.00,upi,0.00,0.00,8.74,2025-11-18,train,0
pay_00000000000220,setl_merchant_1_0041,bnk_000000000043,3023.51,card,60.47,10.88,30.24,2025-11-18,train,0
pay_00000000000289,setl_merchant_1_0041,bnk_000000000043,1038.99,card,20.78,3.74,10.39,2025-11-18,train,0
pay_00000000000365,setl_merchant_1_0041,bnk_000000000043,140.00,upi,0.00,0.00,0.00,2025-11-18,train,0
pay_00000000000369,setl_merchant_1_0041,bnk_000000000043,108.44,upi,0.00,0.00,1.08,2025-11-18,train,0
pay_00000000000504,setl_merchant_1_0041,bnk_000000000043,192.00,card,3.84,0.69,1.92,2025-11-18,train,0
pay_00000000000602,setl_merchant_1_0041,bnk_000000000043,585.00,upi,0.00,0.00,5.85,2025-11-18,train,0
pay_00000000000642,setl_merchant_1_0041,bnk_000000000043,252.23,netbanking,15.00,2.70,2.52,2025-11-18,train,0
pay_00000000000665,setl_merchant_1_0041,bnk_000000000043,310.18,card,6.20,1.12,0.00,2025-11-18,train,0
pay_00000000000668,setl_merchant_1_0041,bnk_000000000043,214.44,card,4.29,0.77,2.14,2025-11-18,train,0
pay_00000000000738,setl_merchant_1_0041,bnk_000000000043,455.00,upi,0.00,0.00,4.55,2025-11-18,train,0
pay_00000000000757,setl_merchant_1_0041,bnk_000000000043,215.99,card,4.32,0.78,2.16,2025-11-18,train,0
pay_00000000000768,setl_merchant_1_0041,bnk_000000000043,205.35,card,4.11,0.74,2.05,2025-11-18,train,0
pay_00000000000781,setl_merchant_1_0041,bnk_000000000043,2475.00,upi,0.00,0.00,24.75,2025-11-18,train,0
pay_00000000000941,setl_merchant_1_0041,bnk_000000000043,781.25,netbanking,15.00,2.70,0.00,2025-11-18,train,0
pay_00000000000957,setl_merchant_1_0041,bnk_000000000043,475.61,upi,0.00,0.00,4.76,2025-11-18,train,0
pay_00000000000963,setl_merchant_1_0041,bnk_000000000043,3598.05,wallet,64.76,11.66,0.00,2025-11-18,train,0
pay_00000000001009,setl_merchant_1_0041,bnk_000000000043,1017.00,card,20.34,3.66,0.00,2025-11-18,train,0
pay_00000000001110,setl_merchant_1_0041,bnk_000000000043,788.00,card,15.76,2.84,0.00,2025-11-18,train,0
pay_00000000001124,setl_merchant_1_0041,bnk_000000000043,1898.04,card,37.96,6.83,0.00,2025-11-18,train,0
pay_00000000001166,setl_merchant_1_0041,bnk_000000000043,1841.23,upi,0.00,0.00,18.41,2025-11-18,train,0
pay_00000000001190,setl_merchant_1_0041,bnk_000000000043,1055.36,upi,0.00,0.00,0.00,2025-11-18,train,0
pay_00000000001193,setl_merchant_1_0041,bnk_000000000043,775.43,netbanking,15.00,2.70,7.75,2025-11-18,train,0
pay_00000000001234,setl_merchant_1_0041,bnk_000000000043,674.00,card,13.48,2.43,6.74,2025-11-18,train,0
pay_00000000001259,setl_merchant_1_0041,bnk_000000000043,1695.91,card,33.92,6.11,0.00,2025-11-18,train,0
pay_00000000001275,setl_merchant_1_0041,bnk_000000000043,1070.89,upi,0.00,0.00,10.71,2025-11-18,train,0
pay_00000000001281,setl_merchant_1_0041,bnk_000000000043,274.99,wallet,4.95,0.89,0.00,2025-11-18,train,0
pay_00000000001321,setl_merchant_1_0041,bnk_000000000043,808.00,upi,0.00,0.00,8.08,2025-11-18,train,0
pay_00000000001325,setl_merchant_1_0041,bnk_000000000043,796.00,card,15.92,2.87,0.00,2025-11-18,train,0
pay_00000000001387,setl_merchant_1_0041,bnk_000000000043,6239.99,card,124.80,22.46,0.00,2025-11-18,train,0
pay_00000000001397,setl_merchant_1_0041,bnk_000000000043,426.00,upi,0.00,0.00,4.26,2025-11-18,train,0
pay_00000000001424,setl_merchant_1_0041,bnk_000000000043,477.99,card,9.56,1.72,0.00,2025-11-18,train,0
pay_00000000001464,setl_merchant_1_0041,bnk_000000000043,180.99,upi,0.00,0.00,0.00,2025-11-18,train,0
pay_00000000001563,setl_merchant_1_0041,bnk_000000000043,542.00,card,10.84,1.95,5.42,2025-11-18,train,0
pay_00000000001564,setl_merchant_1_0041,bnk_000000000043,2515.72,upi,0.00,0.00,25.16,2025-11-18,train,0
pay_00000000001591,setl_merchant_1_0041,bnk_000000000043,764.43,wallet,13.76,2.48,7.64,2025-11-18,train,0
pay_00000000001664,setl_merchant_1_0041,bnk_000000000043,432.80,card,8.66,1.56,0.00,2025-11-18,train,0
pay_00000000001666,setl_merchant_1_0041,bnk_000000000043,798.27,card,15.97,2.87,7.98,2025-11-18,train,0
pay_00000000001740,setl_merchant_1_0041,bnk_000000000043,503.99,upi,0.00,0.00,0.00,2025-11-18,train,0
pay_00000000001794,setl_merchant_1_0041,bnk_000000000043,763.87,upi,0.00,0.00,7.64,2025-11-18,train,0
pay_00000000001838,setl_merchant_1_0041,bnk_000000000043,2367.99,card,47.36,8.52,0.00,2025-11-18,train,0
pay_00000000001888,setl_merchant_1_0041,bnk_000000000043,1078.00,upi,0.00,0.00,10.78,2025-11-18,train,0
pay_00000000001906,setl_merchant_1_0041,bnk_000000000043,3088.00,upi,0.00,0.00,30.88,2025-11-18,train,0
pay_00000000001924,setl_merchant_1_0041,bnk_000000000043,801.00,upi,0.00,0.00,0.00,2025-11-18,train,0
pay_00000000001955,setl_merchant_1_0041,bnk_000000000043,254.00,upi,0.00,0.00,2.54,2025-11-18,train,0
pay_00000000002050,setl_merchant_1_0041,bnk_000000000043,128.85,wallet,2.32,0.42,0.00,2025-11-18,train,0
pay_00000000002060,setl_merchant_1_0041,bnk_000000000043,5913.99,upi,0.00,0.00,0.00,2025-11-18,train,0
pay_00000000002115,setl_merchant_1_0041,bnk_000000000043,598.99,card,11.98,2.16,0.00,2025-11-18,train,0
pay_00000000002209,setl_merchant_1_0041,bnk_000000000043,945.24,upi,0.00,0.00,9.45,2025-11-18,train,0
pay_00000000002230,setl_merchant_1_0041,bnk_000000000043,543.78,upi,0.00,0.00,5.44,2025-11-18,train,0
pay_00000000002345,setl_merchant_1_0041,bnk_000000000043,537.87,upi,0.00,0.00,5.38,2025-11-18,train,0
pay_00000000002372,setl_merchant_1_0041,bnk_000000000043,1044.00,card,20.88,3.76,0.00,2025-11-18,train,0
pay_00000000002406,setl_merchant_1_0041,bnk_000000000043,955.44,wallet,17.20,3.10,9.55,2025-11-18,train,0
pay_00000000002508,setl_merchant_1_0041,bnk_000000000043,895.99,upi,0.00,0.00,8.96,2025-11-18,train,0
pay_00000000002531,setl_merchant_1_0041,bnk_000000000043,2796.00,upi,0.00,0.00,27.96,2025-11-18,train,0
pay_00000000002533,setl_merchant_1_0041,bnk_000000000043,853.64,wallet,15.37,2.77,0.00,2025-11-18,train,0
pay_00000000002576,setl_merchant_1_0041,bnk_000000000043,298.28,upi,0.00,0.00,2.98,2025-11-18,train,0
pay_00000000002640,setl_merchant_1_0041,bnk_000000000043,1071.04,upi,0.00,0.00,0.00,2025-11-18,train,0
pay_00000000002721,setl_merchant_1_0041,bnk_000000000043,1788.00,upi,0.00,0.00,17.88,2025-11-18,train,0
pay_00000000002729,setl_merchant_1_0041,bnk_000000000043,1568.53,card,31.37,5.65,0.00,2025-11-18,train,0
pay_00000000002744,setl_merchant_1_0041,bnk_000000000043,446.44,upi,0.00,0.00,4.46,2025-11-18,train,0
pay_00000000002745,setl_merchant_1_0041,bnk_000000000043,384.97,upi,0.00,0.00,0.00,2025-11-18,train,0
pay_00000000002758,setl_merchant_1_0041,bnk_000000000043,8120.00,card,162.40,29.23,0.00,2025-11-18,train,0
pay_00000000002765,setl_merchant_1_0041,bnk_000000000043,115.12,card,2.30,0.41,0.00,2025-11-18,train,0
pay_00000000002857,setl_merchant_1_0041,bnk_000000000043,798.99,netbanking,15.00,2.70,7.99,2025-11-18,train,0
pay_00000000002862,setl_merchant_1_0041,bnk_000000000043,887.00,card,17.74,3.19,8.87,2025-11-18,train,0
pay_00000000002873,setl_merchant_1_0041,bnk_000000000043,12915.69,upi,0.00,0.00,129.16,2025-11-18,train,0
pay_00000000003113,setl_merchant_1_0041,bnk_000000000043,6699.99,upi,0.00,0.00,0.00,2025-11-18,train,0
pay_00000000003134,setl_merchant_1_0041,bnk_000000000043,213.07,upi,0.00,0.00,0.00,2025-11-18,train,0
pay_00000000003140,setl_merchant_1_0041,bnk_000000000043,318.00,upi,0.00,0.00,3.18,2025-11-18,train,0
pay_00000000003225,setl_merchant_1_0041,bnk_000000000043,972.99,netbanking,15.00,2.70,9.73,2025-11-18,train,0
pay_00000000003229,setl_merchant_1_0041,bnk_000000000043,848.00,card,16.96,3.05,0.00,2025-11-18,train,0
pay_00000000003240,setl_merchant_1_0041,bnk_000000000043,309.94,card,6.20,1.12,0.00,2025-11-18,train,0
pay_00000000003258,setl_merchant_1_0041,bnk_000000000043,1023.98,card,20.48,3.69,10.24,2025-11-18,train,0
pay_00000000003300,setl_merchant_1_0041,bnk_000000000043,990.00,upi,0.00,0.00,9.90,2025-11-18,train,0
pay_00000000003331,setl_merchant_1_0041,bnk_000000000043,305.88,upi,0.00,0.00,3.06,2025-11-18,train,0
pay_00000000003396,setl_merchant_1_0041,bnk_000000000043,781.20,card,15.62,2.81,0.00,2025-11-18,train,0
pay_00000000003512,setl_merchant_1_0041,bnk_000000000043,1477.00,card,29.54,5.32,0.00,2025-11-18,train,0
pay_00000000003520,setl_merchant_1_0041,bnk_000000000043,411.00,card,8.22,1.48,4.11,2025-11-18,train,0
pay_00000000003550,setl_merchant_1_0041,bnk_000000000043,700.20,card,14.00,2.52,7.00,2025-11-18,train,0
pay_00000000003577,setl_merchant_1_0041,bnk_000000000043,127.65,upi,0.00,0.00,1.28,2025-11-18,train,0
pay_00000000003582,setl_merchant_1_0041,bnk_000000000043,882.46,card,17.65,3.18,8.82,2025-11-18,train,0
pay_00000000003599,setl_merchant_1_0041,bnk_000000000043,334.27,wallet,6.02,1.08,3.34,2025-11-18,train,0
pay_00000000003658,setl_merchant_1_0041,bnk_000000000043,2268.60,netbanking,15.00,2.70,0.00,2025-11-18,train,0
pay_00000000003710,setl_merchant_1_0041,bnk_000000000043,529.06,card,10.58,1.90,5.29,2025-11-18,train,0
pay_00000000003722,setl_merchant_1_0041,bnk_000000000043,176.00,wallet,3.17,0.57,0.00,2025-11-18,train,0
pay_00000000003746,setl_merchant_1_0041,bnk_000000000043,451.49,netbanking,15.00,2.70,0.00,2025-11-18,train,0
pay_00000000003805,setl_merchant_1_0041,bnk_000000000043,493.40,netbanking,15.00,2.70,0.00,2025-11-18,train,0
pay_00000000003848,setl_merchant_1_0041,bnk_000000000043,3396.00,upi,0.00,0.00,33.96,2025-11-18,train,0
pay_00000000003863,setl_merchant_1_0041,bnk_000000000043,204.20,upi,0.00,0.00,0.00,2025-11-18,train,0
pay_00000000003869,setl_merchant_1_0041,bnk_000000000043,869.00,wallet,15.64,2.82,8.69,2025-11-18,train,0
pay_00000000003920,setl_merchant_1_0041,bnk_000000000043,281.00,netbanking,15.00,2.70,0.00,2025-11-18,train,0
pay_00000000004021,setl_merchant_1_0041,bnk_000000000043,139.00,card,2.78,0.50,1.39,2025-11-18,train,0
pay_00000000004032,setl_merchant_1_0041,bnk_000000000043,461.70,upi,0.00,0.00,4.62,2025-11-18,train,0
pay_00000000004041,setl_merchant_1_0041,bnk_000000000043,729.68,card,14.59,2.63,7.30,2025-11-18,train,0
pay_00000000004052,setl_merchant_1_0041,bnk_000000000043,979.99,upi,0.00,0.00,9.80,2025-11-18,train,0
pay_00000000004199,setl_merchant_1_0041,bnk_000000000043,630.40,upi,0.00,0.00,6.30,2025-11-18,train,0
pay_00000000004207,setl_merchant_1_0041,bnk_000000000043,1038.49,upi,0.00,0.00,10.38,2025-11-18,train,0
pay_00000000004313,setl_merchant_1_0041,bnk_000000000043,2528.00,wallet,45.50,8.19,0.00,2025-11-18,train,0
pay_00000000004367,setl_merchant_1_0041,bnk_000000000043,747.78,card,14.96,2.69,0.00,2025-11-18,train,0
pay_00000000004376,setl_merchant_1_0041,bnk_000000000043,389.00,card,7.78,1.40,3.89,2025-11-18,train,0
pay_00000000004386,setl_merchant_1_0041,bnk_000000000043,434.50,card,8.69,1.56,0.00,2025-11-18,train,0
pay_00000000004423,setl_merchant_1_0041,bnk_000000000043,185.99,upi,0.00,0.00,1.86,2025-11-18,train,0
pay_00000000004454,setl_merchant_1_0041,bnk_000000000043,464.00,upi,0.00,0.00,4.64,2025-11-18,train,0
pay_00000000004500,setl_merchant_1_0041,bnk_000000000043,14665.66,netbanking,15.00,2.70,146.66,2025-11-18,train,0
pay_00000000004568,setl_merchant_1_0041,bnk_000000000043,510.00,card,10.20,1.84,5.10,2025-11-18,train,0
pay_00000000004599,setl_merchant_1_0041,bnk_000000000043,2005.15,card,40.10,7.22,0.00,2025-11-18,train,0
pay_00000000004615,setl_merchant_1_0041,bnk_000000000043,461.00,upi,0.00,0.00,4.61,2025-11-18,train,0
pay_00000000004623,setl_merchant_1_0041,bnk_000000000043,15731.00,card,314.62,56.63,0.00,2025-11-18,train,0
pay_00000000004638,setl_merchant_1_0041,bnk_000000000043,304.95,upi,0.00,0.00,0.00,2025-11-18,train,0
pay_00000000004755,setl_merchant_1_0041,bnk_000000000043,17021.32,upi,0.00,0.00,170.21,2025-11-18,train,0
pay_00000000004850,setl_merchant_1_0041,bnk_000000000043,778.00,card,15.56,2.80,7.78,2025-11-18,train,0
pay_00000000004867,setl_merchant_1_0041,bnk_000000000043,409.00,upi,0.00,0.00,4.09,2025-11-18,train,0
pay_00000000004868,setl_merchant_1_0041,bnk_000000000043,379.57,upi,0.00,0.00,0.00,2025-11-18,train,0
pay_00000000004904,setl_merchant_1_0041,bnk_000000000043,589.00,card,11.78,2.12,5.89,2025-11-18,train,0
pay_00000000004990,setl_merchant_1_0041,bnk_000000000043,771.99,upi,0.00,0.00,0.00,2025-11-18,train,0
pay_00000000000020,setl_merchant_1_0042,bnk_000000000044,226.25,wallet,4.07,0.73,2.26,2025-11-18,train,0
pay_00000000000028,setl_merchant_1_0042,bnk_000000000044,2213.99,upi,0.00,0.00,0.00,2025-11-18,train,0
pay_00000000000166,setl_merchant_1_0042,bnk_000000000044,487.34,upi,0.00,0.00,4.87,2025-11-18,train,0
pay_00000000000181,setl_merchant_1_0042,bnk_000000000044,1064.00,upi,0.00,0.00,0.00,2025-11-18,train,0
pay_00000000000282,setl_merchant_1_0042,bnk_000000000044,248.78,card,4.98,0.90,0.00,2025-11-18,train,0
pay_00000000000304,setl_merchant_1_0042,bnk_000000000044,535.00,netbanking,15.00,2.70,0.00,2025-11-18,train,0
pay_00000000000321,setl_merchant_1_0042,bnk_000000000044,1000.16,upi,0.00,0.00,0.00,2025-11-18,train,0
pay_00000000000329,setl_merchant_1_0042,bnk_000000000044,840.98,upi,0.00,0.00,0.00,2025-11-18,train,0
pay_00000000000373,setl_merchant_1_0042,bnk_000000000044,414.66,netbanking,15.00,2.70,0.00,2025-11-18,train,0
pay_00000000000434,setl_merchant_1_0042,bnk_000000000044,172.40,card,3.45,0.62,1.72,2025-11-18,train,0
pay_00000000000555,setl_merchant_1_0042,bnk_000000000044,837.11,netbanking,15.00,2.70,0.00,2025-11-18,train,0
pay_00000000000643,setl_merchant_1_0042,bnk_000000000044,757.78,wallet,13.64,2.46,7.58,2025-11-18,train,0
pay_00000000000650,setl_merchant_1_0042,bnk_000000000044,988.33,card,19.77,3.56,0.00,2025-11-18,train,0
pay_00000000000687,setl_merchant_1_0042,bnk_000000000044,536.72,card,10.73,1.93,5.37,2025-11-18,train,0
pay_00000000000709,setl_merchant_1_0042,bnk_000000000044,1319.17,card,26.38,4.75,13.19,2025-11-18,train,0
pay_00000000000769,setl_merchant_1_0042,bnk_000000000044,304.15,upi,0.00,0.00,3.04,2025-11-18,train,0
pay_00000000000808,setl_merchant_1_0042,bnk_000000000044,1057.00,upi,0.00,0.00,0.00,2025-11-18,train,0
pay_00000000000862,setl_merchant_1_0042,bnk_000000000044,167.78,upi,0.00,0.00,1.68,2025-11-18,train,0
pay_00000000000914,setl_merchant_1_0042,bnk_000000000044,301.97,upi,0.00,0.00,3.02,2025-11-18,train,0
pay_00000000000952,setl_merchant_1_0042,bnk_000000000044,262.32,upi,0.00,0.00,2.62,2025-11-18,train,0
pay_00000000001013,setl_merchant_1_0042,bnk_000000000044,781.78,upi,0.00,0.00,7.82,2025-11-18,train,0
pay_00000000001080,setl_merchant_1_0042,bnk_000000000044,299.10,upi,0.00,0.00,2.99,2025-11-18,train,0
pay_00000000001092,setl_merchant_1_0042,bnk_000000000044,164.00,netbanking,15.00,2.70,1.64,2025-11-18,train,0
pay_00000000001344,setl_merchant_1_0042,bnk_000000000044,1812.00,card,36.24,6.52,18.12,2025-11-18,train,0
pay_00000000001377,setl_merchant_1_0042,bnk_000000000044,139.99,upi,0.00,0.00,0.00,2025-11-18,train,0
pay_00000000001384,setl_merchant_1_0042,bnk_000000000044,112.00,card,2.24,0.40,1.12,2025-11-18,train,0
pay_00000000001459,setl_merchant_1_0042,bnk_000000000044,789.06,card,15.78,2.84,7.89,2025-11-18,train,0
pay_00000000001497,setl_merchant_1_0042,bnk_000000000044,792.92,wallet,14.27,2.57,7.93,2025-11-18,train,0
pay_00000000001726,setl_merchant_1_0042,bnk_000000000044,924.12,card,18.48,3.33,0.00,2025-11-18,train,0
pay_00000000001741,setl_merchant_1_0042,bnk_000000000044,1889.42,upi,0.00,0.00,0.00,2025-11-18,train,0
pay_00000000001748,setl_merchant_1_0042,bnk_000000000044,1938.00,card,38.76,6.98,19.38,2025-11-18,train,0
pay_00000000001751,setl_merchant_1_0042,bnk_000000000044,1721.09,card,34.42,6.20,0.00,2025-11-18,train,0
pay_00000000001780,setl_merchant_1_0042,bnk_000000000044,711.99,upi,0.00,0.00,7.12,2025-11-18,train,0
pay_00000000001802,setl_merchant_1_0042,bnk_000000000044,966.00,card,19.32,3.48,9.66,2025-11-18,train,0
pay_00000000001808,setl_merchant_1_0042,bnk_000000000044,198.99,upi,0.00,0.00,1.99,2025-11-18,train,0
pay_00000000001877,setl_merchant_1_0042,bnk_000000000044,1036.18,card,20.72,3.73,0.00,2025-11-18,train,0
pay_00000000001902,setl_merchant_1_0042,bnk_000000000044,2980.03,upi,0.00,0.00,29.80,2025-11-18,train,0
pay_00000000001952,setl_merchant_1_0042,bnk_000000000044,1544.00,upi,0.00,0.00,0.00,2025-11-18,train,0
pay_00000000001964,setl_merchant_1_0042,bnk_000000000044,640.04,upi,0.00,0.00,0.00,2025-11-18,train,0
pay_00000000001975,setl_merchant_1_0042,bnk_000000000044,943.99,upi,0.00,0.00,9.44,2025-11-18,train,0
pay_00000000001996,setl_merchant_1_0042,bnk_000000000044,646.99,upi,0.00,0.00,6.47,2025-11-18,train,0
pay_00000000002002,setl_merchant_1_0042,bnk_000000000044,631.38,card,12.63,2.27,6.31,2025-11-18,train,0
pay_00000000002031,setl_merchant_1_0042,bnk_000000000044,868.70,card,17.37,3.13,0.00,2025-11-18,train,0
pay_00000000002055,setl_merchant_1_0042,bnk_000000000044,877.00,upi,0.00,0.00,0.00,2025-11-18,train,0
pay_00000000002056,setl_merchant_1_0042,bnk_000000000044,138.99,card,2.78,0.50,1.39,2025-11-18,train,0
pay_00000000002094,setl_merchant_1_0042,bnk_000000000044,843.00,wallet,15.17,2.73,0.00,2025-11-18,train,0
pay_00000000002152,setl_merchant_1_0042,bnk_000000000044,376.90,card,7.54,1.36,0.00,2025-11-18,train,0
pay_00000000002178,setl_merchant_1_0042,bnk_000000000044,949.00,upi,0.00,0.00,9.49,2025-11-18,train,0
pay_00000000002188,setl_merchant_1_0042,bnk_000000000044,905.13,wallet,16.29,2.93,0.00,2025-11-18,train,0
pay_00000000002218,setl_merchant_1_0042,bnk_000000000044,876.99,card,17.54,3.16,8.77,2025-11-18,train,0
pay_00000000002291,setl_merchant_1_0042,bnk_000000000044,404.00,upi,0.00,0.00,4.04,2025-11-18,train,0
pay_00000000002313,setl_merchant_1_0042,bnk_000000000044,754.00,upi,0.00,0.00,0.00,2025-11-18,train,0
pay_00000000002315,setl_merchant_1_0042,bnk_000000000044,250.46,card,5.01,0.90,0.00,2025-11-18,train,0
pay_00000000002339,setl_merchant_1_0042,bnk_000000000044,517.00,card,10.34,1.86,5.17,2025-11-18,train,0
pay_00000000002346,setl_merchant_1_0042,bnk_000000000044,3312.00,card,66.24,11.92,33.12,2025-11-18,train,0
pay_00000000002403,setl_merchant_1_0042,bnk_000000000044,387.00,upi,0.00,0.00,0.00,2025-11-18,train,0
pay_00000000002493,setl_merchant_1_0042,bnk_000000000044,14745.43,card,294.91,53.08,0.00,2025-11-18,train,0
pay_00000000002520,setl_merchant_1_0042,bnk_000000000044,517.00,upi,0.00,0.00,0.00,2025-11-18,train,0
pay_00000000002524,setl_merchant_1_0042,bnk_000000000044,14171.99,upi,0.00,0.00,0.00,2025-11-18,train,0
pay_00000000002562,setl_merchant_1_0042,bnk_000000000044,501.99,card,10.04,1.81,0.00,2025-11-18,train,0
pay_00000000002625,setl_merchant_1_0042,bnk_000000000044,852.82,upi,0.00,0.00,8.53,2025-11-18,train,0
pay_00000000002643,setl_merchant_1_0042,bnk_000000000044,425.13,card,8.50,1.53,4.25,2025-11-18,train,0
pay_00000000002651,setl_merchant_1_0042,bnk_000000000044,1008.73,upi,0.00,0.00,10.09,2025-11-18,train,0
pay_00000000002660,setl_merchant_1_0042,bnk_000000000044,1107.86,upi,0.00,0.00,11.08,2025-11-18,train,0
pay_00000000002671,setl_merchant_1_0042,bnk_000000000044,899.61,upi,0.00,0.00,9.00,2025-11-18,train,0
pay_00000000002694,setl_merchant_1_0042,bnk_000000000044,764.99,wallet,13.77,2.48,0.00,2025-11-18,train,0
pay_00000000002760,setl_merchant_1_0042,bnk_000000000044,472.36,upi,0.00,0.00,0.00,2025-11-18,train,0
pay_00000000002807,setl_merchant_1_0042,bnk_000000000044,352.57,upi,0.00,0.00,0.00,2025-11-18,train,0
pay_00000000002812,setl_merchant_1_0042,bnk_000000000044,682.22,netbanking,15.00,2.70,0.00,2025-11-18,train,0
pay_00000000002907,setl_merchant_1_0042,bnk_000000000044,1379.00,card,27.58,4.96,0.00,2025-11-18,train,0
pay_00000000002926,setl_merchant_1_0042,bnk_000000000044,310.99,upi,0.00,0.00,0.00,2025-11-18,train,0
pay_00000000002928,setl_merchant_1_0042,bnk_000000000044,356.26,card,7.13,1.28,0.00,2025-11-18,train,0
pay_00000000003047,setl_merchant_1_0042,bnk_000000000044,14944.50,upi,0.00,0.00,0.00,2025-11-18,train,0
pay_00000000003096,setl_merchant_1_0042,bnk_000000000044,590.60,card,11.81,2.13,0.00,2025-11-18,train,0
pay_00000000003148,setl_merchant_1_0042,bnk_000000000044,749.00,upi,0.00,0.00,7.49,2025-11-18,train,0
pay_00000000003177,setl_merchant_1_0042,bnk_000000000044,7619.84,upi,0.00,0.00,0.00,2025-11-18,train,0
pay_00000000003185,setl_merchant_1_0042,bnk_000000000044,971.96,upi,0.00,0.00,0.00,2025-11-18,train,0
pay_00000000003189,setl_merchant_1_0042,bnk_000000000044,2498.99,card,49.98,9.00,0.00,2025-11-18,train,0
pay_00000000003252,setl_merchant_1_0042,bnk_000000000044,252.14,card,5.04,0.91,2.52,2025-11-18,train,0
pay_00000000003289,setl_merchant_1_0042,bnk_000000000044,1027.99,wallet,18.50,3.33,10.28,2025-11-18,train,0
pay_00000000003307,setl_merchant_1_0042,bnk_000000000044,460.68,card,9.21,1.66,4.61,2025-11-18,train,0
pay_00000000003339,setl_merchant_1_0042,bnk_000000000044,2420.95,wallet,43.58,7.84,24.21,2025-11-18,train,0
pay_00000000003390,setl_merchant_1_0042,bnk_000000000044,614.99,netbanking,15.00,2.70,0.00,2025-11-18,train,0
pay_00000000003403,setl_merchant_1_0042,bnk_000000000044,403.00,wallet,7.25,1.31,4.03,2025-11-18,train,0
pay_00000000003426,setl_merchant_1_0042,bnk_000000000044,2129.99,upi,0.00,0.00,21.30,2025-11-18,train,0
pay_00000000003430,setl_merchant_1_0042,bnk_000000000044,2826.00,netbanking,15.00,2.70,28.26,2025-11-18,train,0
pay_00000000003503,setl_merchant_1_0042,bnk_000000000044,545.81,card,10.92,1.97,0.00,2025-11-18,train,0
pay_00000000003526,setl_merchant_1_0042,bnk_000000000044,195.99,upi,0.00,0.00,1.96,2025-11-18,train,0
pay_00000000003628,setl_merchant_1_0042,bnk_000000000044,193.99,upi,0.00,0.00,1.94,2025-11-18,train,0
pay_00000000003663,setl_merchant_1_0042,bnk_000000000044,279.99,upi,0.00,0.00,2.80,2025-11-18,train,0
pay_00000000003686,setl_merchant_1_0042,bnk_000000000044,457.00,card,9.14,1.65,4.57,2025-11-18,train,0
pay_00000000003856,setl_merchant_1_0042,bnk_000000000044,504.71,netbanking,15.00,2.70,0.00,2025-11-18,train,0
pay_00000000003924,setl_merchant_1_0042,bnk_000000000044,719.99,card,14.40,2.59,0.00,2025-11-18,train,0
pay_00000000003973,setl_merchant_1_0042,bnk_000000000044,1669.52,card,33.39,6.01,16.70,2025-11-18,train,0
pay_00000000004008,setl_merchant_1_0042,bnk_000000000044,305.00,netbanking,15.00,2.70,0.00,2025-11-18,train,0
pay_00000000004257,setl_merchant_1_0042,bnk_000000000044,726.00,card,14.52,2.61,7.26,2025-11-18,train,0
pay_00000000004295,setl_merchant_1_0042,bnk_000000000044,501.16,upi,0.00,0.00,5.01,2025-11-18,train,0
pay_00000000004342,setl_merchant_1_0042,bnk_000000000044,856.99,netbanking,15.00,2.70,8.57,2025-11-18,train,0
pay_00000000004345,setl_merchant_1_0042,bnk_000000000044,331.60,card,6.63,1.19,3.32,2025-11-18,train,0
pay_00000000004347,setl_merchant_1_0042,bnk_000000000044,822.00,netbanking,15.00,2.70,8.22,2025-11-18,train,0
pay_00000000004352,setl_merchant_1_0042,bnk_000000000044,700.99,upi,0.00,0.00,7.01,2025-11-18,train,0
pay_00000000004365,setl_merchant_1_0042,bnk_000000000044,754.00,upi,0.00,0.00,7.54,2025-11-18,train,0
pay_00000000004380,setl_merchant_1_0042,bnk_000000000044,586.00,upi,0.00,0.00,0.00,2025-11-18,train,0
pay_00000000004411,setl_merchant_1_0042,bnk_000000000044,2007.99,upi,0.00,0.00,20.08,2025-11-18,train,0
pay_00000000004583,setl_merchant_1_0042,bnk_000000000044,839.00,card,16.78,3.02,0.00,2025-11-18,train,0
pay_00000000004593,setl_merchant_1_0042,bnk_000000000044,2761.02,upi,0.00,0.00,27.61,2025-11-18,train,0
pay_00000000004616,setl_merchant_1_0042,bnk_000000000044,908.71,upi,0.00,0.00,9.09,2025-11-18,train,0
pay_00000000004629,setl_merchant_1_0042,bnk_000000000044,729.00,card,14.58,2.62,7.29,2025-11-18,train,0
pay_00000000004666,setl_merchant_1_0042,bnk_000000000044,1059.04,wallet,19.06,3.43,10.59,2025-11-18,train,0
pay_00000000004700,setl_merchant_1_0042,bnk_000000000044,213.07,card,4.26,0.77,0.00,2025-11-18,train,0
pay_00000000004768,setl_merchant_1_0042,bnk_000000000044,123.00,upi,0.00,0.00,0.00,2025-11-18,train,0
pay_00000000004818,setl_merchant_1_0042,bnk_000000000044,1036.99,card,20.74,3.73,10.37,2025-11-18,train,0
pay_00000000000224,setl_merchant_1_0043,bnk_000000000045,742.48,card,17.08,3.07,0.00,2025-11-19,dev,0
pay_00000000000238,setl_merchant_1_0043,bnk_000000000045,3272.00,upi,0.00,0.00,32.72,2025-11-19,dev,0
pay_00000000000250,setl_merchant_1_0043,bnk_000000000045,651.67,upi,0.00,0.00,6.52,2025-11-19,dev,0
pay_00000000000417,setl_merchant_1_0043,bnk_000000000045,245.99,upi,0.00,0.00,0.00,2025-11-19,dev,0
pay_00000000000476,setl_merchant_1_0043,bnk_000000000045,423.82,upi,0.00,0.00,4.24,2025-11-19,dev,0
pay_00000000000802,setl_merchant_1_0043,bnk_000000000045,588.64,card,13.54,2.44,0.00,2025-11-19,dev,0
pay_00000000001008,setl_merchant_1_0043,bnk_000000000045,936.47,netbanking,15.00,2.70,9.36,2025-11-19,dev,0
pay_00000000001137,setl_merchant_1_0043,bnk_000000000045,1632.83,upi,0.00,0.00,16.33,2025-11-19,dev,0
pay_00000000001402,setl_merchant_1_0043,bnk_000000000045,2616.00,card,60.17,10.83,26.16,2025-11-19,dev,0
pay_00000000001418,setl_merchant_1_0043,bnk_000000000045,14463.72,wallet,260.35,46.86,0.00,2025-11-19,dev,0
pay_00000000001472,setl_merchant_1_0043,bnk_000000000045,210.15,wallet,3.78,0.68,2.10,2025-11-19,dev,0
pay_00000000001627,setl_merchant_1_0043,bnk_000000000045,327.99,card,7.54,1.36,0.00,2025-11-19,dev,0
pay_00000000001760,setl_merchant_1_0043,bnk_000000000045,219.99,card,5.06,0.91,2.20,2025-11-19,dev,0
pay_00000000001954,setl_merchant_1_0043,bnk_000000000045,1041.91,upi,0.00,0.00,10.42,2025-11-19,dev,0
pay_00000000002005,setl_merchant_1_0043,bnk_000000000045,2094.99,netbanking,15.00,2.70,0.00,2025-11-19,dev,0
pay_00000000002236,setl_merchant_1_0043,bnk_000000000045,371.99,card,8.56,1.54,0.00,2025-11-19,dev,0
pay_00000000002446,setl_merchant_1_0043,bnk_000000000045,639.02,card,14.70,2.65,6.39,2025-11-19,dev,0
pay_00000000002460,setl_merchant_1_0043,bnk_000000000045,119.00,card,2.74,0.49,1.19,2025-11-19,dev,0
pay_00000000002509,setl_merchant_1_0043,bnk_000000000045,621.00,upi,0.00,0.00,0.00,2025-11-19,dev,0
pay_00000000002586,setl_merchant_1_0043,bnk_000000000045,1007.00,card,23.16,4.17,10.07,2025-11-19,dev,0
pay_00000000002636,setl_merchant_1_0043,bnk_000000000045,1335.56,card,30.72,5.53,13.36,2025-11-19,dev,0
pay_00000000002748,setl_merchant_1_0043,bnk_000000000045,7967.90,card,183.26,32.99,79.68,2025-11-19,dev,0
pay_00000000002767,setl_merchant_1_0043,bnk_000000000045,934.00,wallet,16.81,3.03,9.34,2025-11-19,dev,0
pay_00000000002878,setl_merchant_1_0043,bnk_000000000045,9032.00,upi,0.00,0.00,90.32,2025-11-19,dev,0
pay_00000000002967,setl_merchant_1_0043,bnk_000000000045,906.00,card,20.84,3.75,0.00,2025-11-19,dev,0
pay_00000000003242,setl_merchant_1_0043,bnk_000000000045,977.55,card,22.48,4.05,0.00,2025-11-19,dev,0
pay_00000000003467,setl_merchant_1_0043,bnk_000000000045,942.45,upi,0.00,0.00,0.00,2025-11-19,dev,0
pay_00000000003720,setl_merchant_1_0043,bnk_000000000045,3587.44,upi,0.00,0.00,0.00,2025-11-19,dev,0
pay_00000000003766,setl_merchant_1_0043,bnk_000000000045,706.49,netbanking,15.00,2.70,0.00,2025-11-19,dev,0
pay_00000000003836,setl_merchant_1_0043,bnk_000000000045,300.55,card,6.91,1.24,0.00,2025-11-19,dev,0
pay_00000000003850,setl_merchant_1_0043,bnk_000000000045,6768.80,upi,0.00,0.00,67.69,2025-11-19,dev,0
pay_00000000004310,setl_merchant_1_0043,bnk_000000000045,606.00,card,13.94,2.51,0.00,2025-11-19,dev,0
pay_00000000004416,setl_merchant_1_0043,bnk_000000000045,3496.93,upi,0.00,0.00,0.00,2025-11-19,dev,0
pay_00000000000008,setl_merchant_1_0044,bnk_000000000046,300.00,card,6.90,1.24,3.00,2025-11-19,dev,0
pay_00000000000010,setl_merchant_1_0044,bnk_000000000046,715.24,upi,0.00,0.00,7.15,2025-11-19,dev,0
pay_00000000000026,setl_merchant_1_0044,bnk_000000000046,157.37,upi,0.00,0.00,0.00,2025-11-19,dev,0
pay_00000000000125,setl_merchant_1_0044,bnk_000000000046,291.00,upi,0.00,0.00,2.91,2025-11-19,dev,0
pay_00000000000176,setl_merchant_1_0044,bnk_000000000046,757.87,upi,0.00,0.00,0.00,2025-11-19,dev,0
pay_00000000000256,setl_merchant_1_0044,bnk_000000000046,1163.47,card,26.76,4.82,11.63,2025-11-19,dev,0
pay_00000000000344,setl_merchant_1_0044,bnk_000000000046,2336.55,card,53.74,9.67,23.37,2025-11-19,dev,0
pay_00000000000473,setl_merchant_1_0044,bnk_000000000046,1031.77,upi,0.00,0.00,0.00,2025-11-19,dev,0
pay_00000000000485,setl_merchant_1_0044,bnk_000000000046,1944.50,upi,0.00,0.00,19.45,2025-11-19,dev,0
pay_00000000000596,setl_merchant_1_0044,bnk_000000000046,595.05,upi,0.00,0.00,0.00,2025-11-19,dev,0
pay_00000000000693,setl_merchant_1_0044,bnk_000000000046,343.99,upi,0.00,0.00,3.44,2025-11-19,dev,0
pay_00000000000842,setl_merchant_1_0044,bnk_000000000046,414.86,card,9.54,1.72,4.15,2025-11-19,dev,0
pay_00000000000936,setl_merchant_1_0044,bnk_000000000046,639.00,wallet,11.50,2.07,0.00,2025-11-19,dev,0
pay_00000000001000,setl_merchant_1_0044,bnk_000000000046,2981.00,card,68.56,12.34,29.81,2025-11-19,dev,0
pay_00000000001012,setl_merchant_1_0044,bnk_000000000046,640.52,upi,0.00,0.00,0.00,2025-11-19,dev,0
pay_00000000001116,setl_merchant_1_0044,bnk_000000000046,2951.99,upi,0.00,0.00,29.52,2025-11-19,dev,0
pay_00000000001215,setl_merchant_1_0044,bnk_000000000046,608.99,wallet,10.96,1.97,6.09,2025-11-19,dev,0
pay_00000000001268,setl_merchant_1_0044,bnk_000000000046,2118.03,card,48.71,8.77,0.00,2025-11-19,dev,0
pay_00000000001444,setl_merchant_1_0044,bnk_000000000046,150.00,netbanking,15.00,2.70,0.00,2025-11-19,dev,0
pay_00000000001449,setl_merchant_1_0044,bnk_000000000046,847.76,upi,0.00,0.00,8.48,2025-11-19,dev,0
pay_00000000001469,setl_merchant_1_0044,bnk_000000000046,3294.99,card,75.78,13.64,32.95,2025-11-19,dev,0
pay_00000000001612,setl_merchant_1_0044,bnk_000000000046,5679.00,upi,0.00,0.00,0.00,2025-11-19,dev,0
pay_00000000001672,setl_merchant_1_0044,bnk_000000000046,194.32,upi,0.00,0.00,0.00,2025-11-19,dev,0
pay_00000000001704,setl_merchant_1_0044,bnk_000000000046,567.03,netbanking,15.00,2.70,5.67,2025-11-19,dev,0
pay_00000000001712,setl_merchant_1_0044,bnk_000000000046,461.19,wallet,8.30,1.49,0.00,2025-11-19,dev,0
pay_00000000001738,setl_merchant_1_0044,bnk_000000000046,809.89,upi,0.00,0.00,8.10,2025-11-19,dev,0
pay_00000000001752,setl_merchant_1_0044,bnk_000000000046,503.00,wallet,9.05,1.63,5.03,2025-11-19,dev,0
pay_00000000001758,setl_merchant_1_0044,bnk_000000000046,2794.00,card,64.26,11.57,27.94,2025-11-19,dev,0
pay_00000000002145,setl_merchant_1_0044,bnk_000000000046,3406.99,upi,0.00,0.00,0.00,2025-11-19,dev,0
pay_00000000002312,setl_merchant_1_0044,bnk_000000000046,1032.00,upi,0.00,0.00,10.32,2025-11-19,dev,0
pay_00000000002366,setl_merchant_1_0044,bnk_000000000046,3026.00,upi,0.00,0.00,0.00,2025-11-19,dev,0
pay_00000000002467,setl_merchant_1_0044,bnk_000000000046,589.00,upi,0.00,0.00,0.00,2025-11-19,dev,0
pay_00000000002484,setl_merchant_1_0044,bnk_000000000046,1013.00,card,23.30,4.19,10.13,2025-11-19,dev,0
pay_00000000002492,setl_merchant_1_0044,bnk_000000000046,978.15,upi,0.00,0.00,0.00,2025-11-19,dev,0
pay_00000000002504,setl_merchant_1_0044,bnk_000000000046,1064.51,upi,0.00,0.00,0.00,2025-11-19,dev,0
pay_00000000002515,setl_merchant_1_0044,bnk_000000000046,2283.58,upi,0.00,0.00,0.00,2025-11-19,dev,0
pay_00000000002583,setl_merchant_1_0044,bnk_000000000046,1080.87,upi,0.00,0.00,10.81,2025-11-19,dev,0
pay_00000000002634,setl_merchant_1_0044,bnk_000000000046,461.00,card,10.60,1.91,0.00,2025-11-19,dev,0
pay_00000000002647,setl_merchant_1_0044,bnk_000000000046,622.85,upi,0.00,0.00,6.23,2025-11-19,dev,0
pay_00000000002711,setl_merchant_1_0044,bnk_000000000046,1877.99,upi,0.00,0.00,0.00,2025-11-19,dev,0
pay_00000000002731,setl_merchant_1_0044,bnk_000000000046,591.06,upi,0.00,0.00,5.91,2025-11-19,dev,0
pay_00000000002786,setl_merchant_1_0044,bnk_000000000046,984.00,netbanking,15.00,2.70,9.84,2025-11-19,dev,0
pay_00000000002788,setl_merchant_1_0044,bnk_000000000046,880.00,upi,0.00,0.00,8.80,2025-11-19,dev,0
pay_00000000002837,setl_merchant_1_0044,bnk_000000000046,195.99,card,4.51,0.81,0.00,2025-11-19,dev,0
pay_00000000002863,setl_merchant_1_0044,bnk_000000000046,2632.00,upi,0.00,0.00,0.00,2025-11-19,dev,0
pay_00000000002875,setl_merchant_1_0044,bnk_000000000046,119.00,card,2.74,0.49,1.19,2025-11-19,dev,0
pay_00000000003050,setl_merchant_1_0044,bnk_000000000046,889.33,upi,0.00,0.00,0.00,2025-11-19,dev,0
pay_00000000003083,setl_merchant_1_0044,bnk_000000000046,1730.00,upi,0.00,0.00,17.30,2025-11-19,dev,0
pay_00000000003120,setl_merchant_1_0044,bnk_000000000046,275.00,card,6.33,1.14,0.00,2025-11-19,dev,0
pay_00000000003186,setl_merchant_1_0044,bnk_000000000046,903.75,upi,0.00,0.00,0.00,2025-11-19,dev,0
pay_00000000003270,setl_merchant_1_0044,bnk_000000000046,772.99,wallet,13.91,2.50,0.00,2025-11-19,dev,0
pay_00000000003281,setl_merchant_1_0044,bnk_000000000046,260.22,wallet,4.68,0.84,2.60,2025-11-19,dev,0
pay_00000000003386,setl_merchant_1_0044,bnk_000000000046,550.99,upi,0.00,0.00,5.51,2025-11-19,dev,0
pay_00000000003395,setl_merchant_1_0044,bnk_000000000046,807.00,upi,0.00,0.00,8.07,2025-11-19,dev,0
pay_00000000003454,setl_merchant_1_0044,bnk_000000000046,719.99,upi,0.00,0.00,0.00,2025-11-19,dev,0
pay_00000000003560,setl_merchant_1_0044,bnk_000000000046,953.99,card,21.94,3.95,0.00,2025-11-19,dev,0
pay_00000000003910,setl_merchant_1_0044,bnk_000000000046,2480.97,wallet,44.66,8.04,24.81,2025-11-19,dev,0
pay_00000000003955,setl_merchant_1_0044,bnk_000000000046,207.41,card,4.77,0.86,0.00,2025-11-19,dev,0
pay_00000000004003,setl_merchant_1_0044,bnk_000000000046,1637.00,card,37.65,6.78,16.37,2025-11-19,dev,0
pay_00000000004268,setl_merchant_1_0044,bnk_000000000046,2533.33,upi,0.00,0.00,0.00,2025-11-19,dev,0
pay_00000000004404,setl_merchant_1_0044,bnk_000000000046,161.99,upi,0.00,0.00,0.00,2025-11-19,dev,0
pay_00000000004408,setl_merchant_1_0044,bnk_000000000046,1009.89,upi,0.00,0.00,0.00,2025-11-19,dev,0
pay_00000000004429,setl_merchant_1_0044,bnk_000000000046,448.99,upi,0.00,0.00,0.00,2025-11-19,dev,0
pay_00000000004438,setl_merchant_1_0044,bnk_000000000046,976.99,upi,0.00,0.00,0.00,2025-11-19,dev,0
pay_00000000004591,setl_merchant_1_0044,bnk_000000000046,545.00,upi,0.00,0.00,0.00,2025-11-19,dev,0
pay_00000000004652,setl_merchant_1_0044,bnk_000000000046,532.00,card,12.24,2.20,5.32,2025-11-19,dev,0
pay_00000000004692,setl_merchant_1_0044,bnk_000000000046,752.68,wallet,13.55,2.44,0.00,2025-11-19,dev,0
pay_00000000004756,setl_merchant_1_0044,bnk_000000000046,1130.79,upi,0.00,0.00,0.00,2025-11-19,dev,0
pay_00000000004917,setl_merchant_1_0044,bnk_000000000046,719.00,upi,0.00,0.00,7.19,2025-11-19,dev,0
pay_00000000004937,setl_merchant_1_0044,bnk_000000000046,370.82,netbanking,15.00,2.70,0.00,2025-11-19,dev,0
pay_00000000004940,setl_merchant_1_0044,bnk_000000000046,379.00,upi,0.00,0.00,3.79,2025-11-19,dev,0
pay_00000000004962,setl_merchant_1_0044,bnk_000000000046,887.76,upi,0.00,0.00,0.00,2025-11-19,dev,0
pay_00000000000022,setl_merchant_1_0045,bnk_000000000047,7694.48,upi,0.00,0.00,76.94,2025-11-19,dev,0
pay_00000000000105,setl_merchant_1_0045,bnk_000000000047,807.00,card,18.56,3.34,0.00,2025-11-19,dev,0
pay_00000000000116,setl_merchant_1_0045,bnk_000000000047,286.54,card,6.59,1.19,2.87,2025-11-19,dev,0
pay_00000000000231,setl_merchant_1_0045,bnk_000000000047,518.44,upi,0.00,0.00,5.18,2025-11-19,dev,0
pay_00000000000243,setl_merchant_1_0045,bnk_000000000047,393.44,card,9.05,1.63,0.00,2025-11-19,dev,0
pay_00000000000246,setl_merchant_1_0045,bnk_000000000047,396.15,card,9.11,1.64,3.96,2025-11-19,dev,0
pay_00000000000331,setl_merchant_1_0045,bnk_000000000047,633.53,upi,0.00,0.00,0.00,2025-11-19,dev,0
pay_00000000000368,setl_merchant_1_0045,bnk_000000000047,474.96,netbanking,15.00,2.70,4.75,2025-11-19,dev,0
pay_00000000000370,setl_merchant_1_0045,bnk_000000000047,2792.25,upi,0.00,0.00,0.00,2025-11-19,dev,0
pay_00000000000447,setl_merchant_1_0045,bnk_000000000047,2699.99,netbanking,15.00,2.70,0.00,2025-11-19,dev,0
pay_00000000000488,setl_merchant_1_0045,bnk_000000000047,813.01,upi,0.00,0.00,8.13,2025-11-19,dev,0
pay_00000000000515,setl_merchant_1_0045,bnk_000000000047,15717.99,upi,0.00,0.00,157.18,2025-11-19,dev,0
pay_00000000000533,setl_merchant_1_0045,bnk_000000000047,647.99,upi,0.00,0.00,6.48,2025-11-19,dev,0
pay_00000000000564,setl_merchant_1_0045,bnk_000000000047,2640.28,card,60.73,10.93,26.40,2025-11-19,dev,0
pay_00000000000578,setl_merchant_1_0045,bnk_000000000047,351.00,card,8.07,1.45,3.51,2025-11-19,dev,0
pay_00000000000621,setl_merchant_1_0045,bnk_000000000047,317.99,card,7.31,1.32,0.00,2025-11-19,dev,0
pay_00000000000634,setl_merchant_1_0045,bnk_000000000047,1407.35,wallet,25.33,4.56,14.07,2025-11-19,dev,0
pay_00000000000676,setl_merchant_1_0045,bnk_000000000047,13188.88,netbanking,15.00,2.70,0.00,2025-11-19,dev,0
pay_00000000000682,setl_merchant_1_0045,bnk_000000000047,554.08,upi,0.00,0.00,5.54,2025-11-19,dev,0
pay_00000000000706,setl_merchant_1_0045,bnk_000000000047,522.00,upi,0.00,0.00,5.22,2025-11-19,dev,0
pay_00000000000715,setl_merchant_1_0045,bnk_000000000047,387.39,wallet,6.97,1.25,0.00,2025-11-19,dev,0
pay_00000000000718,setl_merchant_1_0045,bnk_000000000047,830.22,card,19.10,3.44,8.30,2025-11-19,dev,0
pay_00000000000723,setl_merchant_1_0045,bnk_000000000047,699.07,wallet,12.58,2.26,6.99,2025-11-19,dev,0
pay_00000000000725,setl_merchant_1_0045,bnk_000000000047,108.00,wallet,1.94,0.35,0.00,2025-11-19,dev,0
pay_00000000000735,setl_merchant_1_0045,bnk_000000000047,574.00,upi,0.00,0.00,5.74,2025-11-19,dev,0
pay_00000000000754,setl_merchant_1_0045,bnk_000000000047,906.00,card,20.84,3.75,9.06,2025-11-19,dev,0
pay_00000000000916,setl_merchant_1_0045,bnk_000000000047,108.00,upi,0.00,0.00,1.08,2025-11-19,dev,0
pay_00000000000962,setl_merchant_1_0045,bnk_000000000047,714.30,upi,0.00,0.00,0.00,2025-11-19,dev,0
pay_00000000000966,setl_merchant_1_0045,bnk_000000000047,2758.61,upi,0.00,0.00,27.59,2025-11-19,dev,0
pay_00000000000975,setl_merchant_1_0045,bnk_000000000047,498.52,upi,0.00,0.00,0.00,2025-11-19,dev,0
pay_00000000001038,setl_merchant_1_0045,bnk_000000000047,511.00,upi,0.00,0.00,0.00,2025-11-19,dev,0
pay_00000000001041,setl_merchant_1_0045,bnk_000000000047,234.53,wallet,4.22,0.76,0.00,2025-11-19,dev,0
pay_00000000001045,setl_merchant_1_0045,bnk_000000000047,892.00,upi,0.00,0.00,0.00,2025-11-19,dev,0
pay_00000000001160,setl_merchant_1_0045,bnk_000000000047,831.00,upi,0.00,0.00,8.31,2025-11-19,dev,0
pay_00000000001207,setl_merchant_1_0045,bnk_000000000047,261.00,upi,0.00,0.00,0.00,2025-11-19,dev,0
pay_00000000001276,setl_merchant_1_0045,bnk_000000000047,2625.00,card,60.38,10.87,0.00,2025-11-19,dev,0
pay_00000000001373,setl_merchant_1_0045,bnk_000000000047,630.99,card,14.51,2.61,0.00,2025-11-19,dev,0
pay_00000000001388,setl_merchant_1_0045,bnk_000000000047,873.22,upi,0.00,0.00,8.73,2025-11-19,dev,0
pay_00000000001478,setl_merchant_1_0045,bnk_000000000047,428.27,upi,0.00,0.00,4.28,2025-11-19,dev,0
pay_00000000001494,setl_merchant_1_0045,bnk_000000000047,132.00,wallet,2.38,0.43,1.32,2025-11-19,dev,0
pay_00000000001537,setl_merchant_1_0045,bnk_000000000047,699.93,upi,0.00,0.00,0.00,2025-11-19,dev,0
pay_00000000001553,setl_merchant_1_0045,bnk_000000000047,450.00,card,10.35,1.86,0.00,2025-11-19,dev,0
pay_00000000001567,setl_merchant_1_0045,bnk_000000000047,16976.98,card,390.47,70.28,169.77,2025-11-19,dev,0
pay_00000000001578,setl_merchant_1_0045,bnk_000000000047,980.00,upi,0.00,0.00,0.00,2025-11-19,dev,0
pay_00000000001582,setl_merchant_1_0045,bnk_000000000047,705.99,wallet,12.71,2.29,7.06,2025-11-19,dev,0
pay_00000000001602,setl_merchant_1_0045,bnk_000000000047,793.99,card,18.26,3.29,0.00,2025-11-19,dev,0
pay_00000000001656,setl_merchant_1_0045,bnk_000000000047,750.54,upi,0.00,0.00,7.51,2025-11-19,dev,0
pay_00000000001657,setl_merchant_1_0045,bnk_000000000047,3363.22,upi,0.00,0.00,0.00,2025-11-19,dev,0
pay_00000000001721,setl_merchant_1_0045,bnk_000000000047,1066.99,upi,0.00,0.00,0.00,2025-11-19,dev,0
pay_00000000001728,setl_merchant_1_0045,bnk_000000000047,903.00,upi,0.00,0.00,9.03,2025-11-19,dev,0
pay_00000000001749,setl_merchant_1_0045,bnk_000000000047,3029.00,card,69.67,12.54,0.00,2025-11-19,dev,0
pay_00000000001785,setl_merchant_1_0045,bnk_000000000047,1111.94,upi,0.00,0.00,11.12,2025-11-19,dev,0
pay_00000000001827,setl_merchant_1_0045,bnk_000000000047,2527.48,upi,0.00,0.00,0.00,2025-11-19,dev,0
pay_00000000001834,setl_merchant_1_0045,bnk_000000000047,1452.88,upi,0.00,0.00,14.53,2025-11-19,dev,0
pay_00000000001850,setl_merchant_1_0045,bnk_000000000047,603.46,netbanking,15.00,2.70,6.03,2025-11-19,dev,0
pay_00000000001871,setl_merchant_1_0045,bnk_000000000047,296.00,upi,0.00,0.00,0.00,2025-11-19,dev,0
pay_00000000001876,setl_merchant_1_0045,bnk_000000000047,1211.89,upi,0.00,0.00,12.12,2025-11-19,dev,0
pay_00000000001908,setl_merchant_1_0045,bnk_000000000047,610.99,upi,0.00,0.00,0.00,2025-11-19,dev,0
pay_00000000001979,setl_merchant_1_0045,bnk_000000000047,846.74,wallet,15.24,2.74,0.00,2025-11-19,dev,0
pay_00000000001989,setl_merchant_1_0045,bnk_000000000047,411.99,card,9.48,1.71,0.00,2025-11-19,dev,0
pay_00000000002023,setl_merchant_1_0045,bnk_000000000047,182.91,card,4.21,0.76,0.00,2025-11-19,dev,0
pay_00000000002211,setl_merchant_1_0045,bnk_000000000047,677.47,card,15.58,2.80,0.00,2025-11-19,dev,0
pay_00000000002271,setl_merchant_1_0045,bnk_000000000047,781.49,card,17.97,3.23,7.81,2025-11-19,dev,0
pay_00000000002302,setl_merchant_1_0045,bnk_000000000047,180.48,card,4.15,0.75,0.00,2025-11-19,dev,0
pay_00000000002349,setl_merchant_1_0045,bnk_000000000047,137.98,card,3.17,0.57,1.38,2025-11-19,dev,0
pay_00000000002354,setl_merchant_1_0045,bnk_000000000047,653.00,upi,0.00,0.00,6.53,2025-11-19,dev,0
pay_00000000002371,setl_merchant_1_0045,bnk_000000000047,330.00,upi,0.00,0.00,3.30,2025-11-19,dev,0
pay_00000000002380,setl_merchant_1_0045,bnk_000000000047,644.90,card,14.83,2.67,0.00,2025-11-19,dev,0
pay_00000000002432,setl_merchant_1_0045,bnk_000000000047,695.00,upi,0.00,0.00,6.95,2025-11-19,dev,0
pay_00000000002477,setl_merchant_1_0045,bnk_000000000047,2358.78,upi,0.00,0.00,23.59,2025-11-19,dev,0
pay_00000000002546,setl_merchant_1_0045,bnk_000000000047,764.86,upi,0.00,0.00,7.65,2025-11-19,dev,0
pay_00000000002615,setl_merchant_1_0045,bnk_000000000047,811.00,card,18.65,3.36,8.11,2025-11-19,dev,0
pay_00000000002631,setl_merchant_1_0045,bnk_000000000047,227.70,upi,0.00,0.00,0.00,2025-11-19,dev,0
pay_00000000002633,setl_merchant_1_0045,bnk_000000000047,825.99,upi,0.00,0.00,8.26,2025-11-19,dev,0
pay_00000000002724,setl_merchant_1_0045,bnk_000000000047,1999.07,netbanking,15.00,2.70,0.00,2025-11-19,dev,0
pay_00000000002852,setl_merchant_1_0045,bnk_000000000047,10081.00,upi,0.00,0.00,0.00,2025-11-19,dev,0
pay_00000000002938,setl_merchant_1_0045,bnk_000000000047,992.88,upi,0.00,0.00,9.93,2025-11-19,dev,0
pay_00000000003039,setl_merchant_1_0045,bnk_000000000047,2472.06,upi,0.00,0.00,24.72,2025-11-19,dev,0
pay_00000000003060,setl_merchant_1_0045,bnk_000000000047,1045.00,wallet,18.81,3.39,0.00,2025-11-19,dev,0
pay_00000000003062,setl_merchant_1_0045,bnk_000000000047,919.00,upi,0.00,0.00,0.00,2025-11-19,dev,0
pay_00000000003110,setl_merchant_1_0045,bnk_000000000047,799.37,netbanking,15.00,2.70,0.00,2025-11-19,dev,0
pay_00000000003127,setl_merchant_1_0045,bnk_000000000047,2795.11,upi,0.00,0.00,27.95,2025-11-19,dev,0
pay_00000000003174,setl_merchant_1_0045,bnk_000000000047,579.92,wallet,10.44,1.88,0.00,2025-11-19,dev,0
pay_00000000003236,setl_merchant_1_0045,bnk_000000000047,1086.00,card,24.98,4.50,0.00,2025-11-19,dev,0
pay_00000000003383,setl_merchant_1_0045,bnk_000000000047,660.08,netbanking,15.00,2.70,0.00,2025-11-19,dev,0
pay_00000000003402,setl_merchant_1_0045,bnk_000000000047,191.00,netbanking,15.00,2.70,1.91,2025-11-19,dev,0
pay_00000000003410,setl_merchant_1_0045,bnk_000000000047,2846.00,upi,0.00,0.00,0.00,2025-11-19,dev,0
pay_00000000003413,setl_merchant_1_0045,bnk_000000000047,249.12,card,5.73,1.03,0.00,2025-11-19,dev,0
pay_00000000003556,setl_merchant_1_0045,bnk_000000000047,853.04,card,19.62,3.53,8.53,2025-11-19,dev,0
pay_00000000003557,setl_merchant_1_0045,bnk_000000000047,266.00,upi,0.00,0.00,2.66,2025-11-19,dev,0
pay_00000000003578,setl_merchant_1_0045,bnk_000000000047,1023.93,upi,0.00,0.00,10.24,2025-11-19,dev,0
pay_00000000003618,setl_merchant_1_0045,bnk_000000000047,851.16,card,19.58,3.52,0.00,2025-11-19,dev,0
pay_00000000003625,setl_merchant_1_0045,bnk_000000000047,454.31,upi,0.00,0.00,0.00,2025-11-19,dev,0
pay_00000000003725,setl_merchant_1_0045,bnk_000000000047,2059.31,card,47.36,8.52,0.00,2025-11-19,dev,0
pay_00000000003728,setl_merchant_1_0045,bnk_000000000047,971.00,card,22.33,4.02,9.71,2025-11-19,dev,0
pay_00000000003741,setl_merchant_1_0045,bnk_000000000047,235.15,card,5.41,0.97,2.35,2025-11-19,dev,0
pay_00000000003783,setl_merchant_1_0045,bnk_000000000047,582.00,upi,0.00,0.00,0.00,2025-11-19,dev,0
pay_00000000003808,setl_merchant_1_0045,bnk_000000000047,980.00,upi,0.00,0.00,0.00,2025-11-19,dev,0
pay_00000000003813,setl_merchant_1_0045,bnk_000000000047,415.54,upi,0.00,0.00,4.16,2025-11-19,dev,0
pay_00000000003816,setl_merchant_1_0045,bnk_000000000047,1866.23,card,42.92,7.73,18.66,2025-11-19,dev,0
pay_00000000003838,setl_merchant_1_0045,bnk_000000000047,825.99,upi,0.00,0.00,8.26,2025-11-19,dev,0
pay_00000000003867,setl_merchant_1_0045,bnk_000000000047,675.00,card,15.53,2.80,0.00,2025-11-19,dev,0
pay_00000000003902,setl_merchant_1_0045,bnk_000000000047,1781.69,upi,0.00,0.00,17.82,2025-11-19,dev,0
pay_00000000003928,setl_merchant_1_0045,bnk_000000000047,809.73,upi,0.00,0.00,0.00,2025-11-19,dev,0
pay_00000000003931,setl_merchant_1_0045,bnk_000000000047,830.06,upi,0.00,0.00,8.30,2025-11-19,dev,0
pay_00000000003993,setl_merchant_1_0045,bnk_000000000047,724.00,card,16.65,3.00,7.24,2025-11-19,dev,0
pay_00000000004005,setl_merchant_1_0045,bnk_000000000047,2743.99,card,63.11,11.36,27.44,2025-11-19,dev,0
pay_00000000004089,setl_merchant_1_0045,bnk_000000000047,150.00,netbanking,15.00,2.70,0.00,2025-11-19,dev,0
pay_00000000004120,setl_merchant_1_0045,bnk_000000000047,324.00,wallet,5.83,1.05,3.24,2025-11-19,dev,0
pay_00000000004187,setl_merchant_1_0045,bnk_000000000047,486.26,netbanking,15.00,2.70,4.86,2025-11-19,dev,0
pay_00000000004201,setl_merchant_1_0045,bnk_000000000047,1064.37,upi,0.00,0.00,10.64,2025-11-19,dev,0
pay_00000000004337,setl_merchant_1_0045,bnk_000000000047,381.10,card,8.77,1.58,0.00,2025-11-19,dev,0
pay_00000000004371,setl_merchant_1_0045,bnk_000000000047,1971.60,upi,0.00,0.00,19.72,2025-11-19,dev,0
pay_00000000004497,setl_merchant_1_0045,bnk_000000000047,2338.21,card,53.78,9.68,23.38,2025-11-19,dev,0
pay_00000000004514,setl_merchant_1_0045,bnk_000000000047,4511.00,upi,0.00,0.00,45.11,2025-11-19,dev,0
pay_00000000004705,setl_merchant_1_0045,bnk_000000000047,445.99,card,10.26,1.85,0.00,2025-11-19,dev,0
pay_00000000004723,setl_merchant_1_0045,bnk_000000000047,545.86,upi,0.00,0.00,0.00,2025-11-19,dev,0
pay_00000000004771,setl_merchant_1_0045,bnk_000000000047,253.81,upi,0.00,0.00,0.00,2025-11-19,dev,0
pay_00000000004880,setl_merchant_1_0045,bnk_000000000047,185.57,card,4.27,0.77,1.86,2025-11-19,dev,0
pay_00000000004903,setl_merchant_1_0045,bnk_000000000047,171.08,upi,0.00,0.00,1.71,2025-11-19,dev,0
pay_00000000000002,setl_merchant_1_0046,bnk_000000000048,170.71,card,3.93,0.71,1.71,2025-11-19,dev,0
pay_00000000000044,setl_merchant_1_0046,bnk_000000000048,1228.00,upi,0.00,0.00,12.28,2025-11-19,dev,0
pay_00000000000158,setl_merchant_1_0046,bnk_000000000048,124.00,card,2.85,0.51,0.00,2025-11-19,dev,0
pay_00000000000164,setl_merchant_1_0046,bnk_000000000048,800.36,netbanking,15.00,2.70,8.00,2025-11-19,dev,0
pay_00000000000171,setl_merchant_1_0046,bnk_000000000048,1019.84,upi,0.00,0.00,0.00,2025-11-19,dev,0
pay_00000000000196,setl_merchant_1_0046,bnk_000000000048,893.99,upi,0.00,0.00,0.00,2025-11-19,dev,0
pay_00000000000254,setl_merchant_1_0046,bnk_000000000048,869.38,netbanking,15.00,2.70,0.00,2025-11-19,dev,0
pay_00000000000285,setl_merchant_1_0046,bnk_000000000048,108.15,upi,0.00,0.00,1.08,2025-11-19,dev,0
pay_00000000000296,setl_merchant_1_0046,bnk_000000000048,384.64,upi,0.00,0.00,0.00,2025-11-19,dev,0
pay_00000000000336,setl_merchant_1_0046,bnk_000000000048,385.98,upi,0.00,0.00,3.86,2025-11-19,dev,0
pay_00000000000377,setl_merchant_1_0046,bnk_000000000048,2022.00,upi,0.00,0.00,0.00,2025-11-19,dev,0
pay_00000000000418,setl_merchant_1_0046,bnk_000000000048,659.99,card,15.18,2.73,6.60,2025-11-19,dev,0
pay_00000000000426,setl_merchant_1_0046,bnk_000000000048,14472.00,card,332.86,59.91,0.00,2025-11-19,dev,0
pay_00000000000430,setl_merchant_1_0046,bnk_000000000048,469.99,upi,0.00,0.00,0.00,2025-11-19,dev,0
pay_00000000000448,setl_merchant_1_0046,bnk_000000000048,3259.00,upi,0.00,0.00,32.59,2025-11-19,dev,0
pay_00000000000492,setl_merchant_1_0046,bnk_000000000048,123.99,card,2.85,0.51,0.00,2025-11-19,dev,0
pay_00000000000588,setl_merchant_1_0046,bnk_000000000048,977.74,upi,0.00,0.00,9.78,2025-11-19,dev,0
pay_00000000000674,setl_merchant_1_0046,bnk_000000000048,263.00,upi,0.00,0.00,0.00,2025-11-19,dev,0
pay_00000000000741,setl_merchant_1_0046,bnk_000000000048,415.00,upi,0.00,0.00,0.00,2025-11-19,dev,0
pay_00000000000843,setl_merchant_1_0046,bnk_000000000048,1012.99,upi,0.00,0.00,0.00,2025-11-19,dev,0
pay_00000000000844,setl_merchant_1_0046,bnk_000000000048,1054.00,wallet,18.97,3.41,0.00,2025-11-19,dev,0
pay_00000000000861,setl_merchant_1_0046,bnk_000000000048,103.82,upi,0.00,0.00,1.04,2025-11-19,dev,0
pay_00000000000875,setl_merchant_1_0046,bnk_000000000048,154.00,card,3.54,0.64,1.54,2025-11-19,dev,0
pay_00000000000943,setl_merchant_1_0046,bnk_000000000048,676.14,netbanking,15.00,2.70,6.76,2025-11-19,dev,0
pay_00000000000996,setl_merchant_1_0046,bnk_000000000048,927.00,card,21.32,3.84,9.27,2025-11-19,dev,0
pay_00000000001106,setl_merchant_1_0046,bnk_000000000048,696.16,card,16.01,2.88,6.96,2025-11-19,dev,0
pay_00000000001107,setl_merchant_1_0046,bnk_000000000048,3148.57,upi,0.00,0.00,0.00,2025-11-19,dev,0
pay_00000000001152,setl_merchant_1_0046,bnk_000000000048,347.00,upi,0.00,0.00,0.00,2025-11-19,dev,0
pay_00000000001217,setl_merchant_1_0046,bnk_000000000048,2713.31,card,62.41,11.23,0.00,2025-11-19,dev,0
pay_00000000001262,setl_merchant_1_0046,bnk_000000000048,278.74,upi,0.00,0.00,2.79,2025-11-19,dev,0
pay_00000000001270,setl_merchant_1_0046,bnk_000000000048,1522.53,card,35.02,6.30,0.00,2025-11-19,dev,0
pay_00000000001400,setl_merchant_1_0046,bnk_000000000048,205.00,card,4.72,0.85,0.00,2025-11-19,dev,0
pay_00000000001507,setl_merchant_1_0046,bnk_000000000048,834.13,wallet,15.01,2.70,8.34,2025-11-19,dev,0
pay_00000000001580,setl_merchant_1_0046,bnk_000000000048,922.00,upi,0.00,0.00,9.22,2025-11-19,dev,0
pay_00000000001636,setl_merchant_1_0046,bnk_000000000048,705.00,netbanking,15.00,2.70,7.05,2025-11-19,dev,0
pay_00000000001662,setl_merchant_1_0046,bnk_000000000048,1019.99,netbanking,15.00,2.70,10.20,2025-11-19,dev,0
pay_00000000001857,setl_merchant_1_0046,bnk_000000000048,282.26,card,6.49,1.17,0.00,2025-11-19,dev,0
pay_00000000001873,setl_merchant_1_0046,bnk_000000000048,516.00,upi,0.00,0.00,5.16,2025-11-19,dev,0
pay_00000000001918,setl_merchant_1_0046,bnk_000000000048,595.00,card,13.69,2.46,0.00,2025-11-19,dev,0
pay_00000000001976,setl_merchant_1_0046,bnk_000000000048,910.00,netbanking,15.00,2.70,9.10,2025-11-19,dev,0
pay_00000000001986,setl_merchant_1_0046,bnk_000000000048,105.83,upi,0.00,0.00,0.00,2025-11-19,dev,0
pay_00000000002004,setl_merchant_1_0046,bnk_000000000048,623.22,upi,0.00,0.00,6.23,2025-11-19,dev,0
pay_00000000002015,setl_merchant_1_0046,bnk_000000000048,378.00,upi,0.00,0.00,3.78,2025-11-19,dev,0
pay_00000000002064,setl_merchant_1_0046,bnk_000000000048,180.00,upi,0.00,0.00,0.00,2025-11-19,dev,0
pay_00000000002106,setl_merchant_1_0046,bnk_000000000048,1052.16,card,24.20,4.36,10.52,2025-11-19,dev,0
pay_00000000002235,setl_merchant_1_0046,bnk_000000000048,988.99,upi,0.00,0.00,9.89,2025-11-19,dev,0
pay_00000000002248,setl_merchant_1_0046,bnk_000000000048,1009.49,card,23.22,4.18,10.09,2025-11-19,dev,0
pay_00000000002274,setl_merchant_1_0046,bnk_000000000048,212.99,upi,0.00,0.00,2.13,2025-11-19,dev,0
pay_00000000002285,setl_merchant_1_0046,bnk_000000000048,1099.78,upi,0.00,0.00,11.00,2025-11-19,dev,0
pay_00000000002402,setl_merchant_1_0046,bnk_000000000048,220.90,upi,0.00,0.00,2.21,2025-11-19,dev,0
pay_00000000002550,setl_merchant_1_0046,bnk_000000000048,462.99,upi,0.00,0.00,4.63,2025-11-19,dev,0
pay_00000000002563,setl_merchant_1_0046,bnk_000000000048,262.99,upi,0.00,0.00,0.00,2025-11-19,dev,0
pay_00000000002584,setl_merchant_1_0046,bnk_000000000048,243.99,upi,0.00,0.00,2.44,2025-11-19,dev,0
pay_00000000002603,setl_merchant_1_0046,bnk_000000000048,3231.00,netbanking,15.00,2.70,32.31,2025-11-19,dev,0
pay_00000000002740,setl_merchant_1_0046,bnk_000000000048,818.00,upi,0.00,0.00,8.18,2025-11-19,dev,0
pay_00000000002757,setl_merchant_1_0046,bnk_000000000048,317.59,upi,0.00,0.00,0.00,2025-11-19,dev,0
pay_00000000002884,setl_merchant_1_0046,bnk_000000000048,465.12,card,10.70,1.93,0.00,2025-11-19,dev,0
pay_00000000002924,setl_merchant_1_0046,bnk_000000000048,165.72,upi,0.00,0.00,0.00,2025-11-19,dev,0
pay_00000000002979,setl_merchant_1_0046,bnk_000000000048,3497.13,upi,0.00,0.00,34.97,2025-11-19,dev,0
pay_00000000003003,setl_merchant_1_0046,bnk_000000000048,508.00,upi,0.00,0.00,5.08,2025-11-19,dev,0
pay_00000000003011,setl_merchant_1_0046,bnk_000000000048,204.00,upi,0.00,0.00,2.04,2025-11-19,dev,0
pay_00000000003069,setl_merchant_1_0046,bnk_000000000048,270.00,upi,0.00,0.00,0.00,2025-11-19,dev,0
pay_00000000003106,setl_merchant_1_0046,bnk_000000000048,208.40,upi,0.00,0.00,0.00,2025-11-19,dev,0
pay_00000000003107,setl_merchant_1_0046,bnk_000000000048,847.08,upi,0.00,0.00,8.47,2025-11-19,dev,0
pay_00000000003208,setl_merchant_1_0046,bnk_000000000048,103.87,card,2.39,0.43,0.00,2025-11-19,dev,0
pay_00000000003251,setl_merchant_1_0046,bnk_000000000048,1528.93,netbanking,15.00,2.70,15.29,2025-11-19,dev,0
pay_00000000003294,setl_merchant_1_0046,bnk_000000000048,347.93,upi,0.00,0.00,3.48,2025-11-19,dev,0
pay_00000000003312,setl_merchant_1_0046,bnk_000000000048,619.48,upi,0.00,0.00,6.19,2025-11-19,dev,0
pay_00000000003360,setl_merchant_1_0046,bnk_000000000048,903.17,wallet,16.26,2.93,9.03,2025-11-19,dev,0
pay_00000000003423,setl_merchant_1_0046,bnk_000000000048,998.99,upi,0.00,0.00,9.99,2025-11-19,dev,0
pay_00000000003458,setl_merchant_1_0046,bnk_000000000048,272.00,upi,0.00,0.00,0.00,2025-11-19,dev,0
pay_00000000003474,setl_merchant_1_0046,bnk_000000000048,362.00,netbanking,15.00,2.70,0.00,2025-11-19,dev,0
pay_00000000003552,setl_merchant_1_0046,bnk_000000000048,365.99,upi,0.00,0.00,3.66,2025-11-19,dev,0
pay_00000000003579,setl_merchant_1_0046,bnk_000000000048,1733.95,wallet,31.21,5.62,0.00,2025-11-19,dev,0
pay_00000000003654,setl_merchant_1_0046,bnk_000000000048,861.25,card,19.81,3.57,0.00,2025-11-19,dev,0
pay_00000000003661,setl_merchant_1_0046,bnk_000000000048,3549.00,card,81.63,14.69,0.00,2025-11-19,dev,0
pay_00000000003688,setl_merchant_1_0046,bnk_000000000048,1278.22,upi,0.00,0.00,12.78,2025-11-19,dev,0
pay_00000000003771,setl_merchant_1_0046,bnk_000000000048,2923.91,upi,0.00,0.00,0.00,2025-11-19,dev,0
pay_00000000003773,setl_merchant_1_0046,bnk_000000000048,1132.99,upi,0.00,0.00,0.00,2025-11-19,dev,0
pay_00000000003782,setl_merchant_1_0046,bnk_000000000048,458.94,upi,0.00,0.00,4.59,2025-11-19,dev,0
pay_00000000003818,setl_merchant_1_0046,bnk_000000000048,1034.93,upi,0.00,0.00,10.35,2025-11-19,dev,0
pay_00000000003834,setl_merchant_1_0046,bnk_000000000048,403.46,upi,0.00,0.00,4.03,2025-11-19,dev,0
pay_00000000003887,setl_merchant_1_0046,bnk_000000000048,508.00,upi,0.00,0.00,0.00,2025-11-19,dev,0
pay_00000000003889,setl_merchant_1_0046,bnk_000000000048,378.99,wallet,6.82,1.23,3.79,2025-11-19,dev,0
pay_00000000004042,setl_merchant_1_0046,bnk_000000000048,947.27,card,21.79,3.92,9.47,2025-11-19,dev,0
pay_00000000004067,setl_merchant_1_0046,bnk_000000000048,716.77,upi,0.00,0.00,7.17,2025-11-19,dev,0
pay_00000000004068,setl_merchant_1_0046,bnk_000000000048,473.52,card,10.89,1.96,4.74,2025-11-19,dev,0
pay_00000000004299,setl_merchant_1_0046,bnk_000000000048,140.99,wallet,2.54,0.46,0.00,2025-11-19,dev,0
pay_00000000004311,setl_merchant_1_0046,bnk_000000000048,203.27,wallet,3.66,0.66,2.03,2025-11-19,dev,0
pay_00000000004375,setl_merchant_1_0046,bnk_000000000048,842.37,card,19.37,3.49,8.42,2025-11-19,dev,0
pay_00000000004410,setl_merchant_1_0046,bnk_000000000048,2954.99,wallet,53.19,9.57,29.55,2025-11-19,dev,0
pay_00000000004430,setl_merchant_1_0046,bnk_000000000048,193.00,upi,0.00,0.00,1.93,2025-11-19,dev,0
pay_00000000004472,setl_merchant_1_0046,bnk_000000000048,948.25,upi,0.00,0.00,9.48,2025-11-19,dev,0
pay_00000000004521,setl_merchant_1_0046,bnk_000000000048,12165.00,card,279.80,50.36,0.00,2025-11-19,dev,0
pay_00000000004564,setl_merchant_1_0046,bnk_000000000048,728.00,card,16.74,3.01,0.00,2025-11-19,dev,0
pay_00000000004595,setl_merchant_1_0046,bnk_000000000048,464.99,card,10.69,1.92,4.65,2025-11-19,dev,0
pay_00000000004675,setl_merchant_1_0046,bnk_000000000048,871.98,card,20.06,3.61,0.00,2025-11-19,dev,0
pay_00000000004685,setl_merchant_1_0046,bnk_000000000048,804.91,upi,0.00,0.00,8.05,2025-11-19,dev,0
pay_00000000004732,setl_merchant_1_0046,bnk_000000000048,3092.00,wallet,55.66,10.02,30.92,2025-11-19,dev,0
pay_00000000004743,setl_merchant_1_0046,bnk_000000000048,903.70,upi,0.00,0.00,0.00,2025-11-19,dev,0
pay_00000000004784,setl_merchant_1_0046,bnk_000000000048,345.00,upi,0.00,0.00,3.45,2025-11-19,dev,0
pay_00000000004795,setl_merchant_1_0046,bnk_000000000048,379.00,upi,0.00,0.00,3.79,2025-11-19,dev,0
pay_00000000004804,setl_merchant_1_0046,bnk_000000000048,251.00,upi,0.00,0.00,2.51,2025-11-19,dev,0
pay_00000000004842,setl_merchant_1_0046,bnk_000000000048,1168.00,upi,0.00,0.00,11.68,2025-11-19,dev,0
pay_00000000004912,setl_merchant_1_0046,bnk_000000000048,620.75,card,14.28,2.57,6.21,2025-11-19,dev,0
pay_00000000004949,setl_merchant_1_0046,bnk_000000000048,524.36,upi,0.00,0.00,0.00,2025-11-19,dev,0
pay_00000000004979,setl_merchant_1_0046,bnk_000000000048,485.47,card,11.17,2.01,0.00,2025-11-19,dev,0
pay_00000000000073,setl_merchant_1_0047,bnk_000000000049,872.00,upi,0.00,0.00,0.00,2025-11-20,dev,0
pay_00000000000104,setl_merchant_1_0047,bnk_000000000049,1030.15,upi,0.00,0.00,10.30,2025-11-20,dev,0
pay_00000000000405,setl_merchant_1_0047,bnk_000000000049,177.76,wallet,3.20,0.58,0.00,2025-11-20,dev,0
pay_00000000000699,setl_merchant_1_0047,bnk_000000000049,659.31,netbanking,15.00,2.70,6.59,2025-11-20,dev,0
pay_00000000001182,setl_merchant_1_0047,bnk_000000000049,836.17,upi,0.00,0.00,8.36,2025-11-20,dev,0
pay_00000000001236,setl_merchant_1_0047,bnk_000000000049,729.39,upi,0.00,0.00,0.00,2025-11-20,dev,0
pay_00000000001743,setl_merchant_1_0047,bnk_000000000049,946.52,wallet,17.04,3.07,9.47,2025-11-20,dev,0
pay_00000000001958,setl_merchant_1_0047,bnk_000000000049,2760.49,upi,0.00,0.00,0.00,2025-11-20,dev,0
pay_00000000002028,setl_merchant_1_0047,bnk_000000000049,1821.35,upi,0.00,0.00,0.00,2025-11-20,dev,0
pay_00000000002351,setl_merchant_1_0047,bnk_000000000049,833.00,upi,0.00,0.00,0.00,2025-11-20,dev,0
pay_00000000002411,setl_merchant_1_0047,bnk_000000000049,4929.00,card,113.37,20.41,49.29,2025-11-20,dev,0
pay_00000000002738,setl_merchant_1_0047,bnk_000000000049,304.55,upi,0.00,0.00,0.00,2025-11-20,dev,0
pay_00000000003084,setl_merchant_1_0047,bnk_000000000049,657.99,card,15.13,2.72,6.58,2025-11-20,dev,0
pay_00000000003306,setl_merchant_1_0047,bnk_000000000049,776.00,card,17.85,3.21,0.00,2025-11-20,dev,0
pay_00000000004143,setl_merchant_1_0047,bnk_000000000049,2858.00,upi,0.00,0.00,0.00,2025-11-20,dev,0
pay_00000000004308,setl_merchant_1_0047,bnk_000000000049,246.08,card,5.66,1.02,2.46,2025-11-20,dev,0
pay_00000000004496,setl_merchant_1_0047,bnk_000000000049,2946.56,card,67.77,12.20,29.47,2025-11-20,dev,0
pay_00000000004518,setl_merchant_1_0047,bnk_000000000049,433.04,netbanking,15.00,2.70,0.00,2025-11-20,dev,0
pay_00000000004721,setl_merchant_1_0047,bnk_000000000049,499.19,wallet,8.99,1.62,0.00,2025-11-20,dev,0
pay_00000000004996,setl_merchant_1_0047,bnk_000000000049,1869.33,upi,0.00,0.00,18.69,2025-11-20,dev,0
pay_00000000000154,setl_merchant_1_0048,bnk_000000000050,1022.46,upi,0.00,0.00,0.00,2025-11-20,dev,0
pay_00000000000160,setl_merchant_1_0048,bnk_000000000050,524.25,upi,0.00,0.00,0.00,2025-11-20,dev,0
pay_00000000000495,setl_merchant_1_0048,bnk_000000000050,329.48,upi,0.00,0.00,0.00,2025-11-20,dev,0
pay_00000000000541,setl_merchant_1_0048,bnk_000000000050,1066.61,wallet,19.20,3.46,0.00,2025-11-20,dev,0
pay_00000000000580,setl_merchant_1_0048,bnk_000000000050,996.00,wallet,17.93,3.23,0.00,2025-11-20,dev,0
pay_00000000001204,setl_merchant_1_0048,bnk_000000000050,4032.26,card,92.74,16.69,40.32,2025-11-20,dev,0
pay_00000000001210,setl_merchant_1_0048,bnk_000000000050,621.32,upi,0.00,0.00,6.21,2025-11-20,dev,0
pay_00000000001375,setl_merchant_1_0048,bnk_000000000050,840.02,card,19.32,3.48,0.00,2025-11-20,dev,0
pay_00000000001423,setl_merchant_1_0048,bnk_000000000050,872.47,upi,0.00,0.00,8.72,2025-11-20,dev,0
pay_00000000001534,setl_merchant_1_0048,bnk_000000000050,836.85,wallet,15.06,2.71,0.00,2025-11-20,dev,0
pay_00000000001694,setl_merchant_1_0048,bnk_000000000050,677.99,card,15.59,2.81,0.00,2025-11-20,dev,0
pay_00000000001732,setl_merchant_1_0048,bnk_000000000050,934.25,netbanking,15.00,2.70,9.34,2025-11-20,dev,0
pay_00000000002445,setl_merchant_1_0048,bnk_000000000050,1030.00,netbanking,15.00,2.70,0.00,2025-11-20,dev,0
pay_00000000002756,setl_merchant_1_0048,bnk_000000000050,388.68,upi,0.00,0.00,0.00,2025-11-20,dev,0
pay_00000000002855,setl_merchant_1_0048,bnk_000000000050,989.00,netbanking,15.00,2.70,9.89,2025-11-20,dev,0
pay_00000000002910,setl_merchant_1_0048,bnk_000000000050,322.99,card,7.43,1.34,0.00,2025-11-20,dev,0
pay_00000000002980,setl_merchant_1_0048,bnk_000000000050,390.00,upi,0.00,0.00,0.00,2025-11-20,dev,0
pay_00000000002998,setl_merchant_1_0048,bnk_000000000050,767.99,wallet,13.82,2.49,7.68,2025-11-20,dev,0
pay_00000000003169,setl_merchant_1_0048,bnk_000000000050,1851.99,upi,0.00,0.00,18.52,2025-11-20,dev,0
pay_00000000003387,setl_merchant_1_0048,bnk_000000000050,781.99,upi,0.00,0.00,0.00,2025-11-20,dev,0
pay_00000000003546,setl_merchant_1_0048,bnk_000000000050,1420.99,upi,0.00,0.00,0.00,2025-11-20,dev,0
pay_00000000003743,setl_merchant_1_0048,bnk_000000000050,3004.00,wallet,54.07,9.73,30.04,2025-11-20,dev,0
pay_00000000003940,setl_merchant_1_0048,bnk_000000000050,506.20,card,11.64,2.10,5.06,2025-11-20,dev,0
pay_00000000003948,setl_merchant_1_0048,bnk_000000000050,1243.00,card,28.59,5.15,0.00,2025-11-20,dev,0
pay_00000000004007,setl_merchant_1_0048,bnk_000000000050,436.00,upi,0.00,0.00,4.36,2025-11-20,dev,0
pay_00000000004043,setl_merchant_1_0048,bnk_000000000050,535.83,wallet,9.64,1.74,5.36,2025-11-20,dev,0
pay_00000000004324,setl_merchant_1_0048,bnk_000000000050,965.99,card,22.22,4.00,9.66,2025-11-20,dev,0
pay_00000000004601,setl_merchant_1_0048,bnk_000000000050,369.22,card,8.49,1.53,3.69,2025-11-20,dev,0
pay_00000000004671,setl_merchant_1_0048,bnk_000000000050,912.99,netbanking,15.00,2.70,9.13,2025-11-20,dev,0
pay_00000000000144,setl_merchant_1_0049,bnk_000000000051,908.00,upi,0.00,0.00,9.08,2025-11-20,dev,0
pay_00000000000225,setl_merchant_1_0049,bnk_000000000051,7586.45,upi,0.00,0.00,75.86,2025-11-20,dev,0
pay_00000000000253,setl_merchant_1_0049,bnk_000000000051,216.00,netbanking,15.00,2.70,2.16,2025-11-20,dev,0
pay_00000000000284,setl_merchant_1_0049,bnk_000000000051,804.50,card,18.50,3.33,0.00,2025-11-20,dev,0
pay_00000000000378,setl_merchant_1_0049,bnk_000000000051,1950.21,card,44.85,8.07,0.00,2025-11-20,dev,0
pay_00000000000423,setl_merchant_1_0049,bnk_000000000051,880.05,upi,0.00,0.00,0.00,2025-11-20,dev,0
pay_00000000000424,setl_merchant_1_0049,bnk_000000000051,753.93,upi,0.00,0.00,7.54,2025-11-20,dev,0
pay_00000000000431,setl_merchant_1_0049,bnk_000000000051,789.80,upi,0.00,0.00,7.90,2025-11-20,dev,0
pay_00000000000444,setl_merchant_1_0049,bnk_000000000051,146.38,card,3.37,0.61,1.46,2025-11-20,dev,0
pay_00000000000484,setl_merchant_1_0049,bnk_000000000051,340.00,upi,0.00,0.00,3.40,2025-11-20,dev,0
pay_00000000000610,setl_merchant_1_0049,bnk_000000000051,1005.99,upi,0.00,0.00,0.00,2025-11-20,dev,0
pay_00000000000667,setl_merchant_1_0049,bnk_000000000051,319.38,card,7.35,1.32,0.00,2025-11-20,dev,0
pay_00000000000680,setl_merchant_1_0049,bnk_000000000051,773.99,upi,0.00,0.00,0.00,2025-11-20,dev,0
pay_00000000000811,setl_merchant_1_0049,bnk_000000000051,891.72,wallet,16.05,2.89,0.00,2025-11-20,dev,0
pay_00000000000832,setl_merchant_1_0049,bnk_000000000051,1797.00,card,41.33,7.44,17.97,2025-11-20,dev,0
pay_00000000000854,setl_merchant_1_0049,bnk_000000000051,2959.49,upi,0.00,0.00,29.59,2025-11-20,dev,0
pay_00000000001035,setl_merchant_1_0049,bnk_000000000051,575.66,card,13.24,2.38,5.76,2025-11-20,dev,0
pay_00000000001130,setl_merchant_1_0049,bnk_000000000051,474.42,netbanking,15.00,2.70,4.74,2025-11-20,dev,0
pay_00000000001172,setl_merchant_1_0049,bnk_000000000051,571.36,wallet,10.28,1.85,0.00,2025-11-20,dev,0
pay_00000000001291,setl_merchant_1_0049,bnk_000000000051,182.99,netbanking,15.00,2.70,1.83,2025-11-20,dev,0
pay_00000000001320,setl_merchant_1_0049,bnk_000000000051,165.47,netbanking,15.00,2.70,0.00,2025-11-20,dev,0
pay_00000000001517,setl_merchant_1_0049,bnk_000000000051,637.65,upi,0.00,0.00,0.00,2025-11-20,dev,0
pay_00000000001598,setl_merchant_1_0049,bnk_000000000051,211.69,upi,0.00,0.00,0.00,2025-11-20,dev,0
pay_00000000001616,setl_merchant_1_0049,bnk_000000000051,943.00,card,21.69,3.90,9.43,2025-11-20,dev,0
pay_00000000001629,setl_merchant_1_0049,bnk_000000000051,3194.00,card,73.46,13.22,31.94,2025-11-20,dev,0
pay_00000000001691,setl_merchant_1_0049,bnk_000000000051,827.66,upi,0.00,0.00,8.28,2025-11-20,dev,0
pay_00000000001753,setl_merchant_1_0049,bnk_000000000051,198.76,upi,0.00,0.00,1.99,2025-11-20,dev,0
pay_00000000001856,setl_merchant_1_0049,bnk_000000000051,962.56,netbanking,15.00,2.70,9.63,2025-11-20,dev,0
pay_00000000001921,setl_merchant_1_0049,bnk_000000000051,1711.00,upi,0.00,0.00,17.11,2025-11-20,dev,0
pay_00000000001985,setl_merchant_1_0049,bnk_000000000051,615.00,card,14.15,2.55,6.15,2025-11-20,dev,0
pay_00000000002027,setl_merchant_1_0049,bnk_000000000051,377.00,wallet,6.79,1.22,3.77,2025-11-20,dev,0
pay_00000000002054,setl_merchant_1_0049,bnk_000000000051,761.00,upi,0.00,0.00,0.00,2025-11-20,dev,0
pay_00000000002226,setl_merchant_1_0049,bnk_000000000051,1368.31,upi,0.00,0.00,0.00,2025-11-20,dev,0
pay_00000000002435,setl_merchant_1_0049,bnk_000000000051,674.23,card,15.51,2.79,6.74,2025-11-20,dev,0
pay_00000000002482,setl_merchant_1_0049,bnk_000000000051,601.46,upi,0.00,0.00,0.00,2025-11-20,dev,0
pay_00000000002487,setl_merchant_1_0049,bnk_000000000051,652.00,card,15.00,2.70,6.52,2025-11-20,dev,0
pay_00000000002573,setl_merchant_1_0049,bnk_000000000051,329.00,upi,0.00,0.00,3.29,2025-11-20,dev,0
pay_00000000002598,setl_merchant_1_0049,bnk_000000000051,791.78,card,18.21,3.28,7.92,2025-11-20,dev,0
pay_00000000002668,setl_merchant_1_0049,bnk_000000000051,1473.00,upi,0.00,0.00,0.00,2025-11-20,dev,0
pay_00000000002698,setl_merchant_1_0049,bnk_000000000051,1002.99,upi,0.00,0.00,0.00,2025-11-20,dev,0
pay_00000000002713,setl_merchant_1_0049,bnk_000000000051,1762.99,card,40.55,7.30,0.00,2025-11-20,dev,0
pay_00000000002988,setl_merchant_1_0049,bnk_000000000051,443.07,card,10.19,1.83,0.00,2025-11-20,dev,0
pay_00000000003243,setl_merchant_1_0049,bnk_000000000051,802.00,upi,0.00,0.00,0.00,2025-11-20,dev,0
pay_00000000003323,setl_merchant_1_0049,bnk_000000000051,423.99,upi,0.00,0.00,4.24,2025-11-20,dev,0
pay_00000000003330,setl_merchant_1_0049,bnk_000000000051,557.06,upi,0.00,0.00,0.00,2025-11-20,dev,0
pay_00000000003361,setl_merchant_1_0049,bnk_000000000051,432.28,card,9.94,1.79,0.00,2025-11-20,dev,0
pay_00000000003365,setl_merchant_1_0049,bnk_000000000051,524.00,wallet,9.43,1.70,0.00,2025-11-20,dev,0
pay_00000000003429,setl_merchant_1_0049,bnk_000000000051,649.94,card,14.95,2.69,0.00,2025-11-20,dev,0
pay_00000000003694,setl_merchant_1_0049,bnk_000000000051,3118.14,card,71.72,12.91,31.18,2025-11-20,dev,0
pay_00000000003732,setl_merchant_1_0049,bnk_000000000051,2977.00,card,68.47,12.32,0.00,2025-11-20,dev,0
pay_00000000003876,setl_merchant_1_0049,bnk_000000000051,218.99,netbanking,15.00,2.70,2.19,2025-11-20,dev,0
pay_00000000003943,setl_merchant_1_0049,bnk_000000000051,840.25,upi,0.00,0.00,0.00,2025-11-20,dev,0
pay_00000000003997,setl_merchant_1_0049,bnk_000000000051,263.00,card,6.05,1.09,2.63,2025-11-20,dev,0
pay_00000000004148,setl_merchant_1_0049,bnk_000000000051,981.16,upi,0.00,0.00,0.00,2025-11-20,dev,0
pay_00000000004166,setl_merchant_1_0049,bnk_000000000051,530.00,upi,0.00,0.00,5.30,2025-11-20,dev,0
pay_00000000004168,setl_merchant_1_0049,bnk_000000000051,1671.00,upi,0.00,0.00,0.00,2025-11-20,dev,0
pay_00000000004239,setl_merchant_1_0049,bnk_000000000051,314.00,upi,0.00,0.00,3.14,2025-11-20,dev,0
pay_00000000004293,setl_merchant_1_0049,bnk_000000000051,2409.70,upi,0.00,0.00,0.00,2025-11-20,dev,0
pay_00000000004555,setl_merchant_1_0049,bnk_000000000051,2876.01,upi,0.00,0.00,0.00,2025-11-20,dev,0
pay_00000000004737,setl_merchant_1_0049,bnk_000000000051,3189.72,card,73.36,13.20,0.00,2025-11-20,dev,0
pay_00000000004894,setl_merchant_1_0049,bnk_000000000051,997.07,upi,0.00,0.00,0.00,2025-11-20,dev,0
pay_00000000004982,setl_merchant_1_0049,bnk_000000000051,2918.56,card,67.13,12.08,0.00,2025-11-20,dev,0
pay_00000000000012,setl_merchant_1_0050,bnk_000000000052,2623.89,card,60.35,10.86,26.24,2025-11-20,dev,0
pay_00000000000068,setl_merchant_1_0050,bnk_000000000052,850.15,upi,0.00,0.00,0.00,2025-11-20,dev,0
pay_00000000000334,setl_merchant_1_0050,bnk_000000000052,653.99,upi,0.00,0.00,6.54,2025-11-20,dev,0
pay_00000000000661,setl_merchant_1_0050,bnk_000000000052,927.13,card,21.32,3.84,9.27,2025-11-20,dev,0
pay_00000000000686,setl_merchant_1_0050,bnk_000000000052,2039.00,upi,0.00,0.00,0.00,2025-11-20,dev,0
pay_00000000000752,setl_merchant_1_0050,bnk_000000000052,619.36,wallet,11.15,2.01,0.00,2025-11-20,dev,0
pay_00000000000780,setl_merchant_1_0050,bnk_000000000052,291.44,upi,0.00,0.00,0.00,2025-11-20,dev,0
pay_00000000000849,setl_merchant_1_0050,bnk_000000000052,762.44,card,17.54,3.16,0.00,2025-11-20,dev,0
pay_00000000000905,setl_merchant_1_0050,bnk_000000000052,1801.00,netbanking,15.00,2.70,18.01,2025-11-20,dev,0
pay_00000000001099,setl_merchant_1_0050,bnk_000000000052,442.89,upi,0.00,0.00,4.43,2025-11-20,dev,0
pay_00000000001239,setl_merchant_1_0050,bnk_000000000052,458.00,upi,0.00,0.00,4.58,2025-11-20,dev,0
pay_00000000001295,setl_merchant_1_0050,bnk_000000000052,750.64,upi,0.00,0.00,0.00,2025-11-20,dev,0
pay_00000000001383,setl_merchant_1_0050,bnk_000000000052,4275.00,card,98.33,17.70,0.00,2025-11-20,dev,0
pay_00000000001495,setl_merchant_1_0050,bnk_000000000052,1295.91,card,29.81,5.37,12.96,2025-11-20,dev,0
pay_00000000001522,setl_merchant_1_0050,bnk_000000000052,637.42,wallet,11.47,2.06,0.00,2025-11-20,dev,0
pay_00000000001560,setl_merchant_1_0050,bnk_000000000052,861.00,upi,0.00,0.00,8.61,2025-11-20,dev,0
pay_00000000001642,setl_merchant_1_0050,bnk_000000000052,107.93,upi,0.00,0.00,0.00,2025-11-20,dev,0
pay_00000000001735,setl_merchant_1_0050,bnk_000000000052,638.87,card,14.69,2.64,0.00,2025-11-20,dev,0
pay_00000000001817,setl_merchant_1_0050,bnk_000000000052,297.69,upi,0.00,0.00,0.00,2025-11-20,dev,0
pay_00000000002075,setl_merchant_1_0050,bnk_000000000052,514.48,upi,0.00,0.00,0.00,2025-11-20,dev,0
pay_00000000002276,setl_merchant_1_0050,bnk_000000000052,2862.13,netbanking,15.00,2.70,28.62,2025-11-20,dev,0
pay_00000000002293,setl_merchant_1_0050,bnk_000000000052,801.74,wallet,14.43,2.60,8.02,2025-11-20,dev,0
pay_00000000002381,setl_merchant_1_0050,bnk_000000000052,1115.52,upi,0.00,0.00,11.16,2025-11-20,dev,0
pay_00000000002448,setl_merchant_1_0050,bnk_000000000052,220.29,wallet,3.97,0.71,0.00,2025-11-20,dev,0
pay_00000000002483,setl_merchant_1_0050,bnk_000000000052,1883.00,wallet,33.89,6.10,0.00,2025-11-20,dev,0
pay_00000000002594,setl_merchant_1_0050,bnk_000000000052,354.23,upi,0.00,0.00,0.00,2025-11-20,dev,0
pay_00000000002791,setl_merchant_1_0050,bnk_000000000052,224.00,upi,0.00,0.00,2.24,2025-11-20,dev,0
pay_00000000003104,setl_merchant_1_0050,bnk_000000000052,389.00,wallet,7.00,1.26,0.00,2025-11-20,dev,0
pay_00000000003239,setl_merchant_1_0050,bnk_000000000052,744.00,card,17.11,3.08,0.00,2025-11-20,dev,0
pay_00000000003283,setl_merchant_1_0050,bnk_000000000052,3159.60,upi,0.00,0.00,31.60,2025-11-20,dev,0
pay_00000000003394,setl_merchant_1_0050,bnk_000000000052,483.02,netbanking,15.00,2.70,0.00,2025-11-20,dev,0
pay_00000000003433,setl_merchant_1_0050,bnk_000000000052,510.54,upi,0.00,0.00,0.00,2025-11-20,dev,0
pay_00000000003463,setl_merchant_1_0050,bnk_000000000052,992.00,upi,0.00,0.00,9.92,2025-11-20,dev,0
pay_00000000003481,setl_merchant_1_0050,bnk_000000000052,350.84,upi,0.00,0.00,3.51,2025-11-20,dev,0
pay_00000000003545,setl_merchant_1_0050,bnk_000000000052,894.84,upi,0.00,0.00,8.95,2025-11-20,dev,0
pay_00000000003632,setl_merchant_1_0050,bnk_000000000052,3599.31,wallet,64.79,11.66,35.99,2025-11-20,dev,0
pay_00000000003780,setl_merchant_1_0050,bnk_000000000052,707.71,upi,0.00,0.00,7.08,2025-11-20,dev,0
pay_00000000003812,setl_merchant_1_0050,bnk_000000000052,925.00,wallet,16.65,3.00,0.00,2025-11-20,dev,0
pay_00000000003945,setl_merchant_1_0050,bnk_000000000052,358.56,upi,0.00,0.00,0.00,2025-11-20,dev,0
pay_00000000004019,setl_merchant_1_0050,bnk_000000000052,2167.00,upi,0.00,0.00,0.00,2025-11-20,dev,0
pay_00000000004247,setl_merchant_1_0050,bnk_000000000052,605.99,card,13.94,2.51,0.00,2025-11-20,dev,0
pay_00000000004277,setl_merchant_1_0050,bnk_000000000052,438.69,upi,0.00,0.00,0.00,2025-11-20,dev,0
pay_00000000004373,setl_merchant_1_0050,bnk_000000000052,442.00,card,10.17,1.83,4.42,2025-11-20,dev,0
pay_00000000004383,setl_merchant_1_0050,bnk_000000000052,1060.99,card,24.40,4.39,10.61,2025-11-20,dev,0
pay_00000000004399,setl_merchant_1_0050,bnk_000000000052,241.83,upi,0.00,0.00,2.42,2025-11-20,dev,0
pay_00000000004425,setl_merchant_1_0050,bnk_000000000052,748.07,card,17.21,3.10,7.48,2025-11-20,dev,0
pay_00000000004484,setl_merchant_1_0050,bnk_000000000052,875.00,upi,0.00,0.00,8.75,2025-11-20,dev,0
pay_00000000004665,setl_merchant_1_0050,bnk_000000000052,381.42,upi,0.00,0.00,0.00,2025-11-20,dev,0
pay_00000000004946,setl_merchant_1_0050,bnk_000000000052,238.99,upi,0.00,0.00,0.00,2025-11-20,dev,0
pay_00000000004950,setl_merchant_1_0050,bnk_000000000052,581.51,wallet,10.47,1.88,5.82,2025-11-20,dev,0
pay_00000000001659,setl_merchant_1_0051,bnk_000000000053,819.33,wallet,14.75,2.66,8.19,2025-11-21,dev,0
pay_00000000001701,setl_merchant_1_0051,bnk_000000000053,790.01,netbanking,15.00,2.70,7.90,2025-11-21,dev,0
pay_00000000002604,setl_merchant_1_0051,bnk_000000000053,881.00,wallet,15.86,2.85,8.81,2025-11-21,dev,0
pay_00000000002681,setl_merchant_1_0051,bnk_000000000053,911.00,upi,0.00,0.00,9.11,2025-11-21,dev,0
pay_00000000002688,setl_merchant_1_0051,bnk_000000000053,2956.00,wallet,53.21,9.58,29.56,2025-11-21,dev,0
pay_00000000003733,setl_merchant_1_0051,bnk_000000000053,915.04,upi,0.00,0.00,0.00,2025-11-21,dev,0
pay_00000000004132,setl_merchant_1_0051,bnk_000000000053,6686.99,upi,0.00,0.00,0.00,2025-11-21,dev,0
pay_00000000004488,setl_merchant_1_0051,bnk_000000000053,1789.00,netbanking,15.00,2.70,0.00,2025-11-21,dev,0
pay_00000000004782,setl_merchant_1_0051,bnk_000000000053,997.06,wallet,17.95,3.23,0.00,2025-11-21,dev,0
pay_00000000004925,setl_merchant_1_0051,bnk_000000000053,962.00,upi,0.00,0.00,9.62,2025-11-21,dev,0
pay_00000000004957,setl_merchant_1_0051,bnk_000000000053,3354.00,upi,0.00,0.00,33.54,2025-11-21,dev,0
pay_00000000000018,setl_merchant_1_0052,bnk_000000000054,684.43,card,15.74,2.83,0.00,2025-11-21,dev,0
pay_00000000000056,setl_merchant_1_0052,bnk_000000000054,583.92,upi,0.00,0.00,5.84,2025-11-21,dev,0
pay_00000000000355,setl_merchant_1_0052,bnk_000000000054,725.50,netbanking,15.00,2.70,7.26,2025-11-21,dev,0
pay_00000000000411,setl_merchant_1_0052,bnk_000000000054,294.40,upi,0.00,0.00,2.94,2025-11-21,dev,0
pay_00000000000412,setl_merchant_1_0052,bnk_000000000054,910.16,card,20.93,3.77,0.00,2025-11-21,dev,0
pay_00000000000468,setl_merchant_1_0052,bnk_000000000054,545.00,upi,0.00,0.00,5.45,2025-11-21,dev,0
pay_00000000000858,setl_merchant_1_0052,bnk_000000000054,2489.00,card,57.25,10.31,24.89,2025-11-21,dev,0
pay_00000000000909,setl_merchant_1_0052,bnk_000000000054,645.06,card,14.84,2.67,0.00,2025-11-21,dev,0
pay_00000000000951,setl_merchant_1_0052,bnk_000000000054,16150.99,card,371.47,66.86,0.00,2025-11-21,dev,0
pay_00000000000976,setl_merchant_1_0052,bnk_000000000054,736.10,wallet,13.25,2.39,0.00,2025-11-21,dev,0
pay_00000000001277,setl_merchant_1_0052,bnk_000000000054,262.05,card,6.03,1.09,0.00,2025-11-21,dev,0
pay_00000000001370,setl_merchant_1_0052,bnk_000000000054,589.01,upi,0.00,0.00,5.89,2025-11-21,dev,0
pay_00000000001540,setl_merchant_1_0052,bnk_000000000054,980.00,upi,0.00,0.00,0.00,2025-11-21,dev,0
pay_00000000001655,setl_merchant_1_0052,bnk_000000000054,1099.13,card,25.28,4.55,10.99,2025-11-21,dev,0
pay_00000000001685,setl_merchant_1_0052,bnk_000000000054,740.49,upi,0.00,0.00,7.40,2025-11-21,dev,0
pay_00000000001745,setl_merchant_1_0052,bnk_000000000054,493.49,card,11.35,2.04,0.00,2025-11-21,dev,0
pay_00000000001956,setl_merchant_1_0052,bnk_000000000054,305.00,card,7.02,1.26,3.05,2025-11-21,dev,0
pay_00000000002020,setl_merchant_1_0052,bnk_000000000054,1837.38,netbanking,15.00,2.70,0.00,2025-11-21,dev,0
pay_00000000002087,setl_merchant_1_0052,bnk_000000000054,161.95,upi,0.00,0.00,1.62,2025-11-21,dev,0
pay_00000000002262,setl_merchant_1_0052,bnk_000000000054,658.14,card,15.14,2.73,0.00,2025-11-21,dev,0
pay_00000000002328,setl_merchant_1_0052,bnk_000000000054,877.00,upi,0.00,0.00,8.77,2025-11-21,dev,0
pay_00000000002429,setl_merchant_1_0052,bnk_000000000054,2467.46,wallet,44.41,7.99,24.67,2025-11-21,dev,0
pay_00000000002659,setl_merchant_1_0052,bnk_000000000054,1071.34,upi,0.00,0.00,10.71,2025-11-21,dev,0
pay_00000000002820,setl_merchant_1_0052,bnk_000000000054,758.61,card,17.45,3.14,7.59,2025-11-21,dev,0
pay_00000000002872,setl_merchant_1_0052,bnk_000000000054,1065.00,upi,0.00,0.00,0.00,2025-11-21,dev,0
pay_00000000002987,setl_merchant_1_0052,bnk_000000000054,584.55,card,13.44,2.42,5.85,2025-11-21,dev,0
pay_00000000003278,setl_merchant_1_0052,bnk_000000000054,311.00,card,7.15,1.29,3.11,2025-11-21,dev,0
pay_00000000003345,setl_merchant_1_0052,bnk_000000000054,4230.19,card,97.29,17.51,0.00,2025-11-21,dev,0
pay_00000000003352,setl_merchant_1_0052,bnk_000000000054,626.09,upi,0.00,0.00,6.26,2025-11-21,dev,0
pay_00000000003381,setl_merchant_1_0052,bnk_000000000054,2508.00,upi,0.00,0.00,0.00,2025-11-21,dev,0
pay_00000000003584,setl_merchant_1_0052,bnk_000000000054,3590.95,netbanking,15.00,2.70,0.00,2025-11-21,dev,0
pay_00000000003595,setl_merchant_1_0052,bnk_000000000054,2927.00,upi,0.00,0.00,29.27,2025-11-21,dev,0
pay_00000000003806,setl_merchant_1_0052,bnk_000000000054,341.00,upi,0.00,0.00,0.00,2025-11-21,dev,0
pay_00000000003820,setl_merchant_1_0052,bnk_000000000054,648.99,upi,0.00,0.00,0.00,2025-11-21,dev,0
pay_00000000003915,setl_merchant_1_0052,bnk_000000000054,445.99,card,10.26,1.85,4.46,2025-11-21,dev,0
pay_00000000003998,setl_merchant_1_0052,bnk_000000000054,838.83,upi,0.00,0.00,8.39,2025-11-21,dev,0
pay_00000000004018,setl_merchant_1_0052,bnk_000000000054,518.87,upi,0.00,0.00,5.19,2025-11-21,dev,0
pay_00000000004169,setl_merchant_1_0052,bnk_000000000054,380.00,upi,0.00,0.00,3.80,2025-11-21,dev,0
pay_00000000004264,setl_merchant_1_0052,bnk_000000000054,934.42,card,21.49,3.87,0.00,2025-11-21,dev,0
pay_00000000004658,setl_merchant_1_0052,bnk_000000000054,1057.50,upi,0.00,0.00,10.58,2025-11-21,dev,0
pay_00000000004712,setl_merchant_1_0052,bnk_000000000054,275.99,upi,0.00,0.00,2.76,2025-11-21,dev,0
pay_00000000004857,setl_merchant_1_0052,bnk_000000000054,1023.00,wallet,18.41,3.31,10.23,2025-11-21,dev,0
pay_00000000004956,setl_merchant_1_0052,bnk_000000000054,505.39,wallet,9.10,1.64,0.00,2025-11-21,dev,0
pay_00000000000089,setl_merchant_1_0053,bnk_000000000055,145.83,upi,0.00,0.00,0.00,2025-11-21,dev,0
pay_00000000000111,setl_merchant_1_0053,bnk_000000000055,17370.00,netbanking,15.00,2.70,0.00,2025-11-21,dev,0
pay_00000000000353,setl_merchant_1_0053,bnk_000000000055,581.00,upi,0.00,0.00,5.81,2025-11-21,dev,0
pay_00000000000695,setl_merchant_1_0053,bnk_000000000055,3306.00,card,76.04,13.69,33.06,2025-11-21,dev,0
pay_00000000000804,setl_merchant_1_0053,bnk_000000000055,577.97,wallet,10.40,1.87,0.00,2025-11-21,dev,0
pay_00000000000855,setl_merchant_1_0053,bnk_000000000055,1855.45,card,42.68,7.68,18.55,2025-11-21,dev,0
pay_00000000001003,setl_merchant_1_0053,bnk_000000000055,712.00,upi,0.00,0.00,0.00,2025-11-21,dev,0
pay_00000000001173,setl_merchant_1_0053,bnk_000000000055,597.99,upi,0.00,0.00,5.98,2025-11-21,dev,0
pay_00000000001203,setl_merchant_1_0053,bnk_000000000055,774.00,card,17.80,3.20,0.00,2025-11-21,dev,0
pay_00000000001235,setl_merchant_1_0053,bnk_000000000055,419.24,upi,0.00,0.00,4.19,2025-11-21,dev,0
pay_00000000001305,setl_merchant_1_0053,bnk_000000000055,1273.29,upi,0.00,0.00,0.00,2025-11-21,dev,0
pay_00000000001330,setl_merchant_1_0053,bnk_000000000055,252.96,upi,0.00,0.00,2.53,2025-11-21,dev,0
pay_00000000001364,setl_merchant_1_0053,bnk_000000000055,268.99,upi,0.00,0.00,0.00,2025-11-21,dev,0
pay_00000000001395,setl_merchant_1_0053,bnk_000000000055,2879.29,card,66.22,11.92,28.79,2025-11-21,dev,0
pay_00000000001485,setl_merchant_1_0053,bnk_000000000055,818.00,wallet,14.72,2.65,0.00,2025-11-21,dev,0
pay_00000000001491,setl_merchant_1_0053,bnk_000000000055,150.73,card,3.47,0.62,0.00,2025-11-21,dev,0
pay_00000000001546,setl_merchant_1_0053,bnk_000000000055,969.00,upi,0.00,0.00,9.69,2025-11-21,dev,0
pay_00000000001579,setl_merchant_1_0053,bnk_000000000055,438.00,upi,0.00,0.00,4.38,2025-11-21,dev,0
pay_00000000001761,setl_merchant_1_0053,bnk_000000000055,528.41,card,12.15,2.19,0.00,2025-11-21,dev,0
pay_00000000001883,setl_merchant_1_0053,bnk_000000000055,523.27,netbanking,15.00,2.70,0.00,2025-11-21,dev,0
pay_00000000002012,setl_merchant_1_0053,bnk_000000000055,1065.99,netbanking,15.00,2.70,10.66,2025-11-21,dev,0
pay_00000000002294,setl_merchant_1_0053,bnk_000000000055,908.00,upi,0.00,0.00,9.08,2025-11-21,dev,0
pay_00000000002323,setl_merchant_1_0053,bnk_000000000055,166.89,card,3.84,0.69,0.00,2025-11-21,dev,0
pay_00000000002414,setl_merchant_1_0053,bnk_000000000055,499.35,upi,0.00,0.00,0.00,2025-11-21,dev,0
pay_00000000002415,setl_merchant_1_0053,bnk_000000000055,431.00,upi,0.00,0.00,0.00,2025-11-21,dev,0
pay_00000000002455,setl_merchant_1_0053,bnk_000000000055,1051.00,upi,0.00,0.00,10.51,2025-11-21,dev,0
pay_00000000002462,setl_merchant_1_0053,bnk_000000000055,7861.21,card,180.81,32.55,78.61,2025-11-21,dev,0
pay_00000000002486,setl_merchant_1_0053,bnk_000000000055,283.43,upi,0.00,0.00,0.00,2025-11-21,dev,0
pay_00000000002498,setl_merchant_1_0053,bnk_000000000055,853.51,upi,0.00,0.00,0.00,2025-11-21,dev,0
pay_00000000002560,setl_merchant_1_0053,bnk_000000000055,746.56,card,17.17,3.09,0.00,2025-11-21,dev,0
pay_00000000002572,setl_merchant_1_0053,bnk_000000000055,507.00,card,11.66,2.10,5.07,2025-11-21,dev,0
pay_00000000002682,setl_merchant_1_0053,bnk_000000000055,415.36,upi,0.00,0.00,0.00,2025-11-21,dev,0
pay_00000000002696,setl_merchant_1_0053,bnk_000000000055,1050.80,upi,0.00,0.00,0.00,2025-11-21,dev,0
pay_00000000002769,setl_merchant_1_0053,bnk_000000000055,841.13,card,19.35,3.48,8.41,2025-11-21,dev,0
pay_00000000002887,setl_merchant_1_0053,bnk_000000000055,363.99,netbanking,15.00,2.70,3.64,2025-11-21,dev,0
pay_00000000002922,setl_merchant_1_0053,bnk_000000000055,2242.73,upi,0.00,0.00,0.00,2025-11-21,dev,0
pay_00000000002978,setl_merchant_1_0053,bnk_000000000055,709.00,upi,0.00,0.00,7.09,2025-11-21,dev,0
pay_00000000002996,setl_merchant_1_0053,bnk_000000000055,2062.99,card,47.45,8.54,20.63,2025-11-21,dev,0
pay_00000000003012,setl_merchant_1_0053,bnk_000000000055,355.00,wallet,6.39,1.15,3.55,2025-11-21,dev,0
pay_00000000003074,setl_merchant_1_0053,bnk_000000000055,980.00,upi,0.00,0.00,9.80,2025-11-21,dev,0
pay_00000000003082,setl_merchant_1_0053,bnk_000000000055,3132.27,upi,0.00,0.00,31.32,2025-11-21,dev,0
pay_00000000003136,setl_merchant_1_0053,bnk_000000000055,754.99,upi,0.00,0.00,7.55,2025-11-21,dev,0
pay_00000000003188,setl_merchant_1_0053,bnk_000000000055,688.90,upi,0.00,0.00,6.89,2025-11-21,dev,0
pay_00000000003210,setl_merchant_1_0053,bnk_000000000055,482.99,card,11.11,2.00,4.83,2025-11-21,dev,0
pay_00000000003356,setl_merchant_1_0053,bnk_000000000055,160.00,card,3.68,0.66,1.60,2025-11-21,dev,0
pay_00000000003363,setl_merchant_1_0053,bnk_000000000055,322.00,wallet,5.80,1.04,3.22,2025-11-21,dev,0
pay_00000000003388,setl_merchant_1_0053,bnk_000000000055,964.03,upi,0.00,0.00,9.64,2025-11-21,dev,0
pay_00000000003449,setl_merchant_1_0053,bnk_000000000055,1494.00,card,34.36,6.18,0.00,2025-11-21,dev,0
pay_00000000003485,setl_merchant_1_0053,bnk_000000000055,982.81,upi,0.00,0.00,0.00,2025-11-21,dev,0
pay_00000000003529,setl_merchant_1_0053,bnk_000000000055,337.96,upi,0.00,0.00,3.38,2025-11-21,dev,0
pay_00000000003570,setl_merchant_1_0053,bnk_000000000055,677.99,card,15.59,2.81,6.78,2025-11-21,dev,0
pay_00000000003612,setl_merchant_1_0053,bnk_000000000055,2683.40,upi,0.00,0.00,0.00,2025-11-21,dev,0
pay_00000000003674,setl_merchant_1_0053,bnk_000000000055,5327.31,wallet,95.89,17.26,0.00,2025-11-21,dev,0
pay_00000000003676,setl_merchant_1_0053,bnk_000000000055,543.00,upi,0.00,0.00,0.00,2025-11-21,dev,0
pay_00000000003760,setl_merchant_1_0053,bnk_000000000055,431.00,upi,0.00,0.00,4.31,2025-11-21,dev,0
pay_00000000003778,setl_merchant_1_0053,bnk_000000000055,339.85,upi,0.00,0.00,0.00,2025-11-21,dev,0
pay_00000000003970,setl_merchant_1_0053,bnk_000000000055,1007.00,upi,0.00,0.00,10.07,2025-11-21,dev,0
pay_00000000003982,setl_merchant_1_0053,bnk_000000000055,3052.00,upi,0.00,0.00,30.52,2025-11-21,dev,0
pay_00000000004274,setl_merchant_1_0053,bnk_000000000055,1787.00,upi,0.00,0.00,17.87,2025-11-21,dev,0
pay_00000000004445,setl_merchant_1_0053,bnk_000000000055,2695.65,upi,0.00,0.00,26.96,2025-11-21,dev,0
pay_00000000004494,setl_merchant_1_0053,bnk_000000000055,902.27,upi,0.00,0.00,0.00,2025-11-21,dev,0
pay_00000000004614,setl_merchant_1_0053,bnk_000000000055,629.93,upi,0.00,0.00,6.30,2025-11-21,dev,0
pay_00000000004719,setl_merchant_1_0053,bnk_000000000055,300.10,card,6.90,1.24,3.00,2025-11-21,dev,0
pay_00000000004800,setl_merchant_1_0053,bnk_000000000055,475.99,upi,0.00,0.00,0.00,2025-11-21,dev,0
pay_00000000004907,setl_merchant_1_0053,bnk_000000000055,1188.58,upi,0.00,0.00,11.89,2025-11-21,dev,0
pay_00000000004965,setl_merchant_1_0053,bnk_000000000055,180.00,card,4.14,0.75,0.00,2025-11-21,dev,0
pay_00000000004970,setl_merchant_1_0053,bnk_000000000055,1188.90,upi,0.00,0.00,0.00,2025-11-21,dev,0
pay_00000000004998,setl_merchant_1_0053,bnk_000000000055,957.00,upi,0.00,0.00,9.57,2025-11-21,dev,0
pay_00000000000239,setl_merchant_1_0054,bnk_000000000056,876.99,upi,0.00,0.00,0.00,2025-11-21,dev,0
pay_00000000000388,setl_merchant_1_0054,bnk_000000000056,599.95,wallet,10.80,1.94,6.00,2025-11-21,dev,0
pay_00000000000483,setl_merchant_1_0054,bnk_000000000056,536.43,card,12.34,2.22,0.00,2025-11-21,dev,0
pay_00000000000584,setl_merchant_1_0054,bnk_000000000056,103.72,card,2.39,0.43,0.00,2025-11-21,dev,0
pay_00000000000595,setl_merchant_1_0054,bnk_000000000056,342.00,card,7.87,1.42,3.42,2025-11-21,dev,0
pay_00000000000675,setl_merchant_1_0054,bnk_000000000056,265.00,wallet,4.77,0.86,2.65,2025-11-21,dev,0
pay_00000000000683,setl_merchant_1_0054,bnk_000000000056,2230.00,wallet,40.14,7.23,22.30,2025-11-21,dev,0
pay_00000000000713,setl_merchant_1_0054,bnk_000000000056,104.99,card,2.41,0.43,1.05,2025-11-21,dev,0
pay_00000000000794,setl_merchant_1_0054,bnk_000000000056,504.89,upi,0.00,0.00,5.05,2025-11-21,dev,0
pay_00000000000801,setl_merchant_1_0054,bnk_000000000056,773.00,card,17.78,3.20,7.73,2025-11-21,dev,0
pay_00000000000971,setl_merchant_1_0054,bnk_000000000056,830.77,upi,0.00,0.00,8.31,2025-11-21,dev,0
pay_00000000001135,setl_merchant_1_0054,bnk_000000000056,236.64,card,5.44,0.98,0.00,2025-11-21,dev,0
pay_00000000001186,setl_merchant_1_0054,bnk_000000000056,1031.46,upi,0.00,0.00,10.31,2025-11-21,dev,0
pay_00000000001188,setl_merchant_1_0054,bnk_000000000056,2091.99,wallet,37.66,6.78,0.00,2025-11-21,dev,0
pay_00000000001209,setl_merchant_1_0054,bnk_000000000056,6529.99,upi,0.00,0.00,65.30,2025-11-21,dev,0
pay_00000000001293,setl_merchant_1_0054,bnk_000000000056,881.18,upi,0.00,0.00,8.81,2025-11-21,dev,0
pay_00000000001350,setl_merchant_1_0054,bnk_000000000056,332.97,netbanking,15.00,2.70,3.33,2025-11-21,dev,0
pay_00000000001367,setl_merchant_1_0054,bnk_000000000056,419.03,card,9.64,1.74,0.00,2025-11-21,dev,0
pay_00000000001393,setl_merchant_1_0054,bnk_000000000056,867.99,upi,0.00,0.00,8.68,2025-11-21,dev,0
pay_00000000001500,setl_merchant_1_0054,bnk_000000000056,2123.00,card,48.83,8.79,0.00,2025-11-21,dev,0
pay_00000000001532,setl_merchant_1_0054,bnk_000000000056,3054.99,card,70.26,12.65,0.00,2025-11-21,dev,0
pay_00000000001737,setl_merchant_1_0054,bnk_000000000056,935.00,upi,0.00,0.00,0.00,2025-11-21,dev,0
pay_00000000001769,setl_merchant_1_0054,bnk_000000000056,3354.99,upi,0.00,0.00,0.00,2025-11-21,dev,0
pay_00000000001909,setl_merchant_1_0054,bnk_000000000056,2883.01,upi,0.00,0.00,0.00,2025-11-21,dev,0
pay_00000000001932,setl_merchant_1_0054,bnk_000000000056,561.35,netbanking,15.00,2.70,5.61,2025-11-21,dev,0
pay_00000000001936,setl_merchant_1_0054,bnk_000000000056,523.49,upi,0.00,0.00,0.00,2025-11-21,dev,0
pay_00000000002026,setl_merchant_1_0054,bnk_000000000056,334.00,card,7.68,1.38,3.34,2025-11-21,dev,0
pay_00000000002032,setl_merchant_1_0054,bnk_000000000056,307.99,card,7.08,1.27,3.08,2025-11-21,dev,0
pay_00000000002066,setl_merchant_1_0054,bnk_000000000056,3063.32,netbanking,15.00,2.70,30.63,2025-11-21,dev,0
pay_00000000002086,setl_merchant_1_0054,bnk_000000000056,655.29,upi,0.00,0.00,0.00,2025-11-21,dev,0
pay_00000000002125,setl_merchant_1_0054,bnk_000000000056,1001.12,upi,0.00,0.00,10.01,2025-11-21,dev,0
pay_00000000002144,setl_merchant_1_0054,bnk_000000000056,1063.99,upi,0.00,0.00,0.00,2025-11-21,dev,0
pay_00000000002419,setl_merchant_1_0054,bnk_000000000056,236.99,card,5.45,0.98,2.37,2025-11-21,dev,0
pay_00000000002494,setl_merchant_1_0054,bnk_000000000056,818.40,upi,0.00,0.00,0.00,2025-11-21,dev,0
pay_00000000002503,setl_merchant_1_0054,bnk_000000000056,554.05,card,12.74,2.29,0.00,2025-11-21,dev,0
pay_00000000002541,setl_merchant_1_0054,bnk_000000000056,190.57,upi,0.00,0.00,0.00,2025-11-21,dev,0
pay_00000000002543,setl_merchant_1_0054,bnk_000000000056,3055.00,upi,0.00,0.00,0.00,2025-11-21,dev,0
pay_00000000002911,setl_merchant_1_0054,bnk_000000000056,959.52,netbanking,15.00,2.70,9.60,2025-11-21,dev,0
pay_00000000002956,setl_merchant_1_0054,bnk_000000000056,872.00,upi,0.00,0.00,8.72,2025-11-21,dev,0
pay_00000000003150,setl_merchant_1_0054,bnk_000000000056,677.99,upi,0.00,0.00,0.00,2025-11-21,dev,0
pay_00000000003222,setl_merchant_1_0054,bnk_000000000056,16565.00,wallet,298.17,53.67,165.65,2025-11-21,dev,0
pay_00000000003379,setl_merchant_1_0054,bnk_000000000056,412.31,netbanking,15.00,2.70,0.00,2025-11-21,dev,0
pay_00000000003436,setl_merchant_1_0054,bnk_000000000056,131.99,upi,0.00,0.00,0.00,2025-11-21,dev,0
pay_00000000003498,setl_merchant_1_0054,bnk_000000000056,881.00,card,20.26,3.65,8.81,2025-11-21,dev,0
pay_00000000003499,setl_merchant_1_0054,bnk_000000000056,435.00,netbanking,15.00,2.70,0.00,2025-11-21,dev,0
pay_00000000003522,setl_merchant_1_0054,bnk_000000000056,3427.00,card,78.82,14.19,34.27,2025-11-21,dev,0
pay_00000000003564,setl_merchant_1_0054,bnk_000000000056,3514.55,upi,0.00,0.00,35.15,2025-11-21,dev,0
pay_00000000003583,setl_merchant_1_0054,bnk_000000000056,1057.26,card,24.32,4.38,0.00,2025-11-21,dev,0
pay_00000000003603,setl_merchant_1_0054,bnk_000000000056,835.00,card,19.21,3.46,0.00,2025-11-21,dev,0
pay_00000000003739,setl_merchant_1_0054,bnk_000000000056,828.00,card,19.04,3.43,0.00,2025-11-21,dev,0
pay_00000000003840,setl_merchant_1_0054,bnk_000000000056,3065.95,upi,0.00,0.00,30.66,2025-11-21,dev,0
pay_00000000004106,setl_merchant_1_0054,bnk_000000000056,248.92,netbanking,15.00,2.70,0.00,2025-11-21,dev,0
pay_00000000004119,setl_merchant_1_0054,bnk_000000000056,228.28,upi,0.00,0.00,0.00,2025-11-21,dev,0
pay_00000000004176,setl_merchant_1_0054,bnk_000000000056,1251.00,upi,0.00,0.00,0.00,2025-11-21,dev,0
pay_00000000004219,setl_merchant_1_0054,bnk_000000000056,173.30,card,3.99,0.72,1.73,2025-11-21,dev,0
pay_00000000004409,setl_merchant_1_0054,bnk_000000000056,188.11,card,4.33,0.78,0.00,2025-11-21,dev,0
pay_00000000004414,setl_merchant_1_0054,bnk_000000000056,977.99,card,22.49,4.05,0.00,2025-11-21,dev,0
pay_00000000004477,setl_merchant_1_0054,bnk_000000000056,975.00,upi,0.00,0.00,9.75,2025-11-21,dev,0
pay_00000000004554,setl_merchant_1_0054,bnk_000000000056,282.00,netbanking,15.00,2.70,0.00,2025-11-21,dev,0
pay_00000000004561,setl_merchant_1_0054,bnk_000000000056,872.73,netbanking,15.00,2.70,8.73,2025-11-21,dev,0
pay_00000000004760,setl_merchant_1_0054,bnk_000000000056,3347.00,netbanking,15.00,2.70,33.47,2025-11-21,dev,0
pay_00000000004777,setl_merchant_1_0054,bnk_000000000056,897.00,upi,0.00,0.00,8.97,2025-11-21,dev,0
pay_00000000004895,setl_merchant_1_0054,bnk_000000000056,288.39,netbanking,15.00,2.70,0.00,2025-11-21,dev,0
pay_00000000004916,setl_merchant_1_0054,bnk_000000000056,788.99,card,18.15,3.27,0.00,2025-11-21,dev,0
pay_00000000004927,setl_merchant_1_0054,bnk_000000000056,667.02,netbanking,15.00,2.70,0.00,2025-11-21,dev,0
pay_00000000000079,setl_merchant_1_0055,bnk_000000000057,866.44,upi,0.00,0.00,0.00,2025-11-24,dev,0
pay_00000000000081,setl_merchant_1_0055,bnk_000000000057,763.99,wallet,13.75,2.48,7.64,2025-11-24,dev,0
pay_00000000000313,setl_merchant_1_0055,bnk_000000000057,957.47,wallet,17.23,3.10,9.57,2025-11-24,dev,0
pay_00000000001083,setl_merchant_1_0055,bnk_000000000057,535.99,netbanking,15.00,2.70,0.00,2025-11-24,dev,0
pay_00000000001148,setl_merchant_1_0055,bnk_000000000057,936.21,card,21.53,3.88,9.36,2025-11-24,dev,0
pay_00000000001412,setl_merchant_1_0055,bnk_000000000057,531.23,card,12.22,2.20,5.31,2025-11-24,dev,0
pay_00000000001542,setl_merchant_1_0055,bnk_000000000057,612.32,upi,0.00,0.00,6.12,2025-11-24,dev,0
pay_00000000001589,setl_merchant_1_0055,bnk_000000000057,495.43,wallet,8.92,1.61,0.00,2025-11-24,dev,0
pay_00000000001762,setl_merchant_1_0055,bnk_000000000057,146.34,netbanking,15.00,2.70,0.00,2025-11-24,dev,0
pay_00000000002265,setl_merchant_1_0055,bnk_000000000057,957.18,upi,0.00,0.00,9.57,2025-11-24,dev,0
pay_00000000002495,setl_merchant_1_0055,bnk_000000000057,122.13,upi,0.00,0.00,1.22,2025-11-24,dev,0
pay_00000000002703,setl_merchant_1_0055,bnk_000000000057,367.16,upi,0.00,0.00,0.00,2025-11-24,dev,0
pay_00000000002919,setl_merchant_1_0055,bnk_000000000057,906.00,upi,0.00,0.00,0.00,2025-11-24,dev,0
pay_00000000003576,setl_merchant_1_0055,bnk_000000000057,778.82,card,17.91,3.22,0.00,2025-11-24,dev,0
pay_00000000004054,setl_merchant_1_0055,bnk_000000000057,429.01,card,9.87,1.78,0.00,2025-11-24,dev,0
pay_00000000004171,setl_merchant_1_0055,bnk_000000000057,562.79,card,12.94,2.33,5.63,2025-11-24,dev,0
pay_00000000000007,setl_merchant_1_0056,bnk_000000000058,2053.99,upi,0.00,0.00,20.54,2025-11-24,dev,0
pay_00000000000017,setl_merchant_1_0056,bnk_000000000058,346.00,upi,0.00,0.00,0.00,2025-11-24,dev,0
pay_00000000000198,setl_merchant_1_0056,bnk_000000000058,517.99,upi,0.00,0.00,0.00,2025-11-24,dev,0
pay_00000000000648,setl_merchant_1_0056,bnk_000000000058,789.83,card,18.17,3.27,7.90,2025-11-24,dev,0
pay_00000000000786,setl_merchant_1_0056,bnk_000000000058,920.99,upi,0.00,0.00,9.21,2025-11-24,dev,0
pay_00000000000877,setl_merchant_1_0056,bnk_000000000058,843.73,upi,0.00,0.00,0.00,2025-11-24,dev,0
pay_00000000000926,setl_merchant_1_0056,bnk_000000000058,442.70,upi,0.00,0.00,0.00,2025-11-24,dev,0
pay_00000000001318,setl_merchant_1_0056,bnk_000000000058,1011.00,wallet,18.20,3.28,0.00,2025-11-24,dev,0
pay_00000000001366,setl_merchant_1_0056,bnk_000000000058,1075.86,upi,0.00,0.00,10.76,2025-11-24,dev,0
pay_00000000001390,setl_merchant_1_0056,bnk_000000000058,789.99,upi,0.00,0.00,7.90,2025-11-24,dev,0
pay_00000000001550,setl_merchant_1_0056,bnk_000000000058,869.00,upi,0.00,0.00,8.69,2025-11-24,dev,0
pay_00000000001639,setl_merchant_1_0056,bnk_000000000058,553.00,upi,0.00,0.00,5.53,2025-11-24,dev,0
pay_00000000001663,setl_merchant_1_0056,bnk_000000000058,1326.84,upi,0.00,0.00,0.00,2025-11-24,dev,0
pay_00000000001810,setl_merchant_1_0056,bnk_000000000058,980.99,upi,0.00,0.00,0.00,2025-11-24,dev,0
pay_00000000002006,setl_merchant_1_0056,bnk_000000000058,908.00,upi,0.00,0.00,9.08,2025-11-24,dev,0
pay_00000000002101,setl_merchant_1_0056,bnk_000000000058,540.98,upi,0.00,0.00,0.00,2025-11-24,dev,0
pay_00000000002295,setl_merchant_1_0056,bnk_000000000058,750.00,netbanking,15.00,2.70,0.00,2025-11-24,dev,0
pay_00000000002404,setl_merchant_1_0056,bnk_000000000058,457.00,upi,0.00,0.00,0.00,2025-11-24,dev,0
pay_00000000002626,setl_merchant_1_0056,bnk_000000000058,162.02,upi,0.00,0.00,1.62,2025-11-24,dev,0
pay_00000000002632,setl_merchant_1_0056,bnk_000000000058,150.00,card,3.45,0.62,0.00,2025-11-24,dev,0
pay_00000000002720,setl_merchant_1_0056,bnk_000000000058,938.28,wallet,16.89,3.04,0.00,2025-11-24,dev,0
pay_00000000003102,setl_merchant_1_0056,bnk_000000000058,552.53,upi,0.00,0.00,5.53,2025-11-24,dev,0
pay_00000000003160,setl_merchant_1_0056,bnk_000000000058,317.00,card,7.29,1.31,0.00,2025-11-24,dev,0
pay_00000000003181,setl_merchant_1_0056,bnk_000000000058,1454.12,upi,0.00,0.00,14.54,2025-11-24,dev,0
pay_00000000003184,setl_merchant_1_0056,bnk_000000000058,663.99,upi,0.00,0.00,0.00,2025-11-24,dev,0
pay_00000000003245,setl_merchant_1_0056,bnk_000000000058,3259.70,netbanking,15.00,2.70,0.00,2025-11-24,dev,0
pay_00000000003500,setl_merchant_1_0056,bnk_000000000058,1064.00,card,24.47,4.40,10.64,2025-11-24,dev,0
pay_00000000003596,setl_merchant_1_0056,bnk_000000000058,14535.99,card,334.33,60.18,145.36,2025-11-24,dev,0
pay_00000000004174,setl_merchant_1_0056,bnk_000000000058,305.63,upi,0.00,0.00,0.00,2025-11-24,dev,0
pay_00000000004181,setl_merchant_1_0056,bnk_000000000058,843.91,upi,0.00,0.00,8.44,2025-11-24,dev,0
pay_00000000004227,setl_merchant_1_0056,bnk_000000000058,608.13,card,13.99,2.52,0.00,2025-11-24,dev,0
pay_00000000004398,setl_merchant_1_0056,bnk_000000000058,929.48,upi,0.00,0.00,0.00,2025-11-24,dev,0
pay_00000000004546,setl_merchant_1_0056,bnk_000000000058,360.47,upi,0.00,0.00,3.60,2025-11-24,dev,0
pay_00000000004687,setl_merchant_1_0056,bnk_000000000058,1650.61,upi,0.00,0.00,16.51,2025-11-24,dev,0
pay_00000000000009,setl_merchant_1_0057,bnk_000000000059,288.32,wallet,5.19,0.93,0.00,2025-11-24,dev,0
pay_00000000000178,setl_merchant_1_0057,bnk_000000000059,883.00,upi,0.00,0.00,8.83,2025-11-24,dev,0
pay_00000000000202,setl_merchant_1_0057,bnk_000000000059,3594.74,wallet,64.71,11.65,35.95,2025-11-24,dev,0
pay_00000000000271,setl_merchant_1_0057,bnk_000000000059,142.99,upi,0.00,0.00,1.43,2025-11-24,dev,0
pay_00000000000290,setl_merchant_1_0057,bnk_000000000059,473.76,upi,0.00,0.00,4.74,2025-11-24,dev,0
pay_00000000000300,setl_merchant_1_0057,bnk_000000000059,2263.64,card,52.06,9.37,0.00,2025-11-24,dev,0
pay_00000000000387,setl_merchant_1_0057,bnk_000000000059,3022.13,upi,0.00,0.00,30.22,2025-11-24,dev,0
pay_00000000000446,setl_merchant_1_0057,bnk_000000000059,680.99,netbanking,15.00,2.70,0.00,2025-11-24,dev,0
pay_00000000000529,setl_merchant_1_0057,bnk_000000000059,639.00,netbanking,15.00,2.70,0.00,2025-11-24,dev,0
pay_00000000000545,setl_merchant_1_0057,bnk_000000000059,964.36,card,22.18,3.99,0.00,2025-11-24,dev,0
pay_00000000000559,setl_merchant_1_0057,bnk_000000000059,1908.00,card,43.88,7.90,19.08,2025-11-24,dev,0
pay_00000000000796,setl_merchant_1_0057,bnk_000000000059,912.00,upi,0.00,0.00,0.00,2025-11-24,dev,0
pay_00000000000815,setl_merchant_1_0057,bnk_000000000059,613.40,card,14.11,2.54,6.13,2025-11-24,dev,0
pay_00000000000950,setl_merchant_1_0057,bnk_000000000059,987.00,wallet,17.77,3.20,9.87,2025-11-24,dev,0
pay_00000000001031,setl_merchant_1_0057,bnk_000000000059,518.63,card,11.93,2.15,0.00,2025-11-24,dev,0
pay_00000000001056,setl_merchant_1_0057,bnk_000000000059,220.00,upi,0.00,0.00,0.00,2025-11-24,dev,0
pay_00000000001103,setl_merchant_1_0057,bnk_000000000059,714.00,card,16.42,2.96,7.14,2025-11-24,dev,0
pay_00000000001386,setl_merchant_1_0057,bnk_000000000059,733.46,wallet,13.20,2.38,7.33,2025-11-24,dev,0
pay_00000000001502,setl_merchant_1_0057,bnk_000000000059,787.00,upi,0.00,0.00,7.87,2025-11-24,dev,0
pay_00000000001511,setl_merchant_1_0057,bnk_000000000059,576.14,upi,0.00,0.00,5.76,2025-11-24,dev,0
pay_00000000001673,setl_merchant_1_0057,bnk_000000000059,1060.32,card,24.39,4.39,10.60,2025-11-24,dev,0
pay_00000000001734,setl_merchant_1_0057,bnk_000000000059,742.99,card,17.09,3.08,0.00,2025-11-24,dev,0
pay_00000000001774,setl_merchant_1_0057,bnk_000000000059,1045.99,card,24.06,4.33,10.46,2025-11-24,dev,0
pay_00000000001916,setl_merchant_1_0057,bnk_000000000059,659.00,upi,0.00,0.00,0.00,2025-11-24,dev,0
pay_00000000002174,setl_merchant_1_0057,bnk_000000000059,1053.00,upi,0.00,0.00,10.53,2025-11-24,dev,0
pay_00000000002176,setl_merchant_1_0057,bnk_000000000059,932.63,upi,0.00,0.00,9.33,2025-11-24,dev,0
pay_00000000002194,setl_merchant_1_0057,bnk_000000000059,732.66,upi,0.00,0.00,0.00,2025-11-24,dev,0
pay_00000000002215,setl_merchant_1_0057,bnk_000000000059,304.00,upi,0.00,0.00,0.00,2025-11-24,dev,0
pay_00000000002365,setl_merchant_1_0057,bnk_000000000059,10296.99,netbanking,15.00,2.70,0.00,2025-11-24,dev,0
pay_00000000002606,setl_merchant_1_0057,bnk_000000000059,572.08,netbanking,15.00,2.70,0.00,2025-11-24,dev,0
pay_00000000002646,setl_merchant_1_0057,bnk_000000000059,1878.00,upi,0.00,0.00,0.00,2025-11-24,dev,0
pay_00000000002653,setl_merchant_1_0057,bnk_000000000059,2688.99,upi,0.00,0.00,26.89,2025-11-24,dev,0
pay_00000000002666,setl_merchant_1_0057,bnk_000000000059,1217.00,card,27.99,5.04,12.17,2025-11-24,dev,0
pay_00000000002785,setl_merchant_1_0057,bnk_000000000059,976.99,card,22.47,4.04,9.77,2025-11-24,dev,0
pay_00000000002794,setl_merchant_1_0057,bnk_000000000059,2389.99,wallet,43.02,7.74,23.90,2025-11-24,dev,0
pay_00000000002839,setl_merchant_1_0057,bnk_000000000059,645.21,upi,0.00,0.00,0.00,2025-11-24,dev,0
pay_00000000002870,setl_merchant_1_0057,bnk_000000000059,353.68,upi,0.00,0.00,3.54,2025-11-24,dev,0
pay_00000000003211,setl_merchant_1_0057,bnk_000000000059,248.21,upi,0.00,0.00,0.00,2025-11-24,dev,0
pay_00000000003342,setl_merchant_1_0057,bnk_000000000059,127.00,card,2.92,0.53,0.00,2025-11-24,dev,0
pay_00000000003604,setl_merchant_1_0057,bnk_000000000059,961.00,card,22.10,3.98,9.61,2025-11-24,dev,0
pay_00000000003693,setl_merchant_1_0057,bnk_000000000059,500.79,netbanking,15.00,2.70,5.01,2025-11-24,dev,0
pay_00000000003827,setl_merchant_1_0057,bnk_000000000059,1017.33,card,23.40,4.21,0.00,2025-11-24,dev,0
pay_00000000003852,setl_merchant_1_0057,bnk_000000000059,838.80,netbanking,15.00,2.70,8.39,2025-11-24,dev,0
pay_00000000003958,setl_merchant_1_0057,bnk_000000000059,208.97,upi,0.00,0.00,0.00,2025-11-24,dev,0
pay_00000000004025,setl_merchant_1_0057,bnk_000000000059,646.78,upi,0.00,0.00,6.47,2025-11-24,dev,0
pay_00000000004087,setl_merchant_1_0057,bnk_000000000059,898.00,upi,0.00,0.00,8.98,2025-11-24,dev,0
pay_00000000004110,setl_merchant_1_0057,bnk_000000000059,16758.95,wallet,301.66,54.30,167.59,2025-11-24,dev,0
pay_00000000004117,setl_merchant_1_0057,bnk_000000000059,998.31,upi,0.00,0.00,0.00,2025-11-24,dev,0
pay_00000000004134,setl_merchant_1_0057,bnk_000000000059,218.00,upi,0.00,0.00,0.00,2025-11-24,dev,0
pay_00000000004235,setl_merchant_1_0057,bnk_000000000059,1812.94,upi,0.00,0.00,18.13,2025-11-24,dev,0
pay_00000000004422,setl_merchant_1_0057,bnk_000000000059,16024.00,card,368.55,66.34,160.24,2025-11-24,dev,0
pay_00000000004495,setl_merchant_1_0057,bnk_000000000059,3435.35,upi,0.00,0.00,34.35,2025-11-24,dev,0
pay_00000000004503,setl_merchant_1_0057,bnk_000000000059,191.80,upi,0.00,0.00,1.92,2025-11-24,dev,0
pay_00000000004611,setl_merchant_1_0057,bnk_000000000059,870.95,card,20.03,3.61,0.00,2025-11-24,dev,0
pay_00000000004619,setl_merchant_1_0057,bnk_000000000059,1047.99,card,24.10,4.34,10.48,2025-11-24,dev,0
pay_00000000004646,setl_merchant_1_0057,bnk_000000000059,290.90,card,6.69,1.20,0.00,2025-11-24,dev,0
pay_00000000004667,setl_merchant_1_0057,bnk_000000000059,122.00,upi,0.00,0.00,1.22,2025-11-24,dev,0
pay_00000000004748,setl_merchant_1_0057,bnk_000000000059,878.09,upi,0.00,0.00,0.00,2025-11-24,dev,0
pay_00000000004798,setl_merchant_1_0057,bnk_000000000059,9469.03,card,217.79,39.20,0.00,2025-11-24,dev,0
pay_00000000004918,setl_merchant_1_0057,bnk_000000000059,205.31,card,4.72,0.85,2.05,2025-11-24,dev,0
pay_00000000004931,setl_merchant_1_0057,bnk_000000000059,532.00,card,12.24,2.20,5.32,2025-11-24,dev,0
pay_00000000004969,setl_merchant_1_0057,bnk_000000000059,2673.99,wallet,48.13,8.66,0.00,2025-11-24,dev,0
pay_00000000000118,setl_merchant_1_0058,bnk_000000000060,510.00,wallet,9.18,1.65,0.00,2025-11-24,dev,0
pay_00000000000247,setl_merchant_1_0058,bnk_000000000060,9973.87,card,229.40,41.29,0.00,2025-11-24,dev,0
pay_00000000000374,setl_merchant_1_0058,bnk_000000000060,971.99,wallet,17.50,3.15,0.00,2025-11-24,dev,0
pay_00000000000496,setl_merchant_1_0058,bnk_000000000060,1771.00,netbanking,15.00,2.70,17.71,2025-11-24,dev,0
pay_00000000000653,setl_merchant_1_0058,bnk_000000000060,716.00,upi,0.00,0.00,0.00,2025-11-24,dev,0
pay_00000000000721,setl_merchant_1_0058,bnk_000000000060,144.38,upi,0.00,0.00,0.00,2025-11-24,dev,0
pay_00000000000722,setl_merchant_1_0058,bnk_000000000060,347.65,upi,0.00,0.00,0.00,2025-11-24,dev,0
pay_00000000000839,setl_merchant_1_0058,bnk_000000000060,789.83,card,18.17,3.27,7.90,2025-11-24,dev,0
pay_00000000000921,setl_merchant_1_0058,bnk_000000000060,495.53,card,11.40,2.05,4.96,2025-11-24,dev,0
pay_00000000000929,setl_merchant_1_0058,bnk_000000000060,1961.00,upi,0.00,0.00,0.00,2025-11-24,dev,0
pay_00000000001053,setl_merchant_1_0058,bnk_000000000060,13748.02,upi,0.00,0.00,137.48,2025-11-24,dev,0
pay_00000000001143,setl_merchant_1_0058,bnk_000000000060,758.00,upi,0.00,0.00,7.58,2025-11-24,dev,0
pay_00000000001348,setl_merchant_1_0058,bnk_000000000060,117.00,upi,0.00,0.00,1.17,2025-11-24,dev,0
pay_00000000001498,setl_merchant_1_0058,bnk_000000000060,561.99,upi,0.00,0.00,5.62,2025-11-24,dev,0
pay_00000000001541,setl_merchant_1_0058,bnk_000000000060,206.00,upi,0.00,0.00,0.00,2025-11-24,dev,0
pay_00000000001587,setl_merchant_1_0058,bnk_000000000060,11320.99,upi,0.00,0.00,113.21,2025-11-24,dev,0
pay_00000000001633,setl_merchant_1_0058,bnk_000000000060,907.00,upi,0.00,0.00,9.07,2025-11-24,dev,0
pay_00000000001845,setl_merchant_1_0058,bnk_000000000060,1729.47,upi,0.00,0.00,17.29,2025-11-24,dev,0
pay_00000000001991,setl_merchant_1_0058,bnk_000000000060,821.05,card,18.88,3.40,8.21,2025-11-24,dev,0
pay_00000000002018,setl_merchant_1_0058,bnk_000000000060,687.96,upi,0.00,0.00,6.88,2025-11-24,dev,0
pay_00000000002021,setl_merchant_1_0058,bnk_000000000060,1343.00,upi,0.00,0.00,13.43,2025-11-24,dev,0
pay_00000000002073,setl_merchant_1_0058,bnk_000000000060,224.24,upi,0.00,0.00,2.24,2025-11-24,dev,0
pay_00000000002155,setl_merchant_1_0058,bnk_000000000060,702.47,upi,0.00,0.00,7.02,2025-11-24,dev,0
pay_00000000002166,setl_merchant_1_0058,bnk_000000000060,246.03,upi,0.00,0.00,0.00,2025-11-24,dev,0
pay_00000000002190,setl_merchant_1_0058,bnk_000000000060,588.46,upi,0.00,0.00,5.88,2025-11-24,dev,0
pay_00000000002214,setl_merchant_1_0058,bnk_000000000060,179.88,upi,0.00,0.00,1.80,2025-11-24,dev,0
pay_00000000002251,setl_merchant_1_0058,bnk_000000000060,495.00,upi,0.00,0.00,4.95,2025-11-24,dev,0
pay_00000000002310,setl_merchant_1_0058,bnk_000000000060,1574.99,upi,0.00,0.00,0.00,2025-11-24,dev,0
pay_00000000002407,setl_merchant_1_0058,bnk_000000000060,101.00,upi,0.00,0.00,0.00,2025-11-24,dev,0
pay_00000000002506,setl_merchant_1_0058,bnk_000000000060,767.44,upi,0.00,0.00,0.00,2025-11-24,dev,0
pay_00000000002523,setl_merchant_1_0058,bnk_000000000060,1006.00,card,23.14,4.17,10.06,2025-11-24,dev,0
pay_00000000002580,setl_merchant_1_0058,bnk_000000000060,676.00,wallet,12.17,2.19,6.76,2025-11-24,dev,0
pay_00000000002828,setl_merchant_1_0058,bnk_000000000060,1005.97,upi,0.00,0.00,10.06,2025-11-24,dev,0
pay_00000000002836,setl_merchant_1_0058,bnk_000000000060,2118.00,upi,0.00,0.00,21.18,2025-11-24,dev,0
pay_00000000002853,setl_merchant_1_0058,bnk_000000000060,608.00,upi,0.00,0.00,0.00,2025-11-24,dev,0
pay_00000000002879,setl_merchant_1_0058,bnk_000000000060,714.63,card,16.44,2.96,0.00,2025-11-24,dev,0
pay_00000000002948,setl_merchant_1_0058,bnk_000000000060,668.00,wallet,12.02,2.16,0.00,2025-11-24,dev,0
pay_00000000002995,setl_merchant_1_0058,bnk_000000000060,408.00,upi,0.00,0.00,0.00,2025-11-24,dev,0
pay_00000000003013,setl_merchant_1_0058,bnk_000000000060,790.99,upi,0.00,0.00,0.00,2025-11-24,dev,0
pay_00000000003021,setl_merchant_1_0058,bnk_000000000060,441.90,upi,0.00,0.00,0.00,2025-11-24,dev,0
pay_00000000003095,setl_merchant_1_0058,bnk_000000000060,469.00,wallet,8.44,1.52,0.00,2025-11-24,dev,0
pay_00000000003164,setl_merchant_1_0058,bnk_000000000060,793.00,upi,0.00,0.00,7.93,2025-11-24,dev,0
pay_00000000003206,setl_merchant_1_0058,bnk_000000000060,1537.27,upi,0.00,0.00,15.37,2025-11-24,dev,0
pay_00000000003373,setl_merchant_1_0058,bnk_000000000060,802.00,wallet,14.44,2.60,0.00,2025-11-24,dev,0
pay_00000000003444,setl_merchant_1_0058,bnk_000000000060,900.07,upi,0.00,0.00,9.00,2025-11-24,dev,0
pay_00000000003490,setl_merchant_1_0058,bnk_000000000060,527.99,wallet,9.50,1.71,5.28,2025-11-24,dev,0
pay_00000000003563,setl_merchant_1_0058,bnk_000000000060,349.66,upi,0.00,0.00,3.50,2025-11-24,dev,0
pay_00000000003626,setl_merchant_1_0058,bnk_000000000060,732.00,upi,0.00,0.00,7.32,2025-11-24,dev,0
pay_00000000003745,setl_merchant_1_0058,bnk_000000000060,3165.99,upi,0.00,0.00,31.66,2025-11-24,dev,0
pay_00000000003755,setl_merchant_1_0058,bnk_000000000060,221.58,card,5.10,0.92,0.00,2025-11-24,dev,0
pay_00000000003846,setl_merchant_1_0058,bnk_000000000060,1342.00,wallet,24.16,4.35,0.00,2025-11-24,dev,0
pay_00000000003858,setl_merchant_1_0058,bnk_000000000060,570.00,upi,0.00,0.00,0.00,2025-11-24,dev,0
pay_00000000003872,setl_merchant_1_0058,bnk_000000000060,900.00,upi,0.00,0.00,9.00,2025-11-24,dev,0
pay_00000000004131,setl_merchant_1_0058,bnk_000000000060,2660.11,wallet,47.88,8.62,0.00,2025-11-24,dev,0
pay_00000000004211,setl_merchant_1_0058,bnk_000000000060,919.73,upi,0.00,0.00,9.20,2025-11-24,dev,0
pay_00000000004213,setl_merchant_1_0058,bnk_000000000060,352.00,upi,0.00,0.00,0.00,2025-11-24,dev,0
pay_00000000004220,setl_merchant_1_0058,bnk_000000000060,7230.00,upi,0.00,0.00,72.30,2025-11-24,dev,0
pay_00000000004434,setl_merchant_1_0058,bnk_000000000060,902.99,upi,0.00,0.00,9.03,2025-11-24,dev,0
pay_00000000004515,setl_merchant_1_0058,bnk_000000000060,825.66,upi,0.00,0.00,8.26,2025-11-24,dev,0
pay_00000000004571,setl_merchant_1_0058,bnk_000000000060,443.00,upi,0.00,0.00,4.43,2025-11-24,dev,0
pay_00000000004640,setl_merchant_1_0058,bnk_000000000060,3307.11,card,76.06,13.69,0.00,2025-11-24,dev,0
pay_00000000004752,setl_merchant_1_0058,bnk_000000000060,2488.13,card,57.23,10.30,24.88,2025-11-24,dev,0
pay_00000000004758,setl_merchant_1_0058,bnk_000000000060,270.00,upi,0.00,0.00,2.70,2025-11-24,dev,0
pay_00000000004821,setl_merchant_1_0058,bnk_000000000060,225.00,upi,0.00,0.00,2.25,2025-11-24,dev,0
pay_00000000000011,setl_merchant_1_0059,bnk_000000000061,792.99,card,20.22,3.64,0.00,2025-11-25,test,0
pay_00000000000054,setl_merchant_1_0059,bnk_000000000061,941.00,card,23.99,4.32,0.00,2025-11-25,test,0
pay_00000000000078,setl_merchant_1_0059,bnk_000000000061,464.00,upi,1.16,0.21,0.00,2025-11-25,test,0
pay_00000000000241,setl_merchant_1_0059,bnk_000000000061,787.10,upi,1.97,0.35,0.00,2025-11-25,test,0
pay_00000000000347,setl_merchant_1_0059,bnk_000000000061,536.65,wallet,11.00,1.98,5.37,2025-11-25,test,0
pay_00000000000397,setl_merchant_1_0059,bnk_000000000061,577.22,wallet,11.83,2.13,5.77,2025-11-25,test,0
pay_00000000000453,setl_merchant_1_0059,bnk_000000000061,228.51,netbanking,15.57,2.80,0.00,2025-11-25,test,0
pay_00000000000660,setl_merchant_1_0059,bnk_000000000061,699.52,upi,1.75,0.32,0.00,2025-11-25,test,0
pay_00000000000663,setl_merchant_1_0059,bnk_000000000061,366.96,upi,0.92,0.17,0.00,2025-11-25,test,0
pay_00000000000953,setl_merchant_1_0059,bnk_000000000061,317.00,card,8.08,1.45,0.00,2025-11-25,test,0
pay_00000000000982,setl_merchant_1_0059,bnk_000000000061,3051.00,wallet,62.55,11.26,0.00,2025-11-25,test,0
pay_00000000000988,setl_merchant_1_0059,bnk_000000000061,1074.68,card,27.41,4.93,10.75,2025-11-25,test,0
pay_00000000001420,setl_merchant_1_0059,bnk_000000000061,690.00,netbanking,16.73,3.01,6.90,2025-11-25,test,0
pay_00000000001487,setl_merchant_1_0059,bnk_000000000061,426.32,upi,1.07,0.19,4.26,2025-11-25,test,0
pay_00000000001523,setl_merchant_1_0059,bnk_000000000061,3511.99,card,89.56,16.12,35.12,2025-11-25,test,0
pay_00000000001628,setl_merchant_1_0059,bnk_000000000061,16908.67,card,431.17,77.61,169.09,2025-11-25,test,0
pay_00000000001770,setl_merchant_1_0059,bnk_000000000061,165.00,wallet,3.38,0.61,1.65,2025-11-25,test,0
pay_00000000002053,setl_merchant_1_0059,bnk_000000000061,914.00,netbanking,17.29,3.11,9.14,2025-11-25,test,0
pay_00000000002165,setl_merchant_1_0059,bnk_000000000061,2398.00,card,61.15,11.01,0.00,2025-11-25,test,0
pay_00000000002186,setl_merchant_1_0059,bnk_000000000061,1024.99,upi,2.56,0.46,10.25,2025-11-25,test,0
pay_00000000002203,setl_merchant_1_0059,bnk_000000000061,922.00,upi,2.31,0.42,0.00,2025-11-25,test,0
pay_00000000002216,setl_merchant_1_0059,bnk_000000000061,197.27,card,5.03,0.91,1.97,2025-11-25,test,0
pay_00000000002336,setl_merchant_1_0059,bnk_000000000061,161.48,upi,0.40,0.07,1.61,2025-11-25,test,0
pay_00000000002592,setl_merchant_1_0059,bnk_000000000061,1805.73,card,46.04,8.29,18.06,2025-11-25,test,0
pay_00000000002706,setl_merchant_1_0059,bnk_000000000061,363.39,card,9.27,1.67,0.00,2025-11-25,test,0
pay_00000000002776,setl_merchant_1_0059,bnk_000000000061,174.00,card,4.44,0.80,0.00,2025-11-25,test,0
pay_00000000002940,setl_merchant_1_0059,bnk_000000000061,854.99,upi,2.14,0.39,0.00,2025-11-25,test,0
pay_00000000002951,setl_merchant_1_0059,bnk_000000000061,3512.00,card,89.56,16.12,35.12,2025-11-25,test,0
pay_00000000003316,setl_merchant_1_0059,bnk_000000000061,146.17,wallet,3.00,0.54,1.46,2025-11-25,test,0
pay_00000000003384,setl_merchant_1_0059,bnk_000000000061,222.99,upi,0.56,0.10,0.00,2025-11-25,test,0
pay_00000000003464,setl_merchant_1_0059,bnk_000000000061,869.99,upi,2.17,0.39,8.70,2025-11-25,test,0
pay_00000000003561,setl_merchant_1_0059,bnk_000000000061,993.99,card,25.34,4.56,0.00,2025-11-25,test,0
pay_00000000004053,setl_merchant_1_0059,bnk_000000000061,2176.81,card,55.51,9.99,21.77,2025-11-25,test,0
pay_00000000004078,setl_merchant_1_0059,bnk_000000000061,572.99,upi,1.43,0.26,5.73,2025-11-25,test,0
pay_00000000004080,setl_merchant_1_0059,bnk_000000000061,99.03,netbanking,15.25,2.75,0.99,2025-11-25,test,0
pay_00000000004262,setl_merchant_1_0059,bnk_000000000061,360.93,card,9.20,1.66,3.61,2025-11-25,test,0
pay_00000000004507,setl_merchant_1_0059,bnk_000000000061,668.00,upi,1.67,0.30,0.00,2025-11-25,test,0
pay_00000000004527,setl_merchant_1_0059,bnk_000000000061,2428.53,upi,6.07,1.09,24.29,2025-11-25,test,0
pay_00000000004676,setl_merchant_1_0059,bnk_000000000061,877.37,upi,2.19,0.39,8.77,2025-11-25,test,0
pay_00000000000333,setl_merchant_1_0060,bnk_000000000062,289.46,upi,0.72,0.13,0.00,2025-11-26,test,0
pay_00000000000381,setl_merchant_1_0060,bnk_000000000062,1044.99,upi,2.61,0.47,10.45,2025-11-26,test,0
pay_00000000001037,setl_merchant_1_0060,bnk_000000000062,939.99,upi,2.35,0.42,0.00,2025-11-26,test,0
pay_00000000001097,setl_merchant_1_0060,bnk_000000000062,928.00,upi,2.32,0.42,9.28,2025-11-26,test,0
pay_00000000001431,setl_merchant_1_0060,bnk_000000000062,380.23,upi,0.95,0.17,0.00,2025-11-26,test,0
pay_00000000001447,setl_merchant_1_0060,bnk_000000000062,2711.99,upi,6.78,1.22,27.12,2025-11-26,test,0
pay_00000000001492,setl_merchant_1_0060,bnk_000000000062,444.00,card,11.32,2.04,4.44,2025-11-26,test,0
pay_00000000001596,setl_merchant_1_0060,bnk_000000000062,335.00,card,8.55,1.54,0.00,2025-11-26,test,0
pay_00000000001771,setl_merchant_1_0060,bnk_000000000062,267.97,upi,0.67,0.12,2.68,2025-11-26,test,0
pay_00000000001772,setl_merchant_1_0060,bnk_000000000062,1063.00,upi,2.66,0.48,0.00,2025-11-26,test,0
pay_00000000001866,setl_merchant_1_0060,bnk_000000000062,1239.99,upi,3.10,0.56,12.40,2025-11-26,test,0
pay_00000000001940,setl_merchant_1_0060,bnk_000000000062,539.86,card,13.77,2.48,0.00,2025-11-26,test,0
pay_00000000001943,setl_merchant_1_0060,bnk_000000000062,570.00,card,14.54,2.62,0.00,2025-11-26,test,0
pay_00000000002058,setl_merchant_1_0060,bnk_000000000062,131.41,card,3.35,0.60,1.31,2025-11-26,test,0
pay_00000000002142,setl_merchant_1_0060,bnk_000000000062,330.00,upi,0.83,0.15,0.00,2025-11-26,test,0
pay_00000000002195,setl_merchant_1_0060,bnk_000000000062,3154.06,upi,7.89,1.42,0.00,2025-11-26,test,0
pay_00000000002272,setl_merchant_1_0060,bnk_000000000062,399.00,card,10.18,1.83,0.00,2025-11-26,test,0
pay_00000000002321,setl_merchant_1_0060,bnk_000000000062,122.99,upi,0.31,0.06,1.23,2025-11-26,test,0
pay_00000000002353,setl_merchant_1_0060,bnk_000000000062,758.00,card,19.33,3.48,7.58,2025-11-26,test,0
pay_00000000002395,setl_merchant_1_0060,bnk_000000000062,488.99,upi,1.22,0.22,0.00,2025-11-26,test,0
pay_00000000002405,setl_merchant_1_0060,bnk_000000000062,844.05,upi,2.11,0.38,8.44,2025-11-26,test,0
pay_00000000002547,setl_merchant_1_0060,bnk_000000000062,683.40,card,17.43,3.14,0.00,2025-11-26,test,0
pay_00000000002718,setl_merchant_1_0060,bnk_000000000062,983.00,card,25.07,4.51,9.83,2025-11-26,test,0
pay_00000000002805,setl_merchant_1_0060,bnk_000000000062,1051.00,card,26.80,4.82,10.51,2025-11-26,test,0
pay_00000000002983,setl_merchant_1_0060,bnk_000000000062,10722.99,upi,26.81,4.83,107.23,2025-11-26,test,0
pay_00000000003182,setl_merchant_1_0060,bnk_000000000062,1017.76,card,25.95,4.67,10.18,2025-11-26,test,0
pay_00000000003216,setl_merchant_1_0060,bnk_000000000062,242.99,upi,0.61,0.11,2.43,2025-11-26,test,0
pay_00000000003273,setl_merchant_1_0060,bnk_000000000062,582.00,upi,1.46,0.26,0.00,2025-11-26,test,0
pay_00000000003319,setl_merchant_1_0060,bnk_000000000062,352.99,card,9.00,1.62,0.00,2025-11-26,test,0
pay_00000000003362,setl_merchant_1_0060,bnk_000000000062,418.00,upi,1.05,0.19,0.00,2025-11-26,test,0
pay_00000000003469,setl_merchant_1_0060,bnk_000000000062,394.00,wallet,8.08,1.45,0.00,2025-11-26,test,0
pay_00000000003675,setl_merchant_1_0060,bnk_000000000062,663.00,upi,1.66,0.30,6.63,2025-11-26,test,0
pay_00000000003802,setl_merchant_1_0060,bnk_000000000062,615.00,upi,1.54,0.28,6.15,2025-11-26,test,0
pay_00000000003892,setl_merchant_1_0060,bnk_000000000062,874.92,upi,2.19,0.39,0.00,2025-11-26,test,0
pay_00000000003894,setl_merchant_1_0060,bnk_000000000062,621.99,wallet,12.75,2.30,6.22,2025-11-26,test,0
pay_00000000003936,setl_merchant_1_0060,bnk_000000000062,130.51,upi,0.33,0.06,0.00,2025-11-26,test,0
pay_00000000003951,setl_merchant_1_0060,bnk_000000000062,761.00,upi,1.90,0.34,7.61,2025-11-26,test,0
pay_00000000004222,setl_merchant_1_0060,bnk_000000000062,800.67,wallet,16.41,2.95,0.00,2025-11-26,test,0
pay_00000000004284,setl_merchant_1_0060,bnk_000000000062,481.00,upi,1.20,0.22,4.81,2025-11-26,test,0
pay_00000000004421,setl_merchant_1_0060,bnk_000000000062,128.00,card,3.26,0.59,1.28,2025-11-26,test,0
pay_00000000004437,setl_merchant_1_0060,bnk_000000000062,139.93,upi,0.35,0.06,0.00,2025-11-26,test,0
pay_00000000004524,setl_merchant_1_0060,bnk_000000000062,2424.99,wallet,49.71,8.95,24.25,2025-11-26,test,0
pay_00000000004699,setl_merchant_1_0060,bnk_000000000062,240.99,card,6.14,1.11,0.00,2025-11-26,test,0
pay_00000000004837,setl_merchant_1_0060,bnk_000000000062,3456.96,card,88.15,15.87,34.57,2025-11-26,test,0
pay_00000000000901,setl_merchant_1_0061,bnk_000000000063,350.71,netbanking,15.00,2.70,3.51,2025-11-26,test,0
pay_00000000002581,setl_merchant_1_0061,bnk_000000000063,734.10,wallet,13.21,2.38,0.00,2025-11-26,test,0
pay_00000000002819,setl_merchant_1_0061,bnk_000000000063,529.99,upi,0.00,0.00,5.30,2025-11-26,test,0
pay_00000000002925,setl_merchant_1_0061,bnk_000000000063,519.19,upi,0.00,0.00,5.19,2025-11-26,test,0
pay_00000000003336,setl_merchant_1_0061,bnk_000000000063,1002.32,upi,0.00,0.00,0.00,2025-11-26,test,0
pay_00000000003374,setl_merchant_1_0061,bnk_000000000063,130.66,wallet,2.35,0.42,1.31,2025-11-26,test,0
pay_00000000003648,setl_merchant_1_0061,bnk_000000000063,889.00,card,20.45,3.68,0.00,2025-11-26,test,0
pay_00000000004047,setl_merchant_1_0061,bnk_000000000063,458.99,wallet,8.26,1.49,0.00,2025-11-26,test,0
pay_00000000000032,setl_merchant_1_0062,bnk_000000000064,687.48,netbanking,15.00,2.70,0.00,2025-11-26,test,0
pay_00000000000135,setl_merchant_1_0062,bnk_000000000064,253.00,upi,0.00,0.00,2.53,2025-11-26,test,0
pay_00000000000318,setl_merchant_1_0062,bnk_000000000064,666.00,card,15.32,2.76,6.66,2025-11-26,test,0
pay_00000000000366,setl_merchant_1_0062,bnk_000000000064,525.00,wallet,9.45,1.70,0.00,2025-11-26,test,0
pay_00000000000513,setl_merchant_1_0062,bnk_000000000064,683.73,card,15.73,2.83,6.84,2025-11-26,test,0
pay_00000000000569,setl_merchant_1_0062,bnk_000000000064,541.00,netbanking,15.00,2.70,5.41,2025-11-26,test,0
pay_00000000000922,setl_merchant_1_0062,bnk_000000000064,948.50,upi,0.00,0.00,0.00,2025-11-26,test,0
pay_00000000000946,setl_merchant_1_0062,bnk_000000000064,537.00,upi,0.00,0.00,0.00,2025-11-26,test,0
pay_00000000001024,setl_merchant_1_0062,bnk_000000000064,515.75,upi,0.00,0.00,0.00,2025-11-26,test,0
pay_00000000001401,setl_merchant_1_0062,bnk_000000000064,17116.28,card,393.67,70.86,171.16,2025-11-26,test,0
pay_00000000001695,setl_merchant_1_0062,bnk_000000000064,7713.99,upi,0.00,0.00,77.14,2025-11-26,test,0
pay_00000000001707,setl_merchant_1_0062,bnk_000000000064,351.99,card,8.10,1.46,0.00,2025-11-26,test,0
pay_00000000001941,setl_merchant_1_0062,bnk_000000000064,9618.00,card,221.21,39.82,0.00,2025-11-26,test,0
pay_00000000001953,setl_merchant_1_0062,bnk_000000000064,11104.80,upi,0.00,0.00,0.00,2025-11-26,test,0
pay_00000000002030,setl_merchant_1_0062,bnk_000000000064,487.97,upi,0.00,0.00,4.88,2025-11-26,test,0
pay_00000000002131,setl_merchant_1_0062,bnk_000000000064,10472.87,upi,0.00,0.00,104.73,2025-11-26,test,0
pay_00000000002529,setl_merchant_1_0062,bnk_000000000064,356.52,card,8.20,1.48,3.57,2025-11-26,test,0
pay_00000000002621,setl_merchant_1_0062,bnk_000000000064,1037.55,upi,0.00,0.00,0.00,2025-11-26,test,0
pay_00000000002831,setl_merchant_1_0062,bnk_000000000064,375.99,card,8.65,1.56,3.76,2025-11-26,test,0
pay_00000000003080,setl_merchant_1_0062,bnk_000000000064,581.11,card,13.37,2.41,5.81,2025-11-26,test,0
pay_00000000003165,setl_merchant_1_0062,bnk_000000000064,359.40,netbanking,15.00,2.70,0.00,2025-11-26,test,0
pay_00000000003179,setl_merchant_1_0062,bnk_000000000064,558.63,card,12.85,2.31,0.00,2025-11-26,test,0
pay_00000000003299,setl_merchant_1_0062,bnk_000000000064,422.99,upi,0.00,0.00,0.00,2025-11-26,test,0
pay_00000000003333,setl_merchant_1_0062,bnk_000000000064,1021.42,card,23.49,4.23,0.00,2025-11-26,test,0
pay_00000000003407,setl_merchant_1_0062,bnk_000000000064,108.90,upi,0.00,0.00,0.00,2025-11-26,test,0
pay_00000000003452,setl_merchant_1_0062,bnk_000000000064,526.99,upi,0.00,0.00,0.00,2025-11-26,test,0
pay_00000000003885,setl_merchant_1_0062,bnk_000000000064,994.00,upi,0.00,0.00,9.94,2025-11-26,test,0
pay_00000000003968,setl_merchant_1_0062,bnk_000000000064,2896.00,netbanking,15.00,2.70,28.96,2025-11-26,test,0
pay_00000000004014,setl_merchant_1_0062,bnk_000000000064,657.00,upi,0.00,0.00,0.00,2025-11-26,test,0
pay_00000000004108,setl_merchant_1_0062,bnk_000000000064,693.99,upi,0.00,0.00,0.00,2025-11-26,test,0
pay_00000000004135,setl_merchant_1_0062,bnk_000000000064,831.99,upi,0.00,0.00,8.32,2025-11-26,test,0
pay_00000000004153,setl_merchant_1_0062,bnk_000000000064,573.99,upi,0.00,0.00,5.74,2025-11-26,test,0
pay_00000000004206,setl_merchant_1_0062,bnk_000000000064,586.43,card,13.49,2.43,5.86,2025-11-26,test,0
pay_00000000004344,setl_merchant_1_0062,bnk_000000000064,503.80,upi,0.00,0.00,0.00,2025-11-26,test,0
pay_00000000004372,setl_merchant_1_0062,bnk_000000000064,417.25,upi,0.00,0.00,4.17,2025-11-26,test,0
pay_00000000004467,setl_merchant_1_0062,bnk_000000000064,761.99,upi,0.00,0.00,7.62,2025-11-26,test,0
pay_00000000004668,setl_merchant_1_0062,bnk_000000000064,634.99,upi,0.00,0.00,6.35,2025-11-26,test,0
pay_00000000004672,setl_merchant_1_0062,bnk_000000000064,458.00,wallet,8.24,1.48,4.58,2025-11-26,test,0
pay_00000000004791,setl_merchant_1_0062,bnk_000000000064,918.00,upi,0.00,0.00,9.18,2025-11-26,test,0
pay_00000000004955,setl_merchant_1_0062,bnk_000000000064,975.22,upi,0.00,0.00,9.75,2025-11-26,test,0
pay_00000000000052,setl_merchant_1_0063,bnk_000000000065,495.99,upi,0.00,0.00,4.96,2025-11-26,test,0
pay_00000000000120,setl_merchant_1_0063,bnk_000000000065,1074.99,upi,0.00,0.00,0.00,2025-11-26,test,0
pay_00000000000200,setl_merchant_1_0063,bnk_000000000065,782.58,upi,0.00,0.00,0.00,2025-11-26,test,0
pay_00000000000291,setl_merchant_1_0063,bnk_000000000065,1526.74,upi,0.00,0.00,0.00,2025-11-26,test,0
pay_00000000000301,setl_merchant_1_0063,bnk_000000000065,569.11,upi,0.00,0.00,5.69,2025-11-26,test,0
pay_00000000000589,setl_merchant_1_0063,bnk_000000000065,858.86,upi,0.00,0.00,0.00,2025-11-26,test,0
pay_00000000000593,setl_merchant_1_0063,bnk_000000000065,3211.31,card,73.86,13.29,0.00,2025-11-26,test,0
pay_00000000000649,setl_merchant_1_0063,bnk_000000000065,335.49,upi,0.00,0.00,0.00,2025-11-26,test,0
pay_00000000000840,setl_merchant_1_0063,bnk_000000000065,718.00,netbanking,15.00,2.70,7.18,2025-11-26,test,0
pay_00000000001032,setl_merchant_1_0063,bnk_000000000065,14590.99,card,335.59,60.41,0.00,2025-11-26,test,0
pay_00000000001095,setl_merchant_1_0063,bnk_000000000065,427.87,upi,0.00,0.00,4.28,2025-11-26,test,0
pay_00000000001105,setl_merchant_1_0063,bnk_000000000065,3447.99,card,79.30,14.27,0.00,2025-11-26,test,0
pay_00000000001158,setl_merchant_1_0063,bnk_000000000065,782.98,wallet,14.09,2.54,7.83,2025-11-26,test,0
pay_00000000001181,setl_merchant_1_0063,bnk_000000000065,158.74,card,3.65,0.66,1.59,2025-11-26,test,0
pay_00000000001213,setl_merchant_1_0063,bnk_000000000065,1661.32,upi,0.00,0.00,16.61,2025-11-26,test,0
pay_00000000001519,setl_merchant_1_0063,bnk_000000000065,449.94,upi,0.00,0.00,4.50,2025-11-26,test,0
pay_00000000001624,setl_merchant_1_0063,bnk_000000000065,581.99,upi,0.00,0.00,5.82,2025-11-26,test,0
pay_00000000001674,setl_merchant_1_0063,bnk_000000000065,973.00,card,22.38,4.03,0.00,2025-11-26,test,0
pay_00000000001683,setl_merchant_1_0063,bnk_000000000065,601.00,card,13.82,2.49,6.01,2025-11-26,test,0
pay_00000000001722,setl_merchant_1_0063,bnk_000000000065,1630.00,upi,0.00,0.00,0.00,2025-11-26,test,0
pay_00000000001813,setl_merchant_1_0063,bnk_000000000065,346.00,upi,0.00,0.00,0.00,2025-11-26,test,0
pay_00000000001898,setl_merchant_1_0063,bnk_000000000065,494.70,upi,0.00,0.00,4.95,2025-11-26,test,0
pay_00000000002019,setl_merchant_1_0063,bnk_000000000065,803.10,card,18.47,3.32,0.00,2025-11-26,test,0
pay_00000000002088,setl_merchant_1_0063,bnk_000000000065,339.43,netbanking,15.00,2.70,3.39,2025-11-26,test,0
pay_00000000002292,setl_merchant_1_0063,bnk_000000000065,1663.99,card,38.27,6.89,0.00,2025-11-26,test,0
pay_00000000002613,setl_merchant_1_0063,bnk_000000000065,972.00,netbanking,15.00,2.70,0.00,2025-11-26,test,0
pay_00000000002841,setl_merchant_1_0063,bnk_000000000065,293.38,upi,0.00,0.00,2.93,2025-11-26,test,0
pay_00000000002868,setl_merchant_1_0063,bnk_000000000065,4725.32,netbanking,15.00,2.70,47.25,2025-11-26,test,0
pay_00000000002871,setl_merchant_1_0063,bnk_000000000065,350.62,upi,0.00,0.00,0.00,2025-11-26,test,0
pay_00000000002994,setl_merchant_1_0063,bnk_000000000065,175.00,card,4.03,0.73,1.75,2025-11-26,test,0
pay_00000000003116,setl_merchant_1_0063,bnk_000000000065,187.76,card,4.32,0.78,1.88,2025-11-26,test,0
pay_00000000003149,setl_merchant_1_0063,bnk_000000000065,1052.03,card,24.20,4.36,10.52,2025-11-26,test,0
pay_00000000003163,setl_merchant_1_0063,bnk_000000000065,381.00,upi,0.00,0.00,0.00,2025-11-26,test,0
pay_00000000003191,setl_merchant_1_0063,bnk_000000000065,140.14,card,3.22,0.58,1.40,2025-11-26,test,0
pay_00000000003247,setl_merchant_1_0063,bnk_000000000065,501.99,upi,0.00,0.00,5.02,2025-11-26,test,0
pay_00000000003256,setl_merchant_1_0063,bnk_000000000065,261.30,upi,0.00,0.00,2.61,2025-11-26,test,0
pay_00000000003367,setl_merchant_1_0063,bnk_000000000065,231.11,upi,0.00,0.00,0.00,2025-11-26,test,0
pay_00000000003382,setl_merchant_1_0063,bnk_000000000065,199.24,netbanking,15.00,2.70,0.00,2025-11-26,test,0
pay_00000000003392,setl_merchant_1_0063,bnk_000000000065,783.50,netbanking,15.00,2.70,7.84,2025-11-26,test,0
pay_00000000003431,setl_merchant_1_0063,bnk_000000000065,1736.99,upi,0.00,0.00,17.37,2025-11-26,test,0
pay_00000000003466,setl_merchant_1_0063,bnk_000000000065,200.00,card,4.60,0.83,2.00,2025-11-26,test,0
pay_00000000003478,setl_merchant_1_0063,bnk_000000000065,2845.41,upi,0.00,0.00,0.00,2025-11-26,test,0
pay_00000000003740,setl_merchant_1_0063,bnk_000000000065,891.00,upi,0.00,0.00,0.00,2025-11-26,test,0
pay_00000000003750,setl_merchant_1_0063,bnk_000000000065,934.55,upi,0.00,0.00,0.00,2025-11-26,test,0
pay_00000000003775,setl_merchant_1_0063,bnk_000000000065,2437.67,upi,0.00,0.00,24.38,2025-11-26,test,0
pay_00000000003821,setl_merchant_1_0063,bnk_000000000065,404.57,upi,0.00,0.00,0.00,2025-11-26,test,0
pay_00000000003980,setl_merchant_1_0063,bnk_000000000065,1053.99,netbanking,15.00,2.70,10.54,2025-11-26,test,0
pay_00000000004197,setl_merchant_1_0063,bnk_000000000065,165.89,upi,0.00,0.00,1.66,2025-11-26,test,0
pay_00000000004210,setl_merchant_1_0063,bnk_000000000065,824.00,upi,0.00,0.00,0.00,2025-11-26,test,0
pay_00000000004278,setl_merchant_1_0063,bnk_000000000065,3095.99,upi,0.00,0.00,30.96,2025-11-26,test,0
pay_00000000004608,setl_merchant_1_0063,bnk_000000000065,532.00,upi,0.00,0.00,0.00,2025-11-26,test,0
pay_00000000004634,setl_merchant_1_0063,bnk_000000000065,747.00,wallet,13.45,2.42,0.00,2025-11-26,test,0
pay_00000000004740,setl_merchant_1_0063,bnk_000000000065,330.00,upi,0.00,0.00,0.00,2025-11-26,test,0
pay_00000000004790,setl_merchant_1_0063,bnk_000000000065,707.92,card,16.28,2.93,0.00,2025-11-26,test,0
pay_00000000004859,setl_merchant_1_0063,bnk_000000000065,11303.00,netbanking,15.00,2.70,113.03,2025-11-26,test,0
pay_00000000004926,setl_merchant_1_0063,bnk_000000000065,555.49,upi,0.00,0.00,0.00,2025-11-26,test,0
pay_00000000004936,setl_merchant_1_0063,bnk_000000000065,588.78,upi,0.00,0.00,5.89,2025-11-26,test,0
pay_00000000005001,setl_merchant_1_0063,bnk_000000000065,404.57,upi,0.00,0.00,0.00,2025-11-26,test,1
pay_00000000000004,setl_merchant_1_0064,bnk_000000000066,141.64,card,3.26,0.59,0.00,2025-11-26,test,0
pay_00000000000066,setl_merchant_1_0064,bnk_000000000066,158.49,upi,0.00,0.00,1.58,2025-11-26,test,0
pay_00000000000110,setl_merchant_1_0064,bnk_000000000066,635.64,card,14.62,2.63,0.00,2025-11-26,test,0
pay_00000000000386,setl_merchant_1_0064,bnk_000000000066,520.27,upi,0.00,0.00,0.00,2025-11-26,test,0
pay_00000000000401,setl_merchant_1_0064,bnk_000000000066,524.30,netbanking,15.00,2.70,5.24,2025-11-26,test,0
pay_00000000000696,setl_merchant_1_0064,bnk_000000000066,2602.99,upi,0.00,0.00,0.00,2025-11-26,test,0
pay_00000000000704,setl_merchant_1_0064,bnk_000000000066,471.07,upi,0.00,0.00,4.71,2025-11-26,test,0
pay_00000000000891,setl_merchant_1_0064,bnk_000000000066,934.99,upi,0.00,0.00,9.35,2025-11-26,test,0
pay_00000000000945,setl_merchant_1_0064,bnk_000000000066,808.00,card,18.58,3.34,8.08,2025-11-26,test,0
pay_00000000001326,setl_merchant_1_0064,bnk_000000000066,701.42,upi,0.00,0.00,7.01,2025-11-26,test,0
pay_00000000001466,setl_merchant_1_0064,bnk_000000000066,717.00,upi,0.00,0.00,7.17,2025-11-26,test,0
pay_00000000001558,setl_merchant_1_0064,bnk_000000000066,265.99,upi,0.00,0.00,0.00,2025-11-26,test,0
pay_00000000001570,setl_merchant_1_0064,bnk_000000000066,278.82,upi,0.00,0.00,0.00,2025-11-26,test,0
pay_00000000001601,setl_merchant_1_0064,bnk_000000000066,223.00,upi,0.00,0.00,0.00,2025-11-26,test,0
pay_00000000001613,setl_merchant_1_0064,bnk_000000000066,783.84,upi,0.00,0.00,7.84,2025-11-26,test,0
pay_00000000001686,setl_merchant_1_0064,bnk_000000000066,333.92,upi,0.00,0.00,3.34,2025-11-26,test,0
pay_00000000001747,setl_merchant_1_0064,bnk_000000000066,688.44,wallet,12.39,2.23,6.88,2025-11-26,test,0
pay_00000000001833,setl_merchant_1_0064,bnk_000000000066,2443.99,upi,0.00,0.00,24.44,2025-11-26,test,0
pay_00000000001843,setl_merchant_1_0064,bnk_000000000066,525.23,upi,0.00,0.00,5.25,2025-11-26,test,0
pay_00000000001847,setl_merchant_1_0064,bnk_000000000066,99.00,upi,0.00,0.00,0.99,2025-11-26,test,0
pay_00000000002224,setl_merchant_1_0064,bnk_000000000066,1681.00,upi,0.00,0.00,16.81,2025-11-26,test,0
pay_00000000002319,setl_merchant_1_0064,bnk_000000000066,265.58,upi,0.00,0.00,0.00,2025-11-26,test,0
pay_00000000002430,setl_merchant_1_0064,bnk_000000000066,525.00,upi,0.00,0.00,0.00,2025-11-26,test,0
pay_00000000002617,setl_merchant_1_0064,bnk_000000000066,2745.00,upi,0.00,0.00,27.45,2025-11-26,test,0
pay_00000000002690,setl_merchant_1_0064,bnk_000000000066,159.15,card,3.66,0.66,0.00,2025-11-26,test,0
pay_00000000002695,setl_merchant_1_0064,bnk_000000000066,837.00,card,19.25,3.47,8.37,2025-11-26,test,0
pay_00000000002770,setl_merchant_1_0064,bnk_000000000066,816.53,upi,0.00,0.00,8.17,2025-11-26,test,0
pay_00000000002844,setl_merchant_1_0064,bnk_000000000066,372.99,upi,0.00,0.00,3.73,2025-11-26,test,0
pay_00000000002888,setl_merchant_1_0064,bnk_000000000066,2993.00,upi,0.00,0.00,29.93,2025-11-26,test,0
pay_00000000003142,setl_merchant_1_0064,bnk_000000000066,3566.10,upi,0.00,0.00,35.66,2025-11-26,test,0
pay_00000000003254,setl_merchant_1_0064,bnk_000000000066,607.00,card,13.96,2.51,0.00,2025-11-26,test,0
pay_00000000003573,setl_merchant_1_0064,bnk_000000000066,3274.64,upi,0.00,0.00,32.75,2025-11-26,test,0
pay_00000000003616,setl_merchant_1_0064,bnk_000000000066,2068.99,card,47.59,8.57,20.69,2025-11-26,test,0
pay_00000000003751,setl_merchant_1_0064,bnk_000000000066,3541.99,card,81.47,14.66,35.42,2025-11-26,test,0
pay_00000000003790,setl_merchant_1_0064,bnk_000000000066,1027.99,upi,0.00,0.00,0.00,2025-11-26,test,0
pay_00000000003874,setl_merchant_1_0064,bnk_000000000066,593.00,upi,0.00,0.00,0.00,2025-11-26,test,0
pay_00000000003919,setl_merchant_1_0064,bnk_000000000066,2794.14,upi,0.00,0.00,27.94,2025-11-26,test,0
pay_00000000003938,setl_merchant_1_0064,bnk_000000000066,2054.00,wallet,36.97,6.65,20.54,2025-11-26,test,0
pay_00000000003999,setl_merchant_1_0064,bnk_000000000066,703.52,upi,0.00,0.00,0.00,2025-11-26,test,0
pay_00000000004046,setl_merchant_1_0064,bnk_000000000066,722.91,upi,0.00,0.00,7.23,2025-11-26,test,0
pay_00000000004195,setl_merchant_1_0064,bnk_000000000066,900.44,upi,0.00,0.00,0.00,2025-11-26,test,0
pay_00000000004240,setl_merchant_1_0064,bnk_000000000066,935.20,card,21.51,3.87,0.00,2025-11-26,test,0
pay_00000000004493,setl_merchant_1_0064,bnk_000000000066,507.00,card,11.66,2.10,5.07,2025-11-26,test,0
pay_00000000004594,setl_merchant_1_0064,bnk_000000000066,997.00,card,22.93,4.13,0.00,2025-11-26,test,0
pay_00000000004661,setl_merchant_1_0064,bnk_000000000066,179.81,upi,0.00,0.00,0.00,2025-11-26,test,0
pay_00000000004884,setl_merchant_1_0064,bnk_000000000066,844.81,upi,0.00,0.00,8.45,2025-11-26,test,0
pay_00000000005002,setl_merchant_1_0064,bnk_000000000066,404.57,upi,0.00,0.00,0.00,2025-11-26,test,1
pay_00000000000082,setl_merchant_1_0065,bnk_000000000067,1000.69,card,23.02,4.14,0.00,2025-11-27,test,0
pay_00000000000185,setl_merchant_1_0065,bnk_000000000067,3484.39,upi,0.00,0.00,34.84,2025-11-27,test,0
pay_00000000000203,setl_merchant_1_0065,bnk_000000000067,193.65,upi,0.00,0.00,1.94,2025-11-27,test,0
pay_00000000000286,setl_merchant_1_0065,bnk_000000000067,380.00,upi,0.00,0.00,3.80,2025-11-27,test,0
pay_00000000000393,setl_merchant_1_0065,bnk_000000000067,383.99,upi,0.00,0.00,3.84,2025-11-27,test,0
pay_00000000000438,setl_merchant_1_0065,bnk_000000000067,692.36,wallet,12.46,2.24,6.92,2025-11-27,test,0
pay_00000000000698,setl_merchant_1_0065,bnk_000000000067,3373.99,netbanking,15.00,2.70,0.00,2025-11-27,test,0
pay_00000000000812,setl_merchant_1_0065,bnk_000000000067,486.00,upi,0.00,0.00,4.86,2025-11-27,test,0
pay_00000000000818,setl_merchant_1_0065,bnk_000000000067,726.89,upi,0.00,0.00,7.27,2025-11-27,test,0
pay_00000000000999,setl_merchant_1_0065,bnk_000000000067,347.00,wallet,6.25,1.13,0.00,2025-11-27,test,0
pay_00000000001074,setl_merchant_1_0065,bnk_000000000067,866.99,card,19.94,3.59,0.00,2025-11-27,test,0
pay_00000000001075,setl_merchant_1_0065,bnk_000000000067,703.07,upi,0.00,0.00,0.00,2025-11-27,test,0
pay_00000000001139,setl_merchant_1_0065,bnk_000000000067,134.08,netbanking,15.00,2.70,1.34,2025-11-27,test,0
pay_00000000001527,setl_merchant_1_0065,bnk_000000000067,180.13,card,4.14,0.75,0.00,2025-11-27,test,0
pay_00000000001590,setl_merchant_1_0065,bnk_000000000067,208.00,wallet,3.74,0.67,0.00,2025-11-27,test,0
pay_00000000001746,setl_merchant_1_0065,bnk_000000000067,315.00,upi,0.00,0.00,0.00,2025-11-27,test,0
pay_00000000001786,setl_merchant_1_0065,bnk_000000000067,191.59,card,4.41,0.79,0.00,2025-11-27,test,0
pay_00000000001852,setl_merchant_1_0065,bnk_000000000067,846.00,upi,0.00,0.00,8.46,2025-11-27,test,0
pay_00000000002025,setl_merchant_1_0065,bnk_000000000067,418.00,upi,0.00,0.00,4.18,2025-11-27,test,0
pay_00000000002059,setl_merchant_1_0065,bnk_000000000067,446.93,upi,0.00,0.00,4.47,2025-11-27,test,0
pay_00000000002122,setl_merchant_1_0065,bnk_000000000067,656.41,upi,0.00,0.00,6.56,2025-11-27,test,0
pay_00000000002200,setl_merchant_1_0065,bnk_000000000067,193.63,upi,0.00,0.00,0.00,2025-11-27,test,0
pay_00000000002376,setl_merchant_1_0065,bnk_000000000067,566.99,card,13.04,2.35,5.67,2025-11-27,test,0
pay_00000000002383,setl_merchant_1_0065,bnk_000000000067,120.00,card,2.76,0.50,0.00,2025-11-27,test,0
pay_00000000002649,setl_merchant_1_0065,bnk_000000000067,264.12,wallet,4.75,0.86,0.00,2025-11-27,test,0
pay_00000000002860,setl_merchant_1_0065,bnk_000000000067,791.99,upi,0.00,0.00,0.00,2025-11-27,test,0
pay_00000000002933,setl_merchant_1_0065,bnk_000000000067,821.40,card,18.89,3.40,0.00,2025-11-27,test,0
pay_00000000003400,setl_merchant_1_0065,bnk_000000000067,408.02,upi,0.00,0.00,4.08,2025-11-27,test,0
pay_00000000003412,setl_merchant_1_0065,bnk_000000000067,816.00,upi,0.00,0.00,0.00,2025-11-27,test,0
pay_00000000003544,setl_merchant_1_0065,bnk_000000000067,429.99,upi,0.00,0.00,4.30,2025-11-27,test,0
pay_00000000003672,setl_merchant_1_0065,bnk_000000000067,3481.47,upi,0.00,0.00,0.00,2025-11-27,test,0
pay_00000000003847,setl_merchant_1_0065,bnk_000000000067,620.00,upi,0.00,0.00,0.00,2025-11-27,test,0
pay_00000000003961,setl_merchant_1_0065,bnk_000000000067,639.99,card,14.72,2.65,6.40,2025-11-27,test,0
pay_00000000003989,setl_merchant_1_0065,bnk_000000000067,466.47,wallet,8.40,1.51,0.00,2025-11-27,test,0
pay_00000000004024,setl_merchant_1_0065,bnk_000000000067,837.66,upi,0.00,0.00,8.38,2025-11-27,test,0
pay_00000000004095,setl_merchant_1_0065,bnk_000000000067,299.99,card,6.90,1.24,3.00,2025-11-27,test,0
pay_00000000004318,setl_merchant_1_0065,bnk_000000000067,878.00,upi,0.00,0.00,8.78,2025-11-27,test,0
pay_00000000004579,setl_merchant_1_0065,bnk_000000000067,2563.99,upi,0.00,0.00,0.00,2025-11-27,test,0
pay_00000000004589,setl_merchant_1_0065,bnk_000000000067,950.00,upi,0.00,0.00,9.50,2025-11-27,test,0
pay_00000000004742,setl_merchant_1_0065,bnk_000000000067,320.60,card,7.37,1.33,3.21,2025-11-27,test,0
pay_00000000004813,setl_merchant_1_0065,bnk_000000000067,522.67,card,12.02,2.16,5.23,2025-11-27,test,0
pay_00000000005011,setl_merchant_1_0065,bnk_000000000067,522.67,card,12.02,2.16,5.23,2025-11-27,test,1
pay_00000000000014,setl_merchant_1_0066,bnk_000000000068,616.79,card,14.19,2.55,0.00,2025-11-27,test,0
pay_00000000000051,setl_merchant_1_0066,bnk_000000000068,571.27,upi,0.00,0.00,5.71,2025-11-27,test,0
pay_00000000000074,setl_merchant_1_0066,bnk_000000000068,13056.26,wallet,235.01,42.30,130.56,2025-11-27,test,0
pay_00000000000077,setl_merchant_1_0066,bnk_000000000068,841.00,wallet,15.14,2.73,8.41,2025-11-27,test,0
pay_00000000000088,setl_merchant_1_0066,bnk_000000000068,585.29,wallet,10.54,1.90,0.00,2025-11-27,test,0
pay_00000000000100,setl_merchant_1_0066,bnk_000000000068,1040.68,upi,0.00,0.00,0.00,2025-11-27,test,0
pay_00000000000139,setl_merchant_1_0066,bnk_000000000068,1072.20,netbanking,15.00,2.70,0.00,2025-11-27,test,0
pay_00000000000170,setl_merchant_1_0066,bnk_000000000068,216.73,upi,0.00,0.00,0.00,2025-11-27,test,0
pay_00000000000180,setl_merchant_1_0066,bnk_000000000068,17370.99,upi,0.00,0.00,173.71,2025-11-27,test,0
pay_00000000000188,setl_merchant_1_0066,bnk_000000000068,1877.99,wallet,33.80,6.08,18.78,2025-11-27,test,0
pay_00000000000219,setl_merchant_1_0066,bnk_000000000068,186.75,upi,0.00,0.00,0.00,2025-11-27,test,0
pay_00000000000240,setl_merchant_1_0066,bnk_000000000068,1024.71,upi,0.00,0.00,0.00,2025-11-27,test,0
pay_00000000000315,setl_merchant_1_0066,bnk_000000000068,907.99,wallet,16.34,2.94,9.08,2025-11-27,test,0
pay_00000000000330,setl_merchant_1_0066,bnk_000000000068,1038.99,upi,0.00,0.00,10.39,2025-11-27,test,0
pay_00000000000480,setl_merchant_1_0066,bnk_000000000068,127.00,card,2.92,0.53,1.27,2025-11-27,test,0
pay_00000000000543,setl_merchant_1_0066,bnk_000000000068,979.47,upi,0.00,0.00,0.00,2025-11-27,test,0
pay_00000000000550,setl_merchant_1_0066,bnk_000000000068,356.00,upi,0.00,0.00,0.00,2025-11-27,test,0
pay_00000000000611,setl_merchant_1_0066,bnk_000000000068,298.48,upi,0.00,0.00,2.98,2025-11-27,test,0
pay_00000000000787,setl_merchant_1_0066,bnk_000000000068,808.74,wallet,14.56,2.62,0.00,2025-11-27,test,0
pay_00000000000878,setl_merchant_1_0066,bnk_000000000068,2008.57,wallet,36.15,6.51,20.09,2025-11-27,test,0
pay_00000000000915,setl_merchant_1_0066,bnk_000000000068,1030.46,card,23.70,4.27,10.30,2025-11-27,test,0
pay_00000000000967,setl_merchant_1_0066,bnk_000000000068,1265.00,card,29.10,5.24,0.00,2025-11-27,test,0
pay_00000000001059,setl_merchant_1_0066,bnk_000000000068,123.99,upi,0.00,0.00,0.00,2025-11-27,test,0
pay_00000000001133,setl_merchant_1_0066,bnk_000000000068,1222.44,wallet,22.00,3.96,0.00,2025-11-27,test,0
pay_00000000001176,setl_merchant_1_0066,bnk_000000000068,747.00,upi,0.00,0.00,0.00,2025-11-27,test,0
pay_00000000001187,setl_merchant_1_0066,bnk_000000000068,757.41,upi,0.00,0.00,7.57,2025-11-27,test,0
pay_00000000001222,setl_merchant_1_0066,bnk_000000000068,1007.54,upi,0.00,0.00,10.08,2025-11-27,test,0
pay_00000000001306,setl_merchant_1_0066,bnk_000000000068,2823.00,wallet,50.81,9.15,28.23,2025-11-27,test,0
pay_00000000001317,setl_merchant_1_0066,bnk_000000000068,6619.01,upi,0.00,0.00,66.19,2025-11-27,test,0
pay_00000000001406,setl_merchant_1_0066,bnk_000000000068,571.00,card,13.13,2.36,5.71,2025-11-27,test,0
pay_00000000001510,setl_merchant_1_0066,bnk_000000000068,1974.86,wallet,35.55,6.40,0.00,2025-11-27,test,0
pay_00000000001635,setl_merchant_1_0066,bnk_000000000068,744.29,wallet,13.40,2.41,0.00,2025-11-27,test,0
pay_00000000001643,setl_merchant_1_0066,bnk_000000000068,577.46,netbanking,15.00,2.70,5.77,2025-11-27,test,0
pay_00000000001647,setl_merchant_1_0066,bnk_000000000068,447.92,card,10.30,1.85,0.00,2025-11-27,test,0
pay_00000000001689,setl_merchant_1_0066,bnk_000000000068,179.86,card,4.14,0.75,1.80,2025-11-27,test,0
pay_00000000001715,setl_merchant_1_0066,bnk_000000000068,654.80,upi,0.00,0.00,6.55,2025-11-27,test,0
pay_00000000001724,setl_merchant_1_0066,bnk_000000000068,2504.00,wallet,45.07,8.11,25.04,2025-11-27,test,0
pay_00000000001759,setl_merchant_1_0066,bnk_000000000068,929.00,upi,0.00,0.00,0.00,2025-11-27,test,0
pay_00000000001779,setl_merchant_1_0066,bnk_000000000068,596.03,netbanking,15.00,2.70,5.96,2025-11-27,test,0
pay_00000000001819,setl_merchant_1_0066,bnk_000000000068,99.49,upi,0.00,0.00,0.99,2025-11-27,test,0
pay_00000000001899,setl_merchant_1_0066,bnk_000000000068,982.00,netbanking,15.00,2.70,9.82,2025-11-27,test,0
pay_00000000001942,setl_merchant_1_0066,bnk_000000000068,1627.00,card,37.42,6.74,16.27,2025-11-27,test,0
pay_00000000001963,setl_merchant_1_0066,bnk_000000000068,742.00,upi,0.00,0.00,0.00,2025-11-27,test,0
pay_00000000001966,setl_merchant_1_0066,bnk_000000000068,403.00,card,9.27,1.67,4.03,2025-11-27,test,0
pay_00000000002045,setl_merchant_1_0066,bnk_000000000068,181.44,netbanking,15.00,2.70,1.81,2025-11-27,test,0
pay_00000000002061,setl_merchant_1_0066,bnk_000000000068,869.99,card,20.01,3.60,0.00,2025-11-27,test,0
pay_00000000002081,setl_merchant_1_0066,bnk_000000000068,388.81,upi,0.00,0.00,3.89,2025-11-27,test,0
pay_00000000002109,setl_merchant_1_0066,bnk_000000000068,439.55,upi,0.00,0.00,0.00,2025-11-27,test,0
pay_00000000002130,setl_merchant_1_0066,bnk_000000000068,737.00,card,16.95,3.05,7.37,2025-11-27,test,0
pay_00000000002146,setl_merchant_1_0066,bnk_000000000068,421.99,wallet,7.60,1.37,0.00,2025-11-27,test,0
pay_00000000002147,setl_merchant_1_0066,bnk_000000000068,2061.00,upi,0.00,0.00,20.61,2025-11-27,test,0
pay_00000000002217,setl_merchant_1_0066,bnk_000000000068,216.38,card,4.98,0.90,2.16,2025-11-27,test,0
pay_00000000002238,setl_merchant_1_0066,bnk_000000000068,187.99,upi,0.00,0.00,1.88,2025-11-27,test,0
pay_00000000002334,setl_merchant_1_0066,bnk_000000000068,16669.00,wallet,300.04,54.01,0.00,2025-11-27,test,0
pay_00000000002436,setl_merchant_1_0066,bnk_000000000068,867.99,card,19.96,3.59,0.00,2025-11-27,test,0
pay_00000000002456,setl_merchant_1_0066,bnk_000000000068,520.00,card,11.96,2.15,5.20,2025-11-27,test,0
pay_00000000002461,setl_merchant_1_0066,bnk_000000000068,2775.95,wallet,49.97,8.99,27.76,2025-11-27,test,0
pay_00000000002534,setl_merchant_1_0066,bnk_000000000068,687.95,upi,0.00,0.00,6.88,2025-11-27,test,0
pay_00000000002593,setl_merchant_1_0066,bnk_000000000068,3269.00,card,75.19,13.53,0.00,2025-11-27,test,0
pay_00000000002667,setl_merchant_1_0066,bnk_000000000068,512.82,upi,0.00,0.00,5.13,2025-11-27,test,0
pay_00000000002725,setl_merchant_1_0066,bnk_000000000068,425.99,upi,0.00,0.00,4.26,2025-11-27,test,0
pay_00000000002881,setl_merchant_1_0066,bnk_000000000068,2217.88,card,51.01,9.18,22.18,2025-11-27,test,0
pay_00000000002985,setl_merchant_1_0066,bnk_000000000068,897.14,upi,0.00,0.00,8.97,2025-11-27,test,0
pay_00000000003067,setl_merchant_1_0066,bnk_000000000068,154.99,upi,0.00,0.00,1.55,2025-11-27,test,0
pay_00000000003103,setl_merchant_1_0066,bnk_000000000068,859.76,card,19.77,3.56,8.60,2025-11-27,test,0
pay_00000000003218,setl_merchant_1_0066,bnk_000000000068,1475.13,upi,0.00,0.00,14.75,2025-11-27,test,0
pay_00000000003253,setl_merchant_1_0066,bnk_000000000068,984.00,wallet,17.71,3.19,9.84,2025-11-27,test,0
pay_00000000003322,setl_merchant_1_0066,bnk_000000000068,1488.00,upi,0.00,0.00,14.88,2025-11-27,test,0
pay_00000000003397,setl_merchant_1_0066,bnk_000000000068,713.68,wallet,12.85,2.31,7.14,2025-11-27,test,0
pay_00000000003445,setl_merchant_1_0066,bnk_000000000068,1393.08,card,32.04,5.77,13.93,2025-11-27,test,0
pay_00000000003456,setl_merchant_1_0066,bnk_000000000068,182.50,card,4.20,0.76,1.83,2025-11-27,test,0
pay_00000000003504,setl_merchant_1_0066,bnk_000000000068,377.40,card,8.68,1.56,3.77,2025-11-27,test,0
pay_00000000003531,setl_merchant_1_0066,bnk_000000000068,1032.85,wallet,18.59,3.35,0.00,2025-11-27,test,0
pay_00000000003607,setl_merchant_1_0066,bnk_000000000068,406.00,card,9.34,1.68,0.00,2025-11-27,test,0
pay_00000000003659,setl_merchant_1_0066,bnk_000000000068,479.00,upi,0.00,0.00,0.00,2025-11-27,test,0
pay_00000000003682,setl_merchant_1_0066,bnk_000000000068,312.99,upi,0.00,0.00,0.00,2025-11-27,test,0
pay_00000000003696,setl_merchant_1_0066,bnk_000000000068,613.22,upi,0.00,0.00,6.13,2025-11-27,test,0
pay_00000000003763,setl_merchant_1_0066,bnk_000000000068,334.00,card,7.68,1.38,3.34,2025-11-27,test,0
pay_00000000003817,setl_merchant_1_0066,bnk_000000000068,444.20,upi,0.00,0.00,4.44,2025-11-27,test,0
pay_00000000003898,setl_merchant_1_0066,bnk_000000000068,3090.77,card,71.09,12.80,0.00,2025-11-27,test,0
pay_00000000003929,setl_merchant_1_0066,bnk_000000000068,871.00,card,20.03,3.61,0.00,2025-11-27,test,0
pay_00000000004030,setl_merchant_1_0066,bnk_000000000068,923.99,netbanking,15.00,2.70,0.00,2025-11-27,test,0
pay_00000000004036,setl_merchant_1_0066,bnk_000000000068,526.18,wallet,9.47,1.70,5.26,2025-11-27,test,0
pay_00000000004055,setl_merchant_1_0066,bnk_000000000068,346.83,upi,0.00,0.00,3.47,2025-11-27,test,0
pay_00000000004116,setl_merchant_1_0066,bnk_000000000068,410.00,card,9.43,1.70,0.00,2025-11-27,test,0
pay_00000000004177,setl_merchant_1_0066,bnk_000000000068,908.00,upi,0.00,0.00,9.08,2025-11-27,test,0
pay_00000000004258,setl_merchant_1_0066,bnk_000000000068,131.69,card,3.03,0.55,0.00,2025-11-27,test,0
pay_00000000004263,setl_merchant_1_0066,bnk_000000000068,638.00,upi,0.00,0.00,0.00,2025-11-27,test,0
pay_00000000004273,setl_merchant_1_0066,bnk_000000000068,226.99,wallet,4.09,0.74,2.27,2025-11-27,test,0
pay_00000000004387,setl_merchant_1_0066,bnk_000000000068,122.46,card,2.82,0.51,0.00,2025-11-27,test,0
pay_00000000004455,setl_merchant_1_0066,bnk_000000000068,875.00,card,20.13,3.62,8.75,2025-11-27,test,0
pay_00000000004464,setl_merchant_1_0066,bnk_000000000068,361.61,netbanking,15.00,2.70,3.62,2025-11-27,test,0
pay_00000000004487,setl_merchant_1_0066,bnk_000000000068,449.02,card,10.33,1.86,0.00,2025-11-27,test,0
pay_00000000004526,setl_merchant_1_0066,bnk_000000000068,1009.80,card,23.23,4.18,10.10,2025-11-27,test,0
pay_00000000004650,setl_merchant_1_0066,bnk_000000000068,2308.50,upi,0.00,0.00,23.09,2025-11-27,test,0
pay_00000000004651,setl_merchant_1_0066,bnk_000000000068,3154.38,upi,0.00,0.00,0.00,2025-11-27,test,0
pay_00000000004682,setl_merchant_1_0066,bnk_000000000068,353.39,upi,0.00,0.00,0.00,2025-11-27,test,0
pay_00000000004783,setl_merchant_1_0066,bnk_000000000068,718.10,card,16.52,2.97,7.18,2025-11-27,test,0
pay_00000000004805,setl_merchant_1_0066,bnk_000000000068,450.32,card,10.36,1.86,0.00,2025-11-27,test,0
pay_00000000004820,setl_merchant_1_0066,bnk_000000000068,948.89,card,21.82,3.93,9.49,2025-11-27,test,0
pay_00000000004823,setl_merchant_1_0066,bnk_000000000068,970.95,netbanking,15.00,2.70,9.71,2025-11-27,test,0
pay_00000000004832,setl_merchant_1_0066,bnk_000000000068,982.92,card,22.61,4.07,9.83,2025-11-27,test,0
pay_00000000004861,setl_merchant_1_0066,bnk_000000000068,716.68,upi,0.00,0.00,0.00,2025-11-27,test,0
pay_00000000004901,setl_merchant_1_0066,bnk_000000000068,671.17,upi,0.00,0.00,0.00,2025-11-27,test,0
pay_00000000005012,setl_merchant_1_0066,bnk_000000000068,522.67,card,12.02,2.16,5.23,2025-11-27,test,1
pay_00000000000001,setl_merchant_1_0067,bnk_000000000069,2054.16,upi,0.00,0.00,20.54,2025-11-27,test,0
pay_00000000000035,setl_merchant_1_0067,bnk_000000000069,1315.00,upi,0.00,0.00,13.15,2025-11-27,test,0
pay_00000000000065,setl_merchant_1_0067,bnk_000000000069,3360.99,card,77.30,13.91,0.00,2025-11-27,test,0
pay_00000000000084,setl_merchant_1_0067,bnk_000000000069,8999.99,card,207.00,37.26,0.00,2025-11-27,test,0
pay_00000000000090,setl_merchant_1_0067,bnk_000000000069,450.62,card,10.36,1.86,4.51,2025-11-27,test,0
pay_00000000000097,setl_merchant_1_0067,bnk_000000000069,786.99,upi,0.00,0.00,0.00,2025-11-27,test,0
pay_00000000000109,setl_merchant_1_0067,bnk_000000000069,577.02,upi,0.00,0.00,0.00,2025-11-27,test,0
pay_00000000000165,setl_merchant_1_0067,bnk_000000000069,546.28,wallet,9.83,1.77,0.00,2025-11-27,test,0
pay_00000000000197,setl_merchant_1_0067,bnk_000000000069,173.00,card,3.98,0.72,0.00,2025-11-27,test,0
pay_00000000000233,setl_merchant_1_0067,bnk_000000000069,542.02,card,12.47,2.24,5.42,2025-11-27,test,0
pay_00000000000244,setl_merchant_1_0067,bnk_000000000069,1363.00,wallet,24.53,4.42,13.63,2025-11-27,test,0
pay_00000000000270,setl_merchant_1_0067,bnk_000000000069,164.25,upi,0.00,0.00,1.64,2025-11-27,test,0
pay_00000000000293,setl_merchant_1_0067,bnk_000000000069,997.00,card,22.93,4.13,0.00,2025-11-27,test,0
pay_00000000000343,setl_merchant_1_0067,bnk_000000000069,105.00,upi,0.00,0.00,0.00,2025-11-27,test,0
pay_00000000000390,setl_merchant_1_0067,bnk_000000000069,341.73,card,7.86,1.41,0.00,2025-11-27,test,0
pay_00000000000395,setl_merchant_1_0067,bnk_000000000069,903.68,upi,0.00,0.00,9.04,2025-11-27,test,0
pay_00000000000470,setl_merchant_1_0067,bnk_000000000069,139.89,upi,0.00,0.00,1.40,2025-11-27,test,0
pay_00000000000507,setl_merchant_1_0067,bnk_000000000069,1045.00,card,24.04,4.33,10.45,2025-11-27,test,0
pay_00000000000537,setl_merchant_1_0067,bnk_000000000069,434.00,card,9.98,1.80,0.00,2025-11-27,test,0
pay_00000000000540,setl_merchant_1_0067,bnk_000000000069,976.00,netbanking,15.00,2.70,0.00,2025-11-27,test,0
pay_00000000000565,setl_merchant_1_0067,bnk_000000000069,573.00,upi,0.00,0.00,0.00,2025-11-27,test,0
pay_00000000000579,setl_merchant_1_0067,bnk_000000000069,977.00,upi,0.00,0.00,9.77,2025-11-27,test,0
pay_00000000000601,setl_merchant_1_0067,bnk_000000000069,1019.14,upi,0.00,0.00,0.00,2025-11-27,test,0
pay_00000000000609,setl_merchant_1_0067,bnk_000000000069,497.99,upi,0.00,0.00,0.00,2025-11-27,test,0
pay_00000000000626,setl_merchant_1_0067,bnk_000000000069,2855.26,card,65.67,11.82,0.00,2025-11-27,test,0
pay_00000000000677,setl_merchant_1_0067,bnk_000000000069,590.62,netbanking,15.00,2.70,0.00,2025-11-27,test,0
pay_00000000000688,setl_merchant_1_0067,bnk_000000000069,275.00,card,6.33,1.14,0.00,2025-11-27,test,0
pay_00000000000697,setl_merchant_1_0067,bnk_000000000069,954.99,upi,0.00,0.00,0.00,2025-11-27,test,0
pay_00000000000719,setl_merchant_1_0067,bnk_000000000069,2893.99,card,66.56,11.98,28.94,2025-11-27,test,0
pay_00000000000743,setl_merchant_1_0067,bnk_000000000069,593.60,upi,0.00,0.00,5.94,2025-11-27,test,0
pay_00000000000750,setl_merchant_1_0067,bnk_000000000069,841.00,upi,0.00,0.00,8.41,2025-11-27,test,0
pay_00000000000764,setl_merchant_1_0067,bnk_000000000069,579.98,upi,0.00,0.00,0.00,2025-11-27,test,0
pay_00000000000766,setl_merchant_1_0067,bnk_000000000069,816.70,card,18.78,3.38,0.00,2025-11-27,test,0
pay_00000000000772,setl_merchant_1_0067,bnk_000000000069,588.75,wallet,10.60,1.91,0.00,2025-11-27,test,0
pay_00000000000814,setl_merchant_1_0067,bnk_000000000069,288.00,upi,0.00,0.00,2.88,2025-11-27,test,0
pay_00000000000868,setl_merchant_1_0067,bnk_000000000069,2176.00,wallet,39.17,7.05,21.76,2025-11-27,test,0
pay_00000000000879,setl_merchant_1_0067,bnk_000000000069,263.99,card,6.07,1.09,2.64,2025-11-27,test,0
pay_00000000000895,setl_merchant_1_0067,bnk_000000000069,317.99,card,7.31,1.32,3.18,2025-11-27,test,0
pay_00000000000904,setl_merchant_1_0067,bnk_000000000069,952.00,card,21.90,3.94,9.52,2025-11-27,test,0
pay_00000000000930,setl_merchant_1_0067,bnk_000000000069,276.24,wallet,4.97,0.89,2.76,2025-11-27,test,0
pay_00000000001001,setl_merchant_1_0067,bnk_000000000069,349.00,card,8.03,1.45,0.00,2025-11-27,test,0
pay_00000000001043,setl_merchant_1_0067,bnk_000000000069,3009.30,card,69.21,12.46,0.00,2025-11-27,test,0
pay_00000000001101,setl_merchant_1_0067,bnk_000000000069,636.47,upi,0.00,0.00,0.00,2025-11-27,test,0
pay_00000000001104,setl_merchant_1_0067,bnk_000000000069,425.00,upi,0.00,0.00,0.00,2025-11-27,test,0
pay_00000000001159,setl_merchant_1_0067,bnk_000000000069,473.00,upi,0.00,0.00,0.00,2025-11-27,test,0
pay_00000000001177,setl_merchant_1_0067,bnk_000000000069,744.28,card,17.12,3.08,0.00,2025-11-27,test,0
pay_00000000001226,setl_merchant_1_0067,bnk_000000000069,3566.30,upi,0.00,0.00,35.66,2025-11-27,test,0
pay_00000000001255,setl_merchant_1_0067,bnk_000000000069,780.99,upi,0.00,0.00,7.81,2025-11-27,test,0
pay_00000000001314,setl_merchant_1_0067,bnk_000000000069,2697.99,upi,0.00,0.00,26.98,2025-11-27,test,0
pay_00000000001332,setl_merchant_1_0067,bnk_000000000069,1013.00,card,23.30,4.19,0.00,2025-11-27,test,0
pay_00000000001361,setl_merchant_1_0067,bnk_000000000069,3541.00,card,81.44,14.66,35.41,2025-11-27,test,0
pay_00000000001392,setl_merchant_1_0067,bnk_000000000069,927.00,upi,0.00,0.00,0.00,2025-11-27,test,0
pay_00000000001429,setl_merchant_1_0067,bnk_000000000069,390.00,card,8.97,1.61,0.00,2025-11-27,test,0
pay_00000000001445,setl_merchant_1_0067,bnk_000000000069,2599.34,netbanking,15.00,2.70,25.99,2025-11-27,test,0
pay_00000000001520,setl_merchant_1_0067,bnk_000000000069,2070.53,card,47.62,8.57,20.71,2025-11-27,test,0
pay_00000000001548,setl_merchant_1_0067,bnk_000000000069,696.99,card,16.03,2.89,6.97,2025-11-27,test,0
pay_00000000001562,setl_merchant_1_0067,bnk_000000000069,12505.08,upi,0.00,0.00,125.05,2025-11-27,test,0
pay_00000000001599,setl_merchant_1_0067,bnk_000000000069,168.00,wallet,3.02,0.54,1.68,2025-11-27,test,0
pay_00000000001605,setl_merchant_1_0067,bnk_000000000069,180.55,card,4.15,0.75,1.81,2025-11-27,test,0
pay_00000000001640,setl_merchant_1_0067,bnk_000000000069,952.99,upi,0.00,0.00,0.00,2025-11-27,test,0
pay_00000000001648,setl_merchant_1_0067,bnk_000000000069,793.00,upi,0.00,0.00,0.00,2025-11-27,test,0
pay_00000000001692,setl_merchant_1_0067,bnk_000000000069,749.00,upi,0.00,0.00,0.00,2025-11-27,test,0
pay_00000000001697,setl_merchant_1_0067,bnk_000000000069,122.00,upi,0.00,0.00,0.00,2025-11-27,test,0
pay_00000000001787,setl_merchant_1_0067,bnk_000000000069,786.00,netbanking,15.00,2.70,0.00,2025-11-27,test,0
pay_00000000001835,setl_merchant_1_0067,bnk_000000000069,2909.62,upi,0.00,0.00,0.00,2025-11-27,test,0
pay_00000000001854,setl_merchant_1_0067,bnk_000000000069,624.86,card,14.37,2.59,0.00,2025-11-27,test,0
pay_00000000001879,setl_merchant_1_0067,bnk_000000000069,2457.23,wallet,44.23,7.96,24.57,2025-11-27,test,0
pay_00000000001903,setl_merchant_1_0067,bnk_000000000069,1019.58,card,23.45,4.22,10.20,2025-11-27,test,0
pay_00000000001930,setl_merchant_1_0067,bnk_000000000069,3017.00,upi,0.00,0.00,0.00,2025-11-27,test,0
pay_00000000001934,setl_merchant_1_0067,bnk_000000000069,1399.00,card,32.18,5.79,13.99,2025-11-27,test,0
pay_00000000001992,setl_merchant_1_0067,bnk_000000000069,409.38,upi,0.00,0.00,0.00,2025-11-27,test,0
pay_00000000002035,setl_merchant_1_0067,bnk_000000000069,1230.30,card,28.30,5.09,0.00,2025-11-27,test,0
pay_00000000002038,setl_merchant_1_0067,bnk_000000000069,506.00,netbanking,15.00,2.70,5.06,2025-11-27,test,0
pay_00000000002169,setl_merchant_1_0067,bnk_000000000069,118.00,upi,0.00,0.00,0.00,2025-11-27,test,0
pay_00000000002192,setl_merchant_1_0067,bnk_000000000069,1845.20,upi,0.00,0.00,0.00,2025-11-27,test,0
pay_00000000002205,setl_merchant_1_0067,bnk_000000000069,646.99,wallet,11.65,2.10,0.00,2025-11-27,test,0
pay_00000000002208,setl_merchant_1_0067,bnk_000000000069,203.99,upi,0.00,0.00,0.00,2025-11-27,test,0
pay_00000000002253,setl_merchant_1_0067,bnk_000000000069,322.99,upi,0.00,0.00,3.23,2025-11-27,test,0
pay_00000000002268,setl_merchant_1_0067,bnk_000000000069,3220.93,card,74.08,13.33,32.21,2025-11-27,test,0
pay_00000000002322,setl_merchant_1_0067,bnk_000000000069,927.17,card,21.32,3.84,9.27,2025-11-27,test,0
pay_00000000002324,setl_merchant_1_0067,bnk_000000000069,514.06,card,11.82,2.13,0.00,2025-11-27,test,0
pay_00000000002335,setl_merchant_1_0067,bnk_000000000069,146.99,upi,0.00,0.00,1.47,2025-11-27,test,0
pay_00000000002382,setl_merchant_1_0067,bnk_000000000069,923.37,upi,0.00,0.00,9.23,2025-11-27,test,0
pay_00000000002401,setl_merchant_1_0067,bnk_000000000069,282.32,upi,0.00,0.00,2.82,2025-11-27,test,0
pay_00000000002447,setl_merchant_1_0067,bnk_000000000069,462.49,upi,0.00,0.00,0.00,2025-11-27,test,0
pay_00000000002497,setl_merchant_1_0067,bnk_000000000069,896.45,card,20.62,3.71,8.96,2025-11-27,test,0
pay_00000000002507,setl_merchant_1_0067,bnk_000000000069,666.00,card,15.32,2.76,6.66,2025-11-27,test,0
pay_00000000002519,setl_merchant_1_0067,bnk_000000000069,507.65,upi,0.00,0.00,5.08,2025-11-27,test,0
pay_00000000002750,setl_merchant_1_0067,bnk_000000000069,118.00,upi,0.00,0.00,1.18,2025-11-27,test,0
pay_00000000002804,setl_merchant_1_0067,bnk_000000000069,206.82,upi,0.00,0.00,2.07,2025-11-27,test,0
pay_00000000002813,setl_merchant_1_0067,bnk_000000000069,3044.00,upi,0.00,0.00,30.44,2025-11-27,test,0
pay_00000000002845,setl_merchant_1_0067,bnk_000000000069,915.47,wallet,16.48,2.97,0.00,2025-11-27,test,0
pay_00000000002858,setl_merchant_1_0067,bnk_000000000069,414.00,upi,0.00,0.00,0.00,2025-11-27,test,0
pay_00000000002974,setl_merchant_1_0067,bnk_000000000069,855.35,upi,0.00,0.00,0.00,2025-11-27,test,0
pay_00000000002975,setl_merchant_1_0067,bnk_000000000069,356.99,card,8.21,1.48,0.00,2025-11-27,test,0
pay_00000000002991,setl_merchant_1_0067,bnk_000000000069,245.31,wallet,4.42,0.80,0.00,2025-11-27,test,0
pay_00000000003004,setl_merchant_1_0067,bnk_000000000069,1007.00,upi,0.00,0.00,10.07,2025-11-27,test,0
pay_00000000003005,setl_merchant_1_0067,bnk_000000000069,803.99,card,18.49,3.33,8.04,2025-11-27,test,0
pay_00000000003036,setl_merchant_1_0067,bnk_000000000069,441.00,card,10.14,1.83,4.41,2025-11-27,test,0
pay_00000000003052,setl_merchant_1_0067,bnk_000000000069,357.08,wallet,6.43,1.16,0.00,2025-11-27,test,0
pay_00000000003070,setl_merchant_1_0067,bnk_000000000069,1044.60,netbanking,15.00,2.70,10.45,2025-11-27,test,0
pay_00000000003072,setl_merchant_1_0067,bnk_000000000069,1003.44,card,23.08,4.15,10.03,2025-11-27,test,0
pay_00000000003115,setl_merchant_1_0067,bnk_000000000069,258.00,card,5.93,1.07,2.58,2025-11-27,test,0
pay_00000000003139,setl_merchant_1_0067,bnk_000000000069,986.04,card,22.68,4.08,0.00,2025-11-27,test,0
pay_00000000003145,setl_merchant_1_0067,bnk_000000000069,256.99,wallet,4.63,0.83,0.00,2025-11-27,test,0
pay_00000000003156,setl_merchant_1_0067,bnk_000000000069,576.00,upi,0.00,0.00,5.76,2025-11-27,test,0
pay_00000000003204,setl_merchant_1_0067,bnk_000000000069,840.56,card,19.33,3.48,8.41,2025-11-27,test,0
pay_00000000003284,setl_merchant_1_0067,bnk_000000000069,423.24,upi,0.00,0.00,0.00,2025-11-27,test,0
pay_00000000003338,setl_merchant_1_0067,bnk_000000000069,436.35,upi,0.00,0.00,4.36,2025-11-27,test,0
pay_00000000003343,setl_merchant_1_0067,bnk_000000000069,1305.65,card,30.03,5.41,0.00,2025-11-27,test,0
pay_00000000003440,setl_merchant_1_0067,bnk_000000000069,199.64,upi,0.00,0.00,0.00,2025-11-27,test,0
pay_00000000003507,setl_merchant_1_0067,bnk_000000000069,734.74,upi,0.00,0.00,7.35,2025-11-27,test,0
pay_00000000003509,setl_merchant_1_0067,bnk_000000000069,1431.00,card,32.91,5.92,14.31,2025-11-27,test,0
pay_00000000003523,setl_merchant_1_0067,bnk_000000000069,128.00,upi,0.00,0.00,1.28,2025-11-27,test,0
pay_00000000003609,setl_merchant_1_0067,bnk_000000000069,1058.12,card,24.34,4.38,0.00,2025-11-27,test,0
pay_00000000003652,setl_merchant_1_0067,bnk_000000000069,620.92,card,14.28,2.57,6.21,2025-11-27,test,0
pay_00000000003655,setl_merchant_1_0067,bnk_000000000069,511.29,card,11.76,2.12,5.11,2025-11-27,test,0
pay_00000000003668,setl_merchant_1_0067,bnk_000000000069,882.99,upi,0.00,0.00,8.83,2025-11-27,test,0
pay_00000000003734,setl_merchant_1_0067,bnk_000000000069,2046.00,upi,0.00,0.00,0.00,2025-11-27,test,0
pay_00000000003749,setl_merchant_1_0067,bnk_000000000069,853.09,wallet,15.36,2.76,8.53,2025-11-27,test,0
pay_00000000003759,setl_merchant_1_0067,bnk_000000000069,2635.85,wallet,47.45,8.54,26.36,2025-11-27,test,0
pay_00000000003769,setl_merchant_1_0067,bnk_000000000069,1490.58,card,34.28,6.17,14.91,2025-11-27,test,0
pay_00000000003770,setl_merchant_1_0067,bnk_000000000069,3309.64,upi,0.00,0.00,33.10,2025-11-27,test,0
pay_00000000003799,setl_merchant_1_0067,bnk_000000000069,1930.00,card,44.39,7.99,0.00,2025-11-27,test,0
pay_00000000003857,setl_merchant_1_0067,bnk_000000000069,106.46,upi,0.00,0.00,0.00,2025-11-27,test,0
pay_00000000003886,setl_merchant_1_0067,bnk_000000000069,855.99,upi,0.00,0.00,8.56,2025-11-27,test,0
pay_00000000003895,setl_merchant_1_0067,bnk_000000000069,649.99,upi,0.00,0.00,0.00,2025-11-27,test,0
pay_00000000003913,setl_merchant_1_0067,bnk_000000000069,3044.00,card,70.01,12.60,30.44,2025-11-27,test,0
pay_00000000003917,setl_merchant_1_0067,bnk_000000000069,1017.05,upi,0.00,0.00,0.00,2025-11-27,test,0
pay_00000000003926,setl_merchant_1_0067,bnk_000000000069,595.00,card,13.69,2.46,5.95,2025-11-27,test,0
pay_00000000003987,setl_merchant_1_0067,bnk_000000000069,816.00,netbanking,15.00,2.70,0.00,2025-11-27,test,0
pay_00000000004059,setl_merchant_1_0067,bnk_000000000069,854.01,upi,0.00,0.00,0.00,2025-11-27,test,0
pay_00000000004093,setl_merchant_1_0067,bnk_000000000069,296.45,upi,0.00,0.00,2.96,2025-11-27,test,0
pay_00000000004144,setl_merchant_1_0067,bnk_000000000069,520.78,upi,0.00,0.00,0.00,2025-11-27,test,0
pay_00000000004162,setl_merchant_1_0067,bnk_000000000069,115.00,upi,0.00,0.00,1.15,2025-11-27,test,0
pay_00000000004196,setl_merchant_1_0067,bnk_000000000069,908.19,wallet,16.35,2.94,9.08,2025-11-27,test,0
pay_00000000004229,setl_merchant_1_0067,bnk_000000000069,583.00,netbanking,15.00,2.70,5.83,2025-11-27,test,0
pay_00000000004233,setl_merchant_1_0067,bnk_000000000069,980.00,card,22.54,4.06,9.80,2025-11-27,test,0
pay_00000000004242,setl_merchant_1_0067,bnk_000000000069,342.32,card,7.87,1.42,0.00,2025-11-27,test,0
pay_00000000004306,setl_merchant_1_0067,bnk_000000000069,654.00,upi,0.00,0.00,6.54,2025-11-27,test,0
pay_00000000004307,setl_merchant_1_0067,bnk_000000000069,1892.00,upi,0.00,0.00,18.92,2025-11-27,test,0
pay_00000000004341,setl_merchant_1_0067,bnk_000000000069,1216.00,wallet,21.89,3.94,12.16,2025-11-27,test,0
pay_00000000004348,setl_merchant_1_0067,bnk_000000000069,964.54,wallet,17.36,3.12,0.00,2025-11-27,test,0
pay_00000000004366,setl_merchant_1_0067,bnk_000000000069,1070.00,upi,0.00,0.00,10.70,2025-11-27,test,0
pay_00000000004369,setl_merchant_1_0067,bnk_000000000069,1215.77,upi,0.00,0.00,12.16,2025-11-27,test,0
pay_00000000004382,setl_merchant_1_0067,bnk_000000000069,541.33,upi,0.00,0.00,0.00,2025-11-27,test,0
pay_00000000004479,setl_merchant_1_0067,bnk_000000000069,220.50,upi,0.00,0.00,0.00,2025-11-27,test,0
pay_00000000004504,setl_merchant_1_0067,bnk_000000000069,955.00,upi,0.00,0.00,9.55,2025-11-27,test,0
pay_00000000004539,setl_merchant_1_0067,bnk_000000000069,150.36,card,3.46,0.62,1.50,2025-11-27,test,0
pay_00000000004563,setl_merchant_1_0067,bnk_000000000069,7761.01,netbanking,15.00,2.70,0.00,2025-11-27,test,0
pay_00000000004602,setl_merchant_1_0067,bnk_000000000069,266.36,upi,0.00,0.00,0.00,2025-11-27,test,0
pay_00000000004633,setl_merchant_1_0067,bnk_000000000069,2436.92,netbanking,15.00,2.70,0.00,2025-11-27,test,0
pay_00000000004679,setl_merchant_1_0067,bnk_000000000069,254.31,card,5.85,1.05,0.00,2025-11-27,test,0
pay_00000000004753,setl_merchant_1_0067,bnk_000000000069,2548.42,wallet,45.87,8.26,25.48,2025-11-27,test,0
pay_00000000004772,setl_merchant_1_0067,bnk_000000000069,979.99,card,22.54,4.06,9.80,2025-11-27,test,0
pay_00000000004796,setl_merchant_1_0067,bnk_000000000069,241.00,upi,0.00,0.00,2.41,2025-11-27,test,0
pay_00000000004862,setl_merchant_1_0067,bnk_000000000069,658.00,upi,0.00,0.00,6.58,2025-11-27,test,0
pay_00000000004883,setl_merchant_1_0067,bnk_000000000069,3406.00,card,78.34,14.10,34.06,2025-11-27,test,0
pay_00000000004906,setl_merchant_1_0067,bnk_000000000069,781.00,upi,0.00,0.00,0.00,2025-11-27,test,0
pay_00000000004909,setl_merchant_1_0067,bnk_000000000069,965.99,upi,0.00,0.00,0.00,2025-11-27,test,0
pay_00000000004961,setl_merchant_1_0067,bnk_000000000069,12093.99,upi,0.00,0.00,0.00,2025-11-27,test,0
pay_00000000000046,setl_merchant_1_0068,bnk_000000000070,256.76,upi,0.00,0.00,0.00,2025-11-27,test,0
pay_00000000000098,setl_merchant_1_0068,bnk_000000000070,562.83,upi,0.00,0.00,0.00,2025-11-27,test,0
pay_00000000000124,setl_merchant_1_0068,bnk_000000000070,890.00,upi,0.00,0.00,8.90,2025-11-27,test,0
pay_00000000000182,setl_merchant_1_0068,bnk_000000000070,3117.63,card,71.71,12.91,31.18,2025-11-27,test,0
pay_00000000000199,setl_merchant_1_0068,bnk_000000000070,116.00,upi,0.00,0.00,1.16,2025-11-27,test,0
pay_00000000000211,setl_merchant_1_0068,bnk_000000000070,874.99,card,20.12,3.62,8.75,2025-11-27,test,0
pay_00000000000216,setl_merchant_1_0068,bnk_000000000070,169.00,netbanking,15.00,2.70,0.00,2025-11-27,test,0
pay_00000000000257,setl_merchant_1_0068,bnk_000000000070,536.00,wallet,9.65,1.74,5.36,2025-11-27,test,0
pay_00000000000295,setl_merchant_1_0068,bnk_000000000070,3076.50,upi,0.00,0.00,0.00,2025-11-27,test,0
pay_00000000000391,setl_merchant_1_0068,bnk_000000000070,376.00,card,8.65,1.56,3.76,2025-11-27,test,0
pay_00000000000392,setl_merchant_1_0068,bnk_000000000070,903.99,upi,0.00,0.00,0.00,2025-11-27,test,0
pay_00000000000413,setl_merchant_1_0068,bnk_000000000070,445.84,card,10.25,1.85,0.00,2025-11-27,test,0
pay_00000000000416,setl_merchant_1_0068,bnk_000000000070,606.21,upi,0.00,0.00,6.06,2025-11-27,test,0
pay_00000000000462,setl_merchant_1_0068,bnk_000000000070,1582.99,upi,0.00,0.00,15.83,2025-11-27,test,0
pay_00000000000575,setl_merchant_1_0068,bnk_000000000070,451.09,upi,0.00,0.00,0.00,2025-11-27,test,0
pay_00000000000581,setl_merchant_1_0068,bnk_000000000070,953.99,upi,0.00,0.00,9.54,2025-11-27,test,0
pay_00000000000585,setl_merchant_1_0068,bnk_000000000070,371.12,upi,0.00,0.00,0.00,2025-11-27,test,0
pay_00000000000592,setl_merchant_1_0068,bnk_000000000070,542.99,upi,0.00,0.00,5.43,2025-11-27,test,0
pay_00000000000614,setl_merchant_1_0068,bnk_000000000070,111.65,card,2.57,0.46,1.12,2025-11-27,test,0
pay_00000000000617,setl_merchant_1_0068,bnk_000000000070,458.16,card,10.54,1.90,4.58,2025-11-27,test,0
pay_00000000000673,setl_merchant_1_0068,bnk_000000000070,7769.03,card,178.69,32.16,77.69,2025-11-27,test,0
pay_00000000000736,setl_merchant_1_0068,bnk_000000000070,700.99,upi,0.00,0.00,0.00,2025-11-27,test,0
pay_00000000000788,setl_merchant_1_0068,bnk_000000000070,800.99,card,18.42,3.32,0.00,2025-11-27,test,0
pay_00000000000809,setl_merchant_1_0068,bnk_000000000070,205.00,upi,0.00,0.00,2.05,2025-11-27,test,0
pay_00000000000822,setl_merchant_1_0068,bnk_000000000070,9517.99,netbanking,15.00,2.70,0.00,2025-11-27,test,0
pay_00000000000835,setl_merchant_1_0068,bnk_000000000070,194.85,netbanking,15.00,2.70,1.95,2025-11-27,test,0
pay_00000000000845,setl_merchant_1_0068,bnk_000000000070,176.71,card,4.06,0.73,0.00,2025-11-27,test,0
pay_00000000000937,setl_merchant_1_0068,bnk_000000000070,970.64,wallet,17.47,3.14,9.71,2025-11-27,test,0
pay_00000000000942,setl_merchant_1_0068,bnk_000000000070,523.41,upi,0.00,0.00,0.00,2025-11-27,test,0
pay_00000000000959,setl_merchant_1_0068,bnk_000000000070,1019.11,netbanking,15.00,2.70,10.19,2025-11-27,test,0
pay_00000000001014,setl_merchant_1_0068,bnk_000000000070,368.69,upi,0.00,0.00,3.69,2025-11-27,test,0
pay_00000000001055,setl_merchant_1_0068,bnk_000000000070,263.00,upi,0.00,0.00,2.63,2025-11-27,test,0
pay_00000000001072,setl_merchant_1_0068,bnk_000000000070,714.00,upi,0.00,0.00,0.00,2025-11-27,test,0
pay_00000000001112,setl_merchant_1_0068,bnk_000000000070,495.79,netbanking,15.00,2.70,0.00,2025-11-27,test,0
pay_00000000001117,setl_merchant_1_0068,bnk_000000000070,243.99,card,5.61,1.01,2.44,2025-11-27,test,0
pay_00000000001141,setl_merchant_1_0068,bnk_000000000070,987.99,card,22.72,4.09,9.88,2025-11-27,test,0
pay_00000000001199,setl_merchant_1_0068,bnk_000000000070,401.99,upi,0.00,0.00,0.00,2025-11-27,test,0
pay_00000000001232,setl_merchant_1_0068,bnk_000000000070,608.00,upi,0.00,0.00,0.00,2025-11-27,test,0
pay_00000000001285,setl_merchant_1_0068,bnk_000000000070,1067.25,netbanking,15.00,2.70,10.67,2025-11-27,test,0
pay_00000000001298,setl_merchant_1_0068,bnk_000000000070,567.99,card,13.06,2.35,0.00,2025-11-27,test,0
pay_00000000001308,setl_merchant_1_0068,bnk_000000000070,1577.00,upi,0.00,0.00,15.77,2025-11-27,test,0
pay_00000000001324,setl_merchant_1_0068,bnk_000000000070,917.20,netbanking,15.00,2.70,0.00,2025-11-27,test,0
pay_00000000001411,setl_merchant_1_0068,bnk_000000000070,3416.00,upi,0.00,0.00,0.00,2025-11-27,test,0
pay_00000000001474,setl_merchant_1_0068,bnk_000000000070,649.66,card,14.94,2.69,0.00,2025-11-27,test,0
pay_00000000001538,setl_merchant_1_0068,bnk_000000000070,775.00,card,17.83,3.21,7.75,2025-11-27,test,0
pay_00000000001539,setl_merchant_1_0068,bnk_000000000070,289.99,wallet,5.22,0.94,2.90,2025-11-27,test,0
pay_00000000001552,setl_merchant_1_0068,bnk_000000000070,221.99,upi,0.00,0.00,0.00,2025-11-27,test,0
pay_00000000001617,setl_merchant_1_0068,bnk_000000000070,919.46,upi,0.00,0.00,9.19,2025-11-27,test,0
pay_00000000001652,setl_merchant_1_0068,bnk_000000000070,1088.99,upi,0.00,0.00,10.89,2025-11-27,test,0
pay_00000000001670,setl_merchant_1_0068,bnk_000000000070,1052.00,netbanking,15.00,2.70,0.00,2025-11-27,test,0
pay_00000000001703,setl_merchant_1_0068,bnk_000000000070,820.15,card,18.86,3.39,8.20,2025-11-27,test,0
pay_00000000001750,setl_merchant_1_0068,bnk_000000000070,640.65,netbanking,15.00,2.70,0.00,2025-11-27,test,0
pay_00000000001756,setl_merchant_1_0068,bnk_000000000070,700.00,upi,0.00,0.00,0.00,2025-11-27,test,0
pay_00000000001781,setl_merchant_1_0068,bnk_000000000070,572.00,wallet,10.30,1.85,0.00,2025-11-27,test,0
pay_00000000001792,setl_merchant_1_0068,bnk_000000000070,629.88,upi,0.00,0.00,6.30,2025-11-27,test,0
pay_00000000001812,setl_merchant_1_0068,bnk_000000000070,13687.99,card,314.82,56.67,0.00,2025-11-27,test,0
pay_00000000001837,setl_merchant_1_0068,bnk_000000000070,389.62,wallet,7.01,1.26,3.90,2025-11-27,test,0
pay_00000000001842,setl_merchant_1_0068,bnk_000000000070,214.99,upi,0.00,0.00,0.00,2025-11-27,test,0
pay_00000000001919,setl_merchant_1_0068,bnk_000000000070,638.20,upi,0.00,0.00,6.38,2025-11-27,test,0
pay_00000000001960,setl_merchant_1_0068,bnk_000000000070,127.00,card,2.92,0.53,1.27,2025-11-27,test,0
pay_00000000001971,setl_merchant_1_0068,bnk_000000000070,3332.81,card,76.65,13.80,0.00,2025-11-27,test,0
pay_00000000001981,setl_merchant_1_0068,bnk_000000000070,999.99,upi,0.00,0.00,10.00,2025-11-27,test,0
pay_00000000002010,setl_merchant_1_0068,bnk_000000000070,705.00,upi,0.00,0.00,7.05,2025-11-27,test,0
pay_00000000002057,setl_merchant_1_0068,bnk_000000000070,1065.71,upi,0.00,0.00,10.66,2025-11-27,test,0
pay_00000000002063,setl_merchant_1_0068,bnk_000000000070,496.99,card,11.43,2.06,4.97,2025-11-27,test,0
pay_00000000002136,setl_merchant_1_0068,bnk_000000000070,611.08,netbanking,15.00,2.70,6.11,2025-11-27,test,0
pay_00000000002150,setl_merchant_1_0068,bnk_000000000070,480.00,upi,0.00,0.00,4.80,2025-11-27,test,0
pay_00000000002160,setl_merchant_1_0068,bnk_000000000070,8278.99,card,190.42,34.28,0.00,2025-11-27,test,0
pay_00000000002179,setl_merchant_1_0068,bnk_000000000070,921.07,card,21.18,3.81,9.21,2025-11-27,test,0
pay_00000000002183,setl_merchant_1_0068,bnk_000000000070,790.98,upi,0.00,0.00,7.91,2025-11-27,test,0
pay_00000000002187,setl_merchant_1_0068,bnk_000000000070,625.00,upi,0.00,0.00,6.25,2025-11-27,test,0
pay_00000000002204,setl_merchant_1_0068,bnk_000000000070,139.99,card,3.22,0.58,0.00,2025-11-27,test,0
pay_00000000002254,setl_merchant_1_0068,bnk_000000000070,2878.70,upi,0.00,0.00,0.00,2025-11-27,test,0
pay_00000000002255,setl_merchant_1_0068,bnk_000000000070,434.31,card,9.99,1.80,4.34,2025-11-27,test,0
pay_00000000002260,setl_merchant_1_0068,bnk_000000000070,1058.99,upi,0.00,0.00,10.59,2025-11-27,test,0
pay_00000000002264,setl_merchant_1_0068,bnk_000000000070,510.99,upi,0.00,0.00,5.11,2025-11-27,test,0
pay_00000000002275,setl_merchant_1_0068,bnk_000000000070,222.00,upi,0.00,0.00,0.00,2025-11-27,test,0
pay_00000000002318,setl_merchant_1_0068,bnk_000000000070,693.00,netbanking,15.00,2.70,0.00,2025-11-27,test,0
pay_00000000002343,setl_merchant_1_0068,bnk_000000000070,1128.99,netbanking,15.00,2.70,0.00,2025-11-27,test,0
pay_00000000002361,setl_merchant_1_0068,bnk_000000000070,1018.99,upi,0.00,0.00,0.00,2025-11-27,test,0
pay_00000000002501,setl_merchant_1_0068,bnk_000000000070,1063.77,netbanking,15.00,2.70,10.64,2025-11-27,test,0
pay_00000000002522,setl_merchant_1_0068,bnk_000000000070,247.99,upi,0.00,0.00,0.00,2025-11-27,test,0
pay_00000000002549,setl_merchant_1_0068,bnk_000000000070,5970.32,upi,0.00,0.00,59.70,2025-11-27,test,0
pay_00000000002551,setl_merchant_1_0068,bnk_000000000070,610.73,wallet,10.99,1.98,6.11,2025-11-27,test,0
pay_00000000002558,setl_merchant_1_0068,bnk_000000000070,433.03,upi,0.00,0.00,4.33,2025-11-27,test,0
pay_00000000002577,setl_merchant_1_0068,bnk_000000000070,926.00,card,21.30,3.83,0.00,2025-11-27,test,0
pay_00000000002588,setl_merchant_1_0068,bnk_000000000070,2917.84,upi,0.00,0.00,29.18,2025-11-27,test,0
pay_00000000002645,setl_merchant_1_0068,bnk_000000000070,185.00,wallet,3.33,0.60,1.85,2025-11-27,test,0
pay_00000000002704,setl_merchant_1_0068,bnk_000000000070,151.72,upi,0.00,0.00,0.00,2025-11-27,test,0
pay_00000000002747,setl_merchant_1_0068,bnk_000000000070,432.99,wallet,7.79,1.40,4.33,2025-11-27,test,0
pay_00000000002755,setl_merchant_1_0068,bnk_000000000070,761.99,upi,0.00,0.00,0.00,2025-11-27,test,0
pay_00000000002800,setl_merchant_1_0068,bnk_000000000070,324.94,upi,0.00,0.00,0.00,2025-11-27,test,0
pay_00000000002832,setl_merchant_1_0068,bnk_000000000070,827.99,upi,0.00,0.00,0.00,2025-11-27,test,0
pay_00000000002834,setl_merchant_1_0068,bnk_000000000070,809.00,upi,0.00,0.00,8.09,2025-11-27,test,0
pay_00000000002840,setl_merchant_1_0068,bnk_000000000070,623.00,card,14.33,2.58,0.00,2025-11-27,test,0
pay_00000000002850,setl_merchant_1_0068,bnk_000000000070,771.84,upi,0.00,0.00,0.00,2025-11-27,test,0
pay_00000000002946,setl_merchant_1_0068,bnk_000000000070,1627.00,wallet,29.29,5.27,0.00,2025-11-27,test,0
pay_00000000003026,setl_merchant_1_0068,bnk_000000000070,446.77,card,10.28,1.85,0.00,2025-11-27,test,0
pay_00000000003030,setl_merchant_1_0068,bnk_000000000070,831.56,upi,0.00,0.00,8.32,2025-11-27,test,0
pay_00000000003038,setl_merchant_1_0068,bnk_000000000070,867.97,card,19.96,3.59,8.68,2025-11-27,test,0
pay_00000000003112,setl_merchant_1_0068,bnk_000000000070,851.99,upi,0.00,0.00,0.00,2025-11-27,test,0
pay_00000000003151,setl_merchant_1_0068,bnk_000000000070,1044.00,upi,0.00,0.00,0.00,2025-11-27,test,0
pay_00000000003197,setl_merchant_1_0068,bnk_000000000070,710.00,card,16.33,2.94,7.10,2025-11-27,test,0
pay_00000000003220,setl_merchant_1_0068,bnk_000000000070,107.89,card,2.48,0.45,1.08,2025-11-27,test,0
pay_00000000003267,setl_merchant_1_0068,bnk_000000000070,106.33,netbanking,15.00,2.70,1.06,2025-11-27,test,0
pay_00000000003272,setl_merchant_1_0068,bnk_000000000070,909.00,upi,0.00,0.00,0.00,2025-11-27,test,0
pay_00000000003341,setl_merchant_1_0068,bnk_000000000070,2379.00,upi,0.00,0.00,23.79,2025-11-27,test,0
pay_00000000003370,setl_merchant_1_0068,bnk_000000000070,746.88,upi,0.00,0.00,7.47,2025-11-27,test,0
pay_00000000003411,setl_merchant_1_0068,bnk_000000000070,125.00,upi,0.00,0.00,0.00,2025-11-27,test,0
pay_00000000003418,setl_merchant_1_0068,bnk_000000000070,400.16,upi,0.00,0.00,4.00,2025-11-27,test,0
pay_00000000003484,setl_merchant_1_0068,bnk_000000000070,445.64,netbanking,15.00,2.70,4.46,2025-11-27,test,0
pay_00000000003511,setl_merchant_1_0068,bnk_000000000070,3441.61,upi,0.00,0.00,34.42,2025-11-27,test,0
pay_00000000003600,setl_merchant_1_0068,bnk_000000000070,836.41,upi,0.00,0.00,0.00,2025-11-27,test,0
pay_00000000003611,setl_merchant_1_0068,bnk_000000000070,1053.00,upi,0.00,0.00,10.53,2025-11-27,test,0
pay_00000000003631,setl_merchant_1_0068,bnk_000000000070,192.27,card,4.42,0.80,1.92,2025-11-27,test,0
pay_00000000003638,setl_merchant_1_0068,bnk_000000000070,643.23,card,14.79,2.66,6.43,2025-11-27,test,0
pay_00000000003680,setl_merchant_1_0068,bnk_000000000070,15197.00,wallet,273.55,49.24,151.97,2025-11-27,test,0
pay_00000000003699,setl_merchant_1_0068,bnk_000000000070,160.24,upi,0.00,0.00,0.00,2025-11-27,test,0
pay_00000000003738,setl_merchant_1_0068,bnk_000000000070,790.66,upi,0.00,0.00,0.00,2025-11-27,test,0
pay_00000000003747,setl_merchant_1_0068,bnk_000000000070,603.00,card,13.87,2.50,6.03,2025-11-27,test,0
pay_00000000003752,setl_merchant_1_0068,bnk_000000000070,500.99,card,11.52,2.07,5.01,2025-11-27,test,0
pay_00000000003753,setl_merchant_1_0068,bnk_000000000070,886.42,upi,0.00,0.00,0.00,2025-11-27,test,0
pay_00000000003772,setl_merchant_1_0068,bnk_000000000070,366.56,card,8.43,1.52,0.00,2025-11-27,test,0
pay_00000000003795,setl_merchant_1_0068,bnk_000000000070,703.82,upi,0.00,0.00,7.04,2025-11-27,test,0
pay_00000000003796,setl_merchant_1_0068,bnk_000000000070,314.01,wallet,5.65,1.02,0.00,2025-11-27,test,0
pay_00000000003801,setl_merchant_1_0068,bnk_000000000070,1073.58,card,24.69,4.44,10.74,2025-11-27,test,0
pay_00000000003833,setl_merchant_1_0068,bnk_000000000070,121.10,upi,0.00,0.00,1.21,2025-11-27,test,0
pay_00000000003851,setl_merchant_1_0068,bnk_000000000070,319.38,upi,0.00,0.00,3.19,2025-11-27,test,0
pay_00000000003866,setl_merchant_1_0068,bnk_000000000070,538.54,upi,0.00,0.00,5.39,2025-11-27,test,0
pay_00000000003966,setl_merchant_1_0068,bnk_000000000070,129.13,card,2.97,0.53,1.29,2025-11-27,test,0
pay_00000000003969,setl_merchant_1_0068,bnk_000000000070,2629.44,upi,0.00,0.00,0.00,2025-11-27,test,0
pay_00000000003995,setl_merchant_1_0068,bnk_000000000070,914.00,netbanking,15.00,2.70,9.14,2025-11-27,test,0
pay_00000000004010,setl_merchant_1_0068,bnk_000000000070,5476.00,upi,0.00,0.00,54.76,2025-11-27,test,0
pay_00000000004013,setl_merchant_1_0068,bnk_000000000070,849.00,upi,0.00,0.00,8.49,2025-11-27,test,0
pay_00000000004123,setl_merchant_1_0068,bnk_000000000070,222.00,card,5.11,0.92,2.22,2025-11-27,test,0
pay_00000000004136,setl_merchant_1_0068,bnk_000000000070,166.00,upi,0.00,0.00,1.66,2025-11-27,test,0
pay_00000000004138,setl_merchant_1_0068,bnk_000000000070,2937.00,netbanking,15.00,2.70,29.37,2025-11-27,test,0
pay_00000000004172,setl_merchant_1_0068,bnk_000000000070,974.00,upi,0.00,0.00,0.00,2025-11-27,test,0
pay_00000000004198,setl_merchant_1_0068,bnk_000000000070,919.72,card,21.15,3.81,9.20,2025-11-27,test,0
pay_00000000004209,setl_merchant_1_0068,bnk_000000000070,814.99,card,18.74,3.37,0.00,2025-11-27,test,0
pay_00000000004221,setl_merchant_1_0068,bnk_000000000070,2575.99,card,59.25,10.67,25.76,2025-11-27,test,0
pay_00000000004225,setl_merchant_1_0068,bnk_000000000070,1065.99,card,24.52,4.41,10.66,2025-11-27,test,0
pay_00000000004238,setl_merchant_1_0068,bnk_000000000070,811.00,upi,0.00,0.00,8.11,2025-11-27,test,0
pay_00000000004301,setl_merchant_1_0068,bnk_000000000070,675.38,upi,0.00,0.00,6.75,2025-11-27,test,0
pay_00000000004309,setl_merchant_1_0068,bnk_000000000070,792.49,upi,0.00,0.00,0.00,2025-11-27,test,0
pay_00000000004323,setl_merchant_1_0068,bnk_000000000070,3162.28,netbanking,15.00,2.70,0.00,2025-11-27,test,0
pay_00000000004334,setl_merchant_1_0068,bnk_000000000070,1000.52,card,23.01,4.14,0.00,2025-11-27,test,0
pay_00000000004363,setl_merchant_1_0068,bnk_000000000070,443.74,card,10.21,1.84,4.44,2025-11-27,test,0
pay_00000000004557,setl_merchant_1_0068,bnk_000000000070,3298.99,upi,0.00,0.00,32.99,2025-11-27,test,0
pay_00000000004566,setl_merchant_1_0068,bnk_000000000070,340.99,upi,0.00,0.00,3.41,2025-11-27,test,0
pay_00000000004573,setl_merchant_1_0068,bnk_000000000070,733.21,card,16.86,3.03,0.00,2025-11-27,test,0
pay_00000000004578,setl_merchant_1_0068,bnk_000000000070,898.97,netbanking,15.00,2.70,0.00,2025-11-27,test,0
pay_00000000004600,setl_merchant_1_0068,bnk_000000000070,225.37,upi,0.00,0.00,2.25,2025-11-27,test,0
pay_00000000004618,setl_merchant_1_0068,bnk_000000000070,585.99,card,13.48,2.43,5.86,2025-11-27,test,0
pay_00000000004654,setl_merchant_1_0068,bnk_000000000070,2414.00,upi,0.00,0.00,0.00,2025-11-27,test,0
pay_00000000004725,setl_merchant_1_0068,bnk_000000000070,593.99,card,13.66,2.46,5.94,2025-11-27,test,0
pay_00000000004749,setl_merchant_1_0068,bnk_000000000070,324.49,wallet,5.84,1.05,0.00,2025-11-27,test,0
pay_00000000004763,setl_merchant_1_0068,bnk_000000000070,636.67,netbanking,15.00,2.70,6.37,2025-11-27,test,0
pay_00000000004822,setl_merchant_1_0068,bnk_000000000070,847.55,upi,0.00,0.00,8.48,2025-11-27,test,0
pay_00000000004844,setl_merchant_1_0068,bnk_000000000070,809.00,netbanking,15.00,2.70,8.09,2025-11-27,test,0
pay_00000000004875,setl_merchant_1_0068,bnk_000000000070,1014.00,upi,0.00,0.00,0.00,2025-11-27,test,0
pay_00000000004887,setl_merchant_1_0068,bnk_000000000070,341.00,card,7.84,1.41,3.41,2025-11-27,test,0
pay_00000000004890,setl_merchant_1_0068,bnk_000000000070,163.37,upi,0.00,0.00,1.63,2025-11-27,test,0
pay_00000000004911,setl_merchant_1_0068,bnk_000000000070,563.82,card,12.97,2.33,5.64,2025-11-27,test,0
pay_00000000004919,setl_merchant_1_0068,bnk_000000000070,707.00,upi,0.00,0.00,7.07,2025-11-27,test,0
pay_00000000004953,setl_merchant_1_0068,bnk_000000000070,772.35,upi,0.00,0.00,0.00,2025-11-27,test,0
pay_00000000000013,setl_merchant_1_0069,bnk_000000000071,355.93,card,8.19,1.47,0.00,2025-11-28,test,0
pay_00000000000038,setl_merchant_1_0069,bnk_000000000071,2927.00,card,67.32,12.12,29.27,2025-11-28,test,0
pay_00000000000061,setl_merchant_1_0069,bnk_000000000071,1044.00,upi,0.00,0.00,0.00,2025-11-28,test,0
pay_00000000000142,setl_merchant_1_0069,bnk_000000000071,8621.00,upi,0.00,0.00,0.00,2025-11-28,test,0
pay_00000000000143,setl_merchant_1_0069,bnk_000000000071,811.99,upi,0.00,0.00,0.00,2025-11-28,test,0
pay_00000000000169,setl_merchant_1_0069,bnk_000000000071,452.18,upi,0.00,0.00,0.00,2025-11-28,test,0
pay_00000000000174,setl_merchant_1_0069,bnk_000000000071,678.95,upi,0.00,0.00,6.79,2025-11-28,test,0
pay_00000000000287,setl_merchant_1_0069,bnk_000000000071,372.52,upi,0.00,0.00,0.00,2025-11-28,test,0
pay_00000000000408,setl_merchant_1_0069,bnk_000000000071,857.47,card,19.72,3.55,0.00,2025-11-28,test,0
pay_00000000000421,setl_merchant_1_0069,bnk_000000000071,1826.09,upi,0.00,0.00,0.00,2025-11-28,test,0
pay_00000000000455,setl_merchant_1_0069,bnk_000000000071,367.40,card,8.45,1.52,3.67,2025-11-28,test,0
pay_00000000000458,setl_merchant_1_0069,bnk_000000000071,230.68,wallet,4.15,0.75,0.00,2025-11-28,test,0
pay_00000000000552,setl_merchant_1_0069,bnk_000000000071,869.91,netbanking,15.00,2.70,8.70,2025-11-28,test,0
pay_00000000000576,setl_merchant_1_0069,bnk_000000000071,367.54,upi,0.00,0.00,3.68,2025-11-28,test,0
pay_00000000000619,setl_merchant_1_0069,bnk_000000000071,163.00,card,3.75,0.68,0.00,2025-11-28,test,0
pay_00000000000620,setl_merchant_1_0069,bnk_000000000071,432.01,upi,0.00,0.00,0.00,2025-11-28,test,0
pay_00000000000635,setl_merchant_1_0069,bnk_000000000071,788.00,wallet,14.18,2.55,7.88,2025-11-28,test,0
pay_00000000000656,setl_merchant_1_0069,bnk_000000000071,787.78,upi,0.00,0.00,0.00,2025-11-28,test,0
pay_00000000000708,setl_merchant_1_0069,bnk_000000000071,617.70,upi,0.00,0.00,6.18,2025-11-28,test,0
pay_00000000000856,setl_merchant_1_0069,bnk_000000000071,973.99,upi,0.00,0.00,9.74,2025-11-28,test,0
pay_00000000000866,setl_merchant_1_0069,bnk_000000000071,895.19,upi,0.00,0.00,0.00,2025-11-28,test,0
pay_00000000000899,setl_merchant_1_0069,bnk_000000000071,537.35,upi,0.00,0.00,5.37,2025-11-28,test,0
pay_00000000000940,setl_merchant_1_0069,bnk_000000000071,534.72,upi,0.00,0.00,5.35,2025-11-28,test,0
pay_00000000000954,setl_merchant_1_0069,bnk_000000000071,344.00,upi,0.00,0.00,0.00,2025-11-28,test,0
pay_00000000000960,setl_merchant_1_0069,bnk_000000000071,461.21,upi,0.00,0.00,4.61,2025-11-28,test,0
pay_00000000001002,setl_merchant_1_0069,bnk_000000000071,518.69,wallet,9.34,1.68,5.19,2025-11-28,test,0
pay_00000000001025,setl_merchant_1_0069,bnk_000000000071,13745.00,card,316.14,56.91,137.45,2025-11-28,test,0
pay_00000000001140,setl_merchant_1_0069,bnk_000000000071,858.01,netbanking,15.00,2.70,0.00,2025-11-28,test,0
pay_00000000001179,setl_merchant_1_0069,bnk_000000000071,530.99,upi,0.00,0.00,5.31,2025-11-28,test,0
pay_00000000001230,setl_merchant_1_0069,bnk_000000000071,976.99,netbanking,15.00,2.70,0.00,2025-11-28,test,0
pay_00000000001247,setl_merchant_1_0069,bnk_000000000071,374.00,upi,0.00,0.00,0.00,2025-11-28,test,0
pay_00000000001271,setl_merchant_1_0069,bnk_000000000071,764.48,upi,0.00,0.00,7.64,2025-11-28,test,0
pay_00000000001300,setl_merchant_1_0069,bnk_000000000071,170.64,upi,0.00,0.00,1.71,2025-11-28,test,0
pay_00000000001435,setl_merchant_1_0069,bnk_000000000071,185.00,netbanking,15.00,2.70,0.00,2025-11-28,test,0
pay_00000000001509,setl_merchant_1_0069,bnk_000000000071,1333.41,card,30.67,5.52,0.00,2025-11-28,test,0
pay_00000000001649,setl_merchant_1_0069,bnk_000000000071,713.37,upi,0.00,0.00,7.13,2025-11-28,test,0
pay_00000000001661,setl_merchant_1_0069,bnk_000000000071,720.56,netbanking,15.00,2.70,7.21,2025-11-28,test,0
pay_00000000001688,setl_merchant_1_0069,bnk_000000000071,403.72,netbanking,15.00,2.70,0.00,2025-11-28,test,0
pay_00000000001708,setl_merchant_1_0069,bnk_000000000071,2351.71,wallet,42.33,7.62,23.52,2025-11-28,test,0
pay_00000000001784,setl_merchant_1_0069,bnk_000000000071,261.17,netbanking,15.00,2.70,0.00,2025-11-28,test,0
pay_00000000001795,setl_merchant_1_0069,bnk_000000000071,558.90,upi,0.00,0.00,5.59,2025-11-28,test,0
pay_00000000001912,setl_merchant_1_0069,bnk_000000000071,2188.80,card,50.34,9.06,21.89,2025-11-28,test,0
pay_00000000001959,setl_merchant_1_0069,bnk_000000000071,546.18,card,12.56,2.26,5.46,2025-11-28,test,0
pay_00000000002022,setl_merchant_1_0069,bnk_000000000071,945.00,card,21.74,3.91,0.00,2025-11-28,test,0
pay_00000000002039,setl_merchant_1_0069,bnk_000000000071,878.00,card,20.19,3.63,8.78,2025-11-28,test,0
pay_00000000002077,setl_merchant_1_0069,bnk_000000000071,891.00,card,20.49,3.69,8.91,2025-11-28,test,0
pay_00000000002247,setl_merchant_1_0069,bnk_000000000071,3171.00,wallet,57.08,10.27,0.00,2025-11-28,test,0
pay_00000000002249,setl_merchant_1_0069,bnk_000000000071,793.15,netbanking,15.00,2.70,7.93,2025-11-28,test,0
pay_00000000002307,setl_merchant_1_0069,bnk_000000000071,580.00,card,13.34,2.40,0.00,2025-11-28,test,0
pay_00000000002329,setl_merchant_1_0069,bnk_000000000071,1057.03,netbanking,15.00,2.70,10.57,2025-11-28,test,0
pay_00000000002384,setl_merchant_1_0069,bnk_000000000071,2922.93,upi,0.00,0.00,29.23,2025-11-28,test,0
pay_00000000002468,setl_merchant_1_0069,bnk_000000000071,429.00,upi,0.00,0.00,0.00,2025-11-28,test,0
pay_00000000002601,setl_merchant_1_0069,bnk_000000000071,320.00,netbanking,15.00,2.70,3.20,2025-11-28,test,0
pay_00000000002663,setl_merchant_1_0069,bnk_000000000071,718.00,wallet,12.92,2.33,0.00,2025-11-28,test,0
pay_00000000002684,setl_merchant_1_0069,bnk_000000000071,598.00,upi,0.00,0.00,0.00,2025-11-28,test,0
pay_00000000002714,setl_merchant_1_0069,bnk_000000000071,703.00,card,16.17,2.91,7.03,2025-11-28,test,0
pay_00000000002774,setl_merchant_1_0069,bnk_000000000071,750.43,wallet,13.51,2.43,0.00,2025-11-28,test,0
pay_00000000002903,setl_merchant_1_0069,bnk_000000000071,492.69,upi,0.00,0.00,0.00,2025-11-28,test,0
pay_00000000002904,setl_merchant_1_0069,bnk_000000000071,6788.50,upi,0.00,0.00,0.00,2025-11-28,test,0
pay_00000000002947,setl_merchant_1_0069,bnk_000000000071,769.00,card,17.69,3.18,7.69,2025-11-28,test,0
pay_00000000003008,setl_merchant_1_0069,bnk_000000000071,542.90,upi,0.00,0.00,0.00,2025-11-28,test,0
pay_00000000003135,setl_merchant_1_0069,bnk_000000000071,805.89,card,18.54,3.34,8.06,2025-11-28,test,0
pay_00000000003194,setl_merchant_1_0069,bnk_000000000071,549.06,netbanking,15.00,2.70,5.49,2025-11-28,test,0
pay_00000000003232,setl_merchant_1_0069,bnk_000000000071,345.43,netbanking,15.00,2.70,3.45,2025-11-28,test,0
pay_00000000003244,setl_merchant_1_0069,bnk_000000000071,549.99,upi,0.00,0.00,5.50,2025-11-28,test,0
pay_00000000003269,setl_merchant_1_0069,bnk_000000000071,809.99,upi,0.00,0.00,8.10,2025-11-28,test,0
pay_00000000003303,setl_merchant_1_0069,bnk_000000000071,345.28,netbanking,15.00,2.70,3.45,2025-11-28,test,0
pay_00000000003346,setl_merchant_1_0069,bnk_000000000071,147.99,upi,0.00,0.00,1.48,2025-11-28,test,0
pay_00000000003371,setl_merchant_1_0069,bnk_000000000071,947.99,wallet,17.06,3.07,9.48,2025-11-28,test,0
pay_00000000003376,setl_merchant_1_0069,bnk_000000000071,576.88,card,13.27,2.39,0.00,2025-11-28,test,0
pay_00000000003404,setl_merchant_1_0069,bnk_000000000071,1041.99,upi,0.00,0.00,10.42,2025-11-28,test,0
pay_00000000003417,setl_merchant_1_0069,bnk_000000000071,438.21,netbanking,15.00,2.70,0.00,2025-11-28,test,0
pay_00000000003480,setl_merchant_1_0069,bnk_000000000071,876.00,card,20.15,3.63,0.00,2025-11-28,test,0
pay_00000000003517,setl_merchant_1_0069,bnk_000000000071,360.00,upi,0.00,0.00,3.60,2025-11-28,test,0
pay_00000000003536,setl_merchant_1_0069,bnk_000000000071,1004.42,upi,0.00,0.00,10.04,2025-11-28,test,0
pay_00000000003653,setl_merchant_1_0069,bnk_000000000071,940.38,upi,0.00,0.00,9.40,2025-11-28,test,0
pay_00000000003764,setl_merchant_1_0069,bnk_000000000071,261.99,upi,0.00,0.00,2.62,2025-11-28,test,0
pay_00000000003843,setl_merchant_1_0069,bnk_000000000071,3085.53,card,70.97,12.77,30.86,2025-11-28,test,0
pay_00000000003853,setl_merchant_1_0069,bnk_000000000071,668.00,upi,0.00,0.00,0.00,2025-11-28,test,0
pay_00000000003925,setl_merchant_1_0069,bnk_000000000071,828.17,upi,0.00,0.00,0.00,2025-11-28,test,0
pay_00000000003949,setl_merchant_1_0069,bnk_000000000071,2886.00,wallet,51.95,9.35,28.86,2025-11-28,test,0
pay_00000000003978,setl_merchant_1_0069,bnk_000000000071,10926.79,upi,0.00,0.00,109.27,2025-11-28,test,0
pay_00000000004186,setl_merchant_1_0069,bnk_000000000071,14462.56,upi,0.00,0.00,0.00,2025-11-28,test,0
pay_00000000004232,setl_merchant_1_0069,bnk_000000000071,829.99,upi,0.00,0.00,0.00,2025-11-28,test,0
pay_00000000004287,setl_merchant_1_0069,bnk_000000000071,182.52,upi,0.00,0.00,1.83,2025-11-28,test,0
pay_00000000004343,setl_merchant_1_0069,bnk_000000000071,665.06,upi,0.00,0.00,0.00,2025-11-28,test,0
pay_00000000004350,setl_merchant_1_0069,bnk_000000000071,350.00,wallet,6.30,1.13,3.50,2025-11-28,test,0
pay_00000000004393,setl_merchant_1_0069,bnk_000000000071,886.36,upi,0.00,0.00,0.00,2025-11-28,test,0
pay_00000000004401,setl_merchant_1_0069,bnk_000000000071,708.06,upi,0.00,0.00,0.00,2025-11-28,test,0
pay_00000000004469,setl_merchant_1_0069,bnk_000000000071,547.99,card,12.60,2.27,0.00,2025-11-28,test,0
pay_00000000004574,setl_merchant_1_0069,bnk_000000000071,367.64,upi,0.00,0.00,3.68,2025-11-28,test,0
pay_00000000004585,setl_merchant_1_0069,bnk_000000000071,925.00,upi,0.00,0.00,0.00,2025-11-28,test,0
pay_00000000004644,setl_merchant_1_0069,bnk_000000000071,311.00,card,7.15,1.29,3.11,2025-11-28,test,0
pay_00000000004744,setl_merchant_1_0069,bnk_000000000071,110.07,upi,0.00,0.00,1.10,2025-11-28,test,0
pay_00000000004789,setl_merchant_1_0069,bnk_000000000071,2906.00,netbanking,15.00,2.70,29.06,2025-11-28,test,0
pay_00000000004845,setl_merchant_1_0069,bnk_000000000071,408.19,upi,0.00,0.00,4.08,2025-11-28,test,0
pay_00000000004853,setl_merchant_1_0069,bnk_000000000071,2012.91,upi,0.00,0.00,20.13,2025-11-28,test,0
pay_00000000004960,setl_merchant_1_0069,bnk_000000000071,15828.65,upi,0.00,0.00,158.29,2025-11-28,test,0
pay_00000000004967,setl_merchant_1_0069,bnk_000000000071,1092.47,upi,0.00,0.00,0.00,2025-11-28,test,0
pay_00000000004999,setl_merchant_1_0069,bnk_000000000071,929.00,upi,0.00,0.00,9.29,2025-11-28,test,0
pay_00000000000005,setl_merchant_1_0070,bnk_000000000072,178.00,upi,0.00,0.00,0.00,2025-11-28,test,0
pay_00000000000027,setl_merchant_1_0070,bnk_000000000072,754.67,upi,0.00,0.00,7.55,2025-11-28,test,0
pay_00000000000070,setl_merchant_1_0070,bnk_000000000072,869.15,netbanking,15.00,2.70,8.69,2025-11-28,test,0
pay_00000000000141,setl_merchant_1_0070,bnk_000000000072,1799.35,card,41.39,7.45,17.99,2025-11-28,test,0
pay_00000000000248,setl_merchant_1_0070,bnk_000000000072,721.00,upi,0.00,0.00,7.21,2025-11-28,test,0
pay_00000000000297,setl_merchant_1_0070,bnk_000000000072,248.92,netbanking,15.00,2.70,0.00,2025-11-28,test,0
pay_00000000000299,setl_merchant_1_0070,bnk_000000000072,493.00,card,11.34,2.04,0.00,2025-11-28,test,0
pay_00000000000629,setl_merchant_1_0070,bnk_000000000072,2920.01,upi,0.00,0.00,0.00,2025-11-28,test,0
pay_00000000000666,setl_merchant_1_0070,bnk_000000000072,1034.99,card,23.80,4.28,10.35,2025-11-28,test,0
pay_00000000000740,setl_merchant_1_0070,bnk_000000000072,442.92,netbanking,15.00,2.70,0.00,2025-11-28,test,0
pay_00000000000756,setl_merchant_1_0070,bnk_000000000072,789.31,upi,0.00,0.00,7.89,2025-11-28,test,0
pay_00000000000791,setl_merchant_1_0070,bnk_000000000072,623.00,card,14.33,2.58,0.00,2025-11-28,test,0
pay_00000000000792,setl_merchant_1_0070,bnk_000000000072,529.13,card,12.17,2.19,5.29,2025-11-28,test,0
pay_00000000000793,setl_merchant_1_0070,bnk_000000000072,5537.99,upi,0.00,0.00,55.38,2025-11-28,test,0
pay_00000000000806,setl_merchant_1_0070,bnk_000000000072,849.99,netbanking,15.00,2.70,0.00,2025-11-28,test,0
pay_00000000000853,setl_merchant_1_0070,bnk_000000000072,659.00,card,15.16,2.73,6.59,2025-11-28,test,0
pay_00000000000860,setl_merchant_1_0070,bnk_000000000072,480.00,upi,0.00,0.00,4.80,2025-11-28,test,0
pay_00000000000872,setl_merchant_1_0070,bnk_000000000072,387.09,upi,0.00,0.00,3.87,2025-11-28,test,0
pay_00000000000896,setl_merchant_1_0070,bnk_000000000072,2709.99,upi,0.00,0.00,27.10,2025-11-28,test,0
pay_00000000000928,setl_merchant_1_0070,bnk_000000000072,120.89,netbanking,15.00,2.70,0.00,2025-11-28,test,0
pay_00000000000938,setl_merchant_1_0070,bnk_000000000072,332.30,card,7.64,1.38,0.00,2025-11-28,test,0
pay_00000000000939,setl_merchant_1_0070,bnk_000000000072,897.99,upi,0.00,0.00,0.00,2025-11-28,test,0
pay_00000000001090,setl_merchant_1_0070,bnk_000000000072,454.00,upi,0.00,0.00,4.54,2025-11-28,test,0
pay_00000000001094,setl_merchant_1_0070,bnk_000000000072,2097.64,wallet,37.76,6.80,20.98,2025-11-28,test,0
pay_00000000001113,setl_merchant_1_0070,bnk_000000000072,717.03,card,16.49,2.97,0.00,2025-11-28,test,0
pay_00000000001118,setl_merchant_1_0070,bnk_000000000072,360.27,wallet,6.48,1.17,3.60,2025-11-28,test,0
pay_00000000001147,setl_merchant_1_0070,bnk_000000000072,2445.99,upi,0.00,0.00,24.46,2025-11-28,test,0
pay_00000000001165,setl_merchant_1_0070,bnk_000000000072,697.99,upi,0.00,0.00,0.00,2025-11-28,test,0
pay_00000000001216,setl_merchant_1_0070,bnk_000000000072,3572.99,upi,0.00,0.00,35.73,2025-11-28,test,0
pay_00000000001240,setl_merchant_1_0070,bnk_000000000072,397.98,card,9.15,1.65,3.98,2025-11-28,test,0
pay_00000000001335,setl_merchant_1_0070,bnk_000000000072,1732.76,card,39.85,7.17,17.33,2025-11-28,test,0
pay_00000000001359,setl_merchant_1_0070,bnk_000000000072,356.99,wallet,6.43,1.16,0.00,2025-11-28,test,0
pay_00000000001446,setl_merchant_1_0070,bnk_000000000072,526.60,card,12.11,2.18,0.00,2025-11-28,test,0
pay_00000000001460,setl_merchant_1_0070,bnk_000000000072,260.92,upi,0.00,0.00,2.61,2025-11-28,test,0
pay_00000000001461,setl_merchant_1_0070,bnk_000000000072,996.15,upi,0.00,0.00,9.96,2025-11-28,test,0
pay_00000000001480,setl_merchant_1_0070,bnk_000000000072,2368.00,upi,0.00,0.00,23.68,2025-11-28,test,0
pay_00000000001603,setl_merchant_1_0070,bnk_000000000072,728.39,card,16.75,3.02,0.00,2025-11-28,test,0
pay_00000000001618,setl_merchant_1_0070,bnk_000000000072,970.67,netbanking,15.00,2.70,9.71,2025-11-28,test,0
pay_00000000001651,setl_merchant_1_0070,bnk_000000000072,620.99,wallet,11.18,2.01,0.00,2025-11-28,test,0
pay_00000000001653,setl_merchant_1_0070,bnk_000000000072,198.99,upi,0.00,0.00,0.00,2025-11-28,test,0
pay_00000000001744,setl_merchant_1_0070,bnk_000000000072,961.19,wallet,17.30,3.11,9.61,2025-11-28,test,0
pay_00000000001860,setl_merchant_1_0070,bnk_000000000072,598.99,upi,0.00,0.00,5.99,2025-11-28,test,0
pay_00000000001870,setl_merchant_1_0070,bnk_000000000072,755.25,upi,0.00,0.00,7.55,2025-11-28,test,0
pay_00000000001878,setl_merchant_1_0070,bnk_000000000072,180.00,upi,0.00,0.00,1.80,2025-11-28,test,0
pay_00000000001880,setl_merchant_1_0070,bnk_000000000072,560.13,netbanking,15.00,2.70,0.00,2025-11-28,test,0
pay_00000000001904,setl_merchant_1_0070,bnk_000000000072,937.89,upi,0.00,0.00,0.00,2025-11-28,test,0
pay_00000000001910,setl_merchant_1_0070,bnk_000000000072,1000.00,upi,0.00,0.00,10.00,2025-11-28,test,0
pay_00000000001931,setl_merchant_1_0070,bnk_000000000072,468.56,upi,0.00,0.00,0.00,2025-11-28,test,0
pay_00000000001965,setl_merchant_1_0070,bnk_000000000072,1005.99,card,23.14,4.17,10.06,2025-11-28,test,0
pay_00000000001974,setl_merchant_1_0070,bnk_000000000072,1454.38,card,33.45,6.02,0.00,2025-11-28,test,0
pay_00000000002003,setl_merchant_1_0070,bnk_000000000072,271.97,upi,0.00,0.00,2.72,2025-11-28,test,0
pay_00000000002016,setl_merchant_1_0070,bnk_000000000072,1014.26,wallet,18.26,3.29,0.00,2025-11-28,test,0
pay_00000000002080,setl_merchant_1_0070,bnk_000000000072,632.95,card,14.56,2.62,6.33,2025-11-28,test,0
pay_00000000002111,setl_merchant_1_0070,bnk_000000000072,860.99,netbanking,15.00,2.70,8.61,2025-11-28,test,0
pay_00000000002157,setl_merchant_1_0070,bnk_000000000072,2516.85,card,57.89,10.42,25.17,2025-11-28,test,0
pay_00000000002163,setl_merchant_1_0070,bnk_000000000072,813.93,wallet,14.65,2.64,0.00,2025-11-28,test,0
pay_00000000002180,setl_merchant_1_0070,bnk_000000000072,2741.36,card,63.05,11.35,27.41,2025-11-28,test,0
pay_00000000002207,setl_merchant_1_0070,bnk_000000000072,7586.15,wallet,136.55,24.58,0.00,2025-11-28,test,0
pay_00000000002213,setl_merchant_1_0070,bnk_000000000072,281.46,card,6.47,1.16,2.81,2025-11-28,test,0
pay_00000000002239,setl_merchant_1_0070,bnk_000000000072,766.00,upi,0.00,0.00,0.00,2025-11-28,test,0
pay_00000000002252,setl_merchant_1_0070,bnk_000000000072,500.99,netbanking,15.00,2.70,5.01,2025-11-28,test,0
pay_00000000002279,setl_merchant_1_0070,bnk_000000000072,630.54,card,14.50,2.61,6.31,2025-11-28,test,0
pay_00000000002299,setl_merchant_1_0070,bnk_000000000072,1026.88,upi,0.00,0.00,10.27,2025-11-28,test,0
pay_00000000002441,setl_merchant_1_0070,bnk_000000000072,522.00,upi,0.00,0.00,5.22,2025-11-28,test,0
pay_00000000002599,setl_merchant_1_0070,bnk_000000000072,1976.20,wallet,35.57,6.40,19.76,2025-11-28,test,0
pay_00000000002616,setl_merchant_1_0070,bnk_000000000072,209.00,upi,0.00,0.00,0.00,2025-11-28,test,0
pay_00000000002673,setl_merchant_1_0070,bnk_000000000072,604.62,upi,0.00,0.00,0.00,2025-11-28,test,0
pay_00000000002689,setl_merchant_1_0070,bnk_000000000072,684.00,upi,0.00,0.00,0.00,2025-11-28,test,0
pay_00000000002699,setl_merchant_1_0070,bnk_000000000072,3416.44,upi,0.00,0.00,0.00,2025-11-28,test,0
pay_00000000002701,setl_merchant_1_0070,bnk_000000000072,106.00,card,2.44,0.44,1.06,2025-11-28,test,0
pay_00000000002702,setl_merchant_1_0070,bnk_000000000072,2254.99,card,51.86,9.33,0.00,2025-11-28,test,0
pay_00000000002723,setl_merchant_1_0070,bnk_000000000072,284.99,wallet,5.13,0.92,0.00,2025-11-28,test,0
pay_00000000002761,setl_merchant_1_0070,bnk_000000000072,1277.00,wallet,22.99,4.14,12.77,2025-11-28,test,0
pay_00000000002773,setl_merchant_1_0070,bnk_000000000072,303.87,wallet,5.47,0.98,0.00,2025-11-28,test,0
pay_00000000002877,setl_merchant_1_0070,bnk_000000000072,578.54,upi,0.00,0.00,0.00,2025-11-28,test,0
pay_00000000002896,setl_merchant_1_0070,bnk_000000000072,715.67,upi,0.00,0.00,7.16,2025-11-28,test,0
pay_00000000002914,setl_merchant_1_0070,bnk_000000000072,2780.99,upi,0.00,0.00,0.00,2025-11-28,test,0
pay_00000000002959,setl_merchant_1_0070,bnk_000000000072,715.00,upi,0.00,0.00,7.15,2025-11-28,test,0
pay_00000000003017,setl_merchant_1_0070,bnk_000000000072,818.99,upi,0.00,0.00,0.00,2025-11-28,test,0
pay_00000000003045,setl_merchant_1_0070,bnk_000000000072,789.00,upi,0.00,0.00,7.89,2025-11-28,test,0
pay_00000000003085,setl_merchant_1_0070,bnk_000000000072,1332.15,wallet,23.98,4.32,13.32,2025-11-28,test,0
pay_00000000003094,setl_merchant_1_0070,bnk_000000000072,637.27,upi,0.00,0.00,6.37,2025-11-28,test,0
pay_00000000003114,setl_merchant_1_0070,bnk_000000000072,5082.00,wallet,91.48,16.47,0.00,2025-11-28,test,0
pay_00000000003146,setl_merchant_1_0070,bnk_000000000072,486.37,card,11.19,2.01,4.86,2025-11-28,test,0
pay_00000000003159,setl_merchant_1_0070,bnk_000000000072,2096.65,wallet,37.74,6.79,20.97,2025-11-28,test,0
pay_00000000003217,setl_merchant_1_0070,bnk_000000000072,433.99,card,9.98,1.80,4.34,2025-11-28,test,0
pay_00000000003221,setl_merchant_1_0070,bnk_000000000072,652.52,card,15.01,2.70,0.00,2025-11-28,test,0
pay_00000000003224,setl_merchant_1_0070,bnk_000000000072,393.00,upi,0.00,0.00,3.93,2025-11-28,test,0
pay_00000000003279,setl_merchant_1_0070,bnk_000000000072,793.51,upi,0.00,0.00,0.00,2025-11-28,test,0
pay_00000000003326,setl_merchant_1_0070,bnk_000000000072,920.98,card,21.18,3.81,0.00,2025-11-28,test,0
pay_00000000003349,setl_merchant_1_0070,bnk_000000000072,728.00,upi,0.00,0.00,7.28,2025-11-28,test,0
pay_00000000003353,setl_merchant_1_0070,bnk_000000000072,260.99,netbanking,15.00,2.70,2.61,2025-11-28,test,0
pay_00000000003354,setl_merchant_1_0070,bnk_000000000072,897.92,card,20.65,3.72,8.98,2025-11-28,test,0
pay_00000000003380,setl_merchant_1_0070,bnk_000000000072,925.00,upi,0.00,0.00,9.25,2025-11-28,test,0
pay_00000000003447,setl_merchant_1_0070,bnk_000000000072,146.83,upi,0.00,0.00,0.00,2025-11-28,test,0
pay_00000000003496,setl_merchant_1_0070,bnk_000000000072,731.58,upi,0.00,0.00,7.32,2025-11-28,test,0
pay_00000000003549,setl_merchant_1_0070,bnk_000000000072,109.01,upi,0.00,0.00,1.09,2025-11-28,test,0
pay_00000000003569,setl_merchant_1_0070,bnk_000000000072,122.04,card,2.81,0.51,0.00,2025-11-28,test,0
pay_00000000003572,setl_merchant_1_0070,bnk_000000000072,2646.07,upi,0.00,0.00,26.46,2025-11-28,test,0
pay_00000000003597,setl_merchant_1_0070,bnk_000000000072,299.44,card,6.89,1.24,2.99,2025-11-28,test,0
pay_00000000003630,setl_merchant_1_0070,bnk_000000000072,2061.00,upi,0.00,0.00,0.00,2025-11-28,test,0
pay_00000000003762,setl_merchant_1_0070,bnk_000000000072,829.00,upi,0.00,0.00,0.00,2025-11-28,test,0
pay_00000000003786,setl_merchant_1_0070,bnk_000000000072,555.00,wallet,9.99,1.80,5.55,2025-11-28,test,0
pay_00000000003789,setl_merchant_1_0070,bnk_000000000072,770.27,upi,0.00,0.00,7.70,2025-11-28,test,0
pay_00000000003809,setl_merchant_1_0070,bnk_000000000072,6189.00,upi,0.00,0.00,61.89,2025-11-28,test,0
pay_00000000003909,setl_merchant_1_0070,bnk_000000000072,941.00,netbanking,15.00,2.70,9.41,2025-11-28,test,0
pay_00000000003918,setl_merchant_1_0070,bnk_000000000072,328.98,upi,0.00,0.00,3.29,2025-11-28,test,0
pay_00000000004098,setl_merchant_1_0070,bnk_000000000072,491.76,upi,0.00,0.00,0.00,2025-11-28,test,0
pay_00000000004129,setl_merchant_1_0070,bnk_000000000072,1010.00,card,23.23,4.18,10.10,2025-11-28,test,0
pay_00000000004193,setl_merchant_1_0070,bnk_000000000072,775.10,upi,0.00,0.00,7.75,2025-11-28,test,0
pay_00000000004303,setl_merchant_1_0070,bnk_000000000072,997.99,wallet,17.96,3.23,9.98,2025-11-28,test,0
pay_00000000004340,setl_merchant_1_0070,bnk_000000000072,731.04,upi,0.00,0.00,7.31,2025-11-28,test,0
pay_00000000004420,setl_merchant_1_0070,bnk_000000000072,13296.72,upi,0.00,0.00,0.00,2025-11-28,test,0
pay_00000000004432,setl_merchant_1_0070,bnk_000000000072,1082.73,upi,0.00,0.00,10.83,2025-11-28,test,0
pay_00000000004456,setl_merchant_1_0070,bnk_000000000072,615.99,upi,0.00,0.00,6.16,2025-11-28,test,0
pay_00000000004478,setl_merchant_1_0070,bnk_000000000072,661.32,card,15.21,2.74,0.00,2025-11-28,test,0
pay_00000000004567,setl_merchant_1_0070,bnk_000000000072,14139.99,card,325.22,58.54,141.40,2025-11-28,test,0
pay_00000000004622,setl_merchant_1_0070,bnk_000000000072,392.07,upi,0.00,0.00,3.92,2025-11-28,test,0
pay_00000000004662,setl_merchant_1_0070,bnk_000000000072,2551.33,upi,0.00,0.00,25.51,2025-11-28,test,0
pay_00000000004781,setl_merchant_1_0070,bnk_000000000072,257.05,card,5.91,1.06,2.57,2025-11-28,test,0
pay_00000000004841,setl_merchant_1_0070,bnk_000000000072,692.99,netbanking,15.00,2.70,6.93,2025-11-28,test,0
pay_00000000004848,setl_merchant_1_0070,bnk_000000000072,455.67,upi,0.00,0.00,4.56,2025-11-28,test,0
pay_00000000004891,setl_merchant_1_0070,bnk_000000000072,770.43,card,17.72,3.19,0.00,2025-11-28,test,0
pay_00000000004905,setl_merchant_1_0070,bnk_000000000072,298.45,upi,0.00,0.00,2.98,2025-11-28,test,0
pay_00000000004914,setl_merchant_1_0070,bnk_000000000072,12203.99,upi,0.00,0.00,0.00,2025-11-28,test,0
pay_00000000004928,setl_merchant_1_0070,bnk_000000000072,457.00,upi,0.00,0.00,0.00,2025-11-28,test,0
pay_00000000004947,setl_merchant_1_0070,bnk_000000000072,233.82,upi,0.00,0.00,2.34,2025-11-28,test,0
pay_00000000000710,setl_merchant_1_0071,bnk_000000000073,208.76,upi,0.00,0.00,0.00,2025-11-29,test,0
pay_00000000001867,setl_merchant_1_0071,bnk_000000000073,813.85,card,18.72,3.37,8.14,2025-11-29,test,0
pay_00000000001938,setl_merchant_1_0071,bnk_000000000073,539.07,upi,0.00,0.00,5.39,2025-11-29,test,0
pay_00000000002082,setl_merchant_1_0071,bnk_000000000073,2214.73,upi,0.00,0.00,22.15,2025-11-29,test,0
pay_00000000002171,setl_merchant_1_0071,bnk_000000000073,621.99,card,14.31,2.58,0.00,2025-11-29,test,0
pay_00000000002759,setl_merchant_1_0071,bnk_000000000073,802.00,upi,0.00,0.00,0.00,2025-11-29,test,0
pay_00000000002847,setl_merchant_1_0071,bnk_000000000073,353.30,upi,0.00,0.00,0.00,2025-11-29,test,0
pay_00000000002913,setl_merchant_1_0071,bnk_000000000073,3591.00,upi,0.00,0.00,35.91,2025-11-29,test,0
pay_00000000003580,setl_merchant_1_0071,bnk_000000000073,3210.00,upi,0.00,0.00,0.00,2025-11-29,test,0
pay_00000000004061,setl_merchant_1_0071,bnk_000000000073,851.50,upi,0.00,0.00,8.52,2025-11-29,test,0
pay_00000000004245,setl_merchant_1_0071,bnk_000000000073,498.72,netbanking,15.00,2.70,4.99,2025-11-29,test,0
pay_00000000000059,setl_merchant_1_0072,bnk_000000000074,1056.31,netbanking,15.00,2.70,0.00,2025-11-29,test,0
pay_00000000000134,setl_merchant_1_0072,bnk_000000000074,17220.59,netbanking,15.00,2.70,172.21,2025-11-29,test,0
pay_00000000000252,setl_merchant_1_0072,bnk_000000000074,130.00,upi,0.00,0.00,0.00,2025-11-29,test,0
pay_00000000000382,setl_merchant_1_0072,bnk_000000000074,13690.00,upi,0.00,0.00,136.90,2025-11-29,test,0
pay_00000000000440,setl_merchant_1_0072,bnk_000000000074,894.29,upi,0.00,0.00,8.94,2025-11-29,test,0
pay_00000000000457,setl_merchant_1_0072,bnk_000000000074,1209.00,upi,0.00,0.00,12.09,2025-11-29,test,0
pay_00000000000491,setl_merchant_1_0072,bnk_000000000074,2123.99,card,48.85,8.79,21.24,2025-11-29,test,0
pay_00000000000825,setl_merchant_1_0072,bnk_000000000074,871.99,card,20.06,3.61,0.00,2025-11-29,test,0
pay_00000000000918,setl_merchant_1_0072,bnk_000000000074,846.38,upi,0.00,0.00,8.46,2025-11-29,test,0
pay_00000000001017,setl_merchant_1_0072,bnk_000000000074,104.00,netbanking,15.00,2.70,1.04,2025-11-29,test,0
pay_00000000001069,setl_merchant_1_0072,bnk_000000000074,508.92,wallet,9.16,1.65,0.00,2025-11-29,test,0
pay_00000000001315,setl_merchant_1_0072,bnk_000000000074,172.00,upi,0.00,0.00,1.72,2025-11-29,test,0
pay_00000000001337,setl_merchant_1_0072,bnk_000000000074,3347.30,card,76.99,13.86,33.47,2025-11-29,test,0
pay_00000000001451,setl_merchant_1_0072,bnk_000000000074,236.00,card,5.43,0.98,0.00,2025-11-29,test,0
pay_00000000002240,setl_merchant_1_0072,bnk_000000000074,1060.99,netbanking,15.00,2.70,0.00,2025-11-29,test,0
pay_00000000002289,setl_merchant_1_0072,bnk_000000000074,2733.27,card,62.87,11.32,0.00,2025-11-29,test,0
pay_00000000002317,setl_merchant_1_0072,bnk_000000000074,1311.84,card,30.17,5.43,0.00,2025-11-29,test,0
pay_00000000002375,setl_merchant_1_0072,bnk_000000000074,3329.00,card,76.57,13.78,33.29,2025-11-29,test,0
pay_00000000002440,setl_merchant_1_0072,bnk_000000000074,1078.00,upi,0.00,0.00,0.00,2025-11-29,test,0
pay_00000000002582,setl_merchant_1_0072,bnk_000000000074,528.03,upi,0.00,0.00,0.00,2025-11-29,test,0
pay_00000000002642,setl_merchant_1_0072,bnk_000000000074,204.99,netbanking,15.00,2.70,2.05,2025-11-29,test,0
pay_00000000002652,setl_merchant_1_0072,bnk_000000000074,673.99,wallet,12.13,2.18,6.74,2025-11-29,test,0
pay_00000000002727,setl_merchant_1_0072,bnk_000000000074,912.99,upi,0.00,0.00,9.13,2025-11-29,test,0
pay_00000000002735,setl_merchant_1_0072,bnk_000000000074,189.94,upi,0.00,0.00,0.00,2025-11-29,test,0
pay_00000000003231,setl_merchant_1_0072,bnk_000000000074,507.00,wallet,9.13,1.64,0.00,2025-11-29,test,0
pay_00000000003482,setl_merchant_1_0072,bnk_000000000074,191.90,upi,0.00,0.00,1.92,2025-11-29,test,0
pay_00000000003614,setl_merchant_1_0072,bnk_000000000074,2612.00,upi,0.00,0.00,26.12,2025-11-29,test,0
pay_00000000003698,setl_merchant_1_0072,bnk_000000000074,176.99,wallet,3.19,0.57,0.00,2025-11-29,test,0
pay_00000000003835,setl_merchant_1_0072,bnk_000000000074,826.00,upi,0.00,0.00,8.26,2025-11-29,test,0
pay_00000000004066,setl_merchant_1_0072,bnk_000000000074,403.25,upi,0.00,0.00,4.03,2025-11-29,test,0
pay_00000000004121,setl_merchant_1_0072,bnk_000000000074,2524.00,upi,0.00,0.00,25.24,2025-11-29,test,0
pay_00000000004470,setl_merchant_1_0072,bnk_000000000074,820.00,upi,0.00,0.00,0.00,2025-11-29,test,0
pay_00000000004545,setl_merchant_1_0072,bnk_000000000074,1989.00,upi,0.00,0.00,19.89,2025-11-29,test,0
pay_00000000004612,setl_merchant_1_0072,bnk_000000000074,174.50,upi,0.00,0.00,1.75,2025-11-29,test,0
pay_00000000004769,setl_merchant_1_0072,bnk_000000000074,457.61,card,10.53,1.90,0.00,2025-11-29,test,0
pay_00000000000003,setl_merchant_1_0073,bnk_000000000075,945.69,upi,0.00,0.00,9.46,2025-11-29,test,0
pay_00000000000501,setl_merchant_1_0073,bnk_000000000075,709.70,netbanking,15.00,2.70,7.10,2025-11-29,test,0
pay_00000000000526,setl_merchant_1_0073,bnk_000000000075,2863.19,upi,0.00,0.00,28.63,2025-11-29,test,0
pay_00000000000618,setl_merchant_1_0073,bnk_000000000075,723.00,card,16.63,2.99,7.23,2025-11-29,test,0
pay_00000000000737,setl_merchant_1_0073,bnk_000000000075,903.99,upi,0.00,0.00,9.04,2025-11-29,test,0
pay_00000000000770,setl_merchant_1_0073,bnk_000000000075,2654.99,card,61.06,10.99,0.00,2025-11-29,test,0
pay_00000000000867,setl_merchant_1_0073,bnk_000000000075,1524.99,upi,0.00,0.00,0.00,2025-11-29,test,0
pay_00000000000983,setl_merchant_1_0073,bnk_000000000075,237.00,upi,0.00,0.00,2.37,2025-11-29,test,0
pay_00000000001039,setl_merchant_1_0073,bnk_000000000075,2198.00,card,50.55,9.10,21.98,2025-11-29,test,0
pay_00000000001040,setl_merchant_1_0073,bnk_000000000075,714.21,upi,0.00,0.00,0.00,2025-11-29,test,0
pay_00000000001128,setl_merchant_1_0073,bnk_000000000075,954.55,upi,0.00,0.00,9.55,2025-11-29,test,0
pay_00000000001356,setl_merchant_1_0073,bnk_000000000075,866.67,card,19.93,3.59,0.00,2025-11-29,test,0
pay_00000000001442,setl_merchant_1_0073,bnk_000000000075,1136.25,upi,0.00,0.00,0.00,2025-11-29,test,0
pay_00000000001513,setl_merchant_1_0073,bnk_000000000075,419.00,upi,0.00,0.00,4.19,2025-11-29,test,0
pay_00000000001667,setl_merchant_1_0073,bnk_000000000075,548.00,upi,0.00,0.00,0.00,2025-11-29,test,0
pay_00000000001755,setl_merchant_1_0073,bnk_000000000075,212.06,upi,0.00,0.00,0.00,2025-11-29,test,0
pay_00000000001807,setl_merchant_1_0073,bnk_000000000075,225.99,card,5.20,0.94,0.00,2025-11-29,test,0
pay_00000000001815,setl_merchant_1_0073,bnk_000000000075,622.99,card,14.33,2.58,6.23,2025-11-29,test,0
pay_00000000001935,setl_merchant_1_0073,bnk_000000000075,214.99,upi,0.00,0.00,0.00,2025-11-29,test,0
pay_00000000002040,setl_merchant_1_0073,bnk_000000000075,205.35,card,4.72,0.85,2.05,2025-11-29,test,0
pay_00000000002097,setl_merchant_1_0073,bnk_000000000075,894.00,wallet,16.09,2.90,8.94,2025-11-29,test,0
pay_00000000002206,setl_merchant_1_0073,bnk_000000000075,7877.30,upi,0.00,0.00,78.77,2025-11-29,test,0
pay_00000000002221,setl_merchant_1_0073,bnk_000000000075,172.32,upi,0.00,0.00,1.72,2025-11-29,test,0
pay_00000000002314,setl_merchant_1_0073,bnk_000000000075,959.99,upi,0.00,0.00,9.60,2025-11-29,test,0
pay_00000000002359,setl_merchant_1_0073,bnk_000000000075,207.00,card,4.76,0.86,0.00,2025-11-29,test,0
pay_00000000002475,setl_merchant_1_0073,bnk_000000000075,1790.00,upi,0.00,0.00,0.00,2025-11-29,test,0
pay_00000000002772,setl_merchant_1_0073,bnk_000000000075,116.00,netbanking,15.00,2.70,0.00,2025-11-29,test,0
pay_00000000002915,setl_merchant_1_0073,bnk_000000000075,375.00,upi,0.00,0.00,0.00,2025-11-29,test,0
pay_00000000003028,setl_merchant_1_0073,bnk_000000000075,920.48,wallet,16.57,2.98,9.20,2025-11-29,test,0
pay_00000000003081,setl_merchant_1_0073,bnk_000000000075,1869.00,wallet,33.64,6.06,18.69,2025-11-29,test,0
pay_00000000003292,setl_merchant_1_0073,bnk_000000000075,2398.00,card,55.15,9.93,0.00,2025-11-29,test,0
pay_00000000003348,setl_merchant_1_0073,bnk_000000000075,896.86,card,20.63,3.71,8.97,2025-11-29,test,0
pay_00000000003510,setl_merchant_1_0073,bnk_000000000075,671.35,netbanking,15.00,2.70,0.00,2025-11-29,test,0
pay_00000000003551,setl_merchant_1_0073,bnk_000000000075,732.99,wallet,13.19,2.37,0.00,2025-11-29,test,0
pay_00000000003562,setl_merchant_1_0073,bnk_000000000075,141.08,card,3.24,0.58,1.41,2025-11-29,test,0
pay_00000000003765,setl_merchant_1_0073,bnk_000000000075,508.31,upi,0.00,0.00,0.00,2025-11-29,test,0
pay_00000000003893,setl_merchant_1_0073,bnk_000000000075,3342.52,wallet,60.17,10.83,33.43,2025-11-29,test,0
pay_00000000004133,setl_merchant_1_0073,bnk_000000000075,569.00,wallet,10.24,1.84,0.00,2025-11-29,test,0
pay_00000000004173,setl_merchant_1_0073,bnk_000000000075,112.51,card,2.59,0.47,0.00,2025-11-29,test,0
pay_00000000004294,setl_merchant_1_0073,bnk_000000000075,795.00,card,18.29,3.29,7.95,2025-11-29,test,0
pay_00000000004547,setl_merchant_1_0073,bnk_000000000075,686.00,upi,0.00,0.00,0.00,2025-11-29,test,0
pay_00000000004620,setl_merchant_1_0073,bnk_000000000075,949.92,upi,0.00,0.00,9.50,2025-11-29,test,0
pay_00000000004669,setl_merchant_1_0073,bnk_000000000075,446.00,upi,0.00,0.00,0.00,2025-11-29,test,0
pay_00000000004701,setl_merchant_1_0073,bnk_000000000075,2874.76,netbanking,15.00,2.70,0.00,2025-11-29,test,0
pay_00000000004829,setl_merchant_1_0073,bnk_000000000075,11462.02,wallet,206.32,37.14,0.00,2025-11-29,test,0
pay_00000000000274,setl_merchant_1_0074,bnk_000000000076,2711.00,card,62.35,11.22,27.11,2025-11-29,test,0
pay_00000000000317,setl_merchant_1_0074,bnk_000000000076,278.99,upi,0.00,0.00,0.00,2025-11-29,test,0
pay_00000000000337,setl_merchant_1_0074,bnk_000000000076,674.28,upi,0.00,0.00,6.74,2025-11-29,test,0
pay_00000000000500,setl_merchant_1_0074,bnk_000000000076,1022.00,upi,0.00,0.00,10.22,2025-11-29,test,0
pay_00000000000512,setl_merchant_1_0074,bnk_000000000076,117.84,card,2.71,0.49,1.18,2025-11-29,test,0
pay_00000000000521,setl_merchant_1_0074,bnk_000000000076,999.53,upi,0.00,0.00,10.00,2025-11-29,test,0
pay_00000000000577,setl_merchant_1_0074,bnk_000000000076,846.30,netbanking,15.00,2.70,0.00,2025-11-29,test,0
pay_00000000000658,setl_merchant_1_0074,bnk_000000000076,201.09,wallet,3.62,0.65,0.00,2025-11-29,test,0
pay_00000000000824,setl_merchant_1_0074,bnk_000000000076,156.33,wallet,2.81,0.51,0.00,2025-11-29,test,0
pay_00000000000836,setl_merchant_1_0074,bnk_000000000076,2724.00,card,62.65,11.28,0.00,2025-11-29,test,0
pay_00000000000906,setl_merchant_1_0074,bnk_000000000076,714.71,upi,0.00,0.00,7.15,2025-11-29,test,0
pay_00000000000931,setl_merchant_1_0074,bnk_000000000076,679.18,upi,0.00,0.00,6.79,2025-11-29,test,0
pay_00000000000934,setl_merchant_1_0074,bnk_000000000076,481.27,upi,0.00,0.00,4.81,2025-11-29,test,0
pay_00000000000969,setl_merchant_1_0074,bnk_000000000076,978.99,wallet,17.62,3.17,0.00,2025-11-29,test,0
pay_00000000001126,setl_merchant_1_0074,bnk_000000000076,1033.71,netbanking,15.00,2.70,10.34,2025-11-29,test,0
pay_00000000001312,setl_merchant_1_0074,bnk_000000000076,218.99,upi,0.00,0.00,2.19,2025-11-29,test,0
pay_00000000001381,setl_merchant_1_0074,bnk_000000000076,551.83,upi,0.00,0.00,0.00,2025-11-29,test,0
pay_00000000001484,setl_merchant_1_0074,bnk_000000000076,743.40,card,17.10,3.08,0.00,2025-11-29,test,0
pay_00000000001496,setl_merchant_1_0074,bnk_000000000076,254.25,upi,0.00,0.00,0.00,2025-11-29,test,0
pay_00000000001533,setl_merchant_1_0074,bnk_000000000076,648.60,upi,0.00,0.00,0.00,2025-11-29,test,0
pay_00000000001729,setl_merchant_1_0074,bnk_000000000076,3058.00,card,70.33,12.66,0.00,2025-11-29,test,0
pay_00000000001841,setl_merchant_1_0074,bnk_000000000076,557.75,wallet,10.04,1.81,5.58,2025-11-29,test,0
pay_00000000001895,setl_merchant_1_0074,bnk_000000000076,1006.06,card,23.14,4.17,0.00,2025-11-29,test,0
pay_00000000001968,setl_merchant_1_0074,bnk_000000000076,895.18,card,20.59,3.71,0.00,2025-11-29,test,0
pay_00000000001982,setl_merchant_1_0074,bnk_000000000076,917.84,upi,0.00,0.00,9.18,2025-11-29,test,0
pay_00000000002170,setl_merchant_1_0074,bnk_000000000076,1028.43,card,23.65,4.26,0.00,2025-11-29,test,0
pay_00000000002229,setl_merchant_1_0074,bnk_000000000076,954.99,upi,0.00,0.00,0.00,2025-11-29,test,0
pay_00000000002352,setl_merchant_1_0074,bnk_000000000076,928.95,upi,0.00,0.00,0.00,2025-11-29,test,0
pay_00000000002413,setl_merchant_1_0074,bnk_000000000076,547.17,card,12.58,2.26,0.00,2025-11-29,test,0
pay_00000000002457,setl_merchant_1_0074,bnk_000000000076,2854.45,upi,0.00,0.00,0.00,2025-11-29,test,0
pay_00000000002476,setl_merchant_1_0074,bnk_000000000076,245.18,card,5.64,1.02,0.00,2025-11-29,test,0
pay_00000000002499,setl_merchant_1_0074,bnk_000000000076,9484.76,upi,0.00,0.00,0.00,2025-11-29,test,0
pay_00000000002535,setl_merchant_1_0074,bnk_000000000076,385.99,upi,0.00,0.00,0.00,2025-11-29,test,0
pay_00000000002553,setl_merchant_1_0074,bnk_000000000076,9571.00,card,220.13,39.62,95.71,2025-11-29,test,0
pay_00000000002662,setl_merchant_1_0074,bnk_000000000076,406.96,upi,0.00,0.00,4.07,2025-11-29,test,0
pay_00000000002675,setl_merchant_1_0074,bnk_000000000076,210.00,upi,0.00,0.00,2.10,2025-11-29,test,0
pay_00000000002741,setl_merchant_1_0074,bnk_000000000076,706.24,upi,0.00,0.00,0.00,2025-11-29,test,0
pay_00000000002764,setl_merchant_1_0074,bnk_000000000076,3079.87,netbanking,15.00,2.70,0.00,2025-11-29,test,0
pay_00000000002829,setl_merchant_1_0074,bnk_000000000076,3114.99,upi,0.00,0.00,0.00,2025-11-29,test,0
pay_00000000002968,setl_merchant_1_0074,bnk_000000000076,3006.17,upi,0.00,0.00,30.06,2025-11-29,test,0
pay_00000000003027,setl_merchant_1_0074,bnk_000000000076,708.00,upi,0.00,0.00,0.00,2025-11-29,test,0
pay_00000000003155,setl_merchant_1_0074,bnk_000000000076,666.00,card,15.32,2.76,6.66,2025-11-29,test,0
pay_00000000003198,setl_merchant_1_0074,bnk_000000000076,375.96,card,8.65,1.56,3.76,2025-11-29,test,0
pay_00000000003399,setl_merchant_1_0074,bnk_000000000076,576.52,wallet,10.38,1.87,5.77,2025-11-29,test,0
pay_00000000003554,setl_merchant_1_0074,bnk_000000000076,861.65,wallet,15.51,2.79,8.62,2025-11-29,test,0
pay_00000000003646,setl_merchant_1_0074,bnk_000000000076,205.99,card,4.74,0.85,2.06,2025-11-29,test,0
pay_00000000003657,setl_merchant_1_0074,bnk_000000000076,924.99,netbanking,15.00,2.70,9.25,2025-11-29,test,0
pay_00000000003877,setl_merchant_1_0074,bnk_000000000076,784.16,card,18.04,3.25,7.84,2025-11-29,test,0
pay_00000000003950,setl_merchant_1_0074,bnk_000000000076,413.96,upi,0.00,0.00,0.00,2025-11-29,test,0
pay_00000000003960,setl_merchant_1_0074,bnk_000000000076,1055.93,upi,0.00,0.00,10.56,2025-11-29,test,0
pay_00000000003986,setl_merchant_1_0074,bnk_000000000076,2996.00,wallet,53.93,9.71,29.96,2025-11-29,test,0
pay_00000000004016,setl_merchant_1_0074,bnk_000000000076,493.00,upi,0.00,0.00,4.93,2025-11-29,test,0
pay_00000000004050,setl_merchant_1_0074,bnk_000000000076,918.00,netbanking,15.00,2.70,9.18,2025-11-29,test,0
pay_00000000004149,setl_merchant_1_0074,bnk_000000000076,2893.00,upi,0.00,0.00,28.93,2025-11-29,test,0
pay_00000000004280,setl_merchant_1_0074,bnk_000000000076,559.99,card,12.88,2.32,0.00,2025-11-29,test,0
pay_00000000004290,setl_merchant_1_0074,bnk_000000000076,244.38,upi,0.00,0.00,2.44,2025-11-29,test,0
pay_00000000004316,setl_merchant_1_0074,bnk_000000000076,954.00,card,21.94,3.95,9.54,2025-11-29,test,0
pay_00000000004360,setl_merchant_1_0074,bnk_000000000076,625.00,card,14.38,2.59,6.25,2025-11-29,test,0
pay_00000000004403,setl_merchant_1_0074,bnk_000000000076,381.20,upi,0.00,0.00,3.81,2025-11-29,test,0
pay_00000000004482,setl_merchant_1_0074,bnk_000000000076,467.97,card,10.76,1.94,4.68,2025-11-29,test,0
pay_00000000004489,setl_merchant_1_0074,bnk_000000000076,3402.04,upi,0.00,0.00,0.00,2025-11-29,test,0
pay_00000000004519,setl_merchant_1_0074,bnk_000000000076,569.43,upi,0.00,0.00,5.69,2025-11-29,test,0
pay_00000000004535,setl_merchant_1_0074,bnk_000000000076,438.55,wallet,7.89,1.42,4.39,2025-11-29,test,0
pay_00000000004627,setl_merchant_1_0074,bnk_000000000076,1686.00,upi,0.00,0.00,0.00,2025-11-29,test,0
pay_00000000004690,setl_merchant_1_0074,bnk_000000000076,3330.81,upi,0.00,0.00,0.00,2025-11-29,test,0
pay_00000000004793,setl_merchant_1_0074,bnk_000000000076,989.33,card,22.75,4.10,0.00,2025-11-29,test,0
pay_00000000004839,setl_merchant_1_0074,bnk_000000000076,289.06,card,6.65,1.20,0.00,2025-11-29,test,0
pay_00000000004874,setl_merchant_1_0074,bnk_000000000076,188.59,upi,0.00,0.00,0.00,2025-11-29,test,0
pay_00000000000162,setl_merchant_1_0075,bnk_000000000077,614.28,netbanking,15.00,2.70,6.14,2025-12-01,test,0
pay_00000000001089,setl_merchant_1_0075,bnk_000000000077,702.99,card,16.17,2.91,7.03,2025-12-01,test,0
pay_00000000001218,setl_merchant_1_0075,bnk_000000000077,1077.00,upi,0.00,0.00,0.00,2025-12-01,test,0
pay_00000000001410,setl_merchant_1_0075,bnk_000000000077,639.01,upi,0.00,0.00,6.39,2025-12-01,test,0
pay_00000000001555,setl_merchant_1_0075,bnk_000000000077,747.00,card,17.18,3.09,0.00,2025-12-01,test,0
pay_00000000001593,setl_merchant_1_0075,bnk_000000000077,334.33,card,7.69,1.38,0.00,2025-12-01,test,0
pay_00000000001727,setl_merchant_1_0075,bnk_000000000077,231.00,upi,0.00,0.00,0.00,2025-12-01,test,0
pay_00000000001939,setl_merchant_1_0075,bnk_000000000077,263.32,netbanking,15.00,2.70,2.63,2025-12-01,test,0
pay_00000000002394,setl_merchant_1_0075,bnk_000000000077,571.99,wallet,10.30,1.85,5.72,2025-12-01,test,0
pay_00000000004057,setl_merchant_1_0075,bnk_000000000077,330.96,upi,0.00,0.00,3.31,2025-12-01,test,0
pay_00000000004596,setl_merchant_1_0075,bnk_000000000077,1921.41,upi,0.00,0.00,0.00,2025-12-01,test,0
pay_00000000005007,setl_merchant_1_0075,bnk_000000000077,231.00,upi,0.00,0.00,0.00,2025-12-01,test,1
pay_00000000000192,setl_merchant_1_0076,bnk_000000000078,431.37,upi,0.00,0.00,4.31,2025-12-01,test,0
pay_00000000000357,setl_merchant_1_0076,bnk_000000000078,373.99,upi,0.00,0.00,0.00,2025-12-01,test,0
pay_00000000000385,setl_merchant_1_0076,bnk_000000000078,1920.99,upi,0.00,0.00,0.00,2025-12-01,test,0
pay_00000000000561,setl_merchant_1_0076,bnk_000000000078,465.76,upi,0.00,0.00,0.00,2025-12-01,test,0
pay_00000000000685,setl_merchant_1_0076,bnk_000000000078,973.71,netbanking,15.00,2.70,0.00,2025-12-01,test,0
pay_00000000000917,setl_merchant_1_0076,bnk_000000000078,138.00,card,3.17,0.57,0.00,2025-12-01,test,0
pay_00000000001050,setl_merchant_1_0076,bnk_000000000078,903.99,upi,0.00,0.00,0.00,2025-12-01,test,0
pay_00000000001125,setl_merchant_1_0076,bnk_000000000078,708.50,upi,0.00,0.00,0.00,2025-12-01,test,0
pay_00000000001414,setl_merchant_1_0076,bnk_000000000078,295.67,upi,0.00,0.00,0.00,2025-12-01,test,0
pay_00000000001508,setl_merchant_1_0076,bnk_000000000078,1318.69,upi,0.00,0.00,0.00,2025-12-01,test,0
pay_00000000001739,setl_merchant_1_0076,bnk_000000000078,13481.26,upi,0.00,0.00,0.00,2025-12-01,test,0
pay_00000000001765,setl_merchant_1_0076,bnk_000000000078,474.99,upi,0.00,0.00,4.75,2025-12-01,test,0
pay_00000000001818,setl_merchant_1_0076,bnk_000000000078,182.99,card,4.21,0.76,1.83,2025-12-01,test,0
pay_00000000001863,setl_merchant_1_0076,bnk_000000000078,253.00,upi,0.00,0.00,2.53,2025-12-01,test,0
pay_00000000001882,setl_merchant_1_0076,bnk_000000000078,150.99,card,3.47,0.62,1.51,2025-12-01,test,0
pay_00000000001927,setl_merchant_1_0076,bnk_000000000078,187.70,netbanking,15.00,2.70,1.88,2025-12-01,test,0
pay_00000000002007,setl_merchant_1_0076,bnk_000000000078,1069.00,upi,0.00,0.00,10.69,2025-12-01,test,0
pay_00000000002505,setl_merchant_1_0076,bnk_000000000078,269.00,card,6.19,1.11,0.00,2025-12-01,test,0
pay_00000000002589,setl_merchant_1_0076,bnk_000000000078,155.79,upi,0.00,0.00,0.00,2025-12-01,test,0
pay_00000000002712,setl_merchant_1_0076,bnk_000000000078,1063.68,upi,0.00,0.00,10.64,2025-12-01,test,0
pay_00000000002909,setl_merchant_1_0076,bnk_000000000078,584.18,card,13.44,2.42,5.84,2025-12-01,test,0
pay_00000000003157,setl_merchant_1_0076,bnk_000000000078,2956.89,card,68.01,12.24,29.57,2025-12-01,test,0
pay_00000000003574,setl_merchant_1_0076,bnk_000000000078,151.91,netbanking,15.00,2.70,1.52,2025-12-01,test,0
pay_00000000003581,setl_merchant_1_0076,bnk_000000000078,139.00,upi,0.00,0.00,1.39,2025-12-01,test,0
pay_00000000003744,setl_merchant_1_0076,bnk_000000000078,3648.25,card,83.91,15.10,36.48,2025-12-01,test,0
pay_00000000003767,setl_merchant_1_0076,bnk_000000000078,185.99,upi,0.00,0.00,1.86,2025-12-01,test,0
pay_00000000003841,setl_merchant_1_0076,bnk_000000000078,700.17,wallet,12.60,2.27,0.00,2025-12-01,test,0
pay_00000000003965,setl_merchant_1_0076,bnk_000000000078,149.78,upi,0.00,0.00,1.50,2025-12-01,test,0
pay_00000000003985,setl_merchant_1_0076,bnk_000000000078,950.00,card,21.85,3.93,9.50,2025-12-01,test,0
pay_00000000004081,setl_merchant_1_0076,bnk_000000000078,317.18,upi,0.00,0.00,0.00,2025-12-01,test,0
pay_00000000004250,setl_merchant_1_0076,bnk_000000000078,889.99,wallet,16.02,2.88,0.00,2025-12-01,test,0
pay_00000000004265,setl_merchant_1_0076,bnk_000000000078,117.28,upi,0.00,0.00,0.00,2025-12-01,test,0
pay_00000000004473,setl_merchant_1_0076,bnk_000000000078,3303.17,upi,0.00,0.00,0.00,2025-12-01,test,0
pay_00000000004707,setl_merchant_1_0076,bnk_000000000078,323.63,upi,0.00,0.00,3.24,2025-12-01,test,0
pay_00000000004738,setl_merchant_1_0076,bnk_000000000078,325.66,upi,0.00,0.00,3.26,2025-12-01,test,0
pay_00000000004944,setl_merchant_1_0076,bnk_000000000078,2710.16,card,62.33,11.22,27.10,2025-12-01,test,0
pay_00000000005008,setl_merchant_1_0076,bnk_000000000078,231.00,upi,0.00,0.00,0.00,2025-12-01,test,1
pay_00000000000015,setl_merchant_1_0077,bnk_000000000079,864.00,upi,0.00,0.00,0.00,2025-12-01,test,0
pay_00000000000045,setl_merchant_1_0077,bnk_000000000079,2191.00,upi,0.00,0.00,0.00,2025-12-01,test,0
pay_00000000000101,setl_merchant_1_0077,bnk_000000000079,308.00,upi,0.00,0.00,3.08,2025-12-01,test,0
pay_00000000000119,setl_merchant_1_0077,bnk_000000000079,2700.99,upi,0.00,0.00,27.01,2025-12-01,test,0
pay_00000000000183,setl_merchant_1_0077,bnk_000000000079,755.65,card,17.38,3.13,7.56,2025-12-01,test,0
pay_00000000000328,setl_merchant_1_0077,bnk_000000000079,771.69,wallet,13.89,2.50,7.72,2025-12-01,test,0
pay_00000000000433,setl_merchant_1_0077,bnk_000000000079,2497.99,upi,0.00,0.00,0.00,2025-12-01,test,0
pay_00000000000436,setl_merchant_1_0077,bnk_000000000079,251.69,upi,0.00,0.00,2.52,2025-12-01,test,0
pay_00000000000516,setl_merchant_1_0077,bnk_000000000079,1857.00,upi,0.00,0.00,18.57,2025-12-01,test,0
pay_00000000000608,setl_merchant_1_0077,bnk_000000000079,99.28,card,2.28,0.41,0.00,2025-12-01,test,0
pay_00000000000615,setl_merchant_1_0077,bnk_000000000079,777.53,card,17.88,3.22,7.78,2025-12-01,test,0
pay_00000000000662,setl_merchant_1_0077,bnk_000000000079,287.23,upi,0.00,0.00,2.87,2025-12-01,test,0
pay_00000000001223,setl_merchant_1_0077,bnk_000000000079,449.00,upi,0.00,0.00,4.49,2025-12-01,test,0
pay_00000000001299,setl_merchant_1_0077,bnk_000000000079,859.90,card,19.78,3.56,8.60,2025-12-01,test,0
pay_00000000001369,setl_merchant_1_0077,bnk_000000000079,109.00,netbanking,15.00,2.70,0.00,2025-12-01,test,0
pay_00000000001455,setl_merchant_1_0077,bnk_000000000079,995.25,upi,0.00,0.00,9.95,2025-12-01,test,0
pay_00000000001768,setl_merchant_1_0077,bnk_000000000079,2293.39,upi,0.00,0.00,0.00,2025-12-01,test,0
pay_00000000001783,setl_merchant_1_0077,bnk_000000000079,577.00,card,13.27,2.39,5.77,2025-12-01,test,0
pay_00000000001905,setl_merchant_1_0077,bnk_000000000079,789.00,card,18.15,3.27,7.89,2025-12-01,test,0
pay_00000000002113,setl_merchant_1_0077,bnk_000000000079,488.73,card,11.24,2.02,4.89,2025-12-01,test,0
pay_00000000002123,setl_merchant_1_0077,bnk_000000000079,1329.61,upi,0.00,0.00,0.00,2025-12-01,test,0
pay_00000000002342,setl_merchant_1_0077,bnk_000000000079,2606.44,netbanking,15.00,2.70,26.06,2025-12-01,test,0
pay_00000000002350,setl_merchant_1_0077,bnk_000000000079,730.42,card,16.80,3.02,7.30,2025-12-01,test,0
pay_00000000002379,setl_merchant_1_0077,bnk_000000000079,756.36,upi,0.00,0.00,7.56,2025-12-01,test,0
pay_00000000002397,setl_merchant_1_0077,bnk_000000000079,563.00,wallet,10.13,1.82,0.00,2025-12-01,test,0
pay_00000000002416,setl_merchant_1_0077,bnk_000000000079,149.08,upi,0.00,0.00,1.49,2025-12-01,test,0
pay_00000000002518,setl_merchant_1_0077,bnk_000000000079,769.20,upi,0.00,0.00,7.69,2025-12-01,test,0
pay_00000000002525,setl_merchant_1_0077,bnk_000000000079,496.00,upi,0.00,0.00,0.00,2025-12-01,test,0
pay_00000000002677,setl_merchant_1_0077,bnk_000000000079,458.99,upi,0.00,0.00,4.59,2025-12-01,test,0
pay_00000000002736,setl_merchant_1_0077,bnk_000000000079,154.99,card,3.56,0.64,0.00,2025-12-01,test,0
pay_00000000002779,setl_merchant_1_0077,bnk_000000000079,752.40,upi,0.00,0.00,7.52,2025-12-01,test,0
pay_00000000002945,setl_merchant_1_0077,bnk_000000000079,1593.00,wallet,28.67,5.16,15.93,2025-12-01,test,0
pay_00000000003001,setl_merchant_1_0077,bnk_000000000079,792.34,card,18.22,3.28,7.92,2025-12-01,test,0
pay_00000000003022,setl_merchant_1_0077,bnk_000000000079,1085.14,upi,0.00,0.00,10.85,2025-12-01,test,0
pay_00000000003023,setl_merchant_1_0077,bnk_000000000079,495.50,card,11.40,2.05,0.00,2025-12-01,test,0
pay_00000000003093,setl_merchant_1_0077,bnk_000000000079,1044.22,card,24.02,4.32,10.44,2025-12-01,test,0
pay_00000000003123,setl_merchant_1_0077,bnk_000000000079,554.99,netbanking,15.00,2.70,5.55,2025-12-01,test,0
pay_00000000003280,setl_merchant_1_0077,bnk_000000000079,210.78,wallet,3.79,0.68,2.11,2025-12-01,test,0
pay_00000000003457,setl_merchant_1_0077,bnk_000000000079,2876.00,card,66.15,11.91,0.00,2025-12-01,test,0
pay_00000000003501,setl_merchant_1_0077,bnk_000000000079,2664.99,netbanking,15.00,2.70,26.65,2025-12-01,test,0
pay_00000000003548,setl_merchant_1_0077,bnk_000000000079,923.00,upi,0.00,0.00,9.23,2025-12-01,test,0
pay_00000000003558,setl_merchant_1_0077,bnk_000000000079,1186.00,card,27.28,4.91,11.86,2025-12-01,test,0
pay_00000000003868,setl_merchant_1_0077,bnk_000000000079,508.99,upi,0.00,0.00,5.09,2025-12-01,test,0
pay_00000000004086,setl_merchant_1_0077,bnk_000000000079,1060.59,upi,0.00,0.00,0.00,2025-12-01,test,0
pay_00000000004281,setl_merchant_1_0077,bnk_000000000079,14242.53,wallet,256.37,46.15,142.43,2025-12-01,test,0
pay_00000000004292,setl_merchant_1_0077,bnk_000000000079,316.99,netbanking,15.00,2.70,3.17,2025-12-01,test,0
pay_00000000004304,setl_merchant_1_0077,bnk_000000000079,822.78,upi,0.00,0.00,0.00,2025-12-01,test,0
pay_00000000004305,setl_merchant_1_0077,bnk_000000000079,607.32,upi,0.00,0.00,6.07,2025-12-01,test,0
pay_00000000004462,setl_merchant_1_0077,bnk_000000000079,479.99,card,11.04,1.99,4.80,2025-12-01,test,0
pay_00000000004624,setl_merchant_1_0077,bnk_000000000079,263.00,upi,0.00,0.00,0.00,2025-12-01,test,0
pay_00000000004630,setl_merchant_1_0077,bnk_000000000079,7594.99,card,174.68,31.44,75.95,2025-12-01,test,0
pay_00000000004745,setl_merchant_1_0077,bnk_000000000079,126.00,wallet,2.27,0.41,1.26,2025-12-01,test,0
pay_00000000004746,setl_merchant_1_0077,bnk_000000000079,427.00,netbanking,15.00,2.70,0.00,2025-12-01,test,0
pay_00000000004787,setl_merchant_1_0077,bnk_000000000079,654.54,upi,0.00,0.00,6.55,2025-12-01,test,0
pay_00000000004879,setl_merchant_1_0077,bnk_000000000079,895.62,upi,0.00,0.00,8.96,2025-12-01,test,0
pay_00000000004989,setl_merchant_1_0077,bnk_000000000079,1068.05,wallet,19.22,3.46,0.00,2025-12-01,test,0
pay_00000000000086,setl_merchant_1_0078,bnk_000000000080,960.00,card,22.08,3.97,9.60,2025-12-01,test,0
pay_00000000000302,setl_merchant_1_0078,bnk_000000000080,732.35,card,16.84,3.03,7.32,2025-12-01,test,0
pay_00000000000314,setl_merchant_1_0078,bnk_000000000080,781.00,card,17.96,3.23,7.81,2025-12-01,test,0
pay_00000000000604,setl_merchant_1_0078,bnk_000000000080,11784.06,upi,0.00,0.00,117.84,2025-12-01,test,0
pay_00000000000705,setl_merchant_1_0078,bnk_000000000080,973.09,upi,0.00,0.00,0.00,2025-12-01,test,0
pay_00000000000850,setl_merchant_1_0078,bnk_000000000080,697.88,netbanking,15.00,2.70,6.98,2025-12-01,test,0
pay_00000000000869,setl_merchant_1_0078,bnk_000000000080,723.98,card,16.65,3.00,7.24,2025-12-01,test,0
pay_00000000000981,setl_merchant_1_0078,bnk_000000000080,880.00,card,20.24,3.64,8.80,2025-12-01,test,0
pay_00000000001064,setl_merchant_1_0078,bnk_000000000080,465.05,netbanking,15.00,2.70,4.65,2025-12-01,test,0
pay_00000000001301,setl_merchant_1_0078,bnk_000000000080,305.00,wallet,5.49,0.99,0.00,2025-12-01,test,0
pay_00000000001426,setl_merchant_1_0078,bnk_000000000080,1907.99,card,43.88,7.90,0.00,2025-12-01,test,0
pay_00000000001462,setl_merchant_1_0078,bnk_000000000080,2217.65,upi,0.00,0.00,0.00,2025-12-01,test,0
pay_00000000001515,setl_merchant_1_0078,bnk_000000000080,287.78,wallet,5.18,0.93,2.88,2025-12-01,test,0
pay_00000000001518,setl_merchant_1_0078,bnk_000000000080,838.00,card,19.27,3.47,0.00,2025-12-01,test,0
pay_00000000001583,setl_merchant_1_0078,bnk_000000000080,886.17,card,20.38,3.67,8.86,2025-12-01,test,0
pay_00000000001777,setl_merchant_1_0078,bnk_000000000080,3361.26,card,77.31,13.92,33.61,2025-12-01,test,0
pay_00000000001797,setl_merchant_1_0078,bnk_000000000080,1834.89,card,42.20,7.60,18.35,2025-12-01,test,0
pay_00000000002099,setl_merchant_1_0078,bnk_000000000080,173.24,upi,0.00,0.00,0.00,2025-12-01,test,0
pay_00000000002118,setl_merchant_1_0078,bnk_000000000080,273.00,upi,0.00,0.00,0.00,2025-12-01,test,0
pay_00000000002167,setl_merchant_1_0078,bnk_000000000080,1456.72,upi,0.00,0.00,0.00,2025-12-01,test,0
pay_00000000002237,setl_merchant_1_0078,bnk_000000000080,1264.00,upi,0.00,0.00,12.64,2025-12-01,test,0
pay_00000000002284,setl_merchant_1_0078,bnk_000000000080,152.99,upi,0.00,0.00,0.00,2025-12-01,test,0
pay_00000000002331,setl_merchant_1_0078,bnk_000000000080,578.66,upi,0.00,0.00,5.79,2025-12-01,test,0
pay_00000000002369,setl_merchant_1_0078,bnk_000000000080,1060.13,wallet,19.08,3.43,10.60,2025-12-01,test,0
pay_00000000002571,setl_merchant_1_0078,bnk_000000000080,556.00,upi,0.00,0.00,5.56,2025-12-01,test,0
pay_00000000002637,setl_merchant_1_0078,bnk_000000000080,1036.22,netbanking,15.00,2.70,0.00,2025-12-01,test,0
pay_00000000002655,setl_merchant_1_0078,bnk_000000000080,420.99,card,9.68,1.74,0.00,2025-12-01,test,0
pay_00000000002780,setl_merchant_1_0078,bnk_000000000080,582.55,card,13.40,2.41,5.83,2025-12-01,test,0
pay_00000000002792,setl_merchant_1_0078,bnk_000000000080,259.00,card,5.96,1.07,2.59,2025-12-01,test,0
pay_00000000002885,setl_merchant_1_0078,bnk_000000000080,1146.00,upi,0.00,0.00,0.00,2025-12-01,test,0
pay_00000000002891,setl_merchant_1_0078,bnk_000000000080,124.00,card,2.85,0.51,1.24,2025-12-01,test,0
pay_00000000002894,setl_merchant_1_0078,bnk_000000000080,305.89,upi,0.00,0.00,3.06,2025-12-01,test,0
pay_00000000002965,setl_merchant_1_0078,bnk_000000000080,550.98,upi,0.00,0.00,5.51,2025-12-01,test,0
pay_00000000003053,setl_merchant_1_0078,bnk_000000000080,406.03,upi,0.00,0.00,4.06,2025-12-01,test,0
pay_00000000003055,setl_merchant_1_0078,bnk_000000000080,2282.00,wallet,41.08,7.39,0.00,2025-12-01,test,0
pay_00000000003089,setl_merchant_1_0078,bnk_000000000080,133.99,upi,0.00,0.00,0.00,2025-12-01,test,0
pay_00000000003193,setl_merchant_1_0078,bnk_000000000080,314.99,upi,0.00,0.00,3.15,2025-12-01,test,0
pay_00000000003275,setl_merchant_1_0078,bnk_000000000080,343.48,upi,0.00,0.00,3.43,2025-12-01,test,0
pay_00000000003313,setl_merchant_1_0078,bnk_000000000080,279.06,card,6.42,1.16,2.79,2025-12-01,test,0
pay_00000000003462,setl_merchant_1_0078,bnk_000000000080,1021.36,upi,0.00,0.00,0.00,2025-12-01,test,0
pay_00000000003473,setl_merchant_1_0078,bnk_000000000080,459.00,wallet,8.26,1.49,0.00,2025-12-01,test,0
pay_00000000003516,setl_merchant_1_0078,bnk_000000000080,680.15,card,15.64,2.82,0.00,2025-12-01,test,0
pay_00000000003687,setl_merchant_1_0078,bnk_000000000080,850.00,card,19.55,3.52,8.50,2025-12-01,test,0
pay_00000000003727,setl_merchant_1_0078,bnk_000000000080,1219.00,upi,0.00,0.00,12.19,2025-12-01,test,0
pay_00000000003822,setl_merchant_1_0078,bnk_000000000080,10434.00,upi,0.00,0.00,104.34,2025-12-01,test,0
pay_00000000003829,setl_merchant_1_0078,bnk_000000000080,337.17,netbanking,15.00,2.70,0.00,2025-12-01,test,0
pay_00000000003905,setl_merchant_1_0078,bnk_000000000080,930.32,upi,0.00,0.00,9.30,2025-12-01,test,0
pay_00000000004099,setl_merchant_1_0078,bnk_000000000080,827.96,upi,0.00,0.00,8.28,2025-12-01,test,0
pay_00000000004164,setl_merchant_1_0078,bnk_000000000080,9886.99,wallet,177.97,32.03,0.00,2025-12-01,test,0
pay_00000000004302,setl_merchant_1_0078,bnk_000000000080,410.99,card,9.45,1.70,0.00,2025-12-01,test,0
pay_00000000004331,setl_merchant_1_0078,bnk_000000000080,417.99,upi,0.00,0.00,0.00,2025-12-01,test,0
pay_00000000004335,setl_merchant_1_0078,bnk_000000000080,834.99,card,19.20,3.46,8.35,2025-12-01,test,0
pay_00000000004381,setl_merchant_1_0078,bnk_000000000080,2519.00,card,57.94,10.43,25.19,2025-12-01,test,0
pay_00000000004523,setl_merchant_1_0078,bnk_000000000080,12283.00,upi,0.00,0.00,122.83,2025-12-01,test,0
pay_00000000004556,setl_merchant_1_0078,bnk_000000000080,636.27,upi,0.00,0.00,6.36,2025-12-01,test,0
pay_00000000004576,setl_merchant_1_0078,bnk_000000000080,2548.26,upi,0.00,0.00,25.48,2025-12-01,test,0
pay_00000000004660,setl_merchant_1_0078,bnk_000000000080,916.99,card,21.09,3.80,0.00,2025-12-01,test,0
pay_00000000004713,setl_merchant_1_0078,bnk_000000000080,1151.70,upi,0.00,0.00,11.52,2025-12-01,test,0
pay_00000000004765,setl_merchant_1_0078,bnk_000000000080,641.93,wallet,11.55,2.08,6.42,2025-12-01,test,0
pay_00000000004835,setl_merchant_1_0078,bnk_000000000080,310.89,card,7.15,1.29,3.11,2025-12-01,test,0
pay_00000000004843,setl_merchant_1_0078,bnk_000000000080,298.22,upi,0.00,0.00,0.00,2025-12-01,test,0
pay_00000000004988,setl_merchant_1_0078,bnk_000000000080,366.00,upi,0.00,0.00,0.00,2025-12-01,test,0
pay_00000000000048,setl_merchant_1_0079,bnk_000000000081,6460.04,card,148.58,26.74,64.60,2025-12-02,test,0
pay_00000000000346,setl_merchant_1_0079,bnk_000000000081,408.08,card,9.39,1.69,0.00,2025-12-02,test,0
pay_00000000000567,setl_merchant_1_0079,bnk_000000000081,2329.00,upi,0.00,0.00,0.00,2025-12-02,test,0
pay_00000000001194,setl_merchant_1_0079,bnk_000000000081,171.00,card,3.93,0.71,1.71,2025-12-02,test,0
pay_00000000001946,setl_merchant_1_0079,bnk_000000000081,261.24,upi,0.00,0.00,2.61,2025-12-02,test,0
pay_00000000002304,setl_merchant_1_0079,bnk_000000000081,995.99,upi,0.00,0.00,0.00,2025-12-02,test,0
pay_00000000002463,setl_merchant_1_0079,bnk_000000000081,375.00,upi,0.00,0.00,0.00,2025-12-02,test,0
pay_00000000003046,setl_merchant_1_0079,bnk_000000000081,280.97,upi,0.00,0.00,0.00,2025-12-02,test,0
pay_00000000003130,setl_merchant_1_0079,bnk_000000000081,891.86,card,20.51,3.69,8.92,2025-12-02,test,0
pay_00000000003168,setl_merchant_1_0079,bnk_000000000081,538.00,upi,0.00,0.00,5.38,2025-12-02,test,0
pay_00000000003171,setl_merchant_1_0079,bnk_000000000081,541.16,card,12.45,2.24,5.41,2025-12-02,test,0
pay_00000000003228,setl_merchant_1_0079,bnk_000000000081,2440.76,netbanking,15.00,2.70,24.41,2025-12-02,test,0
pay_00000000003328,setl_merchant_1_0079,bnk_000000000081,213.00,upi,0.00,0.00,0.00,2025-12-02,test,0
pay_00000000003535,setl_merchant_1_0079,bnk_000000000081,841.23,card,19.35,3.48,0.00,2025-12-02,test,0
pay_00000000003684,setl_merchant_1_0079,bnk_000000000081,647.50,upi,0.00,0.00,6.48,2025-12-02,test,0
pay_00000000003756,setl_merchant_1_0079,bnk_000000000081,659.03,upi,0.00,0.00,6.59,2025-12-02,test,0
pay_00000000003904,setl_merchant_1_0079,bnk_000000000081,286.96,upi,0.00,0.00,0.00,2025-12-02,test,0
pay_00000000004082,setl_merchant_1_0079,bnk_000000000081,909.99,upi,0.00,0.00,0.00,2025-12-02,test,0
pay_00000000004569,setl_merchant_1_0079,bnk_000000000081,632.35,card,14.54,2.62,0.00,2025-12-02,test,0
pay_00000000004858,setl_merchant_1_0079,bnk_000000000081,708.11,upi,0.00,0.00,0.00,2025-12-02,test,0
pay_00000000004992,setl_merchant_1_0079,bnk_000000000081,832.00,upi,0.00,0.00,0.00,2025-12-02,test,0
pay_00000000000236,setl_merchant_1_0080,bnk_000000000082,1705.00,upi,0.00,0.00,17.05,2025-12-02,test,0
pay_00000000000306,setl_merchant_1_0080,bnk_000000000082,2786.48,upi,0.00,0.00,0.00,2025-12-02,test,0
pay_00000000000364,setl_merchant_1_0080,bnk_000000000082,796.60,upi,0.00,0.00,0.00,2025-12-02,test,0
pay_00000000000486,setl_merchant_1_0080,bnk_000000000082,2060.99,wallet,37.10,6.68,0.00,2025-12-02,test,0
pay_00000000000613,setl_merchant_1_0080,bnk_000000000082,637.00,upi,0.00,0.00,6.37,2025-12-02,test,0
pay_00000000000998,setl_merchant_1_0080,bnk_000000000082,415.22,upi,0.00,0.00,4.15,2025-12-02,test,0
pay_00000000001030,setl_merchant_1_0080,bnk_000000000082,1934.00,upi,0.00,0.00,19.34,2025-12-02,test,0
pay_00000000001156,setl_merchant_1_0080,bnk_000000000082,381.00,card,8.76,1.58,0.00,2025-12-02,test,0
pay_00000000001221,setl_merchant_1_0080,bnk_000000000082,916.00,upi,0.00,0.00,0.00,2025-12-02,test,0
pay_00000000001263,setl_merchant_1_0080,bnk_000000000082,636.75,netbanking,15.00,2.70,6.37,2025-12-02,test,0
pay_00000000001512,setl_merchant_1_0080,bnk_000000000082,3358.55,card,77.25,13.91,33.59,2025-12-02,test,0
pay_00000000001626,setl_merchant_1_0080,bnk_000000000082,698.00,upi,0.00,0.00,0.00,2025-12-02,test,0
pay_00000000001855,setl_merchant_1_0080,bnk_000000000082,578.00,upi,0.00,0.00,0.00,2025-12-02,test,0
pay_00000000001950,setl_merchant_1_0080,bnk_000000000082,715.99,upi,0.00,0.00,7.16,2025-12-02,test,0
pay_00000000002193,setl_merchant_1_0080,bnk_000000000082,124.07,upi,0.00,0.00,0.00,2025-12-02,test,0
pay_00000000002277,setl_merchant_1_0080,bnk_000000000082,470.20,upi,0.00,0.00,4.70,2025-12-02,test,0
pay_00000000002398,setl_merchant_1_0080,bnk_000000000082,330.99,upi,0.00,0.00,0.00,2025-12-02,test,0
pay_00000000002418,setl_merchant_1_0080,bnk_000000000082,847.99,card,19.50,3.51,0.00,2025-12-02,test,0
pay_00000000002439,setl_merchant_1_0080,bnk_000000000082,946.95,upi,0.00,0.00,0.00,2025-12-02,test,0
pay_00000000002565,setl_merchant_1_0080,bnk_000000000082,2673.00,upi,0.00,0.00,0.00,2025-12-02,test,0
pay_00000000002620,setl_merchant_1_0080,bnk_000000000082,3175.00,wallet,57.15,10.29,0.00,2025-12-02,test,0
pay_00000000002817,setl_merchant_1_0080,bnk_000000000082,840.00,upi,0.00,0.00,0.00,2025-12-02,test,0
pay_00000000002886,setl_merchant_1_0080,bnk_000000000082,154.31,upi,0.00,0.00,0.00,2025-12-02,test,0
pay_00000000002972,setl_merchant_1_0080,bnk_000000000082,786.00,upi,0.00,0.00,7.86,2025-12-02,test,0
pay_00000000003121,setl_merchant_1_0080,bnk_000000000082,150.97,netbanking,15.00,2.70,1.51,2025-12-02,test,0
pay_00000000003301,setl_merchant_1_0080,bnk_000000000082,9497.59,upi,0.00,0.00,0.00,2025-12-02,test,0
pay_00000000003707,setl_merchant_1_0080,bnk_000000000082,346.00,upi,0.00,0.00,3.46,2025-12-02,test,0
pay_00000000003742,setl_merchant_1_0080,bnk_000000000082,349.99,upi,0.00,0.00,0.00,2025-12-02,test,0
pay_00000000003787,setl_merchant_1_0080,bnk_000000000082,1327.99,upi,0.00,0.00,13.28,2025-12-02,test,0
pay_00000000003837,setl_merchant_1_0080,bnk_000000000082,797.34,upi,0.00,0.00,7.97,2025-12-02,test,0
pay_00000000004011,setl_merchant_1_0080,bnk_000000000082,601.35,upi,0.00,0.00,6.01,2025-12-02,test,0
pay_00000000004071,setl_merchant_1_0080,bnk_000000000082,774.16,upi,0.00,0.00,7.74,2025-12-02,test,0
pay_00000000004191,setl_merchant_1_0080,bnk_000000000082,1032.65,upi,0.00,0.00,10.33,2025-12-02,test,0
pay_00000000004291,setl_merchant_1_0080,bnk_000000000082,242.00,card,5.57,1.00,0.00,2025-12-02,test,0
pay_00000000004407,setl_merchant_1_0080,bnk_000000000082,3276.00,upi,0.00,0.00,0.00,2025-12-02,test,0
pay_00000000004598,setl_merchant_1_0080,bnk_000000000082,995.99,wallet,17.93,3.23,0.00,2025-12-02,test,0
pay_00000000004750,setl_merchant_1_0080,bnk_000000000082,711.04,upi,0.00,0.00,7.11,2025-12-02,test,0
pay_00000000004929,setl_merchant_1_0080,bnk_000000000082,336.00,card,7.73,1.39,0.00,2025-12-02,test,0
pay_00000000000043,setl_merchant_1_0081,bnk_000000000083,798.30,wallet,14.37,2.59,7.98,2025-12-02,test,0
pay_00000000000449,setl_merchant_1_0081,bnk_000000000083,2748.99,upi,0.00,0.00,27.49,2025-12-02,test,0
pay_00000000000465,setl_merchant_1_0081,bnk_000000000083,1012.19,card,23.28,4.19,0.00,2025-12-02,test,0
pay_00000000000633,setl_merchant_1_0081,bnk_000000000083,1911.54,card,43.97,7.91,0.00,2025-12-02,test,0
pay_00000000000774,setl_merchant_1_0081,bnk_000000000083,1900.00,card,43.70,7.87,0.00,2025-12-02,test,0
pay_00000000000777,setl_merchant_1_0081,bnk_000000000083,172.27,netbanking,15.00,2.70,1.72,2025-12-02,test,0
pay_00000000000782,setl_merchant_1_0081,bnk_000000000083,636.94,upi,0.00,0.00,6.37,2025-12-02,test,0
pay_00000000000972,setl_merchant_1_0081,bnk_000000000083,2643.61,card,60.80,10.94,26.44,2025-12-02,test,0
pay_00000000000989,setl_merchant_1_0081,bnk_000000000083,777.00,wallet,13.99,2.52,7.77,2025-12-02,test,0
pay_00000000001021,setl_merchant_1_0081,bnk_000000000083,142.28,wallet,2.56,0.46,1.42,2025-12-02,test,0
pay_00000000001060,setl_merchant_1_0081,bnk_000000000083,380.00,upi,0.00,0.00,3.80,2025-12-02,test,0
pay_00000000001185,setl_merchant_1_0081,bnk_000000000083,3535.62,wallet,63.64,11.46,35.36,2025-12-02,test,0
pay_00000000001283,setl_merchant_1_0081,bnk_000000000083,808.00,card,18.58,3.34,8.08,2025-12-02,test,0
pay_00000000001287,setl_merchant_1_0081,bnk_000000000083,564.99,upi,0.00,0.00,0.00,2025-12-02,test,0
pay_00000000001311,setl_merchant_1_0081,bnk_000000000083,103.00,wallet,1.85,0.33,1.03,2025-12-02,test,0
pay_00000000001398,setl_merchant_1_0081,bnk_000000000083,301.54,card,6.94,1.25,3.02,2025-12-02,test,0
pay_00000000001436,setl_merchant_1_0081,bnk_000000000083,3029.00,upi,0.00,0.00,30.29,2025-12-02,test,0
pay_00000000001452,setl_merchant_1_0081,bnk_000000000083,1173.34,netbanking,15.00,2.70,0.00,2025-12-02,test,0
pay_00000000001793,setl_merchant_1_0081,bnk_000000000083,282.99,upi,0.00,0.00,2.83,2025-12-02,test,0
pay_00000000001987,setl_merchant_1_0081,bnk_000000000083,325.28,upi,0.00,0.00,3.25,2025-12-02,test,0
pay_00000000002069,setl_merchant_1_0081,bnk_000000000083,664.74,card,15.29,2.75,0.00,2025-12-02,test,0
pay_00000000002085,setl_merchant_1_0081,bnk_000000000083,3491.00,upi,0.00,0.00,34.91,2025-12-02,test,0
pay_00000000002127,setl_merchant_1_0081,bnk_000000000083,628.00,upi,0.00,0.00,0.00,2025-12-02,test,0
pay_00000000002337,setl_merchant_1_0081,bnk_000000000083,736.14,upi,0.00,0.00,7.36,2025-12-02,test,0
pay_00000000002641,setl_merchant_1_0081,bnk_000000000083,541.99,card,12.47,2.24,0.00,2025-12-02,test,0
pay_00000000002680,setl_merchant_1_0081,bnk_000000000083,144.56,upi,0.00,0.00,1.45,2025-12-02,test,0
pay_00000000002993,setl_merchant_1_0081,bnk_000000000083,1003.76,card,23.09,4.16,10.04,2025-12-02,test,0
pay_00000000002999,setl_merchant_1_0081,bnk_000000000083,577.08,netbanking,15.00,2.70,5.77,2025-12-02,test,0
pay_00000000003031,setl_merchant_1_0081,bnk_000000000083,11819.99,card,271.86,48.93,0.00,2025-12-02,test,0
pay_00000000003051,setl_merchant_1_0081,bnk_000000000083,753.44,upi,0.00,0.00,7.53,2025-12-02,test,0
pay_00000000003073,setl_merchant_1_0081,bnk_000000000083,1014.00,card,23.32,4.20,0.00,2025-12-02,test,0
pay_00000000003162,setl_merchant_1_0081,bnk_000000000083,315.99,upi,0.00,0.00,3.16,2025-12-02,test,0
pay_00000000003201,setl_merchant_1_0081,bnk_000000000083,626.99,netbanking,15.00,2.70,0.00,2025-12-02,test,0
pay_00000000003304,setl_merchant_1_0081,bnk_000000000083,490.00,upi,0.00,0.00,4.90,2025-12-02,test,0
pay_00000000003409,setl_merchant_1_0081,bnk_000000000083,101.01,upi,0.00,0.00,0.00,2025-12-02,test,0
pay_00000000003414,setl_merchant_1_0081,bnk_000000000083,454.15,upi,0.00,0.00,0.00,2025-12-02,test,0
pay_00000000003424,setl_merchant_1_0081,bnk_000000000083,892.01,upi,0.00,0.00,0.00,2025-12-02,test,0
pay_00000000003492,setl_merchant_1_0081,bnk_000000000083,3351.19,upi,0.00,0.00,0.00,2025-12-02,test,0
pay_00000000003519,setl_merchant_1_0081,bnk_000000000083,968.00,netbanking,15.00,2.70,9.68,2025-12-02,test,0
pay_00000000003534,setl_merchant_1_0081,bnk_000000000083,785.68,upi,0.00,0.00,7.86,2025-12-02,test,0
pay_00000000003637,setl_merchant_1_0081,bnk_000000000083,759.39,card,17.47,3.14,0.00,2025-12-02,test,0
pay_00000000003714,setl_merchant_1_0081,bnk_000000000083,934.00,card,21.48,3.87,9.34,2025-12-02,test,0
pay_00000000003830,setl_merchant_1_0081,bnk_000000000083,845.00,upi,0.00,0.00,8.45,2025-12-02,test,0
pay_00000000003861,setl_merchant_1_0081,bnk_000000000083,719.32,upi,0.00,0.00,7.19,2025-12-02,test,0
pay_00000000003871,setl_merchant_1_0081,bnk_000000000083,739.89,card,17.02,3.06,0.00,2025-12-02,test,0
pay_00000000003939,setl_merchant_1_0081,bnk_000000000083,1078.00,upi,0.00,0.00,0.00,2025-12-02,test,0
pay_00000000004044,setl_merchant_1_0081,bnk_000000000083,342.23,wallet,6.16,1.11,3.42,2025-12-02,test,0
pay_00000000004118,setl_merchant_1_0081,bnk_000000000083,620.40,upi,0.00,0.00,6.20,2025-12-02,test,0
pay_00000000004244,setl_merchant_1_0081,bnk_000000000083,902.96,upi,0.00,0.00,9.03,2025-12-02,test,0
pay_00000000004354,setl_merchant_1_0081,bnk_000000000083,971.04,card,22.33,4.02,0.00,2025-12-02,test,0
pay_00000000004513,setl_merchant_1_0081,bnk_000000000083,531.81,upi,0.00,0.00,5.32,2025-12-02,test,0
pay_00000000004529,setl_merchant_1_0081,bnk_000000000083,565.92,upi,0.00,0.00,5.66,2025-12-02,test,0
pay_00000000004533,setl_merchant_1_0081,bnk_000000000083,1806.03,upi,0.00,0.00,0.00,2025-12-02,test,0
pay_00000000004558,setl_merchant_1_0081,bnk_000000000083,1038.38,card,23.88,4.30,0.00,2025-12-02,test,0
pay_00000000004621,setl_merchant_1_0081,bnk_000000000083,961.99,upi,0.00,0.00,9.62,2025-12-02,test,0
pay_00000000004876,setl_merchant_1_0081,bnk_000000000083,1033.99,upi,0.00,0.00,0.00,2025-12-02,test,0
pay_00000000004948,setl_merchant_1_0081,bnk_000000000083,3751.72,upi,0.00,0.00,37.52,2025-12-02,test,0
pay_00000000004958,setl_merchant_1_0081,bnk_000000000083,10266.34,upi,0.00,0.00,102.66,2025-12-02,test,0
pay_00000000004974,setl_merchant_1_0081,bnk_000000000083,460.00,upi,0.00,0.00,0.00,2025-12-02,test,0
pay_00000000000094,setl_merchant_1_0082,bnk_000000000084,873.99,upi,0.00,0.00,0.00,2025-12-02,test,0
pay_00000000000157,setl_merchant_1_0082,bnk_000000000084,546.97,wallet,9.85,1.77,5.47,2025-12-02,test,0
pay_00000000000384,setl_merchant_1_0082,bnk_000000000084,197.99,card,4.55,0.82,1.98,2025-12-02,test,0
pay_00000000000445,setl_merchant_1_0082,bnk_000000000084,1962.00,card,45.13,8.12,19.62,2025-12-02,test,0
pay_00000000000459,setl_merchant_1_0082,bnk_000000000084,120.00,upi,0.00,0.00,1.20,2025-12-02,test,0
pay_00000000000469,setl_merchant_1_0082,bnk_000000000084,2881.00,netbanking,15.00,2.70,28.81,2025-12-02,test,0
pay_00000000000598,setl_merchant_1_0082,bnk_000000000084,789.00,upi,0.00,0.00,0.00,2025-12-02,test,0
pay_00000000000639,setl_merchant_1_0082,bnk_000000000084,767.08,wallet,13.81,2.49,7.67,2025-12-02,test,0
pay_00000000000691,setl_merchant_1_0082,bnk_000000000084,818.40,upi,0.00,0.00,8.18,2025-12-02,test,0
pay_00000000000748,setl_merchant_1_0082,bnk_000000000084,352.99,wallet,6.35,1.14,3.53,2025-12-02,test,0
pay_00000000000813,setl_merchant_1_0082,bnk_000000000084,727.00,upi,0.00,0.00,0.00,2025-12-02,test,0
pay_00000000000897,setl_merchant_1_0082,bnk_000000000084,852.00,card,19.60,3.53,8.52,2025-12-02,test,0
pay_00000000000913,setl_merchant_1_0082,bnk_000000000084,368.80,wallet,6.64,1.20,0.00,2025-12-02,test,0
pay_00000000000927,setl_merchant_1_0082,bnk_000000000084,665.00,card,15.30,2.75,6.65,2025-12-02,test,0
pay_00000000000985,setl_merchant_1_0082,bnk_000000000084,1553.90,card,35.74,6.43,15.54,2025-12-02,test,0
pay_00000000001079,setl_merchant_1_0082,bnk_000000000084,900.95,upi,0.00,0.00,9.01,2025-12-02,test,0
pay_00000000001250,setl_merchant_1_0082,bnk_000000000084,634.30,upi,0.00,0.00,6.34,2025-12-02,test,0
pay_00000000001252,setl_merchant_1_0082,bnk_000000000084,164.00,upi,0.00,0.00,1.64,2025-12-02,test,0
pay_00000000001286,setl_merchant_1_0082,bnk_000000000084,469.57,upi,0.00,0.00,4.70,2025-12-02,test,0
pay_00000000001434,setl_merchant_1_0082,bnk_000000000084,505.99,upi,0.00,0.00,0.00,2025-12-02,test,0
pay_00000000001619,setl_merchant_1_0082,bnk_000000000084,738.55,upi,0.00,0.00,0.00,2025-12-02,test,0
pay_00000000001805,setl_merchant_1_0082,bnk_000000000084,368.44,card,8.47,1.52,0.00,2025-12-02,test,0
pay_00000000001824,setl_merchant_1_0082,bnk_000000000084,619.99,upi,0.00,0.00,0.00,2025-12-02,test,0
pay_00000000002001,setl_merchant_1_0082,bnk_000000000084,875.43,card,20.13,3.62,0.00,2025-12-02,test,0
pay_00000000002070,setl_merchant_1_0082,bnk_000000000084,2771.73,upi,0.00,0.00,27.72,2025-12-02,test,0
pay_00000000002105,setl_merchant_1_0082,bnk_000000000084,324.00,upi,0.00,0.00,3.24,2025-12-02,test,0
pay_00000000002243,setl_merchant_1_0082,bnk_000000000084,636.41,upi,0.00,0.00,0.00,2025-12-02,test,0
pay_00000000002409,setl_merchant_1_0082,bnk_000000000084,933.86,wallet,16.81,3.03,0.00,2025-12-02,test,0
pay_00000000002490,setl_merchant_1_0082,bnk_000000000084,750.21,upi,0.00,0.00,7.50,2025-12-02,test,0
pay_00000000002661,setl_merchant_1_0082,bnk_000000000084,854.99,wallet,15.39,2.77,8.55,2025-12-02,test,0
pay_00000000002801,setl_merchant_1_0082,bnk_000000000084,3457.84,upi,0.00,0.00,0.00,2025-12-02,test,0
pay_00000000002846,setl_merchant_1_0082,bnk_000000000084,877.99,card,20.19,3.63,8.78,2025-12-02,test,0
pay_00000000002859,setl_merchant_1_0082,bnk_000000000084,2302.31,upi,0.00,0.00,23.02,2025-12-02,test,0
pay_00000000002943,setl_merchant_1_0082,bnk_000000000084,537.82,upi,0.00,0.00,5.38,2025-12-02,test,0
pay_00000000003141,setl_merchant_1_0082,bnk_000000000084,1389.00,upi,0.00,0.00,0.00,2025-12-02,test,0
pay_00000000003161,setl_merchant_1_0082,bnk_000000000084,213.69,upi,0.00,0.00,2.14,2025-12-02,test,0
pay_00000000003248,setl_merchant_1_0082,bnk_000000000084,1531.00,upi,0.00,0.00,0.00,2025-12-02,test,0
pay_00000000003288,setl_merchant_1_0082,bnk_000000000084,225.17,upi,0.00,0.00,2.25,2025-12-02,test,0
pay_00000000003377,setl_merchant_1_0082,bnk_000000000084,366.99,upi,0.00,0.00,0.00,2025-12-02,test,0
pay_00000000003518,setl_merchant_1_0082,bnk_000000000084,977.00,upi,0.00,0.00,9.77,2025-12-02,test,0
pay_00000000003524,setl_merchant_1_0082,bnk_000000000084,362.00,card,8.33,1.50,3.62,2025-12-02,test,0
pay_00000000003662,setl_merchant_1_0082,bnk_000000000084,684.19,wallet,12.32,2.22,6.84,2025-12-02,test,0
pay_00000000003731,setl_merchant_1_0082,bnk_000000000084,397.00,upi,0.00,0.00,3.97,2025-12-02,test,0
pay_00000000003758,setl_merchant_1_0082,bnk_000000000084,785.00,upi,0.00,0.00,7.85,2025-12-02,test,0
pay_00000000003875,setl_merchant_1_0082,bnk_000000000084,1072.16,card,24.66,4.44,0.00,2025-12-02,test,0
pay_00000000003912,setl_merchant_1_0082,bnk_000000000084,893.00,wallet,16.07,2.89,0.00,2025-12-02,test,0
pay_00000000003977,setl_merchant_1_0082,bnk_000000000084,700.00,wallet,12.60,2.27,7.00,2025-12-02,test,0
pay_00000000004190,setl_merchant_1_0082,bnk_000000000084,1002.87,upi,0.00,0.00,0.00,2025-12-02,test,0
pay_00000000004243,setl_merchant_1_0082,bnk_000000000084,238.00,card,5.47,0.98,2.38,2025-12-02,test,0
pay_00000000004252,setl_merchant_1_0082,bnk_000000000084,475.69,card,10.94,1.97,0.00,2025-12-02,test,0
pay_00000000004269,setl_merchant_1_0082,bnk_000000000084,781.90,upi,0.00,0.00,7.82,2025-12-02,test,0
pay_00000000004270,setl_merchant_1_0082,bnk_000000000084,410.11,upi,0.00,0.00,4.10,2025-12-02,test,0
pay_00000000004695,setl_merchant_1_0082,bnk_000000000084,119.87,upi,0.00,0.00,1.20,2025-12-02,test,0
pay_00000000004761,setl_merchant_1_0082,bnk_000000000084,1628.20,upi,0.00,0.00,0.00,2025-12-02,test,0
pay_00000000004797,setl_merchant_1_0082,bnk_000000000084,588.99,upi,0.00,0.00,0.00,2025-12-02,test,0
pay_00000000004816,setl_merchant_1_0082,bnk_000000000084,397.99,netbanking,15.00,2.70,3.98,2025-12-02,test,0
pay_00000000004836,setl_merchant_1_0082,bnk_000000000084,668.11,upi,0.00,0.00,6.68,2025-12-02,test,0
pay_00000000000308,setl_merchant_1_0083,bnk_000000000085,477.99,card,10.99,1.98,4.78,2025-12-03,test,0
pay_00000000000556,setl_merchant_1_0083,bnk_000000000085,14592.80,upi,0.00,0.00,145.93,2025-12-03,test,0
pay_00000000000755,setl_merchant_1_0083,bnk_000000000085,917.76,upi,0.00,0.00,9.18,2025-12-03,test,0
pay_00000000001733,setl_merchant_1_0083,bnk_000000000085,905.75,upi,0.00,0.00,0.00,2025-12-03,test,0
pay_00000000001809,setl_merchant_1_0083,bnk_000000000085,416.00,upi,0.00,0.00,0.00,2025-12-03,test,0
pay_00000000001861,setl_merchant_1_0083,bnk_000000000085,959.91,upi,0.00,0.00,0.00,2025-12-03,test,0
pay_00000000002357,setl_merchant_1_0083,bnk_000000000085,497.84,wallet,8.96,1.61,4.98,2025-12-03,test,0
pay_00000000002360,setl_merchant_1_0083,bnk_000000000085,223.98,card,5.15,0.93,0.00,2025-12-03,test,0
pay_00000000002923,setl_merchant_1_0083,bnk_000000000085,301.99,card,6.95,1.25,0.00,2025-12-03,test,0
pay_00000000003347,setl_merchant_1_0083,bnk_000000000085,785.00,card,18.06,3.25,0.00,2025-12-03,test,0
pay_00000000003453,setl_merchant_1_0083,bnk_000000000085,625.00,upi,0.00,0.00,6.25,2025-12-03,test,0
pay_00000000004006,setl_merchant_1_0083,bnk_000000000085,3118.99,card,71.74,12.91,0.00,2025-12-03,test,0
pay_00000000004902,setl_merchant_1_0083,bnk_000000000085,2363.00,upi,0.00,0.00,23.63,2025-12-03,test,0
pay_00000000000042,setl_merchant_1_0084,bnk_000000000086,112.00,card,2.58,0.46,0.00,2025-12-03,test,0
pay_00000000000092,setl_merchant_1_0084,bnk_000000000086,3503.93,upi,0.00,0.00,35.04,2025-12-03,test,0
pay_00000000000138,setl_merchant_1_0084,bnk_000000000086,409.91,netbanking,15.00,2.70,4.10,2025-12-03,test,0
pay_00000000000149,setl_merchant_1_0084,bnk_000000000086,715.71,netbanking,15.00,2.70,7.16,2025-12-03,test,0
pay_00000000000152,setl_merchant_1_0084,bnk_000000000086,1617.99,upi,0.00,0.00,16.18,2025-12-03,test,0
pay_00000000000571,setl_merchant_1_0084,bnk_000000000086,469.06,upi,0.00,0.00,4.69,2025-12-03,test,0
pay_00000000000574,setl_merchant_1_0084,bnk_000000000086,1679.55,netbanking,15.00,2.70,0.00,2025-12-03,test,0
pay_00000000000607,setl_merchant_1_0084,bnk_000000000086,409.99,wallet,7.38,1.33,0.00,2025-12-03,test,0
pay_00000000000692,setl_merchant_1_0084,bnk_000000000086,993.27,wallet,17.88,3.22,0.00,2025-12-03,test,0
pay_00000000000829,setl_merchant_1_0084,bnk_000000000086,549.00,upi,0.00,0.00,5.49,2025-12-03,test,0
pay_00000000001289,setl_merchant_1_0084,bnk_000000000086,941.99,upi,0.00,0.00,0.00,2025-12-03,test,0
pay_00000000001368,setl_merchant_1_0084,bnk_000000000086,779.99,upi,0.00,0.00,0.00,2025-12-03,test,0
pay_00000000001477,setl_merchant_1_0084,bnk_000000000086,957.10,card,22.01,3.96,9.57,2025-12-03,test,0
pay_00000000001544,setl_merchant_1_0084,bnk_000000000086,1667.77,card,38.36,6.90,0.00,2025-12-03,test,0
pay_00000000001577,setl_merchant_1_0084,bnk_000000000086,595.00,upi,0.00,0.00,0.00,2025-12-03,test,0
pay_00000000001801,setl_merchant_1_0084,bnk_000000000086,1256.28,card,28.89,5.20,0.00,2025-12-03,test,0
pay_00000000001915,setl_merchant_1_0084,bnk_000000000086,780.99,netbanking,15.00,2.70,0.00,2025-12-03,test,0
pay_00000000002143,setl_merchant_1_0084,bnk_000000000086,2699.44,netbanking,15.00,2.70,26.99,2025-12-03,test,0
pay_00000000002298,setl_merchant_1_0084,bnk_000000000086,981.99,card,22.59,4.07,0.00,2025-12-03,test,0
pay_00000000002481,setl_merchant_1_0084,bnk_000000000086,2637.00,card,60.65,10.92,26.37,2025-12-03,test,0
pay_00000000003203,setl_merchant_1_0084,bnk_000000000086,3514.00,card,80.82,14.55,35.14,2025-12-03,test,0
pay_00000000003233,setl_merchant_1_0084,bnk_000000000086,183.65,card,4.22,0.76,0.00,2025-12-03,test,0
pay_00000000003495,setl_merchant_1_0084,bnk_000000000086,880.65,wallet,15.85,2.85,0.00,2025-12-03,test,0
pay_00000000003527,setl_merchant_1_0084,bnk_000000000086,2321.77,wallet,41.79,7.52,0.00,2025-12-03,test,0
pay_00000000003555,setl_merchant_1_0084,bnk_000000000086,2476.98,card,56.97,10.25,24.77,2025-12-03,test,0
pay_00000000003994,setl_merchant_1_0084,bnk_000000000086,945.11,card,21.74,3.91,9.45,2025-12-03,test,0
pay_00000000004146,setl_merchant_1_0084,bnk_000000000086,936.64,card,21.54,3.88,0.00,2025-12-03,test,0
pay_00000000004237,setl_merchant_1_0084,bnk_000000000086,1834.88,upi,0.00,0.00,0.00,2025-12-03,test,0
pay_00000000004282,setl_merchant_1_0084,bnk_000000000086,17153.62,upi,0.00,0.00,171.54,2025-12-03,test,0
pay_00000000004433,setl_merchant_1_0084,bnk_000000000086,388.00,card,8.92,1.61,3.88,2025-12-03,test,0
pay_00000000004457,setl_merchant_1_0084,bnk_000000000086,133.05,upi,0.00,0.00,1.33,2025-12-03,test,0
pay_00000000004459,setl_merchant_1_0084,bnk_000000000086,249.00,card,5.73,1.03,0.00,2025-12-03,test,0
pay_00000000004468,setl_merchant_1_0084,bnk_000000000086,813.30,card,18.71,3.37,8.13,2025-12-03,test,0
pay_00000000004626,setl_merchant_1_0084,bnk_000000000086,1000.48,card,23.01,4.14,10.00,2025-12-03,test,0
pay_00000000004636,setl_merchant_1_0084,bnk_000000000086,1000.52,card,23.01,4.14,10.01,2025-12-03,test,0
pay_00000000004766,setl_merchant_1_0084,bnk_000000000086,2823.99,card,64.95,11.69,28.24,2025-12-03,test,0
pay_00000000004854,setl_merchant_1_0084,bnk_000000000086,3458.42,upi,0.00,0.00,0.00,2025-12-03,test,0
pay_00000000000087,setl_merchant_1_0085,bnk_000000000087,257.00,upi,0.00,0.00,2.57,2025-12-03,test,0
pay_00000000000130,setl_merchant_1_0085,bnk_000000000087,513.00,upi,0.00,0.00,0.00,2025-12-03,test,0
pay_00000000000179,setl_merchant_1_0085,bnk_000000000087,465.05,upi,0.00,0.00,0.00,2025-12-03,test,0
pay_00000000000268,setl_merchant_1_0085,bnk_000000000087,331.25,upi,0.00,0.00,0.00,2025-12-03,test,0
pay_00000000000437,setl_merchant_1_0085,bnk_000000000087,510.00,upi,0.00,0.00,0.00,2025-12-03,test,0
pay_00000000000498,setl_merchant_1_0085,bnk_000000000087,469.99,upi,0.00,0.00,4.70,2025-12-03,test,0
pay_00000000000739,setl_merchant_1_0085,bnk_000000000087,1358.40,upi,0.00,0.00,0.00,2025-12-03,test,0
pay_00000000000805,setl_merchant_1_0085,bnk_000000000087,2469.66,wallet,44.45,8.00,24.70,2025-12-03,test,0
pay_00000000000925,setl_merchant_1_0085,bnk_000000000087,955.00,wallet,17.19,3.09,0.00,2025-12-03,test,0
pay_00000000001098,setl_merchant_1_0085,bnk_000000000087,199.99,upi,0.00,0.00,2.00,2025-12-03,test,0
pay_00000000001153,setl_merchant_1_0085,bnk_000000000087,293.36,upi,0.00,0.00,2.93,2025-12-03,test,0
pay_00000000001357,setl_merchant_1_0085,bnk_000000000087,2138.17,upi,0.00,0.00,21.38,2025-12-03,test,0
pay_00000000001417,setl_merchant_1_0085,bnk_000000000087,643.00,upi,0.00,0.00,6.43,2025-12-03,test,0
pay_00000000001632,setl_merchant_1_0085,bnk_000000000087,99.99,upi,0.00,0.00,1.00,2025-12-03,test,0
pay_00000000001778,setl_merchant_1_0085,bnk_000000000087,301.77,netbanking,15.00,2.70,3.02,2025-12-03,test,0
pay_00000000001821,setl_merchant_1_0085,bnk_000000000087,3352.04,wallet,60.34,10.86,33.52,2025-12-03,test,0
pay_00000000001825,setl_merchant_1_0085,bnk_000000000087,1466.74,upi,0.00,0.00,14.67,2025-12-03,test,0
pay_00000000002100,setl_merchant_1_0085,bnk_000000000087,3352.90,upi,0.00,0.00,0.00,2025-12-03,test,0
pay_00000000002117,setl_merchant_1_0085,bnk_000000000087,193.00,upi,0.00,0.00,1.93,2025-12-03,test,0
pay_00000000002288,setl_merchant_1_0085,bnk_000000000087,1034.00,card,23.78,4.28,10.34,2025-12-03,test,0
pay_00000000002326,setl_merchant_1_0085,bnk_000000000087,1056.87,wallet,19.02,3.42,0.00,2025-12-03,test,0
pay_00000000002355,setl_merchant_1_0085,bnk_000000000087,687.00,upi,0.00,0.00,6.87,2025-12-03,test,0
pay_00000000002605,setl_merchant_1_0085,bnk_000000000087,534.38,upi,0.00,0.00,0.00,2025-12-03,test,0
pay_00000000002627,setl_merchant_1_0085,bnk_000000000087,1752.76,card,40.31,7.26,17.53,2025-12-03,test,0
pay_00000000002658,setl_merchant_1_0085,bnk_000000000087,2058.82,netbanking,15.00,2.70,20.59,2025-12-03,test,0
pay_00000000002722,setl_merchant_1_0085,bnk_000000000087,2383.00,upi,0.00,0.00,0.00,2025-12-03,test,0
pay_00000000002823,setl_merchant_1_0085,bnk_000000000087,799.99,card,18.40,3.31,0.00,2025-12-03,test,0
pay_00000000002906,setl_merchant_1_0085,bnk_000000000087,441.99,upi,0.00,0.00,0.00,2025-12-03,test,0
pay_00000000002958,setl_merchant_1_0085,bnk_000000000087,679.15,upi,0.00,0.00,6.79,2025-12-03,test,0
pay_00000000002973,setl_merchant_1_0085,bnk_000000000087,253.97,upi,0.00,0.00,2.54,2025-12-03,test,0
pay_00000000003311,setl_merchant_1_0085,bnk_000000000087,213.99,upi,0.00,0.00,0.00,2025-12-03,test,0
pay_00000000003491,setl_merchant_1_0085,bnk_000000000087,742.00,card,17.07,3.07,7.42,2025-12-03,test,0
pay_00000000003615,setl_merchant_1_0085,bnk_000000000087,1929.99,upi,0.00,0.00,19.30,2025-12-03,test,0
pay_00000000003624,setl_merchant_1_0085,bnk_000000000087,2723.00,card,62.63,11.27,27.23,2025-12-03,test,0
pay_00000000003701,setl_merchant_1_0085,bnk_000000000087,300.00,card,6.90,1.24,0.00,2025-12-03,test,0
pay_00000000003736,setl_merchant_1_0085,bnk_000000000087,698.00,card,16.05,2.89,6.98,2025-12-03,test,0
pay_00000000003844,setl_merchant_1_0085,bnk_000000000087,802.59,upi,0.00,0.00,8.03,2025-12-03,test,0
pay_00000000003891,setl_merchant_1_0085,bnk_000000000087,2969.61,card,68.30,12.29,29.70,2025-12-03,test,0
pay_00000000004040,setl_merchant_1_0085,bnk_000000000087,16942.75,card,389.68,70.14,169.43,2025-12-03,test,0
pay_00000000004126,setl_merchant_1_0085,bnk_000000000087,718.11,card,16.52,2.97,0.00,2025-12-03,test,0
pay_00000000004147,setl_merchant_1_0085,bnk_000000000087,625.18,upi,0.00,0.00,6.25,2025-12-03,test,0
pay_00000000004230,setl_merchant_1_0085,bnk_000000000087,877.93,card,20.19,3.63,8.78,2025-12-03,test,0
pay_00000000004315,setl_merchant_1_0085,bnk_000000000087,2238.00,upi,0.00,0.00,22.38,2025-12-03,test,0
pay_00000000004448,setl_merchant_1_0085,bnk_000000000087,1075.63,wallet,19.36,3.48,10.76,2025-12-03,test,0
pay_00000000004511,setl_merchant_1_0085,bnk_000000000087,115.96,netbanking,15.00,2.70,0.00,2025-12-03,test,0
pay_00000000004543,setl_merchant_1_0085,bnk_000000000087,1001.07,upi,0.00,0.00,10.01,2025-12-03,test,0
pay_00000000004684,setl_merchant_1_0085,bnk_000000000087,676.41,card,15.56,2.80,6.76,2025-12-03,test,0
pay_00000000004697,setl_merchant_1_0085,bnk_000000000087,1395.86,card,32.10,5.78,13.96,2025-12-03,test,0
pay_00000000004778,setl_merchant_1_0085,bnk_000000000087,2414.88,upi,0.00,0.00,24.15,2025-12-03,test,0
pay_00000000004827,setl_merchant_1_0085,bnk_000000000087,884.99,card,20.35,3.66,0.00,2025-12-03,test,0
pay_00000000000230,setl_merchant_1_0086,bnk_000000000088,543.36,upi,0.00,0.00,5.43,2025-12-03,test,0
pay_00000000000242,setl_merchant_1_0086,bnk_000000000088,272.00,upi,0.00,0.00,0.00,2025-12-03,test,0
pay_00000000000544,setl_merchant_1_0086,bnk_000000000088,12032.99,wallet,216.59,38.99,0.00,2025-12-03,test,0
pay_00000000000762,setl_merchant_1_0086,bnk_000000000088,106.48,card,2.45,0.44,1.06,2025-12-03,test,0
pay_00000000000773,setl_merchant_1_0086,bnk_000000000088,1950.99,wallet,35.12,6.32,0.00,2025-12-03,test,0
pay_00000000000823,setl_merchant_1_0086,bnk_000000000088,1002.13,netbanking,15.00,2.70,10.02,2025-12-03,test,0
pay_00000000000880,setl_merchant_1_0086,bnk_000000000088,803.48,upi,0.00,0.00,0.00,2025-12-03,test,0
pay_00000000000893,setl_merchant_1_0086,bnk_000000000088,3131.85,upi,0.00,0.00,0.00,2025-12-03,test,0
pay_00000000001027,setl_merchant_1_0086,bnk_000000000088,216.26,card,4.97,0.89,2.16,2025-12-03,test,0
pay_00000000001265,setl_merchant_1_0086,bnk_000000000088,2113.00,upi,0.00,0.00,21.13,2025-12-03,test,0
pay_00000000001313,setl_merchant_1_0086,bnk_000000000088,1154.82,upi,0.00,0.00,0.00,2025-12-03,test,0
pay_00000000001341,setl_merchant_1_0086,bnk_000000000088,2011.92,upi,0.00,0.00,0.00,2025-12-03,test,0
pay_00000000001489,setl_merchant_1_0086,bnk_000000000088,1032.99,upi,0.00,0.00,10.33,2025-12-03,test,0
pay_00000000001535,setl_merchant_1_0086,bnk_000000000088,214.00,upi,0.00,0.00,2.14,2025-12-03,test,0
pay_00000000001638,setl_merchant_1_0086,bnk_000000000088,740.30,card,17.03,3.07,7.40,2025-12-03,test,0
pay_00000000001999,setl_merchant_1_0086,bnk_000000000088,3283.38,netbanking,15.00,2.70,32.83,2025-12-03,test,0
pay_00000000002139,setl_merchant_1_0086,bnk_000000000088,925.00,upi,0.00,0.00,0.00,2025-12-03,test,0
pay_00000000002269,setl_merchant_1_0086,bnk_000000000088,945.00,upi,0.00,0.00,9.45,2025-12-03,test,0
pay_00000000002344,setl_merchant_1_0086,bnk_000000000088,266.62,upi,0.00,0.00,0.00,2025-12-03,test,0
pay_00000000002521,setl_merchant_1_0086,bnk_000000000088,1806.35,upi,0.00,0.00,18.06,2025-12-03,test,0
pay_00000000002561,setl_merchant_1_0086,bnk_000000000088,722.54,card,16.62,2.99,7.23,2025-12-03,test,0
pay_00000000002665,setl_merchant_1_0086,bnk_000000000088,326.89,upi,0.00,0.00,3.27,2025-12-03,test,0
pay_00000000002908,setl_merchant_1_0086,bnk_000000000088,817.62,upi,0.00,0.00,8.18,2025-12-03,test,0
pay_00000000003035,setl_merchant_1_0086,bnk_000000000088,942.52,netbanking,15.00,2.70,9.43,2025-12-03,test,0
pay_00000000003207,setl_merchant_1_0086,bnk_000000000088,1032.00,upi,0.00,0.00,0.00,2025-12-03,test,0
pay_00000000003234,setl_merchant_1_0086,bnk_000000000088,297.99,card,6.85,1.23,0.00,2025-12-03,test,0
pay_00000000003408,setl_merchant_1_0086,bnk_000000000088,259.99,upi,0.00,0.00,2.60,2025-12-03,test,0
pay_00000000003923,setl_merchant_1_0086,bnk_000000000088,486.99,upi,0.00,0.00,0.00,2025-12-03,test,0
pay_00000000003975,setl_merchant_1_0086,bnk_000000000088,2785.90,upi,0.00,0.00,27.86,2025-12-03,test,0
pay_00000000004017,setl_merchant_1_0086,bnk_000000000088,644.23,upi,0.00,0.00,0.00,2025-12-03,test,0
pay_00000000004096,setl_merchant_1_0086,bnk_000000000088,5895.27,card,135.59,24.41,58.95,2025-12-03,test,0
pay_00000000004097,setl_merchant_1_0086,bnk_000000000088,1176.38,wallet,21.17,3.81,0.00,2025-12-03,test,0
pay_00000000004161,setl_merchant_1_0086,bnk_000000000088,113.00,upi,0.00,0.00,1.13,2025-12-03,test,0
pay_00000000004182,setl_merchant_1_0086,bnk_000000000088,1446.28,netbanking,15.00,2.70,0.00,2025-12-03,test,0
pay_00000000004374,setl_merchant_1_0086,bnk_000000000088,1005.51,card,23.13,4.16,0.00,2025-12-03,test,0
pay_00000000004402,setl_merchant_1_0086,bnk_000000000088,803.13,card,18.47,3.32,8.03,2025-12-03,test,0
pay_00000000004436,setl_merchant_1_0086,bnk_000000000088,358.70,upi,0.00,0.00,0.00,2025-12-03,test,0
pay_00000000004501,setl_merchant_1_0086,bnk_000000000088,630.00,card,14.49,2.61,0.00,2025-12-03,test,0
pay_00000000004776,setl_merchant_1_0086,bnk_000000000088,236.77,upi,0.00,0.00,0.00,2025-12-03,test,0
pay_00000000004846,setl_merchant_1_0086,bnk_000000000088,592.77,upi,0.00,0.00,0.00,2025-12-03,test,0
pay_00000000004980,setl_merchant_1_0086,bnk_000000000088,479.00,upi,0.00,0.00,4.79,2025-12-03,test,0
