order_id,customer_id,amount,created_at_utc
order_0000000001,cust_0788,2054.16,2025-11-22T10:18:41+00:00
order_0000000002,cust_0565,170.71,2025-11-17T17:47:59+00:00
order_0000000003,cust_0857,945.69,2025-11-27T10:24:12+00:00
order_0000000004,cust_0241,141.64,2025-11-21T13:20:22+00:00
order_0000000005,cust_0627,178.00,2025-11-26T16:14:14+00:00
order_0000000006,cust_0223,8547.53,2025-11-09T17:16:57+00:00
order_0000000007,cust_0530,2053.99,2025-11-20T05:16:05+00:00
order_0000000008,cust_0459,300.00,2025-11-17T00:47:06+00:00
order_0000000009,cust_0564,288.32,2025-11-20T09:58:42+00:00
order_0000000010,cust_0252,715.24,2025-11-17T05:41:32+00:00
order_0000000011,cust_0353,792.99,2025-11-25T02:33:32+00:00
order_0000000012,cust_0279,2623.89,2025-11-18T17:43:16+00:00
order_0000000013,cust_0579,355.93,2025-11-26T09:26:17+00:00
order_0000000014,cust_0809,616.79,2025-11-22T04:35:42+00:00
order_0000000015,cust_0737,864.00,2025-11-28T09:13:41+00:00
order_0000000016,cust_0452,1045.94,2025-11-03T11:55:39+00:00
order_0000000017,cust_0666,346.00,2025-11-20T00:38:02+00:00
order_0000000018,cust_0514,684.43,2025-11-19T04:43:00+00:00
order_0000000019,cust_0323,390.28,2025-11-05T03:52:19+00:00
order_0000000020,cust_0431,226.25,2025-11-14T17:07:08+00:00
order_0000000021,cust_0565,889.40,2025-11-07T22:05:07+00:00
order_0000000022,cust_0294,7694.48,2025-11-16T06:48:46+00:00
order_0000000023,cust_0385,825.00,2025-11-03T15:50:42+00:00
order_0000000024,cust_0334,2550.43,2025-11-02T05:23:01+00:00
order_0000000025,cust_0316,534.00,2025-11-07T00:38:42+00:00
order_0000000026,cust_0491,157.37,2025-11-17T05:45:19+00:00
order_0000000027,cust_0085,754.67,2025-11-25T18:03:34+00:00
order_0000000028,cust_0742,2213.99,2025-11-15T12:44:52+00:00
order_0000000029,cust_0236,888.00,2025-11-05T17:54:27+00:00
order_0000000030,cust_0209,687.47,2025-11-09T17:03:17+00:00
order_0000000031,cust_0807,666.00,2025-11-09T06:30:31+00:00
order_0000000032,cust_0319,687.48,2025-11-21T05:34:24+00:00
order_0000000033,cust_0374,531.00,2025-11-04T08:25:11+00:00
order_0000000034,cust_0701,2228.22,2025-11-05T08:32:35+00:00
order_0000000035,cust_0417,1315.00,2025-11-23T09:35:17+00:00
order_0000000036,cust_0357,144.77,2025-11-09T05:04:21+00:00
order_0000000037,cust_0609,304.00,2025-11-07T13:05:14+00:00
order_0000000038,cust_0401,2927.00,2025-11-25T09:37:53+00:00
order_0000000039,cust_0055,2782.50,2025-11-07T08:26:41+00:00
order_0000000040,cust_0217,454.23,2025-11-13T02:50:09+00:00
order_0000000041,cust_0537,409.89,2025-11-09T17:12:05+00:00
order_0000000042,cust_0426,112.00,2025-11-30T04:10:46+00:00
order_0000000043,cust_0405,798.30,2025-11-29T11:42:05+00:00
order_0000000044,cust_0228,1228.00,2025-11-16T16:21:55+00:00
order_0000000045,cust_0341,2191.00,2025-11-28T10:06:15+00:00
order_0000000046,cust_0006,256.76,2025-11-24T14:16:42+00:00
order_0000000047,cust_0232,1229.78,2025-11-01T00:43:26+00:00
order_0000000048,cust_0481,6460.04,2025-11-28T20:47:10+00:00
order_0000000049,cust_0885,3397.00,2025-11-09T16:38:46+00:00
order_0000000050,cust_0678,687.53,2025-11-08T23:13:23+00:00
order_0000000051,cust_0389,571.27,2025-11-24T01:45:24+00:00
order_0000000052,cust_0878,495.99,2025-11-21T10:55:27+00:00
order_0000000053,cust_0072,943.00,2025-11-09T06:32:29+00:00
order_0000000054,cust_0247,941.00,2025-11-25T05:11:31+00:00
order_0000000055,cust_0559,115.00,2025-11-01T07:04:29+00:00
order_0000000056,cust_0201,583.92,2025-11-19T00:30:32+00:00
order_0000000057,cust_0394,851.50,2025-11-03T10:03:35+00:00
order_0000000058,cust_0481,281.53,2025-11-13T10:31:53+00:00
order_0000000059,cust_0878,1056.31,2025-11-27T00:55:19+00:00
order_0000000060,cust_0356,962.99,2025-11-12T12:33:25+00:00
order_0000000061,cust_0519,1044.00,2025-11-25T10:58:10+00:00
order_0000000062,cust_0344,624.18,2025-11-02T19:08:35+00:00
order_0000000063,cust_0660,1040.80,2025-11-03T16:57:50+00:00
order_0000000064,cust_0596,375.00,2025-11-08T16:24:08+00:00
order_0000000065,cust_0106,3360.99,2025-11-23T07:40:50+00:00
order_0000000066,cust_0549,158.49,2025-11-21T13:30:57+00:00
order_0000000067,cust_0393,644.00,2025-11-03T09:24:06+00:00
order_0000000068,cust_0686,850.15,2025-11-18T17:17:17+00:00
order_0000000069,cust_0531,926.47,2025-11-03T10:53:39+00:00
order_0000000070,cust_0806,869.15,2025-11-26T13:59:03+00:00
order_0000000071,cust_0745,530.00,2025-11-02T06:20:22+00:00
order_0000000072,cust_0119,458.00,2025-11-08T12:57:44+00:00
order_0000000073,cust_0195,872.00,2025-11-17T20:31:44+00:00
order_0000000074,cust_0361,13056.26,2025-11-22T01:45:37+00:00
order_0000000075,cust_0533,747.57,2025-11-11T07:13:58+00:00
order_0000000076,cust_0403,1838.99,2025-11-03T14:26:39+00:00
order_0000000077,cust_0275,841.00,2025-11-22T02:22:59+00:00
order_0000000078,cust_0648,464.00,2025-11-25T03:29:59+00:00
order_0000000079,cust_0707,866.44,2025-11-19T20:55:53+00:00
order_0000000080,cust_0253,870.26,2025-11-04T07:00:16+00:00
order_0000000081,cust_0654,763.99,2025-11-19T22:03:38+00:00
order_0000000082,cust_0169,1000.69,2025-11-23T21:15:56+00:00
order_0000000083,cust_0786,1604.35,2025-11-13T06:50:01+00:00
order_0000000084,cust_0368,8999.99,2025-11-24T12:14:35+00:00
order_0000000085,cust_0307,982.00,2025-11-11T10:50:02+00:00
order_0000000086,cust_0150,960.00,2025-11-28T14:22:28+00:00
order_0000000087,cust_0843,257.00,2025-11-30T11:20:27+00:00
order_0000000088,cust_0185,585.29,2025-11-23T04:23:10+00:00
order_0000000089,cust_0743,145.83,2025-11-19T12:12:11+00:00
order_0000000090,cust_0333,450.62,2025-11-23T08:19:17+00:00
order_0000000091,cust_0507,1063.30,2025-11-05T10:37:40+00:00
order_0000000092,cust_0595,3503.93,2025-11-30T05:43:00+00:00
order_0000000093,cust_0629,893.99,2025-11-02T06:44:37+00:00
order_0000000094,cust_0617,873.99,2025-11-29T13:36:15+00:00
order_0000000095,cust_0513,1882.00,2025-11-08T03:37:58+00:00
order_0000000096,cust_0857,811.79,2025-11-06T14:38:04+00:00
order_0000000097,cust_0020,786.99,2025-11-24T10:51:41+00:00
order_0000000098,cust_0765,562.83,2025-11-22T14:47:30+00:00
order_0000000099,cust_0689,653.45,2025-11-06T09:41:42+00:00
order_0000000100,cust_0382,1040.68,2025-11-22T03:37:16+00:00
order_0000000101,cust_0799,308.00,2025-11-28T09:40:04+00:00
order_0000000102,cust_0370,1243.07,2025-11-14T22:12:15+00:00
order_0000000103,cust_0194,2724.34,2025-11-12T02:38:35+00:00
order_0000000104,cust_0522,1030.15,2025-11-17T21:06:50+00:00
order_0000000105,cust_0043,807.00,2025-11-17T12:01:31+00:00
order_0000000106,cust_0809,543.55,2025-11-09T16:43:57+00:00
order_0000000107,cust_0586,105.99,2025-11-28T11:55:50+00:00
order_0000000108,cust_0142,969.00,2025-11-04T12:42:56+00:00
order_0000000109,cust_0485,577.02,2025-11-24T11:34:31+00:00
order_0000000110,cust_0388,635.64,2025-11-21T14:13:01+00:00
order_0000000111,cust_0686,17370.00,2025-11-19T10:08:01+00:00
order_0000000112,cust_0383,866.99,2025-11-07T22:52:09+00:00
order_0000000113,cust_0573,670.00,2025-11-11T18:44:46+00:00
order_0000000114,cust_0137,4949.06,2025-11-06T03:33:04+00:00
order_0000000115,cust_0633,798.00,2025-11-01T07:51:19+00:00
order_0000000116,cust_0424,286.54,2025-11-16T10:42:24+00:00
order_0000000117,cust_0791,3545.00,2025-11-11T18:30:43+00:00
order_0000000118,cust_0370,510.00,2025-11-20T17:22:04+00:00
order_0000000119,cust_0233,2700.99,2025-11-28T08:32:47+00:00
order_0000000120,cust_0056,1074.99,2025-11-21T10:06:38+00:00
order_0000000121,cust_0163,916.00,2025-11-07T15:28:22+00:00
order_0000000122,cust_0343,206.81,2025-11-17T13:50:35+00:00
order_0000000123,cust_0467,133.67,2025-11-09T14:58:36+00:00
order_0000000124,cust_0808,890.00,2025-11-24T13:37:04+00:00
order_0000000125,cust_0239,291.00,2025-11-17T05:09:05+00:00
order_0000000126,cust_0033,578.99,2025-11-03T09:42:15+00:00
order_0000000127,cust_0038,343.00,2025-11-12T01:08:48+00:00
order_0000000128,cust_0480,1633.99,2025-11-10T11:10:02+00:00
order_0000000129,cust_0815,401.00,2025-11-15T06:30:26+00:00
order_0000000130,cust_0802,513.00,2025-11-30T10:09:56+00:00
order_0000000131,cust_0408,244.00,2025-11-08T11:38:44+00:00
order_0000000132,cust_0574,607.00,2025-11-09T09:33:18+00:00
order_0000000133,cust_0248,853.69,2025-11-04T00:37:36+00:00
order_0000000134,cust_0177,17220.59,2025-11-27T01:08:24+00:00
order_0000000135,cust_0460,253.00,2025-11-21T05:24:43+00:00
order_0000000136,cust_0555,591.17,2025-11-11T13:20:18+00:00
order_0000000137,cust_0217,101.00,2025-11-09T18:14:37+00:00
order_0000000138,cust_0718,409.91,2025-11-30T05:04:40+00:00
order_0000000139,cust_0282,1072.20,2025-11-22T03:09:37+00:00
order_0000000140,cust_0406,2718.00,2025-11-08T01:29:21+00:00
order_0000000141,cust_0204,1799.35,2025-11-26T13:13:56+00:00
order_0000000142,cust_0479,8621.00,2025-11-25T09:33:38+00:00
order_0000000143,cust_0127,811.99,2025-11-25T07:58:40+00:00
order_0000000144,cust_0688,908.00,2025-11-18T09:55:24+00:00
order_0000000145,cust_0143,721.00,2025-11-05T02:19:45+00:00
order_0000000146,cust_0748,657.64,2025-11-09T12:23:45+00:00
order_0000000147,cust_0801,13675.34,2025-11-08T18:12:34+00:00
order_0000000148,cust_0137,373.88,2025-11-06T00:07:57+00:00
order_0000000149,cust_0827,715.71,2025-11-30T05:35:28+00:00
order_0000000150,cust_0566,3194.99,2025-11-08T09:49:07+00:00
order_0000000151,cust_0839,1667.00,2025-11-22T09:47:03+00:00
order_0000000152,cust_0515,1617.99,2025-11-30T02:16:05+00:00
order_0000000153,cust_0145,422.99,2025-11-10T13:12:36+00:00
order_0000000154,cust_0318,1022.46,2025-11-18T03:32:10+00:00
order_0000000155,cust_0366,797.29,2025-11-01T08:51:14+00:00
order_0000000156,cust_0272,2519.90,2025-11-03T18:12:49+00:00
order_0000000157,cust_0308,546.97,2025-11-29T16:16:32+00:00
order_0000000158,cust_0533,124.00,2025-11-16T15:22:08+00:00
order_0000000159,cust_0306,638.97,2025-11-03T08:19:31+00:00
order_0000000160,cust_0720,524.25,2025-11-18T04:33:26+00:00
order_0000000161,cust_0180,157.99,2025-11-12T17:11:13+00:00
order_0000000162,cust_0584,614.28,2025-11-27T23:33:21+00:00
order_0000000163,cust_0841,1466.99,2025-11-08T14:55:21+00:00
order_0000000164,cust_0351,800.36,2025-11-16T17:51:45+00:00
order_0000000165,cust_0059,546.28,2025-11-24T11:55:53+00:00
order_0000000166,cust_0002,487.34,2025-11-14T17:16:14+00:00
order_0000000167,cust_0499,1053.24,2025-11-09T14:48:44+00:00
order_0000000168,cust_0018,298.00,2025-11-10T03:09:44+00:00
order_0000000169,cust_0668,452.18,2025-11-25T06:35:25+00:00
order_0000000170,cust_0439,216.73,2025-11-22T05:42:52+00:00
order_0000000171,cust_0133,1019.84,2025-11-17T16:09:53+00:00
order_0000000172,cust_0606,363.00,2025-11-03T06:25:42+00:00
order_0000000173,cust_0062,504.07,2025-11-02T08:51:08+00:00
order_0000000174,cust_0644,678.95,2025-11-26T12:22:11+00:00
order_0000000175,cust_0507,2857.00,2025-11-11T11:48:30+00:00
order_0000000176,cust_0189,757.87,2025-11-16T02:57:41+00:00
order_0000000177,cust_0567,609.46,2025-11-06T09:14:52+00:00
order_0000000178,cust_0156,883.00,2025-11-20T08:27:09+00:00
order_0000000179,cust_0123,465.05,2025-11-30T11:11:38+00:00
order_0000000180,cust_0671,17370.99,2025-11-23T01:24:01+00:00
order_0000000181,cust_0256,1064.00,2025-11-14T17:05:55+00:00
order_0000000182,cust_0447,3117.63,2025-11-24T16:52:12+00:00
order_0000000183,cust_0652,755.65,2025-11-28T06:35:14+00:00
order_0000000184,cust_0533,874.00,2025-11-14T07:19:53+00:00
order_0000000185,cust_0859,3484.39,2025-11-22T20:21:01+00:00
order_0000000186,cust_0887,3060.77,2025-11-04T10:26:06+00:00
order_0000000187,cust_0229,869.33,2025-11-14T01:04:56+00:00
order_0000000188,cust_0292,1877.99,2025-11-24T04:07:02+00:00
order_0000000189,cust_0007,542.00,2025-11-08T16:21:49+00:00
order_0000000190,cust_0692,654.14,2025-11-08T14:27:23+00:00
order_0000000191,cust_0213,317.00,2025-11-08T16:58:40+00:00
order_0000000192,cust_0068,431.37,2025-11-28T05:39:35+00:00
order_0000000193,cust_0788,885.88,2025-11-05T16:20:48+00:00
order_0000000194,cust_0816,216.65,2025-11-02T07:28:03+00:00
order_0000000195,cust_0424,552.79,2025-11-03T18:39:57+00:00
order_0000000196,cust_0264,893.99,2025-11-17T14:51:11+00:00
order_0000000197,cust_0791,173.00,2025-11-23T10:28:47+00:00
order_0000000198,cust_0859,517.99,2025-11-20T01:19:55+00:00
order_0000000199,cust_0370,116.00,2025-11-23T17:39:31+00:00
order_0000000200,cust_0080,782.58,2025-11-21T08:58:36+00:00
order_0000000201,cust_0290,1781.39,2025-11-13T12:42:16+00:00
order_0000000202,cust_0297,3594.74,2025-11-20T07:48:30+00:00
order_0000000203,cust_0344,193.65,2025-11-22T23:55:23+00:00
order_0000000204,cust_0505,362.00,2025-11-14T06:11:42+00:00
order_0000000205,cust_0499,871.55,2025-11-06T02:50:00+00:00
order_0000000206,cust_0648,280.73,2025-11-11T13:11:28+00:00
order_0000000207,cust_0250,564.14,2025-11-08T13:08:39+00:00
order_0000000208,cust_0207,330.97,2025-11-04T16:40:19+00:00
order_0000000209,cust_0107,3285.99,2025-11-05T18:08:24+00:00
order_0000000210,cust_0769,783.81,2025-11-05T12:26:35+00:00
order_0000000211,cust_0065,874.99,2025-11-23T12:23:11+00:00
order_0000000212,cust_0886,809.00,2025-11-12T15:26:24+00:00
order_0000000213,cust_0746,874.00,2025-11-11T16:53:26+00:00
order_0000000214,cust_0300,686.00,2025-11-05T09:28:43+00:00
order_0000000215,cust_0883,447.00,2025-11-07T04:26:51+00:00
order_0000000216,cust_0105,169.00,2025-11-24T15:47:41+00:00
order_0000000217,cust_0021,721.17,2025-11-03T08:17:49+00:00
order_0000000218,cust_0468,1047.67,2025-11-10T06:41:43+00:00
order_0000000219,cust_0802,186.75,2025-11-22T04:51:46+00:00
order_0000000220,cust_0504,3023.51,2025-11-14T10:27:59+00:00
order_0000000221,cust_0729,856.00,2025-11-11T13:10:37+00:00
order_0000000222,cust_0241,2759.00,2025-11-05T09:59:30+00:00
order_0000000223,cust_0741,1409.02,2025-11-01T06:52:42+00:00
order_0000000224,cust_0177,742.48,2025-11-15T18:45:59+00:00
order_0000000225,cust_0593,7586.45,2025-11-18T12:17:01+00:00
order_0000000226,cust_0481,418.30,2025-11-02T03:03:19+00:00
order_0000000227,cust_0325,387.48,2025-11-04T13:36:43+00:00
order_0000000228,cust_0605,494.29,2025-11-12T00:39:10+00:00
order_0000000229,cust_0317,1021.30,2025-11-10T10:54:00+00:00
order_0000000230,cust_0276,543.36,2025-11-30T18:01:37+00:00
order_0000000231,cust_0148,518.44,2025-11-17T09:17:01+00:00
order_0000000232,cust_0418,185.56,2025-11-03T09:12:13+00:00
order_0000000233,cust_0247,542.02,2025-11-23T11:58:17+00:00
order_0000000234,cust_0794,1605.99,2025-11-04T16:15:44+00:00
order_0000000235,cust_0202,229.74,2025-11-03T07:24:53+00:00
order_0000000236,cust_0508,1705.00,2025-11-29T00:52:47+00:00
order_0000000237,cust_0576,257.14,2025-11-10T18:15:12+00:00
order_0000000238,cust_0730,3272.00,2025-11-17T00:14:41+00:00
order_0000000239,cust_0373,876.99,2025-11-19T12:47:15+00:00
order_0000000240,cust_0414,1024.71,2025-11-23T03:28:15+00:00
order_0000000241,cust_0361,787.10,2025-11-25T03:30:02+00:00
order_0000000242,cust_0044,272.00,2025-11-30T14:33:36+00:00
order_0000000243,cust_0535,393.44,2025-11-16T06:31:54+00:00
order_0000000244,cust_0748,1363.00,2025-11-24T11:29:14+00:00
order_0000000245,cust_0884,209.00,2025-11-13T01:17:26+00:00
order_0000000246,cust_0320,396.15,2025-11-17T10:16:43+00:00
order_0000000247,cust_0101,9973.87,2025-11-20T12:18:37+00:00
order_0000000248,cust_0887,721.00,2025-11-25T14:49:39+00:00
order_0000000249,cust_0046,199.02,2025-11-29T02:07:41+00:00
order_0000000250,cust_0011,651.67,2025-11-16T18:37:52+00:00
order_0000000251,cust_0678,926.50,2025-11-08T04:54:33+00:00
order_0000000252,cust_0484,130.00,2025-11-27T00:42:03+00:00
order_0000000253,cust_0830,216.00,2025-11-18T09:17:10+00:00
order_0000000254,cust_0575,869.38,2025-11-16T18:06:00+00:00
order_0000000255,cust_0714,130.00,2025-11-03T06:57:20+00:00
order_0000000256,cust_0746,1163.47,2025-11-17T03:30:25+00:00
order_0000000257,cust_0744,536.00,2025-11-23T14:24:49+00:00
order_0000000258,cust_0141,979.99,2025-11-10T17:17:35+00:00
order_0000000259,cust_0591,712.53,2025-11-06T06:18:02+00:00
order_0000000260,cust_0732,326.81,2025-11-05T06:10:59+00:00
order_0000000261,cust_0656,192.00,2025-11-03T10:47:44+00:00
order_0000000262,cust_0571,850.99,2025-11-11T14:28:54+00:00
order_0000000263,cust_0177,915.99,2025-11-12T00:32:59+00:00
order_0000000264,cust_0524,106.99,2025-11-14T04:48:52+00:00
order_0000000265,cust_0295,645.00,2025-11-12T05:06:41+00:00
order_0000000266,cust_0109,1346.00,2025-11-10T23:29:57+00:00
order_0000000267,cust_0707,581.68,2025-11-05T15:27:35+00:00
order_0000000268,cust_0664,331.25,2025-11-30T10:13:11+00:00
order_0000000269,cust_0406,326.40,2025-11-05T16:53:38+00:00
order_0000000270,cust_0757,164.25,2025-11-24T08:39:20+00:00
order_0000000271,cust_0547,142.99,2025-11-20T08:24:43+00:00
order_0000000272,cust_0212,442.56,2025-11-02T13:28:34+00:00
order_0000000273,cust_0620,9332.10,2025-11-07T19:01:36+00:00
order_0000000274,cust_0441,2711.00,2025-11-27T15:19:24+00:00
order_0000000275,cust_0063,271.99,2025-11-04T08:09:59+00:00
order_0000000276,cust_0699,884.00,2025-11-05T01:44:27+00:00
order_0000000277,cust_0459,782.28,2025-11-13T10:56:05+00:00
order_0000000278,cust_0282,736.66,2025-11-03T03:07:48+00:00
order_0000000279,cust_0700,808.99,2025-11-04T07:57:36+00:00
order_0000000280,cust_0671,1930.93,2025-11-07T07:33:56+00:00
order_0000000281,cust_0200,466.00,2025-11-15T01:32:25+00:00
order_0000000282,cust_0731,248.78,2025-11-15T13:48:18+00:00
order_0000000283,cust_0047,323.96,2025-11-06T06:53:24+00:00
order_0000000284,cust_0228,804.50,2025-11-18T11:49:10+00:00
order_0000000285,cust_0512,108.15,2025-11-16T17:32:06+00:00
order_0000000286,cust_0468,380.00,2025-11-23T23:43:28+00:00
order_0000000287,cust_0047,372.52,2025-11-25T06:27:29+00:00
order_0000000288,cust_0129,395.99,2025-11-08T03:45:34+00:00
order_0000000289,cust_0888,1038.99,2025-11-15T07:18:04+00:00
order_0000000290,cust_0293,473.76,2025-11-20T07:58:53+00:00
order_0000000291,cust_0806,1526.74,2025-11-21T10:49:27+00:00
order_0000000292,cust_0390,488.99,2025-11-01T10:04:01+00:00
order_0000000293,cust_0237,997.00,2025-11-24T10:46:30+00:00
order_0000000294,cust_0235,1069.00,2025-11-07T08:52:16+00:00
order_0000000295,cust_0454,3076.50,2025-11-24T17:03:14+00:00
order_0000000296,cust_0353,384.64,2025-11-17T18:05:22+00:00
order_0000000297,cust_0219,248.92,2025-11-26T14:58:41+00:00
order_0000000298,cust_0499,1622.99,2025-11-02T10:50:57+00:00
order_0000000299,cust_0806,493.00,2025-11-25T13:53:13+00:00
order_0000000300,cust_0622,2263.64,2025-11-20T07:53:26+00:00
order_0000000301,cust_0352,569.11,2025-11-21T07:34:43+00:00
order_0000000302,cust_0175,732.35,2025-11-28T17:24:30+00:00
order_0000000303,cust_0882,411.99,2025-11-05T15:07:07+00:00
order_0000000304,cust_0755,535.00,2025-11-14T16:16:52+00:00
order_0000000305,cust_0779,2478.00,2025-11-09T11:14:44+00:00
order_0000000306,cust_0804,2786.48,2025-11-29T06:15:06+00:00
order_0000000307,cust_0403,202.00,2025-11-01T15:47:31+00:00
order_0000000308,cust_0403,477.99,2025-11-30T00:00:04+00:00
order_0000000309,cust_0010,689.74,2025-11-08T00:42:20+00:00
order_0000000310,cust_0437,944.99,2025-11-07T16:01:00+00:00
order_0000000311,cust_0755,622.51,2025-11-07T14:28:42+00:00
order_0000000312,cust_0626,508.31,2025-11-05T19:58:59+00:00
order_0000000313,cust_0205,957.47,2025-11-19T21:38:06+00:00
order_0000000314,cust_0210,781.00,2025-11-28T13:02:26+00:00
order_0000000315,cust_0036,907.99,2025-11-23T04:57:34+00:00
order_0000000316,cust_0005,2053.99,2025-11-09T10:31:50+00:00
order_0000000317,cust_0838,278.99,2025-11-27T15:05:01+00:00
order_0000000318,cust_0447,666.00,2025-11-21T01:57:33+00:00
order_0000000319,cust_0694,329.99,2025-11-03T09:01:44+00:00
order_0000000320,cust_0757,3312.02,2025-11-03T15:49:09+00:00
order_0000000321,cust_0308,1000.16,2025-11-15T18:04:26+00:00
order_0000000322,cust_0633,825.00,2025-11-13T00:55:15+00:00
order_0000000323,cust_0115,309.76,2025-11-25T01:41:09+00:00
order_0000000324,cust_0165,264.93,2025-11-05T19:10:56+00:00
order_0000000325,cust_0702,3523.99,2025-11-01T18:06:08+00:00
order_0000000326,cust_0548,375.79,2025-11-03T01:00:10+00:00
order_0000000327,cust_0080,486.00,2025-11-01T16:48:24+00:00
order_0000000328,cust_0836,771.69,2025-11-28T07:29:06+00:00
order_0000000329,cust_0466,840.98,2025-11-15T12:25:47+00:00
order_0000000330,cust_0638,1038.99,2025-11-24T00:37:36+00:00
order_0000000331,cust_0506,633.53,2025-11-17T09:33:35+00:00
order_0000000332,cust_0683,320.45,2025-11-05T03:06:41+00:00
order_0000000333,cust_0164,289.46,2025-11-26T00:51:13+00:00
order_0000000334,cust_0639,653.99,2025-11-18T12:55:18+00:00
order_0000000335,cust_0451,3524.99,2025-11-08T05:27:55+00:00
order_0000000336,cust_0448,385.98,2025-11-17T15:05:22+00:00
order_0000000337,cust_0093,674.28,2025-11-27T14:22:38+00:00
order_0000000338,cust_0735,219.79,2025-11-05T10:39:41+00:00
order_0000000339,cust_0040,1020.99,2025-11-10T17:20:30+00:00
order_0000000340,cust_0312,671.08,2025-11-13T11:00:05+00:00
order_0000000341,cust_0408,1042.78,2025-11-04T14:34:59+00:00
order_0000000342,cust_0597,1546.99,2025-11-03T04:18:49+00:00
order_0000000343,cust_0003,105.00,2025-11-24T09:17:52+00:00
order_0000000344,cust_0442,2336.55,2025-11-17T04:25:03+00:00
order_0000000345,cust_0086,749.18,2025-11-11T08:34:38+00:00
order_0000000346,cust_0405,408.08,2025-11-28T22:00:32+00:00
order_0000000347,cust_0414,536.65,2025-11-24T23:41:08+00:00
order_0000000348,cust_0816,2185.29,2025-11-15T02:07:21+00:00
order_0000000349,cust_0102,2103.00,2025-11-11T14:45:33+00:00
order_0000000350,cust_0451,648.98,2025-11-06T18:13:53+00:00
order_0000000351,cust_0694,106.00,2025-11-12T03:43:52+00:00
order_0000000352,cust_0243,926.99,2025-11-10T13:56:29+00:00
order_0000000353,cust_0760,581.00,2025-11-19T07:06:57+00:00
order_0000000354,cust_0486,152.03,2025-11-11T10:12:24+00:00
order_0000000355,cust_0261,725.50,2025-11-19T04:23:01+00:00
order_0000000356,cust_0420,401.90,2025-11-02T08:20:33+00:00
order_0000000357,cust_0132,373.99,2025-11-28T04:24:34+00:00
order_0000000358,cust_0105,430.00,2025-11-25T00:34:23+00:00
order_0000000359,cust_0692,333.58,2025-11-15T01:10:18+00:00
order_0000000360,cust_0385,1474.65,2025-11-06T14:37:11+00:00
order_0000000361,cust_0715,984.00,2025-11-02T08:00:05+00:00
order_0000000362,cust_0742,1025.53,2025-11-10T09:59:55+00:00
order_0000000363,cust_0577,413.21,2025-11-05T16:07:53+00:00
order_0000000364,cust_0739,796.60,2025-11-29T05:21:27+00:00
order_0000000365,cust_0161,140.00,2025-11-15T09:30:04+00:00
order_0000000366,cust_0808,525.00,2025-11-21T01:27:18+00:00
order_0000000367,cust_0691,227.96,2025-11-08T18:17:33+00:00
order_0000000368,cust_0844,474.96,2025-11-17T12:02:46+00:00
order_0000000369,cust_0784,108.44,2025-11-15T08:08:06+00:00
order_0000000370,cust_0557,2792.25,2025-11-16T11:55:22+00:00
order_0000000371,cust_0309,1027.87,2025-11-09T23:17:20+00:00
order_0000000372,cust_0263,679.89,2025-11-06T05:47:11+00:00
order_0000000373,cust_0043,414.66,2025-11-15T12:55:31+00:00
order_0000000374,cust_0168,971.99,2025-11-20T17:26:14+00:00
order_0000000375,cust_0050,693.99,2025-11-05T04:15:09+00:00
order_0000000376,cust_0560,120.00,2025-11-28T13:17:20+00:00
order_0000000377,cust_0523,2022.00,2025-11-17T18:01:05+00:00
order_0000000378,cust_0430,1950.21,2025-11-18T10:46:24+00:00
order_0000000379,cust_0838,1244.00,2025-11-02T11:06:04+00:00
order_0000000380,cust_0473,2256.96,2025-11-08T16:54:19+00:00
order_0000000381,cust_0237,1044.99,2025-11-26T04:05:22+00:00
order_0000000382,cust_0046,13690.00,2025-11-27T03:35:30+00:00
order_0000000383,cust_0173,1057.96,2025-11-09T23:46:47+00:00
order_0000000384,cust_0507,197.99,2025-11-29T17:49:39+00:00
order_0000000385,cust_0225,1920.99,2025-11-28T03:10:17+00:00
order_0000000386,cust_0517,520.27,2025-11-21T17:39:09+00:00
order_0000000387,cust_0352,3022.13,2025-11-20T10:19:50+00:00
order_0000000388,cust_0197,599.95,2025-11-19T15:29:15+00:00
order_0000000389,cust_0592,3278.99,2025-11-13T05:26:28+00:00
order_0000000390,cust_0593,341.73,2025-11-24T10:26:12+00:00
order_0000000391,cust_0485,376.00,2025-11-23T15:23:57+00:00
order_0000000392,cust_0762,903.99,2025-11-24T17:57:58+00:00
order_0000000393,cust_0549,383.99,2025-11-21T21:10:54+00:00
order_0000000394,cust_0266,3573.00,2025-11-01T01:00:03+00:00
order_0000000395,cust_0564,903.68,2025-11-22T07:29:24+00:00
order_0000000396,cust_0767,1072.00,2025-11-06T18:20:54+00:00
order_0000000397,cust_0656,577.22,2025-11-25T03:42:11+00:00
order_0000000398,cust_0847,864.00,2025-11-13T19:20:22+00:00
order_0000000399,cust_0522,3058.73,2025-11-12T04:02:38+00:00
order_0000000400,cust_0353,362.00,2025-11-04T07:34:51+00:00
order_0000000401,cust_0290,524.30,2025-11-21T13:14:04+00:00
order_0000000402,cust_0246,874.91,2025-11-02T14:21:18+00:00
order_0000000403,cust_0751,749.00,2025-11-11T17:32:20+00:00
order_0000000404,cust_0247,728.00,2025-10-31T22:19:58+00:00
order_0000000405,cust_0086,177.76,2025-11-17T22:40:19+00:00
order_0000000406,cust_0895,432.64,2025-11-13T06:56:34+00:00
order_0000000407,cust_0695,961.35,2025-11-01T02:40:41+00:00
order_0000000408,cust_0269,857.47,2025-11-26T10:39:07+00:00
order_0000000409,cust_0125,873.00,2025-11-01T04:29:52+00:00
order_0000000410,cust_0296,983.81,2025-11-06T11:47:31+00:00
order_0000000411,cust_0397,294.40,2025-11-19T04:49:34+00:00
order_0000000412,cust_0046,910.16,2025-11-19T04:40:29+00:00
order_0000000413,cust_0802,445.84,2025-11-22T13:23:43+00:00
order_0000000414,cust_0771,486.93,2025-11-05T16:02:48+00:00
order_0000000415,cust_0241,545.20,2025-11-09T10:50:55+00:00
order_0000000416,cust_0474,606.21,2025-11-22T16:07:34+00:00
order_0000000417,cust_0740,245.99,2025-11-16T23:56:04+00:00
order_0000000418,cust_0542,659.99,2025-11-16T13:17:35+00:00
order_0000000419,cust_0605,266.00,2025-11-02T23:55:50+00:00
order_0000000420,cust_0165,211.98,2025-11-03T13:23:53+00:00
order_0000000421,cust_0063,1826.09,2025-11-25T06:38:39+00:00
order_0000000422,cust_0645,724.00,2025-11-05T13:04:17+00:00
order_0000000423,cust_0640,880.05,2025-11-18T09:16:37+00:00
order_0000000424,cust_0191,753.93,2025-11-18T07:58:14+00:00
order_0000000425,cust_0096,1026.00,2025-11-02T01:54:57+00:00
order_0000000426,cust_0280,14472.00,2025-11-16T18:14:55+00:00
order_0000000427,cust_0563,14286.85,2025-11-12T10:51:22+00:00
order_0000000428,cust_0648,3455.89,2025-11-11T19:27:37+00:00
order_0000000429,cust_0559,1175.99,2025-11-07T05:10:44+00:00
order_0000000430,cust_0597,469.99,2025-11-16T15:51:52+00:00
order_0000000431,cust_0769,789.80,2025-11-18T07:48:23+00:00
order_0000000432,cust_0440,2554.00,2025-11-13T06:01:52+00:00
order_0000000433,cust_0004,2497.99,2025-11-28T08:43:01+00:00
order_0000000434,cust_0647,172.40,2025-11-14T17:08:38+00:00
order_0000000435,cust_0666,191.99,2025-11-13T04:07:42+00:00
order_0000000436,cust_0740,251.69,2025-11-28T07:08:40+00:00
order_0000000437,cust_0243,510.00,2025-11-30T10:57:49+00:00
order_0000000438,cust_0860,692.36,2025-11-22T19:31:59+00:00
order_0000000439,cust_0278,733.21,2025-11-01T12:15:43+00:00
order_0000000440,cust_0365,894.29,2025-11-27T05:53:07+00:00
order_0000000441,cust_0513,618.00,2025-11-08T06:59:50+00:00
order_0000000442,cust_0569,735.00,2025-11-12T10:11:21+00:00
order_0000000443,cust_0694,677.54,2025-11-01T05:20:55+00:00
order_0000000444,cust_0508,146.38,2025-11-18T11:21:43+00:00
order_0000000445,cust_0604,1962.00,2025-11-29T17:53:27+00:00
order_0000000446,cust_0312,680.99,2025-11-20T09:29:31+00:00
order_0000000447,cust_0545,2699.99,2025-11-16T11:26:09+00:00
order_0000000448,cust_0052,3259.00,2025-11-17T17:48:08+00:00
order_0000000449,cust_0185,2748.99,2025-11-29T10:28:34+00:00
order_0000000450,cust_0163,845.99,2025-11-06T09:36:19+00:00
order_0000000451,cust_0598,3183.00,2025-11-04T05:57:08+00:00
order_0000000452,cust_0545,750.00,2025-11-14T05:06:58+00:00
order_0000000453,cust_0673,228.51,2025-11-25T01:21:18+00:00
order_0000000454,cust_0074,2427.00,2025-11-08T10:18:45+00:00
order_0000000455,cust_0258,367.40,2025-11-25T07:38:30+00:00
order_0000000456,cust_0384,1024.00,2025-11-11T20:28:48+00:00
order_0000000457,cust_0093,1209.00,2025-11-27T04:26:25+00:00
order_0000000458,cust_0084,230.68,2025-11-26T09:05:09+00:00
order_0000000459,cust_0433,120.00,2025-11-29T13:05:12+00:00
order_0000000460,cust_0587,230.23,2025-11-04T08:40:49+00:00
order_0000000461,cust_0159,1767.79,2025-11-08T15:20:31+00:00
order_0000000462,cust_0350,1582.99,2025-11-22T16:52:12+00:00
order_0000000463,cust_0576,974.99,2025-11-03T17:18:56+00:00
order_0000000464,cust_0756,132.00,2025-11-05T16:52:14+00:00
order_0000000465,cust_0768,1012.19,2025-11-29T10:41:50+00:00
order_0000000466,cust_0113,1348.99,2025-11-11T12:02:53+00:00
order_0000000467,cust_0179,153.00,2025-11-06T09:59:22+00:00
order_0000000468,cust_0369,545.00,2025-11-19T01:49:43+00:00
order_0000000469,cust_0434,2881.00,2025-11-29T16:32:35+00:00
order_0000000470,cust_0188,139.89,2025-11-22T10:09:51+00:00
order_0000000471,cust_0235,741.28,2025-11-04T00:15:26+00:00
order_0000000472,cust_0221,927.99,2025-11-11T09:51:41+00:00
order_0000000473,cust_0643,1031.77,2025-11-16T02:41:12+00:00
order_0000000474,cust_0764,700.99,2025-11-02T09:21:14+00:00
order_0000000475,cust_0149,805.47,2025-11-01T17:06:09+00:00
order_0000000476,cust_0587,423.82,2025-11-16T20:26:38+00:00
order_0000000477,cust_0886,2747.90,2025-11-08T04:50:29+00:00
order_0000000478,cust_0430,313.99,2025-11-13T11:40:03+00:00
order_0000000479,cust_0723,3222.79,2025-11-11T07:32:24+00:00
order_0000000480,cust_0732,127.00,2025-11-23T00:32:41+00:00
order_0000000481,cust_0471,811.04,2025-11-11T11:02:31+00:00
order_0000000482,cust_0714,632.59,2025-11-06T19:31:32+00:00
order_0000000483,cust_0753,536.43,2025-11-19T16:29:31+00:00
order_0000000484,cust_0288,340.00,2025-11-18T08:13:46+00:00
order_0000000485,cust_0507,1944.50,2025-11-17T06:12:52+00:00
order_0000000486,cust_0455,2060.99,2025-11-29T05:19:51+00:00
order_0000000487,cust_0852,6700.00,2025-11-03T02:24:48+00:00
order_0000000488,cust_0513,813.01,2025-11-17T12:11:39+00:00
order_0000000489,cust_0149,515.99,2025-11-12T09:17:11+00:00
order_0000000490,cust_0693,894.00,2025-11-13T02:20:53+00:00
order_0000000491,cust_0257,2123.99,2025-11-27T00:56:36+00:00
order_0000000492,cust_0883,123.99,2025-11-16T12:45:18+00:00
order_0000000493,cust_0806,793.00,2025-11-08T23:58:49+00:00
order_0000000494,cust_0092,419.85,2025-11-13T06:35:18+00:00
order_0000000495,cust_0190,329.48,2025-11-18T05:44:47+00:00
order_0000000496,cust_0418,1771.00,2025-11-20T15:47:19+00:00
order_0000000497,cust_0221,1350.65,2025-11-12T12:27:48+00:00
order_0000000498,cust_0709,469.99,2025-11-30T07:28:18+00:00
order_0000000499,cust_0442,660.99,2025-11-01T01:16:24+00:00
order_0000000500,cust_0495,1022.00,2025-11-27T15:15:44+00:00
order_0000000501,cust_0309,709.70,2025-11-27T12:09:12+00:00
order_0000000502,cust_0061,2958.01,2025-11-09T08:04:58+00:00
order_0000000503,cust_0147,591.61,2025-11-05T12:32:32+00:00
order_0000000504,cust_0355,192.00,2025-11-15T11:13:55+00:00
order_0000000505,cust_0178,658.44,2025-11-04T10:01:03+00:00
order_0000000506,cust_0719,860.06,2025-11-04T16:20:37+00:00
order_0000000507,cust_0218,1045.00,2025-11-22T07:53:01+00:00
order_0000000508,cust_0103,1813.00,2025-11-02T08:50:32+00:00
order_0000000509,cust_0136,2553.94,2025-11-02T22:42:52+00:00
order_0000000510,cust_0576,727.90,2025-11-06T00:48:43+00:00
order_0000000511,cust_0720,478.98,2025-11-14T05:25:05+00:00
order_0000000512,cust_0754,117.84,2025-11-27T17:05:47+00:00
order_0000000513,cust_0207,683.73,2025-11-21T01:19:13+00:00
order_0000000514,cust_0569,814.39,2025-11-10T17:41:17+00:00
order_0000000515,cust_0706,15717.99,2025-11-16T10:15:46+00:00
order_0000000516,cust_0468,1857.00,2025-11-28T08:16:05+00:00
order_0000000517,cust_0276,802.99,2025-11-02T09:09:39+00:00
order_0000000518,cust_0627,236.02,2025-11-06T23:44:37+00:00
order_0000000519,cust_0566,2684.99,2025-11-04T17:05:10+00:00
order_0000000520,cust_0312,517.68,2025-11-14T12:37:39+00:00
order_0000000521,cust_0337,999.53,2025-11-27T14:33:39+00:00
order_0000000522,cust_0417,843.00,2025-11-04T08:26:41+00:00
order_0000000523,cust_0255,11903.00,2025-11-08T01:39:59+00:00
order_0000000524,cust_0797,378.48,2025-11-12T10:56:35+00:00
order_0000000525,cust_0143,1034.91,2025-11-06T18:25:11+00:00
order_0000000526,cust_0477,2863.19,2025-11-27T06:33:28+00:00
order_0000000527,cust_0444,277.06,2025-11-09T18:47:31+00:00
order_0000000528,cust_0763,686.86,2025-11-13T12:21:22+00:00
order_0000000529,cust_0382,639.00,2025-11-20T08:09:46+00:00
order_0000000530,cust_0891,804.77,2025-11-12T07:29:31+00:00
order_0000000531,cust_0429,861.78,2025-11-12T15:02:30+00:00
order_0000000532,cust_0015,2487.08,2025-11-05T09:05:13+00:00
order_0000000533,cust_0116,647.99,2025-11-17T11:33:01+00:00
order_0000000534,cust_0025,2913.85,2025-11-05T15:29:16+00:00
order_0000000535,cust_0512,2399.93,2025-11-09T08:38:30+00:00
order_0000000536,cust_0770,2345.93,2025-11-03T18:02:57+00:00
order_0000000537,cust_0281,434.00,2025-11-24T09:51:18+00:00
order_0000000538,cust_0768,552.12,2025-11-05T08:16:46+00:00
order_0000000539,cust_0408,943.66,2025-11-13T02:31:49+00:00
order_0000000540,cust_0803,976.00,2025-11-22T11:28:03+00:00
order_0000000541,cust_0859,1066.61,2025-11-18T03:07:50+00:00
order_0000000542,cust_0130,1160.00,2025-11-08T09:41:23+00:00
order_0000000543,cust_0819,979.47,2025-11-22T02:04:08+00:00
order_0000000544,cust_0024,12032.99,2025-11-30T14:37:26+00:00
order_0000000545,cust_0038,964.36,2025-11-20T06:57:10+00:00
order_0000000546,cust_0619,131.99,2025-11-13T11:30:08+00:00
order_0000000547,cust_0570,472.00,2025-11-13T09:26:26+00:00
order_0000000548,cust_0316,546.80,2025-11-02T17:57:35+00:00
order_0000000549,cust_0407,778.01,2025-11-07T09:54:28+00:00
order_0000000550,cust_0862,356.00,2025-11-22T04:33:19+00:00
order_0000000551,cust_0240,967.99,2025-11-11T01:21:51+00:00
order_0000000552,cust_0566,869.91,2025-11-25T08:00:49+00:00
order_0000000553,cust_0406,982.99,2025-11-15T06:04:17+00:00
order_0000000554,cust_0747,449.99,2025-11-08T13:28:40+00:00
order_0000000555,cust_0768,837.11,2025-11-14T14:02:37+00:00
order_0000000556,cust_0313,14592.80,2025-11-29T22:05:27+00:00
order_0000000557,cust_0365,1862.63,2025-11-12T19:47:05+00:00
order_0000000558,cust_0636,493.10,2025-11-03T04:10:27+00:00
order_0000000559,cust_0156,1908.00,2025-11-20T11:16:04+00:00
order_0000000560,cust_0219,744.57,2025-11-10T11:42:45+00:00
order_0000000561,cust_0641,465.76,2025-11-28T02:04:49+00:00
order_0000000562,cust_0777,1291.26,2025-11-07T09:58:07+00:00
order_0000000563,cust_0864,2289.00,2025-11-10T08:02:10+00:00
order_0000000564,cust_0705,2640.28,2025-11-16T09:24:26+00:00
order_0000000565,cust_0660,573.00,2025-11-23T10:24:05+00:00
order_0000000566,cust_0813,987.00,2025-11-03T19:39:32+00:00
order_0000000567,cust_0500,2329.00,2025-11-28T22:58:29+00:00
order_0000000568,cust_0794,193.23,2025-11-03T12:23:10+00:00
order_0000000569,cust_0530,541.00,2025-11-21T01:38:40+00:00
order_0000000570,cust_0287,429.68,2025-11-05T09:53:24+00:00
order_0000000571,cust_0091,469.06,2025-11-30T05:39:13+00:00
order_0000000572,cust_0247,172.15,2025-11-07T16:18:52+00:00
order_0000000573,cust_0832,595.08,2025-11-14T00:23:11+00:00
order_0000000574,cust_0174,1679.55,2025-11-30T04:21:13+00:00
order_0000000575,cust_0305,451.09,2025-11-24T15:02:49+00:00
order_0000000576,cust_0869,367.54,2025-11-25T09:47:31+00:00
order_0000000577,cust_0751,846.30,2025-11-27T17:22:15+00:00
order_0000000578,cust_0569,351.00,2025-11-16T07:36:39+00:00
order_0000000579,cust_0292,977.00,2025-11-23T09:13:16+00:00
order_0000000580,cust_0320,996.00,2025-11-18T04:16:31+00:00
order_0000000581,cust_0517,953.99,2025-11-24T16:57:31+00:00
order_0000000582,cust_0640,3165.89,2025-11-03T09:06:57+00:00
order_0000000583,cust_0369,918.99,2025-11-08T07:40:46+00:00
order_0000000584,cust_0681,103.72,2025-11-19T16:42:54+00:00
order_0000000585,cust_0317,371.12,2025-11-24T16:48:13+00:00
order_0000000586,cust_0639,1015.99,2025-11-09T12:59:11+00:00
order_0000000587,cust_0618,403.00,2025-11-01T20:08:38+00:00
order_0000000588,cust_0809,977.74,2025-11-16T13:24:26+00:00
order_0000000589,cust_0226,858.86,2025-11-21T11:06:28+00:00
order_0000000590,cust_0809,3433.91,2025-11-18T07:27:09+00:00
order_0000000591,cust_0502,1246.40,2025-11-26T15:26:30+00:00
order_0000000592,cust_0848,542.99,2025-11-23T14:18:43+00:00
order_0000000593,cust_0235,3211.31,2025-11-21T09:32:33+00:00
order_0000000594,cust_0535,8222.99,2025-11-14T05:53:46+00:00
order_0000000595,cust_0370,342.00,2025-11-19T13:34:35+00:00
order_0000000596,cust_0392,595.05,2025-11-17T05:35:47+00:00
order_0000000597,cust_0371,608.92,2025-11-04T08:27:15+00:00
order_0000000598,cust_0001,789.00,2025-11-29T14:37:53+00:00
order_0000000599,cust_0758,196.00,2025-11-11T08:37:32+00:00
order_0000000600,cust_0478,1022.70,2025-11-12T14:21:41+00:00
order_0000000601,cust_0638,1019.14,2025-11-22T09:39:28+00:00
order_0000000602,cust_0766,585.00,2025-11-14T07:01:38+00:00
order_0000000603,cust_0644,1643.00,2025-11-05T17:50:47+00:00
order_0000000604,cust_0721,11784.06,2025-11-28T15:03:28+00:00
order_0000000605,cust_0135,540.00,2025-11-11T02:26:06+00:00
order_0000000606,cust_0455,732.89,2025-11-04T07:31:05+00:00
order_0000000607,cust_0169,409.99,2025-11-30T00:46:31+00:00
order_0000000608,cust_0553,99.28,2025-11-28T08:31:21+00:00
order_0000000609,cust_0190,497.99,2025-11-23T09:32:41+00:00
order_0000000610,cust_0041,1005.99,2025-11-18T10:40:45+00:00
order_0000000611,cust_0274,298.48,2025-11-22T04:46:08+00:00
order_0000000612,cust_0412,341.47,2025-11-18T00:23:30+00:00
order_0000000613,cust_0825,637.00,2025-11-29T01:05:19+00:00
order_0000000614,cust_0196,111.65,2025-11-24T14:29:16+00:00
order_0000000615,cust_0623,777.53,2025-11-28T09:29:19+00:00
order_0000000616,cust_0581,336.67,2025-11-13T13:38:01+00:00
order_0000000617,cust_0462,458.16,2025-11-23T17:48:11+00:00
order_0000000618,cust_0641,723.00,2025-11-27T10:36:57+00:00
order_0000000619,cust_0184,163.00,2025-11-26T10:32:22+00:00
order_0000000620,cust_0740,432.01,2025-11-26T07:56:30+00:00
order_0000000621,cust_0069,317.99,2025-11-17T07:59:29+00:00
order_0000000622,cust_0392,334.05,2025-11-11T03:46:22+00:00
order_0000000623,cust_0146,3472.00,2025-11-04T21:04:15+00:00
order_0000000624,cust_0053,278.00,2025-11-06T04:26:53+00:00
order_0000000625,cust_0607,607.52,2025-11-01T04:05:19+00:00
order_0000000626,cust_0424,2855.26,2025-11-24T07:22:57+00:00
order_0000000627,cust_0136,899.95,2025-11-05T18:16:30+00:00
order_0000000628,cust_0413,208.00,2025-11-13T15:52:50+00:00
order_0000000629,cust_0836,2920.01,2025-11-26T17:59:13+00:00
order_0000000630,cust_0469,2497.99,2025-11-05T16:22:42+00:00
order_0000000631,cust_0154,3141.77,2025-11-12T13:32:54+00:00
order_0000000632,cust_0801,939.13,2025-11-04T07:14:20+00:00
order_0000000633,cust_0333,1911.54,2025-11-29T11:31:15+00:00
order_0000000634,cust_0522,1407.35,2025-11-17T11:32:55+00:00
order_0000000635,cust_0435,788.00,2025-11-26T07:51:50+00:00
order_0000000636,cust_0510,674.00,2025-11-03T01:43:06+00:00
order_0000000637,cust_0611,692.00,2025-11-01T10:53:48+00:00
order_0000000638,cust_0014,1055.00,2025-11-24T16:32:26+00:00
order_0000000639,cust_0637,767.08,2025-11-29T13:44:39+00:00
order_0000000640,cust_0687,266.79,2025-11-08T14:31:37+00:00
order_0000000641,cust_0539,521.87,2025-11-10T05:16:39+00:00
order_0000000642,cust_0171,252.23,2025-11-14T09:03:07+00:00
order_0000000643,cust_0542,757.78,2025-11-15T13:01:19+00:00
order_0000000644,cust_0512,2540.11,2025-11-03T13:40:05+00:00
order_0000000645,cust_0545,457.74,2025-11-13T05:02:49+00:00
order_0000000646,cust_0397,1003.00,2025-11-07T07:54:07+00:00
order_0000000647,cust_0361,981.00,2025-11-12T06:10:44+00:00
order_0000000648,cust_0214,789.83,2025-11-20T01:22:38+00:00
order_0000000649,cust_0005,335.49,2025-11-21T08:11:48+00:00
order_0000000650,cust_0178,988.33,2025-11-14T17:04:56+00:00
order_0000000651,cust_0514,1001.00,2025-11-15T01:23:14+00:00
order_0000000652,cust_0383,3444.00,2025-11-12T10:21:52+00:00
order_0000000653,cust_0466,716.00,2025-11-20T14:42:58+00:00
order_0000000654,cust_0544,99.48,2025-11-06T11:45:37+00:00
order_0000000655,cust_0868,366.82,2025-11-07T04:36:47+00:00
order_0000000656,cust_0451,787.78,2025-11-25T08:01:16+00:00
order_0000000657,cust_0794,642.35,2025-11-03T11:33:46+00:00
order_0000000658,cust_0836,201.09,2025-11-27T14:22:26+00:00
order_0000000659,cust_0523,632.57,2025-11-01T14:16:49+00:00
order_0000000660,cust_0487,699.52,2025-11-24T22:37:25+00:00
order_0000000661,cust_0577,927.13,2025-11-18T15:42:06+00:00
order_0000000662,cust_0235,287.23,2025-11-28T08:58:48+00:00
order_0000000663,cust_0857,366.96,2025-11-24T22:26:49+00:00
order_0000000664,cust_0053,821.96,2025-11-13T01:07:53+00:00
order_0000000665,cust_0056,310.18,2025-11-14T10:31:29+00:00
order_0000000666,cust_0002,1034.99,2025-11-25T17:45:18+00:00
order_0000000667,cust_0470,319.38,2025-11-18T07:07:36+00:00
order_0000000668,cust_0528,214.44,2025-11-15T10:51:40+00:00
order_0000000669,cust_0504,982.00,2025-11-26T12:38:52+00:00
order_0000000670,cust_0462,104.36,2025-11-06T10:14:56+00:00
order_0000000671,cust_0761,178.87,2025-11-11T00:29:59+00:00
order_0000000672,cust_0392,716.26,2025-11-08T15:55:38+00:00
order_0000000673,cust_0705,7769.03,2025-11-23T14:34:15+00:00
order_0000000674,cust_0627,263.00,2025-11-16T16:24:28+00:00
order_0000000675,cust_0316,265.00,2025-11-19T13:35:59+00:00
order_0000000676,cust_0574,13188.88,2025-11-17T07:20:51+00:00
order_0000000677,cust_0721,590.62,2025-11-23T09:31:40+00:00
order_0000000678,cust_0449,3167.63,2025-11-02T03:33:29+00:00
order_0000000679,cust_0441,476.23,2025-11-13T22:57:14+00:00
order_0000000680,cust_0542,773.99,2025-11-18T11:41:08+00:00
order_0000000681,cust_0001,650.00,2025-11-13T22:57:40+00:00
order_0000000682,cust_0381,554.08,2025-11-17T12:19:33+00:00
order_0000000683,cust_0162,2230.00,2025-11-19T12:44:59+00:00
order_0000000684,cust_0149,452.20,2025-11-05T16:25:39+00:00
order_0000000685,cust_0702,973.71,2025-11-28T00:44:11+00:00
order_0000000686,cust_0215,2039.00,2025-11-18T17:17:45+00:00
order_0000000687,cust_0790,536.72,2025-11-15T18:00:53+00:00
order_0000000688,cust_0760,275.00,2025-11-23T11:15:16+00:00
order_0000000689,cust_0190,10647.99,2025-11-03T19:38:08+00:00
order_0000000690,cust_0074,611.25,2025-11-10T16:11:59+00:00
order_0000000691,cust_0764,818.40,2025-11-29T13:11:24+00:00
order_0000000692,cust_0037,993.27,2025-11-30T00:30:13+00:00
order_0000000693,cust_0257,343.99,2025-11-16T02:48:54+00:00
order_0000000694,cust_0490,499.97,2025-11-10T12:01:20+00:00
order_0000000695,cust_0241,3306.00,2025-11-19T11:37:27+00:00
order_0000000696,cust_0819,2602.99,2025-11-21T12:44:43+00:00
order_0000000697,cust_0029,954.99,2025-11-23T08:03:37+00:00
order_0000000698,cust_0739,3373.99,2025-11-21T22:40:45+00:00
order_0000000699,cust_0097,659.31,2025-11-17T20:21:18+00:00
order_0000000700,cust_0686,1564.00,2025-11-12T17:33:01+00:00
order_0000000701,cust_0018,332.03,2025-11-04T07:18:02+00:00
order_0000000702,cust_0710,733.99,2025-11-10T08:15:47+00:00
order_0000000703,cust_0193,730.99,2025-11-09T05:22:51+00:00
order_0000000704,cust_0347,471.07,2025-11-21T16:25:20+00:00
order_0000000705,cust_0375,973.09,2025-11-28T16:16:38+00:00
order_0000000706,cust_0818,522.00,2025-11-17T11:55:43+00:00
order_0000000707,cust_0484,382.00,2025-11-10T10:14:40+00:00
order_0000000708,cust_0686,617.70,2025-11-26T09:04:36+00:00
order_0000000709,cust_0676,1319.17,2025-11-14T12:55:30+00:00
order_0000000710,cust_0040,208.76,2025-11-26T23:29:40+00:00
order_0000000711,cust_0776,3004.66,2025-11-08T02:06:20+00:00
order_0000000712,cust_0807,295.00,2025-11-14T00:07:19+00:00
order_0000000713,cust_0680,104.99,2025-11-19T17:43:05+00:00
order_0000000714,cust_0113,383.99,2025-11-11T12:49:50+00:00
order_0000000715,cust_0443,387.39,2025-11-17T11:26:39+00:00
order_0000000716,cust_0565,101.94,2025-11-30T15:58:11+00:00
order_0000000717,cust_0255,402.00,2025-11-12T02:22:18+00:00
order_0000000718,cust_0207,830.22,2025-11-16T10:42:18+00:00
order_0000000719,cust_0490,2893.99,2025-11-22T12:00:49+00:00
order_0000000720,cust_0655,266.01,2025-11-12T11:53:32+00:00
order_0000000721,cust_0664,144.38,2025-11-20T12:35:50+00:00
order_0000000722,cust_0643,347.65,2025-11-20T15:13:01+00:00
order_0000000723,cust_0811,699.07,2025-11-17T11:24:46+00:00
order_0000000724,cust_0286,2508.00,2025-11-04T02:17:34+00:00
order_0000000725,cust_0436,108.00,2025-11-16T07:08:56+00:00
order_0000000726,cust_0731,983.65,2025-11-06T12:46:55+00:00
order_0000000727,cust_0487,586.99,2025-11-11T15:48:35+00:00
order_0000000728,cust_0676,739.00,2025-11-10T10:26:57+00:00
order_0000000729,cust_0662,639.59,2025-11-13T08:52:24+00:00
order_0000000730,cust_0522,2980.47,2025-11-08T07:15:37+00:00
order_0000000731,cust_0615,662.35,2025-11-08T15:36:37+00:00
order_0000000732,cust_0806,3390.67,2025-11-09T13:56:28+00:00
order_0000000733,cust_0803,400.00,2025-11-13T02:14:00+00:00
order_0000000734,cust_0227,3172.00,2025-11-08T12:11:12+00:00
order_0000000735,cust_0783,574.00,2025-11-16T09:15:56+00:00
order_0000000736,cust_0141,700.99,2025-11-22T13:20:16+00:00
order_0000000737,cust_0048,903.99,2025-11-27T07:38:16+00:00
order_0000000738,cust_0656,455.00,2025-11-14T11:46:54+00:00
order_0000000739,cust_0709,1358.40,2025-11-30T10:19:28+00:00
order_0000000740,cust_0246,442.92,2025-11-25T14:25:54+00:00
order_0000000741,cust_0742,415.00,2025-11-16T17:45:48+00:00
order_0000000742,cust_0775,400.12,2025-11-13T14:26:43+00:00
order_0000000743,cust_0326,593.60,2025-11-24T11:20:19+00:00
order_0000000744,cust_0144,695.99,2025-11-13T09:49:58+00:00
order_0000000745,cust_0433,286.40,2025-11-14T05:39:58+00:00
order_0000000746,cust_0113,3386.46,2025-11-10T04:11:41+00:00
order_0000000747,cust_0782,1404.26,2025-11-10T01:04:23+00:00
order_0000000748,cust_0429,352.99,2025-11-29T13:39:27+00:00
order_0000000749,cust_0462,1017.96,2025-11-02T06:53:33+00:00
order_0000000750,cust_0832,841.00,2025-11-24T06:37:36+00:00
order_0000000751,cust_0879,783.01,2025-11-07T12:38:35+00:00
order_0000000752,cust_0355,619.36,2025-11-18T17:38:43+00:00
order_0000000753,cust_0431,782.60,2025-11-07T09:27:26+00:00
order_0000000754,cust_0335,906.00,2025-11-16T08:55:53+00:00
order_0000000755,cust_0324,917.76,2025-11-29T20:47:42+00:00
order_0000000756,cust_0868,789.31,2025-11-25T13:38:37+00:00
order_0000000757,cust_0327,215.99,2025-11-14T11:11:47+00:00
order_0000000758,cust_0674,347.00,2025-11-05T01:43:57+00:00
order_0000000759,cust_0016,707.99,2025-11-11T01:26:55+00:00
order_0000000760,cust_0098,818.99,2025-11-03T04:18:23+00:00
order_0000000761,cust_0261,925.00,2025-11-10T03:37:39+00:00
order_0000000762,cust_0120,106.48,2025-11-30T12:43:19+00:00
order_0000000763,cust_0630,821.00,2025-11-13T23:31:29+00:00
order_0000000764,cust_0796,579.98,2025-11-23T08:29:18+00:00
order_0000000765,cust_0506,1152.35,2025-11-08T07:51:39+00:00
order_0000000766,cust_0559,816.70,2025-11-22T10:08:38+00:00
order_0000000767,cust_0361,1321.99,2025-11-03T01:41:54+00:00
order_0000000768,cust_0247,205.35,2025-11-14T09:18:34+00:00
order_0000000769,cust_0379,304.15,2025-11-14T15:58:41+00:00
order_0000000770,cust_0543,2654.99,2025-11-27T11:20:54+00:00
order_0000000771,cust_0547,720.90,2025-11-05T05:27:26+00:00
order_0000000772,cust_0523,588.75,2025-11-23T11:07:49+00:00
order_0000000773,cust_0281,1950.99,2025-11-30T12:31:25+00:00
order_0000000774,cust_0550,1900.00,2025-11-29T12:15:00+00:00
order_0000000775,cust_0808,188.93,2025-11-12T15:47:30+00:00
order_0000000776,cust_0053,227.65,2025-11-04T01:02:59+00:00
order_0000000777,cust_0418,172.27,2025-11-29T08:21:27+00:00
order_0000000778,cust_0679,708.00,2025-11-01T16:00:15+00:00
order_0000000779,cust_0545,636.99,2025-11-01T05:26:12+00:00
order_0000000780,cust_0410,291.44,2025-11-18T17:09:46+00:00
order_0000000781,cust_0404,2475.00,2025-11-15T08:35:40+00:00
order_0000000782,cust_0349,636.94,2025-11-29T08:18:47+00:00
order_0000000783,cust_0803,1066.00,2025-11-22T20:10:38+00:00
order_0000000784,cust_0664,327.41,2025-11-09T21:50:44+00:00
order_0000000785,cust_0201,3138.00,2025-11-01T12:47:16+00:00
order_0000000786,cust_0005,920.99,2025-11-20T03:48:55+00:00
order_0000000787,cust_0836,808.74,2025-11-22T03:41:36+00:00
order_0000000788,cust_0434,800.99,2025-11-23T15:59:48+00:00
order_0000000789,cust_0774,195.12,2025-11-03T02:59:10+00:00
order_0000000790,cust_0876,405.00,2025-11-06T10:25:39+00:00
order_0000000791,cust_0403,623.00,2025-11-26T12:49:46+00:00
order_0000000792,cust_0052,529.13,2025-11-25T16:42:09+00:00
order_0000000793,cust_0058,5537.99,2025-11-25T13:57:14+00:00
order_0000000794,cust_0252,504.89,2025-11-19T13:20:16+00:00
order_0000000795,cust_0526,482.41,2025-11-11T05:57:59+00:00
order_0000000796,cust_0360,912.00,2025-11-20T09:57:33+00:00
order_0000000797,cust_0014,14261.00,2025-11-15T04:35:40+00:00
order_0000000798,cust_0347,714.00,2025-11-07T16:59:01+00:00
order_0000000799,cust_0289,602.00,2025-11-07T14:55:24+00:00
order_0000000800,cust_0648,507.00,2025-11-03T12:36:29+00:00
order_0000000801,cust_0184,773.00,2025-11-19T15:32:42+00:00
order_0000000802,cust_0214,588.64,2025-11-15T21:03:03+00:00
order_0000000803,cust_0695,806.00,2025-11-10T12:00:41+00:00
order_0000000804,cust_0220,577.97,2025-11-19T10:43:16+00:00
order_0000000805,cust_0414,2469.66,2025-11-30T07:28:24+00:00
order_0000000806,cust_0772,849.99,2025-11-26T15:50:24+00:00
order_0000000807,cust_0423,117.56,2025-11-07T01:28:04+00:00
order_0000000808,cust_0418,1057.00,2025-11-15T15:50:35+00:00
order_0000000809,cust_0442,205.00,2025-11-24T16:43:57+00:00
order_0000000810,cust_0693,671.87,2025-11-01T09:13:19+00:00
order_0000000811,cust_0476,891.72,2025-11-18T11:35:13+00:00
order_0000000812,cust_0731,486.00,2025-11-23T23:24:20+00:00
order_0000000813,cust_0716,727.00,2025-11-29T12:42:49+00:00
order_0000000814,cust_0195,288.00,2025-11-22T12:04:59+00:00
order_0000000815,cust_0360,613.40,2025-11-20T09:35:17+00:00
order_0000000816,cust_0871,1068.99,2025-11-10T07:11:17+00:00
order_0000000817,cust_0382,1010.98,2025-11-10T06:29:49+00:00
order_0000000818,cust_0501,726.89,2025-11-23T23:47:05+00:00
order_0000000819,cust_0676,12299.00,2025-11-05T06:45:50+00:00
order_0000000820,cust_0817,787.00,2025-11-02T04:59:29+00:00
order_0000000821,cust_0690,441.00,2025-11-05T14:11:36+00:00
order_0000000822,cust_0225,9517.99,2025-11-23T17:11:11+00:00
order_0000000823,cust_0443,1002.13,2025-11-30T15:42:07+00:00
order_0000000824,cust_0492,156.33,2025-11-27T16:25:36+00:00
order_0000000825,cust_0808,871.99,2025-11-27T02:32:02+00:00
order_0000000826,cust_0042,1990.00,2025-11-05T11:38:05+00:00
order_0000000827,cust_0818,765.00,2025-11-01T17:32:31+00:00
order_0000000828,cust_0439,3095.36,2025-11-03T11:45:56+00:00
order_0000000829,cust_0162,549.00,2025-11-30T04:18:21+00:00
order_0000000830,cust_0782,2678.12,2025-11-03T06:52:57+00:00
order_0000000831,cust_0136,641.00,2025-11-04T13:55:08+00:00
order_0000000832,cust_0878,1797.00,2025-11-18T07:04:50+00:00
order_0000000833,cust_0536,3529.73,2025-11-12T02:30:55+00:00
order_0000000834,cust_0353,929.79,2025-11-03T07:52:08+00:00
order_0000000835,cust_0153,194.85,2025-11-24T12:40:57+00:00
order_0000000836,cust_0026,2724.00,2025-11-27T17:23:49+00:00
order_0000000837,cust_0755,283.52,2025-11-05T08:48:20+00:00
order_0000000838,cust_0679,509.48,2025-11-10T17:04:05+00:00
order_0000000839,cust_0417,789.83,2025-11-20T12:34:52+00:00
order_0000000840,cust_0461,718.00,2025-11-21T06:43:30+00:00
order_0000000841,cust_0793,956.83,2025-11-07T11:01:37+00:00
order_0000000842,cust_0401,414.86,2025-11-16T03:55:06+00:00
order_0000000843,cust_0728,1012.99,2025-11-16T17:54:24+00:00
order_0000000844,cust_0339,1054.00,2025-11-17T16:35:48+00:00
order_0000000845,cust_0388,176.71,2025-11-22T16:18:13+00:00
order_0000000846,cust_0800,2657.99,2025-11-09T17:13:19+00:00
order_0000000847,cust_0446,594.43,2025-11-12T11:45:26+00:00
order_0000000848,cust_0036,201.99,2025-11-15T05:02:43+00:00
order_0000000849,cust_0812,762.44,2025-11-18T15:23:01+00:00
order_0000000850,cust_0482,697.88,2025-11-28T17:30:56+00:00
order_0000000851,cust_0607,16758.99,2025-11-12T07:37:01+00:00
order_0000000852,cust_0413,296.65,2025-11-05T16:33:45+00:00
order_0000000853,cust_0432,659.00,2025-11-26T14:35:09+00:00
order_0000000854,cust_0444,2959.49,2025-11-18T08:51:08+00:00
order_0000000855,cust_0538,1855.45,2025-11-19T10:18:13+00:00
order_0000000856,cust_0164,973.99,2025-11-26T11:43:28+00:00
order_0000000857,cust_0821,456.19,2025-11-04T17:03:42+00:00
order_0000000858,cust_0097,2489.00,2025-11-19T04:20:36+00:00
order_0000000859,cust_0654,114.13,2025-11-06T13:53:41+00:00
order_0000000860,cust_0276,480.00,2025-11-25T17:29:01+00:00
order_0000000861,cust_0102,103.82,2025-11-16T15:40:06+00:00
order_0000000862,cust_0666,167.78,2025-11-14T14:20:32+00:00
order_0000000863,cust_0409,411.00,2025-11-12T01:10:23+00:00
order_0000000864,cust_0780,493.87,2025-11-13T13:22:22+00:00
order_0000000865,cust_0084,805.13,2025-11-28T02:45:07+00:00
order_0000000866,cust_0207,895.19,2025-11-25T07:38:21+00:00
order_0000000867,cust_0780,1524.99,2025-11-27T08:47:46+00:00
order_0000000868,cust_0284,2176.00,2025-11-24T07:19:03+00:00
order_0000000869,cust_0660,723.98,2025-11-28T17:31:40+00:00
order_0000000870,cust_0276,537.00,2025-11-08T17:26:36+00:00
order_0000000871,cust_0530,910.13,2025-11-03T01:46:24+00:00
order_0000000872,cust_0463,387.09,2025-11-25T16:01:34+00:00
order_0000000873,cust_0134,744.00,2025-11-05T10:29:37+00:00
order_0000000874,cust_0129,354.73,2025-11-13T18:17:36+00:00
order_0000000875,cust_0792,154.00,2025-11-17T16:59:32+00:00
order_0000000876,cust_0225,562.00,2025-11-08T16:36:40+00:00
order_0000000877,cust_0629,843.73,2025-11-20T04:46:52+00:00
order_0000000878,cust_0428,2008.57,2025-11-22T02:19:52+00:00
order_0000000879,cust_0067,263.99,2025-11-23T11:01:04+00:00
order_0000000880,cust_0062,803.48,2025-11-30T17:25:16+00:00
order_0000000881,cust_0826,540.60,2025-11-10T09:13:49+00:00
order_0000000882,cust_0261,782.00,2025-11-08T08:25:04+00:00
order_0000000883,cust_0342,955.08,2025-11-09T11:42:46+00:00
order_0000000884,cust_0041,1011.38,2025-11-07T17:09:12+00:00
order_0000000885,cust_0528,2991.33,2025-11-10T01:26:11+00:00
order_0000000886,cust_0708,1002.00,2025-11-10T02:00:24+00:00
order_0000000887,cust_0188,800.00,2025-11-12T17:59:31+00:00
order_0000000888,cust_0344,195.56,2025-11-05T14:43:51+00:00
order_0000000889,cust_0402,110.00,2025-11-08T20:18:06+00:00
order_0000000890,cust_0395,130.65,2025-11-07T11:10:13+00:00
order_0000000891,cust_0485,934.99,2025-11-21T13:55:06+00:00
order_0000000892,cust_0483,115.99,2025-11-03T10:58:37+00:00
order_0000000893,cust_0284,3131.85,2025-11-30T13:20:14+00:00
order_0000000894,cust_0641,210.00,2025-11-12T08:03:03+00:00
order_0000000895,cust_0013,317.99,2025-11-24T08:54:33+00:00
order_0000000896,cust_0768,2709.99,2025-11-25T15:28:26+00:00
order_0000000897,cust_0155,852.00,2025-11-29T16:03:53+00:00
order_0000000898,cust_0235,542.68,2025-11-13T15:16:46+00:00
order_0000000899,cust_0324,537.35,2025-11-26T08:13:50+00:00
order_0000000900,cust_0574,2008.60,2025-11-10T02:02:42+00:00
order_0000000901,cust_0204,350.71,2025-11-20T18:47:40+00:00
order_0000000902,cust_0284,986.20,2025-11-11T09:56:39+00:00
order_0000000903,cust_0668,390.00,2025-11-10T12:02:02+00:00
order_0000000904,cust_0656,952.00,2025-11-23T10:01:32+00:00
order_0000000905,cust_0824,1801.00,2025-11-18T13:49:17+00:00
order_0000000906,cust_0338,714.71,2025-11-27T15:34:33+00:00
order_0000000907,cust_0266,14883.84,2025-11-11T12:06:09+00:00
order_0000000908,cust_0858,548.99,2025-11-03T07:09:48+00:00
order_0000000909,cust_0225,645.06,2025-11-19T01:18:43+00:00
order_0000000910,cust_0789,2789.99,2025-11-10T17:25:13+00:00
order_0000000911,cust_0059,866.49,2025-11-08T13:59:56+00:00
order_0000000912,cust_0053,411.32,2025-11-01T11:44:17+00:00
order_0000000913,cust_0520,368.80,2025-11-29T12:46:46+00:00
order_0000000914,cust_0340,301.97,2025-11-14T13:48:29+00:00
order_0000000915,cust_0449,1030.46,2025-11-23T04:31:03+00:00
order_0000000916,cust_0165,108.00,2025-11-17T06:16:12+00:00
order_0000000917,cust_0391,138.00,2025-11-28T04:33:26+00:00
order_0000000918,cust_0054,846.38,2025-11-27T03:30:11+00:00
order_0000000919,cust_0403,222.00,2025-11-05T06:39:20+00:00
order_0000000920,cust_0800,1022.99,2025-11-13T10:26:24+00:00
order_0000000921,cust_0866,495.53,2025-11-20T16:22:48+00:00
order_0000000922,cust_0499,948.50,2025-11-21T02:57:13+00:00
order_0000000923,cust_0740,2347.54,2025-11-06T14:30:43+00:00
order_0000000924,cust_0415,694.99,2025-11-12T16:16:57+00:00
order_0000000925,cust_0220,955.00,2025-11-30T09:51:57+00:00
order_0000000926,cust_0068,442.70,2025-11-20T01:04:01+00:00
order_0000000927,cust_0131,665.00,2025-11-29T14:45:13+00:00
order_0000000928,cust_0486,120.89,2025-11-25T16:27:32+00:00
order_0000000929,cust_0385,1961.00,2025-11-20T17:25:29+00:00
order_0000000930,cust_0790,276.24,2025-11-24T07:23:34+00:00
order_0000000931,cust_0259,679.18,2025-11-27T13:35:04+00:00
order_0000000932,cust_0637,725.99,2025-11-09T05:02:04+00:00
order_0000000933,cust_0720,804.44,2025-11-02T10:07:32+00:00
order_0000000934,cust_0103,481.27,2025-11-27T12:31:23+00:00
order_0000000935,cust_0030,1570.99,2025-11-01T05:28:10+00:00
order_0000000936,cust_0414,639.00,2025-11-17T04:47:25+00:00
order_0000000937,cust_0590,970.64,2025-11-23T15:36:39+00:00
order_0000000938,cust_0280,332.30,2025-11-25T13:48:27+00:00
order_0000000939,cust_0456,897.99,2025-11-25T12:34:40+00:00
order_0000000940,cust_0529,534.72,2025-11-26T09:02:35+00:00
order_0000000941,cust_0042,781.25,2025-11-14T09:04:42+00:00
order_0000000942,cust_0445,523.41,2025-11-24T13:25:30+00:00
order_0000000943,cust_0579,676.14,2025-11-17T13:41:52+00:00
order_0000000944,cust_0191,818.17,2025-11-05T09:06:57+00:00
order_0000000945,cust_0512,808.00,2025-11-21T15:05:14+00:00
order_0000000946,cust_0025,537.00,2025-11-21T06:14:06+00:00
order_0000000947,cust_0418,327.09,2025-11-01T09:37:32+00:00
order_0000000948,cust_0465,964.99,2025-11-30T10:10:45+00:00
order_0000000949,cust_0897,358.84,2025-11-10T11:41:06+00:00
order_0000000950,cust_0825,987.00,2025-11-20T06:49:44+00:00
order_0000000951,cust_0302,16150.99,2025-11-19T01:53:59+00:00
order_0000000952,cust_0064,262.32,2025-11-14T13:00:20+00:00
order_0000000953,cust_0707,317.00,2025-11-24T22:47:24+00:00
order_0000000954,cust_0694,344.00,2025-11-25T10:33:26+00:00
order_0000000955,cust_0382,1295.95,2025-11-12T04:21:29+00:00
order_0000000956,cust_0892,1011.44,2025-11-04T13:08:47+00:00
order_0000000957,cust_0777,475.61,2025-11-15T09:24:04+00:00
order_0000000958,cust_0624,670.49,2025-11-11T14:49:24+00:00
order_0000000959,cust_0603,1019.11,2025-11-22T17:01:52+00:00
order_0000000960,cust_0696,461.21,2025-11-26T06:39:28+00:00
order_0000000961,cust_0421,947.00,2025-11-05T07:58:05+00:00
order_0000000962,cust_0366,714.30,2025-11-16T11:20:11+00:00
order_0000000963,cust_0062,3598.05,2025-11-14T08:00:10+00:00
order_0000000964,cust_0013,2834.00,2025-11-26T14:17:16+00:00
order_0000000965,cust_0024,783.16,2025-11-10T06:57:21+00:00
order_0000000966,cust_0730,2758.61,2025-11-16T11:34:42+00:00
order_0000000967,cust_0148,1265.00,2025-11-24T03:20:55+00:00
order_0000000968,cust_0435,127.44,2025-11-04T12:16:25+00:00
order_0000000969,cust_0419,978.99,2025-11-27T12:36:54+00:00
order_0000000970,cust_0693,744.00,2025-11-08T12:52:09+00:00
order_0000000971,cust_0267,830.77,2025-11-19T17:52:00+00:00
order_0000000972,cust_0271,2643.61,2025-11-29T08:10:14+00:00
order_0000000973,cust_0505,116.99,2025-11-01T05:22:19+00:00
order_0000000974,cust_0163,724.90,2025-11-12T08:12:31+00:00
order_0000000975,cust_0013,498.52,2025-11-16T06:27:25+00:00
order_0000000976,cust_0058,736.10,2025-11-19T06:28:41+00:00
order_0000000977,cust_0432,2275.00,2025-11-05T13:27:13+00:00
order_0000000978,cust_0321,382.99,2025-11-01T11:16:57+00:00
order_0000000979,cust_0310,1046.00,2025-11-10T15:25:59+00:00
order_0000000980,cust_0004,113.30,2025-11-08T13:37:56+00:00
order_0000000981,cust_0775,880.00,2025-11-28T18:26:18+00:00
order_0000000982,cust_0239,3051.00,2025-11-25T05:05:22+00:00
order_0000000983,cust_0348,237.00,2025-11-27T07:59:53+00:00
order_0000000984,cust_0473,580.00,2025-11-01T09:22:12+00:00
order_0000000985,cust_0144,1553.90,2025-11-29T12:49:09+00:00
order_0000000986,cust_0129,2274.41,2025-11-12T10:06:36+00:00
order_0000000987,cust_0169,13365.52,2025-11-02T07:55:48+00:00
order_0000000988,cust_0239,1074.68,2025-11-25T05:50:09+00:00
order_0000000989,cust_0383,777.00,2025-11-29T08:49:03+00:00
order_0000000990,cust_0516,1329.92,2025-11-02T08:53:31+00:00
order_0000000991,cust_0550,978.21,2025-11-03T08:23:54+00:00
order_0000000992,cust_0794,2815.77,2025-11-01T12:15:34+00:00
order_0000000993,cust_0388,387.00,2025-11-05T13:24:58+00:00
order_0000000994,cust_0169,482.14,2025-11-01T06:24:38+00:00
order_0000000995,cust_0444,2201.59,2025-11-06T09:52:33+00:00
order_0000000996,cust_0300,927.00,2025-11-17T12:51:31+00:00
order_0000000997,cust_0660,353.00,2025-11-06T21:49:45+00:00
order_0000000998,cust_0748,415.22,2025-11-29T05:17:43+00:00
order_0000000999,cust_0872,347.00,2025-11-22T21:25:04+00:00
order_0000001000,cust_0879,2981.00,2025-11-17T03:21:49+00:00
order_0000001001,cust_0001,349.00,2025-11-23T11:13:37+00:00
order_0000001002,cust_0694,518.69,2025-11-26T09:49:17+00:00
order_0000001003,cust_0870,712.00,2025-11-19T11:07:24+00:00
order_0000001004,cust_0408,553.99,2025-11-06T10:24:59+00:00
order_0000001005,cust_0042,2424.66,2025-11-13T15:46:52+00:00
order_0000001006,cust_0137,706.44,2025-11-03T02:27:53+00:00
order_0000001007,cust_0657,175.35,2025-11-05T05:23:34+00:00
order_0000001008,cust_0241,936.47,2025-11-15T21:26:35+00:00
order_0000001009,cust_0876,1017.00,2025-11-14T09:57:17+00:00
order_0000001010,cust_0892,1970.12,2025-11-07T05:31:25+00:00
order_0000001011,cust_0136,514.99,2025-11-10T15:03:09+00:00
order_0000001012,cust_0648,640.52,2025-11-17T01:39:17+00:00
order_0000001013,cust_0882,781.78,2025-11-14T15:01:54+00:00
order_0000001014,cust_0278,368.69,2025-11-24T14:17:49+00:00
order_0000001015,cust_0677,617.65,2025-11-01T12:15:01+00:00
order_0000001016,cust_0881,3259.99,2025-11-04T10:44:32+00:00
order_0000001017,cust_0399,104.00,2025-11-27T03:20:39+00:00
order_0000001018,cust_0461,632.46,2025-11-06T07:38:22+00:00
order_0000001019,cust_0847,236.99,2025-11-02T09:54:09+00:00
order_0000001020,cust_0784,12663.28,2025-11-23T15:55:26+00:00
order_0000001021,cust_0161,142.28,2025-11-29T10:05:26+00:00
order_0000001022,cust_0634,3539.87,2025-11-11T17:11:00+00:00
order_0000001023,cust_0397,1020.00,2025-11-03T09:33:58+00:00
order_0000001024,cust_0830,515.75,2025-11-21T00:32:51+00:00
order_0000001025,cust_0156,13745.00,2025-11-25T08:32:53+00:00
order_0000001026,cust_0380,487.23,2025-11-04T13:33:47+00:00
order_0000001027,cust_0674,216.26,2025-11-30T15:03:29+00:00
order_0000001028,cust_0307,827.00,2025-11-09T08:24:46+00:00
order_0000001029,cust_0660,5110.08,2025-11-10T22:03:31+00:00
order_0000001030,cust_0100,1934.00,2025-11-29T05:00:25+00:00
order_0000001031,cust_0394,518.63,2025-11-20T10:30:50+00:00
order_0000001032,cust_0112,14590.99,2025-11-21T07:00:10+00:00
order_0000001033,cust_0639,313.99,2025-11-13T22:43:11+00:00
order_0000001034,cust_0164,214.54,2025-11-13T10:40:28+00:00
order_0000001035,cust_0146,575.66,2025-11-18T12:09:34+00:00
order_0000001036,cust_0436,930.99,2025-11-09T07:29:35+00:00
order_0000001037,cust_0567,939.99,2025-11-26T05:10:25+00:00
order_0000001038,cust_0147,511.00,2025-11-17T07:19:33+00:00
order_0000001039,cust_0356,2198.00,2025-11-27T11:31:44+00:00
order_0000001040,cust_0694,714.21,2025-11-27T10:44:04+00:00
order_0000001041,cust_0430,234.53,2025-11-17T11:33:09+00:00
order_0000001042,cust_0579,327.00,2025-11-12T15:07:59+00:00
order_0000001043,cust_0210,3009.30,2025-11-23T11:23:58+00:00
order_0000001044,cust_0229,1735.00,2025-11-09T16:15:31+00:00
order_0000001045,cust_0573,892.00,2025-11-17T11:29:37+00:00
order_0000001046,cust_0394,193.40,2025-11-08T11:16:27+00:00
order_0000001047,cust_0319,897.00,2025-11-13T20:20:47+00:00
order_0000001048,cust_0840,1032.09,2025-11-09T08:08:46+00:00
order_0000001049,cust_0600,7713.72,2025-11-16T10:56:17+00:00
order_0000001050,cust_0488,903.99,2025-11-28T04:29:54+00:00
order_0000001051,cust_0374,1069.03,2025-11-02T09:37:02+00:00
order_0000001052,cust_0658,362.99,2025-11-11T18:20:57+00:00
order_0000001053,cust_0064,13748.02,2025-11-20T17:54:52+00:00
order_0000001054,cust_0549,433.19,2025-11-07T11:58:13+00:00
order_0000001055,cust_0562,263.00,2025-11-23T13:53:55+00:00
order_0000001056,cust_0348,220.00,2025-11-20T12:16:15+00:00
order_0000001057,cust_0150,2616.42,2025-11-02T17:16:37+00:00
order_0000001058,cust_0288,528.84,2025-11-02T15:00:26+00:00
order_0000001059,cust_0688,123.99,2025-11-24T05:59:33+00:00
order_0000001060,cust_0199,380.00,2025-11-29T07:57:53+00:00
order_0000001061,cust_0222,12750.00,2025-11-01T18:45:26+00:00
order_0000001062,cust_0048,682.00,2025-11-12T04:44:09+00:00
order_0000001063,cust_0338,2275.05,2025-11-12T10:19:08+00:00
order_0000001064,cust_0580,465.05,2025-11-28T13:18:12+00:00
order_0000001065,cust_0275,824.23,2025-11-18T20:40:28+00:00
order_0000001066,cust_0164,856.39,2025-11-16T15:06:44+00:00
order_0000001067,cust_0363,608.99,2025-11-06T16:27:16+00:00
order_0000001068,cust_0095,1062.99,2025-11-01T07:31:19+00:00
order_0000001069,cust_0706,508.92,2025-11-27T01:06:53+00:00
order_0000001070,cust_0329,651.16,2025-11-06T11:22:36+00:00
order_0000001071,cust_0061,3917.00,2025-11-04T17:04:57+00:00
order_0000001072,cust_0115,714.00,2025-11-23T12:56:38+00:00
order_0000001073,cust_0362,1432.78,2025-11-04T06:11:32+00:00
order_0000001074,cust_0737,866.99,2025-11-23T20:28:14+00:00
order_0000001075,cust_0242,703.07,2025-11-23T21:48:18+00:00
order_0000001076,cust_0611,9644.00,2025-11-02T14:50:09+00:00
order_0000001077,cust_0452,272.00,2025-11-26T14:57:20+00:00
order_0000001078,cust_0772,101.45,2025-11-05T16:46:58+00:00
order_0000001079,cust_0555,900.95,2025-11-29T18:17:43+00:00
order_0000001080,cust_0869,299.10,2025-11-15T14:27:15+00:00
order_0000001081,cust_0017,713.79,2025-11-11T13:28:46+00:00
order_0000001082,cust_0484,681.99,2025-11-18T11:41:03+00:00
order_0000001083,cust_0288,535.99,2025-11-19T22:21:26+00:00
order_0000001084,cust_0012,938.75,2025-11-10T10:06:22+00:00
order_0000001085,cust_0179,435.00,2025-11-10T02:09:52+00:00
order_0000001086,cust_0429,1038.00,2025-11-03T16:40:13+00:00
order_0000001087,cust_0154,1235.99,2025-11-10T10:50:12+00:00
order_0000001088,cust_0359,282.44,2025-11-07T21:29:59+00:00
order_0000001089,cust_0226,702.99,2025-11-27T19:59:26+00:00
order_0000001090,cust_0781,454.00,2025-11-25T13:44:06+00:00
order_0000001091,cust_0764,787.00,2025-11-07T17:33:06+00:00
order_0000001092,cust_0684,164.00,2025-11-14T13:26:23+00:00
order_0000001093,cust_0470,411.08,2025-11-13T22:42:07+00:00
order_0000001094,cust_0058,2097.64,2025-11-25T17:45:21+00:00
order_0000001095,cust_0257,427.87,2025-11-21T06:28:25+00:00
order_0000001096,cust_0334,255.71,2025-11-08T06:34:55+00:00
order_0000001097,cust_0284,928.00,2025-11-25T20:02:55+00:00
order_0000001098,cust_0643,199.99,2025-11-30T06:44:28+00:00
order_0000001099,cust_0194,442.89,2025-11-18T14:42:33+00:00
order_0000001100,cust_0238,2486.50,2025-11-15T02:56:24+00:00
order_0000001101,cust_0435,636.47,2025-11-22T11:05:51+00:00
order_0000001102,cust_0833,242.99,2025-11-06T02:56:54+00:00
order_0000001103,cust_0452,714.00,2025-11-20T10:07:22+00:00
order_0000001104,cust_0287,425.00,2025-11-23T08:38:43+00:00
order_0000001105,cust_0150,3447.99,2025-11-21T06:45:49+00:00
order_0000001106,cust_0302,696.16,2025-11-16T15:58:47+00:00
order_0000001107,cust_0263,3148.57,2025-11-17T14:30:20+00:00
order_0000001108,cust_0197,888.46,2025-11-08T02:09:33+00:00
order_0000001109,cust_0047,950.99,2025-11-08T10:25:03+00:00
order_0000001110,cust_0165,788.00,2025-11-15T11:13:00+00:00
order_0000001111,cust_0803,3455.99,2025-11-01T12:25:22+00:00
order_0000001112,cust_0127,495.79,2025-11-23T16:33:37+00:00
order_0000001113,cust_0423,717.03,2025-11-25T13:17:40+00:00
order_0000001114,cust_0078,1022.99,2025-11-11T21:06:06+00:00
order_0000001115,cust_0531,903.00,2025-11-07T18:56:22+00:00
order_0000001116,cust_0692,2951.99,2025-11-16T04:41:17+00:00
order_0000001117,cust_0521,243.99,2025-11-24T13:50:13+00:00
order_0000001118,cust_0548,360.27,2025-11-25T14:11:11+00:00
order_0000001119,cust_0181,618.50,2025-11-05T22:13:52+00:00
order_0000001120,cust_0402,1063.99,2025-11-11T17:48:26+00:00
order_0000001121,cust_0763,122.61,2025-11-08T16:59:32+00:00
order_0000001122,cust_0577,259.99,2025-11-08T06:30:39+00:00
order_0000001123,cust_0466,1025.00,2025-11-02T13:08:50+00:00
order_0000001124,cust_0580,1898.04,2025-11-15T11:05:37+00:00
order_0000001125,cust_0533,708.50,2025-11-28T01:38:55+00:00
order_0000001126,cust_0297,1033.71,2025-11-27T14:39:37+00:00
order_0000001127,cust_0133,549.08,2025-11-07T10:53:39+00:00
order_0000001128,cust_0718,954.55,2025-11-27T09:21:38+00:00
order_0000001129,cust_0571,886.63,2025-11-11T07:35:59+00:00
order_0000001130,cust_0010,474.42,2025-11-18T06:53:01+00:00
order_0000001131,cust_0693,10260.35,2025-11-06T15:02:42+00:00
order_0000001132,cust_0764,775.56,2025-11-14T05:43:08+00:00
order_0000001133,cust_0302,1222.44,2025-11-23T05:23:34+00:00
order_0000001134,cust_0025,366.41,2025-11-07T17:46:12+00:00
order_0000001135,cust_0550,236.64,2025-11-19T17:13:54+00:00
order_0000001136,cust_0830,611.65,2025-11-14T00:35:22+00:00
order_0000001137,cust_0411,1632.83,2025-11-16T18:50:11+00:00
order_0000001138,cust_0115,695.82,2025-11-08T09:40:29+00:00
order_0000001139,cust_0107,134.08,2025-11-22T22:42:20+00:00
order_0000001140,cust_0461,858.01,2025-11-25T10:29:11+00:00
order_0000001141,cust_0045,987.99,2025-11-24T12:38:55+00:00
order_0000001142,cust_0265,498.36,2025-11-01T18:02:02+00:00
order_0000001143,cust_0020,758.00,2025-11-20T15:18:54+00:00
order_0000001144,cust_0191,485.99,2025-11-10T05:03:11+00:00
order_0000001145,cust_0416,928.80,2025-11-01T13:30:33+00:00
order_0000001146,cust_0591,1567.09,2025-11-02T16:48:24+00:00
order_0000001147,cust_0447,2445.99,2025-11-25T15:14:47+00:00
order_0000001148,cust_0835,936.21,2025-11-19T19:21:33+00:00
order_0000001149,cust_0484,1032.99,2025-11-11T08:13:02+00:00
order_0000001150,cust_0402,359.00,2025-11-05T06:27:03+00:00
order_0000001151,cust_0146,161.75,2025-11-01T14:34:57+00:00
order_0000001152,cust_0654,347.00,2025-11-16T12:22:04+00:00
order_0000001153,cust_0865,293.36,2025-11-30T11:24:29+00:00
order_0000001154,cust_0783,2726.00,2025-11-14T00:14:28+00:00
order_0000001155,cust_0679,128.99,2025-11-10T10:36:12+00:00
order_0000001156,cust_0420,381.00,2025-11-29T05:25:47+00:00
order_0000001157,cust_0090,1979.29,2025-11-03T16:49:32+00:00
order_0000001158,cust_0360,782.98,2025-11-21T11:45:13+00:00
order_0000001159,cust_0609,473.00,2025-11-24T09:57:19+00:00
order_0000001160,cust_0667,831.00,2025-11-17T10:43:24+00:00
order_0000001161,cust_0752,3197.00,2025-11-09T12:54:35+00:00
order_0000001162,cust_0478,2341.00,2025-11-05T07:38:58+00:00
order_0000001163,cust_0745,571.00,2025-11-13T08:39:51+00:00
order_0000001164,cust_0493,1065.51,2025-11-02T17:35:08+00:00
order_0000001165,cust_0376,697.99,2025-11-25T16:49:47+00:00
order_0000001166,cust_0338,1841.23,2025-11-15T09:57:06+00:00
order_0000001167,cust_0181,155.00,2025-11-04T12:32:13+00:00
order_0000001168,cust_0560,505.00,2025-11-10T11:45:23+00:00
order_0000001169,cust_0380,2657.89,2025-11-11T04:19:46+00:00
order_0000001170,cust_0555,280.99,2025-11-13T10:48:15+00:00
order_0000001171,cust_0398,319.10,2025-11-29T06:01:08+00:00
order_0000001172,cust_0328,571.36,2025-11-18T09:35:10+00:00
order_0000001173,cust_0798,597.99,2025-11-19T10:56:58+00:00
order_0000001174,cust_0702,547.95,2025-11-10T14:15:17+00:00
order_0000001175,cust_0134,230.40,2025-11-03T10:17:18+00:00
order_0000001176,cust_0602,747.00,2025-11-22T00:38:54+00:00
order_0000001177,cust_0275,744.28,2025-11-24T09:05:02+00:00
order_0000001178,cust_0021,841.99,2025-11-07T12:50:19+00:00
order_0000001179,cust_0194,530.99,2025-11-25T09:07:42+00:00
order_0000001180,cust_0128,593.89,2025-11-06T07:41:45+00:00
order_0000001181,cust_0317,158.74,2025-11-21T06:31:46+00:00
order_0000001182,cust_0459,836.17,2025-11-17T19:25:56+00:00
order_0000001183,cust_0682,10629.97,2025-11-07T12:54:22+00:00
order_0000001184,cust_0546,918.71,2025-11-08T16:07:47+00:00
order_0000001185,cust_0890,3535.62,2025-11-29T08:33:00+00:00
order_0000001186,cust_0155,1031.46,2025-11-19T16:26:49+00:00
order_0000001187,cust_0155,757.41,2025-11-22T02:16:53+00:00
order_0000001188,cust_0883,2091.99,2025-11-19T15:29:35+00:00
order_0000001189,cust_0611,12451.00,2025-11-04T16:23:06+00:00
order_0000001190,cust_0284,1055.36,2025-11-15T11:02:57+00:00
order_0000001191,cust_0719,201.00,2025-11-11T04:24:39+00:00
order_0000001192,cust_0272,229.16,2025-11-07T19:12:22+00:00
order_0000001193,cust_0896,775.43,2025-11-14T08:54:03+00:00
order_0000001194,cust_0883,171.00,2025-11-28T19:47:54+00:00
order_0000001195,cust_0400,929.99,2025-11-07T06:56:30+00:00
order_0000001196,cust_0481,435.00,2025-11-13T15:46:17+00:00
order_0000001197,cust_0798,721.11,2025-11-05T04:15:04+00:00
order_0000001198,cust_0255,554.89,2025-11-13T09:31:11+00:00
order_0000001199,cust_0420,401.99,2025-11-22T14:09:46+00:00
order_0000001200,cust_0536,961.78,2025-11-24T11:09:44+00:00
order_0000001201,cust_0391,153.08,2025-11-05T21:52:05+00:00
order_0000001202,cust_0180,610.87,2025-11-20T15:45:55+00:00
order_0000001203,cust_0083,774.00,2025-11-19T06:53:38+00:00
order_0000001204,cust_0210,4032.26,2025-11-18T04:24:08+00:00
order_0000001205,cust_0749,1307.99,2025-11-13T06:11:40+00:00
order_0000001206,cust_0169,432.73,2025-11-06T06:08:33+00:00
order_0000001207,cust_0213,261.00,2025-11-16T07:01:06+00:00
order_0000001208,cust_0413,158.00,2025-11-07T05:34:13+00:00
order_0000001209,cust_0755,6529.99,2025-11-19T14:05:39+00:00
order_0000001210,cust_0285,621.32,2025-11-18T01:11:36+00:00
order_0000001211,cust_0392,3352.38,2025-11-02T09:32:05+00:00
order_0000001212,cust_0108,656.93,2025-11-08T03:26:09+00:00
order_0000001213,cust_0068,1661.32,2025-11-21T06:55:34+00:00
order_0000001214,cust_0548,488.00,2025-11-15T00:33:22+00:00
order_0000001215,cust_0237,608.99,2025-11-16T00:44:47+00:00
order_0000001216,cust_0481,3572.99,2025-11-25T12:49:43+00:00
order_0000001217,cust_0293,2713.31,2025-11-16T16:07:50+00:00
order_0000001218,cust_0066,1077.00,2025-11-27T21:20:19+00:00
order_0000001219,cust_0410,143.95,2025-11-12T16:42:52+00:00
order_0000001220,cust_0838,418.77,2025-11-13T13:41:53+00:00
order_0000001221,cust_0591,916.00,2025-11-29T03:12:24+00:00
order_0000001222,cust_0004,1007.54,2025-11-22T06:06:50+00:00
order_0000001223,cust_0197,449.00,2025-11-28T09:59:58+00:00
order_0000001224,cust_0643,596.00,2025-11-04T02:02:25+00:00
order_0000001225,cust_0481,578.00,2025-11-02T09:55:03+00:00
order_0000001226,cust_0881,3566.30,2025-11-23T09:43:37+00:00
order_0000001227,cust_0657,489.99,2025-11-13T04:59:45+00:00
order_0000001228,cust_0221,740.00,2025-11-08T13:41:20+00:00
order_0000001229,cust_0349,547.00,2025-11-13T15:10:27+00:00
order_0000001230,cust_0369,976.99,2025-11-25T06:46:33+00:00
order_0000001231,cust_0193,427.00,2025-11-06T11:15:31+00:00
order_0000001232,cust_0469,608.00,2025-11-23T13:31:07+00:00
order_0000001233,cust_0322,1444.00,2025-11-02T22:25:31+00:00
order_0000001234,cust_0394,674.00,2025-11-15T12:04:58+00:00
order_0000001235,cust_0186,419.24,2025-11-19T09:00:45+00:00
order_0000001236,cust_0102,729.39,2025-11-17T23:06:40+00:00
order_0000001237,cust_0217,1283.18,2025-11-12T12:55:04+00:00
order_0000001238,cust_0273,358.04,2025-11-08T08:43:49+00:00
order_0000001239,cust_0850,458.00,2025-11-18T18:08:05+00:00
order_0000001240,cust_0546,397.98,2025-11-26T16:14:42+00:00
order_0000001241,cust_0887,182.99,2025-11-08T08:25:02+00:00
order_0000001242,cust_0891,624.65,2025-11-10T13:36:16+00:00
order_0000001243,cust_0267,556.00,2025-11-13T14:29:01+00:00
order_0000001244,cust_0749,588.00,2025-11-10T15:49:53+00:00
order_0000001245,cust_0299,2240.02,2025-11-07T06:08:14+00:00
order_0000001246,cust_0619,554.99,2025-11-24T04:08:00+00:00
order_0000001247,cust_0416,374.00,2025-11-25T08:48:15+00:00
order_0000001248,cust_0613,128.67,2025-11-13T18:11:22+00:00
order_0000001249,cust_0327,249.99,2025-11-13T09:51:47+00:00
order_0000001250,cust_0064,634.30,2025-11-29T12:38:54+00:00
order_0000001251,cust_0720,2165.55,2025-11-03T12:32:58+00:00
order_0000001252,cust_0593,164.00,2025-11-29T15:03:10+00:00
order_0000001253,cust_0239,771.99,2025-11-08T01:50:07+00:00
order_0000001254,cust_0015,3450.58,2025-11-04T01:31:37+00:00
order_0000001255,cust_0398,780.99,2025-11-24T08:02:15+00:00
order_0000001256,cust_0052,1034.00,2025-11-02T04:26:10+00:00
order_0000001257,cust_0273,830.17,2025-11-04T18:16:01+00:00
order_0000001258,cust_0704,104.25,2025-11-06T07:22:06+00:00
order_0000001259,cust_0827,1695.91,2025-11-15T12:13:47+00:00
order_0000001260,cust_0323,590.99,2025-11-13T12:00:22+00:00
order_0000001261,cust_0365,852.50,2025-11-13T08:37:58+00:00
order_0000001262,cust_0644,278.74,2025-11-16T17:50:02+00:00
order_0000001263,cust_0215,636.75,2025-11-29T06:15:40+00:00
order_0000001264,cust_0759,590.53,2025-11-10T10:06:53+00:00
order_0000001265,cust_0459,2113.00,2025-11-30T14:12:15+00:00
order_0000001266,cust_0858,550.69,2025-11-08T16:25:38+00:00
order_0000001267,cust_0618,314.00,2025-11-07T09:31:25+00:00
order_0000001268,cust_0337,2118.03,2025-11-16T03:34:44+00:00
order_0000001269,cust_0023,885.99,2025-11-03T13:57:05+00:00
order_0000001270,cust_0177,1522.53,2025-11-17T15:11:29+00:00
order_0000001271,cust_0605,764.48,2025-11-26T11:32:05+00:00
order_0000001272,cust_0225,544.00,2025-11-01T05:35:44+00:00
order_0000001273,cust_0363,250.63,2025-11-04T19:58:24+00:00
order_0000001274,cust_0682,1072.13,2025-11-04T01:35:01+00:00
order_0000001275,cust_0740,1070.89,2025-11-14T09:30:05+00:00
order_0000001276,cust_0820,2625.00,2025-11-17T10:08:22+00:00
order_0000001277,cust_0225,262.05,2025-11-19T02:10:39+00:00
order_0000001278,cust_0233,946.58,2025-11-05T21:52:34+00:00
order_0000001279,cust_0784,653.99,2025-11-10T16:41:41+00:00
order_0000001280,cust_0820,828.00,2025-11-06T16:10:41+00:00
order_0000001281,cust_0195,274.99,2025-11-14T08:16:39+00:00
order_0000001282,cust_0012,165.00,2025-11-04T15:08:05+00:00
order_0000001283,cust_0375,808.00,2025-11-29T07:53:19+00:00
order_0000001284,cust_0324,617.00,2025-11-01T20:39:13+00:00
order_0000001285,cust_0408,1067.25,2025-11-22T14:02:29+00:00
order_0000001286,cust_0586,469.57,2025-11-29T15:10:53+00:00
order_0000001287,cust_0247,564.99,2025-11-29T12:21:27+00:00
order_0000001288,cust_0421,3212.00,2025-11-19T15:45:55+00:00
order_0000001289,cust_0164,941.99,2025-11-30T02:52:45+00:00
order_0000001290,cust_0013,284.92,2025-11-08T15:26:53+00:00
order_0000001291,cust_0847,182.99,2025-11-18T09:08:20+00:00
order_0000001292,cust_0715,146.18,2025-11-13T01:16:23+00:00
order_0000001293,cust_0852,881.18,2025-11-19T15:05:00+00:00
order_0000001294,cust_0243,641.43,2025-11-07T09:56:39+00:00
order_0000001295,cust_0327,750.64,2025-11-18T18:13:34+00:00
order_0000001296,cust_0224,135.00,2025-11-07T07:11:51+00:00
order_0000001297,cust_0143,3362.69,2025-11-08T06:57:16+00:00
order_0000001298,cust_0843,567.99,2025-11-23T16:56:55+00:00
order_0000001299,cust_0371,859.90,2025-11-28T08:06:40+00:00
order_0000001300,cust_0667,170.64,2025-11-26T10:52:32+00:00
order_0000001301,cust_0429,305.00,2025-11-28T12:40:30+00:00
order_0000001302,cust_0757,2138.69,2025-11-06T06:32:06+00:00
order_0000001303,cust_0611,510.00,2025-11-04T13:14:00+00:00
order_0000001304,cust_0880,404.00,2025-11-14T03:56:41+00:00
order_0000001305,cust_0042,1273.29,2025-11-19T08:26:22+00:00
order_0000001306,cust_0714,2823.00,2025-11-22T05:33:50+00:00
order_0000001307,cust_0106,299.08,2025-11-11T16:37:59+00:00
order_0000001308,cust_0643,1577.00,2025-11-24T14:12:43+00:00
order_0000001309,cust_0700,131.00,2025-11-02T01:42:38+00:00
order_0000001310,cust_0101,669.79,2025-11-15T02:38:24+00:00
order_0000001311,cust_0294,103.00,2025-11-29T07:31:58+00:00
order_0000001312,cust_0478,218.99,2025-11-27T16:51:20+00:00
order_0000001313,cust_0113,1154.82,2025-11-30T13:31:44+00:00
order_0000001314,cust_0378,2697.99,2025-11-23T08:50:03+00:00
order_0000001315,cust_0598,172.00,2025-11-27T03:23:05+00:00
order_0000001316,cust_0532,3114.59,2025-11-01T01:10:35+00:00
order_0000001317,cust_0282,6619.01,2025-11-24T05:11:20+00:00
order_0000001318,cust_0165,1011.00,2025-11-20T05:10:00+00:00
order_0000001319,cust_0569,2437.62,2025-11-01T00:27:18+00:00
order_0000001320,cust_0225,165.47,2025-11-18T11:07:00+00:00
order_0000001321,cust_0807,808.00,2025-11-14T07:36:51+00:00
order_0000001322,cust_0594,1175.64,2025-11-05T06:25:23+00:00
order_0000001323,cust_0346,740.99,2025-11-12T13:55:51+00:00
order_0000001324,cust_0521,917.20,2025-11-22T13:52:22+00:00
order_0000001325,cust_0238,796.00,2025-11-14T10:36:10+00:00
order_0000001326,cust_0324,701.42,2025-11-21T13:48:03+00:00
order_0000001327,cust_0310,276.99,2025-11-03T00:57:52+00:00
order_0000001328,cust_0606,686.23,2025-11-01T14:27:36+00:00
order_0000001329,cust_0525,423.99,2025-11-12T14:07:00+00:00
order_0000001330,cust_0155,252.96,2025-11-19T07:16:24+00:00
order_0000001331,cust_0476,616.00,2025-11-07T06:16:34+00:00
order_0000001332,cust_0813,1013.00,2025-11-24T07:55:37+00:00
order_0000001333,cust_0571,692.00,2025-11-05T08:48:17+00:00
order_0000001334,cust_0084,471.06,2025-11-07T16:04:08+00:00
order_0000001335,cust_0606,1732.76,2025-11-25T12:22:37+00:00
order_0000001336,cust_0576,875.53,2025-11-08T11:14:36+00:00
order_0000001337,cust_0551,3347.30,2025-11-27T03:10:54+00:00
order_0000001338,cust_0445,944.99,2025-11-09T17:03:37+00:00
order_0000001339,cust_0046,2921.00,2025-11-04T06:38:45+00:00
order_0000001340,cust_0538,780.20,2025-11-10T12:56:52+00:00
order_0000001341,cust_0860,2011.92,2025-11-30T14:59:26+00:00
order_0000001342,cust_0510,2635.35,2025-11-09T01:50:47+00:00
order_0000001343,cust_0628,388.93,2025-10-31T23:24:28+00:00
order_0000001344,cust_0409,1812.00,2025-11-15T15:02:53+00:00
order_0000001345,cust_0889,958.00,2025-11-01T17:14:06+00:00
order_0000001346,cust_0529,6525.99,2025-11-03T05:56:17+00:00
order_0000001347,cust_0361,196.99,2025-11-10T09:39:49+00:00
order_0000001348,cust_0761,117.00,2025-11-20T13:01:57+00:00
order_0000001349,cust_0076,2982.99,2025-11-10T08:13:53+00:00
order_0000001350,cust_0846,332.97,2025-11-19T12:25:53+00:00
order_0000001351,cust_0036,623.73,2025-11-03T22:50:29+00:00
order_0000001352,cust_0383,256.99,2025-11-13T16:32:07+00:00
order_0000001353,cust_0119,2980.00,2025-11-10T11:35:39+00:00
order_0000001354,cust_0138,8323.00,2025-11-12T11:32:05+00:00
order_0000001355,cust_0417,2614.99,2025-11-11T16:18:55+00:00
order_0000001356,cust_0663,866.67,2025-11-27T07:33:45+00:00
order_0000001357,cust_0759,2138.17,2025-11-30T07:24:03+00:00
order_0000001358,cust_0411,1519.43,2025-11-06T09:37:44+00:00
order_0000001359,cust_0646,356.99,2025-11-26T15:07:25+00:00
order_0000001360,cust_0099,13572.17,2025-11-12T09:42:29+00:00
order_0000001361,cust_0275,3541.00,2025-11-22T10:38:03+00:00
order_0000001362,cust_0587,749.90,2025-11-04T17:30:53+00:00
order_0000001363,cust_0563,2062.00,2025-11-06T04:29:07+00:00
order_0000001364,cust_0713,268.99,2025-11-19T06:35:51+00:00
order_0000001365,cust_0758,534.00,2025-11-09T15:17:09+00:00
order_0000001366,cust_0453,1075.86,2025-11-20T05:29:15+00:00
order_0000001367,cust_0660,419.03,2025-11-19T13:27:18+00:00
order_0000001368,cust_0089,779.99,2025-11-30T03:23:10+00:00
order_0000001369,cust_0580,109.00,2025-11-28T11:04:23+00:00
order_0000001370,cust_0726,589.01,2025-11-19T04:05:13+00:00
order_0000001371,cust_0892,1016.00,2025-11-09T16:59:47+00:00
order_0000001372,cust_0175,408.98,2025-11-12T10:30:33+00:00
order_0000001373,cust_0874,630.99,2025-11-17T10:46:02+00:00
order_0000001374,cust_0675,770.55,2025-11-09T08:36:01+00:00
order_0000001375,cust_0126,840.02,2025-11-18T01:59:23+00:00
order_0000001376,cust_0520,295.99,2025-11-10T08:47:48+00:00
order_0000001377,cust_0697,139.99,2025-11-14T13:11:29+00:00
order_0000001378,cust_0833,483.99,2025-11-13T05:24:11+00:00
order_0000001379,cust_0690,487.07,2025-11-11T04:44:03+00:00
order_0000001380,cust_0542,1062.69,2025-11-05T09:03:22+00:00
order_0000001381,cust_0754,551.83,2025-11-27T17:37:12+00:00
order_0000001382,cust_0032,326.99,2025-11-05T09:24:41+00:00
order_0000001383,cust_0399,4275.00,2025-11-18T13:50:21+00:00
order_0000001384,cust_0477,112.00,2025-11-14T17:46:27+00:00
order_0000001385,cust_0714,246.00,2025-11-09T02:15:26+00:00
order_0000001386,cust_0604,733.46,2025-11-20T06:51:58+00:00
order_0000001387,cust_0182,6239.99,2025-11-15T06:22:51+00:00
order_0000001388,cust_0255,873.22,2025-11-17T07:22:59+00:00
order_0000001389,cust_0715,947.00,2025-11-08T09:57:29+00:00
order_0000001390,cust_0143,789.99,2025-11-20T05:45:27+00:00
order_0000001391,cust_0276,201.99,2025-11-01T13:30:49+00:00
order_0000001392,cust_0695,927.00,2025-11-22T06:57:36+00:00
order_0000001393,cust_0454,867.99,2025-11-19T14:01:19+00:00
order_0000001394,cust_0257,822.09,2025-11-26T14:11:30+00:00
order_0000001395,cust_0409,2879.29,2025-11-19T07:18:01+00:00
order_0000001396,cust_0194,1030.00,2025-11-07T22:35:16+00:00
order_0000001397,cust_0466,426.00,2025-11-15T06:42:33+00:00
order_0000001398,cust_0742,301.54,2025-11-29T10:59:29+00:00
order_0000001399,cust_0001,681.09,2025-11-13T12:48:03+00:00
order_0000001400,cust_0288,205.00,2025-11-16T17:19:22+00:00
order_0000001401,cust_0344,17116.28,2025-11-21T02:58:06+00:00
order_0000001402,cust_0267,2616.00,2025-11-15T19:03:34+00:00
order_0000001403,cust_0889,500.45,2025-11-02T15:05:57+00:00
order_0000001404,cust_0898,882.03,2025-11-07T07:25:41+00:00
order_0000001405,cust_0019,396.20,2025-11-12T06:23:14+00:00
order_0000001406,cust_0087,571.00,2025-11-23T03:58:35+00:00
order_0000001407,cust_0494,280.00,2025-11-10T17:11:27+00:00
order_0000001408,cust_0179,783.99,2025-11-01T12:08:22+00:00
order_0000001409,cust_0506,723.00,2025-11-04T05:59:42+00:00
order_0000001410,cust_0895,639.01,2025-11-27T21:09:57+00:00
order_0000001411,cust_0820,3416.00,2025-11-24T16:12:27+00:00
order_0000001412,cust_0327,531.23,2025-11-19T22:22:41+00:00
order_0000001413,cust_0886,428.33,2025-11-15T05:31:41+00:00
order_0000001414,cust_0742,295.67,2025-11-28T02:02:50+00:00
order_0000001415,cust_0794,152.77,2025-11-07T08:59:16+00:00
order_0000001416,cust_0681,186.00,2025-11-03T17:12:58+00:00
order_0000001417,cust_0700,643.00,2025-11-30T07:51:17+00:00
order_0000001418,cust_0528,14463.72,2025-11-15T22:36:22+00:00
order_0000001419,cust_0784,2925.15,2025-11-06T16:27:04+00:00
order_0000001420,cust_0159,690.00,2025-11-24T20:32:26+00:00
order_0000001421,cust_0115,2612.74,2025-11-09T22:16:50+00:00
order_0000001422,cust_0504,345.28,2025-11-15T01:02:41+00:00
order_0000001423,cust_0392,872.47,2025-11-18T04:25:02+00:00
order_0000001424,cust_0610,477.99,2025-11-15T06:34:55+00:00
order_0000001425,cust_0094,299.00,2025-11-12T10:03:42+00:00
order_0000001426,cust_0510,1907.99,2025-11-28T18:12:15+00:00
order_0000001427,cust_0023,480.99,2025-11-16T17:53:55+00:00
order_0000001428,cust_0151,961.00,2025-11-02T00:30:07+00:00
order_0000001429,cust_0182,390.00,2025-11-23T09:46:05+00:00
order_0000001430,cust_0274,673.03,2025-11-02T19:54:23+00:00
order_0000001431,cust_0308,380.23,2025-11-25T21:44:29+00:00
order_0000001432,cust_0837,16722.01,2025-11-10T13:14:03+00:00
order_0000001433,cust_0465,507.93,2025-11-06T07:46:40+00:00
order_0000001434,cust_0337,505.99,2025-11-29T13:25:19+00:00
order_0000001435,cust_0863,185.00,2025-11-26T06:38:38+00:00
order_0000001436,cust_0715,3029.00,2025-11-29T09:47:27+00:00
order_0000001437,cust_0269,867.26,2025-11-13T07:42:59+00:00
order_0000001438,cust_0716,987.99,2025-11-04T17:34:05+00:00
order_0000001439,cust_0830,383.99,2025-11-10T17:12:37+00:00
order_0000001440,cust_0624,396.00,2025-11-03T04:57:13+00:00
order_0000001441,cust_0769,945.15,2025-11-12T14:55:46+00:00
order_0000001442,cust_0441,1136.25,2025-11-27T10:38:08+00:00
order_0000001443,cust_0487,804.05,2025-11-12T14:45:02+00:00
order_0000001444,cust_0344,150.00,2025-11-16T05:07:26+00:00
order_0000001445,cust_0620,2599.34,2025-11-23T06:29:31+00:00
order_0000001446,cust_0823,526.60,2025-11-26T13:06:25+00:00
order_0000001447,cust_0561,2711.99,2025-11-25T21:31:31+00:00
order_0000001448,cust_0361,801.00,2025-11-10T09:21:34+00:00
order_0000001449,cust_0280,847.76,2025-11-17T06:16:56+00:00
order_0000001450,cust_0338,337.00,2025-11-04T14:39:56+00:00
order_0000001451,cust_0802,236.00,2025-11-27T04:52:35+00:00
order_0000001452,cust_0016,1173.34,2025-11-29T12:12:36+00:00
order_0000001453,cust_0066,998.70,2025-11-14T04:32:29+00:00
order_0000001454,cust_0003,4946.08,2025-11-12T14:28:56+00:00
order_0000001455,cust_0045,995.25,2025-11-28T08:42:19+00:00
order_0000001456,cust_0720,259.51,2025-11-02T10:37:49+00:00
order_0000001457,cust_0310,458.00,2025-11-10T14:32:10+00:00
order_0000001458,cust_0294,936.45,2025-11-05T17:00:12+00:00
order_0000001459,cust_0434,789.06,2025-11-15T12:31:44+00:00
order_0000001460,cust_0667,260.92,2025-11-26T17:40:58+00:00
order_0000001461,cust_0503,996.15,2025-11-26T14:29:39+00:00
order_0000001462,cust_0674,2217.65,2025-11-28T13:11:24+00:00
order_0000001463,cust_0344,643.00,2025-11-07T11:47:54+00:00
order_0000001464,cust_0245,180.99,2025-11-15T12:07:31+00:00
order_0000001465,cust_0449,925.62,2025-11-15T02:41:52+00:00
order_0000001466,cust_0550,717.00,2025-11-21T17:37:21+00:00
order_0000001467,cust_0489,326.08,2025-11-07T06:46:25+00:00
order_0000001468,cust_0249,513.27,2025-11-06T08:35:55+00:00
order_0000001469,cust_0008,3294.99,2025-11-17T04:14:32+00:00
order_0000001470,cust_0456,3040.00,2025-11-07T16:16:03+00:00
order_0000001471,cust_0122,979.99,2025-11-08T08:11:25+00:00
order_0000001472,cust_0388,210.15,2025-11-15T23:38:38+00:00
order_0000001473,cust_0599,330.00,2025-11-07T16:34:05+00:00
order_0000001474,cust_0129,649.66,2025-11-24T12:54:19+00:00
order_0000001475,cust_0098,1682.23,2025-11-04T09:27:38+00:00
order_0000001476,cust_0624,371.00,2025-11-03T08:20:17+00:00
order_0000001477,cust_0326,957.10,2025-11-30T00:33:58+00:00
order_0000001478,cust_0420,428.27,2025-11-17T10:01:33+00:00
order_0000001479,cust_0381,442.62,2025-11-07T03:06:03+00:00
order_0000001480,cust_0043,2368.00,2025-11-25T16:36:32+00:00
order_0000001481,cust_0520,657.61,2025-11-02T12:31:37+00:00
order_0000001482,cust_0229,512.68,2025-11-06T02:40:20+00:00
order_0000001483,cust_0075,587.55,2025-11-01T07:40:04+00:00
order_0000001484,cust_0067,743.40,2025-11-27T12:46:38+00:00
order_0000001485,cust_0353,818.00,2025-11-19T11:54:09+00:00
order_0000001486,cust_0639,5878.79,2025-11-02T07:02:04+00:00
order_0000001487,cust_0088,426.32,2025-11-24T19:32:36+00:00
order_0000001488,cust_0452,155.81,2025-11-14T22:35:19+00:00
order_0000001489,cust_0683,1032.99,2025-11-30T16:29:30+00:00
order_0000001490,cust_0602,1323.00,2025-11-05T06:01:56+00:00
order_0000001491,cust_0233,150.73,2025-11-19T10:34:47+00:00
order_0000001492,cust_0724,444.00,2025-11-25T22:13:26+00:00
order_0000001493,cust_0878,159.06,2025-11-11T07:05:36+00:00
order_0000001494,cust_0436,132.00,2025-11-16T11:45:26+00:00
order_0000001495,cust_0882,1295.91,2025-11-18T13:13:59+00:00
order_0000001496,cust_0790,254.25,2025-11-27T18:05:07+00:00
order_0000001497,cust_0035,792.92,2025-11-14T15:57:04+00:00
order_0000001498,cust_0457,561.99,2025-11-20T12:33:49+00:00
order_0000001499,cust_0511,2418.52,2025-11-10T21:09:39+00:00
order_0000001500,cust_0186,2123.00,2025-11-19T15:43:46+00:00
order_0000001501,cust_0664,951.99,2025-11-03T13:46:38+00:00
order_0000001502,cust_0517,787.00,2025-11-20T09:39:45+00:00
order_0000001503,cust_0313,978.76,2025-11-12T11:31:13+00:00
order_0000001504,cust_0431,1990.37,2025-11-02T09:59:45+00:00
order_0000001505,cust_0628,163.82,2025-11-09T09:45:02+00:00
order_0000001506,cust_0724,515.00,2025-11-02T18:16:31+00:00
order_0000001507,cust_0087,834.13,2025-11-16T13:50:08+00:00
order_0000001508,cust_0382,1318.69,2025-11-28T06:13:10+00:00
order_0000001509,cust_0224,1333.41,2025-11-25T12:01:58+00:00
order_0000001510,cust_0256,1974.86,2025-11-23T02:06:21+00:00
order_0000001511,cust_0463,576.14,2025-11-20T09:33:09+00:00
order_0000001512,cust_0006,3358.55,2025-11-29T02:22:44+00:00
order_0000001513,cust_0190,419.00,2025-11-27T11:49:08+00:00
order_0000001514,cust_0537,269.69,2025-11-04T03:09:21+00:00
order_0000001515,cust_0286,287.78,2025-11-28T14:32:32+00:00
order_0000001516,cust_0322,302.00,2025-11-06T15:36:34+00:00
order_0000001517,cust_0588,637.65,2025-11-18T08:54:40+00:00
order_0000001518,cust_0090,838.00,2025-11-28T15:42:30+00:00
order_0000001519,cust_0021,449.94,2025-11-21T10:55:59+00:00
order_0000001520,cust_0696,2070.53,2025-11-22T10:03:25+00:00
order_0000001521,cust_0791,208.00,2025-11-09T12:03:34+00:00
order_0000001522,cust_0094,637.42,2025-11-18T12:52:21+00:00
order_0000001523,cust_0131,3511.99,2025-11-24T23:44:07+00:00
order_0000001524,cust_0289,929.00,2025-11-09T12:17:36+00:00
order_0000001525,cust_0176,486.32,2025-11-02T14:43:18+00:00
order_0000001526,cust_0399,791.00,2025-11-05T02:47:33+00:00
order_0000001527,cust_0452,180.13,2025-11-21T21:21:44+00:00
order_0000001528,cust_0222,1066.01,2025-11-04T15:58:43+00:00
order_0000001529,cust_0620,368.89,2025-11-02T21:17:33+00:00
order_0000001530,cust_0825,1883.00,2025-11-07T06:44:20+00:00
order_0000001531,cust_0759,476.00,2025-11-02T14:30:27+00:00
order_0000001532,cust_0869,3054.99,2025-11-19T14:34:52+00:00
order_0000001533,cust_0872,648.60,2025-11-27T16:30:37+00:00
order_0000001534,cust_0716,836.85,2025-11-18T04:45:48+00:00
order_0000001535,cust_0741,214.00,2025-11-30T12:57:30+00:00
order_0000001536,cust_0768,145.95,2025-11-07T18:14:02+00:00
order_0000001537,cust_0516,699.93,2025-11-17T10:53:32+00:00
order_0000001538,cust_0057,775.00,2025-11-24T17:52:42+00:00
order_0000001539,cust_0530,289.99,2025-11-23T16:21:18+00:00
order_0000001540,cust_0547,980.00,2025-11-19T03:39:21+00:00
order_0000001541,cust_0726,206.00,2025-11-20T12:48:13+00:00
order_0000001542,cust_0112,612.32,2025-11-19T23:42:53+00:00
order_0000001543,cust_0596,872.56,2025-11-11T17:14:59+00:00
order_0000001544,cust_0517,1667.77,2025-11-30T01:28:40+00:00
order_0000001545,cust_0851,292.90,2025-11-14T02:23:14+00:00
order_0000001546,cust_0056,969.00,2025-11-19T09:11:57+00:00
order_0000001547,cust_0224,748.51,2025-11-03T10:07:55+00:00
order_0000001548,cust_0678,696.99,2025-11-23T10:23:11+00:00
order_0000001549,cust_0470,512.99,2025-11-09T04:38:42+00:00
order_0000001550,cust_0314,869.00,2025-11-20T03:11:07+00:00
order_0000001551,cust_0784,857.64,2025-11-04T00:34:40+00:00
order_0000001552,cust_0370,221.99,2025-11-22T13:57:55+00:00
order_0000001553,cust_0715,450.00,2025-11-17T08:28:58+00:00
order_0000001554,cust_0255,246.99,2025-11-06T17:46:42+00:00
order_0000001555,cust_0095,747.00,2025-11-27T22:23:55+00:00
order_0000001556,cust_0509,526.14,2025-11-06T06:57:17+00:00
order_0000001557,cust_0463,890.49,2025-11-05T16:27:09+00:00
order_0000001558,cust_0557,265.99,2025-11-21T15:52:40+00:00
order_0000001559,cust_0515,947.10,2025-11-12T11:57:33+00:00
order_0000001560,cust_0440,861.00,2025-11-18T15:37:50+00:00
order_0000001561,cust_0332,124.35,2025-11-09T17:40:35+00:00
order_0000001562,cust_0104,12505.08,2025-11-24T12:08:44+00:00
order_0000001563,cust_0116,542.00,2025-11-15T09:23:35+00:00
order_0000001564,cust_0830,2515.72,2025-11-15T08:45:46+00:00
order_0000001565,cust_0375,710.94,2025-11-12T04:51:13+00:00
order_0000001566,cust_0091,467.00,2025-11-06T04:15:09+00:00
order_0000001567,cust_0318,16976.98,2025-11-17T12:21:27+00:00
order_0000001568,cust_0147,426.16,2025-11-03T20:50:20+00:00
order_0000001569,cust_0464,139.67,2025-11-02T11:59:04+00:00
order_0000001570,cust_0250,278.82,2025-11-21T13:59:20+00:00
order_0000001571,cust_0288,1079.00,2025-11-13T10:42:16+00:00
order_0000001572,cust_0483,686.00,2025-11-06T15:24:57+00:00
order_0000001573,cust_0369,437.00,2025-11-10T07:10:58+00:00
order_0000001574,cust_0895,514.11,2025-11-08T07:43:15+00:00
order_0000001575,cust_0627,2343.44,2025-11-12T02:28:24+00:00
order_0000001576,cust_0773,3598.72,2025-11-02T04:39:21+00:00
order_0000001577,cust_0329,595.00,2025-11-30T06:04:50+00:00
order_0000001578,cust_0044,980.00,2025-11-16T12:13:03+00:00
order_0000001579,cust_0485,438.00,2025-11-19T07:40:56+00:00
order_0000001580,cust_0729,922.00,2025-11-17T14:45:47+00:00
order_0000001581,cust_0238,705.00,2025-11-03T16:33:39+00:00
order_0000001582,cust_0644,705.99,2025-11-17T09:09:31+00:00
order_0000001583,cust_0247,886.17,2025-11-28T17:45:43+00:00
order_0000001584,cust_0376,563.99,2025-11-06T01:23:48+00:00
order_0000001585,cust_0413,1032.00,2025-11-22T11:59:50+00:00
order_0000001586,cust_0106,957.17,2025-11-09T12:07:30+00:00
order_0000001587,cust_0890,11320.99,2025-11-20T14:42:54+00:00
order_0000001588,cust_0371,585.02,2025-11-09T16:17:24+00:00
order_0000001589,cust_0539,495.43,2025-11-19T21:52:31+00:00
order_0000001590,cust_0808,208.00,2025-11-23T22:56:11+00:00
order_0000001591,cust_0102,764.43,2025-11-15T07:57:56+00:00
order_0000001592,cust_0569,2775.99,2025-11-11T16:51:36+00:00
order_0000001593,cust_0213,334.33,2025-11-27T21:45:19+00:00
order_0000001594,cust_0802,3518.00,2025-11-06T16:29:11+00:00
order_0000001595,cust_0500,904.83,2025-11-07T14:07:25+00:00
order_0000001596,cust_0028,335.00,2025-11-26T01:05:40+00:00
order_0000001597,cust_0576,123.06,2025-11-05T12:35:43+00:00
order_0000001598,cust_0632,211.69,2025-11-18T06:30:52+00:00
order_0000001599,cust_0409,168.00,2025-11-24T10:12:22+00:00
order_0000001600,cust_0401,3463.00,2025-11-12T15:03:07+00:00
order_0000001601,cust_0087,223.00,2025-11-21T14:56:43+00:00
order_0000001602,cust_0899,793.99,2025-11-17T06:21:51+00:00
order_0000001603,cust_0187,728.39,2025-11-25T14:52:52+00:00
order_0000001604,cust_0382,1022.00,2025-11-01T11:53:54+00:00
order_0000001605,cust_0074,180.55,2025-11-23T11:31:55+00:00
order_0000001606,cust_0239,620.45,2025-11-09T04:31:41+00:00
order_0000001607,cust_0197,487.99,2025-11-10T10:31:40+00:00
order_0000001608,cust_0446,714.97,2025-11-11T08:46:54+00:00
order_0000001609,cust_0003,2134.99,2025-11-29T16:03:04+00:00
order_0000001610,cust_0460,515.00,2025-11-05T17:01:55+00:00
order_0000001611,cust_0770,2006.00,2025-11-08T05:46:17+00:00
order_0000001612,cust_0765,5679.00,2025-11-17T02:29:57+00:00
order_0000001613,cust_0375,783.84,2025-11-21T14:01:45+00:00
order_0000001614,cust_0127,304.51,2025-11-10T14:17:01+00:00
order_0000001615,cust_0072,122.08,2025-11-03T06:06:27+00:00
order_0000001616,cust_0537,943.00,2025-11-18T09:15:44+00:00
order_0000001617,cust_0120,919.46,2025-11-23T13:31:11+00:00
order_0000001618,cust_0593,970.67,2025-11-26T16:20:35+00:00
order_0000001619,cust_0296,738.55,2025-11-29T15:30:57+00:00
order_0000001620,cust_0721,438.49,2025-11-15T10:25:25+00:00
order_0000001621,cust_0310,646.77,2025-11-01T13:22:28+00:00
order_0000001622,cust_0793,1036.99,2025-11-11T07:33:34+00:00
order_0000001623,cust_0196,813.99,2025-11-07T12:16:21+00:00
order_0000001624,cust_0389,581.99,2025-11-21T07:30:34+00:00
order_0000001625,cust_0895,597.75,2025-11-15T00:08:54+00:00
order_0000001626,cust_0809,698.00,2025-11-29T01:44:47+00:00
order_0000001627,cust_0161,327.99,2025-11-16T23:26:27+00:00
order_0000001628,cust_0220,16908.67,2025-11-25T01:49:29+00:00
order_0000001629,cust_0850,3194.00,2025-11-18T09:25:06+00:00
order_0000001630,cust_0733,191.00,2025-11-10T08:32:42+00:00
order_0000001631,cust_0567,660.81,2025-11-04T07:47:59+00:00
order_0000001632,cust_0313,99.99,2025-11-30T11:50:07+00:00
order_0000001633,cust_0605,907.00,2025-11-20T16:00:48+00:00
order_0000001634,cust_0287,710.00,2025-11-08T07:03:25+00:00
order_0000001635,cust_0229,744.29,2025-11-24T01:37:56+00:00
order_0000001636,cust_0816,705.00,2025-11-17T15:50:10+00:00
order_0000001637,cust_0534,820.68,2025-11-14T22:10:35+00:00
order_0000001638,cust_0483,740.30,2025-11-30T18:17:43+00:00
order_0000001639,cust_0221,553.00,2025-11-20T04:05:59+00:00
order_0000001640,cust_0668,952.99,2025-11-22T09:39:39+00:00
order_0000001641,cust_0099,3186.79,2025-11-12T23:34:04+00:00
order_0000001642,cust_0813,107.93,2025-11-18T15:32:09+00:00
order_0000001643,cust_0878,577.46,2025-11-23T00:51:55+00:00
order_0000001644,cust_0621,117.09,2025-11-11T08:59:18+00:00
order_0000001645,cust_0704,640.99,2025-11-01T04:41:15+00:00
order_0000001646,cust_0783,2430.00,2025-11-11T06:07:13+00:00
order_0000001647,cust_0451,447.92,2025-11-24T00:50:11+00:00
order_0000001648,cust_0545,793.00,2025-11-22T10:16:27+00:00
order_0000001649,cust_0374,713.37,2025-11-26T07:25:22+00:00
order_0000001650,cust_0215,815.37,2025-11-09T08:28:33+00:00
order_0000001651,cust_0247,620.99,2025-11-25T14:02:22+00:00
order_0000001652,cust_0224,1088.99,2025-11-22T17:55:12+00:00
order_0000001653,cust_0703,198.99,2025-11-25T14:35:01+00:00
order_0000001654,cust_0894,252.00,2025-11-05T10:40:07+00:00
order_0000001655,cust_0760,1099.13,2025-11-19T05:59:22+00:00
order_0000001656,cust_0698,750.54,2025-11-17T08:41:39+00:00
order_0000001657,cust_0726,3363.22,2025-11-16T07:35:07+00:00
order_0000001658,cust_0681,182.31,2025-11-07T07:33:08+00:00
order_0000001659,cust_0836,819.33,2025-11-18T19:26:30+00:00
order_0000001660,cust_0789,4480.00,2025-11-13T00:38:37+00:00
order_0000001661,cust_0066,720.56,2025-11-25T10:43:23+00:00
order_0000001662,cust_0781,1019.99,2025-11-17T15:57:18+00:00
order_0000001663,cust_0826,1326.84,2025-11-20T01:56:10+00:00
order_0000001664,cust_0572,432.80,2025-11-15T10:12:02+00:00
order_0000001665,cust_0729,572.00,2025-11-08T00:20:38+00:00
order_0000001666,cust_0569,798.27,2025-11-14T06:38:21+00:00
order_0000001667,cust_0675,548.00,2025-11-27T06:45:17+00:00
order_0000001668,cust_0335,720.22,2025-11-09T23:09:55+00:00
order_0000001669,cust_0704,3976.15,2025-11-09T04:02:25+00:00
order_0000001670,cust_0395,1052.00,2025-11-23T14:22:08+00:00
order_0000001671,cust_0610,1052.32,2025-11-09T16:10:05+00:00
order_0000001672,cust_0585,194.32,2025-11-17T01:36:05+00:00
order_0000001673,cust_0239,1060.32,2025-11-20T11:53:18+00:00
order_0000001674,cust_0382,973.00,2025-11-21T11:39:59+00:00
order_0000001675,cust_0489,251.84,2025-11-05T13:55:30+00:00
order_0000001676,cust_0013,678.68,2025-11-14T03:15:44+00:00
order_0000001677,cust_0121,962.00,2025-11-13T17:48:34+00:00
order_0000001678,cust_0687,748.00,2025-11-06T10:58:54+00:00
order_0000001679,cust_0661,860.59,2025-11-15T04:41:10+00:00
order_0000001680,cust_0796,952.00,2025-11-14T03:41:34+00:00
order_0000001681,cust_0171,690.80,2025-11-04T10:48:39+00:00
order_0000001682,cust_0459,577.22,2025-11-06T00:15:58+00:00
order_0000001683,cust_0653,601.00,2025-11-21T09:04:02+00:00
order_0000001684,cust_0306,689.92,2025-11-04T02:47:30+00:00
order_0000001685,cust_0226,740.49,2025-11-19T01:48:29+00:00
order_0000001686,cust_0467,333.92,2025-11-21T14:49:57+00:00
order_0000001687,cust_0614,429.00,2025-11-10T18:21:26+00:00
order_0000001688,cust_0713,403.72,2025-11-26T12:08:43+00:00
order_0000001689,cust_0483,179.86,2025-11-22T00:42:33+00:00
order_0000001690,cust_0350,709.99,2025-11-08T16:18:45+00:00
order_0000001691,cust_0776,827.66,2025-11-18T08:22:52+00:00
order_0000001692,cust_0697,749.00,2025-11-23T09:40:24+00:00
order_0000001693,cust_0878,410.92,2025-11-24T04:39:18+00:00
order_0000001694,cust_0262,677.99,2025-11-18T04:08:30+00:00
order_0000001695,cust_0253,7713.99,2025-11-21T06:00:52+00:00
order_0000001696,cust_0173,249.00,2025-11-01T13:09:07+00:00
order_0000001697,cust_0888,122.00,2025-11-24T07:06:40+00:00
order_0000001698,cust_0268,916.00,2025-11-06T07:52:35+00:00
order_0000001699,cust_0826,974.32,2025-11-04T03:19:48+00:00
order_0000001700,cust_0078,1611.00,2025-11-01T15:23:25+00:00
order_0000001701,cust_0556,790.01,2025-11-18T22:13:30+00:00
order_0000001702,cust_0231,249.56,2025-11-04T11:18:20+00:00
order_0000001703,cust_0722,820.15,2025-11-23T15:22:03+00:00
order_0000001704,cust_0567,567.03,2025-11-16T05:48:11+00:00
order_0000001705,cust_0415,769.99,2025-11-10T01:21:23+00:00
order_0000001706,cust_0118,1901.85,2025-11-07T01:21:48+00:00
order_0000001707,cust_0232,351.99,2025-11-21T01:41:16+00:00
order_0000001708,cust_0891,2351.71,2025-11-25T08:52:51+00:00
order_0000001709,cust_0561,2805.31,2025-11-07T10:43:01+00:00
order_0000001710,cust_0332,389.00,2025-11-01T12:03:04+00:00
order_0000001711,cust_0033,1017.80,2025-11-13T13:05:00+00:00
order_0000001712,cust_0890,461.19,2025-11-16T03:54:09+00:00
order_0000001713,cust_0442,864.99,2025-11-03T04:04:57+00:00
order_0000001714,cust_0586,439.67,2025-11-08T10:27:08+00:00
order_0000001715,cust_0059,654.80,2025-11-23T05:00:57+00:00
order_0000001716,cust_0292,976.46,2025-11-08T03:49:31+00:00
order_0000001717,cust_0576,15764.00,2025-11-02T17:07:02+00:00
order_0000001718,cust_0144,811.74,2025-11-13T00:04:25+00:00
order_0000001719,cust_0594,704.00,2025-10-31T22:22:03+00:00
order_0000001720,cust_0448,350.99,2025-11-11T20:44:50+00:00
order_0000001721,cust_0639,1066.99,2025-11-17T06:27:18+00:00
order_0000001722,cust_0686,1630.00,2025-11-21T08:54:28+00:00
order_0000001723,cust_0546,694.00,2025-11-10T06:41:40+00:00
order_0000001724,cust_0435,2504.00,2025-11-24T02:49:35+00:00
order_0000001725,cust_0516,1074.00,2025-11-07T05:33:27+00:00
order_0000001726,cust_0317,924.12,2025-11-14T16:03:46+00:00
order_0000001727,cust_0434,231.00,2025-11-27T22:41:53+00:00
order_0000001728,cust_0506,903.00,2025-11-17T11:40:04+00:00
order_0000001729,cust_0261,3058.00,2025-11-27T16:36:42+00:00
order_0000001730,cust_0351,688.00,2025-11-07T15:38:22+00:00
order_0000001731,cust_0597,313.26,2025-11-09T12:19:01+00:00
order_0000001732,cust_0630,934.25,2025-11-18T04:52:02+00:00
order_0000001733,cust_0733,905.75,2025-11-29T19:31:17+00:00
order_0000001734,cust_0481,742.99,2025-11-20T07:15:59+00:00
order_0000001735,cust_0754,638.87,2025-11-18T17:43:37+00:00
order_0000001736,cust_0254,347.70,2025-11-05T03:25:52+00:00
order_0000001737,cust_0432,935.00,2025-11-19T15:12:12+00:00
order_0000001738,cust_0501,809.89,2025-11-16T03:53:30+00:00
order_0000001739,cust_0461,13481.26,2025-11-28T03:41:33+00:00
order_0000001740,cust_0014,503.99,2025-11-14T11:43:17+00:00
order_0000001741,cust_0142,1889.42,2025-11-14T15:30:32+00:00
order_0000001742,cust_0496,1028.50,2025-11-01T22:41:35+00:00
order_0000001743,cust_0657,946.52,2025-11-18T00:17:08+00:00
order_0000001744,cust_0362,961.19,2025-11-25T17:58:01+00:00
order_0000001745,cust_0815,493.49,2025-11-19T02:07:43+00:00
order_0000001746,cust_0245,315.00,2025-11-22T20:58:21+00:00
order_0000001747,cust_0046,688.44,2025-11-21T17:00:06+00:00
order_0000001748,cust_0198,1938.00,2025-11-15T17:22:40+00:00
order_0000001749,cust_0206,3029.00,2025-11-17T08:26:34+00:00
order_0000001750,cust_0099,640.65,2025-11-24T13:57:40+00:00
order_0000001751,cust_0028,1721.09,2025-11-14T18:03:58+00:00
order_0000001752,cust_0305,503.00,2025-11-17T02:08:27+00:00
order_0000001753,cust_0719,198.76,2025-11-18T08:58:58+00:00
order_0000001754,cust_0299,1385.49,2025-11-13T13:55:54+00:00
order_0000001755,cust_0718,212.06,2025-11-27T09:54:44+00:00
order_0000001756,cust_0704,700.00,2025-11-23T13:00:04+00:00
order_0000001757,cust_0624,840.99,2025-11-02T17:52:57+00:00
order_0000001758,cust_0820,2794.00,2025-11-17T03:58:44+00:00
order_0000001759,cust_0462,929.00,2025-11-23T00:40:19+00:00
order_0000001760,cust_0165,219.99,2025-11-16T00:02:45+00:00
order_0000001761,cust_0804,528.41,2025-11-19T07:02:52+00:00
order_0000001762,cust_0414,146.34,2025-11-19T21:01:23+00:00
order_0000001763,cust_0045,529.99,2025-11-01T14:36:38+00:00
order_0000001764,cust_0582,660.31,2025-11-01T06:50:58+00:00
order_0000001765,cust_0837,474.99,2025-11-28T05:11:48+00:00
order_0000001766,cust_0054,945.97,2025-11-09T17:50:51+00:00
order_0000001767,cust_0064,956.87,2025-11-03T07:39:06+00:00
order_0000001768,cust_0845,2293.39,2025-11-28T08:03:06+00:00
order_0000001769,cust_0399,3354.99,2025-11-19T14:02:10+00:00
order_0000001770,cust_0307,165.00,2025-11-24T19:43:15+00:00
order_0000001771,cust_0068,267.97,2025-11-25T20:12:52+00:00
order_0000001772,cust_0524,1063.00,2025-11-26T05:21:42+00:00
order_0000001773,cust_0821,1455.25,2025-11-12T17:15:57+00:00
order_0000001774,cust_0773,1045.99,2025-11-20T08:16:46+00:00
order_0000001775,cust_0473,1315.27,2025-11-11T06:08:07+00:00
order_0000001776,cust_0165,329.99,2025-11-12T04:53:17+00:00
order_0000001777,cust_0206,3361.26,2025-11-28T14:40:24+00:00
order_0000001778,cust_0450,301.77,2025-11-30T10:30:53+00:00
order_0000001779,cust_0628,596.03,2025-11-22T01:09:57+00:00
order_0000001780,cust_0389,711.99,2025-11-14T15:02:56+00:00
order_0000001781,cust_0106,572.00,2025-11-22T16:20:48+00:00
order_0000001782,cust_0351,237.99,2025-11-04T23:11:35+00:00
order_0000001783,cust_0217,577.00,2025-11-28T12:03:22+00:00
order_0000001784,cust_0006,261.17,2025-11-26T09:18:15+00:00
order_0000001785,cust_0817,1111.94,2025-11-16T08:08:27+00:00
order_0000001786,cust_0822,191.59,2025-11-23T20:59:00+00:00
order_0000001787,cust_0352,786.00,2025-11-24T07:33:24+00:00
order_0000001788,cust_0640,2450.68,2025-11-07T19:50:11+00:00
order_0000001789,cust_0277,748.90,2025-11-03T23:54:20+00:00
order_0000001790,cust_0050,319.99,2025-11-11T00:47:45+00:00
order_0000001791,cust_0093,225.00,2025-11-06T10:15:58+00:00
order_0000001792,cust_0895,629.88,2025-11-24T12:52:52+00:00
order_0000001793,cust_0835,282.99,2025-11-29T08:33:48+00:00
order_0000001794,cust_0624,763.87,2025-11-15T09:39:49+00:00
order_0000001795,cust_0604,558.90,2025-11-26T07:40:21+00:00
order_0000001796,cust_0316,553.00,2025-11-04T11:39:19+00:00
order_0000001797,cust_0471,1834.89,2025-11-28T18:23:32+00:00
order_0000001798,cust_0329,272.99,2025-11-02T12:23:05+00:00
order_0000001799,cust_0412,852.68,2025-11-05T12:05:56+00:00
order_0000001800,cust_0347,1075.29,2025-11-02T17:44:07+00:00
order_0000001801,cust_0261,1256.28,2025-11-30T02:38:42+00:00
order_0000001802,cust_0708,966.00,2025-11-15T18:06:29+00:00
order_0000001803,cust_0828,803.32,2025-11-01T13:55:32+00:00
order_0000001804,cust_0127,578.00,2025-11-07T03:56:13+00:00
order_0000001805,cust_0493,368.44,2025-11-29T14:45:15+00:00
order_0000001806,cust_0488,923.67,2025-11-04T10:03:50+00:00
order_0000001807,cust_0090,225.99,2025-11-27T12:11:53+00:00
order_0000001808,cust_0623,198.99,2025-11-14T13:23:55+00:00
order_0000001809,cust_0827,416.00,2025-11-30T00:05:05+00:00
order_0000001810,cust_0506,980.99,2025-11-20T02:15:07+00:00
order_0000001811,cust_0505,822.00,2025-11-07T05:38:42+00:00
order_0000001812,cust_0772,13687.99,2025-11-22T14:58:45+00:00
order_0000001813,cust_0085,346.00,2025-11-21T08:18:55+00:00
order_0000001814,cust_0755,490.00,2025-11-09T19:18:30+00:00
order_0000001815,cust_0628,622.99,2025-11-27T11:34:27+00:00
order_0000001816,cust_0318,563.37,2025-11-10T07:50:41+00:00
order_0000001817,cust_0818,297.69,2025-11-18T16:14:45+00:00
order_0000001818,cust_0306,182.99,2025-11-28T04:16:15+00:00
order_0000001819,cust_0601,99.49,2025-11-23T00:39:22+00:00
order_0000001820,cust_0740,1094.00,2025-11-13T07:19:46+00:00
order_0000001821,cust_0172,3352.04,2025-11-30T08:58:55+00:00
order_0000001822,cust_0485,122.99,2025-11-05T14:03:13+00:00
order_0000001823,cust_0315,871.16,2025-11-08T21:23:39+00:00
order_0000001824,cust_0465,619.99,2025-11-29T16:08:53+00:00
order_0000001825,cust_0543,1466.74,2025-11-30T11:22:46+00:00
order_0000001826,cust_0042,450.99,2025-11-05T12:30:32+00:00
order_0000001827,cust_0845,2527.48,2025-11-16T11:56:55+00:00
order_0000001828,cust_0041,1042.47,2025-11-02T21:13:10+00:00
order_0000001829,cust_0142,1024.46,2025-11-14T04:47:26+00:00
order_0000001830,cust_0068,746.99,2025-11-14T01:40:09+00:00
order_0000001831,cust_0616,151.00,2025-11-12T10:09:22+00:00
order_0000001832,cust_0790,480.99,2025-11-10T17:48:23+00:00
order_0000001833,cust_0848,2443.99,2025-11-21T16:47:04+00:00
order_0000001834,cust_0396,1452.88,2025-11-17T08:34:16+00:00
order_0000001835,cust_0463,2909.62,2025-11-22T07:01:56+00:00
order_0000001836,cust_0197,370.20,2025-11-30T17:31:44+00:00
order_0000001837,cust_0444,389.62,2025-11-24T12:54:00+00:00
order_0000001838,cust_0506,2367.99,2025-11-14T10:34:46+00:00
order_0000001839,cust_0837,15755.56,2025-11-11T16:16:05+00:00
order_0000001840,cust_0095,870.90,2025-11-04T11:44:30+00:00
order_0000001841,cust_0492,557.75,2025-11-27T14:42:07+00:00
order_0000001842,cust_0494,214.99,2025-11-24T17:26:34+00:00
order_0000001843,cust_0248,525.23,2025-11-21T12:58:27+00:00
order_0000001844,cust_0174,959.00,2025-11-07T02:33:23+00:00
order_0000001845,cust_0260,1729.47,2025-11-20T15:50:16+00:00
order_0000001846,cust_0458,400.00,2025-11-04T06:16:00+00:00
order_0000001847,cust_0072,99.00,2025-11-21T12:54:53+00:00
order_0000001848,cust_0293,1106.05,2025-11-11T17:26:19+00:00
order_0000001849,cust_0456,885.15,2025-11-07T17:18:56+00:00
order_0000001850,cust_0496,603.46,2025-11-16T09:22:29+00:00
order_0000001851,cust_0596,135.46,2025-11-09T07:57:47+00:00
order_0000001852,cust_0265,846.00,2025-11-21T23:21:24+00:00
order_0000001853,cust_0824,713.00,2025-11-06T11:09:19+00:00
order_0000001854,cust_0094,624.86,2025-11-24T08:56:52+00:00
order_0000001855,cust_0242,578.00,2025-11-29T01:26:57+00:00
order_0000001856,cust_0266,962.56,2025-11-18T12:28:03+00:00
order_0000001857,cust_0335,282.26,2025-11-17T13:34:16+00:00
order_0000001858,cust_0352,722.00,2025-11-12T08:06:39+00:00
order_0000001859,cust_0486,859.05,2025-11-04T05:56:27+00:00
order_0000001860,cust_0511,598.99,2025-11-26T12:59:59+00:00
order_0000001861,cust_0493,959.91,2025-11-29T19:37:42+00:00
order_0000001862,cust_0520,644.14,2025-11-09T19:37:19+00:00
order_0000001863,cust_0489,253.00,2025-11-28T03:58:28+00:00
order_0000001864,cust_0701,404.99,2025-11-30T09:22:28+00:00
order_0000001865,cust_0700,2012.00,2025-11-27T15:39:49+00:00
order_0000001866,cust_0395,1239.99,2025-11-26T00:18:16+00:00
order_0000001867,cust_0029,813.85,2025-11-26T20:59:21+00:00
order_0000001868,cust_0733,1048.73,2025-10-31T20:03:56+00:00
order_0000001869,cust_0190,808.00,2025-11-09T15:28:50+00:00
order_0000001870,cust_0833,755.25,2025-11-26T15:03:35+00:00
order_0000001871,cust_0650,296.00,2025-11-17T06:40:07+00:00
order_0000001872,cust_0771,994.00,2025-11-04T07:05:47+00:00
order_0000001873,cust_0550,516.00,2025-11-17T17:46:03+00:00
order_0000001874,cust_0085,963.82,2025-11-13T00:55:12+00:00
order_0000001875,cust_0208,358.77,2025-11-06T09:59:00+00:00
order_0000001876,cust_0109,1211.89,2025-11-16T06:44:45+00:00
order_0000001877,cust_0158,1036.18,2025-11-14T16:49:28+00:00
order_0000001878,cust_0501,180.00,2025-11-25T15:39:31+00:00
order_0000001879,cust_0598,2457.23,2025-11-22T12:14:59+00:00
order_0000001880,cust_0259,560.13,2025-11-25T14:37:35+00:00
order_0000001881,cust_0153,1590.00,2025-11-09T15:20:05+00:00
order_0000001882,cust_0109,150.99,2025-11-28T00:51:51+00:00
order_0000001883,cust_0013,523.27,2025-11-19T10:34:38+00:00
order_0000001884,cust_0445,562.99,2025-11-09T14:12:48+00:00
order_0000001885,cust_0375,3521.68,2025-11-02T11:03:05+00:00
order_0000001886,cust_0221,15063.89,2025-11-01T15:42:59+00:00
order_0000001887,cust_0288,497.11,2025-11-07T14:41:49+00:00
order_0000001888,cust_0649,1078.00,2025-11-15T10:09:13+00:00
order_0000001889,cust_0767,132.46,2025-11-07T17:30:51+00:00
order_0000001890,cust_0736,758.99,2025-11-06T13:20:39+00:00
order_0000001891,cust_0857,627.00,2025-11-08T15:08:23+00:00
order_0000001892,cust_0774,3021.21,2025-11-08T09:33:55+00:00
order_0000001893,cust_0407,113.28,2025-11-12T14:06:04+00:00
order_0000001894,cust_0883,986.00,2025-11-04T04:02:35+00:00
order_0000001895,cust_0112,1006.06,2025-11-27T14:16:55+00:00
order_0000001896,cust_0390,927.99,2025-11-05T08:38:30+00:00
order_0000001897,cust_0413,522.89,2025-11-08T05:16:28+00:00
order_0000001898,cust_0238,494.70,2025-11-21T10:41:18+00:00
order_0000001899,cust_0221,982.00,2025-11-23T04:42:22+00:00
order_0000001900,cust_0092,705.00,2025-11-16T06:47:54+00:00
order_0000001901,cust_0035,921.36,2025-11-03T15:58:48+00:00
order_0000001902,cust_0280,2980.03,2025-11-14T13:16:15+00:00
order_0000001903,cust_0423,1019.58,2025-11-23T11:47:44+00:00
order_0000001904,cust_0505,937.89,2025-11-25T17:35:42+00:00
order_0000001905,cust_0896,789.00,2025-11-28T06:38:27+00:00
order_0000001906,cust_0091,3088.00,2025-11-15T09:03:44+00:00
order_0000001907,cust_0827,1032.01,2025-11-09T19:23:02+00:00
order_0000001908,cust_0088,610.99,2025-11-17T08:12:31+00:00
order_0000001909,cust_0096,2883.01,2025-11-19T16:28:17+00:00
order_0000001910,cust_0684,1000.00,2025-11-25T13:17:21+00:00
order_0000001911,cust_0890,472.00,2025-11-03T07:29:15+00:00
order_0000001912,cust_0481,2188.80,2025-11-26T08:48:49+00:00
order_0000001913,cust_0519,143.88,2025-11-08T02:57:52+00:00
order_0000001914,cust_0110,318.99,2025-11-09T06:34:11+00:00
order_0000001915,cust_0719,780.99,2025-11-30T03:32:07+00:00
order_0000001916,cust_0354,659.00,2025-11-20T07:35:54+00:00
order_0000001917,cust_0686,433.00,2025-11-14T23:18:37+00:00
order_0000001918,cust_0492,595.00,2025-11-16T14:37:23+00:00
order_0000001919,cust_0741,638.20,2025-11-22T17:54:31+00:00
order_0000001920,cust_0761,502.99,2025-11-06T14:27:38+00:00
order_0000001921,cust_0047,1711.00,2025-11-18T07:23:12+00:00
order_0000001922,cust_0466,1067.55,2025-11-11T01:23:10+00:00
order_0000001923,cust_0735,10295.24,2025-11-11T08:48:40+00:00
order_0000001924,cust_0722,801.00,2025-11-15T11:30:05+00:00
order_0000001925,cust_0181,1689.50,2025-11-04T06:45:03+00:00
order_0000001926,cust_0736,1026.00,2025-11-08T11:37:38+00:00
order_0000001927,cust_0438,187.70,2025-11-28T02:56:53+00:00
order_0000001928,cust_0168,510.00,2025-11-11T17:52:16+00:00
order_0000001929,cust_0061,1024.25,2025-10-31T19:28:17+00:00
order_0000001930,cust_0540,3017.00,2025-11-22T09:55:29+00:00
order_0000001931,cust_0313,468.56,2025-11-26T12:46:50+00:00
order_0000001932,cust_0632,561.35,2025-11-19T13:22:53+00:00
order_0000001933,cust_0497,956.26,2025-11-12T09:44:59+00:00
order_0000001934,cust_0123,1399.00,2025-11-24T07:29:00+00:00
order_0000001935,cust_0653,214.99,2025-11-27T10:32:24+00:00
order_0000001936,cust_0857,523.49,2025-11-19T12:59:22+00:00
order_0000001937,cust_0688,658.28,2025-11-14T11:48:03+00:00
order_0000001938,cust_0284,539.07,2025-11-26T18:49:18+00:00
order_0000001939,cust_0749,263.32,2025-11-27T21:09:49+00:00
order_0000001940,cust_0613,539.86,2025-11-26T01:37:08+00:00
order_0000001941,cust_0143,9618.00,2025-11-21T03:37:18+00:00
order_0000001942,cust_0755,1627.00,2025-11-23T02:45:14+00:00
order_0000001943,cust_0374,570.00,2025-11-26T04:05:37+00:00
order_0000001944,cust_0361,739.00,2025-11-01T15:06:50+00:00
order_0000001945,cust_0409,894.00,2025-11-11T04:16:55+00:00
order_0000001946,cust_0230,261.24,2025-11-28T18:33:08+00:00
order_0000001947,cust_0121,1264.41,2025-11-07T17:56:15+00:00
order_0000001948,cust_0093,561.21,2025-11-03T00:23:15+00:00
order_0000001949,cust_0276,294.92,2025-11-09T12:20:39+00:00
order_0000001950,cust_0794,715.99,2025-11-29T04:21:11+00:00
order_0000001951,cust_0010,141.99,2025-11-11T16:11:41+00:00
order_0000001952,cust_0199,1544.00,2025-11-14T15:36:29+00:00
order_0000001953,cust_0451,11104.80,2025-11-21T05:16:35+00:00
order_0000001954,cust_0069,1041.91,2025-11-15T19:54:15+00:00
order_0000001955,cust_0656,254.00,2025-11-15T11:46:23+00:00
order_0000001956,cust_0440,305.00,2025-11-19T05:45:00+00:00
order_0000001957,cust_0334,924.33,2025-11-03T07:31:02+00:00
order_0000001958,cust_0551,2760.49,2025-11-18T00:06:54+00:00
order_0000001959,cust_0546,546.18,2025-11-25T07:30:31+00:00
order_0000001960,cust_0133,127.00,2025-11-22T16:56:33+00:00
order_0000001961,cust_0254,595.51,2025-11-15T03:13:43+00:00
order_0000001962,cust_0817,728.99,2025-11-13T12:24:36+00:00
order_0000001963,cust_0281,742.00,2025-11-24T00:54:31+00:00
order_0000001964,cust_0474,640.04,2025-11-15T16:37:57+00:00
order_0000001965,cust_0135,1005.99,2025-11-25T13:24:36+00:00
order_0000001966,cust_0419,403.00,2025-11-22T05:00:12+00:00
order_0000001967,cust_0396,739.99,2025-11-22T08:48:05+00:00
order_0000001968,cust_0019,895.18,2025-11-27T13:59:13+00:00
order_0000001969,cust_0737,722.00,2025-11-05T03:11:02+00:00
order_0000001970,cust_0732,701.15,2025-11-07T09:32:52+00:00
order_0000001971,cust_0594,3332.81,2025-11-22T16:07:01+00:00
order_0000001972,cust_0779,429.16,2025-11-09T16:38:12+00:00
order_0000001973,cust_0826,945.85,2025-11-09T12:51:51+00:00
order_0000001974,cust_0453,1454.38,2025-11-25T13:26:48+00:00
order_0000001975,cust_0739,943.99,2025-11-14T16:05:04+00:00
order_0000001976,cust_0614,910.00,2025-11-17T13:11:13+00:00
order_0000001977,cust_0390,955.28,2025-11-05T16:43:33+00:00
order_0000001978,cust_0799,502.99,2025-11-12T09:28:28+00:00
order_0000001979,cust_0882,846.74,2025-11-17T10:50:42+00:00
order_0000001980,cust_0486,333.00,2025-11-11T06:53:55+00:00
order_0000001981,cust_0646,999.99,2025-11-23T12:44:38+00:00
order_0000001982,cust_0656,917.84,2025-11-27T14:50:14+00:00
order_0000001983,cust_0177,13464.96,2025-11-07T22:40:45+00:00
order_0000001984,cust_0015,537.85,2025-11-14T03:22:42+00:00
order_0000001985,cust_0341,615.00,2025-11-18T10:41:33+00:00
order_0000001986,cust_0401,105.83,2025-11-16T12:53:28+00:00
order_0000001987,cust_0527,325.28,2025-11-29T12:09:01+00:00
order_0000001988,cust_0480,2464.40,2025-11-09T16:53:57+00:00
order_0000001989,cust_0497,411.99,2025-11-16T12:03:35+00:00
order_0000001990,cust_0685,897.99,2025-11-11T08:53:06+00:00
order_0000001991,cust_0198,821.05,2025-11-20T14:30:59+00:00
order_0000001992,cust_0521,409.38,2025-11-22T06:49:42+00:00
order_0000001993,cust_0679,257.35,2025-11-03T11:40:42+00:00
order_0000001994,cust_0586,407.00,2025-11-01T06:56:12+00:00
order_0000001995,cust_0129,218.99,2025-11-07T14:12:06+00:00
order_0000001996,cust_0275,646.99,2025-11-14T12:29:40+00:00
order_0000001997,cust_0743,960.67,2025-11-08T17:56:52+00:00
order_0000001998,cust_0207,560.76,2025-11-04T16:42:53+00:00
order_0000001999,cust_0161,3283.38,2025-11-30T18:06:19+00:00
order_0000002000,cust_0379,104.50,2025-11-05T17:44:13+00:00
order_0000002001,cust_0028,875.43,2025-11-29T14:12:20+00:00
order_0000002002,cust_0431,631.38,2025-11-15T15:19:29+00:00
order_0000002003,cust_0706,271.97,2025-11-26T15:20:28+00:00
order_0000002004,cust_0140,623.22,2025-11-16T13:01:12+00:00
order_0000002005,cust_0433,2094.99,2025-11-15T22:42:28+00:00
order_0000002006,cust_0553,908.00,2025-11-20T01:56:12+00:00
order_0000002007,cust_0865,1069.00,2025-11-28T02:42:10+00:00
order_0000002008,cust_0822,166.59,2025-11-15T03:58:57+00:00
order_0000002009,cust_0816,726.00,2025-11-13T11:21:36+00:00
order_0000002010,cust_0279,705.00,2025-11-23T16:57:43+00:00
order_0000002011,cust_0055,1082.00,2025-11-08T21:00:48+00:00
order_0000002012,cust_0700,1065.99,2025-11-19T09:02:51+00:00
order_0000002013,cust_0673,127.17,2025-11-12T07:11:54+00:00
order_0000002014,cust_0225,380.62,2025-11-13T01:20:34+00:00
order_0000002015,cust_0802,378.00,2025-11-16T14:26:56+00:00
order_0000002016,cust_0594,1014.26,2025-11-26T16:04:53+00:00
order_0000002017,cust_0169,1026.79,2025-11-12T09:34:30+00:00
order_0000002018,cust_0436,687.96,2025-11-20T15:17:31+00:00
order_0000002019,cust_0460,803.10,2025-11-21T11:11:42+00:00
order_0000002020,cust_0847,1837.38,2025-11-19T00:58:34+00:00
order_0000002021,cust_0040,1343.00,2025-11-20T16:46:03+00:00
order_0000002022,cust_0722,945.00,2025-11-26T10:07:56+00:00
order_0000002023,cust_0246,182.91,2025-11-17T09:42:12+00:00
order_0000002024,cust_0140,231.59,2025-11-09T06:03:53+00:00
order_0000002025,cust_0064,418.00,2025-11-22T00:01:54+00:00
order_0000002026,cust_0074,334.00,2025-11-19T14:59:07+00:00
order_0000002027,cust_0446,377.00,2025-11-18T08:16:16+00:00
order_0000002028,cust_0702,1821.35,2025-11-17T22:09:25+00:00
order_0000002029,cust_0301,914.99,2025-11-11T15:28:25+00:00
order_0000002030,cust_0697,487.97,2025-11-21T04:29:24+00:00
order_0000002031,cust_0332,868.70,2025-11-14T13:52:44+00:00
order_0000002032,cust_0413,307.99,2025-11-19T12:26:50+00:00
order_0000002033,cust_0267,430.74,2025-11-05T16:22:53+00:00
order_0000002034,cust_0151,104.89,2025-11-07T10:04:48+00:00
order_0000002035,cust_0432,1230.30,2025-11-23T09:50:02+00:00
order_0000002036,cust_0112,847.00,2025-11-04T18:44:36+00:00
order_0000002037,cust_0660,328.92,2025-11-01T16:08:27+00:00
order_0000002038,cust_0653,506.00,2025-11-23T08:17:15+00:00
order_0000002039,cust_0630,878.00,2025-11-26T09:48:15+00:00
order_0000002040,cust_0550,205.35,2025-11-27T08:19:17+00:00
order_0000002041,cust_0319,1051.99,2025-11-04T17:18:31+00:00
order_0000002042,cust_0765,2780.09,2025-11-01T12:56:28+00:00
order_0000002043,cust_0754,720.21,2025-11-09T05:02:44+00:00
order_0000002044,cust_0111,546.00,2025-11-12T14:20:28+00:00
order_0000002045,cust_0116,181.44,2025-11-23T05:48:05+00:00
order_0000002046,cust_0055,501.55,2025-11-01T07:52:30+00:00
order_0000002047,cust_0096,789.73,2025-11-02T05:34:29+00:00
order_0000002048,cust_0587,200.99,2025-11-12T08:30:28+00:00
order_0000002049,cust_0790,385.06,2025-11-09T02:48:18+00:00
order_0000002050,cust_0312,128.85,2025-11-14T10:14:48+00:00
order_0000002051,cust_0706,476.00,2025-11-06T19:20:24+00:00
order_0000002052,cust_0786,166.55,2025-11-20T06:40:44+00:00
order_0000002053,cust_0266,914.00,2025-11-25T00:12:43+00:00
order_0000002054,cust_0592,761.00,2025-11-18T11:13:30+00:00
order_0000002055,cust_0300,877.00,2025-11-15T12:56:36+00:00
order_0000002056,cust_0843,138.99,2025-11-15T15:04:53+00:00
order_0000002057,cust_0699,1065.71,2025-11-24T12:49:19+00:00
order_0000002058,cust_0277,131.41,2025-11-25T18:59:26+00:00
order_0000002059,cust_0050,446.93,2025-11-23T21:08:21+00:00
order_0000002060,cust_0065,5913.99,2025-11-14T09:14:53+00:00
order_0000002061,cust_0630,869.99,2025-11-24T05:19:35+00:00
order_0000002062,cust_0638,2316.27,2025-11-07T13:54:40+00:00
order_0000002063,cust_0657,496.99,2025-11-22T12:40:25+00:00
order_0000002064,cust_0415,180.00,2025-11-17T13:05:59+00:00
order_0000002065,cust_0175,1529.39,2025-11-10T13:17:47+00:00
order_0000002066,cust_0773,3063.32,2025-11-19T17:33:08+00:00
order_0000002067,cust_0417,609.99,2025-11-02T09:07:10+00:00
order_0000002068,cust_0607,407.76,2025-11-04T22:23:25+00:00
order_0000002069,cust_0618,664.74,2025-11-29T08:45:39+00:00
order_0000002070,cust_0756,2771.73,2025-11-29T15:25:54+00:00
order_0000002071,cust_0294,223.19,2025-11-05T16:28:23+00:00
order_0000002072,cust_0195,709.55,2025-11-08T12:57:08+00:00
order_0000002073,cust_0003,224.24,2025-11-20T15:24:16+00:00
order_0000002074,cust_0382,706.73,2025-11-06T08:17:39+00:00
order_0000002075,cust_0895,514.48,2025-11-18T17:21:54+00:00
order_0000002076,cust_0514,186.65,2025-11-02T09:31:22+00:00
order_0000002077,cust_0783,891.00,2025-11-25T07:19:48+00:00
order_0000002078,cust_0624,1795.99,2025-11-22T14:27:13+00:00
order_0000002079,cust_0693,99.68,2025-11-11T13:08:37+00:00
order_0000002080,cust_0157,632.95,2025-11-25T17:24:55+00:00
order_0000002081,cust_0054,388.81,2025-11-24T02:05:34+00:00
order_0000002082,cust_0658,2214.73,2025-11-26T20:51:17+00:00
order_0000002083,cust_0499,874.86,2025-11-12T06:58:24+00:00
order_0000002084,cust_0344,3520.56,2025-11-11T21:00:50+00:00
order_0000002085,cust_0212,3491.00,2025-11-29T11:52:00+00:00
order_0000002086,cust_0002,655.29,2025-11-19T15:55:58+00:00
order_0000002087,cust_0018,161.95,2025-11-19T02:32:29+00:00
order_0000002088,cust_0614,339.43,2025-11-21T07:39:02+00:00
order_0000002089,cust_0804,531.00,2025-11-15T02:03:15+00:00
order_0000002090,cust_0410,1726.87,2025-11-08T10:07:40+00:00
order_0000002091,cust_0799,297.31,2025-11-11T13:24:16+00:00
order_0000002092,cust_0407,106.61,2025-11-12T05:29:18+00:00
order_0000002093,cust_0667,309.99,2025-11-01T13:37:37+00:00
order_0000002094,cust_0528,843.00,2025-11-14T18:12:49+00:00
order_0000002095,cust_0430,918.99,2025-11-07T13:14:58+00:00
order_0000002096,cust_0843,630.33,2025-11-12T01:37:04+00:00
order_0000002097,cust_0208,894.00,2025-11-27T11:59:07+00:00
order_0000002098,cust_0214,711.92,2025-11-06T14:47:23+00:00
order_0000002099,cust_0259,173.24,2025-11-28T18:10:25+00:00
order_0000002100,cust_0125,3352.90,2025-11-30T10:28:19+00:00
order_0000002101,cust_0537,540.98,2025-11-20T04:41:43+00:00
order_0000002102,cust_0106,3390.99,2025-11-03T07:27:29+00:00
order_0000002103,cust_0633,427.39,2025-11-09T21:30:32+00:00
order_0000002104,cust_0078,1641.61,2025-11-09T08:18:36+00:00
order_0000002105,cust_0698,324.00,2025-11-29T13:17:31+00:00
order_0000002106,cust_0678,1052.16,2025-11-16T14:26:58+00:00
order_0000002107,cust_0080,1012.00,2025-11-05T05:01:08+00:00
order_0000002108,cust_0147,728.48,2025-11-10T18:14:19+00:00
order_0000002109,cust_0517,439.55,2025-11-23T03:47:35+00:00
order_0000002110,cust_0884,923.00,2025-11-02T16:30:31+00:00
order_0000002111,cust_0533,860.99,2025-11-26T13:12:27+00:00
order_0000002112,cust_0173,3120.00,2025-11-10T09:40:11+00:00
order_0000002113,cust_0427,488.73,2025-11-28T10:06:02+00:00
order_0000002114,cust_0317,814.40,2025-11-07T22:08:48+00:00
order_0000002115,cust_0166,598.99,2025-11-15T06:25:48+00:00
order_0000002116,cust_0043,593.47,2025-11-03T12:27:08+00:00
order_0000002117,cust_0651,193.00,2025-11-30T09:51:53+00:00
order_0000002118,cust_0790,273.00,2025-11-28T18:01:15+00:00
order_0000002119,cust_0762,1976.00,2025-11-11T12:04:15+00:00
order_0000002120,cust_0031,308.56,2025-11-03T01:48:51+00:00
order_0000002121,cust_0502,965.00,2025-11-07T23:09:57+00:00
order_0000002122,cust_0084,656.41,2025-11-23T20:16:06+00:00
order_0000002123,cust_0463,1329.61,2025-11-28T10:33:25+00:00
order_0000002124,cust_0888,617.60,2025-11-02T11:38:48+00:00
order_0000002125,cust_0504,1001.12,2025-11-19T17:56:23+00:00
order_0000002126,cust_0096,275.99,2025-11-12T16:09:07+00:00
order_0000002127,cust_0223,628.00,2025-11-29T07:25:41+00:00
order_0000002128,cust_0130,15748.32,2025-11-10T09:48:40+00:00
order_0000002129,cust_0131,1020.22,2025-11-28T16:54:21+00:00
order_0000002130,cust_0322,737.00,2025-11-22T05:58:55+00:00
order_0000002131,cust_0630,10472.87,2025-11-21T02:09:02+00:00
order_0000002132,cust_0745,1793.49,2025-11-08T17:24:28+00:00
order_0000002133,cust_0832,535.27,2025-11-07T05:15:06+00:00
order_0000002134,cust_0804,2675.00,2025-11-07T21:06:38+00:00
order_0000002135,cust_0427,768.99,2025-11-05T04:49:07+00:00
order_0000002136,cust_0030,611.08,2025-11-23T14:37:44+00:00
order_0000002137,cust_0651,946.98,2025-11-11T02:55:50+00:00
order_0000002138,cust_0611,427.00,2025-11-11T01:54:58+00:00
order_0000002139,cust_0035,925.00,2025-11-30T13:28:17+00:00
order_0000002140,cust_0819,210.08,2025-11-01T21:12:30+00:00
order_0000002141,cust_0373,554.67,2025-11-07T05:54:09+00:00
order_0000002142,cust_0566,330.00,2025-11-26T00:28:30+00:00
order_0000002143,cust_0598,2699.44,2025-11-30T05:22:37+00:00
order_0000002144,cust_0252,1063.99,2025-11-19T13:37:41+00:00
order_0000002145,cust_0413,3406.99,2025-11-17T02:35:09+00:00
order_0000002146,cust_0800,421.99,2025-11-22T03:09:31+00:00
order_0000002147,cust_0298,2061.00,2025-11-23T05:53:42+00:00
order_0000002148,cust_0370,705.00,2025-11-29T08:26:22+00:00
order_0000002149,cust_0198,680.00,2025-11-01T11:37:37+00:00
order_0000002150,cust_0506,480.00,2025-11-22T13:00:25+00:00
order_0000002151,cust_0041,636.99,2025-11-09T09:03:54+00:00
order_0000002152,cust_0082,376.90,2025-11-14T15:33:45+00:00
order_0000002153,cust_0029,950.95,2025-11-10T16:52:09+00:00
order_0000002154,cust_0886,138.00,2025-11-04T03:52:23+00:00
order_0000002155,cust_0480,702.47,2025-11-20T18:05:24+00:00
order_0000002156,cust_0750,131.97,2025-11-05T02:34:07+00:00
order_0000002157,cust_0590,2516.85,2025-11-26T14:11:52+00:00
order_0000002158,cust_0751,2949.19,2025-11-01T20:51:12+00:00
order_0000002159,cust_0662,1372.99,2025-11-12T19:57:03+00:00
order_0000002160,cust_0421,8278.99,2025-11-22T17:08:44+00:00
order_0000002161,cust_0595,818.00,2025-11-03T10:53:32+00:00
order_0000002162,cust_0259,344.99,2025-11-01T02:13:46+00:00
order_0000002163,cust_0099,813.93,2025-11-26T13:55:32+00:00
order_0000002164,cust_0220,335.65,2025-11-10T10:17:09+00:00
order_0000002165,cust_0330,2398.00,2025-11-25T00:52:37+00:00
order_0000002166,cust_0391,246.03,2025-11-20T16:45:00+00:00
order_0000002167,cust_0633,1456.72,2025-11-28T15:34:58+00:00
order_0000002168,cust_0526,3362.99,2025-11-21T16:57:24+00:00
order_0000002169,cust_0617,118.00,2025-11-24T10:06:13+00:00
order_0000002170,cust_0675,1028.43,2025-11-27T15:34:16+00:00
order_0000002171,cust_0891,621.99,2025-11-26T22:18:06+00:00
order_0000002172,cust_0599,356.82,2025-11-13T12:48:27+00:00
order_0000002173,cust_0058,1145.00,2025-11-01T16:22:22+00:00
order_0000002174,cust_0707,1053.00,2025-11-20T11:59:43+00:00
order_0000002175,cust_0333,339.62,2025-11-09T02:54:03+00:00
order_0000002176,cust_0041,932.63,2025-11-20T08:06:50+00:00
order_0000002177,cust_0709,3480.00,2025-11-13T13:51:09+00:00
order_0000002178,cust_0242,949.00,2025-11-14T16:19:59+00:00
order_0000002179,cust_0845,921.07,2025-11-22T15:53:38+00:00
order_0000002180,cust_0628,2741.36,2025-11-26T15:56:50+00:00
order_0000002181,cust_0560,2376.72,2025-11-04T11:07:54+00:00
order_0000002182,cust_0726,231.00,2025-11-09T01:14:56+00:00
order_0000002183,cust_0757,790.98,2025-11-22T17:17:56+00:00
order_0000002184,cust_0074,373.15,2025-11-03T18:01:05+00:00
order_0000002185,cust_0255,163.99,2025-11-12T07:41:15+00:00
order_0000002186,cust_0453,1024.99,2025-11-25T02:44:19+00:00
order_0000002187,cust_0527,625.00,2025-11-24T18:16:14+00:00
order_0000002188,cust_0064,905.13,2025-11-15T14:27:37+00:00
order_0000002189,cust_0404,1217.00,2025-11-02T17:03:37+00:00
order_0000002190,cust_0008,588.46,2025-11-20T13:26:24+00:00
order_0000002191,cust_0855,4251.99,2025-11-10T07:47:56+00:00
order_0000002192,cust_0134,1845.20,2025-11-24T08:46:47+00:00
order_0000002193,cust_0014,124.07,2025-11-29T01:24:49+00:00
order_0000002194,cust_0701,732.66,2025-11-20T11:35:12+00:00
order_0000002195,cust_0683,3154.06,2025-11-26T03:44:29+00:00
order_0000002196,cust_0547,744.10,2025-11-09T13:50:19+00:00
order_0000002197,cust_0360,2944.99,2025-11-06T16:20:55+00:00
order_0000002198,cust_0717,2077.99,2025-11-07T04:22:45+00:00
order_0000002199,cust_0586,1033.00,2025-11-07T17:32:19+00:00
order_0000002200,cust_0642,193.63,2025-11-22T22:08:59+00:00
order_0000002201,cust_0504,126.49,2025-11-03T11:08:03+00:00
order_0000002202,cust_0142,890.62,2025-11-10T17:01:38+00:00
order_0000002203,cust_0740,922.00,2025-11-24T23:33:33+00:00
order_0000002204,cust_0212,139.99,2025-11-24T17:11:15+00:00
order_0000002205,cust_0450,646.99,2025-11-24T07:59:44+00:00
order_0000002206,cust_0137,7877.30,2025-11-27T06:44:43+00:00
order_0000002207,cust_0846,7586.15,2025-11-26T15:34:57+00:00
order_0000002208,cust_0511,203.99,2025-11-24T08:42:31+00:00
order_0000002209,cust_0069,945.24,2025-11-14T09:46:25+00:00
order_0000002210,cust_0716,1000.00,2025-11-06T08:23:57+00:00
order_0000002211,cust_0626,677.47,2025-11-17T09:56:20+00:00
order_0000002212,cust_0779,2843.00,2025-11-11T10:54:42+00:00
order_0000002213,cust_0372,281.46,2025-11-26T14:26:24+00:00
order_0000002214,cust_0156,179.88,2025-11-20T15:23:02+00:00
order_0000002215,cust_0005,304.00,2025-11-20T11:01:10+00:00
order_0000002216,cust_0389,197.27,2025-11-24T20:24:05+00:00
order_0000002217,cust_0127,216.38,2025-11-22T06:00:38+00:00
order_0000002218,cust_0744,876.99,2025-11-15T12:41:57+00:00
order_0000002219,cust_0877,2996.00,2025-11-08T14:43:40+00:00
order_0000002220,cust_0774,852.51,2025-11-11T02:10:16+00:00
order_0000002221,cust_0188,172.32,2025-11-27T06:46:10+00:00
order_0000002222,cust_0836,1052.00,2025-10-31T18:26:42+00:00
order_0000002223,cust_0617,684.88,2025-11-03T14:14:39+00:00
order_0000002224,cust_0634,1681.00,2025-11-21T16:06:00+00:00
order_0000002225,cust_0573,3525.96,2025-11-06T11:37:15+00:00
order_0000002226,cust_0477,1368.31,2025-11-18T11:38:24+00:00
order_0000002227,cust_0264,424.00,2025-11-06T13:44:29+00:00
order_0000002228,cust_0514,680.80,2025-11-11T07:46:10+00:00
order_0000002229,cust_0321,954.99,2025-11-27T18:06:50+00:00
order_0000002230,cust_0744,543.78,2025-11-15T08:37:03+00:00
order_0000002231,cust_0038,870.96,2025-11-06T01:49:18+00:00
order_0000002232,cust_0217,14638.55,2025-11-12T14:51:38+00:00
order_0000002233,cust_0424,500.10,2025-11-08T05:53:44+00:00
order_0000002234,cust_0484,173.93,2025-11-06T10:58:55+00:00
order_0000002235,cust_0832,988.99,2025-11-16T14:50:33+00:00
order_0000002236,cust_0412,371.99,2025-11-17T00:22:34+00:00
order_0000002237,cust_0625,1264.00,2025-11-28T18:01:24+00:00
order_0000002238,cust_0829,187.99,2025-11-22T06:16:46+00:00
order_0000002239,cust_0012,766.00,2025-11-26T12:47:56+00:00
order_0000002240,cust_0638,1060.99,2025-11-27T02:55:29+00:00
order_0000002241,cust_0051,795.99,2025-11-10T07:13:31+00:00
order_0000002242,cust_0572,225.04,2025-11-14T13:23:40+00:00
order_0000002243,cust_0056,636.41,2025-11-29T16:00:53+00:00
order_0000002244,cust_0623,1078.14,2025-11-07T18:16:32+00:00
order_0000002245,cust_0794,135.99,2025-11-01T07:39:55+00:00
order_0000002246,cust_0666,2251.99,2025-11-02T15:44:50+00:00
order_0000002247,cust_0776,3171.00,2025-11-25T10:29:29+00:00
order_0000002248,cust_0385,1009.49,2025-11-17T17:14:15+00:00
order_0000002249,cust_0840,793.15,2025-11-26T12:10:19+00:00
order_0000002250,cust_0203,811.47,2025-11-14T04:25:15+00:00
order_0000002251,cust_0211,495.00,2025-11-20T13:00:18+00:00
order_0000002252,cust_0306,500.99,2025-11-25T13:06:15+00:00
order_0000002253,cust_0544,322.99,2025-11-22T07:01:34+00:00
order_0000002254,cust_0582,2878.70,2025-11-24T15:47:50+00:00
order_0000002255,cust_0310,434.31,2025-11-23T14:26:27+00:00
order_0000002256,cust_0471,3573.54,2025-11-08T05:37:01+00:00
order_0000002257,cust_0482,923.99,2025-11-12T14:00:33+00:00
order_0000002258,cust_0322,840.43,2025-11-04T00:40:21+00:00
order_0000002259,cust_0800,397.64,2025-11-07T09:06:58+00:00
order_0000002260,cust_0767,1058.99,2025-11-24T15:50:37+00:00
order_0000002261,cust_0082,462.59,2025-11-05T09:08:18+00:00
order_0000002262,cust_0545,658.14,2025-11-19T02:59:07+00:00
order_0000002263,cust_0327,4204.81,2025-11-09T07:37:07+00:00
order_0000002264,cust_0240,510.99,2025-11-24T14:02:37+00:00
order_0000002265,cust_0259,957.18,2025-11-19T18:39:51+00:00
order_0000002266,cust_0198,554.00,2025-11-21T22:03:09+00:00
order_0000002267,cust_0171,1042.34,2025-11-13T11:33:24+00:00
order_0000002268,cust_0280,3220.93,2025-11-23T07:46:55+00:00
order_0000002269,cust_0836,945.00,2025-11-30T14:17:31+00:00
order_0000002270,cust_0018,2557.00,2025-11-25T09:36:01+00:00
order_0000002271,cust_0646,781.49,2025-11-16T11:42:00+00:00
order_0000002272,cust_0226,399.00,2025-11-26T03:46:18+00:00
order_0000002273,cust_0063,159.08,2025-11-10T14:34:50+00:00
order_0000002274,cust_0290,212.99,2025-11-17T14:27:48+00:00
order_0000002275,cust_0056,222.00,2025-11-23T18:12:11+00:00
order_0000002276,cust_0773,2862.13,2025-11-18T12:17:18+00:00
order_0000002277,cust_0225,470.20,2025-11-29T02:05:11+00:00
order_0000002278,cust_0046,298.15,2025-11-25T16:52:55+00:00
order_0000002279,cust_0564,630.54,2025-11-26T14:15:57+00:00
order_0000002280,cust_0274,777.00,2025-11-09T04:13:56+00:00
order_0000002281,cust_0826,605.25,2025-11-08T02:36:08+00:00
order_0000002282,cust_0503,228.00,2025-11-01T23:28:51+00:00
order_0000002283,cust_0564,912.67,2025-11-11T07:23:09+00:00
order_0000002284,cust_0791,152.99,2025-11-28T14:23:38+00:00
order_0000002285,cust_0301,1099.78,2025-11-17T13:44:16+00:00
order_0000002286,cust_0667,873.00,2025-11-09T15:58:47+00:00
order_0000002287,cust_0729,7283.54,2025-11-09T18:09:42+00:00
order_0000002288,cust_0415,1034.00,2025-11-30T11:44:11+00:00
order_0000002289,cust_0536,2733.27,2025-11-27T04:56:17+00:00
order_0000002290,cust_0751,100.99,2025-11-08T02:54:00+00:00
order_0000002291,cust_0497,404.00,2025-11-14T17:03:30+00:00
order_0000002292,cust_0451,1663.99,2025-11-21T11:47:40+00:00
order_0000002293,cust_0424,801.74,2025-11-18T17:24:29+00:00
order_0000002294,cust_0865,908.00,2025-11-19T06:26:51+00:00
order_0000002295,cust_0864,750.00,2025-11-20T02:11:40+00:00
order_0000002296,cust_0292,1046.00,2025-11-12T05:41:05+00:00
order_0000002297,cust_0875,747.00,2025-11-02T06:45:29+00:00
order_0000002298,cust_0203,981.99,2025-11-30T01:54:09+00:00
order_0000002299,cust_0249,1026.88,2025-11-25T14:12:59+00:00
order_0000002300,cust_0700,209.00,2025-11-13T05:46:27+00:00
order_0000002301,cust_0080,2949.99,2025-11-13T09:20:32+00:00
order_0000002302,cust_0605,180.48,2025-11-16T09:03:37+00:00
order_0000002303,cust_0716,741.00,2025-11-05T14:34:44+00:00
order_0000002304,cust_0531,995.99,2025-11-28T18:26:28+00:00
order_0000002305,cust_0877,157.00,2025-11-11T07:04:08+00:00
order_0000002306,cust_0818,1594.00,2025-11-04T01:49:48+00:00
order_0000002307,cust_0156,580.00,2025-11-26T06:38:52+00:00
order_0000002308,cust_0760,497.22,2025-11-13T06:53:36+00:00
order_0000002309,cust_0278,1035.00,2025-11-10T04:41:21+00:00
order_0000002310,cust_0807,1574.99,2025-11-20T17:29:50+00:00
order_0000002311,cust_0028,1036.83,2025-11-01T10:25:07+00:00
order_0000002312,cust_0573,1032.00,2025-11-17T02:30:17+00:00
order_0000002313,cust_0530,754.00,2025-11-15T14:27:49+00:00
order_0000002314,cust_0504,959.99,2025-11-27T10:08:45+00:00
order_0000002315,cust_0066,250.46,2025-11-15T17:52:03+00:00
order_0000002316,cust_0705,502.69,2025-11-04T15:46:43+00:00
order_0000002317,cust_0304,1311.84,2025-11-27T00:58:26+00:00
order_0000002318,cust_0092,693.00,2025-11-22T17:26:39+00:00
order_0000002319,cust_0004,265.58,2025-11-21T15:46:08+00:00
order_0000002320,cust_0441,378.00,2025-11-15T08:43:06+00:00
order_0000002321,cust_0422,122.99,2025-11-25T18:59:06+00:00
order_0000002322,cust_0431,927.17,2025-11-24T10:16:23+00:00
order_0000002323,cust_0072,166.89,2025-11-19T11:57:51+00:00
order_0000002324,cust_0749,514.06,2025-11-23T11:45:14+00:00
order_0000002325,cust_0775,331.00,2025-11-06T13:43:42+00:00
order_0000002326,cust_0806,1056.87,2025-11-30T07:34:25+00:00
order_0000002327,cust_0046,594.84,2025-11-01T10:49:51+00:00
order_0000002328,cust_0609,877.00,2025-11-19T03:12:45+00:00
order_0000002329,cust_0417,1057.03,2025-11-25T09:01:48+00:00
order_0000002330,cust_0002,871.98,2025-11-14T22:36:40+00:00
order_0000002331,cust_0859,578.66,2025-11-28T15:49:23+00:00
order_0000002332,cust_0189,845.24,2025-11-03T09:49:46+00:00
order_0000002333,cust_0629,590.00,2025-11-06T04:46:35+00:00
order_0000002334,cust_0533,16669.00,2025-11-23T02:28:40+00:00
order_0000002335,cust_0524,146.99,2025-11-24T11:12:25+00:00
order_0000002336,cust_0476,161.48,2025-11-24T22:46:13+00:00
order_0000002337,cust_0175,736.14,2025-11-29T07:34:04+00:00
order_0000002338,cust_0294,1014.00,2025-11-12T10:42:20+00:00
order_0000002339,cust_0440,517.00,2025-11-15T16:21:15+00:00
order_0000002340,cust_0571,1035.00,2025-11-15T05:53:08+00:00
order_0000002341,cust_0036,377.00,2025-11-25T12:31:14+00:00
order_0000002342,cust_0483,2606.44,2025-11-28T06:36:49+00:00
order_0000002343,cust_0220,1128.99,2025-11-24T14:35:55+00:00
order_0000002344,cust_0119,266.62,2025-11-30T14:25:53+00:00
order_0000002345,cust_0522,537.87,2025-11-14T11:13:53+00:00
order_0000002346,cust_0179,3312.00,2025-11-15T13:07:39+00:00
order_0000002347,cust_0478,422.44,2025-11-06T09:15:16+00:00
order_0000002348,cust_0557,386.00,2025-11-09T05:50:43+00:00
order_0000002349,cust_0563,137.98,2025-11-17T10:28:21+00:00
order_0000002350,cust_0571,730.42,2025-11-28T11:25:15+00:00
order_0000002351,cust_0344,833.00,2025-11-17T20:31:38+00:00
order_0000002352,cust_0622,928.95,2025-11-27T15:42:41+00:00
order_0000002353,cust_0869,758.00,2025-11-26T04:29:07+00:00
order_0000002354,cust_0368,653.00,2025-11-16T07:32:39+00:00
order_0000002355,cust_0780,687.00,2025-11-30T06:42:29+00:00
order_0000002356,cust_0560,11442.70,2025-11-06T15:01:35+00:00
order_0000002357,cust_0432,497.84,2025-11-29T23:33:45+00:00
order_0000002358,cust_0761,551.00,2025-11-02T09:51:41+00:00
order_0000002359,cust_0459,207.00,2025-11-27T11:57:05+00:00
order_0000002360,cust_0087,223.98,2025-11-29T21:55:53+00:00
order_0000002361,cust_0404,1018.99,2025-11-22T14:59:43+00:00
order_0000002362,cust_0782,228.00,2025-11-03T16:33:40+00:00
order_0000002363,cust_0532,570.70,2025-11-01T10:44:40+00:00
order_0000002364,cust_0272,102.82,2025-11-11T08:23:23+00:00
order_0000002365,cust_0450,10296.99,2025-11-20T08:54:06+00:00
order_0000002366,cust_0607,3026.00,2025-11-16T01:35:19+00:00
order_0000002367,cust_0034,3324.00,2025-11-08T07:26:16+00:00
order_0000002368,cust_0118,369.99,2025-11-05T09:03:34+00:00
order_0000002369,cust_0733,1060.13,2025-11-28T13:58:58+00:00
order_0000002370,cust_0251,410.71,2025-11-02T11:37:29+00:00
order_0000002371,cust_0128,330.00,2025-11-17T10:04:44+00:00
order_0000002372,cust_0328,1044.00,2025-11-14T08:16:16+00:00
order_0000002373,cust_0229,578.00,2025-11-12T21:45:00+00:00
order_0000002374,cust_0061,1318.00,2025-11-07T18:40:21+00:00
order_0000002375,cust_0843,3329.00,2025-11-27T03:52:18+00:00
order_0000002376,cust_0897,566.99,2025-11-23T19:45:15+00:00
order_0000002377,cust_0128,821.74,2025-11-13T11:34:29+00:00
order_0000002378,cust_0451,768.99,2025-11-05T14:11:27+00:00
order_0000002379,cust_0762,756.36,2025-11-28T07:54:13+00:00
order_0000002380,cust_0530,644.90,2025-11-16T09:56:09+00:00
order_0000002381,cust_0462,1115.52,2025-11-18T12:40:42+00:00
order_0000002382,cust_0649,923.37,2025-11-22T06:27:19+00:00
order_0000002383,cust_0828,120.00,2025-11-23T18:20:51+00:00
order_0000002384,cust_0629,2922.93,2025-11-26T07:37:31+00:00
order_0000002385,cust_0823,380.13,2025-11-05T16:49:17+00:00
order_0000002386,cust_0128,3403.87,2025-11-11T16:15:31+00:00
order_0000002387,cust_0375,105.41,2025-11-13T14:42:37+00:00
order_0000002388,cust_0512,1054.00,2025-11-19T06:08:05+00:00
order_0000002389,cust_0519,911.38,2025-11-03T00:56:05+00:00
order_0000002390,cust_0025,1048.98,2025-11-13T06:50:24+00:00
order_0000002391,cust_0160,1030.99,2025-11-14T03:07:17+00:00
order_0000002392,cust_0082,3065.44,2025-11-02T05:31:01+00:00
order_0000002393,cust_0190,721.94,2025-11-06T12:17:00+00:00
order_0000002394,cust_0532,571.99,2025-11-27T23:18:24+00:00
order_0000002395,cust_0201,488.99,2025-11-26T01:40:11+00:00
order_0000002396,cust_0881,815.16,2025-11-05T00:49:38+00:00
order_0000002397,cust_0393,563.00,2025-11-28T11:40:21+00:00
order_0000002398,cust_0080,330.99,2025-11-29T03:14:16+00:00
order_0000002399,cust_0543,966.65,2025-11-10T20:51:33+00:00
order_0000002400,cust_0734,956.62,2025-11-03T13:48:49+00:00
order_0000002401,cust_0467,282.32,2025-11-24T07:03:22+00:00
order_0000002402,cust_0194,220.90,2025-11-17T13:16:06+00:00
order_0000002403,cust_0878,387.00,2025-11-14T15:24:50+00:00
order_0000002404,cust_0398,457.00,2025-11-20T03:36:24+00:00
order_0000002405,cust_0109,844.05,2025-11-26T00:54:21+00:00
order_0000002406,cust_0523,955.44,2025-11-14T09:25:47+00:00
order_0000002407,cust_0445,101.00,2025-11-20T17:14:13+00:00
order_0000002408,cust_0853,715.18,2025-11-03T13:15:09+00:00
order_0000002409,cust_0105,933.86,2025-11-29T13:22:06+00:00
order_0000002410,cust_0081,762.35,2025-11-03T08:09:55+00:00
order_0000002411,cust_0042,4929.00,2025-11-17T23:41:57+00:00
order_0000002412,cust_0613,525.56,2025-11-10T08:24:22+00:00
order_0000002413,cust_0310,547.17,2025-11-27T13:47:57+00:00
order_0000002414,cust_0620,499.35,2025-11-19T08:00:55+00:00
order_0000002415,cust_0075,431.00,2025-11-19T07:27:32+00:00
order_0000002416,cust_0579,149.08,2025-11-28T06:32:46+00:00
order_0000002417,cust_0818,433.68,2025-11-11T12:30:46+00:00
order_0000002418,cust_0578,847.99,2025-11-29T03:34:02+00:00
order_0000002419,cust_0042,236.99,2025-11-19T15:00:12+00:00
order_0000002420,cust_0847,860.99,2025-11-13T20:03:53+00:00
order_0000002421,cust_0506,258.00,2025-11-09T19:52:19+00:00
order_0000002422,cust_0655,1062.00,2025-11-11T06:36:43+00:00
order_0000002423,cust_0034,896.00,2025-11-05T15:46:37+00:00
order_0000002424,cust_0457,3586.00,2025-11-10T12:59:36+00:00
order_0000002425,cust_0463,4984.61,2025-11-02T11:48:06+00:00
order_0000002426,cust_0009,645.00,2025-11-23T14:09:44+00:00
order_0000002427,cust_0226,646.00,2025-11-06T06:36:44+00:00
order_0000002428,cust_0600,838.99,2025-11-07T12:03:32+00:00
order_0000002429,cust_0432,2467.46,2025-11-19T01:32:54+00:00
order_0000002430,cust_0821,525.00,2025-11-21T15:27:47+00:00
order_0000002431,cust_0240,883.36,2025-11-06T09:42:12+00:00
order_0000002432,cust_0513,695.00,2025-11-17T07:09:40+00:00
order_0000002433,cust_0507,2179.00,2025-11-23T10:19:19+00:00
order_0000002434,cust_0287,605.86,2025-11-01T15:24:34+00:00
order_0000002435,cust_0866,674.23,2025-11-18T09:23:31+00:00
order_0000002436,cust_0599,867.99,2025-11-23T03:22:26+00:00
order_0000002437,cust_0874,11983.09,2025-11-07T09:21:05+00:00
order_0000002438,cust_0243,559.00,2025-11-06T14:28:11+00:00
order_0000002439,cust_0326,946.95,2025-11-29T05:03:58+00:00
order_0000002440,cust_0022,1078.00,2025-11-27T01:13:01+00:00
order_0000002441,cust_0060,522.00,2025-11-25T14:42:58+00:00
order_0000002442,cust_0735,786.00,2025-11-03T09:03:38+00:00
order_0000002443,cust_0027,427.99,2025-11-06T21:48:11+00:00
order_0000002444,cust_0236,289.00,2025-11-02T05:07:14+00:00
order_0000002445,cust_0064,1030.00,2025-11-18T03:25:01+00:00
order_0000002446,cust_0501,639.02,2025-11-16T19:44:53+00:00
order_0000002447,cust_0775,462.49,2025-11-22T07:11:21+00:00
order_0000002448,cust_0588,220.29,2025-11-18T14:16:07+00:00
order_0000002449,cust_0639,850.51,2025-11-04T11:58:19+00:00
order_0000002450,cust_0429,955.87,2025-11-06T21:10:27+00:00
order_0000002451,cust_0194,886.46,2025-11-10T06:25:46+00:00
order_0000002452,cust_0585,2921.89,2025-11-25T11:28:20+00:00
order_0000002453,cust_0392,328.21,2025-11-05T08:01:10+00:00
order_0000002454,cust_0672,177.75,2025-11-12T04:02:16+00:00
order_0000002455,cust_0657,1051.00,2025-11-19T09:12:16+00:00
order_0000002456,cust_0349,520.00,2025-11-22T02:58:14+00:00
order_0000002457,cust_0709,2854.45,2025-11-27T16:44:49+00:00
order_0000002458,cust_0410,149.78,2025-11-13T01:24:26+00:00
order_0000002459,cust_0104,237.07,2025-11-02T03:47:35+00:00
order_0000002460,cust_0398,119.00,2025-11-15T22:03:00+00:00
order_0000002461,cust_0369,2775.95,2025-11-22T04:08:18+00:00
order_0000002462,cust_0779,7861.21,2025-11-19T11:07:18+00:00
order_0000002463,cust_0103,375.00,2025-11-28T22:41:09+00:00
order_0000002464,cust_0747,855.00,2025-11-03T11:32:39+00:00
order_0000002465,cust_0297,380.00,2025-11-13T13:49:44+00:00
order_0000002466,cust_0749,301.09,2025-11-02T09:50:58+00:00
order_0000002467,cust_0166,589.00,2025-11-17T00:43:26+00:00
order_0000002468,cust_0719,429.00,2025-11-26T09:39:20+00:00
order_0000002469,cust_0597,477.00,2025-11-11T15:35:24+00:00
order_0000002470,cust_0421,1450.99,2025-11-07T10:43:24+00:00
order_0000002471,cust_0640,656.00,2025-11-05T13:10:26+00:00
order_0000002472,cust_0322,466.99,2025-11-16T19:46:06+00:00
order_0000002473,cust_0826,962.58,2025-11-02T08:01:17+00:00
order_0000002474,cust_0391,340.99,2025-11-10T14:49:04+00:00
order_0000002475,cust_0767,1790.00,2025-11-27T09:05:59+00:00
order_0000002476,cust_0028,245.18,2025-11-27T14:02:56+00:00
order_0000002477,cust_0742,2358.78,2025-11-17T07:57:25+00:00
order_0000002478,cust_0055,461.76,2025-11-04T08:03:34+00:00
order_0000002479,cust_0622,512.65,2025-11-02T15:20:23+00:00
order_0000002480,cust_0878,603.57,2025-11-09T10:48:29+00:00
order_0000002481,cust_0100,2637.00,2025-11-30T01:36:17+00:00
order_0000002482,cust_0186,601.46,2025-11-18T10:03:11+00:00
order_0000002483,cust_0353,1883.00,2025-11-18T15:40:50+00:00
order_0000002484,cust_0099,1013.00,2025-11-17T05:52:49+00:00
order_0000002485,cust_0572,243.11,2025-11-01T08:55:38+00:00
order_0000002486,cust_0419,283.43,2025-11-19T06:50:01+00:00
order_0000002487,cust_0392,652.00,2025-11-18T10:34:06+00:00
order_0000002488,cust_0500,2951.24,2025-11-01T03:04:25+00:00
order_0000002489,cust_0061,275.05,2025-11-09T10:02:51+00:00
order_0000002490,cust_0140,750.21,2025-11-29T13:31:51+00:00
order_0000002491,cust_0881,729.00,2025-11-28T08:50:49+00:00
order_0000002492,cust_0046,978.15,2025-11-17T05:58:49+00:00
order_0000002493,cust_0760,14745.43,2025-11-15T16:29:24+00:00
order_0000002494,cust_0402,818.40,2025-11-19T18:07:29+00:00
order_0000002495,cust_0535,122.13,2025-11-19T20:03:07+00:00
order_0000002496,cust_0646,355.18,2025-11-11T17:18:01+00:00
order_0000002497,cust_0833,896.45,2025-11-24T10:25:58+00:00
order_0000002498,cust_0099,853.51,2025-11-19T10:39:05+00:00
order_0000002499,cust_0239,9484.76,2025-11-27T18:16:32+00:00
order_0000002500,cust_0842,2233.11,2025-11-04T07:03:29+00:00
order_0000002501,cust_0504,1063.77,2025-11-23T14:58:17+00:00
order_0000002502,cust_0031,702.00,2025-11-11T00:53:54+00:00
order_0000002503,cust_0726,554.05,2025-11-19T17:35:07+00:00
order_0000002504,cust_0137,1064.51,2025-11-17T05:09:53+00:00
order_0000002505,cust_0076,269.00,2025-11-28T05:06:26+00:00
order_0000002506,cust_0656,767.44,2025-11-20T12:21:30+00:00
order_0000002507,cust_0232,666.00,2025-11-22T11:32:14+00:00
order_0000002508,cust_0683,895.99,2025-11-15T08:19:58+00:00
order_0000002509,cust_0846,621.00,2025-11-16T21:06:04+00:00
order_0000002510,cust_0009,2292.00,2025-11-03T23:15:01+00:00
order_0000002511,cust_0623,428.04,2025-11-07T16:25:29+00:00
order_0000002512,cust_0120,591.00,2025-11-06T17:16:55+00:00
order_0000002513,cust_0867,2023.12,2025-11-09T05:27:15+00:00
order_0000002514,cust_0872,2471.22,2025-11-02T02:25:58+00:00
order_0000002515,cust_0196,2283.58,2025-11-17T00:47:50+00:00
order_0000002516,cust_0077,323.00,2025-11-09T19:59:15+00:00
order_0000002517,cust_0211,505.11,2025-11-22T13:52:03+00:00
order_0000002518,cust_0068,769.20,2025-11-28T10:59:40+00:00
order_0000002519,cust_0520,507.65,2025-11-22T09:01:00+00:00
order_0000002520,cust_0077,517.00,2025-11-14T12:54:51+00:00
order_0000002521,cust_0605,1806.35,2025-11-30T12:54:21+00:00
order_0000002522,cust_0385,247.99,2025-11-23T14:30:47+00:00
order_0000002523,cust_0641,1006.00,2025-11-20T17:43:34+00:00
order_0000002524,cust_0069,14171.99,2025-11-14T14:14:53+00:00
order_0000002525,cust_0203,496.00,2025-11-28T09:03:14+00:00
order_0000002526,cust_0763,730.38,2025-11-10T08:38:38+00:00
order_0000002527,cust_0506,128.00,2025-11-01T07:35:30+00:00
order_0000002528,cust_0534,954.21,2025-11-15T05:48:48+00:00
order_0000002529,cust_0303,356.52,2025-11-21T03:42:55+00:00
order_0000002530,cust_0030,333.99,2025-11-03T12:00:41+00:00
order_0000002531,cust_0310,2796.00,2025-11-15T12:09:42+00:00
order_0000002532,cust_0639,963.29,2025-11-02T17:27:37+00:00
order_0000002533,cust_0480,853.64,2025-11-15T07:07:57+00:00
order_0000002534,cust_0662,687.95,2025-11-22T03:32:48+00:00
order_0000002535,cust_0566,385.99,2025-11-27T15:38:10+00:00
order_0000002536,cust_0190,992.00,2025-11-06T17:57:29+00:00
order_0000002537,cust_0441,164.41,2025-11-12T14:03:35+00:00
order_0000002538,cust_0855,297.99,2025-11-06T15:53:37+00:00
order_0000002539,cust_0389,3195.68,2025-11-09T18:03:05+00:00
order_0000002540,cust_0897,241.00,2025-11-09T11:02:22+00:00
order_0000002541,cust_0800,190.57,2025-11-19T15:08:34+00:00
order_0000002542,cust_0159,1032.00,2025-11-09T16:00:23+00:00
order_0000002543,cust_0194,3055.00,2025-11-19T13:09:19+00:00
order_0000002544,cust_0619,869.00,2025-11-02T21:40:26+00:00
order_0000002545,cust_0396,1481.37,2025-11-08T14:20:23+00:00
order_0000002546,cust_0540,764.86,2025-11-17T09:13:48+00:00
order_0000002547,cust_0534,683.40,2025-11-26T03:17:54+00:00
order_0000002548,cust_0714,421.24,2025-11-09T13:30:29+00:00
order_0000002549,cust_0448,5970.32,2025-11-22T16:42:54+00:00
order_0000002550,cust_0300,462.99,2025-11-17T15:36:42+00:00
order_0000002551,cust_0395,610.73,2025-11-23T14:35:05+00:00
order_0000002552,cust_0526,323.92,2025-11-05T05:59:45+00:00
order_0000002553,cust_0202,9571.00,2025-11-27T17:39:48+00:00
order_0000002554,cust_0146,387.00,2025-11-06T08:08:31+00:00
order_0000002555,cust_0153,1674.63,2025-11-02T22:33:58+00:00
order_0000002556,cust_0550,962.82,2025-11-10T16:13:30+00:00
order_0000002557,cust_0535,757.85,2025-11-14T05:44:43+00:00
order_0000002558,cust_0513,433.03,2025-11-24T13:34:40+00:00
order_0000002559,cust_0620,428.00,2025-11-09T02:09:15+00:00
order_0000002560,cust_0404,746.56,2025-11-19T07:23:55+00:00
order_0000002561,cust_0178,722.54,2025-11-30T15:48:26+00:00
order_0000002562,cust_0648,501.99,2025-11-14T16:04:58+00:00
order_0000002563,cust_0551,262.99,2025-11-17T14:07:05+00:00
order_0000002564,cust_0683,720.99,2025-11-02T04:22:05+00:00
order_0000002565,cust_0772,2673.00,2025-11-29T04:29:11+00:00
order_0000002566,cust_0188,179.00,2025-11-06T18:18:29+00:00
order_0000002567,cust_0588,604.99,2025-11-03T15:50:11+00:00
order_0000002568,cust_0764,262.84,2025-11-11T07:19:10+00:00
order_0000002569,cust_0245,732.56,2025-11-02T13:32:19+00:00
order_0000002570,cust_0400,522.67,2025-11-14T05:03:14+00:00
order_0000002571,cust_0446,556.00,2025-11-28T17:48:47+00:00
order_0000002572,cust_0432,507.00,2025-11-19T08:54:39+00:00
order_0000002573,cust_0103,329.00,2025-11-18T07:24:46+00:00
order_0000002574,cust_0159,1351.99,2025-11-02T22:36:36+00:00
order_0000002575,cust_0106,544.99,2025-11-20T05:47:58+00:00
order_0000002576,cust_0087,298.28,2025-11-15T08:37:50+00:00
order_0000002577,cust_0011,926.00,2025-11-23T13:08:54+00:00
order_0000002578,cust_0203,114.99,2025-11-01T01:27:38+00:00
order_0000002579,cust_0516,266.70,2025-11-10T14:07:29+00:00
order_0000002580,cust_0873,676.00,2025-11-20T16:47:35+00:00
order_0000002581,cust_0494,734.10,2025-11-20T19:57:47+00:00
order_0000002582,cust_0513,528.03,2025-11-27T01:40:14+00:00
order_0000002583,cust_0558,1080.87,2025-11-17T01:15:23+00:00
order_0000002584,cust_0105,243.99,2025-11-16T12:31:22+00:00
order_0000002585,cust_0868,144.00,2025-11-02T12:13:37+00:00
order_0000002586,cust_0874,1007.00,2025-11-16T21:09:32+00:00
order_0000002587,cust_0701,971.00,2025-11-07T09:26:38+00:00
order_0000002588,cust_0336,2917.84,2025-11-23T18:08:03+00:00
order_0000002589,cust_0199,155.79,2025-11-28T06:20:54+00:00
order_0000002590,cust_0128,1026.99,2025-11-12T13:49:55+00:00
order_0000002591,cust_0337,506.12,2025-11-12T08:26:48+00:00
order_0000002592,cust_0835,1805.73,2025-11-25T05:14:12+00:00
order_0000002593,cust_0569,3269.00,2025-11-23T01:35:48+00:00
order_0000002594,cust_0220,354.23,2025-11-18T18:08:41+00:00
order_0000002595,cust_0380,928.54,2025-11-02T06:37:31+00:00
order_0000002596,cust_0372,132.28,2025-11-11T00:44:45+00:00
order_0000002597,cust_0621,3145.85,2025-11-03T10:23:54+00:00
order_0000002598,cust_0660,791.78,2025-11-18T11:08:46+00:00
order_0000002599,cust_0202,1976.20,2025-11-25T15:33:12+00:00
order_0000002600,cust_0369,682.00,2025-11-11T16:47:24+00:00
order_0000002601,cust_0448,320.00,2025-11-25T08:08:05+00:00
order_0000002602,cust_0425,222.63,2025-11-06T07:53:29+00:00
order_0000002603,cust_0601,3231.00,2025-11-17T16:59:46+00:00
order_0000002604,cust_0825,881.00,2025-11-18T19:38:55+00:00
order_0000002605,cust_0331,534.38,2025-11-30T10:49:49+00:00
order_0000002606,cust_0813,572.08,2025-11-20T12:11:08+00:00
order_0000002607,cust_0600,192.28,2025-11-01T10:17:27+00:00
order_0000002608,cust_0361,318.99,2025-11-13T03:53:54+00:00
order_0000002609,cust_0871,399.64,2025-11-04T16:01:15+00:00
order_0000002610,cust_0542,425.83,2025-11-04T10:25:06+00:00
order_0000002611,cust_0456,847.00,2025-11-06T14:54:21+00:00
order_0000002612,cust_0537,340.00,2025-11-15T03:59:19+00:00
order_0000002613,cust_0855,972.00,2025-11-21T09:38:54+00:00
order_0000002614,cust_0874,3163.99,2025-11-12T22:48:37+00:00
order_0000002615,cust_0595,811.00,2025-11-17T06:27:39+00:00
order_0000002616,cust_0109,209.00,2025-11-26T14:36:45+00:00
order_0000002617,cust_0607,2745.00,2025-11-21T16:54:36+00:00
order_0000002618,cust_0111,424.99,2025-11-11T08:36:14+00:00
order_0000002619,cust_0566,3352.51,2025-11-02T04:14:58+00:00
order_0000002620,cust_0676,3175.00,2025-11-29T05:06:23+00:00
order_0000002621,cust_0251,1037.55,2025-11-21T03:25:32+00:00
order_0000002622,cust_0029,189.99,2025-11-09T16:21:58+00:00
order_0000002623,cust_0666,392.00,2025-11-09T05:20:49+00:00
order_0000002624,cust_0485,666.00,2025-11-06T14:02:32+00:00
order_0000002625,cust_0021,852.82,2025-11-14T17:39:04+00:00
order_0000002626,cust_0767,162.02,2025-11-20T03:44:18+00:00
order_0000002627,cust_0411,1752.76,2025-11-30T08:56:25+00:00
order_0000002628,cust_0689,608.00,2025-11-13T12:41:40+00:00
order_0000002629,cust_0255,790.85,2025-11-15T02:38:08+00:00
order_0000002630,cust_0284,412.00,2025-11-13T06:42:17+00:00
order_0000002631,cust_0411,227.70,2025-11-17T11:10:35+00:00
order_0000002632,cust_0807,150.00,2025-11-20T02:21:08+00:00
order_0000002633,cust_0875,825.99,2025-11-17T10:30:35+00:00
order_0000002634,cust_0365,461.00,2025-11-17T02:42:59+00:00
order_0000002635,cust_0838,180.00,2025-11-12T10:31:54+00:00
order_0000002636,cust_0207,1335.56,2025-11-15T22:42:44+00:00
order_0000002637,cust_0631,1036.22,2025-11-28T15:44:41+00:00
order_0000002638,cust_0004,1057.99,2025-11-09T02:17:52+00:00
order_0000002639,cust_0361,214.97,2025-11-12T13:55:29+00:00
order_0000002640,cust_0653,1071.04,2025-11-14T07:02:34+00:00
order_0000002641,cust_0093,541.99,2025-11-29T07:36:08+00:00
order_0000002642,cust_0702,204.99,2025-11-27T04:04:06+00:00
order_0000002643,cust_0142,425.13,2025-11-14T13:32:13+00:00
order_0000002644,cust_0782,342.00,2025-11-10T19:28:43+00:00
order_0000002645,cust_0422,185.00,2025-11-22T15:05:38+00:00
order_0000002646,cust_0710,1878.00,2025-11-20T09:53:30+00:00
order_0000002647,cust_0200,622.85,2025-11-16T05:55:53+00:00
order_0000002648,cust_0456,412.00,2025-11-07T02:38:50+00:00
order_0000002649,cust_0381,264.12,2025-11-22T22:09:05+00:00
order_0000002650,cust_0306,678.99,2025-11-25T16:15:15+00:00
order_0000002651,cust_0703,1008.73,2025-11-15T15:30:22+00:00
order_0000002652,cust_0820,673.99,2025-11-27T01:42:22+00:00
order_0000002653,cust_0286,2688.99,2025-11-20T09:56:08+00:00
order_0000002654,cust_0112,298.00,2025-11-04T18:14:40+00:00
order_0000002655,cust_0072,420.99,2025-11-28T14:58:02+00:00
order_0000002656,cust_0087,1030.31,2025-11-07T19:50:02+00:00
order_0000002657,cust_0347,400.03,2025-11-11T17:14:40+00:00
order_0000002658,cust_0174,2058.82,2025-11-30T09:03:51+00:00
order_0000002659,cust_0499,1071.34,2025-11-19T05:33:01+00:00
order_0000002660,cust_0550,1107.86,2025-11-15T14:29:42+00:00
order_0000002661,cust_0810,854.99,2025-11-29T12:58:12+00:00
order_0000002662,cust_0035,406.96,2025-11-27T12:40:08+00:00
order_0000002663,cust_0011,718.00,2025-11-25T11:03:45+00:00
order_0000002664,cust_0457,1274.99,2025-11-11T16:35:38+00:00
order_0000002665,cust_0086,326.89,2025-11-30T13:21:17+00:00
order_0000002666,cust_0613,1217.00,2025-11-20T08:32:08+00:00
order_0000002667,cust_0135,512.82,2025-11-24T06:01:43+00:00
order_0000002668,cust_0372,1473.00,2025-11-18T09:32:43+00:00
order_0000002669,cust_0058,407.57,2025-11-06T22:46:58+00:00
order_0000002670,cust_0699,485.89,2025-11-12T01:13:14+00:00
order_0000002671,cust_0157,899.61,2025-11-14T16:08:44+00:00
order_0000002672,cust_0870,212.00,2025-11-10T14:03:58+00:00
order_0000002673,cust_0614,604.62,2025-11-25T17:10:01+00:00
order_0000002674,cust_0075,213.64,2025-11-03T02:54:23+00:00
order_0000002675,cust_0850,210.00,2025-11-27T12:39:16+00:00
order_0000002676,cust_0384,474.19,2025-11-04T08:38:00+00:00
order_0000002677,cust_0852,458.99,2025-11-28T06:18:07+00:00
order_0000002678,cust_0082,1007.00,2025-11-15T04:16:49+00:00
order_0000002679,cust_0694,835.99,2025-11-14T03:19:05+00:00
order_0000002680,cust_0007,144.56,2025-11-29T10:02:47+00:00
order_0000002681,cust_0630,911.00,2025-11-19T00:18:56+00:00
order_0000002682,cust_0240,415.36,2025-11-19T10:55:37+00:00
order_0000002683,cust_0011,2959.00,2025-11-02T03:08:42+00:00
order_0000002684,cust_0340,598.00,2025-11-25T11:16:41+00:00
order_0000002685,cust_0592,430.70,2025-11-12T14:45:20+00:00
order_0000002686,cust_0876,462.00,2025-11-11T13:44:27+00:00
order_0000002687,cust_0416,1011.29,2025-11-05T11:26:40+00:00
order_0000002688,cust_0816,2956.00,2025-11-18T18:39:16+00:00
order_0000002689,cust_0526,684.00,2025-11-26T16:45:47+00:00
order_0000002690,cust_0761,159.15,2025-11-21T15:16:34+00:00
order_0000002691,cust_0625,310.99,2025-11-03T17:21:10+00:00
order_0000002692,cust_0052,2113.99,2025-11-12T10:22:18+00:00
order_0000002693,cust_0069,145.00,2025-11-19T01:19:36+00:00
order_0000002694,cust_0297,764.99,2025-11-15T16:07:44+00:00
order_0000002695,cust_0534,837.00,2025-11-21T12:29:56+00:00
order_0000002696,cust_0078,1050.80,2025-11-19T09:52:20+00:00
order_0000002697,cust_0631,742.00,2025-11-02T10:15:55+00:00
order_0000002698,cust_0297,1002.99,2025-11-18T09:54:05+00:00
order_0000002699,cust_0072,3416.44,2025-11-25T13:47:30+00:00
order_0000002700,cust_0378,1068.02,2025-11-02T11:56:45+00:00
order_0000002701,cust_0254,106.00,2025-11-26T14:35:09+00:00
order_0000002702,cust_0766,2254.99,2025-11-26T18:00:25+00:00
order_0000002703,cust_0512,367.16,2025-11-19T19:45:13+00:00
order_0000002704,cust_0430,151.72,2025-11-22T17:05:40+00:00
order_0000002705,cust_0539,671.00,2025-11-13T22:06:28+00:00
order_0000002706,cust_0225,363.39,2025-11-25T02:07:49+00:00
order_0000002707,cust_0341,248.99,2025-11-08T07:25:32+00:00
order_0000002708,cust_0844,9629.00,2025-11-09T07:38:30+00:00
order_0000002709,cust_0733,914.86,2025-11-13T10:21:17+00:00
order_0000002710,cust_0597,400.00,2025-11-10T16:57:02+00:00
order_0000002711,cust_0700,1877.99,2025-11-17T02:21:18+00:00
order_0000002712,cust_0359,1063.68,2025-11-28T04:00:16+00:00
order_0000002713,cust_0450,1762.99,2025-11-18T10:52:14+00:00
order_0000002714,cust_0557,703.00,2025-11-26T06:58:36+00:00
order_0000002715,cust_0034,1025.51,2025-11-03T10:23:10+00:00
order_0000002716,cust_0801,484.50,2025-11-11T18:41:33+00:00
order_0000002717,cust_0387,958.29,2025-11-01T09:43:09+00:00
order_0000002718,cust_0114,983.00,2025-11-26T04:54:23+00:00
order_0000002719,cust_0715,402.99,2025-11-03T04:43:44+00:00
order_0000002720,cust_0429,938.28,2025-11-20T01:08:26+00:00
order_0000002721,cust_0639,1788.00,2025-11-15T08:08:21+00:00
order_0000002722,cust_0215,2383.00,2025-11-30T09:00:26+00:00
order_0000002723,cust_0468,284.99,2025-11-25T17:04:34+00:00
order_0000002724,cust_0789,1999.07,2025-11-17T11:07:08+00:00
order_0000002725,cust_0484,425.99,2025-11-22T05:59:14+00:00
order_0000002726,cust_0842,1041.48,2025-11-12T18:11:29+00:00
order_0000002727,cust_0763,912.99,2025-11-27T00:26:38+00:00
order_0000002728,cust_0099,927.00,2025-11-08T18:09:49+00:00
order_0000002729,cust_0396,1568.53,2025-11-14T11:09:55+00:00
order_0000002730,cust_0720,682.89,2025-11-12T01:29:41+00:00
order_0000002731,cust_0132,591.06,2025-11-16T05:43:15+00:00
order_0000002732,cust_0842,653.76,2025-11-05T05:54:13+00:00
order_0000002733,cust_0042,3171.00,2025-11-12T11:58:58+00:00
order_0000002734,cust_0314,2788.99,2025-11-04T03:26:31+00:00
order_0000002735,cust_0341,189.94,2025-11-27T04:49:14+00:00
order_0000002736,cust_0670,154.99,2025-11-28T12:10:51+00:00
order_0000002737,cust_0455,898.82,2025-11-03T00:49:27+00:00
order_0000002738,cust_0447,304.55,2025-11-17T18:42:42+00:00
order_0000002739,cust_0095,235.00,2025-11-17T01:43:46+00:00
order_0000002740,cust_0518,818.00,2025-11-17T14:17:25+00:00
order_0000002741,cust_0059,706.24,2025-11-27T14:54:51+00:00
order_0000002742,cust_0474,920.00,2025-11-04T06:37:09+00:00
order_0000002743,cust_0064,208.39,2025-11-10T05:43:43+00:00
order_0000002744,cust_0163,446.44,2025-11-14T07:54:35+00:00
order_0000002745,cust_0758,384.97,2025-11-14T07:34:54+00:00
order_0000002746,cust_0255,866.00,2025-11-10T18:09:48+00:00
order_0000002747,cust_0875,432.99,2025-11-24T12:35:38+00:00
order_0000002748,cust_0786,7967.90,2025-11-16T19:21:20+00:00
order_0000002749,cust_0090,522.79,2025-11-04T21:58:02+00:00
order_0000002750,cust_0875,118.00,2025-11-24T09:09:54+00:00
order_0000002751,cust_0135,484.50,2025-11-10T19:02:51+00:00
order_0000002752,cust_0521,1621.99,2025-11-10T08:31:12+00:00
order_0000002753,cust_0445,659.00,2025-11-04T11:19:18+00:00
order_0000002754,cust_0410,329.93,2025-11-11T12:23:46+00:00
order_0000002755,cust_0171,761.99,2025-11-22T17:50:23+00:00
order_0000002756,cust_0814,388.68,2025-11-18T02:17:25+00:00
order_0000002757,cust_0738,317.59,2025-11-16T17:16:17+00:00
order_0000002758,cust_0266,8120.00,2025-11-14T11:33:53+00:00
order_0000002759,cust_0877,802.00,2025-11-26T22:33:13+00:00
order_0000002760,cust_0810,472.36,2025-11-15T12:25:26+00:00
order_0000002761,cust_0470,1277.00,2025-11-26T18:13:21+00:00
order_0000002762,cust_0873,769.43,2025-11-19T11:38:15+00:00
order_0000002763,cust_0582,268.45,2025-11-12T14:18:06+00:00
order_0000002764,cust_0136,3079.87,2025-11-27T14:13:31+00:00
order_0000002765,cust_0095,115.12,2025-11-14T10:48:35+00:00
order_0000002766,cust_0654,536.00,2025-11-14T03:34:37+00:00
order_0000002767,cust_0630,934.00,2025-11-16T21:10:19+00:00
order_0000002768,cust_0218,534.00,2025-11-12T05:52:00+00:00
order_0000002769,cust_0516,841.13,2025-11-19T06:51:05+00:00
order_0000002770,cust_0782,816.53,2025-11-21T16:58:52+00:00
order_0000002771,cust_0010,712.75,2025-11-05T12:36:05+00:00
order_0000002772,cust_0374,116.00,2025-11-27T11:28:39+00:00
order_0000002773,cust_0561,303.87,2025-11-26T16:36:58+00:00
order_0000002774,cust_0453,750.43,2025-11-26T08:47:12+00:00
order_0000002775,cust_0734,457.99,2025-11-02T06:57:40+00:00
order_0000002776,cust_0303,174.00,2025-11-25T04:54:22+00:00
order_0000002777,cust_0676,816.44,2025-11-03T08:24:10+00:00
order_0000002778,cust_0202,471.00,2025-11-03T08:45:22+00:00
order_0000002779,cust_0295,752.40,2025-11-28T12:19:12+00:00
order_0000002780,cust_0782,582.55,2025-11-28T16:09:48+00:00
order_0000002781,cust_0309,852.99,2025-11-08T13:37:48+00:00
order_0000002782,cust_0201,725.99,2025-11-07T06:13:48+00:00
order_0000002783,cust_0234,191.79,2025-11-08T18:01:37+00:00
order_0000002784,cust_0349,482.75,2025-11-11T19:23:37+00:00
order_0000002785,cust_0479,976.99,2025-11-20T08:01:43+00:00
order_0000002786,cust_0164,984.00,2025-11-16T02:48:20+00:00
order_0000002787,cust_0523,1070.99,2025-11-10T01:29:45+00:00
order_0000002788,cust_0658,880.00,2025-11-16T06:24:24+00:00
order_0000002789,cust_0429,998.99,2025-11-07T22:10:20+00:00
order_0000002790,cust_0326,2681.00,2025-11-11T23:58:19+00:00
order_0000002791,cust_0252,224.00,2025-11-18T14:57:53+00:00
order_0000002792,cust_0720,259.00,2025-11-28T18:04:49+00:00
order_0000002793,cust_0281,578.90,2025-11-11T05:37:59+00:00
order_0000002794,cust_0449,2389.99,2025-11-20T09:22:38+00:00
order_0000002795,cust_0212,584.00,2025-11-10T11:32:04+00:00
order_0000002796,cust_0249,650.99,2025-11-03T04:10:36+00:00
order_0000002797,cust_0339,342.00,2025-11-02T17:59:11+00:00
order_0000002798,cust_0564,808.99,2025-11-10T02:55:03+00:00
order_0000002799,cust_0333,620.92,2025-11-08T09:54:04+00:00
order_0000002800,cust_0044,324.94,2025-11-22T15:33:58+00:00
order_0000002801,cust_0298,3457.84,2025-11-29T13:01:28+00:00
order_0000002802,cust_0733,2874.00,2025-11-04T13:30:59+00:00
order_0000002803,cust_0295,185.99,2025-11-05T08:01:52+00:00
order_0000002804,cust_0151,206.82,2025-11-23T09:54:52+00:00
order_0000002805,cust_0148,1051.00,2025-11-25T20:49:04+00:00
order_0000002806,cust_0818,2207.00,2025-11-03T16:18:10+00:00
order_0000002807,cust_0182,352.57,2025-11-14T17:35:27+00:00
order_0000002808,cust_0573,866.50,2025-11-01T12:11:27+00:00
order_0000002809,cust_0704,227.37,2025-11-08T18:03:40+00:00
order_0000002810,cust_0278,1226.52,2025-11-21T11:31:06+00:00
order_0000002811,cust_0347,327.39,2025-11-04T02:01:25+00:00
order_0000002812,cust_0737,682.22,2025-11-14T17:06:20+00:00
order_0000002813,cust_0753,3044.00,2025-11-24T07:25:57+00:00
order_0000002814,cust_0373,254.94,2025-11-10T15:21:48+00:00
order_0000002815,cust_0486,607.99,2025-11-05T12:04:42+00:00
order_0000002816,cust_0642,653.00,2025-11-12T04:16:32+00:00
order_0000002817,cust_0237,840.00,2025-11-29T02:14:21+00:00
order_0000002818,cust_0839,472.99,2025-11-11T09:30:45+00:00
order_0000002819,cust_0237,529.99,2025-11-20T22:05:42+00:00
order_0000002820,cust_0286,758.61,2025-11-19T04:03:51+00:00
order_0000002821,cust_0749,1034.99,2025-11-02T00:45:41+00:00
order_0000002822,cust_0697,902.36,2025-11-06T02:41:15+00:00
order_0000002823,cust_0343,799.99,2025-11-30T08:17:36+00:00
order_0000002824,cust_0657,486.96,2025-11-12T15:15:47+00:00
order_0000002825,cust_0737,350.05,2025-11-05T09:28:47+00:00
order_0000002826,cust_0590,294.00,2025-11-28T18:21:43+00:00
order_0000002827,cust_0309,821.81,2025-11-12T13:34:17+00:00
order_0000002828,cust_0380,1005.97,2025-11-20T14:55:15+00:00
order_0000002829,cust_0664,3114.99,2025-11-27T13:34:39+00:00
order_0000002830,cust_0597,181.91,2025-11-06T03:37:24+00:00
order_0000002831,cust_0170,375.99,2025-11-21T02:25:59+00:00
order_0000002832,cust_0824,827.99,2025-11-24T16:54:14+00:00
order_0000002833,cust_0289,583.00,2025-11-02T16:06:39+00:00
order_0000002834,cust_0346,809.00,2025-11-24T16:13:24+00:00
order_0000002835,cust_0442,5946.29,2025-11-11T17:58:56+00:00
order_0000002836,cust_0102,2118.00,2025-11-20T13:13:25+00:00
order_0000002837,cust_0899,195.99,2025-11-17T02:51:12+00:00
order_0000002838,cust_0617,504.74,2025-11-14T23:35:10+00:00
order_0000002839,cust_0309,645.21,2025-11-20T06:18:08+00:00
order_0000002840,cust_0629,623.00,2025-11-24T17:05:13+00:00
order_0000002841,cust_0245,293.38,2025-11-21T08:51:19+00:00
order_0000002842,cust_0149,668.99,2025-11-02T11:40:45+00:00
order_0000002843,cust_0337,479.00,2025-11-20T15:32:49+00:00
order_0000002844,cust_0692,372.99,2025-11-21T17:05:21+00:00
order_0000002845,cust_0068,915.47,2025-11-23T07:23:33+00:00
order_0000002846,cust_0846,877.99,2025-11-29T15:25:00+00:00
order_0000002847,cust_0499,353.30,2025-11-26T23:44:38+00:00
order_0000002848,cust_0425,1511.99,2025-11-02T09:05:55+00:00
order_0000002849,cust_0772,1252.62,2025-11-06T18:00:44+00:00
order_0000002850,cust_0435,771.84,2025-11-24T17:03:59+00:00
order_0000002851,cust_0391,689.79,2025-11-09T15:48:38+00:00
order_0000002852,cust_0700,10081.00,2025-11-16T11:10:10+00:00
order_0000002853,cust_0101,608.00,2025-11-20T12:38:23+00:00
order_0000002854,cust_0237,528.85,2025-11-05T08:28:31+00:00
order_0000002855,cust_0572,989.00,2025-11-18T01:14:21+00:00
order_0000002856,cust_0581,1244.00,2025-11-13T04:42:13+00:00
order_0000002857,cust_0384,798.99,2025-11-15T09:13:09+00:00
order_0000002858,cust_0625,414.00,2025-11-22T10:17:02+00:00
order_0000002859,cust_0738,2302.31,2025-11-29T17:42:44+00:00
order_0000002860,cust_0491,791.99,2025-11-22T21:19:55+00:00
order_0000002861,cust_0261,2182.32,2025-11-13T08:28:47+00:00
order_0000002862,cust_0445,887.00,2025-11-15T06:37:59+00:00
order_0000002863,cust_0872,2632.00,2025-11-17T01:47:47+00:00
order_0000002864,cust_0853,775.49,2025-11-08T09:03:14+00:00
order_0000002865,cust_0792,704.62,2025-11-11T01:21:25+00:00
order_0000002866,cust_0241,450.54,2025-11-05T09:54:47+00:00
order_0000002867,cust_0037,334.08,2025-11-06T16:17:48+00:00
order_0000002868,cust_0371,4725.32,2025-11-21T07:02:00+00:00
order_0000002869,cust_0357,759.00,2025-11-11T18:02:24+00:00
order_0000002870,cust_0230,353.68,2025-11-20T10:36:19+00:00
order_0000002871,cust_0891,350.62,2025-11-21T11:08:27+00:00
order_0000002872,cust_0623,1065.00,2025-11-19T01:27:23+00:00
order_0000002873,cust_0221,12915.69,2025-11-14T09:20:32+00:00
order_0000002874,cust_0606,948.99,2025-11-12T13:56:43+00:00
order_0000002875,cust_0068,119.00,2025-11-16T04:03:35+00:00
order_0000002876,cust_0772,304.80,2025-11-05T00:16:53+00:00
order_0000002877,cust_0346,578.54,2025-11-25T13:59:36+00:00
order_0000002878,cust_0208,9032.00,2025-11-15T21:05:42+00:00
order_0000002879,cust_0491,714.63,2025-11-20T14:44:57+00:00
order_0000002880,cust_0545,490.00,2025-11-04T04:35:57+00:00
order_0000002881,cust_0680,2217.88,2025-11-23T02:54:27+00:00
order_0000002882,cust_0454,804.00,2025-11-07T18:11:54+00:00
order_0000002883,cust_0530,1781.71,2025-11-09T17:04:33+00:00
order_0000002884,cust_0855,465.12,2025-11-17T17:27:29+00:00
order_0000002885,cust_0833,1146.00,2025-11-28T12:27:29+00:00
order_0000002886,cust_0466,154.31,2025-11-29T01:10:13+00:00
order_0000002887,cust_0711,363.99,2025-11-19T06:46:20+00:00
order_0000002888,cust_0619,2993.00,2025-11-21T13:59:21+00:00
order_0000002889,cust_0244,3280.05,2025-11-11T03:08:56+00:00
order_0000002890,cust_0011,11675.00,2025-11-09T10:21:13+00:00
order_0000002891,cust_0870,124.00,2025-11-28T12:30:41+00:00
order_0000002892,cust_0146,3337.99,2025-11-07T12:51:47+00:00
order_0000002893,cust_0071,311.87,2025-11-08T00:26:29+00:00
order_0000002894,cust_0103,305.89,2025-11-28T18:16:24+00:00
order_0000002895,cust_0829,870.12,2025-11-12T16:44:05+00:00
order_0000002896,cust_0554,715.67,2025-11-26T18:04:31+00:00
order_0000002897,cust_0467,184.50,2025-11-05T03:23:35+00:00
order_0000002898,cust_0370,819.42,2025-11-03T17:47:22+00:00
order_0000002899,cust_0420,598.63,2025-11-10T08:05:47+00:00
order_0000002900,cust_0733,238.48,2025-11-05T17:25:50+00:00
order_0000002901,cust_0827,406.00,2025-11-05T09:04:36+00:00
order_0000002902,cust_0760,1337.00,2025-11-26T18:00:36+00:00
order_0000002903,cust_0748,492.69,2025-11-26T11:44:47+00:00
order_0000002904,cust_0346,6788.50,2025-11-26T06:32:47+00:00
order_0000002905,cust_0209,1190.14,2025-11-06T11:07:31+00:00
order_0000002906,cust_0157,441.99,2025-11-30T06:52:36+00:00
order_0000002907,cust_0447,1379.00,2025-11-15T17:14:22+00:00
order_0000002908,cust_0834,817.62,2025-11-30T17:51:34+00:00
order_0000002909,cust_0289,584.18,2025-11-28T03:18:23+00:00
order_0000002910,cust_0119,322.99,2025-11-18T05:26:19+00:00
order_0000002911,cust_0242,959.52,2025-11-19T16:33:34+00:00
order_0000002912,cust_0562,996.99,2025-11-02T13:44:17+00:00
order_0000002913,cust_0814,3591.00,2025-11-26T22:22:39+00:00
order_0000002914,cust_0517,2780.99,2025-11-26T12:30:38+00:00
order_0000002915,cust_0478,375.00,2025-11-27T09:36:14+00:00
order_0000002916,cust_0003,519.24,2025-11-08T02:48:47+00:00
order_0000002917,cust_0329,856.00,2025-11-12T01:03:58+00:00
order_0000002918,cust_0331,720.27,2025-11-18T22:05:35+00:00
order_0000002919,cust_0174,906.00,2025-11-19T19:56:25+00:00
order_0000002920,cust_0328,613.99,2025-11-11T03:34:34+00:00
order_0000002921,cust_0594,2059.00,2025-11-21T13:20:24+00:00
order_0000002922,cust_0867,2242.73,2025-11-19T11:14:47+00:00
order_0000002923,cust_0417,301.99,2025-11-29T19:03:37+00:00
order_0000002924,cust_0352,165.72,2025-11-17T16:58:42+00:00
order_0000002925,cust_0295,519.19,2025-11-20T21:57:49+00:00
order_0000002926,cust_0120,310.99,2025-11-14T13:54:01+00:00
order_0000002927,cust_0051,340.99,2025-11-11T01:26:40+00:00
order_0000002928,cust_0615,356.26,2025-11-15T14:58:46+00:00
order_0000002929,cust_0046,3526.99,2025-11-02T15:50:50+00:00
order_0000002930,cust_0613,976.99,2025-11-13T17:42:40+00:00
order_0000002931,cust_0004,464.99,2025-11-11T09:01:53+00:00
order_0000002932,cust_0133,605.00,2025-11-04T07:58:01+00:00
order_0000002933,cust_0084,821.40,2025-11-23T20:44:03+00:00
order_0000002934,cust_0646,3064.97,2025-11-11T19:12:33+00:00
order_0000002935,cust_0384,196.82,2025-11-13T09:24:36+00:00
order_0000002936,cust_0804,159.99,2025-11-06T15:51:31+00:00
order_0000002937,cust_0659,804.99,2025-11-13T08:45:48+00:00
order_0000002938,cust_0482,992.88,2025-11-17T06:32:06+00:00
order_0000002939,cust_0653,669.00,2025-11-01T11:31:41+00:00
order_0000002940,cust_0524,854.99,2025-11-25T00:46:36+00:00
order_0000002941,cust_0378,607.00,2025-11-05T12:53:47+00:00
order_0000002942,cust_0182,668.00,2025-11-08T18:00:42+00:00
order_0000002943,cust_0104,537.82,2025-11-29T16:08:02+00:00
order_0000002944,cust_0340,14596.99,2025-11-03T16:59:40+00:00
order_0000002945,cust_0577,1593.00,2025-11-28T09:24:09+00:00
order_0000002946,cust_0402,1627.00,2025-11-24T18:24:27+00:00
order_0000002947,cust_0004,769.00,2025-11-26T09:48:35+00:00
order_0000002948,cust_0657,668.00,2025-11-20T14:00:43+00:00
order_0000002949,cust_0455,911.58,2025-11-12T00:51:58+00:00
order_0000002950,cust_0556,554.14,2025-11-03T12:25:11+00:00
order_0000002951,cust_0876,3512.00,2025-11-25T06:15:27+00:00
order_0000002952,cust_0167,864.00,2025-11-04T01:59:47+00:00
order_0000002953,cust_0823,668.99,2025-11-12T05:18:03+00:00
order_0000002954,cust_0143,1037.74,2025-11-06T10:46:55+00:00
order_0000002955,cust_0370,3719.18,2025-11-05T17:56:21+00:00
order_0000002956,cust_0451,872.00,2025-11-19T13:25:01+00:00
order_0000002957,cust_0279,918.21,2025-11-11T23:16:25+00:00
order_0000002958,cust_0580,679.15,2025-11-30T12:00:09+00:00
order_0000002959,cust_0328,715.00,2025-11-25T12:46:04+00:00
order_0000002960,cust_0685,259.99,2025-11-02T01:51:19+00:00
order_0000002961,cust_0327,345.78,2025-11-13T15:13:23+00:00
order_0000002962,cust_0638,778.99,2025-11-08T09:09:50+00:00
order_0000002963,cust_0780,752.64,2025-11-10T09:17:15+00:00
order_0000002964,cust_0744,246.99,2025-11-04T07:32:08+00:00
order_0000002965,cust_0823,550.98,2025-11-28T17:29:03+00:00
order_0000002966,cust_0887,546.99,2025-11-06T16:04:10+00:00
order_0000002967,cust_0874,906.00,2025-11-17T00:17:52+00:00
order_0000002968,cust_0748,3006.17,2025-11-27T13:53:17+00:00
order_0000002969,cust_0882,935.78,2025-11-15T06:12:57+00:00
order_0000002970,cust_0662,800.13,2025-11-05T08:50:46+00:00
order_0000002971,cust_0074,724.00,2025-11-04T16:27:38+00:00
order_0000002972,cust_0546,786.00,2025-11-29T02:33:53+00:00
order_0000002973,cust_0775,253.97,2025-11-30T10:13:36+00:00
order_0000002974,cust_0361,855.35,2025-11-23T11:53:37+00:00
order_0000002975,cust_0476,356.99,2025-11-22T07:10:05+00:00
order_0000002976,cust_0595,279.90,2025-11-12T06:33:11+00:00
order_0000002977,cust_0321,1032.99,2025-11-11T19:31:35+00:00
order_0000002978,cust_0464,709.00,2025-11-19T12:09:23+00:00
order_0000002979,cust_0399,3497.13,2025-11-17T15:04:51+00:00
order_0000002980,cust_0137,390.00,2025-11-18T03:43:40+00:00
order_0000002981,cust_0710,173.00,2025-11-10T00:38:39+00:00
order_0000002982,cust_0179,246.98,2025-11-01T05:10:33+00:00
order_0000002983,cust_0857,10722.99,2025-11-25T18:52:28+00:00
order_0000002984,cust_0746,935.99,2025-11-09T10:09:49+00:00
order_0000002985,cust_0482,897.14,2025-11-24T03:29:24+00:00
order_0000002986,cust_0120,420.61,2025-11-08T05:44:30+00:00
order_0000002987,cust_0076,584.55,2025-11-19T02:08:57+00:00
order_0000002988,cust_0015,443.07,2025-11-18T07:24:54+00:00
order_0000002989,cust_0381,982.59,2025-11-13T04:22:50+00:00
order_0000002990,cust_0807,2970.36,2025-11-01T12:26:34+00:00
order_0000002991,cust_0744,245.31,2025-11-22T07:55:03+00:00
order_0000002992,cust_0464,1045.74,2025-11-07T16:48:20+00:00
order_0000002993,cust_0087,1003.76,2025-11-29T12:03:21+00:00
order_0000002994,cust_0641,175.00,2025-11-21T07:10:57+00:00
order_0000002995,cust_0591,408.00,2025-11-20T14:16:25+00:00
order_0000002996,cust_0771,2062.99,2025-11-19T09:05:48+00:00
order_0000002997,cust_0473,830.99,2025-11-07T02:44:03+00:00
order_0000002998,cust_0074,767.99,2025-11-18T05:39:19+00:00
order_0000002999,cust_0527,577.08,2025-11-29T09:17:30+00:00
order_0000003000,cust_0326,435.00,2025-11-01T17:56:59+00:00
order_0000003001,cust_0631,792.34,2025-11-28T11:17:37+00:00
order_0000003002,cust_0412,174.73,2025-11-02T10:05:55+00:00
order_0000003003,cust_0055,508.00,2025-11-17T17:54:52+00:00
order_0000003004,cust_0622,1007.00,2025-11-24T07:14:49+00:00
order_0000003005,cust_0251,803.99,2025-11-22T07:36:07+00:00
order_0000003006,cust_0057,588.78,2025-11-04T20:14:35+00:00
order_0000003007,cust_0039,1479.00,2025-11-01T19:27:06+00:00
order_0000003008,cust_0169,542.90,2025-11-26T11:53:53+00:00
order_0000003009,cust_0858,569.27,2025-11-07T10:30:45+00:00
order_0000003010,cust_0788,856.99,2025-11-28T18:29:31+00:00
order_0000003011,cust_0509,204.00,2025-11-17T15:27:49+00:00
order_0000003012,cust_0498,355.00,2025-11-19T08:11:38+00:00
order_0000003013,cust_0843,790.99,2025-11-20T14:53:34+00:00
order_0000003014,cust_0020,957.18,2025-11-14T01:12:36+00:00
order_0000003015,cust_0340,2509.13,2025-11-07T15:33:36+00:00
order_0000003016,cust_0637,1184.51,2025-11-04T04:36:07+00:00
order_0000003017,cust_0467,818.99,2025-11-25T14:35:53+00:00
order_0000003018,cust_0787,2059.99,2025-11-24T17:46:59+00:00
order_0000003019,cust_0295,504.10,2025-11-07T06:51:42+00:00
order_0000003020,cust_0276,372.75,2025-11-14T23:03:17+00:00
order_0000003021,cust_0593,441.90,2025-11-20T14:37:11+00:00
order_0000003022,cust_0794,1085.14,2025-11-28T07:51:10+00:00
order_0000003023,cust_0822,495.50,2025-11-28T09:31:46+00:00
order_0000003024,cust_0063,2501.75,2025-11-07T07:44:44+00:00
order_0000003025,cust_0624,1432.52,2025-11-06T20:19:08+00:00
order_0000003026,cust_0482,446.77,2025-11-22T12:45:09+00:00
order_0000003027,cust_0027,708.00,2025-11-27T16:17:40+00:00
order_0000003028,cust_0522,920.48,2025-11-27T08:56:24+00:00
order_0000003029,cust_0612,1069.00,2025-11-09T03:20:23+00:00
order_0000003030,cust_0384,831.56,2025-11-22T17:14:42+00:00
order_0000003031,cust_0111,11819.99,2025-11-29T07:24:08+00:00
order_0000003032,cust_0389,391.99,2025-11-05T05:21:18+00:00
order_0000003033,cust_0678,3349.00,2025-11-12T16:09:53+00:00
order_0000003034,cust_0063,895.00,2025-11-06T07:37:12+00:00
order_0000003035,cust_0512,942.52,2025-11-30T12:59:53+00:00
order_0000003036,cust_0717,441.00,2025-11-23T11:54:46+00:00
order_0000003037,cust_0129,924.00,2025-11-08T06:40:31+00:00
order_0000003038,cust_0777,867.97,2025-11-22T14:15:22+00:00
order_0000003039,cust_0463,2472.06,2025-11-16T08:54:16+00:00
order_0000003040,cust_0237,357.62,2025-11-08T13:40:28+00:00
order_0000003041,cust_0103,1069.32,2025-11-09T02:49:42+00:00
order_0000003042,cust_0614,175.59,2025-11-10T16:04:10+00:00
order_0000003043,cust_0671,870.00,2025-11-06T03:01:23+00:00
order_0000003044,cust_0002,330.83,2025-11-08T17:39:04+00:00
order_0000003045,cust_0003,789.00,2025-11-26T14:07:49+00:00
order_0000003046,cust_0243,280.97,2025-11-28T22:00:20+00:00
order_0000003047,cust_0258,14944.50,2025-11-15T15:52:32+00:00
order_0000003048,cust_0850,471.66,2025-11-04T14:03:32+00:00
order_0000003049,cust_0167,1017.45,2025-11-11T02:08:16+00:00
order_0000003050,cust_0396,889.33,2025-11-17T04:21:23+00:00
order_0000003051,cust_0659,753.44,2025-11-29T07:32:13+00:00
order_0000003052,cust_0271,357.08,2025-11-22T10:23:13+00:00
order_0000003053,cust_0046,406.03,2025-11-28T12:49:41+00:00
order_0000003054,cust_0350,622.99,2025-11-03T10:30:54+00:00
order_0000003055,cust_0176,2282.00,2025-11-28T15:28:42+00:00
order_0000003056,cust_0521,3278.58,2025-11-12T08:46:07+00:00
order_0000003057,cust_0802,619.00,2025-11-05T03:34:29+00:00
order_0000003058,cust_0106,3566.01,2025-11-12T12:38:56+00:00
order_0000003059,cust_0424,673.50,2025-11-06T07:58:36+00:00
order_0000003060,cust_0081,1045.00,2025-11-16T09:21:10+00:00
order_0000003061,cust_0027,144.92,2025-11-09T16:16:24+00:00
order_0000003062,cust_0449,919.00,2025-11-17T08:38:52+00:00
order_0000003063,cust_0554,2111.15,2025-11-04T10:09:53+00:00
order_0000003064,cust_0811,247.78,2025-11-11T06:22:16+00:00
order_0000003065,cust_0361,929.99,2025-11-07T13:42:45+00:00
order_0000003066,cust_0783,1761.90,2025-11-04T20:19:29+00:00
order_0000003067,cust_0093,154.99,2025-11-23T05:10:32+00:00
order_0000003068,cust_0666,269.24,2025-11-03T17:34:19+00:00
order_0000003069,cust_0650,270.00,2025-11-16T15:56:56+00:00
order_0000003070,cust_0348,1044.60,2025-11-23T09:18:37+00:00
order_0000003071,cust_0724,205.66,2025-11-08T20:27:27+00:00
order_0000003072,cust_0819,1003.44,2025-11-22T09:18:05+00:00
order_0000003073,cust_0272,1014.00,2025-11-29T11:50:30+00:00
order_0000003074,cust_0423,980.00,2025-11-19T11:01:32+00:00
order_0000003075,cust_0766,901.00,2025-11-09T13:55:58+00:00
order_0000003076,cust_0772,506.49,2025-11-12T09:15:45+00:00
order_0000003077,cust_0230,911.00,2025-11-09T16:38:00+00:00
order_0000003078,cust_0614,545.99,2025-11-04T02:01:25+00:00
order_0000003079,cust_0580,1062.14,2025-11-03T11:30:46+00:00
order_0000003080,cust_0254,581.11,2025-11-21T03:32:09+00:00
order_0000003081,cust_0813,1869.00,2025-11-27T10:06:09+00:00
order_0000003082,cust_0234,3132.27,2025-11-19T12:07:17+00:00
order_0000003083,cust_0593,1730.00,2025-11-17T05:05:56+00:00
order_0000003084,cust_0418,657.99,2025-11-17T19:25:29+00:00
order_0000003085,cust_0279,1332.15,2025-11-25T15:36:41+00:00
order_0000003086,cust_0487,492.99,2025-11-18T22:36:14+00:00
order_0000003087,cust_0814,794.41,2025-11-12T08:37:20+00:00
order_0000003088,cust_0386,687.81,2025-11-03T20:10:00+00:00
order_0000003089,cust_0012,133.99,2025-11-28T17:24:30+00:00
order_0000003090,cust_0709,230.93,2025-11-07T15:26:46+00:00
order_0000003091,cust_0548,378.69,2025-11-02T16:55:31+00:00
order_0000003092,cust_0649,595.66,2025-11-02T01:49:30+00:00
order_0000003093,cust_0852,1044.22,2025-11-28T10:52:34+00:00
order_0000003094,cust_0786,637.27,2025-11-25T17:53:00+00:00
order_0000003095,cust_0498,469.00,2025-11-20T15:14:45+00:00
order_0000003096,cust_0537,590.60,2025-11-15T12:58:24+00:00
order_0000003097,cust_0185,986.00,2025-11-02T01:24:18+00:00
order_0000003098,cust_0865,964.62,2025-11-01T17:31:27+00:00
order_0000003099,cust_0842,10897.42,2025-11-16T18:05:14+00:00
order_0000003100,cust_0399,1048.00,2025-11-02T15:28:02+00:00
order_0000003101,cust_0338,2614.00,2025-11-06T16:37:45+00:00
order_0000003102,cust_0151,552.53,2025-11-20T03:37:15+00:00
order_0000003103,cust_0153,859.76,2025-11-23T04:43:53+00:00
order_0000003104,cust_0221,389.00,2025-11-18T13:59:10+00:00
order_0000003105,cust_0841,12585.86,2025-11-05T15:48:47+00:00
order_0000003106,cust_0090,208.40,2025-11-16T17:57:09+00:00
order_0000003107,cust_0810,847.08,2025-11-16T15:50:22+00:00
order_0000003108,cust_0135,463.99,2025-11-15T04:13:42+00:00
order_0000003109,cust_0516,661.79,2025-11-09T07:42:14+00:00
order_0000003110,cust_0493,799.37,2025-11-16T11:27:53+00:00
order_0000003111,cust_0549,544.51,2025-11-01T08:44:41+00:00
order_0000003112,cust_0375,851.99,2025-11-24T16:25:42+00:00
order_0000003113,cust_0781,6699.99,2025-11-14T07:55:15+00:00
order_0000003114,cust_0525,5082.00,2025-11-26T17:50:58+00:00
order_0000003115,cust_0698,258.00,2025-11-23T10:39:39+00:00
order_0000003116,cust_0419,187.76,2025-11-21T07:15:42+00:00
order_0000003117,cust_0561,720.00,2025-11-15T05:24:45+00:00
order_0000003118,cust_0433,2042.63,2025-11-22T11:12:44+00:00
order_0000003119,cust_0051,837.91,2025-11-04T15:49:23+00:00
order_0000003120,cust_0698,275.00,2025-11-16T03:45:11+00:00
order_0000003121,cust_0847,150.97,2025-11-29T02:37:22+00:00
order_0000003122,cust_0802,502.07,2025-11-01T10:07:33+00:00
order_0000003123,cust_0462,554.99,2025-11-28T06:38:13+00:00
order_0000003124,cust_0479,2572.99,2025-11-05T17:02:56+00:00
order_0000003125,cust_0185,466.70,2025-11-04T18:47:03+00:00
order_0000003126,cust_0465,336.00,2025-11-04T11:04:51+00:00
order_0000003127,cust_0458,2795.11,2025-11-17T11:08:06+00:00
order_0000003128,cust_0230,1065.92,2025-11-09T06:44:07+00:00
order_0000003129,cust_0122,613.78,2025-11-08T01:37:47+00:00
order_0000003130,cust_0528,891.86,2025-11-29T00:00:05+00:00
order_0000003131,cust_0748,1771.99,2025-11-06T12:09:25+00:00
order_0000003132,cust_0044,438.99,2025-11-10T10:28:21+00:00
order_0000003133,cust_0031,453.69,2025-11-09T05:06:15+00:00
order_0000003134,cust_0228,213.07,2025-11-15T07:58:42+00:00
order_0000003135,cust_0755,805.89,2025-11-26T09:12:26+00:00
order_0000003136,cust_0033,754.99,2025-11-19T09:44:07+00:00
order_0000003137,cust_0614,721.99,2025-11-01T06:47:12+00:00
order_0000003138,cust_0427,375.00,2025-11-14T01:22:26+00:00
order_0000003139,cust_0529,986.04,2025-11-22T10:51:01+00:00
order_0000003140,cust_0413,318.00,2025-11-14T07:15:52+00:00
order_0000003141,cust_0147,1389.00,2025-11-29T17:14:20+00:00
order_0000003142,cust_0742,3566.10,2025-11-21T12:44:41+00:00
order_0000003143,cust_0013,682.84,2025-11-01T13:16:17+00:00
order_0000003144,cust_0721,246.22,2025-11-01T02:05:18+00:00
order_0000003145,cust_0708,256.99,2025-11-23T09:13:20+00:00
order_0000003146,cust_0594,486.37,2025-11-25T17:02:51+00:00
order_0000003147,cust_0166,176.00,2025-11-09T01:28:29+00:00
order_0000003148,cust_0214,749.00,2025-11-14T15:12:52+00:00
order_0000003149,cust_0540,1052.03,2025-11-21T11:01:25+00:00
order_0000003150,cust_0573,677.99,2025-11-19T13:17:14+00:00
order_0000003151,cust_0614,1044.00,2025-11-22T14:49:45+00:00
order_0000003152,cust_0743,1635.97,2025-11-10T12:23:30+00:00
order_0000003153,cust_0584,1445.00,2025-11-03T17:12:05+00:00
order_0000003154,cust_0795,921.04,2025-11-08T03:37:27+00:00
order_0000003155,cust_0833,666.00,2025-11-27T15:16:06+00:00
order_0000003156,cust_0850,576.00,2025-11-22T07:48:56+00:00
order_0000003157,cust_0399,2956.89,2025-11-28T00:56:41+00:00
order_0000003158,cust_0619,794.92,2025-11-03T00:24:53+00:00
order_0000003159,cust_0701,2096.65,2025-11-26T13:21:59+00:00
order_0000003160,cust_0311,317.00,2025-11-20T04:43:31+00:00
order_0000003161,cust_0810,213.69,2025-11-29T12:50:44+00:00
order_0000003162,cust_0298,315.99,2025-11-29T11:05:25+00:00
order_0000003163,cust_0122,381.00,2025-11-21T11:56:20+00:00
order_0000003164,cust_0844,793.00,2025-11-20T15:16:39+00:00
order_0000003165,cust_0517,359.40,2025-11-21T03:05:23+00:00
order_0000003166,cust_0150,2314.99,2025-11-05T10:03:42+00:00
order_0000003167,cust_0457,1559.12,2025-11-09T04:42:39+00:00
order_0000003168,cust_0323,538.00,2025-11-28T23:21:57+00:00
order_0000003169,cust_0598,1851.99,2025-11-18T02:43:36+00:00
order_0000003170,cust_0850,559.00,2025-11-01T15:54:29+00:00
order_0000003171,cust_0174,541.16,2025-11-28T20:52:11+00:00
order_0000003172,cust_0649,156.87,2025-10-31T23:14:11+00:00
order_0000003173,cust_0472,396.48,2025-11-03T10:54:28+00:00
order_0000003174,cust_0358,579.92,2025-11-16T11:34:40+00:00
order_0000003175,cust_0057,190.95,2025-11-13T22:46:07+00:00
order_0000003176,cust_0556,1965.41,2025-11-03T00:41:08+00:00
order_0000003177,cust_0453,7619.84,2025-11-14T13:39:24+00:00
order_0000003178,cust_0735,412.22,2025-11-04T05:16:57+00:00
order_0000003179,cust_0628,558.63,2025-11-21T06:12:10+00:00
order_0000003180,cust_0389,483.52,2025-11-09T22:50:44+00:00
order_0000003181,cust_0757,1454.12,2025-11-20T02:37:45+00:00
order_0000003182,cust_0018,1017.76,2025-11-25T23:55:08+00:00
order_0000003183,cust_0852,3103.77,2025-11-08T14:54:53+00:00
order_0000003184,cust_0761,663.99,2025-11-20T02:50:04+00:00
order_0000003185,cust_0401,971.96,2025-11-15T16:06:10+00:00
order_0000003186,cust_0815,903.75,2025-11-17T02:00:59+00:00
order_0000003187,cust_0258,180.90,2025-11-12T05:47:24+00:00
order_0000003188,cust_0685,688.90,2025-11-19T09:03:57+00:00
order_0000003189,cust_0751,2498.99,2025-11-14T18:18:19+00:00
order_0000003190,cust_0332,459.80,2025-11-08T21:33:41+00:00
order_0000003191,cust_0792,140.14,2025-11-21T11:33:49+00:00
order_0000003192,cust_0766,5192.00,2025-11-10T07:12:43+00:00
order_0000003193,cust_0856,314.99,2025-11-28T14:23:48+00:00
order_0000003194,cust_0541,549.06,2025-11-26T11:47:37+00:00
order_0000003195,cust_0527,2808.34,2025-11-09T14:19:03+00:00
order_0000003196,cust_0500,775.00,2025-11-04T13:14:02+00:00
order_0000003197,cust_0854,710.00,2025-11-24T15:26:21+00:00
order_0000003198,cust_0507,375.96,2025-11-27T15:22:31+00:00
order_0000003199,cust_0001,148.49,2025-11-08T09:48:05+00:00
order_0000003200,cust_0044,248.00,2025-11-13T03:52:48+00:00
order_0000003201,cust_0606,626.99,2025-11-29T08:18:21+00:00
order_0000003202,cust_0119,464.00,2025-11-11T11:12:26+00:00
order_0000003203,cust_0537,3514.00,2025-11-30T03:27:44+00:00
order_0000003204,cust_0763,840.56,2025-11-23T11:19:00+00:00
order_0000003205,cust_0014,630.99,2025-11-05T12:43:30+00:00
order_0000003206,cust_0758,1537.27,2025-11-20T17:08:00+00:00
order_0000003207,cust_0402,1032.00,2025-11-30T16:54:02+00:00
order_0000003208,cust_0665,103.87,2025-11-17T13:53:16+00:00
order_0000003209,cust_0788,664.00,2025-11-14T04:53:33+00:00
order_0000003210,cust_0225,482.99,2025-11-19T08:47:26+00:00
order_0000003211,cust_0122,248.21,2025-11-20T06:18:24+00:00
order_0000003212,cust_0002,1060.99,2025-11-01T17:35:32+00:00
order_0000003213,cust_0883,707.33,2025-11-25T01:25:43+00:00
order_0000003214,cust_0856,895.67,2025-11-14T06:08:55+00:00
order_0000003215,cust_0818,716.99,2025-11-06T17:27:33+00:00
order_0000003216,cust_0049,242.99,2025-11-26T01:57:44+00:00
order_0000003217,cust_0719,433.99,2025-11-26T17:21:40+00:00
order_0000003218,cust_0359,1475.13,2025-11-23T05:59:24+00:00
order_0000003219,cust_0844,153.05,2025-11-05T11:41:36+00:00
order_0000003220,cust_0127,107.89,2025-11-24T16:12:34+00:00
order_0000003221,cust_0431,652.52,2025-11-26T14:57:20+00:00
order_0000003222,cust_0708,16565.00,2025-11-19T15:15:06+00:00
order_0000003223,cust_0400,399.62,2025-11-02T15:10:02+00:00
order_0000003224,cust_0376,393.00,2025-11-26T16:00:42+00:00
order_0000003225,cust_0851,972.99,2025-11-14T11:01:48+00:00
order_0000003226,cust_0577,1034.00,2025-11-01T16:39:15+00:00
order_0000003227,cust_0670,848.14,2025-11-05T10:27:44+00:00
order_0000003228,cust_0747,2440.76,2025-11-28T22:44:51+00:00
order_0000003229,cust_0031,848.00,2025-11-15T09:09:55+00:00
order_0000003230,cust_0869,160.00,2025-11-02T14:16:09+00:00
order_0000003231,cust_0790,507.00,2025-11-27T03:11:59+00:00
order_0000003232,cust_0353,345.43,2025-11-25T08:34:43+00:00
order_0000003233,cust_0315,183.65,2025-11-30T05:35:46+00:00
order_0000003234,cust_0705,297.99,2025-11-30T16:16:36+00:00
order_0000003235,cust_0842,620.00,2025-11-11T08:58:29+00:00
order_0000003236,cust_0681,1086.00,2025-11-17T12:14:40+00:00
order_0000003237,cust_0029,250.57,2025-11-09T08:01:50+00:00
order_0000003238,cust_0269,234.26,2025-11-11T00:36:41+00:00
order_0000003239,cust_0894,744.00,2025-11-18T12:18:00+00:00
order_0000003240,cust_0766,309.94,2025-11-15T07:01:01+00:00
order_0000003241,cust_0069,3400.99,2025-11-22T00:41:55+00:00
order_0000003242,cust_0629,977.55,2025-11-15T21:08:39+00:00
order_0000003243,cust_0454,802.00,2025-11-18T10:13:19+00:00
order_0000003244,cust_0591,549.99,2025-11-25T09:54:37+00:00
order_0000003245,cust_0888,3259.70,2025-11-20T01:17:10+00:00
order_0000003246,cust_0610,955.00,2025-11-04T05:50:58+00:00
order_0000003247,cust_0733,501.99,2025-11-21T11:35:39+00:00
order_0000003248,cust_0560,1531.00,2025-11-29T15:02:51+00:00
order_0000003249,cust_0517,216.00,2025-11-05T14:47:48+00:00
order_0000003250,cust_0596,783.99,2025-11-10T15:19:46+00:00
order_0000003251,cust_0586,1528.93,2025-11-16T16:58:04+00:00
order_0000003252,cust_0162,252.14,2025-11-14T15:40:57+00:00
order_0000003253,cust_0301,984.00,2025-11-24T05:08:06+00:00
order_0000003254,cust_0466,607.00,2025-11-21T16:36:04+00:00
order_0000003255,cust_0765,1409.00,2025-11-08T13:42:42+00:00
order_0000003256,cust_0828,261.30,2025-11-21T10:28:25+00:00
order_0000003257,cust_0510,601.00,2025-11-02T09:27:56+00:00
order_0000003258,cust_0442,1023.98,2025-11-14T06:59:29+00:00
order_0000003259,cust_0678,162.95,2025-11-02T05:47:00+00:00
order_0000003260,cust_0168,13875.61,2025-11-14T18:20:57+00:00
order_0000003261,cust_0009,442.14,2025-11-10T05:42:08+00:00
order_0000003262,cust_0417,226.98,2025-11-23T16:31:48+00:00
order_0000003263,cust_0395,531.99,2025-11-09T07:03:11+00:00
order_0000003264,cust_0738,251.01,2025-11-03T04:50:07+00:00
order_0000003265,cust_0354,549.22,2025-11-12T22:24:37+00:00
order_0000003266,cust_0224,502.01,2025-11-10T17:06:14+00:00
order_0000003267,cust_0874,106.33,2025-11-23T13:04:42+00:00
order_0000003268,cust_0171,1075.99,2025-11-12T08:29:29+00:00
order_0000003269,cust_0801,809.99,2025-11-26T09:57:03+00:00
order_0000003270,cust_0138,772.99,2025-11-17T06:14:21+00:00
order_0000003271,cust_0602,718.00,2025-11-06T17:11:37+00:00
order_0000003272,cust_0493,909.00,2025-11-24T17:11:31+00:00
order_0000003273,cust_0376,582.00,2025-11-26T01:02:46+00:00
order_0000003274,cust_0072,114.79,2025-11-07T09:02:35+00:00
order_0000003275,cust_0260,343.48,2025-11-28T15:37:19+00:00
order_0000003276,cust_0673,1545.00,2025-11-13T07:34:21+00:00
order_0000003277,cust_0239,523.94,2025-11-09T23:02:57+00:00
order_0000003278,cust_0578,311.00,2025-11-19T00:48:05+00:00
order_0000003279,cust_0121,793.51,2025-11-26T14:48:24+00:00
order_0000003280,cust_0313,210.78,2025-11-28T10:25:40+00:00
order_0000003281,cust_0600,260.22,2025-11-17T05:29:22+00:00
order_0000003282,cust_0747,99.74,2025-11-04T09:53:48+00:00
order_0000003283,cust_0122,3159.60,2025-11-18T17:02:13+00:00
order_0000003284,cust_0301,423.24,2025-11-22T12:11:55+00:00
order_0000003285,cust_0831,843.00,2025-11-04T09:22:55+00:00
order_0000003286,cust_0402,785.17,2025-11-08T02:30:25+00:00
order_0000003287,cust_0264,932.32,2025-11-01T08:06:55+00:00
order_0000003288,cust_0503,225.17,2025-11-29T16:24:41+00:00
order_0000003289,cust_0074,1027.99,2025-11-15T17:11:43+00:00
order_0000003290,cust_0799,3286.69,2025-11-04T14:14:36+00:00
order_0000003291,cust_0658,141.70,2025-11-13T16:11:10+00:00
order_0000003292,cust_0093,2398.00,2025-11-27T08:26:21+00:00
order_0000003293,cust_0246,2524.26,2025-11-15T01:42:13+00:00
order_0000003294,cust_0233,347.93,2025-11-17T14:04:33+00:00
order_0000003295,cust_0804,2332.00,2025-11-10T06:07:43+00:00
order_0000003296,cust_0729,995.00,2025-11-03T16:00:24+00:00
order_0000003297,cust_0169,1028.24,2025-11-06T06:25:11+00:00
order_0000003298,cust_0328,2580.24,2025-11-04T07:18:35+00:00
order_0000003299,cust_0042,422.99,2025-11-21T04:43:44+00:00
order_0000003300,cust_0820,990.00,2025-11-15T11:58:54+00:00
order_0000003301,cust_0612,9497.59,2025-11-29T05:25:17+00:00
order_0000003302,cust_0806,8819.00,2025-11-02T03:06:51+00:00
order_0000003303,cust_0837,345.28,2025-11-26T08:57:15+00:00
order_0000003304,cust_0728,490.00,2025-11-29T10:05:53+00:00
order_0000003305,cust_0356,245.04,2025-11-09T10:29:50+00:00
order_0000003306,cust_0346,776.00,2025-11-17T23:25:11+00:00
order_0000003307,cust_0652,460.68,2025-11-14T13:43:18+00:00
order_0000003308,cust_0440,784.35,2025-11-03T15:58:44+00:00
order_0000003309,cust_0081,308.99,2025-11-09T13:18:03+00:00
order_0000003310,cust_0219,174.38,2025-11-10T10:55:49+00:00
order_0000003311,cust_0536,213.99,2025-11-30T10:40:39+00:00
order_0000003312,cust_0568,619.48,2025-11-17T12:42:14+00:00
order_0000003313,cust_0260,279.06,2025-11-28T17:53:14+00:00
order_0000003314,cust_0551,3140.89,2025-11-01T13:40:44+00:00
order_0000003315,cust_0247,277.00,2025-11-10T08:20:36+00:00
order_0000003316,cust_0751,146.17,2025-11-25T03:07:21+00:00
order_0000003317,cust_0403,525.82,2025-11-06T10:21:57+00:00
order_0000003318,cust_0445,2830.33,2025-11-10T15:36:41+00:00
order_0000003319,cust_0060,352.99,2025-11-26T06:03:41+00:00
order_0000003320,cust_0702,172.92,2025-11-12T18:04:01+00:00
order_0000003321,cust_0772,328.00,2025-11-19T12:54:08+00:00
order_0000003322,cust_0852,1488.00,2025-11-22T03:32:38+00:00
order_0000003323,cust_0686,423.99,2025-11-18T07:58:27+00:00
order_0000003324,cust_0461,1301.85,2025-11-12T09:34:14+00:00
order_0000003325,cust_0080,981.00,2025-11-04T00:33:58+00:00
order_0000003326,cust_0219,920.98,2025-11-25T16:49:25+00:00
order_0000003327,cust_0134,162.00,2025-11-28T05:49:56+00:00
order_0000003328,cust_0739,213.00,2025-11-28T22:16:29+00:00
order_0000003329,cust_0836,708.75,2025-11-05T14:59:44+00:00
order_0000003330,cust_0650,557.06,2025-11-18T10:08:43+00:00
order_0000003331,cust_0390,305.88,2025-11-14T08:12:36+00:00
order_0000003332,cust_0143,973.00,2025-11-22T05:18:56+00:00
order_0000003333,cust_0696,1021.42,2025-11-21T05:21:47+00:00
order_0000003334,cust_0773,3245.00,2025-11-13T06:34:01+00:00
order_0000003335,cust_0043,416.37,2025-11-02T11:55:25+00:00
order_0000003336,cust_0514,1002.32,2025-11-20T19:45:25+00:00
order_0000003337,cust_0269,1825.86,2025-11-10T15:51:24+00:00
order_0000003338,cust_0175,436.35,2025-11-24T10:05:53+00:00
order_0000003339,cust_0359,2420.95,2025-11-15T14:52:39+00:00
order_0000003340,cust_0409,138.61,2025-11-09T06:19:38+00:00
order_0000003341,cust_0663,2379.00,2025-11-22T16:50:07+00:00
order_0000003342,cust_0357,127.00,2025-11-20T10:49:44+00:00
order_0000003343,cust_0297,1305.65,2025-11-22T07:37:36+00:00
order_0000003344,cust_0127,589.33,2025-11-05T06:19:35+00:00
order_0000003345,cust_0735,4230.19,2025-11-19T05:27:28+00:00
order_0000003346,cust_0854,147.99,2025-11-26T07:19:51+00:00
order_0000003347,cust_0600,785.00,2025-11-29T19:51:37+00:00
order_0000003348,cust_0598,896.86,2025-11-27T08:50:08+00:00
order_0000003349,cust_0167,728.00,2025-11-25T12:52:05+00:00
order_0000003350,cust_0193,17271.98,2025-11-08T04:12:40+00:00
order_0000003351,cust_0802,924.00,2025-11-23T08:33:51+00:00
order_0000003352,cust_0487,626.09,2025-11-19T04:04:54+00:00
order_0000003353,cust_0484,260.99,2025-11-26T17:59:43+00:00
order_0000003354,cust_0036,897.92,2025-11-26T13:20:48+00:00
order_0000003355,cust_0875,1097.67,2025-11-11T00:30:47+00:00
order_0000003356,cust_0114,160.00,2025-11-19T12:05:26+00:00
order_0000003357,cust_0316,266.01,2025-11-08T09:22:49+00:00
order_0000003358,cust_0858,367.35,2025-11-05T13:49:38+00:00
order_0000003359,cust_0295,305.27,2025-11-01T00:05:32+00:00
order_0000003360,cust_0592,903.17,2025-11-16T17:00:27+00:00
order_0000003361,cust_0189,432.28,2025-11-18T07:43:16+00:00
order_0000003362,cust_0559,418.00,2025-11-26T05:36:07+00:00
order_0000003363,cust_0776,322.00,2025-11-19T10:28:13+00:00
order_0000003364,cust_0414,960.00,2025-10-31T23:09:00+00:00
order_0000003365,cust_0097,524.00,2025-11-18T09:09:38+00:00
order_0000003366,cust_0735,780.00,2025-11-06T12:11:44+00:00
order_0000003367,cust_0813,231.11,2025-11-21T11:54:06+00:00
order_0000003368,cust_0602,357.00,2025-11-01T17:16:38+00:00
order_0000003369,cust_0529,1050.85,2025-11-09T03:21:06+00:00
order_0000003370,cust_0014,746.88,2025-11-23T15:11:05+00:00
order_0000003371,cust_0041,947.99,2025-11-25T09:46:29+00:00
order_0000003372,cust_0065,827.00,2025-11-02T08:27:32+00:00
order_0000003373,cust_0504,802.00,2025-11-20T18:11:12+00:00
order_0000003374,cust_0619,130.66,2025-11-20T21:32:02+00:00
order_0000003375,cust_0379,840.00,2025-11-07T13:27:04+00:00
order_0000003376,cust_0123,576.88,2025-11-25T11:19:35+00:00
order_0000003377,cust_0518,366.99,2025-11-29T16:22:27+00:00
order_0000003378,cust_0088,950.00,2025-11-03T10:00:54+00:00
order_0000003379,cust_0109,412.31,2025-11-19T12:42:15+00:00
order_0000003380,cust_0509,925.00,2025-11-26T14:49:19+00:00
order_0000003381,cust_0337,2508.00,2025-11-19T01:19:55+00:00
order_0000003382,cust_0662,199.24,2025-11-21T11:38:28+00:00
order_0000003383,cust_0686,660.08,2025-11-17T10:27:36+00:00
order_0000003384,cust_0259,222.99,2025-11-24T19:30:28+00:00
order_0000003385,cust_0476,400.00,2025-11-12T08:23:39+00:00
order_0000003386,cust_0630,550.99,2025-11-17T02:04:13+00:00
order_0000003387,cust_0199,781.99,2025-11-18T01:46:49+00:00
order_0000003388,cust_0345,964.03,2025-11-19T06:29:54+00:00
order_0000003389,cust_0229,756.00,2025-11-03T02:40:06+00:00
order_0000003390,cust_0509,614.99,2025-11-15T16:01:34+00:00
order_0000003391,cust_0828,687.00,2025-11-10T17:46:51+00:00
order_0000003392,cust_0431,783.50,2025-11-21T10:41:34+00:00
order_0000003393,cust_0440,319.77,2025-11-14T20:33:57+00:00
order_0000003394,cust_0219,483.02,2025-11-18T15:22:32+00:00
order_0000003395,cust_0478,807.00,2025-11-17T00:47:16+00:00
order_0000003396,cust_0733,781.20,2025-11-15T09:06:48+00:00
order_0000003397,cust_0478,713.68,2025-11-22T03:58:31+00:00
order_0000003398,cust_0141,488.99,2025-11-02T06:58:30+00:00
order_0000003399,cust_0258,576.52,2025-11-27T16:50:02+00:00
order_0000003400,cust_0201,408.02,2025-11-23T21:21:29+00:00
order_0000003401,cust_0235,974.92,2025-11-10T09:49:44+00:00
order_0000003402,cust_0320,191.00,2025-11-17T09:59:07+00:00
order_0000003403,cust_0254,403.00,2025-11-15T17:10:42+00:00
order_0000003404,cust_0552,1041.99,2025-11-26T07:41:30+00:00
order_0000003405,cust_0700,478.98,2025-11-11T04:15:32+00:00
order_0000003406,cust_0844,929.58,2025-11-05T07:41:18+00:00
order_0000003407,cust_0737,108.90,2025-11-21T05:28:26+00:00
order_0000003408,cust_0384,259.99,2025-11-30T18:18:10+00:00
order_0000003409,cust_0586,101.01,2025-11-29T07:17:17+00:00
order_0000003410,cust_0508,2846.00,2025-11-16T11:29:22+00:00
order_0000003411,cust_0601,125.00,2025-11-24T13:13:01+00:00
order_0000003412,cust_0363,816.00,2025-11-21T20:50:48+00:00
order_0000003413,cust_0256,249.12,2025-11-17T08:21:33+00:00
order_0000003414,cust_0308,454.15,2025-11-29T07:41:45+00:00
order_0000003415,cust_0733,1056.41,2025-11-06T06:24:37+00:00
order_0000003416,cust_0153,1022.99,2025-11-12T16:40:02+00:00
order_0000003417,cust_0437,438.21,2025-11-26T11:19:50+00:00
order_0000003418,cust_0582,400.16,2025-11-24T18:03:40+00:00
order_0000003419,cust_0059,365.92,2025-11-09T17:21:09+00:00
order_0000003420,cust_0708,13037.99,2025-11-03T00:45:59+00:00
order_0000003421,cust_0518,911.12,2025-11-12T08:10:46+00:00
order_0000003422,cust_0384,2842.29,2025-11-07T01:22:19+00:00
order_0000003423,cust_0541,998.99,2025-11-16T13:36:02+00:00
order_0000003424,cust_0615,892.01,2025-11-29T11:19:55+00:00
order_0000003425,cust_0325,239.10,2025-11-02T03:45:44+00:00
order_0000003426,cust_0054,2129.99,2025-11-14T14:03:55+00:00
order_0000003427,cust_0240,229.66,2025-11-07T09:10:26+00:00
order_0000003428,cust_0830,1035.01,2025-11-06T13:54:32+00:00
order_0000003429,cust_0024,649.94,2025-11-18T09:20:52+00:00
order_0000003430,cust_0864,2826.00,2025-11-14T14:20:20+00:00
order_0000003431,cust_0423,1736.99,2025-11-21T09:41:11+00:00
order_0000003432,cust_0583,540.07,2025-11-10T09:18:07+00:00
order_0000003433,cust_0413,510.54,2025-11-18T16:58:14+00:00
order_0000003434,cust_0251,436.00,2025-11-14T11:24:06+00:00
order_0000003435,cust_0735,615.47,2025-11-01T08:26:36+00:00
order_0000003436,cust_0128,131.99,2025-11-19T18:24:07+00:00
order_0000003437,cust_0383,191.25,2025-11-09T23:43:56+00:00
order_0000003438,cust_0182,572.91,2025-11-18T04:21:17+00:00
order_0000003439,cust_0065,923.38,2025-11-26T16:32:50+00:00
order_0000003440,cust_0081,199.64,2025-11-24T07:58:47+00:00
order_0000003441,cust_0557,629.00,2025-11-11T18:13:57+00:00
order_0000003442,cust_0860,1036.99,2025-11-23T12:52:09+00:00
order_0000003443,cust_0156,976.57,2025-11-12T01:39:58+00:00
order_0000003444,cust_0763,900.07,2025-11-20T16:56:33+00:00
order_0000003445,cust_0156,1393.08,2025-11-22T04:49:35+00:00
order_0000003446,cust_0852,527.99,2025-11-13T02:09:32+00:00
order_0000003447,cust_0272,146.83,2025-11-26T17:29:52+00:00
order_0000003448,cust_0449,173.99,2025-11-07T09:03:43+00:00
order_0000003449,cust_0107,1494.00,2025-11-19T10:30:54+00:00
order_0000003450,cust_0346,401.00,2025-11-13T13:48:02+00:00
order_0000003451,cust_0205,1044.00,2025-11-03T21:33:55+00:00
order_0000003452,cust_0817,526.99,2025-11-21T05:10:23+00:00
order_0000003453,cust_0266,625.00,2025-11-29T20:58:35+00:00
order_0000003454,cust_0327,719.99,2025-11-16T02:12:03+00:00
order_0000003455,cust_0442,616.45,2025-11-03T17:52:13+00:00
order_0000003456,cust_0356,182.50,2025-11-24T04:52:56+00:00
order_0000003457,cust_0069,2876.00,2025-11-28T10:01:19+00:00
order_0000003458,cust_0534,272.00,2025-11-16T13:35:22+00:00
order_0000003459,cust_0123,217.70,2025-11-03T23:25:30+00:00
order_0000003460,cust_0193,3494.99,2025-11-08T06:11:33+00:00
order_0000003461,cust_0671,333.00,2025-11-07T02:56:13+00:00
order_0000003462,cust_0879,1021.36,2025-11-28T15:00:50+00:00
order_0000003463,cust_0550,992.00,2025-11-18T14:59:39+00:00
order_0000003464,cust_0733,869.99,2025-11-25T04:35:42+00:00
order_0000003465,cust_0404,512.99,2025-11-06T14:53:45+00:00
order_0000003466,cust_0862,200.00,2025-11-21T07:24:15+00:00
order_0000003467,cust_0566,942.45,2025-11-16T23:06:14+00:00
order_0000003468,cust_0554,322.08,2025-11-15T04:03:22+00:00
order_0000003469,cust_0006,394.00,2025-11-25T19:27:13+00:00
order_0000003470,cust_0413,1299.24,2025-11-10T06:52:52+00:00
order_0000003471,cust_0833,911.99,2025-11-07T06:33:54+00:00
order_0000003472,cust_0739,4538.00,2025-11-10T02:21:12+00:00
order_0000003473,cust_0608,459.00,2025-11-28T18:18:59+00:00
order_0000003474,cust_0026,362.00,2025-11-17T13:53:25+00:00
order_0000003475,cust_0052,599.04,2025-11-13T05:41:21+00:00
order_0000003476,cust_0637,2990.31,2025-11-01T09:58:18+00:00
order_0000003477,cust_0214,958.68,2025-11-04T10:57:15+00:00
order_0000003478,cust_0711,2845.41,2025-11-21T07:06:38+00:00
order_0000003479,cust_0197,293.48,2025-11-01T16:22:38+00:00
order_0000003480,cust_0806,876.00,2025-11-26T09:49:20+00:00
order_0000003481,cust_0891,350.84,2025-11-18T13:06:11+00:00
order_0000003482,cust_0242,191.90,2025-11-27T04:31:42+00:00
order_0000003483,cust_0769,650.32,2025-11-09T14:28:42+00:00
order_0000003484,cust_0114,445.64,2025-11-22T14:10:25+00:00
order_0000003485,cust_0126,982.81,2025-11-19T09:59:10+00:00
order_0000003486,cust_0717,667.03,2025-11-11T02:33:45+00:00
order_0000003487,cust_0701,15823.00,2025-11-13T08:14:35+00:00
order_0000003488,cust_0776,853.00,2025-11-02T12:03:05+00:00
order_0000003489,cust_0415,593.99,2025-11-09T11:59:18+00:00
order_0000003490,cust_0050,527.99,2025-11-20T12:49:56+00:00
order_0000003491,cust_0043,742.00,2025-11-30T07:37:20+00:00
order_0000003492,cust_0346,3351.19,2025-11-29T09:28:48+00:00
order_0000003493,cust_0728,824.28,2025-11-05T06:19:51+00:00
order_0000003494,cust_0561,445.21,2025-11-05T04:56:27+00:00
order_0000003495,cust_0690,880.65,2025-11-30T04:12:37+00:00
order_0000003496,cust_0001,731.58,2025-11-25T17:28:12+00:00
order_0000003497,cust_0769,724.00,2025-11-05T06:30:20+00:00
order_0000003498,cust_0792,881.00,2025-11-19T13:58:01+00:00
order_0000003499,cust_0583,435.00,2025-11-19T13:28:06+00:00
order_0000003500,cust_0118,1064.00,2025-11-20T03:40:32+00:00
order_0000003501,cust_0439,2664.99,2025-11-28T07:46:38+00:00
order_0000003502,cust_0209,751.49,2025-11-10T14:51:22+00:00
order_0000003503,cust_0769,545.81,2025-11-15T18:13:31+00:00
order_0000003504,cust_0394,377.40,2025-11-23T03:50:00+00:00
order_0000003505,cust_0406,921.30,2025-11-13T08:10:08+00:00
order_0000003506,cust_0495,773.56,2025-11-10T06:45:54+00:00
order_0000003507,cust_0093,734.74,2025-11-23T08:33:02+00:00
order_0000003508,cust_0888,752.99,2025-11-04T20:00:51+00:00
order_0000003509,cust_0836,1431.00,2025-11-24T12:09:41+00:00
order_0000003510,cust_0374,671.35,2025-11-27T09:48:19+00:00
order_0000003511,cust_0699,3441.61,2025-11-22T16:55:18+00:00
order_0000003512,cust_0414,1477.00,2025-11-14T07:38:57+00:00
order_0000003513,cust_0828,1036.91,2025-11-01T12:58:01+00:00
order_0000003514,cust_0050,8389.10,2025-11-09T17:28:22+00:00
order_0000003515,cust_0376,938.99,2025-11-05T07:20:18+00:00
order_0000003516,cust_0820,680.15,2025-11-28T18:05:38+00:00
order_0000003517,cust_0303,360.00,2025-11-25T07:45:02+00:00
order_0000003518,cust_0149,977.00,2025-11-29T17:39:04+00:00
order_0000003519,cust_0756,968.00,2025-11-29T11:02:05+00:00
order_0000003520,cust_0454,411.00,2025-11-14T08:42:58+00:00
order_0000003521,cust_0329,618.29,2025-11-03T07:14:08+00:00
order_0000003522,cust_0377,3427.00,2025-11-19T17:42:30+00:00
order_0000003523,cust_0707,128.00,2025-11-24T10:59:43+00:00
order_0000003524,cust_0334,362.00,2025-11-29T17:24:58+00:00
order_0000003525,cust_0642,3550.16,2025-11-04T11:15:53+00:00
order_0000003526,cust_0579,195.99,2025-11-14T13:34:02+00:00
order_0000003527,cust_0883,2321.77,2025-11-30T01:32:11+00:00
order_0000003528,cust_0869,2946.27,2025-11-06T06:04:43+00:00
order_0000003529,cust_0231,337.96,2025-11-19T09:48:15+00:00
order_0000003530,cust_0206,216.41,2025-11-01T13:38:27+00:00
order_0000003531,cust_0683,1032.85,2025-11-24T00:57:14+00:00
order_0000003532,cust_0297,877.99,2025-11-01T10:07:15+00:00
order_0000003533,cust_0576,533.83,2025-11-07T22:25:54+00:00
order_0000003534,cust_0206,785.68,2025-11-29T08:21:12+00:00
order_0000003535,cust_0253,841.23,2025-11-28T23:51:17+00:00
order_0000003536,cust_0639,1004.42,2025-11-25T07:47:01+00:00
order_0000003537,cust_0579,12389.44,2025-11-03T11:17:26+00:00
order_0000003538,cust_0817,1621.99,2025-11-01T15:36:02+00:00
order_0000003539,cust_0290,1359.06,2025-11-01T18:20:06+00:00
order_0000003540,cust_0273,178.42,2025-11-03T22:14:47+00:00
order_0000003541,cust_0009,167.00,2025-11-14T03:03:14+00:00
order_0000003542,cust_0258,180.61,2025-11-07T12:33:18+00:00
order_0000003543,cust_0627,2011.86,2025-11-06T13:38:57+00:00
order_0000003544,cust_0863,429.99,2025-11-21T19:52:12+00:00
order_0000003545,cust_0760,894.84,2025-11-18T18:23:37+00:00
order_0000003546,cust_0850,1420.99,2025-11-18T00:41:43+00:00
order_0000003547,cust_0483,266.39,2025-11-06T14:58:07+00:00
order_0000003548,cust_0238,923.00,2025-11-28T11:00:36+00:00
order_0000003549,cust_0236,109.01,2025-11-26T14:15:24+00:00
order_0000003550,cust_0434,700.20,2025-11-15T10:06:26+00:00
order_0000003551,cust_0172,732.99,2025-11-27T08:34:13+00:00
order_0000003552,cust_0296,365.99,2025-11-16T16:14:40+00:00
order_0000003553,cust_0153,2438.00,2025-11-02T11:27:57+00:00
order_0000003554,cust_0444,861.65,2025-11-27T14:55:39+00:00
order_0000003555,cust_0638,2476.98,2025-11-30T04:34:10+00:00
order_0000003556,cust_0331,853.04,2025-11-16T11:00:58+00:00
order_0000003557,cust_0393,266.00,2025-11-16T06:59:45+00:00
order_0000003558,cust_0311,1186.00,2025-11-28T07:09:12+00:00
order_0000003559,cust_0255,868.80,2025-11-05T07:10:19+00:00
order_0000003560,cust_0893,953.99,2025-11-16T06:21:05+00:00
order_0000003561,cust_0874,993.99,2025-11-25T00:32:00+00:00
order_0000003562,cust_0212,141.08,2025-11-27T11:35:49+00:00
order_0000003563,cust_0374,349.66,2025-11-20T18:11:00+00:00
order_0000003564,cust_0859,3514.55,2025-11-19T13:44:15+00:00
order_0000003565,cust_0061,13196.79,2025-11-12T15:35:43+00:00
order_0000003566,cust_0606,2365.57,2025-11-08T15:12:18+00:00
order_0000003567,cust_0638,799.78,2025-11-05T18:06:56+00:00
order_0000003568,cust_0474,3117.09,2025-11-05T11:34:19+00:00
order_0000003569,cust_0534,122.04,2025-11-26T12:47:09+00:00
order_0000003570,cust_0730,677.99,2025-11-19T09:30:28+00:00
order_0000003571,cust_0207,1072.00,2025-11-13T02:13:30+00:00
order_0000003572,cust_0604,2646.07,2025-11-26T13:05:11+00:00
order_0000003573,cust_0257,3274.64,2025-11-21T17:12:27+00:00
order_0000003574,cust_0282,151.91,2025-11-28T06:02:20+00:00
order_0000003575,cust_0285,1071.00,2025-11-01T07:09:49+00:00
order_0000003576,cust_0375,778.82,2025-11-19T23:36:32+00:00
order_0000003577,cust_0196,127.65,2025-11-14T07:08:40+00:00
order_0000003578,cust_0250,1023.93,2025-11-16T12:08:32+00:00
order_0000003579,cust_0345,1733.95,2025-11-16T18:07:30+00:00
order_0000003580,cust_0749,3210.00,2025-11-26T19:06:08+00:00
order_0000003581,cust_0719,139.00,2025-11-28T01:11:18+00:00
order_0000003582,cust_0484,882.46,2025-11-14T09:48:57+00:00
order_0000003583,cust_0410,1057.26,2025-11-19T17:04:27+00:00
order_0000003584,cust_0681,3590.95,2025-11-19T05:23:43+00:00
order_0000003585,cust_0757,3805.99,2025-11-07T11:46:23+00:00
order_0000003586,cust_0341,926.00,2025-11-10T05:06:43+00:00
order_0000003587,cust_0648,936.99,2025-11-09T17:19:12+00:00
order_0000003588,cust_0046,802.51,2025-11-01T09:14:14+00:00
order_0000003589,cust_0474,1236.78,2025-11-12T13:01:05+00:00
order_0000003590,cust_0820,268.99,2025-11-06T14:10:24+00:00
order_0000003591,cust_0586,1053.00,2025-11-10T00:46:33+00:00
order_0000003592,cust_0561,210.99,2025-11-11T16:39:53+00:00
order_0000003593,cust_0460,17240.99,2025-11-04T21:10:40+00:00
order_0000003594,cust_0850,258.00,2025-11-02T14:08:53+00:00
order_0000003595,cust_0500,2927.00,2025-11-19T01:59:01+00:00
order_0000003596,cust_0895,14535.99,2025-11-20T04:03:33+00:00
order_0000003597,cust_0121,299.44,2025-11-25T17:24:27+00:00
order_0000003598,cust_0771,212.37,2025-11-15T08:47:41+00:00
order_0000003599,cust_0418,334.27,2025-11-15T08:59:12+00:00
order_0000003600,cust_0185,836.41,2025-11-24T15:50:08+00:00
order_0000003601,cust_0206,1000.62,2025-11-10T05:06:11+00:00
order_0000003602,cust_0257,563.12,2025-11-06T18:35:16+00:00
order_0000003603,cust_0021,835.00,2025-11-19T17:52:34+00:00
order_0000003604,cust_0268,961.00,2025-11-20T12:11:24+00:00
order_0000003605,cust_0109,213.15,2025-11-09T14:56:11+00:00
order_0000003606,cust_0867,1808.69,2025-11-01T07:51:30+00:00
order_0000003607,cust_0336,406.00,2025-11-22T06:14:16+00:00
order_0000003608,cust_0163,201.43,2025-11-05T11:01:20+00:00
order_0000003609,cust_0462,1058.12,2025-11-24T10:21:47+00:00
order_0000003610,cust_0254,1027.99,2025-11-12T12:22:51+00:00
order_0000003611,cust_0592,1053.00,2025-11-22T14:26:18+00:00
order_0000003612,cust_0069,2683.40,2025-11-19T10:21:59+00:00
order_0000003613,cust_0312,416.00,2025-11-12T12:18:17+00:00
order_0000003614,cust_0648,2612.00,2025-11-27T04:12:10+00:00
order_0000003615,cust_0729,1929.99,2025-11-30T10:57:10+00:00
order_0000003616,cust_0134,2068.99,2025-11-21T16:39:14+00:00
order_0000003617,cust_0007,277.00,2025-11-05T06:03:06+00:00
order_0000003618,cust_0690,851.16,2025-11-16T08:58:34+00:00
order_0000003619,cust_0892,1039.98,2025-11-12T01:36:12+00:00
order_0000003620,cust_0306,611.87,2025-11-11T13:52:52+00:00
order_0000003621,cust_0695,15660.79,2025-11-11T09:41:46+00:00
order_0000003622,cust_0490,189.00,2025-11-02T06:54:55+00:00
order_0000003623,cust_0140,1057.58,2025-11-12T11:35:29+00:00
order_0000003624,cust_0390,2723.00,2025-11-30T12:02:10+00:00
order_0000003625,cust_0138,454.31,2025-11-16T11:25:08+00:00
order_0000003626,cust_0667,732.00,2025-11-20T18:04:33+00:00
order_0000003627,cust_0005,934.14,2025-11-07T09:19:08+00:00
order_0000003628,cust_0254,193.99,2025-11-15T14:29:23+00:00
order_0000003629,cust_0359,316.76,2025-11-17T04:52:27+00:00
order_0000003630,cust_0708,2061.00,2025-11-26T16:33:46+00:00
order_0000003631,cust_0397,192.27,2025-11-24T15:08:19+00:00
order_0000003632,cust_0899,3599.31,2025-11-18T14:34:56+00:00
order_0000003633,cust_0213,158.00,2025-11-08T15:17:42+00:00
order_0000003634,cust_0506,1071.47,2025-11-04T12:58:53+00:00
order_0000003635,cust_0375,3446.70,2025-11-13T11:27:50+00:00
order_0000003636,cust_0711,578.44,2025-11-11T07:50:25+00:00
order_0000003637,cust_0681,759.39,2025-11-29T10:23:53+00:00
order_0000003638,cust_0820,643.23,2025-11-24T13:31:28+00:00
order_0000003639,cust_0078,1010.00,2025-11-10T12:30:12+00:00
order_0000003640,cust_0344,245.99,2025-11-01T18:23:31+00:00
order_0000003641,cust_0512,14904.00,2025-11-13T17:39:29+00:00
order_0000003642,cust_0873,640.00,2025-11-10T01:54:00+00:00
order_0000003643,cust_0194,1522.40,2025-11-12T14:57:47+00:00
order_0000003644,cust_0586,2731.07,2025-11-10T15:53:46+00:00
order_0000003645,cust_0809,249.00,2025-11-21T03:48:14+00:00
order_0000003646,cust_0847,205.99,2025-11-27T14:42:54+00:00
order_0000003647,cust_0274,566.00,2025-11-08T20:25:15+00:00
order_0000003648,cust_0813,889.00,2025-11-20T23:21:35+00:00
order_0000003649,cust_0069,186.00,2025-11-10T05:07:17+00:00
order_0000003650,cust_0590,922.00,2025-11-02T09:41:32+00:00
order_0000003651,cust_0501,722.00,2025-11-04T10:47:07+00:00
order_0000003652,cust_0194,620.92,2025-11-23T06:56:42+00:00
order_0000003653,cust_0076,940.38,2025-11-25T06:34:31+00:00
order_0000003654,cust_0805,861.25,2025-11-16T15:22:04+00:00
order_0000003655,cust_0437,511.29,2025-11-22T11:03:05+00:00
order_0000003656,cust_0664,3327.99,2025-11-02T14:52:51+00:00
order_0000003657,cust_0793,924.99,2025-11-27T14:11:06+00:00
order_0000003658,cust_0324,2268.60,2025-11-14T11:17:57+00:00
order_0000003659,cust_0325,479.00,2025-11-23T02:30:47+00:00
order_0000003660,cust_0312,3167.99,2025-11-03T12:04:42+00:00
order_0000003661,cust_0889,3549.00,2025-11-16T16:35:41+00:00
order_0000003662,cust_0375,684.19,2025-11-29T15:09:43+00:00
order_0000003663,cust_0747,279.99,2025-11-14T16:28:59+00:00
order_0000003664,cust_0540,270.09,2025-11-02T15:04:51+00:00
order_0000003665,cust_0572,410.00,2025-11-13T10:41:13+00:00
order_0000003666,cust_0520,784.99,2025-11-01T17:39:25+00:00
order_0000003667,cust_0659,783.79,2025-11-04T08:52:15+00:00
order_0000003668,cust_0096,882.99,2025-11-24T07:53:20+00:00
order_0000003669,cust_0410,641.99,2025-11-09T07:45:28+00:00
order_0000003670,cust_0613,640.23,2025-11-03T11:24:07+00:00
order_0000003671,cust_0163,2456.00,2025-11-09T17:45:11+00:00
order_0000003672,cust_0472,3481.47,2025-11-23T18:33:05+00:00
order_0000003673,cust_0125,2988.74,2025-11-05T12:03:45+00:00
order_0000003674,cust_0455,5327.31,2025-11-19T11:08:07+00:00
order_0000003675,cust_0789,663.00,2025-11-25T18:32:48+00:00
order_0000003676,cust_0485,543.00,2025-11-19T11:10:15+00:00
order_0000003677,cust_0123,142.10,2025-11-03T12:24:52+00:00
order_0000003678,cust_0303,763.00,2025-11-08T08:01:22+00:00
order_0000003679,cust_0562,900.00,2025-11-12T04:21:29+00:00
order_0000003680,cust_0222,15197.00,2025-11-23T15:45:03+00:00
order_0000003681,cust_0588,798.62,2025-11-03T17:41:20+00:00
order_0000003682,cust_0260,312.99,2025-11-24T05:14:27+00:00
order_0000003683,cust_0554,1433.99,2025-11-09T14:05:06+00:00
order_0000003684,cust_0119,647.50,2025-11-28T18:36:14+00:00
order_0000003685,cust_0592,1331.18,2025-11-02T10:05:50+00:00
order_0000003686,cust_0378,457.00,2025-11-15T12:43:54+00:00
order_0000003687,cust_0485,850.00,2025-11-28T16:48:55+00:00
order_0000003688,cust_0365,1278.22,2025-11-17T14:07:31+00:00
order_0000003689,cust_0753,740.00,2025-11-06T15:34:56+00:00
order_0000003690,cust_0867,639.29,2025-11-11T10:17:14+00:00
order_0000003691,cust_0890,772.36,2025-11-11T13:36:44+00:00
order_0000003692,cust_0899,1291.26,2025-11-05T02:17:06+00:00
order_0000003693,cust_0337,500.79,2025-11-20T07:46:09+00:00
order_0000003694,cust_0043,3118.14,2025-11-18T11:27:53+00:00
order_0000003695,cust_0476,610.23,2025-11-03T10:21:14+00:00
order_0000003696,cust_0243,613.22,2025-11-24T01:31:16+00:00
order_0000003697,cust_0875,3473.10,2025-11-15T03:48:05+00:00
order_0000003698,cust_0445,176.99,2025-11-27T03:28:35+00:00
order_0000003699,cust_0555,160.24,2025-11-23T13:00:07+00:00
order_0000003700,cust_0128,383.99,2025-11-08T02:25:31+00:00
order_0000003701,cust_0355,300.00,2025-11-30T11:40:52+00:00
order_0000003702,cust_0734,1718.00,2025-11-11T09:18:42+00:00
order_0000003703,cust_0492,460.99,2025-11-02T17:46:30+00:00
order_0000003704,cust_0279,13514.84,2025-11-03T14:31:06+00:00
order_0000003705,cust_0172,3273.21,2025-10-31T21:53:19+00:00
order_0000003706,cust_0295,469.29,2025-11-30T10:12:44+00:00
order_0000003707,cust_0105,346.00,2025-11-29T04:57:25+00:00
order_0000003708,cust_0205,783.46,2025-11-06T06:50:14+00:00
order_0000003709,cust_0173,264.99,2025-11-10T05:13:37+00:00
order_0000003710,cust_0295,529.06,2025-11-15T10:09:31+00:00
order_0000003711,cust_0421,1778.27,2025-11-02T18:01:44+00:00
order_0000003712,cust_0824,598.37,2025-11-11T06:03:34+00:00
order_0000003713,cust_0776,458.00,2025-11-01T14:34:42+00:00
order_0000003714,cust_0399,934.00,2025-11-29T12:21:16+00:00
order_0000003715,cust_0249,206.15,2025-11-07T08:04:58+00:00
order_0000003716,cust_0294,172.61,2025-11-04T06:40:35+00:00
order_0000003717,cust_0042,965.62,2025-11-04T05:07:23+00:00
order_0000003718,cust_0198,681.40,2025-11-10T08:29:20+00:00
order_0000003719,cust_0712,2376.81,2025-11-07T16:31:38+00:00
order_0000003720,cust_0438,3587.44,2025-11-15T22:59:02+00:00
order_0000003721,cust_0274,252.02,2025-11-12T10:13:10+00:00
order_0000003722,cust_0186,176.00,2025-11-15T11:29:53+00:00
order_0000003723,cust_0008,1540.81,2025-11-05T17:26:00+00:00
order_0000003724,cust_0881,706.00,2025-11-06T16:55:23+00:00
order_0000003725,cust_0417,2059.31,2025-11-16T12:02:56+00:00
order_0000003726,cust_0841,138.71,2025-11-10T12:10:04+00:00
order_0000003727,cust_0717,1219.00,2025-11-28T13:19:55+00:00
order_0000003728,cust_0885,971.00,2025-11-17T08:19:04+00:00
order_0000003729,cust_0335,418.00,2025-11-08T08:30:16+00:00
order_0000003730,cust_0802,1073.87,2025-11-04T14:56:47+00:00
order_0000003731,cust_0472,397.00,2025-11-29T18:02:43+00:00
order_0000003732,cust_0425,2977.00,2025-11-18T08:19:17+00:00
order_0000003733,cust_0721,915.04,2025-11-18T19:05:16+00:00
order_0000003734,cust_0212,2046.00,2025-11-23T07:26:05+00:00
order_0000003735,cust_0156,1468.99,2025-11-06T16:59:54+00:00
order_0000003736,cust_0365,698.00,2025-11-30T10:57:09+00:00
order_0000003737,cust_0772,2360.28,2025-11-05T07:56:36+00:00
order_0000003738,cust_0312,790.66,2025-11-24T13:29:07+00:00
order_0000003739,cust_0689,828.00,2025-11-19T12:45:37+00:00
order_0000003740,cust_0415,891.00,2025-11-21T10:45:56+00:00
order_0000003741,cust_0529,235.15,2025-11-16T08:52:43+00:00
order_0000003742,cust_0460,349.99,2025-11-29T05:26:39+00:00
order_0000003743,cust_0846,3004.00,2025-11-18T00:37:59+00:00
order_0000003744,cust_0147,3648.25,2025-11-28T01:42:47+00:00
order_0000003745,cust_0632,3165.99,2025-11-20T17:35:51+00:00
order_0000003746,cust_0156,451.49,2025-11-15T10:22:26+00:00
order_0000003747,cust_0306,603.00,2025-11-23T16:52:21+00:00
order_0000003748,cust_0511,125.01,2025-11-07T19:20:25+00:00
order_0000003749,cust_0328,853.09,2025-11-23T07:13:03+00:00
order_0000003750,cust_0505,934.55,2025-11-21T11:08:57+00:00
order_0000003751,cust_0738,3541.99,2025-11-21T16:59:12+00:00
order_0000003752,cust_0555,500.99,2025-11-22T15:45:52+00:00
order_0000003753,cust_0537,886.42,2025-11-24T18:09:26+00:00
order_0000003754,cust_0040,830.99,2025-10-31T20:07:33+00:00
order_0000003755,cust_0034,221.58,2025-11-20T14:05:13+00:00
order_0000003756,cust_0618,659.03,2025-11-28T19:53:04+00:00
order_0000003757,cust_0493,690.95,2025-11-07T15:55:13+00:00
order_0000003758,cust_0192,785.00,2025-11-29T14:05:55+00:00
order_0000003759,cust_0708,2635.85,2025-11-22T09:46:18+00:00
order_0000003760,cust_0510,431.00,2025-11-19T07:59:59+00:00
order_0000003761,cust_0556,748.48,2025-11-08T10:57:32+00:00
order_0000003762,cust_0403,829.00,2025-11-25T16:14:44+00:00
order_0000003763,cust_0168,334.00,2025-11-22T01:28:26+00:00
order_0000003764,cust_0729,261.99,2025-11-25T08:26:17+00:00
order_0000003765,cust_0455,508.31,2025-11-27T10:34:42+00:00
order_0000003766,cust_0714,706.49,2025-11-16T19:53:44+00:00
order_0000003767,cust_0525,185.99,2025-11-28T01:14:50+00:00
order_0000003768,cust_0262,786.00,2025-11-06T07:50:35+00:00
order_0000003769,cust_0304,1490.58,2025-11-23T09:29:05+00:00
order_0000003770,cust_0353,3309.64,2025-11-23T07:35:08+00:00
order_0000003771,cust_0897,2923.91,2025-11-16T17:10:02+00:00
order_0000003772,cust_0522,366.56,2025-11-24T15:28:48+00:00
order_0000003773,cust_0607,1132.99,2025-11-16T15:57:59+00:00
order_0000003774,cust_0459,306.96,2025-11-09T13:07:20+00:00
order_0000003775,cust_0177,2437.67,2025-11-21T11:43:03+00:00
order_0000003776,cust_0460,4974.99,2025-11-08T11:15:31+00:00
order_0000003777,cust_0641,840.23,2025-11-15T03:58:46+00:00
order_0000003778,cust_0859,339.85,2025-11-19T10:26:50+00:00
order_0000003779,cust_0417,143.94,2025-11-11T16:53:16+00:00
order_0000003780,cust_0227,707.71,2025-11-18T12:27:06+00:00
order_0000003781,cust_0420,360.56,2025-11-05T10:29:39+00:00
order_0000003782,cust_0847,458.94,2025-11-16T16:26:41+00:00
order_0000003783,cust_0812,582.00,2025-11-16T07:01:23+00:00
order_0000003784,cust_0810,2569.00,2025-11-12T13:26:06+00:00
order_0000003785,cust_0105,1009.14,2025-11-06T12:38:32+00:00
order_0000003786,cust_0700,555.00,2025-11-25T17:00:22+00:00
order_0000003787,cust_0068,1327.99,2025-11-29T03:33:18+00:00
order_0000003788,cust_0077,4695.00,2025-11-02T10:52:40+00:00
order_0000003789,cust_0216,770.27,2025-11-26T15:47:39+00:00
order_0000003790,cust_0717,1027.99,2025-11-21T13:11:54+00:00
order_0000003791,cust_0509,497.96,2025-11-09T07:13:40+00:00
order_0000003792,cust_0175,2645.50,2025-11-09T10:53:21+00:00
order_0000003793,cust_0845,546.99,2025-11-09T15:12:08+00:00
order_0000003794,cust_0360,2812.05,2025-11-04T15:54:14+00:00
order_0000003795,cust_0407,703.82,2025-11-23T17:57:19+00:00
order_0000003796,cust_0146,314.01,2025-11-22T16:22:23+00:00
order_0000003797,cust_0262,579.00,2025-11-07T10:24:07+00:00
order_0000003798,cust_0154,13198.21,2025-11-08T11:12:59+00:00
order_0000003799,cust_0496,1930.00,2025-11-24T06:40:15+00:00
order_0000003800,cust_0338,973.72,2025-11-11T17:42:56+00:00
order_0000003801,cust_0228,1073.58,2025-11-22T16:13:58+00:00
order_0000003802,cust_0323,615.00,2025-11-26T01:05:44+00:00
order_0000003803,cust_0593,1079.74,2025-11-03T19:21:43+00:00
order_0000003804,cust_0788,167.63,2025-11-01T19:18:03+00:00
order_0000003805,cust_0031,493.40,2025-11-15T09:32:21+00:00
order_0000003806,cust_0722,341.00,2025-11-19T03:13:08+00:00
order_0000003807,cust_0512,189.96,2025-11-02T14:45:57+00:00
order_0000003808,cust_0424,980.00,2025-11-16T08:37:16+00:00
order_0000003809,cust_0226,6189.00,2025-11-26T16:50:30+00:00
order_0000003810,cust_0182,250.45,2025-11-02T20:59:59+00:00
order_0000003811,cust_0811,985.10,2025-11-06T11:57:07+00:00
order_0000003812,cust_0407,925.00,2025-11-18T17:44:07+00:00
order_0000003813,cust_0537,415.54,2025-11-17T07:16:37+00:00
order_0000003814,cust_0248,793.30,2025-11-11T07:17:44+00:00
order_0000003815,cust_0565,2141.99,2025-11-01T18:38:48+00:00
order_0000003816,cust_0021,1866.23,2025-11-17T06:49:13+00:00
order_0000003817,cust_0521,444.20,2025-11-23T03:54:41+00:00
order_0000003818,cust_0626,1034.93,2025-11-17T12:35:47+00:00
order_0000003819,cust_0273,629.66,2025-11-01T10:54:49+00:00
order_0000003820,cust_0879,648.99,2025-11-19T05:01:07+00:00
order_0000003821,cust_0747,404.57,2025-11-21T10:43:01+00:00
order_0000003822,cust_0058,10434.00,2025-11-28T17:07:23+00:00
order_0000003823,cust_0425,1428.99,2025-11-05T14:49:24+00:00
order_0000003824,cust_0570,844.46,2025-11-06T14:58:10+00:00
order_0000003825,cust_0815,388.00,2025-11-01T05:48:03+00:00
order_0000003826,cust_0173,993.00,2025-11-01T12:22:08+00:00
order_0000003827,cust_0427,1017.33,2025-11-20T12:11:05+00:00
order_0000003828,cust_0313,383.00,2025-11-19T05:26:53+00:00
order_0000003829,cust_0474,337.17,2025-11-28T14:27:50+00:00
order_0000003830,cust_0851,845.00,2025-11-29T12:04:28+00:00
order_0000003831,cust_0843,639.00,2025-11-03T09:26:18+00:00
order_0000003832,cust_0261,897.84,2025-11-09T14:54:40+00:00
order_0000003833,cust_0032,121.10,2025-11-22T13:25:25+00:00
order_0000003834,cust_0318,403.46,2025-11-16T13:49:03+00:00
order_0000003835,cust_0786,826.00,2025-11-27T05:35:39+00:00
order_0000003836,cust_0567,300.55,2025-11-16T22:09:49+00:00
order_0000003837,cust_0746,797.34,2025-11-29T00:34:06+00:00
order_0000003838,cust_0838,825.99,2025-11-17T10:43:28+00:00
order_0000003839,cust_0462,339.65,2025-11-13T09:20:51+00:00
order_0000003840,cust_0363,3065.95,2025-11-19T16:30:26+00:00
order_0000003841,cust_0249,700.17,2025-11-28T02:42:16+00:00
order_0000003842,cust_0099,1415.04,2025-11-10T11:45:20+00:00
order_0000003843,cust_0441,3085.53,2025-11-25T12:18:13+00:00
order_0000003844,cust_0471,802.59,2025-11-30T09:45:17+00:00
order_0000003845,cust_0529,988.89,2025-11-12T10:47:51+00:00
order_0000003846,cust_0439,1342.00,2025-11-20T16:44:24+00:00
order_0000003847,cust_0849,620.00,2025-11-21T23:56:20+00:00
order_0000003848,cust_0333,3396.00,2025-11-14T09:09:03+00:00
order_0000003849,cust_0512,412.00,2025-11-05T16:25:43+00:00
order_0000003850,cust_0508,6768.80,2025-11-16T19:36:31+00:00
order_0000003851,cust_0724,319.38,2025-11-22T15:00:37+00:00
order_0000003852,cust_0244,838.80,2025-11-20T11:34:33+00:00
order_0000003853,cust_0430,668.00,2025-11-25T10:14:32+00:00
order_0000003854,cust_0736,370.00,2025-11-01T08:04:07+00:00
order_0000003855,cust_0700,827.86,2025-11-15T14:58:59+00:00
order_0000003856,cust_0329,504.71,2025-11-14T15:25:45+00:00
order_0000003857,cust_0599,106.46,2025-11-24T09:24:29+00:00
order_0000003858,cust_0721,570.00,2025-11-20T15:36:13+00:00
order_0000003859,cust_0726,140.99,2025-11-06T10:18:25+00:00
order_0000003860,cust_0619,775.99,2025-11-08T14:25:24+00:00
order_0000003861,cust_0212,719.32,2025-11-29T07:24:23+00:00
order_0000003862,cust_0597,709.71,2025-11-07T03:55:39+00:00
order_0000003863,cust_0128,204.20,2025-11-15T07:37:27+00:00
order_0000003864,cust_0707,692.99,2025-11-10T01:14:41+00:00
order_0000003865,cust_0146,447.00,2025-11-10T11:32:44+00:00
order_0000003866,cust_0321,538.54,2025-11-23T15:45:11+00:00
order_0000003867,cust_0759,675.00,2025-11-17T07:47:41+00:00
order_0000003868,cust_0250,508.99,2025-11-28T06:35:46+00:00
order_0000003869,cust_0400,869.00,2025-11-14T10:54:13+00:00
order_0000003870,cust_0735,940.99,2025-11-24T12:31:48+00:00
order_0000003871,cust_0352,739.89,2025-11-29T06:59:25+00:00
order_0000003872,cust_0601,900.00,2025-11-20T18:19:46+00:00
order_0000003873,cust_0398,733.99,2025-11-11T05:32:08+00:00
order_0000003874,cust_0411,593.00,2025-11-21T17:32:53+00:00
order_0000003875,cust_0711,1072.16,2025-11-29T17:26:24+00:00
order_0000003876,cust_0664,218.99,2025-11-18T06:25:40+00:00
order_0000003877,cust_0571,784.16,2025-11-27T16:16:51+00:00
order_0000003878,cust_0544,3077.44,2025-11-01T12:39:46+00:00
order_0000003879,cust_0004,166.11,2025-11-05T14:03:53+00:00
order_0000003880,cust_0866,920.66,2025-11-13T13:12:02+00:00
order_0000003881,cust_0509,624.00,2025-11-02T08:50:30+00:00
order_0000003882,cust_0549,444.99,2025-11-11T10:53:04+00:00
order_0000003883,cust_0159,9304.00,2025-11-09T05:09:24+00:00
order_0000003884,cust_0852,615.99,2025-11-03T09:13:28+00:00
order_0000003885,cust_0320,994.00,2025-11-21T05:53:22+00:00
order_0000003886,cust_0481,855.99,2025-11-23T09:44:10+00:00
order_0000003887,cust_0341,508.00,2025-11-16T15:11:07+00:00
order_0000003888,cust_0410,1017.00,2025-11-12T04:46:25+00:00
order_0000003889,cust_0449,378.99,2025-11-17T14:05:12+00:00
order_0000003890,cust_0819,534.00,2025-11-10T23:59:29+00:00
order_0000003891,cust_0535,2969.61,2025-11-30T07:38:56+00:00
order_0000003892,cust_0623,874.92,2025-11-25T23:30:21+00:00
order_0000003893,cust_0059,3342.52,2025-11-27T10:06:54+00:00
order_0000003894,cust_0682,621.99,2025-11-26T04:56:26+00:00
order_0000003895,cust_0355,649.99,2025-11-23T10:59:38+00:00
order_0000003896,cust_0482,702.00,2025-11-04T17:29:01+00:00
order_0000003897,cust_0825,923.00,2025-11-01T09:06:55+00:00
order_0000003898,cust_0805,3090.77,2025-11-24T01:09:59+00:00
order_0000003899,cust_0265,806.31,2025-11-11T18:19:48+00:00
order_0000003900,cust_0354,332.00,2025-11-14T22:41:14+00:00
order_0000003901,cust_0488,597.41,2025-11-06T15:09:09+00:00
order_0000003902,cust_0342,1781.69,2025-11-17T10:02:46+00:00
order_0000003903,cust_0207,626.22,2025-11-15T01:53:54+00:00
order_0000003904,cust_0620,286.96,2025-11-28T22:59:11+00:00
order_0000003905,cust_0572,930.32,2025-11-28T14:23:31+00:00
order_0000003906,cust_0868,295.03,2025-11-06T07:10:40+00:00
order_0000003907,cust_0850,3523.00,2025-11-13T14:24:53+00:00
order_0000003908,cust_0665,6609.34,2025-11-13T04:00:47+00:00
order_0000003909,cust_0824,941.00,2025-11-26T17:43:54+00:00
order_0000003910,cust_0218,2480.97,2025-11-16T00:30:23+00:00
order_0000003911,cust_0865,875.76,2025-11-03T05:39:47+00:00
order_0000003912,cust_0513,893.00,2025-11-29T12:41:34+00:00
order_0000003913,cust_0355,3044.00,2025-11-22T12:15:18+00:00
order_0000003914,cust_0849,2309.53,2025-11-05T14:26:48+00:00
order_0000003915,cust_0896,445.99,2025-11-19T03:36:56+00:00
order_0000003916,cust_0218,827.67,2025-11-06T13:51:18+00:00
order_0000003917,cust_0213,1017.05,2025-11-24T09:59:21+00:00
order_0000003918,cust_0622,328.98,2025-11-26T16:25:53+00:00
order_0000003919,cust_0407,2794.14,2025-11-21T14:38:06+00:00
order_0000003920,cust_0355,281.00,2025-11-15T06:42:52+00:00
order_0000003921,cust_0409,539.00,2025-11-11T10:46:09+00:00
order_0000003922,cust_0369,441.99,2025-11-01T13:02:02+00:00
order_0000003923,cust_0129,486.99,2025-11-30T15:21:08+00:00
order_0000003924,cust_0669,719.99,2025-11-14T13:28:43+00:00
order_0000003925,cust_0236,828.17,2025-11-26T10:40:23+00:00
order_0000003926,cust_0224,595.00,2025-11-22T11:35:13+00:00
order_0000003927,cust_0270,1042.65,2025-11-02T23:04:56+00:00
order_0000003928,cust_0184,809.73,2025-11-16T11:04:40+00:00
order_0000003929,cust_0598,871.00,2025-11-24T06:03:14+00:00
order_0000003930,cust_0464,161.00,2025-11-08T02:05:22+00:00
order_0000003931,cust_0787,830.06,2025-11-16T09:31:55+00:00
order_0000003932,cust_0717,112.99,2025-11-09T00:56:14+00:00
order_0000003933,cust_0650,3128.00,2025-11-13T08:25:42+00:00
order_0000003934,cust_0266,712.83,2025-11-29T09:22:31+00:00
order_0000003935,cust_0220,863.99,2025-11-05T15:13:57+00:00
order_0000003936,cust_0868,130.51,2025-11-25T21:23:33+00:00
order_0000003937,cust_0541,703.72,2025-11-08T04:05:33+00:00
order_0000003938,cust_0871,2054.00,2025-11-21T13:41:29+00:00
order_0000003939,cust_0851,1078.00,2025-11-29T08:33:08+00:00
order_0000003940,cust_0693,506.20,2025-11-18T05:59:22+00:00
order_0000003941,cust_0784,705.48,2025-11-29T12:26:58+00:00
order_0000003942,cust_0883,830.94,2025-11-13T23:06:34+00:00
order_0000003943,cust_0065,840.25,2025-11-18T11:31:57+00:00
order_0000003944,cust_0630,1257.00,2025-11-20T13:38:51+00:00
order_0000003945,cust_0390,358.56,2025-11-18T16:01:06+00:00
order_0000003946,cust_0580,2363.00,2025-11-14T13:21:25+00:00
order_0000003947,cust_0388,784.85,2025-11-03T17:59:07+00:00
order_0000003948,cust_0569,1243.00,2025-11-18T02:23:15+00:00
order_0000003949,cust_0557,2886.00,2025-11-26T08:51:17+00:00
order_0000003950,cust_0086,413.96,2025-11-27T13:10:03+00:00
order_0000003951,cust_0342,761.00,2025-11-26T03:41:55+00:00
order_0000003952,cust_0650,814.31,2025-11-14T00:50:41+00:00
order_0000003953,cust_0875,628.21,2025-11-07T08:29:26+00:00
order_0000003954,cust_0543,264.38,2025-11-03T06:59:02+00:00
order_0000003955,cust_0696,207.41,2025-11-17T01:11:59+00:00
order_0000003956,cust_0755,1033.81,2025-11-13T10:38:55+00:00
order_0000003957,cust_0289,10724.81,2025-11-03T00:24:12+00:00
order_0000003958,cust_0199,208.97,2025-11-20T09:25:18+00:00
order_0000003959,cust_0478,2407.76,2025-11-13T15:22:16+00:00
order_0000003960,cust_0410,1055.93,2025-11-27T16:44:35+00:00
order_0000003961,cust_0461,639.99,2025-11-21T22:39:52+00:00
order_0000003962,cust_0421,512.19,2025-11-04T16:05:01+00:00
order_0000003963,cust_0081,969.53,2025-11-02T10:01:04+00:00
order_0000003964,cust_0639,2247.95,2025-11-10T09:51:46+00:00
order_0000003965,cust_0286,149.78,2025-11-28T03:08:46+00:00
order_0000003966,cust_0402,129.13,2025-11-23T12:32:16+00:00
order_0000003967,cust_0773,849.90,2025-11-08T11:18:09+00:00
order_0000003968,cust_0548,2896.00,2025-11-21T06:04:31+00:00
order_0000003969,cust_0471,2629.44,2025-11-22T18:15:33+00:00
order_0000003970,cust_0252,1007.00,2025-11-19T08:49:30+00:00
order_0000003971,cust_0733,796.00,2025-11-13T03:10:39+00:00
order_0000003972,cust_0445,410.12,2025-11-04T05:05:39+00:00
order_0000003973,cust_0607,1669.52,2025-11-14T17:03:40+00:00
order_0000003974,cust_0184,829.58,2025-11-01T08:47:46+00:00
order_0000003975,cust_0326,2785.90,2025-11-30T14:40:35+00:00
order_0000003976,cust_0331,881.00,2025-11-12T12:17:45+00:00
order_0000003977,cust_0643,700.00,2025-11-29T14:22:35+00:00
order_0000003978,cust_0232,10926.79,2025-11-25T11:45:12+00:00
order_0000003979,cust_0866,233.00,2025-11-10T03:49:09+00:00
order_0000003980,cust_0589,1053.99,2025-11-21T09:27:00+00:00
order_0000003981,cust_0630,909.00,2025-11-10T04:55:52+00:00
order_0000003982,cust_0373,3052.00,2025-11-19T07:49:52+00:00
order_0000003983,cust_0157,771.83,2025-11-05T06:28:50+00:00
order_0000003984,cust_0029,5568.09,2025-11-01T02:42:22+00:00
order_0000003985,cust_0821,950.00,2025-11-28T05:26:17+00:00
order_0000003986,cust_0596,2996.00,2025-11-27T13:14:58+00:00
order_0000003987,cust_0077,816.00,2025-11-23T07:35:15+00:00
order_0000003988,cust_0261,2184.41,2025-11-05T16:01:58+00:00
order_0000003989,cust_0561,466.47,2025-11-21T21:51:31+00:00
order_0000003990,cust_0158,883.45,2025-11-14T02:39:03+00:00
order_0000003991,cust_0540,626.00,2025-11-12T09:45:11+00:00
order_0000003992,cust_0889,393.00,2025-11-11T10:14:29+00:00
order_0000003993,cust_0820,724.00,2025-11-17T06:43:06+00:00
order_0000003994,cust_0304,945.11,2025-11-30T05:10:29+00:00
order_0000003995,cust_0296,914.00,2025-11-24T16:37:38+00:00
order_0000003996,cust_0891,216.99,2025-11-09T21:19:49+00:00
order_0000003997,cust_0885,263.00,2025-11-18T10:53:06+00:00
order_0000003998,cust_0183,838.83,2025-11-19T02:51:07+00:00
order_0000003999,cust_0314,703.52,2025-11-21T15:00:50+00:00
order_0000004000,cust_0290,474.48,2025-11-15T06:17:07+00:00
order_0000004001,cust_0797,1076.08,2025-11-12T16:25:26+00:00
order_0000004002,cust_0351,2798.66,2025-11-09T01:27:19+00:00
order_0000004003,cust_0023,1637.00,2025-11-17T05:28:34+00:00
order_0000004004,cust_0159,645.89,2025-11-11T17:43:39+00:00
order_0000004005,cust_0186,2743.99,2025-11-17T10:38:09+00:00
order_0000004006,cust_0718,3118.99,2025-11-29T23:54:53+00:00
order_0000004007,cust_0672,436.00,2025-11-18T03:26:41+00:00
order_0000004008,cust_0297,305.00,2025-11-15T17:49:23+00:00
order_0000004009,cust_0189,670.99,2025-11-03T06:05:45+00:00
order_0000004010,cust_0854,5476.00,2025-11-24T18:11:03+00:00
order_0000004011,cust_0370,601.35,2025-11-29T05:07:14+00:00
order_0000004012,cust_0817,1028.00,2025-11-01T01:31:20+00:00
order_0000004013,cust_0638,849.00,2025-11-22T15:29:06+00:00
order_0000004014,cust_0105,657.00,2025-11-21T05:19:35+00:00
order_0000004015,cust_0134,3521.54,2025-11-12T00:32:30+00:00
order_0000004016,cust_0185,493.00,2025-11-27T18:01:51+00:00
order_0000004017,cust_0813,644.23,2025-11-30T13:52:25+00:00
order_0000004018,cust_0082,518.87,2025-11-19T04:55:44+00:00
order_0000004019,cust_0570,2167.00,2025-11-18T17:54:23+00:00
order_0000004020,cust_0513,543.50,2025-11-09T21:42:17+00:00
order_0000004021,cust_0308,139.00,2025-11-15T06:54:45+00:00
order_0000004022,cust_0893,3517.11,2025-11-06T04:31:38+00:00
order_0000004023,cust_0786,891.00,2025-11-09T19:46:23+00:00
order_0000004024,cust_0094,837.66,2025-11-21T19:12:30+00:00
order_0000004025,cust_0539,646.78,2025-11-20T09:40:09+00:00
order_0000004026,cust_0200,579.44,2025-11-05T09:30:10+00:00
order_0000004027,cust_0275,548.00,2025-11-03T15:52:29+00:00
order_0000004028,cust_0446,266.05,2025-11-13T06:55:32+00:00
order_0000004029,cust_0330,466.00,2025-11-02T00:10:48+00:00
order_0000004030,cust_0834,923.99,2025-11-22T00:21:25+00:00
order_0000004031,cust_0067,2409.67,2025-11-11T14:09:10+00:00
order_0000004032,cust_0593,461.70,2025-11-15T12:01:18+00:00
order_0000004033,cust_0792,865.00,2025-11-10T12:20:35+00:00
order_0000004034,cust_0749,259.28,2025-11-06T00:46:58+00:00
order_0000004035,cust_0469,840.67,2025-11-09T04:06:39+00:00
order_0000004036,cust_0242,526.18,2025-11-23T06:12:19+00:00
order_0000004037,cust_0156,1460.00,2025-11-04T14:15:12+00:00
order_0000004038,cust_0362,2465.67,2025-11-09T00:29:11+00:00
order_0000004039,cust_0195,3503.43,2025-11-10T18:47:48+00:00
order_0000004040,cust_0202,16942.75,2025-11-30T08:05:29+00:00
order_0000004041,cust_0537,729.68,2025-11-14T11:58:48+00:00
order_0000004042,cust_0522,947.27,2025-11-17T18:17:19+00:00
order_0000004043,cust_0527,535.83,2025-11-18T02:25:05+00:00
order_0000004044,cust_0830,342.23,2025-11-29T08:04:18+00:00
order_0000004045,cust_0677,3500.00,2025-11-03T14:16:03+00:00
order_0000004046,cust_0493,722.91,2025-11-21T15:51:12+00:00
order_0000004047,cust_0343,458.99,2025-11-20T22:15:56+00:00
order_0000004048,cust_0262,482.57,2025-11-04T18:19:28+00:00
order_0000004049,cust_0667,939.29,2025-11-09T08:14:39+00:00
order_0000004050,cust_0231,918.00,2025-11-27T13:26:50+00:00
order_0000004051,cust_0369,12670.00,2025-11-13T17:40:23+00:00
order_0000004052,cust_0054,979.99,2025-11-15T06:49:51+00:00
order_0000004053,cust_0180,2176.81,2025-11-25T05:31:34+00:00
order_0000004054,cust_0139,429.01,2025-11-19T20:52:04+00:00
order_0000004055,cust_0260,346.83,2025-11-22T05:13:56+00:00
order_0000004056,cust_0841,848.00,2025-11-12T15:45:49+00:00
order_0000004057,cust_0439,330.96,2025-11-27T19:49:25+00:00
order_0000004058,cust_0593,1948.87,2025-11-04T07:06:43+00:00
order_0000004059,cust_0699,854.01,2025-11-23T10:42:55+00:00
order_0000004060,cust_0142,651.98,2025-11-02T16:37:47+00:00
order_0000004061,cust_0621,851.50,2025-11-26T23:40:11+00:00
order_0000004062,cust_0612,831.05,2025-11-06T11:50:52+00:00
order_0000004063,cust_0239,187.32,2025-11-07T07:25:31+00:00
order_0000004064,cust_0487,491.01,2025-11-10T04:00:23+00:00
order_0000004065,cust_0570,170.59,2025-11-08T13:29:17+00:00
order_0000004066,cust_0736,403.25,2025-11-27T03:38:03+00:00
order_0000004067,cust_0398,716.77,2025-11-17T17:33:24+00:00
order_0000004068,cust_0305,473.52,2025-11-17T14:30:25+00:00
order_0000004069,cust_0442,876.39,2025-10-31T20:32:51+00:00
order_0000004070,cust_0813,12144.79,2025-11-05T17:13:34+00:00
order_0000004071,cust_0804,774.16,2025-11-29T05:22:17+00:00
order_0000004072,cust_0667,3094.09,2025-11-13T09:03:26+00:00
order_0000004073,cust_0563,230.08,2025-11-02T15:51:03+00:00
order_0000004074,cust_0015,1113.16,2025-11-12T11:41:19+00:00
order_0000004075,cust_0009,479.99,2025-11-12T14:15:37+00:00
order_0000004076,cust_0845,588.99,2025-11-08T02:00:01+00:00
order_0000004077,cust_0786,194.17,2025-11-25T12:02:18+00:00
order_0000004078,cust_0078,572.99,2025-11-25T05:04:19+00:00
order_0000004079,cust_0896,1005.99,2025-11-02T11:41:18+00:00
order_0000004080,cust_0795,99.03,2025-11-25T01:17:10+00:00
order_0000004081,cust_0701,317.18,2025-11-28T04:40:33+00:00
order_0000004082,cust_0636,909.99,2025-11-28T22:50:49+00:00
order_0000004083,cust_0025,2433.22,2025-11-02T08:41:26+00:00
order_0000004084,cust_0854,1065.96,2025-11-08T08:57:33+00:00
order_0000004085,cust_0661,975.25,2025-11-13T07:43:36+00:00
order_0000004086,cust_0433,1060.59,2025-11-28T11:36:31+00:00
order_0000004087,cust_0678,898.00,2025-11-20T06:26:14+00:00
order_0000004088,cust_0720,395.32,2025-11-17T09:46:29+00:00
order_0000004089,cust_0887,150.00,2025-11-16T09:49:10+00:00
order_0000004090,cust_0384,394.00,2025-11-01T16:38:39+00:00
order_0000004091,cust_0260,516.36,2025-11-19T09:39:44+00:00
order_0000004092,cust_0063,668.30,2025-11-11T05:35:53+00:00
order_0000004093,cust_0338,296.45,2025-11-24T06:52:28+00:00
order_0000004094,cust_0599,736.60,2025-11-03T18:45:19+00:00
order_0000004095,cust_0698,299.99,2025-11-23T00:18:16+00:00
order_0000004096,cust_0514,5895.27,2025-11-30T16:18:10+00:00
order_0000004097,cust_0764,1176.38,2025-11-30T17:31:45+00:00
order_0000004098,cust_0532,491.76,2025-11-25T14:25:44+00:00
order_0000004099,cust_0101,827.96,2025-11-28T18:13:11+00:00
order_0000004100,cust_0408,2938.00,2025-11-04T12:01:16+00:00
order_0000004101,cust_0896,603.00,2025-11-11T09:48:20+00:00
order_0000004102,cust_0320,405.12,2025-11-02T17:46:50+00:00
order_0000004103,cust_0019,600.99,2025-11-01T03:26:33+00:00
order_0000004104,cust_0665,360.40,2025-11-02T07:54:31+00:00
order_0000004105,cust_0369,595.99,2025-11-01T11:44:52+00:00
order_0000004106,cust_0315,248.92,2025-11-19T14:35:57+00:00
order_0000004107,cust_0894,351.00,2025-11-13T15:41:30+00:00
order_0000004108,cust_0224,693.99,2025-11-21T05:57:22+00:00
order_0000004109,cust_0377,444.00,2025-11-09T04:02:22+00:00
order_0000004110,cust_0654,16758.95,2025-11-20T09:11:52+00:00
order_0000004111,cust_0897,235.00,2025-11-10T02:50:06+00:00
order_0000004112,cust_0592,350.12,2025-11-13T09:48:50+00:00
order_0000004113,cust_0082,3475.67,2025-11-21T13:02:50+00:00
order_0000004114,cust_0474,515.57,2025-11-14T10:46:22+00:00
order_0000004115,cust_0828,651.01,2025-11-10T13:01:20+00:00
order_0000004116,cust_0271,410.00,2025-11-22T00:35:26+00:00
order_0000004117,cust_0500,998.31,2025-11-20T11:44:38+00:00
order_0000004118,cust_0805,620.40,2025-11-29T09:17:39+00:00
order_0000004119,cust_0328,228.28,2025-11-19T17:26:41+00:00
order_0000004120,cust_0266,324.00,2025-11-16T10:59:25+00:00
order_0000004121,cust_0082,2524.00,2025-11-27T03:51:15+00:00
order_0000004122,cust_0116,13752.00,2025-11-07T17:18:06+00:00
order_0000004123,cust_0867,222.00,2025-11-23T15:45:50+00:00
order_0000004124,cust_0269,456.15,2025-11-12T23:32:10+00:00
order_0000004125,cust_0776,2739.00,2025-11-02T08:09:20+00:00
order_0000004126,cust_0287,718.11,2025-11-30T12:17:40+00:00
order_0000004127,cust_0427,730.40,2025-11-07T06:45:12+00:00
order_0000004128,cust_0463,134.21,2025-11-15T23:33:52+00:00
order_0000004129,cust_0586,1010.00,2025-11-26T15:28:30+00:00
order_0000004130,cust_0191,670.55,2025-11-10T14:30:00+00:00
order_0000004131,cust_0419,2660.11,2025-11-20T14:39:22+00:00
order_0000004132,cust_0188,6686.99,2025-11-18T20:46:10+00:00
order_0000004133,cust_0004,569.00,2025-11-27T09:07:35+00:00
order_0000004134,cust_0652,218.00,2025-11-20T11:12:02+00:00
order_0000004135,cust_0819,831.99,2025-11-21T02:40:16+00:00
order_0000004136,cust_0505,166.00,2025-11-23T15:07:00+00:00
order_0000004137,cust_0727,752.99,2025-11-20T06:57:04+00:00
order_0000004138,cust_0370,2937.00,2025-11-24T12:26:56+00:00
order_0000004139,cust_0110,809.60,2025-11-11T11:03:28+00:00
order_0000004140,cust_0758,605.78,2025-11-09T06:49:41+00:00
order_0000004141,cust_0839,100.23,2025-11-10T11:57:47+00:00
order_0000004142,cust_0137,648.53,2025-11-10T10:55:35+00:00
order_0000004143,cust_0234,2858.00,2025-11-17T21:54:02+00:00
order_0000004144,cust_0639,520.78,2025-11-24T10:33:03+00:00
order_0000004145,cust_0676,1999.99,2025-11-06T15:30:40+00:00
order_0000004146,cust_0456,936.64,2025-11-30T03:51:23+00:00
order_0000004147,cust_0834,625.18,2025-11-30T12:02:08+00:00
order_0000004148,cust_0124,981.16,2025-11-18T10:23:56+00:00
order_0000004149,cust_0059,2893.00,2025-11-27T15:06:08+00:00
order_0000004150,cust_0631,2239.00,2025-11-17T17:06:43+00:00
order_0000004151,cust_0802,839.61,2025-11-05T05:04:34+00:00
order_0000004152,cust_0058,235.00,2025-11-23T07:31:26+00:00
order_0000004153,cust_0342,573.99,2025-11-21T02:26:43+00:00
order_0000004154,cust_0566,555.70,2025-11-04T02:09:23+00:00
order_0000004155,cust_0071,451.17,2025-11-12T09:13:35+00:00
order_0000004156,cust_0184,12381.85,2025-11-07T03:02:45+00:00
order_0000004157,cust_0538,636.00,2025-11-11T13:34:35+00:00
order_0000004158,cust_0409,1440.00,2025-11-08T13:31:51+00:00
order_0000004159,cust_0676,118.32,2025-11-11T17:06:52+00:00
order_0000004160,cust_0263,136.15,2025-11-10T14:10:37+00:00
order_0000004161,cust_0165,113.00,2025-11-30T14:07:09+00:00
order_0000004162,cust_0002,115.00,2025-11-23T12:11:02+00:00
order_0000004163,cust_0515,1063.59,2025-11-05T01:53:07+00:00
order_0000004164,cust_0380,9886.99,2025-11-28T12:47:43+00:00
order_0000004165,cust_0756,1026.85,2025-11-09T12:07:40+00:00
order_0000004166,cust_0385,530.00,2025-11-18T09:34:22+00:00
order_0000004167,cust_0456,232.99,2025-11-01T17:16:51+00:00
order_0000004168,cust_0202,1671.00,2025-11-18T08:38:38+00:00
order_0000004169,cust_0222,380.00,2025-11-19T06:05:31+00:00
order_0000004170,cust_0825,330.25,2025-11-19T17:04:40+00:00
order_0000004171,cust_0276,562.79,2025-11-20T00:07:56+00:00
order_0000004172,cust_0080,974.00,2025-11-22T13:15:13+00:00
order_0000004173,cust_0726,112.51,2025-11-27T08:10:28+00:00
order_0000004174,cust_0209,305.63,2025-11-20T05:39:55+00:00
order_0000004175,cust_0355,731.00,2025-11-27T22:56:00+00:00
order_0000004176,cust_0428,1251.00,2025-11-19T14:59:32+00:00
order_0000004177,cust_0324,908.00,2025-11-23T01:35:28+00:00
order_0000004178,cust_0594,502.00,2025-11-08T07:30:01+00:00
order_0000004179,cust_0445,1034.00,2025-11-07T03:02:34+00:00
order_0000004180,cust_0077,541.80,2025-11-14T22:24:18+00:00
order_0000004181,cust_0601,843.91,2025-11-20T06:19:58+00:00
order_0000004182,cust_0568,1446.28,2025-11-30T13:54:48+00:00
order_0000004183,cust_0892,273.98,2025-11-09T09:32:37+00:00
order_0000004184,cust_0758,254.05,2025-11-02T15:10:19+00:00
order_0000004185,cust_0559,649.17,2025-11-01T13:04:43+00:00
order_0000004186,cust_0796,14462.56,2025-11-25T08:53:34+00:00
order_0000004187,cust_0480,486.26,2025-11-16T11:46:52+00:00
order_0000004188,cust_0677,805.90,2025-11-04T14:51:34+00:00
order_0000004189,cust_0615,292.00,2025-11-08T06:46:51+00:00
order_0000004190,cust_0817,1002.87,2025-11-29T15:03:01+00:00
order_0000004191,cust_0067,1032.65,2025-11-29T00:32:37+00:00
order_0000004192,cust_0836,975.00,2025-11-07T09:13:22+00:00
order_0000004193,cust_0518,775.10,2025-11-25T12:45:25+00:00
order_0000004194,cust_0753,641.05,2025-11-02T17:24:57+00:00
order_0000004195,cust_0740,900.44,2025-11-21T15:16:19+00:00
order_0000004196,cust_0895,908.19,2025-11-24T11:56:43+00:00
order_0000004197,cust_0463,165.89,2025-11-21T12:06:04+00:00
order_0000004198,cust_0346,919.72,2025-11-23T12:52:42+00:00
order_0000004199,cust_0286,630.40,2025-11-14T08:08:08+00:00
order_0000004200,cust_0484,569.17,2025-11-05T16:09:27+00:00
order_0000004201,cust_0835,1064.37,2025-11-17T10:50:28+00:00
order_0000004202,cust_0109,156.99,2025-11-26T16:10:57+00:00
order_0000004203,cust_0204,439.00,2025-11-08T14:42:37+00:00
order_0000004204,cust_0193,752.58,2025-11-02T18:15:12+00:00
order_0000004205,cust_0015,676.99,2025-11-02T11:07:59+00:00
order_0000004206,cust_0179,586.43,2025-11-21T02:33:48+00:00
order_0000004207,cust_0733,1038.49,2025-11-15T07:23:33+00:00
order_0000004208,cust_0447,720.04,2025-11-10T11:07:45+00:00
order_0000004209,cust_0454,814.99,2025-11-24T13:31:41+00:00
order_0000004210,cust_0737,824.00,2025-11-21T08:29:29+00:00
order_0000004211,cust_0013,919.73,2025-11-20T14:28:49+00:00
order_0000004212,cust_0308,791.48,2025-11-13T16:07:03+00:00
order_0000004213,cust_0844,352.00,2025-11-20T12:33:08+00:00
order_0000004214,cust_0201,974.00,2025-11-04T06:55:15+00:00
order_0000004215,cust_0064,773.75,2025-11-10T13:59:32+00:00
order_0000004216,cust_0233,1081.15,2025-11-03T10:18:15+00:00
order_0000004217,cust_0567,818.88,2025-11-12T08:17:47+00:00
order_0000004218,cust_0227,298.28,2025-11-11T14:14:43+00:00
order_0000004219,cust_0057,173.30,2025-11-19T16:19:53+00:00
order_0000004220,cust_0729,7230.00,2025-11-20T18:02:40+00:00
order_0000004221,cust_0204,2575.99,2025-11-24T18:00:01+00:00
order_0000004222,cust_0205,800.67,2025-11-26T01:06:37+00:00
order_0000004223,cust_0494,604.99,2025-11-01T07:05:41+00:00
order_0000004224,cust_0672,1067.64,2025-11-06T20:11:02+00:00
order_0000004225,cust_0087,1065.99,2025-11-23T17:58:20+00:00
order_0000004226,cust_0754,235.29,2025-11-15T11:18:05+00:00
order_0000004227,cust_0603,608.13,2025-11-20T02:07:33+00:00
order_0000004228,cust_0272,295.00,2025-11-06T23:21:33+00:00
order_0000004229,cust_0652,583.00,2025-11-23T10:39:30+00:00
order_0000004230,cust_0311,877.93,2025-11-30T07:25:07+00:00
order_0000004231,cust_0380,655.27,2025-11-11T14:54:21+00:00
order_0000004232,cust_0559,829.99,2025-11-26T11:37:16+00:00
order_0000004233,cust_0581,980.00,2025-11-24T08:37:00+00:00
order_0000004234,cust_0531,2147.00,2025-11-08T03:39:36+00:00
order_0000004235,cust_0772,1812.94,2025-11-20T09:08:36+00:00
order_0000004236,cust_0547,995.00,2025-11-14T13:47:25+00:00
order_0000004237,cust_0601,1834.88,2025-11-30T02:36:24+00:00
order_0000004238,cust_0187,811.00,2025-11-22T15:47:08+00:00
order_0000004239,cust_0014,314.00,2025-11-18T10:29:00+00:00
order_0000004240,cust_0120,935.20,2025-11-21T15:12:42+00:00
order_0000004241,cust_0002,3124.85,2025-11-06T03:24:23+00:00
order_0000004242,cust_0700,342.32,2025-11-23T07:19:03+00:00
order_0000004243,cust_0819,238.00,2025-11-29T17:31:46+00:00
order_0000004244,cust_0430,902.96,2025-11-29T07:52:00+00:00
order_0000004245,cust_0557,498.72,2025-11-26T18:40:09+00:00
order_0000004246,cust_0310,3340.98,2025-11-09T10:10:47+00:00
order_0000004247,cust_0086,605.99,2025-11-18T16:07:24+00:00
order_0000004248,cust_0267,7486.18,2025-11-08T13:01:21+00:00
order_0000004249,cust_0217,1752.00,2025-11-12T07:15:06+00:00
order_0000004250,cust_0736,889.99,2025-11-28T05:34:33+00:00
order_0000004251,cust_0312,285.49,2025-11-06T17:19:56+00:00
order_0000004252,cust_0373,475.69,2025-11-29T17:38:45+00:00
order_0000004253,cust_0196,2701.52,2025-11-06T12:30:20+00:00
order_0000004254,cust_0363,929.00,2025-11-07T12:34:08+00:00
order_0000004255,cust_0697,509.00,2025-11-14T04:26:12+00:00
order_0000004256,cust_0609,1955.99,2025-11-08T21:11:19+00:00
order_0000004257,cust_0060,726.00,2025-11-15T16:11:15+00:00
order_0000004258,cust_0009,131.69,2025-11-23T02:51:14+00:00
order_0000004259,cust_0633,3585.00,2025-11-10T07:13:06+00:00
order_0000004260,cust_0484,512.23,2025-11-09T04:15:12+00:00
order_0000004261,cust_0477,814.00,2025-11-05T13:27:49+00:00
order_0000004262,cust_0343,360.93,2025-11-25T05:00:57+00:00
order_0000004263,cust_0324,638.00,2025-11-22T03:30:28+00:00
order_0000004264,cust_0075,934.42,2025-11-19T06:16:23+00:00
order_0000004265,cust_0638,117.28,2025-11-28T00:21:01+00:00
order_0000004266,cust_0318,3428.11,2025-11-13T04:04:28+00:00
order_0000004267,cust_0583,838.10,2025-11-06T21:45:56+00:00
order_0000004268,cust_0137,2533.33,2025-11-16T04:25:38+00:00
order_0000004269,cust_0109,781.90,2025-11-29T15:18:18+00:00
order_0000004270,cust_0288,410.11,2025-11-29T15:41:28+00:00
order_0000004271,cust_0053,536.00,2025-11-14T04:36:12+00:00
order_0000004272,cust_0718,1054.99,2025-11-02T08:25:03+00:00
order_0000004273,cust_0067,226.99,2025-11-22T02:32:52+00:00
order_0000004274,cust_0064,1787.00,2025-11-19T10:38:42+00:00
order_0000004275,cust_0669,1193.44,2025-11-08T18:04:39+00:00
order_0000004276,cust_0197,993.90,2025-11-01T08:53:35+00:00
order_0000004277,cust_0291,438.69,2025-11-18T17:48:40+00:00
order_0000004278,cust_0562,3095.99,2025-11-21T06:59:26+00:00
order_0000004279,cust_0105,1077.18,2025-11-02T00:37:01+00:00
order_0000004280,cust_0009,559.99,2025-11-27T16:28:38+00:00
order_0000004281,cust_0094,14242.53,2025-11-28T11:40:37+00:00
order_0000004282,cust_0550,17153.62,2025-11-30T04:34:27+00:00
order_0000004283,cust_0814,2214.57,2025-11-08T01:18:18+00:00
order_0000004284,cust_0072,481.00,2025-11-25T22:06:08+00:00
order_0000004285,cust_0382,1051.00,2025-11-01T15:48:32+00:00
order_0000004286,cust_0049,185.97,2025-11-05T14:02:51+00:00
order_0000004287,cust_0017,182.52,2025-11-25T12:02:53+00:00
order_0000004288,cust_0513,1231.51,2025-11-01T07:58:55+00:00
order_0000004289,cust_0672,124.32,2025-11-01T03:28:16+00:00
order_0000004290,cust_0393,244.38,2025-11-27T17:42:57+00:00
order_0000004291,cust_0870,242.00,2025-11-29T04:57:29+00:00
order_0000004292,cust_0738,316.99,2025-11-28T10:40:30+00:00
order_0000004293,cust_0829,2409.70,2025-11-18T10:55:23+00:00
order_0000004294,cust_0814,795.00,2025-11-27T06:38:48+00:00
order_0000004295,cust_0768,501.16,2025-11-15T13:37:19+00:00
order_0000004296,cust_0319,629.00,2025-11-10T23:34:54+00:00
order_0000004297,cust_0682,2266.04,2025-11-07T10:47:18+00:00
order_0000004298,cust_0214,1331.00,2025-11-11T09:18:45+00:00
order_0000004299,cust_0265,140.99,2025-11-17T13:05:27+00:00
order_0000004300,cust_0131,252.01,2025-11-08T04:15:10+00:00
order_0000004301,cust_0074,675.38,2025-11-23T14:32:42+00:00
order_0000004302,cust_0401,410.99,2025-11-28T15:20:41+00:00
order_0000004303,cust_0523,997.99,2025-11-25T17:25:10+00:00
order_0000004304,cust_0022,822.78,2025-11-28T12:22:38+00:00
order_0000004305,cust_0426,607.32,2025-11-28T07:01:13+00:00
order_0000004306,cust_0288,654.00,2025-11-22T11:55:24+00:00
order_0000004307,cust_0638,1892.00,2025-11-23T09:31:10+00:00
order_0000004308,cust_0335,246.08,2025-11-17T20:52:59+00:00
order_0000004309,cust_0260,792.49,2025-11-22T18:01:02+00:00
order_0000004310,cust_0172,606.00,2025-11-16T23:55:02+00:00
order_0000004311,cust_0427,203.27,2025-11-17T15:17:20+00:00
order_0000004312,cust_0300,250.53,2025-11-07T16:58:05+00:00
order_0000004313,cust_0324,2528.00,2025-11-15T08:15:42+00:00
order_0000004314,cust_0722,704.78,2025-11-10T22:52:19+00:00
order_0000004315,cust_0788,2238.00,2025-11-30T07:10:11+00:00
order_0000004316,cust_0526,954.00,2025-11-27T13:29:45+00:00
order_0000004317,cust_0215,582.00,2025-11-10T13:56:53+00:00
order_0000004318,cust_0860,878.00,2025-11-22T23:11:36+00:00
order_0000004319,cust_0532,323.25,2025-11-27T09:54:33+00:00
order_0000004320,cust_0819,436.00,2025-11-06T09:09:54+00:00
order_0000004321,cust_0175,222.99,2025-11-12T14:44:10+00:00
order_0000004322,cust_0685,139.36,2025-11-09T22:02:49+00:00
order_0000004323,cust_0788,3162.28,2025-11-22T13:20:40+00:00
order_0000004324,cust_0079,965.99,2025-11-18T01:25:42+00:00
order_0000004325,cust_0180,3035.99,2025-11-07T19:16:44+00:00
order_0000004326,cust_0354,236.99,2025-11-12T13:23:39+00:00
order_0000004327,cust_0735,521.00,2025-11-04T08:56:23+00:00
order_0000004328,cust_0843,3442.03,2025-11-07T10:21:31+00:00
order_0000004329,cust_0568,2355.00,2025-11-13T16:51:07+00:00
order_0000004330,cust_0435,409.96,2025-11-06T05:20:21+00:00
order_0000004331,cust_0066,417.99,2025-11-28T16:55:29+00:00
order_0000004332,cust_0037,1868.88,2025-11-03T13:51:20+00:00
order_0000004333,cust_0749,1005.62,2025-11-08T01:17:53+00:00
order_0000004334,cust_0762,1000.52,2025-11-23T13:52:42+00:00
order_0000004335,cust_0889,834.99,2025-11-28T17:45:22+00:00
order_0000004336,cust_0225,529.99,2025-11-02T15:52:23+00:00
order_0000004337,cust_0074,381.10,2025-11-17T06:40:43+00:00
order_0000004338,cust_0876,611.00,2025-11-08T16:29:44+00:00
order_0000004339,cust_0280,933.29,2025-11-07T11:42:32+00:00
order_0000004340,cust_0893,731.04,2025-11-25T17:56:59+00:00
order_0000004341,cust_0270,1216.00,2025-11-24T08:57:03+00:00
order_0000004342,cust_0231,856.99,2025-11-14T12:20:22+00:00
order_0000004343,cust_0659,665.06,2025-11-25T09:57:36+00:00
order_0000004344,cust_0886,503.80,2025-11-21T02:15:13+00:00
order_0000004345,cust_0428,331.60,2025-11-15T13:56:34+00:00
order_0000004346,cust_0572,469.99,2025-11-08T07:18:19+00:00
order_0000004347,cust_0518,822.00,2025-11-15T17:48:13+00:00
order_0000004348,cust_0444,964.54,2025-11-22T11:22:42+00:00
order_0000004349,cust_0853,888.22,2025-11-12T03:08:44+00:00
order_0000004350,cust_0225,350.00,2025-11-25T11:01:03+00:00
order_0000004351,cust_0897,3256.89,2025-11-04T20:19:51+00:00
order_0000004352,cust_0748,700.99,2025-11-15T18:13:12+00:00
order_0000004353,cust_0231,516.00,2025-11-12T17:55:10+00:00
order_0000004354,cust_0080,971.04,2025-11-29T12:06:08+00:00
order_0000004355,cust_0219,318.11,2025-11-11T16:59:51+00:00
order_0000004356,cust_0214,977.71,2025-11-05T14:34:46+00:00
order_0000004357,cust_0023,546.23,2025-11-08T03:14:56+00:00
order_0000004358,cust_0234,953.99,2025-11-12T10:56:43+00:00
order_0000004359,cust_0127,1649.00,2025-11-03T22:59:55+00:00
order_0000004360,cust_0686,625.00,2025-11-27T14:11:44+00:00
order_0000004361,cust_0317,2261.27,2025-11-05T16:48:40+00:00
order_0000004362,cust_0574,550.08,2025-11-12T10:34:18+00:00
order_0000004363,cust_0442,443.74,2025-11-24T13:02:01+00:00
order_0000004364,cust_0205,749.18,2025-11-16T11:02:04+00:00
order_0000004365,cust_0556,754.00,2025-11-15T16:55:38+00:00
order_0000004366,cust_0260,1070.00,2025-11-23T10:18:22+00:00
order_0000004367,cust_0598,747.78,2025-11-14T09:59:45+00:00
order_0000004368,cust_0495,451.00,2025-11-09T07:10:50+00:00
order_0000004369,cust_0492,1215.77,2025-11-24T09:54:44+00:00
order_0000004370,cust_0334,305.33,2025-11-03T08:44:49+00:00
order_0000004371,cust_0762,1971.60,2025-11-17T11:09:45+00:00
order_0000004372,cust_0860,417.25,2025-11-21T02:27:44+00:00
order_0000004373,cust_0408,442.00,2025-11-18T15:03:16+00:00
order_0000004374,cust_0877,1005.51,2025-11-30T17:47:49+00:00
order_0000004375,cust_0115,842.37,2025-11-16T14:18:31+00:00
order_0000004376,cust_0817,389.00,2025-11-14T09:16:06+00:00
order_0000004377,cust_0728,2564.10,2025-11-15T02:20:33+00:00
order_0000004378,cust_0444,624.91,2025-11-09T07:25:51+00:00
order_0000004379,cust_0842,462.35,2025-11-10T12:52:15+00:00
order_0000004380,cust_0039,586.00,2025-11-15T16:45:53+00:00
order_0000004381,cust_0246,2519.00,2025-11-28T13:42:51+00:00
order_0000004382,cust_0339,541.33,2025-11-22T07:46:17+00:00
order_0000004383,cust_0371,1060.99,2025-11-18T15:42:35+00:00
order_0000004384,cust_0039,3199.00,2025-11-12T07:55:39+00:00
order_0000004385,cust_0384,196.00,2025-11-22T12:33:59+00:00
order_0000004386,cust_0434,434.50,2025-11-15T07:53:51+00:00
order_0000004387,cust_0446,122.46,2025-11-22T05:23:56+00:00
order_0000004388,cust_0102,2619.24,2025-11-10T02:18:03+00:00
order_0000004389,cust_0228,164.91,2025-11-09T06:13:00+00:00
order_0000004390,cust_0020,618.57,2025-11-07T09:15:09+00:00
order_0000004391,cust_0208,889.20,2025-11-09T07:06:02+00:00
order_0000004392,cust_0507,447.99,2025-11-08T10:54:33+00:00
order_0000004393,cust_0771,886.36,2025-11-25T11:35:57+00:00
order_0000004394,cust_0796,2396.99,2025-11-01T11:06:33+00:00
order_0000004395,cust_0286,3142.39,2025-11-02T20:17:31+00:00
order_0000004396,cust_0208,990.16,2025-11-09T07:21:52+00:00
order_0000004397,cust_0599,204.72,2025-11-02T17:03:59+00:00
order_0000004398,cust_0161,929.48,2025-11-20T03:08:19+00:00
order_0000004399,cust_0852,241.83,2025-11-18T15:18:54+00:00
order_0000004400,cust_0494,1000.68,2025-11-08T12:41:28+00:00
order_0000004401,cust_0157,708.06,2025-11-25T09:30:40+00:00
order_0000004402,cust_0042,803.13,2025-11-30T14:13:48+00:00
order_0000004403,cust_0743,381.20,2025-11-27T13:28:01+00:00
order_0000004404,cust_0217,161.99,2025-11-17T02:12:30+00:00
order_0000004405,cust_0532,1395.16,2025-11-04T10:17:02+00:00
order_0000004406,cust_0759,283.00,2025-11-12T09:26:07+00:00
order_0000004407,cust_0268,3276.00,2025-11-29T03:08:53+00:00
order_0000004408,cust_0016,1009.89,2025-11-16T00:44:43+00:00
order_0000004409,cust_0175,188.11,2025-11-19T14:25:22+00:00
order_0000004410,cust_0445,2954.99,2025-11-16T13:20:55+00:00
order_0000004411,cust_0229,2007.99,2025-11-15T13:06:34+00:00
order_0000004412,cust_0468,610.52,2025-11-10T15:18:09+00:00
order_0000004413,cust_0614,176.01,2025-11-10T01:00:20+00:00
order_0000004414,cust_0633,977.99,2025-11-19T18:16:44+00:00
order_0000004415,cust_0800,894.48,2025-11-12T06:47:46+00:00
order_0000004416,cust_0045,3496.93,2025-11-15T21:43:53+00:00
order_0000004417,cust_0253,344.00,2025-11-13T11:14:45+00:00
order_0000004418,cust_0751,351.99,2025-11-06T17:02:27+00:00
order_0000004419,cust_0248,112.00,2025-11-07T03:55:08+00:00
order_0000004420,cust_0761,13296.72,2025-11-25T14:54:33+00:00
order_0000004421,cust_0810,128.00,2025-11-26T02:53:59+00:00
order_0000004422,cust_0807,16024.00,2025-11-20T06:41:25+00:00
order_0000004423,cust_0197,185.99,2025-11-14T09:22:59+00:00
order_0000004424,cust_0839,444.99,2025-11-03T11:56:27+00:00
order_0000004425,cust_0877,748.07,2025-11-18T14:52:12+00:00
order_0000004426,cust_0032,1462.00,2025-11-06T14:30:59+00:00
order_0000004427,cust_0626,1859.20,2025-11-15T00:38:10+00:00
order_0000004428,cust_0783,474.69,2025-11-13T09:52:00+00:00
order_0000004429,cust_0051,448.99,2025-11-17T05:20:38+00:00
order_0000004430,cust_0672,193.00,2025-11-16T15:53:09+00:00
order_0000004431,cust_0696,2841.49,2025-11-15T04:40:32+00:00
order_0000004432,cust_0074,1082.73,2025-11-26T13:36:59+00:00
order_0000004433,cust_0325,388.00,2025-11-30T01:55:26+00:00
order_0000004434,cust_0504,902.99,2025-11-20T15:41:55+00:00
order_0000004435,cust_0071,635.08,2025-11-19T21:33:35+00:00
order_0000004436,cust_0248,358.70,2025-11-30T13:01:53+00:00
order_0000004437,cust_0181,139.93,2025-11-26T03:55:05+00:00
order_0000004438,cust_0738,976.99,2025-11-16T05:08:38+00:00
order_0000004439,cust_0597,881.86,2025-11-03T08:19:49+00:00
order_0000004440,cust_0857,2822.39,2025-11-01T15:44:53+00:00
order_0000004441,cust_0525,242.00,2025-11-05T19:42:05+00:00
order_0000004442,cust_0096,615.99,2025-11-03T05:29:53+00:00
order_0000004443,cust_0805,3554.26,2025-11-12T00:28:44+00:00
order_0000004444,cust_0132,3483.00,2025-11-09T10:56:25+00:00
order_0000004445,cust_0179,2695.65,2025-11-19T11:23:10+00:00
order_0000004446,cust_0421,771.59,2025-11-06T16:06:36+00:00
order_0000004447,cust_0211,3375.96,2025-11-02T14:15:48+00:00
order_0000004448,cust_0277,1075.63,2025-11-30T08:44:24+00:00
order_0000004449,cust_0482,461.00,2025-11-01T05:11:07+00:00
order_0000004450,cust_0175,935.55,2025-11-07T02:33:39+00:00
order_0000004451,cust_0483,310.00,2025-11-07T14:21:28+00:00
order_0000004452,cust_0348,916.00,2025-11-13T05:29:39+00:00
order_0000004453,cust_0696,215.50,2025-11-12T01:06:17+00:00
order_0000004454,cust_0858,464.00,2025-11-14T10:16:16+00:00
order_0000004455,cust_0207,875.00,2025-11-23T00:35:09+00:00
order_0000004456,cust_0522,615.99,2025-11-25T12:36:01+00:00
order_0000004457,cust_0301,133.05,2025-11-30T04:20:08+00:00
order_0000004458,cust_0266,943.99,2025-11-01T11:11:46+00:00
order_0000004459,cust_0511,249.00,2025-11-30T05:44:37+00:00
order_0000004460,cust_0365,615.53,2025-11-11T17:33:19+00:00
order_0000004461,cust_0849,213.00,2025-11-13T14:48:57+00:00
order_0000004462,cust_0601,479.99,2025-11-28T07:37:45+00:00
order_0000004463,cust_0879,475.00,2025-11-04T11:44:57+00:00
order_0000004464,cust_0104,361.61,2025-11-22T03:54:42+00:00
order_0000004465,cust_0822,17139.23,2025-11-13T15:11:56+00:00
order_0000004466,cust_0359,1057.54,2025-11-04T09:10:03+00:00
order_0000004467,cust_0417,761.99,2025-11-21T04:09:00+00:00
order_0000004468,cust_0387,813.30,2025-11-30T01:17:51+00:00
order_0000004469,cust_0319,547.99,2025-11-25T11:13:28+00:00
order_0000004470,cust_0753,820.00,2025-11-27T02:37:55+00:00
order_0000004471,cust_0753,3095.65,2025-11-07T14:06:15+00:00
order_0000004472,cust_0441,948.25,2025-11-16T17:02:33+00:00
order_0000004473,cust_0182,3303.17,2025-11-28T05:34:03+00:00
order_0000004474,cust_0010,3294.72,2025-11-24T12:04:33+00:00
order_0000004475,cust_0883,362.14,2025-11-04T09:30:23+00:00
order_0000004476,cust_0783,928.00,2025-11-06T01:35:15+00:00
order_0000004477,cust_0419,975.00,2025-11-19T14:57:40+00:00
order_0000004478,cust_0209,661.32,2025-11-26T16:29:48+00:00
order_0000004479,cust_0422,220.50,2025-11-23T06:25:06+00:00
order_0000004480,cust_0477,203.33,2025-11-09T11:27:08+00:00
order_0000004481,cust_0284,180.00,2025-11-06T08:14:58+00:00
order_0000004482,cust_0174,467.97,2025-11-27T13:27:01+00:00
order_0000004483,cust_0674,3309.00,2025-11-03T15:01:08+00:00
order_0000004484,cust_0340,875.00,2025-11-18T14:58:30+00:00
order_0000004485,cust_0537,517.45,2025-11-13T06:58:32+00:00
order_0000004486,cust_0046,1838.39,2025-11-13T15:41:36+00:00
order_0000004487,cust_0081,449.02,2025-11-24T03:16:04+00:00
order_0000004488,cust_0855,1789.00,2025-11-18T21:23:54+00:00
order_0000004489,cust_0660,3402.04,2025-11-27T14:56:53+00:00
order_0000004490,cust_0856,909.00,2025-11-06T20:25:55+00:00
order_0000004491,cust_0874,244.99,2025-11-10T16:35:34+00:00
order_0000004492,cust_0611,514.07,2025-11-07T02:11:32+00:00
order_0000004493,cust_0001,507.00,2025-11-21T12:23:14+00:00
order_0000004494,cust_0366,902.27,2025-11-19T10:00:52+00:00
order_0000004495,cust_0565,3435.35,2025-11-20T11:36:48+00:00
order_0000004496,cust_0479,2946.56,2025-11-17T21:14:35+00:00
order_0000004497,cust_0163,2338.21,2025-11-16T12:16:10+00:00
order_0000004498,cust_0041,588.06,2025-11-05T04:00:04+00:00
order_0000004499,cust_0427,11874.12,2025-11-01T04:25:18+00:00
order_0000004500,cust_0109,14665.66,2025-11-15T09:07:36+00:00
order_0000004501,cust_0150,630.00,2025-11-30T14:24:53+00:00
order_0000004502,cust_0772,735.31,2025-11-01T03:15:19+00:00
order_0000004503,cust_0746,191.80,2025-11-20T06:57:36+00:00
order_0000004504,cust_0249,955.00,2025-11-23T10:50:15+00:00
order_0000004505,cust_0107,510.05,2025-11-04T16:25:12+00:00
order_0000004506,cust_0542,299.90,2025-11-03T16:55:04+00:00
order_0000004507,cust_0534,668.00,2025-11-25T04:43:09+00:00
order_0000004508,cust_0660,2689.47,2025-11-12T08:47:10+00:00
order_0000004509,cust_0712,1833.44,2025-11-04T15:58:38+00:00
order_0000004510,cust_0102,361.99,2025-11-09T07:01:54+00:00
order_0000004511,cust_0472,115.96,2025-11-30T10:43:57+00:00
order_0000004512,cust_0414,2347.15,2025-11-02T11:15:25+00:00
order_0000004513,cust_0707,531.81,2025-11-29T08:22:43+00:00
order_0000004514,cust_0216,4511.00,2025-11-17T09:28:45+00:00
order_0000004515,cust_0264,825.66,2025-11-20T16:23:42+00:00
order_0000004516,cust_0806,1052.26,2025-11-03T01:55:11+00:00
order_0000004517,cust_0145,1581.93,2025-11-11T14:00:02+00:00
order_0000004518,cust_0106,433.04,2025-11-17T22:05:42+00:00
order_0000004519,cust_0515,569.43,2025-11-27T12:26:41+00:00
order_0000004520,cust_0843,1164.42,2025-11-07T18:30:42+00:00
order_0000004521,cust_0563,12165.00,2025-11-17T17:07:49+00:00
order_0000004522,cust_0591,274.99,2025-11-07T10:07:03+00:00
order_0000004523,cust_0383,12283.00,2025-11-28T18:13:52+00:00
order_0000004524,cust_0628,2424.99,2025-11-26T04:19:36+00:00
order_0000004525,cust_0637,837.92,2025-11-04T14:46:03+00:00
order_0000004526,cust_0778,1009.80,2025-11-22T05:50:54+00:00
order_0000004527,cust_0878,2428.53,2025-11-25T02:06:47+00:00
order_0000004528,cust_0206,865.62,2025-11-09T13:51:57+00:00
order_0000004529,cust_0556,565.92,2025-11-29T09:45:21+00:00
order_0000004530,cust_0224,573.65,2025-11-09T01:24:48+00:00
order_0000004531,cust_0111,3358.99,2025-11-02T14:24:17+00:00
order_0000004532,cust_0262,182.79,2025-11-03T16:08:13+00:00
order_0000004533,cust_0208,1806.03,2025-11-29T12:06:58+00:00
order_0000004534,cust_0809,2183.43,2025-11-05T17:46:41+00:00
order_0000004535,cust_0093,438.55,2025-11-27T12:44:13+00:00
order_0000004536,cust_0618,449.29,2025-11-04T15:11:35+00:00
order_0000004537,cust_0794,273.72,2025-11-03T06:34:37+00:00
order_0000004538,cust_0797,714.00,2025-11-08T16:26:04+00:00
order_0000004539,cust_0453,150.36,2025-11-22T11:08:56+00:00
order_0000004540,cust_0219,178.13,2025-11-04T08:13:01+00:00
order_0000004541,cust_0168,551.99,2025-11-04T11:21:04+00:00
order_0000004542,cust_0071,892.45,2025-11-03T20:42:23+00:00
order_0000004543,cust_0567,1001.07,2025-11-30T09:43:59+00:00
order_0000004544,cust_0805,2197.31,2025-11-04T16:03:04+00:00
order_0000004545,cust_0010,1989.00,2025-11-27T01:27:56+00:00
order_0000004546,cust_0266,360.47,2025-11-20T01:36:24+00:00
order_0000004547,cust_0813,686.00,2025-11-27T11:17:26+00:00
order_0000004548,cust_0469,436.00,2025-11-10T08:53:32+00:00
order_0000004549,cust_0434,241.28,2025-11-05T08:47:11+00:00
order_0000004550,cust_0024,291.95,2025-11-10T06:56:34+00:00
order_0000004551,cust_0774,452.00,2025-11-04T11:04:32+00:00
order_0000004552,cust_0216,16767.00,2025-11-05T07:05:06+00:00
order_0000004553,cust_0781,499.00,2025-11-09T07:40:35+00:00
order_0000004554,cust_0562,282.00,2025-11-19T14:38:14+00:00
order_0000004555,cust_0148,2876.01,2025-11-18T10:00:29+00:00
order_0000004556,cust_0627,636.27,2025-11-28T14:14:25+00:00
order_0000004557,cust_0236,3298.99,2025-11-22T16:20:12+00:00
order_0000004558,cust_0044,1038.38,2025-11-29T08:30:42+00:00
order_0000004559,cust_0534,348.10,2025-11-07T17:02:40+00:00
order_0000004560,cust_0683,1052.37,2025-11-10T09:12:23+00:00
order_0000004561,cust_0463,872.73,2025-11-19T12:36:00+00:00
order_0000004562,cust_0075,728.99,2025-11-13T17:08:33+00:00
order_0000004563,cust_0472,7761.01,2025-11-23T11:17:40+00:00
order_0000004564,cust_0695,728.00,2025-11-17T16:03:49+00:00
order_0000004565,cust_0462,1212.00,2025-11-27T11:54:59+00:00
order_0000004566,cust_0171,340.99,2025-11-23T13:10:47+00:00
order_0000004567,cust_0603,14139.99,2025-11-25T17:16:28+00:00
order_0000004568,cust_0047,510.00,2025-11-14T08:49:50+00:00
order_0000004569,cust_0528,632.35,2025-11-28T21:50:02+00:00
order_0000004570,cust_0732,482.00,2025-11-13T18:12:01+00:00
order_0000004571,cust_0649,443.00,2025-11-20T13:54:20+00:00
order_0000004572,cust_0549,264.43,2025-11-06T11:02:17+00:00
order_0000004573,cust_0728,733.21,2025-11-23T12:44:19+00:00
order_0000004574,cust_0874,367.64,2025-11-25T11:17:52+00:00
order_0000004575,cust_0571,3333.99,2025-11-01T23:07:31+00:00
order_0000004576,cust_0700,2548.26,2025-11-28T15:16:46+00:00
order_0000004577,cust_0265,2555.18,2025-11-01T14:12:29+00:00
order_0000004578,cust_0791,898.97,2025-11-23T15:13:11+00:00
order_0000004579,cust_0582,2563.99,2025-11-21T20:35:46+00:00
order_0000004580,cust_0697,480.00,2025-11-09T21:03:07+00:00
order_0000004581,cust_0408,621.46,2025-11-02T15:54:47+00:00
order_0000004582,cust_0528,777.99,2025-11-05T09:04:47+00:00
order_0000004583,cust_0267,839.00,2025-11-14T12:39:44+00:00
order_0000004584,cust_0186,372.09,2025-11-02T08:35:27+00:00
order_0000004585,cust_0422,925.00,2025-11-25T10:15:16+00:00
order_0000004586,cust_0285,103.91,2025-11-03T10:05:11+00:00
order_0000004587,cust_0639,346.83,2025-11-03T06:33:03+00:00
order_0000004588,cust_0587,832.00,2025-11-09T23:04:00+00:00
order_0000004589,cust_0239,950.00,2025-11-21T22:18:21+00:00
order_0000004590,cust_0894,3473.58,2025-11-05T02:02:47+00:00
order_0000004591,cust_0187,545.00,2025-11-17T03:35:36+00:00
order_0000004592,cust_0707,3209.81,2025-11-01T11:44:55+00:00
order_0000004593,cust_0426,2761.02,2025-11-14T16:38:10+00:00
order_0000004594,cust_0443,997.00,2025-11-21T14:55:49+00:00
order_0000004595,cust_0586,464.99,2025-11-17T14:12:31+00:00
order_0000004596,cust_0447,1921.41,2025-11-27T22:45:07+00:00
order_0000004597,cust_0261,702.99,2025-11-07T13:49:41+00:00
order_0000004598,cust_0121,995.99,2025-11-29T03:31:06+00:00
order_0000004599,cust_0764,2005.15,2025-11-14T12:25:03+00:00
order_0000004600,cust_0746,225.37,2025-11-24T13:54:53+00:00
order_0000004601,cust_0695,369.22,2025-11-18T03:47:11+00:00
order_0000004602,cust_0887,266.36,2025-11-22T07:41:56+00:00
order_0000004603,cust_0603,317.34,2025-11-10T17:25:13+00:00
order_0000004604,cust_0848,1035.04,2025-11-04T12:24:51+00:00
order_0000004605,cust_0848,225.99,2025-11-08T16:18:53+00:00
order_0000004606,cust_0083,568.00,2025-11-05T14:29:16+00:00
order_0000004607,cust_0764,780.00,2025-11-09T19:52:06+00:00
order_0000004608,cust_0609,532.00,2025-11-21T07:01:24+00:00
order_0000004609,cust_0244,1042.99,2025-11-03T16:48:16+00:00
order_0000004610,cust_0655,985.36,2025-11-08T17:11:48+00:00
order_0000004611,cust_0039,870.95,2025-11-20T10:50:08+00:00
order_0000004612,cust_0448,174.50,2025-11-27T03:01:21+00:00
order_0000004613,cust_0032,640.91,2025-11-07T13:03:18+00:00
order_0000004614,cust_0431,629.93,2025-11-19T06:44:53+00:00
order_0000004615,cust_0066,461.00,2025-11-14T06:37:55+00:00
order_0000004616,cust_0463,908.71,2025-11-14T17:29:59+00:00
order_0000004617,cust_0108,16761.99,2025-11-06T01:33:37+00:00
order_0000004618,cust_0013,585.99,2025-11-24T16:56:21+00:00
order_0000004619,cust_0480,1047.99,2025-11-20T07:00:30+00:00
order_0000004620,cust_0685,949.92,2025-11-27T06:55:48+00:00
order_0000004621,cust_0654,961.99,2025-11-29T07:40:19+00:00
order_0000004622,cust_0374,392.07,2025-11-25T13:29:47+00:00
order_0000004623,cust_0798,15731.00,2025-11-15T10:29:10+00:00
order_0000004624,cust_0755,263.00,2025-11-28T09:43:56+00:00
order_0000004625,cust_0224,382.13,2025-11-06T03:48:00+00:00
order_0000004626,cust_0106,1000.48,2025-11-30T05:15:08+00:00
order_0000004627,cust_0408,1686.00,2025-11-27T14:21:19+00:00
order_0000004628,cust_0761,222.99,2025-11-04T07:16:10+00:00
order_0000004629,cust_0386,729.00,2025-11-15T14:36:44+00:00
order_0000004630,cust_0868,7594.99,2025-11-28T09:37:59+00:00
order_0000004631,cust_0303,537.28,2025-11-08T15:12:31+00:00
order_0000004632,cust_0175,313.00,2025-11-08T02:58:54+00:00
order_0000004633,cust_0802,2436.92,2025-11-24T11:55:53+00:00
order_0000004634,cust_0827,747.00,2025-11-21T06:37:30+00:00
order_0000004635,cust_0459,204.25,2025-11-03T05:56:08+00:00
order_0000004636,cust_0179,1000.52,2025-11-30T05:59:51+00:00
order_0000004637,cust_0662,532.81,2025-11-08T20:38:02+00:00
order_0000004638,cust_0307,304.95,2025-11-15T09:47:11+00:00
order_0000004639,cust_0318,851.14,2025-11-10T02:38:05+00:00
order_0000004640,cust_0205,3307.11,2025-11-20T14:11:04+00:00
order_0000004641,cust_0783,489.00,2025-11-02T14:52:06+00:00
order_0000004642,cust_0510,144.00,2025-11-12T20:18:17+00:00
order_0000004643,cust_0601,612.30,2025-11-24T15:31:32+00:00
order_0000004644,cust_0128,311.00,2025-11-26T08:50:40+00:00
order_0000004645,cust_0470,915.92,2025-11-02T08:51:21+00:00
order_0000004646,cust_0168,290.90,2025-11-20T09:48:55+00:00
order_0000004647,cust_0888,590.00,2025-11-03T04:14:12+00:00
order_0000004648,cust_0246,195.44,2025-11-11T21:36:20+00:00
order_0000004649,cust_0394,361.99,2025-11-12T13:58:10+00:00
order_0000004650,cust_0178,2308.50,2025-11-23T01:44:07+00:00
order_0000004651,cust_0520,3154.38,2025-11-23T05:16:50+00:00
order_0000004652,cust_0776,532.00,2025-11-16T00:29:33+00:00
order_0000004653,cust_0414,976.99,2025-11-15T01:38:00+00:00
order_0000004654,cust_0082,2414.00,2025-11-22T12:33:03+00:00
order_0000004655,cust_0752,1064.78,2025-11-10T08:19:52+00:00
order_0000004656,cust_0158,566.00,2025-11-01T10:27:12+00:00
order_0000004657,cust_0134,2836.55,2025-11-08T15:10:55+00:00
order_0000004658,cust_0753,1057.50,2025-11-19T02:42:28+00:00
order_0000004659,cust_0154,267.00,2025-11-04T09:03:07+00:00
order_0000004660,cust_0015,916.99,2025-11-28T18:13:12+00:00
order_0000004661,cust_0021,179.81,2025-11-21T15:18:21+00:00
order_0000004662,cust_0471,2551.33,2025-11-25T13:59:57+00:00
order_0000004663,cust_0833,387.20,2025-11-14T22:34:04+00:00
order_0000004664,cust_0339,544.00,2025-11-06T05:10:37+00:00
order_0000004665,cust_0607,381.42,2025-11-18T15:49:56+00:00
order_0000004666,cust_0023,1059.04,2025-11-15T17:07:02+00:00
order_0000004667,cust_0371,122.00,2025-11-20T07:23:43+00:00
order_0000004668,cust_0689,634.99,2025-11-21T01:32:47+00:00
order_0000004669,cust_0415,446.00,2025-11-27T10:51:28+00:00
order_0000004670,cust_0249,1093.99,2025-11-09T08:45:05+00:00
order_0000004671,cust_0635,912.99,2025-11-18T03:31:11+00:00
order_0000004672,cust_0886,458.00,2025-11-21T02:12:38+00:00
order_0000004673,cust_0303,966.00,2025-11-14T05:05:19+00:00
order_0000004674,cust_0477,132.99,2025-11-09T22:51:00+00:00
order_0000004675,cust_0204,871.98,2025-11-16T17:38:38+00:00
order_0000004676,cust_0048,877.37,2025-11-24T21:59:40+00:00
order_0000004677,cust_0693,247.09,2025-11-07T04:11:06+00:00
order_0000004678,cust_0270,947.00,2025-11-10T10:07:54+00:00
order_0000004679,cust_0177,254.31,2025-11-22T06:35:27+00:00
order_0000004680,cust_0335,3216.00,2025-11-01T01:50:49+00:00
order_0000004681,cust_0050,1282.99,2025-11-30T09:25:53+00:00
order_0000004682,cust_0469,353.39,2025-11-22T01:38:35+00:00
order_0000004683,cust_0675,713.00,2025-11-01T17:03:40+00:00
order_0000004684,cust_0585,676.41,2025-11-30T08:58:42+00:00
order_0000004685,cust_0044,804.91,2025-11-17T13:29:06+00:00
order_0000004686,cust_0572,436.80,2025-11-06T10:21:19+00:00
order_0000004687,cust_0598,1650.61,2025-11-20T00:55:00+00:00
order_0000004688,cust_0675,701.28,2025-11-06T15:22:53+00:00
order_0000004689,cust_0018,665.00,2025-11-04T07:30:01+00:00
order_0000004690,cust_0578,3330.81,2025-11-27T12:50:26+00:00
order_0000004691,cust_0516,16457.43,2025-11-08T15:24:30+00:00
order_0000004692,cust_0494,752.68,2025-11-16T02:58:56+00:00
order_0000004693,cust_0750,13308.52,2025-11-08T13:20:01+00:00
order_0000004694,cust_0815,694.00,2025-11-10T06:52:18+00:00
order_0000004695,cust_0160,119.87,2025-11-29T16:43:43+00:00
order_0000004696,cust_0061,110.18,2025-11-15T05:18:46+00:00
order_0000004697,cust_0062,1395.86,2025-11-30T10:14:16+00:00
order_0000004698,cust_0284,101.99,2025-11-05T07:11:09+00:00
order_0000004699,cust_0672,240.99,2025-11-26T03:55:19+00:00
order_0000004700,cust_0312,213.07,2025-11-14T15:26:28+00:00
order_0000004701,cust_0695,2874.76,2025-11-27T09:50:52+00:00
order_0000004702,cust_0496,570.27,2025-11-02T12:26:15+00:00
order_0000004703,cust_0079,561.29,2025-11-10T04:24:46+00:00
order_0000004704,cust_0234,599.40,2025-11-10T12:49:10+00:00
order_0000004705,cust_0034,445.99,2025-11-16T06:56:08+00:00
order_0000004706,cust_0498,567.00,2025-11-10T18:08:20+00:00
order_0000004707,cust_0147,323.63,2025-11-28T05:55:21+00:00
order_0000004708,cust_0330,1062.52,2025-11-05T22:46:22+00:00
order_0000004709,cust_0587,425.96,2025-11-04T16:52:39+00:00
order_0000004710,cust_0057,551.66,2025-11-03T05:50:02+00:00
order_0000004711,cust_0344,367.91,2025-11-09T15:53:19+00:00
order_0000004712,cust_0030,275.99,2025-11-19T06:24:58+00:00
order_0000004713,cust_0604,1151.70,2025-11-28T16:17:53+00:00
order_0000004714,cust_0345,761.99,2025-11-02T16:57:56+00:00
order_0000004715,cust_0292,2921.00,2025-11-08T08:39:42+00:00
order_0000004716,cust_0369,573.00,2025-11-09T10:26:45+00:00
order_0000004717,cust_0147,1089.99,2025-11-01T11:29:39+00:00
order_0000004718,cust_0711,999.00,2025-11-15T02:43:08+00:00
order_0000004719,cust_0406,300.10,2025-11-19T08:20:53+00:00
order_0000004720,cust_0494,837.00,2025-11-09T08:27:37+00:00
order_0000004721,cust_0418,499.19,2025-11-17T23:36:37+00:00
order_0000004722,cust_0172,814.23,2025-11-10T07:54:15+00:00
order_0000004723,cust_0135,545.86,2025-11-17T11:41:36+00:00
order_0000004724,cust_0144,426.69,2025-11-02T08:27:46+00:00
order_0000004725,cust_0317,593.99,2025-11-24T12:47:36+00:00
order_0000004726,cust_0839,882.00,2025-11-02T09:14:39+00:00
order_0000004727,cust_0446,971.99,2025-11-13T09:25:51+00:00
order_0000004728,cust_0859,1064.64,2025-11-06T06:27:02+00:00
order_0000004729,cust_0568,766.47,2025-11-10T23:21:51+00:00
order_0000004730,cust_0332,203.24,2025-11-12T16:14:21+00:00
order_0000004731,cust_0045,3071.99,2025-11-04T17:49:40+00:00
order_0000004732,cust_0240,3092.00,2025-11-17T16:13:32+00:00
order_0000004733,cust_0386,312.33,2025-11-05T07:57:19+00:00
order_0000004734,cust_0735,892.76,2025-11-09T18:28:17+00:00
order_0000004735,cust_0118,196.00,2025-11-02T16:47:09+00:00
order_0000004736,cust_0035,2236.00,2025-11-08T15:31:45+00:00
order_0000004737,cust_0518,3189.72,2025-11-18T07:05:33+00:00
order_0000004738,cust_0661,325.66,2025-11-28T05:57:58+00:00
order_0000004739,cust_0334,745.99,2025-11-14T13:07:39+00:00
order_0000004740,cust_0623,330.00,2025-11-21T08:28:08+00:00
order_0000004741,cust_0446,2673.11,2025-11-03T12:13:14+00:00
order_0000004742,cust_0612,320.60,2025-11-24T00:20:03+00:00
order_0000004743,cust_0834,903.70,2025-11-17T13:09:51+00:00
order_0000004744,cust_0794,110.07,2025-11-26T07:53:56+00:00
order_0000004745,cust_0026,126.00,2025-11-28T07:27:01+00:00
order_0000004746,cust_0039,427.00,2025-11-28T08:12:24+00:00
order_0000004747,cust_0388,1054.00,2025-11-13T13:13:28+00:00
order_0000004748,cust_0620,878.09,2025-11-20T12:16:45+00:00
order_0000004749,cust_0762,324.49,2025-11-22T17:33:46+00:00
order_0000004750,cust_0121,711.04,2025-11-29T04:59:58+00:00
order_0000004751,cust_0156,1012.00,2025-11-10T16:07:21+00:00
order_0000004752,cust_0255,2488.13,2025-11-20T18:08:24+00:00
order_0000004753,cust_0896,2548.42,2025-11-23T08:17:40+00:00
order_0000004754,cust_0873,432.00,2025-11-12T12:20:05+00:00
order_0000004755,cust_0853,17021.32,2025-11-14T12:18:38+00:00
order_0000004756,cust_0511,1130.79,2025-11-17T04:32:06+00:00
order_0000004757,cust_0714,1035.38,2025-11-03T12:52:09+00:00
order_0000004758,cust_0436,270.00,2025-11-20T15:50:05+00:00
order_0000004759,cust_0537,578.74,2025-11-01T07:51:36+00:00
order_0000004760,cust_0486,3347.00,2025-11-19T15:04:47+00:00
order_0000004761,cust_0863,1628.20,2025-11-29T12:47:12+00:00
order_0000004762,cust_0800,873.90,2025-11-06T15:18:07+00:00
order_0000004763,cust_0623,636.67,2025-11-23T17:06:36+00:00
order_0000004764,cust_0837,609.34,2025-11-02T08:39:00+00:00
order_0000004765,cust_0815,641.93,2025-11-28T12:21:25+00:00
order_0000004766,cust_0405,2823.99,2025-11-30T03:25:30+00:00
order_0000004767,cust_0051,887.00,2025-11-02T10:58:29+00:00
order_0000004768,cust_0839,123.00,2025-11-14T14:35:00+00:00
order_0000004769,cust_0585,457.61,2025-11-27T05:12:25+00:00
order_0000004770,cust_0235,130.11,2025-11-06T12:32:16+00:00
order_0000004771,cust_0204,253.81,2025-11-16T08:03:58+00:00
order_0000004772,cust_0555,979.99,2025-11-24T06:22:09+00:00
order_0000004773,cust_0408,738.00,2025-11-12T02:38:22+00:00
order_0000004774,cust_0223,815.01,2025-11-10T10:04:19+00:00
order_0000004775,cust_0777,515.00,2025-11-09T14:43:43+00:00
order_0000004776,cust_0773,236.77,2025-11-30T12:51:26+00:00
order_0000004777,cust_0357,897.00,2025-11-19T17:31:18+00:00
order_0000004778,cust_0560,2414.88,2025-11-30T06:55:45+00:00
order_0000004779,cust_0610,2378.40,2025-11-06T07:06:01+00:00
order_0000004780,cust_0353,2244.42,2025-11-11T05:20:57+00:00
order_0000004781,cust_0356,257.05,2025-11-26T13:35:00+00:00
order_0000004782,cust_0314,997.06,2025-11-18T19:37:16+00:00
order_0000004783,cust_0681,718.10,2025-11-22T00:30:36+00:00
order_0000004784,cust_0419,345.00,2025-11-17T15:45:12+00:00
order_0000004785,cust_0504,1043.57,2025-11-12T10:24:48+00:00
order_0000004786,cust_0035,3431.00,2025-11-09T13:02:36+00:00
order_0000004787,cust_0229,654.54,2025-11-28T06:27:43+00:00
order_0000004788,cust_0784,2897.91,2025-11-02T16:59:15+00:00
order_0000004789,cust_0358,2906.00,2025-11-25T10:49:31+00:00
order_0000004790,cust_0170,707.92,2025-11-21T09:58:27+00:00
order_0000004791,cust_0494,918.00,2025-11-21T03:57:22+00:00
order_0000004792,cust_0159,1398.98,2025-11-08T04:46:57+00:00
order_0000004793,cust_0775,989.33,2025-11-27T14:20:07+00:00
order_0000004794,cust_0368,784.29,2025-11-09T13:17:30+00:00
order_0000004795,cust_0873,379.00,2025-11-16T16:19:27+00:00
order_0000004796,cust_0755,241.00,2025-11-23T10:49:22+00:00
order_0000004797,cust_0290,588.99,2025-11-29T16:09:55+00:00
order_0000004798,cust_0049,9469.03,2025-11-20T11:12:24+00:00
order_0000004799,cust_0645,177.00,2025-11-09T06:09:20+00:00
order_0000004800,cust_0680,475.99,2025-11-19T10:11:25+00:00
order_0000004801,cust_0048,930.37,2025-11-13T14:47:31+00:00
order_0000004802,cust_0119,620.99,2025-11-10T09:46:27+00:00
order_0000004803,cust_0144,2682.00,2025-11-01T19:26:40+00:00
order_0000004804,cust_0295,251.00,2025-11-17T16:55:43+00:00
order_0000004805,cust_0659,450.32,2025-11-24T01:32:55+00:00
order_0000004806,cust_0584,367.99,2025-11-01T11:10:19+00:00
order_0000004807,cust_0809,112.00,2025-11-06T08:27:29+00:00
order_0000004808,cust_0186,950.79,2025-11-11T12:42:01+00:00
order_0000004809,cust_0242,343.75,2025-11-08T16:18:38+00:00
order_0000004810,cust_0424,220.73,2025-11-26T20:15:46+00:00
order_0000004811,cust_0244,1982.96,2025-11-10T14:04:49+00:00
order_0000004812,cust_0767,2980.00,2025-11-25T07:57:10+00:00
order_0000004813,cust_0869,522.67,2025-11-22T00:25:24+00:00
order_0000004814,cust_0502,504.00,2025-10-31T18:51:07+00:00
order_0000004815,cust_0031,3040.44,2025-11-12T01:41:55+00:00
order_0000004816,cust_0445,397.99,2025-11-29T14:57:54+00:00
order_0000004817,cust_0733,598.00,2025-11-03T05:46:04+00:00
order_0000004818,cust_0785,1036.99,2025-11-15T18:11:15+00:00
order_0000004819,cust_0579,1372.19,2025-11-11T05:13:07+00:00
order_0000004820,cust_0238,948.89,2025-11-23T01:21:23+00:00
order_0000004821,cust_0551,225.00,2025-11-20T15:31:18+00:00
order_0000004822,cust_0095,847.55,2025-11-24T12:20:48+00:00
order_0000004823,cust_0378,970.95,2025-11-23T02:00:30+00:00
order_0000004824,cust_0548,2773.00,2025-11-03T10:07:45+00:00
order_0000004825,cust_0795,7926.44,2025-11-13T12:03:27+00:00
order_0000004826,cust_0063,3463.99,2025-11-10T08:18:56+00:00
order_0000004827,cust_0480,884.99,2025-11-30T10:31:04+00:00
order_0000004828,cust_0704,115.10,2025-11-06T11:25:17+00:00
order_0000004829,cust_0125,11462.02,2025-11-27T09:14:42+00:00
order_0000004830,cust_0561,143.99,2025-11-11T03:26:11+00:00
order_0000004831,cust_0068,726.00,2025-11-04T08:57:13+00:00
order_0000004832,cust_0888,982.92,2025-11-22T02:17:54+00:00
order_0000004833,cust_0680,994.99,2025-11-10T07:05:37+00:00
order_0000004834,cust_0745,334.00,2025-11-08T09:55:17+00:00
order_0000004835,cust_0320,310.89,2025-11-28T12:19:37+00:00
order_0000004836,cust_0259,668.11,2025-11-29T17:25:57+00:00
order_0000004837,cust_0562,3456.96,2025-11-26T06:03:27+00:00
order_0000004838,cust_0762,427.08,2025-11-09T03:39:53+00:00
order_0000004839,cust_0631,289.06,2025-11-27T17:22:03+00:00
order_0000004840,cust_0884,3309.00,2025-11-06T08:00:07+00:00
order_0000004841,cust_0855,692.99,2025-11-26T13:54:11+00:00
order_0000004842,cust_0216,1168.00,2025-11-16T16:25:30+00:00
order_0000004843,cust_0859,298.22,2025-11-28T14:01:05+00:00
order_0000004844,cust_0349,809.00,2025-11-23T17:19:31+00:00
order_0000004845,cust_0054,408.19,2025-11-25T11:22:31+00:00
order_0000004846,cust_0531,592.77,2025-11-30T18:07:32+00:00
order_0000004847,cust_0110,951.02,2025-11-13T12:44:23+00:00
order_0000004848,cust_0591,455.67,2025-11-26T15:01:59+00:00
order_0000004849,cust_0462,5398.00,2025-11-08T16:00:28+00:00
order_0000004850,cust_0422,778.00,2025-11-14T07:32:18+00:00
order_0000004851,cust_0650,402.67,2025-11-03T10:41:27+00:00
order_0000004852,cust_0786,501.99,2025-11-07T04:10:13+00:00
order_0000004853,cust_0862,2012.91,2025-11-26T07:47:29+00:00
order_0000004854,cust_0150,3458.42,2025-11-30T04:10:33+00:00
order_0000004855,cust_0522,990.93,2025-11-05T21:18:41+00:00
order_0000004856,cust_0542,130.03,2025-11-09T13:44:37+00:00
order_0000004857,cust_0699,1023.00,2025-11-19T00:47:58+00:00
order_0000004858,cust_0323,708.11,2025-11-28T20:58:07+00:00
order_0000004859,cust_0395,11303.00,2025-11-21T10:29:07+00:00
order_0000004860,cust_0183,3018.00,2025-11-05T12:32:29+00:00
order_0000004861,cust_0452,716.68,2025-11-23T05:20:03+00:00
order_0000004862,cust_0253,658.00,2025-11-23T08:15:00+00:00
order_0000004863,cust_0672,925.00,2025-11-05T03:45:46+00:00
order_0000004864,cust_0203,592.00,2025-11-03T22:43:08+00:00
order_0000004865,cust_0187,333.00,2025-11-08T09:00:31+00:00
order_0000004866,cust_0775,337.99,2025-11-11T08:42:46+00:00
order_0000004867,cust_0505,409.00,2025-11-15T09:38:01+00:00
order_0000004868,cust_0020,379.57,2025-11-15T06:25:02+00:00
order_0000004869,cust_0231,825.10,2025-11-14T01:05:45+00:00
order_0000004870,cust_0086,213.81,2025-11-04T17:45:22+00:00
order_0000004871,cust_0272,1208.42,2025-11-13T02:07:18+00:00
order_0000004872,cust_0158,634.97,2025-11-15T02:53:03+00:00
order_0000004873,cust_0605,211.00,2025-11-14T23:15:48+00:00
order_0000004874,cust_0449,188.59,2025-11-27T12:21:22+00:00
order_0000004875,cust_0866,1014.00,2025-11-22T14:16:10+00:00
order_0000004876,cust_0456,1033.99,2025-11-29T12:07:46+00:00
order_0000004877,cust_0282,622.04,2025-11-14T03:42:01+00:00
order_0000004878,cust_0656,173.00,2025-11-11T13:51:52+00:00
order_0000004879,cust_0460,895.62,2025-11-28T08:03:59+00:00
order_0000004880,cust_0060,185.57,2025-11-17T06:32:45+00:00
order_0000004881,cust_0689,2264.17,2025-11-30T09:48:39+00:00
order_0000004882,cust_0266,845.63,2025-11-05T21:46:13+00:00
order_0000004883,cust_0819,3406.00,2025-11-22T07:30:39+00:00
order_0000004884,cust_0245,844.81,2025-11-21T14:53:04+00:00
order_0000004885,cust_0368,2373.99,2025-11-10T11:46:22+00:00
order_0000004886,cust_0155,142.14,2025-11-03T08:05:43+00:00
order_0000004887,cust_0316,341.00,2025-11-22T14:37:57+00:00
order_0000004888,cust_0736,391.35,2025-11-09T00:53:42+00:00
order_0000004889,cust_0157,608.94,2025-11-03T11:31:16+00:00
order_0000004890,cust_0732,163.37,2025-11-24T16:12:35+00:00
order_0000004891,cust_0735,770.43,2025-11-25T18:08:37+00:00
order_0000004892,cust_0370,111.00,2025-11-20T01:05:54+00:00
order_0000004893,cust_0722,729.00,2025-11-01T05:33:21+00:00
order_0000004894,cust_0482,997.07,2025-11-18T11:52:15+00:00
order_0000004895,cust_0311,288.39,2025-11-19T15:27:25+00:00
order_0000004896,cust_0305,733.18,2025-11-13T12:33:36+00:00
order_0000004897,cust_0130,102.00,2025-11-10T17:16:43+00:00
order_0000004898,cust_0459,210.12,2025-11-11T14:19:00+00:00
order_0000004899,cust_0739,864.87,2025-11-07T00:36:48+00:00
order_0000004900,cust_0585,430.71,2025-11-05T20:50:15+00:00
order_0000004901,cust_0806,671.17,2025-11-22T06:05:40+00:00
order_0000004902,cust_0475,2363.00,2025-11-29T22:25:47+00:00
order_0000004903,cust_0575,171.08,2025-11-16T12:19:07+00:00
order_0000004904,cust_0889,589.00,2025-11-14T09:35:42+00:00
order_0000004905,cust_0131,298.45,2025-11-26T16:09:53+00:00
order_0000004906,cust_0293,781.00,2025-11-22T08:55:05+00:00
order_0000004907,cust_0456,1188.58,2025-11-19T08:24:51+00:00
order_0000004908,cust_0025,1006.29,2025-11-08T16:07:36+00:00
order_0000004909,cust_0640,965.99,2025-11-22T07:42:20+00:00
order_0000004910,cust_0628,597.89,2025-11-11T03:43:38+00:00
order_0000004911,cust_0513,563.82,2025-11-23T16:00:50+00:00
order_0000004912,cust_0708,620.75,2025-11-16T17:01:03+00:00
order_0000004913,cust_0818,892.97,2025-11-03T23:10:41+00:00
order_0000004914,cust_0147,12203.99,2025-11-26T13:36:43+00:00
order_0000004915,cust_0894,483.99,2025-11-10T11:36:46+00:00
order_0000004916,cust_0677,788.99,2025-11-19T12:35:35+00:00
order_0000004917,cust_0481,719.00,2025-11-17T01:04:13+00:00
order_0000004918,cust_0662,205.31,2025-11-20T07:12:42+00:00
order_0000004919,cust_0293,707.00,2025-11-23T18:05:35+00:00
order_0000004920,cust_0089,853.63,2025-11-07T16:50:54+00:00
order_0000004921,cust_0002,833.80,2025-11-10T03:02:03+00:00
order_0000004922,cust_0464,908.53,2025-11-02T10:20:20+00:00
order_0000004923,cust_0164,950.00,2025-11-01T14:07:32+00:00
order_0000004924,cust_0899,555.00,2025-11-11T18:12:32+00:00
order_0000004925,cust_0104,962.00,2025-11-19T00:13:51+00:00
order_0000004926,cust_0460,555.49,2025-11-21T12:21:55+00:00
order_0000004927,cust_0744,667.02,2025-11-19T14:27:05+00:00
order_0000004928,cust_0292,457.00,2025-11-25T12:41:59+00:00
order_0000004929,cust_0694,336.00,2025-11-29T04:29:57+00:00
order_0000004930,cust_0028,118.82,2025-11-07T10:08:49+00:00
order_0000004931,cust_0453,532.00,2025-11-20T11:54:31+00:00
order_0000004932,cust_0035,153.72,2025-11-10T11:19:59+00:00
order_0000004933,cust_0033,803.00,2025-11-06T12:27:12+00:00
order_0000004934,cust_0223,803.99,2025-11-09T17:21:05+00:00
order_0000004935,cust_0297,243.00,2025-11-09T03:26:57+00:00
order_0000004936,cust_0185,588.78,2025-11-21T07:38:21+00:00
order_0000004937,cust_0114,370.82,2025-11-16T03:18:47+00:00
order_0000004938,cust_0249,2839.00,2025-11-06T06:29:25+00:00
order_0000004939,cust_0514,799.00,2025-11-11T18:27:30+00:00
order_0000004940,cust_0834,379.00,2025-11-16T06:09:20+00:00
order_0000004941,cust_0175,2165.00,2025-11-13T09:43:40+00:00
order_0000004942,cust_0687,245.40,2025-11-06T14:50:59+00:00
order_0000004943,cust_0867,318.37,2025-11-09T15:46:28+00:00
order_0000004944,cust_0435,2710.16,2025-11-28T06:00:48+00:00
order_0000004945,cust_0213,1990.91,2025-11-08T11:15:30+00:00
order_0000004946,cust_0023,238.99,2025-11-18T12:37:40+00:00
order_0000004947,cust_0529,233.82,2025-11-25T13:46:10+00:00
order_0000004948,cust_0649,3751.72,2025-11-29T08:36:13+00:00
order_0000004949,cust_0410,524.36,2025-11-16T15:52:01+00:00
order_0000004950,cust_0498,581.51,2025-11-18T14:10:53+00:00
order_0000004951,cust_0765,1001.00,2025-11-10T10:20:22+00:00
order_0000004952,cust_0047,492.99,2025-11-03T13:01:58+00:00
order_0000004953,cust_0261,772.35,2025-11-23T13:21:20+00:00
order_0000004954,cust_0356,903.81,2025-11-10T10:29:42+00:00
order_0000004955,cust_0459,975.22,2025-11-21T02:39:05+00:00
order_0000004956,cust_0109,505.39,2025-11-19T03:53:54+00:00
order_0000004957,cust_0487,3354.00,2025-11-18T20:43:11+00:00
order_0000004958,cust_0315,10266.34,2025-11-29T12:19:37+00:00
order_0000004959,cust_0716,250.47,2025-11-01T07:33:51+00:00
order_0000004960,cust_0067,15828.65,2025-11-26T07:23:04+00:00
order_0000004961,cust_0717,12093.99,2025-11-24T07:16:04+00:00
order_0000004962,cust_0872,887.76,2025-11-16T01:29:03+00:00
order_0000004963,cust_0115,390.90,2025-11-10T01:11:43+00:00
order_0000004964,cust_0600,763.83,2025-11-10T05:41:29+00:00
order_0000004965,cust_0470,180.00,2025-11-19T07:04:22+00:00
order_0000004966,cust_0186,1693.02,2025-11-12T15:56:36+00:00
order_0000004967,cust_0642,1092.47,2025-11-25T11:16:47+00:00
order_0000004968,cust_0014,893.05,2025-11-09T01:33:25+00:00
order_0000004969,cust_0788,2673.99,2025-11-20T06:48:37+00:00
order_0000004970,cust_0624,1188.90,2025-11-19T08:58:47+00:00
order_0000004971,cust_0353,128.55,2025-11-11T05:24:30+00:00
order_0000004972,cust_0583,2031.00,2025-11-08T19:56:58+00:00
order_0000004973,cust_0699,483.94,2025-11-10T15:56:25+00:00
order_0000004974,cust_0895,460.00,2025-11-29T09:41:30+00:00
order_0000004975,cust_0380,227.89,2025-11-05T16:30:37+00:00
order_0000004976,cust_0523,2362.46,2025-11-09T12:48:50+00:00
order_0000004977,cust_0625,3315.54,2025-11-12T15:12:19+00:00
order_0000004978,cust_0734,834.00,2025-11-06T15:10:42+00:00
order_0000004979,cust_0663,485.47,2025-11-17T17:59:43+00:00
order_0000004980,cust_0615,479.00,2025-11-30T17:02:13+00:00
order_0000004981,cust_0409,461.00,2025-11-01T20:18:49+00:00
order_0000004982,cust_0347,2918.56,2025-11-18T12:07:18+00:00
order_0000004983,cust_0232,359.00,2025-11-04T16:30:29+00:00
order_0000004984,cust_0497,836.00,2025-11-03T03:47:15+00:00
order_0000004985,cust_0361,1444.58,2025-11-10T09:01:53+00:00
order_0000004986,cust_0850,805.51,2025-11-09T09:53:20+00:00
order_0000004987,cust_0673,1550.00,2025-11-03T16:07:02+00:00
order_0000004988,cust_0035,366.00,2025-11-28T13:24:41+00:00
order_0000004989,cust_0520,1068.05,2025-11-28T07:34:49+00:00
order_0000004990,cust_0007,771.99,2025-11-14T10:18:46+00:00
order_0000004991,cust_0403,845.00,2025-11-06T02:20:56+00:00
order_0000004992,cust_0408,832.00,2025-11-28T21:13:25+00:00
order_0000004993,cust_0268,399.46,2025-11-27T17:16:21+00:00
order_0000004994,cust_0438,1001.00,2025-11-03T12:01:01+00:00
order_0000004995,cust_0736,3141.99,2025-11-08T13:07:18+00:00
order_0000004996,cust_0345,1869.33,2025-11-17T23:22:14+00:00
order_0000004997,cust_0110,1837.99,2025-11-03T08:01:59+00:00
order_0000004998,cust_0445,957.00,2025-11-19T11:12:54+00:00
order_0000004999,cust_0720,929.00,2025-11-25T09:11:38+00:00
order_0000005000,cust_0344,385.19,2025-11-02T15:51:01+00:00
order_0000005001,cust_0756,404.57,2025-11-21T12:27:59+00:00
order_0000005002,cust_0247,404.57,2025-11-21T12:27:59+00:00
order_0000005003,cust_0832,259.51,2025-11-02T12:27:59+00:00
order_0000005004,cust_0640,259.51,2025-11-02T12:27:59+00:00
order_0000005005,cust_0529,525.56,2025-11-10T12:27:59+00:00
order_0000005006,cust_0128,525.56,2025-11-10T12:27:59+00:00
order_0000005007,cust_0418,231.00,2025-11-28T00:27:59+00:00
order_0000005008,cust_0458,231.00,2025-11-28T00:27:59+00:00
order_0000005009,cust_0106,892.45,2025-11-04T00:27:59+00:00
order_0000005010,cust_0230,892.45,2025-11-04T00:27:59+00:00
order_0000005011,cust_0843,522.67,2025-11-22T00:27:59+00:00
order_0000005012,cust_0829,522.67,2025-11-22T00:27:59+00:00
