payment_id,order_id,amount,method,status,created_at_ist
pay_00000000000001,order_0000000001,2054.16,upi,captured,2025-11-22T15:52:57+05:30
pay_00000000000002,order_0000000002,170.71,card,captured,2025-11-17T23:20:03+05:30
pay_00000000000003,order_0000000003,945.69,upi,captured,2025-11-27T16:02:39+05:30
pay_00000000000004,order_0000000004,141.64,card,captured,2025-11-21T18:51:08+05:30
pay_00000000000005,order_0000000005,178.00,upi,captured,2025-11-26T21:49:28+05:30
pay_00000000000006,order_0000000006,8547.53,upi,captured,2025-11-09T22:59:50+05:30
pay_00000000000007,order_0000000007,2053.99,upi,captured,2025-11-20T11:01:03+05:30
pay_00000000000008,order_0000000008,300.00,card,captured,2025-11-17T06:26:01+05:30
pay_00000000000009,order_0000000009,288.32,wallet,captured,2025-11-20T15:34:23+05:30
pay_00000000000010,order_0000000010,715.24,upi,captured,2025-11-17T11:21:38+05:30
pay_00000000000011,order_0000000011,792.99,card,captured,2025-11-25T08:13:53+05:30
pay_00000000000012,order_0000000012,2623.89,card,captured,2025-11-18T23:17:54+05:30
pay_00000000000013,order_0000000013,355.93,card,captured,2025-11-26T15:07:10+05:30
pay_00000000000014,order_0000000014,616.79,card,captured,2025-11-22T10:17:23+05:30
pay_00000000000015,order_0000000015,864.00,upi,captured,2025-11-28T14:46:13+05:30
pay_00000000000016,order_0000000016,1045.94,wallet,captured,2025-11-03T17:40:16+05:30
pay_00000000000017,order_0000000017,346.00,upi,captured,2025-11-20T06:18:02+05:30
pay_00000000000018,order_0000000018,684.43,card,captured,2025-11-19T10:17:16+05:30
pay_00000000000019,order_0000000019,390.28,card,captured,2025-11-05T09:25:12+05:30
pay_00000000000020,order_0000000020,226.25,wallet,captured,2025-11-14T22:44:02+05:30
pay_00000000000021,order_0000000021,889.40,netbanking,captured,2025-11-08T03:41:46+05:30
pay_00000000000022,order_0000000022,7694.48,upi,captured,2025-11-16T12:23:30+05:30
pay_00000000000023,order_0000000023,825.00,upi,captured,2025-11-03T21:22:03+05:30
pay_00000000000024,order_0000000024,2550.43,upi,captured,2025-11-02T10:58:26+05:30
pay_00000000000025,order_0000000025,534.00,upi,captured,2025-11-07T06:11:19+05:30
pay_00000000000026,order_0000000026,157.37,upi,captured,2025-11-17T11:21:06+05:30
pay_00000000000027,order_0000000027,754.67,upi,captured,2025-11-25T23:45:50+05:30
pay_00000000000028,order_0000000028,2213.99,upi,captured,2025-11-15T18:19:05+05:30
pay_00000000000029,order_0000000029,888.00,card,captured,2025-11-05T23:35:39+05:30
pay_00000000000030,order_0000000030,687.47,upi,captured,2025-11-09T22:41:08+05:30
pay_00000000000031,order_0000000031,666.00,card,captured,2025-11-09T12:15:12+05:30
pay_00000000000032,order_0000000032,687.48,netbanking,captured,2025-11-21T11:10:56+05:30
pay_00000000000033,order_0000000033,531.00,card,captured,2025-11-04T14:08:32+05:30
pay_00000000000034,order_0000000034,2228.22,card,captured,2025-11-05T14:09:18+05:30
pay_00000000000035,order_0000000035,1315.00,upi,captured,2025-11-23T15:17:55+05:30
pay_00000000000036,order_0000000036,144.77,netbanking,captured,2025-11-09T10:48:21+05:30
pay_00000000000037,order_0000000037,304.00,upi,captured,2025-11-07T18:49:23+05:30
pay_00000000000038,order_0000000038,2927.00,card,captured,2025-11-25T15:20:35+05:30
pay_00000000000039,order_0000000039,2782.50,card,captured,2025-11-07T14:01:08+05:30
pay_00000000000040,order_0000000040,454.23,upi,captured,2025-11-13T08:33:48+05:30
pay_00000000000041,order_0000000041,409.89,wallet,captured,2025-11-09T22:51:12+05:30
pay_00000000000042,order_0000000042,112.00,card,captured,2025-11-30T09:55:37+05:30
pay_00000000000043,order_0000000043,798.30,wallet,captured,2025-11-29T17:14:37+05:30
pay_00000000000044,order_0000000044,1228.00,upi,captured,2025-11-16T21:53:28+05:30
pay_00000000000045,order_0000000045,2191.00,upi,captured,2025-11-28T15:49:34+05:30
pay_00000000000046,order_0000000046,256.76,upi,captured,2025-11-24T19:48:00+05:30
pay_00000000000047,order_0000000047,1229.78,upi,captured,2025-11-01T06:15:44+05:30
pay_00000000000048,order_0000000048,6460.04,card,captured,2025-11-29T02:20:20+05:30
pay_00000000000049,order_0000000049,3397.00,card,captured,2025-11-09T22:20:21+05:30
pay_00000000000050,order_0000000050,687.53,upi,failed,2025-11-09T04:48:59+05:30
pay_00000000000051,order_0000000051,571.27,upi,captured,2025-11-24T07:27:07+05:30
pay_00000000000052,order_0000000052,495.99,upi,captured,2025-11-21T16:28:34+05:30
pay_00000000000053,order_0000000053,943.00,upi,captured,2025-11-09T12:06:20+05:30
pay_00000000000054,order_0000000054,941.00,card,captured,2025-11-25T10:55:06+05:30
pay_00000000000055,order_0000000055,115.00,upi,captured,2025-11-01T12:35:10+05:30
pay_00000000000056,order_0000000056,583.92,upi,captured,2025-11-19T06:11:39+05:30
pay_00000000000057,order_0000000057,851.50,card,captured,2025-11-03T15:34:23+05:30
pay_00000000000058,order_0000000058,281.53,card,captured,2025-11-13T16:13:10+05:30
pay_00000000000059,order_0000000059,1056.31,netbanking,captured,2025-11-27T06:29:55+05:30
pay_00000000000060,order_0000000060,962.99,upi,captured,2025-11-12T18:16:35+05:30
pay_00000000000061,order_0000000061,1044.00,upi,captured,2025-11-25T16:41:41+05:30
pay_00000000000062,order_0000000062,624.18,card,captured,2025-11-03T00:50:29+05:30
pay_00000000000063,order_0000000063,1040.80,card,captured,2025-11-03T22:36:54+05:30
pay_00000000000064,order_0000000064,375.00,upi,captured,2025-11-08T22:06:01+05:30
pay_00000000000065,order_0000000065,3360.99,card,captured,2025-11-23T13:19:32+05:30
pay_00000000000066,order_0000000066,158.49,upi,captured,2025-11-21T19:06:42+05:30
pay_00000000000067,order_0000000067,644.00,card,captured,2025-11-03T14:57:41+05:30
pay_00000000000068,order_0000000068,850.15,upi,captured,2025-11-18T22:54:31+05:30
pay_00000000000069,order_0000000069,926.47,wallet,captured,2025-11-03T16:28:00+05:30
pay_00000000000070,order_0000000070,869.15,netbanking,captured,2025-11-26T19:35:29+05:30
pay_00000000000071,order_0000000071,530.00,card,captured,2025-11-02T11:59:29+05:30
pay_00000000000072,order_0000000072,458.00,upi,captured,2025-11-08T18:30:24+05:30
pay_00000000000073,order_0000000073,872.00,upi,captured,2025-11-18T02:10:17+05:30
pay_00000000000074,order_0000000074,13056.26,wallet,captured,2025-11-22T07:27:57+05:30
pay_00000000000075,order_0000000075,747.57,wallet,captured,2025-11-11T12:58:30+05:30
pay_00000000000076,order_0000000076,1838.99,card,captured,2025-11-03T20:08:33+05:30
pay_00000000000077,order_0000000077,841.00,wallet,captured,2025-11-22T07:59:16+05:30
pay_00000000000078,order_0000000078,464.00,upi,captured,2025-11-25T09:07:45+05:30
pay_00000000000079,order_0000000079,866.44,upi,captured,2025-11-20T02:30:38+05:30
pay_00000000000080,order_0000000080,870.26,card,captured,2025-11-04T12:30:58+05:30
pay_00000000000081,order_0000000081,763.99,wallet,captured,2025-11-20T03:44:55+05:30
pay_00000000000082,order_0000000082,1000.69,card,captured,2025-11-24T02:56:31+05:30
pay_00000000000083,order_0000000083,1604.35,upi,captured,2025-11-13T12:27:07+05:30
pay_00000000000084,order_0000000084,8999.99,card,captured,2025-11-24T17:52:31+05:30
pay_00000000000085,order_0000000085,982.00,upi,captured,2025-11-11T16:21:42+05:30
pay_00000000000086,order_0000000086,960.00,card,captured,2025-11-28T19:54:46+05:30
pay_00000000000087,order_0000000087,257.00,upi,captured,2025-11-30T16:55:57+05:30
pay_00000000000088,order_0000000088,585.29,wallet,captured,2025-11-23T09:58:46+05:30
pay_00000000000089,order_0000000089,145.83,upi,captured,2025-11-19T17:52:25+05:30
pay_00000000000090,order_0000000090,450.62,card,captured,2025-11-23T13:52:33+05:30
pay_00000000000091,order_0000000091,1063.30,netbanking,captured,2025-11-05T16:18:45+05:30
pay_00000000000092,order_0000000092,3503.93,upi,captured,2025-11-30T11:25:55+05:30
pay_00000000000093,order_0000000093,893.99,netbanking,failed,2025-11-02T12:29:36+05:30
pay_00000000000094,order_0000000094,873.99,upi,captured,2025-11-29T19:12:06+05:30
pay_00000000000095,order_0000000095,1882.00,card,captured,2025-11-08T09:17:40+05:30
pay_00000000000096,order_0000000096,811.79,card,captured,2025-11-06T20:11:44+05:30
pay_00000000000097,order_0000000097,786.99,upi,captured,2025-11-24T16:36:37+05:30
pay_00000000000098,order_0000000098,562.83,upi,captured,2025-11-22T20:27:58+05:30
pay_00000000000099,order_0000000099,653.45,upi,captured,2025-11-06T15:19:17+05:30
pay_00000000000100,order_0000000100,1040.68,upi,captured,2025-11-22T09:21:06+05:30
pay_00000000000101,order_0000000101,308.00,upi,captured,2025-11-28T15:12:12+05:30
pay_00000000000102,order_0000000102,1243.07,card,captured,2025-11-15T03:44:26+05:30
pay_00000000000103,order_0000000103,2724.34,upi,captured,2025-11-12T08:20:40+05:30
pay_00000000000104,order_0000000104,1030.15,upi,captured,2025-11-18T02:43:29+05:30
pay_00000000000105,order_0000000105,807.00,card,captured,2025-11-17T17:32:45+05:30
pay_00000000000106,order_0000000106,543.55,wallet,captured,2025-11-09T22:25:52+05:30
pay_00000000000107,order_0000000107,105.99,upi,failed,2025-11-28T17:29:28+05:30
pay_00000000000108,order_0000000108,969.00,upi,captured,2025-11-04T18:26:11+05:30
pay_00000000000109,order_0000000109,577.02,upi,captured,2025-11-24T17:05:09+05:30
pay_00000000000110,order_0000000110,635.64,card,captured,2025-11-21T19:50:43+05:30
pay_00000000000111,order_0000000111,17370.00,netbanking,captured,2025-11-19T15:49:33+05:30
pay_00000000000112,order_0000000112,866.99,upi,captured,2025-11-08T04:30:48+05:30
pay_00000000000113,order_0000000113,670.00,card,captured,2025-11-12T00:20:33+05:30
pay_00000000000114,order_0000000114,4949.06,upi,captured,2025-11-06T09:13:55+05:30
pay_00000000000115,order_0000000115,798.00,upi,captured,2025-11-01T13:24:08+05:30
pay_00000000000116,order_0000000116,286.54,card,captured,2025-11-16T16:16:46+05:30
pay_00000000000117,order_0000000117,3545.00,netbanking,captured,2025-11-12T00:08:14+05:30
pay_00000000000118,order_0000000118,510.00,wallet,captured,2025-11-20T23:02:13+05:30
pay_00000000000119,order_0000000119,2700.99,upi,captured,2025-11-28T14:12:23+05:30
pay_00000000000120,order_0000000120,1074.99,upi,captured,2025-11-21T15:42:46+05:30
pay_00000000000121,order_0000000121,916.00,netbanking,captured,2025-11-07T21:13:13+05:30
pay_00000000000122,order_0000000122,206.81,card,failed,2025-11-17T19:28:23+05:30
pay_00000000000123,order_0000000123,133.67,upi,captured,2025-11-09T20:33:53+05:30
pay_00000000000124,order_0000000124,890.00,upi,captured,2025-11-24T19:13:38+05:30
pay_00000000000125,order_0000000125,291.00,upi,captured,2025-11-17T10:49:57+05:30
pay_00000000000126,order_0000000126,578.99,upi,captured,2025-11-03T15:18:01+05:30
pay_00000000000127,order_0000000127,343.00,card,captured,2025-11-12T06:41:34+05:30
pay_00000000000128,order_0000000128,1633.99,upi,captured,2025-11-10T16:50:06+05:30
pay_00000000000129,order_0000000129,401.00,upi,captured,2025-11-15T12:11:20+05:30
pay_00000000000130,order_0000000130,513.00,upi,captured,2025-11-30T15:47:46+05:30
pay_00000000000131,order_0000000131,244.00,card,captured,2025-11-08T17:10:44+05:30
pay_00000000000132,order_0000000132,607.00,card,captured,2025-11-09T15:15:12+05:30
pay_00000000000133,order_0000000133,853.69,upi,captured,2025-11-04T06:17:33+05:30
pay_00000000000134,order_0000000134,17220.59,netbanking,captured,2025-11-27T06:45:00+05:30
pay_00000000000135,order_0000000135,253.00,upi,captured,2025-11-21T11:05:34+05:30
pay_00000000000136,order_0000000136,591.17,upi,captured,2025-11-11T18:58:12+05:30
pay_00000000000137,order_0000000137,101.00,upi,captured,2025-11-09T23:57:16+05:30
pay_00000000000138,order_0000000138,409.91,netbanking,captured,2025-11-30T10:45:03+05:30
pay_00000000000139,order_0000000139,1072.20,netbanking,captured,2025-11-22T08:41:25+05:30
pay_00000000000140,order_0000000140,2718.00,upi,captured,2025-11-08T07:02:18+05:30
pay_00000000000141,order_0000000141,1799.35,card,captured,2025-11-26T18:52:50+05:30
pay_00000000000142,order_0000000142,8621.00,upi,captured,2025-11-25T15:10:10+05:30
pay_00000000000143,order_0000000143,811.99,upi,captured,2025-11-25T13:35:36+05:30
pay_00000000000144,order_0000000144,908.00,upi,captured,2025-11-18T15:33:44+05:30
pay_00000000000145,order_0000000145,721.00,upi,captured,2025-11-05T08:04:17+05:30
pay_00000000000146,order_0000000146,657.64,wallet,captured,2025-11-09T17:59:35+05:30
pay_00000000000147,order_0000000147,13675.34,card,captured,2025-11-08T23:57:23+05:30
pay_00000000000148,order_0000000148,373.88,wallet,captured,2025-11-06T05:42:45+05:30
pay_00000000000149,order_0000000149,715.71,netbanking,captured,2025-11-30T11:19:37+05:30
pay_00000000000150,order_0000000150,3194.99,upi,captured,2025-11-08T15:26:12+05:30
pay_00000000000151,order_0000000151,1667.00,upi,failed,2025-11-22T15:30:36+05:30
pay_00000000000152,order_0000000152,1617.99,upi,captured,2025-11-30T07:53:06+05:30
pay_00000000000153,order_0000000153,422.99,card,captured,2025-11-10T18:51:30+05:30
pay_00000000000154,order_0000000154,1022.46,upi,captured,2025-11-18T09:11:43+05:30
pay_00000000000155,order_0000000155,797.29,card,captured,2025-11-01T14:35:34+05:30
pay_00000000000156,order_0000000156,2519.90,card,captured,2025-11-03T23:56:17+05:30
pay_00000000000157,order_0000000157,546.97,wallet,captured,2025-11-29T21:52:39+05:30
pay_00000000000158,order_0000000158,124.00,card,captured,2025-11-16T20:56:57+05:30
pay_00000000000159,order_0000000159,638.97,wallet,captured,2025-11-03T13:51:02+05:30
pay_00000000000160,order_0000000160,524.25,upi,captured,2025-11-18T10:16:37+05:30
pay_00000000000161,order_0000000161,157.99,netbanking,captured,2025-11-12T22:51:15+05:30
pay_00000000000162,order_0000000162,614.28,netbanking,captured,2025-11-28T05:17:31+05:30
pay_00000000000163,order_0000000163,1466.99,upi,captured,2025-11-08T20:35:02+05:30
pay_00000000000164,order_0000000164,800.36,netbanking,captured,2025-11-16T23:36:16+05:30
pay_00000000000165,order_0000000165,546.28,wallet,captured,2025-11-24T17:27:24+05:30
pay_00000000000166,order_0000000166,487.34,upi,captured,2025-11-14T22:58:13+05:30
pay_00000000000167,order_0000000167,1053.24,upi,captured,2025-11-09T20:31:41+05:30
pay_00000000000168,order_0000000168,298.00,card,captured,2025-11-10T08:54:26+05:30
pay_00000000000169,order_0000000169,452.18,upi,captured,2025-11-25T12:13:33+05:30
pay_00000000000170,order_0000000170,216.73,upi,captured,2025-11-22T11:25:59+05:30
pay_00000000000171,order_0000000171,1019.84,upi,captured,2025-11-17T21:45:09+05:30
pay_00000000000172,order_0000000172,363.00,upi,captured,2025-11-03T12:01:24+05:30
pay_00000000000173,order_0000000173,504.07,wallet,captured,2025-11-02T14:34:40+05:30
pay_00000000000174,order_0000000174,678.95,upi,captured,2025-11-26T17:57:31+05:30
pay_00000000000175,order_0000000175,2857.00,upi,captured,2025-11-11T17:19:39+05:30
pay_00000000000176,order_0000000176,757.87,upi,captured,2025-11-16T08:32:19+05:30
pay_00000000000177,order_0000000177,609.46,upi,captured,2025-11-06T14:58:06+05:30
pay_00000000000178,order_0000000178,883.00,upi,captured,2025-11-20T14:03:18+05:30
pay_00000000000179,order_0000000179,465.05,upi,captured,2025-11-30T16:43:08+05:30
pay_00000000000180,order_0000000180,17370.99,upi,captured,2025-11-23T06:55:30+05:30
pay_00000000000181,order_0000000181,1064.00,upi,captured,2025-11-14T22:45:27+05:30
pay_00000000000182,order_0000000182,3117.63,card,captured,2025-11-24T22:26:04+05:30
pay_00000000000183,order_0000000183,755.65,card,captured,2025-11-28T12:11:43+05:30
pay_00000000000184,order_0000000184,874.00,upi,captured,2025-11-14T13:03:01+05:30
pay_00000000000185,order_0000000185,3484.39,upi,captured,2025-11-23T02:00:46+05:30
pay_00000000000186,order_0000000186,3060.77,netbanking,failed,2025-11-04T16:01:26+05:30
pay_00000000000187,order_0000000187,869.33,upi,captured,2025-11-14T06:49:45+05:30
pay_00000000000188,order_0000000188,1877.99,wallet,captured,2025-11-24T09:44:10+05:30
pay_00000000000189,order_0000000189,542.00,card,captured,2025-11-08T21:53:24+05:30
pay_00000000000190,order_0000000190,654.14,upi,captured,2025-11-08T20:09:56+05:30
pay_00000000000191,order_0000000191,317.00,upi,captured,2025-11-08T22:36:01+05:30
pay_00000000000192,order_0000000192,431.37,upi,captured,2025-11-28T11:14:54+05:30
pay_00000000000193,order_0000000193,885.88,upi,failed,2025-11-05T22:00:45+05:30
pay_00000000000194,order_0000000194,216.65,card,captured,2025-11-02T13:08:20+05:30
pay_00000000000195,order_0000000195,552.79,upi,captured,2025-11-04T00:13:44+05:30
pay_00000000000196,order_0000000196,893.99,upi,captured,2025-11-17T20:22:05+05:30
pay_00000000000197,order_0000000197,173.00,card,captured,2025-11-23T16:13:26+05:30
pay_00000000000198,order_0000000198,517.99,upi,captured,2025-11-20T06:56:15+05:30
pay_00000000000199,order_0000000199,116.00,upi,captured,2025-11-23T23:21:54+05:30
pay_00000000000200,order_0000000200,782.58,upi,captured,2025-11-21T14:30:19+05:30
pay_00000000000201,order_0000000201,1781.39,card,captured,2025-11-13T18:13:31+05:30
pay_00000000000202,order_0000000202,3594.74,wallet,captured,2025-11-20T13:29:52+05:30
pay_00000000000203,order_0000000203,193.65,upi,captured,2025-11-23T05:33:46+05:30
pay_00000000000204,order_0000000204,362.00,upi,captured,2025-11-14T11:52:00+05:30
pay_00000000000205,order_0000000205,871.55,netbanking,captured,2025-11-06T08:33:56+05:30
pay_00000000000206,order_0000000206,280.73,card,captured,2025-11-11T18:51:26+05:30
pay_00000000000207,order_0000000207,564.14,wallet,captured,2025-11-08T18:50:20+05:30
pay_00000000000208,order_0000000208,330.97,upi,captured,2025-11-04T22:21:45+05:30
pay_00000000000209,order_0000000209,3285.99,wallet,failed,2025-11-05T23:47:54+05:30
pay_00000000000210,order_0000000210,783.81,wallet,captured,2025-11-05T18:05:47+05:30
pay_00000000000211,order_0000000211,874.99,card,captured,2025-11-23T18:07:10+05:30
pay_00000000000212,order_0000000212,809.00,upi,captured,2025-11-12T20:58:11+05:30
pay_00000000000213,order_0000000213,874.00,netbanking,captured,2025-11-11T22:28:49+05:30
pay_00000000000214,order_0000000214,686.00,card,captured,2025-11-05T15:03:35+05:30
pay_00000000000215,order_0000000215,447.00,upi,captured,2025-11-07T10:03:48+05:30
pay_00000000000216,order_0000000216,169.00,netbanking,captured,2025-11-24T21:32:33+05:30
pay_00000000000217,order_0000000217,721.17,upi,captured,2025-11-03T13:54:12+05:30
pay_00000000000218,order_0000000218,1047.67,netbanking,captured,2025-11-10T12:14:12+05:30
pay_00000000000219,order_0000000219,186.75,upi,captured,2025-11-22T10:28:27+05:30
pay_00000000000220,order_0000000220,3023.51,card,captured,2025-11-14T16:06:57+05:30
pay_00000000000221,order_0000000221,856.00,card,captured,2025-11-11T18:48:34+05:30
pay_00000000000222,order_0000000222,2759.00,upi,captured,2025-11-05T15:33:20+05:30
pay_00000000000223,order_0000000223,1409.02,upi,captured,2025-11-01T12:33:24+05:30
pay_00000000000224,order_0000000224,742.48,card,captured,2025-11-16T00:23:41+05:30
pay_00000000000225,order_0000000225,7586.45,upi,captured,2025-11-18T17:56:02+05:30
pay_00000000000226,order_0000000226,418.30,netbanking,captured,2025-11-02T08:39:01+05:30
pay_00000000000227,order_0000000227,387.48,upi,captured,2025-11-04T19:09:36+05:30
pay_00000000000228,order_0000000228,494.29,upi,captured,2025-11-12T06:12:05+05:30
pay_00000000000229,order_0000000229,1021.30,wallet,failed,2025-11-10T16:24:56+05:30
pay_00000000000230,order_0000000230,543.36,upi,captured,2025-11-30T23:44:47+05:30
pay_00000000000231,order_0000000231,518.44,upi,captured,2025-11-17T14:58:46+05:30
pay_00000000000232,order_0000000232,185.56,netbanking,captured,2025-11-03T14:52:09+05:30
pay_00000000000233,order_0000000233,542.02,card,captured,2025-11-23T17:36:07+05:30
pay_00000000000234,order_0000000234,1605.99,upi,failed,2025-11-04T21:50:54+05:30
pay_00000000000235,order_0000000235,229.74,card,captured,2025-11-03T13:02:11+05:30
pay_00000000000236,order_0000000236,1705.00,upi,captured,2025-11-29T06:24:36+05:30
pay_00000000000237,order_0000000237,257.14,upi,captured,2025-11-10T23:55:47+05:30
pay_00000000000238,order_0000000238,3272.00,upi,captured,2025-11-17T05:47:32+05:30
pay_00000000000239,order_0000000239,876.99,upi,captured,2025-11-19T18:21:16+05:30
pay_00000000000240,order_0000000240,1024.71,upi,captured,2025-11-23T09:01:22+05:30
pay_00000000000241,order_0000000241,787.10,upi,captured,2025-11-25T09:04:55+05:30
pay_00000000000242,order_0000000242,272.00,upi,captured,2025-11-30T20:15:20+05:30
pay_00000000000243,order_0000000243,393.44,card,captured,2025-11-16T12:06:33+05:30
pay_00000000000244,order_0000000244,1363.00,wallet,captured,2025-11-24T17:07:05+05:30
pay_00000000000245,order_0000000245,209.00,upi,captured,2025-11-13T06:57:51+05:30
pay_00000000000246,order_0000000246,396.15,card,captured,2025-11-17T15:51:56+05:30
pay_00000000000247,order_0000000247,9973.87,card,captured,2025-11-20T18:01:37+05:30
pay_00000000000248,order_0000000248,721.00,upi,captured,2025-11-25T20:32:59+05:30
pay_00000000000249,order_0000000249,199.02,upi,failed,2025-11-29T07:48:38+05:30
pay_00000000000250,order_0000000250,651.67,upi,captured,2025-11-17T00:17:18+05:30
pay_00000000000251,order_0000000251,926.50,upi,captured,2025-11-08T10:36:57+05:30
pay_00000000000252,order_0000000252,130.00,upi,captured,2025-11-27T06:23:00+05:30
pay_00000000000253,order_0000000253,216.00,netbanking,captured,2025-11-18T14:52:02+05:30
pay_00000000000254,order_0000000254,869.38,netbanking,captured,2025-11-16T23:43:13+05:30
pay_00000000000255,order_0000000255,130.00,upi,captured,2025-11-03T12:37:21+05:30
pay_00000000000256,order_0000000256,1163.47,card,captured,2025-11-17T09:13:49+05:30
pay_00000000000257,order_0000000257,536.00,wallet,captured,2025-11-23T19:56:56+05:30
pay_00000000000258,order_0000000258,979.99,upi,captured,2025-11-10T22:58:15+05:30
pay_00000000000259,order_0000000259,712.53,card,captured,2025-11-06T12:02:18+05:30
pay_00000000000260,order_0000000260,326.81,card,captured,2025-11-05T11:48:17+05:30
pay_00000000000261,order_0000000261,192.00,upi,captured,2025-11-03T16:29:13+05:30
pay_00000000000262,order_0000000262,850.99,card,captured,2025-11-11T20:12:30+05:30
pay_00000000000263,order_0000000263,915.99,upi,captured,2025-11-12T06:09:30+05:30
pay_00000000000264,order_0000000264,106.99,upi,captured,2025-11-14T10:23:20+05:30
pay_00000000000265,order_0000000265,645.00,upi,captured,2025-11-12T10:44:34+05:30
pay_00000000000266,order_0000000266,1346.00,card,captured,2025-11-11T05:07:46+05:30
pay_00000000000267,order_0000000267,581.68,upi,captured,2025-11-05T21:05:19+05:30
pay_00000000000268,order_0000000268,331.25,upi,captured,2025-11-30T15:49:27+05:30
pay_00000000000269,order_0000000269,326.40,card,captured,2025-11-05T22:24:42+05:30
pay_00000000000270,order_0000000270,164.25,upi,captured,2025-11-24T14:14:10+05:30
pay_00000000000271,order_0000000271,142.99,upi,captured,2025-11-20T13:56:44+05:30
pay_00000000000272,order_0000000272,442.56,card,captured,2025-11-02T19:01:33+05:30
pay_00000000000273,order_0000000273,9332.10,netbanking,captured,2025-11-08T00:40:55+05:30
pay_00000000000274,order_0000000274,2711.00,card,captured,2025-11-27T20:55:32+05:30
pay_00000000000275,order_0000000275,271.99,card,captured,2025-11-04T13:54:49+05:30
pay_00000000000276,order_0000000276,884.00,netbanking,captured,2025-11-05T07:15:48+05:30
pay_00000000000277,order_0000000277,782.28,upi,captured,2025-11-13T16:27:35+05:30
pay_00000000000278,order_0000000278,736.66,wallet,captured,2025-11-03T08:38:39+05:30
pay_00000000000279,order_0000000279,808.99,upi,captured,2025-11-04T13:36:41+05:30
pay_00000000000280,order_0000000280,1930.93,wallet,captured,2025-11-07T13:14:56+05:30
pay_00000000000281,order_0000000281,466.00,upi,captured,2025-11-15T07:11:07+05:30
pay_00000000000282,order_0000000282,248.78,card,captured,2025-11-15T19:24:54+05:30
pay_00000000000283,order_0000000283,323.96,netbanking,captured,2025-11-06T12:34:29+05:30
pay_00000000000284,order_0000000284,804.50,card,captured,2025-11-18T17:29:35+05:30
pay_00000000000285,order_0000000285,108.15,upi,captured,2025-11-16T23:08:15+05:30
pay_00000000000286,order_0000000286,380.00,upi,captured,2025-11-24T05:16:24+05:30
pay_00000000000287,order_0000000287,372.52,upi,captured,2025-11-25T12:02:59+05:30
pay_00000000000288,order_0000000288,395.99,upi,captured,2025-11-08T09:21:50+05:30
pay_00000000000289,order_0000000289,1038.99,card,captured,2025-11-15T12:56:23+05:30
pay_00000000000290,order_0000000290,473.76,upi,captured,2025-11-20T13:43:44+05:30
pay_00000000000291,order_0000000291,1526.74,upi,captured,2025-11-21T16:31:37+05:30
pay_00000000000292,order_0000000292,488.99,card,captured,2025-11-01T15:34:53+05:30
pay_00000000000293,order_0000000293,997.00,card,captured,2025-11-24T16:18:35+05:30
pay_00000000000294,order_0000000294,1069.00,upi,captured,2025-11-07T14:32:10+05:30
pay_00000000000295,order_0000000295,3076.50,upi,captured,2025-11-24T22:42:58+05:30
pay_00000000000296,order_0000000296,384.64,upi,captured,2025-11-17T23:41:30+05:30
pay_00000000000297,order_0000000297,248.92,netbanking,captured,2025-11-26T20:36:08+05:30
pay_00000000000298,order_0000000298,1622.99,upi,captured,2025-11-02T16:22:05+05:30
pay_00000000000299,order_0000000299,493.00,card,captured,2025-11-25T19:33:48+05:30
pay_00000000000300,order_0000000300,2263.64,card,captured,2025-11-20T13:28:43+05:30
pay_00000000000301,order_0000000301,569.11,upi,captured,2025-11-21T13:15:35+05:30
pay_00000000000302,order_0000000302,732.35,card,captured,2025-11-28T22:55:02+05:30
pay_00000000000303,order_0000000303,411.99,card,captured,2025-11-05T20:41:10+05:30
pay_00000000000304,order_0000000304,535.00,netbanking,captured,2025-11-14T21:55:13+05:30
pay_00000000000305,order_0000000305,2478.00,upi,captured,2025-11-09T16:48:27+05:30
pay_00000000000306,order_0000000306,2786.48,upi,captured,2025-11-29T11:57:24+05:30
pay_00000000000307,order_0000000307,202.00,upi,failed,2025-11-01T21:24:11+05:30
pay_00000000000308,order_0000000308,477.99,card,captured,2025-11-30T05:35:07+05:30
pay_00000000000309,order_0000000309,689.74,card,captured,2025-11-08T06:25:54+05:30
pay_00000000000310,order_0000000310,944.99,upi,captured,2025-11-07T21:39:15+05:30
pay_00000000000311,order_0000000311,622.51,upi,captured,2025-11-07T20:10:52+05:30
pay_00000000000312,order_0000000312,508.31,wallet,captured,2025-11-06T01:36:18+05:30
pay_00000000000313,order_0000000313,957.47,wallet,captured,2025-11-20T03:14:17+05:30
pay_00000000000314,order_0000000314,781.00,card,captured,2025-11-28T18:33:13+05:30
pay_00000000000315,order_0000000315,907.99,wallet,captured,2025-11-23T10:42:23+05:30
pay_00000000000316,order_0000000316,2053.99,netbanking,captured,2025-11-09T16:09:00+05:30
pay_00000000000317,order_0000000317,278.99,upi,captured,2025-11-27T20:47:23+05:30
pay_00000000000318,order_0000000318,666.00,card,captured,2025-11-21T07:39:36+05:30
pay_00000000000319,order_0000000319,329.99,card,captured,2025-11-03T14:36:20+05:30
pay_00000000000320,order_0000000320,3312.02,card,captured,2025-11-03T21:20:07+05:30
pay_00000000000321,order_0000000321,1000.16,upi,captured,2025-11-15T23:46:56+05:30
pay_00000000000322,order_0000000322,825.00,upi,captured,2025-11-13T06:26:44+05:30
pay_00000000000323,order_0000000323,309.76,upi,failed,2025-11-25T07:17:01+05:30
pay_00000000000324,order_0000000324,264.93,upi,captured,2025-11-06T00:41:30+05:30
pay_00000000000325,order_0000000325,3523.99,upi,captured,2025-11-01T23:45:50+05:30
pay_00000000000326,order_0000000326,375.79,card,captured,2025-11-03T06:39:58+05:30
pay_00000000000327,order_0000000327,486.00,upi,failed,2025-11-01T22:21:44+05:30
pay_00000000000328,order_0000000328,771.69,wallet,captured,2025-11-28T13:08:31+05:30
pay_00000000000329,order_0000000329,840.98,upi,captured,2025-11-15T18:03:23+05:30
pay_00000000000330,order_0000000330,1038.99,upi,captured,2025-11-24T06:09:24+05:30
pay_00000000000331,order_0000000331,633.53,upi,captured,2025-11-17T15:09:20+05:30
pay_00000000000332,order_0000000332,320.45,upi,captured,2025-11-05T08:45:13+05:30
pay_00000000000333,order_0000000333,289.46,upi,captured,2025-11-26T06:27:32+05:30
pay_00000000000334,order_0000000334,653.99,upi,captured,2025-11-18T18:33:28+05:30
pay_00000000000335,order_0000000335,3524.99,card,captured,2025-11-08T11:08:27+05:30
pay_00000000000336,order_0000000336,385.98,upi,captured,2025-11-17T20:48:35+05:30
pay_00000000000337,order_0000000337,674.28,upi,captured,2025-11-27T20:05:26+05:30
pay_00000000000338,order_0000000338,219.79,upi,captured,2025-11-05T16:11:44+05:30
pay_00000000000339,order_0000000339,1020.99,card,captured,2025-11-10T23:00:10+05:30
pay_00000000000340,order_0000000340,671.08,card,captured,2025-11-13T16:39:29+05:30
pay_00000000000341,order_0000000341,1042.78,card,captured,2025-11-04T20:12:32+05:30
pay_00000000000342,order_0000000342,1546.99,upi,captured,2025-11-03T10:00:23+05:30
pay_00000000000343,order_0000000343,105.00,upi,captured,2025-11-24T14:57:28+05:30
pay_00000000000344,order_0000000344,2336.55,card,captured,2025-11-17T10:05:05+05:30
pay_00000000000345,order_0000000345,749.18,card,captured,2025-11-11T14:09:00+05:30
pay_00000000000346,order_0000000346,408.08,card,captured,2025-11-29T03:38:57+05:30
pay_00000000000347,order_0000000347,536.65,wallet,captured,2025-11-25T05:25:09+05:30
pay_00000000000348,order_0000000348,2185.29,wallet,captured,2025-11-15T07:46:40+05:30
pay_00000000000349,order_0000000349,2103.00,card,captured,2025-11-11T20:16:32+05:30
pay_00000000000350,order_0000000350,648.98,upi,captured,2025-11-06T23:52:12+05:30
pay_00000000000351,order_0000000351,106.00,upi,captured,2025-11-12T09:15:37+05:30
pay_00000000000352,order_0000000352,926.99,card,captured,2025-11-10T19:38:28+05:30
pay_00000000000353,order_0000000353,581.00,upi,captured,2025-11-19T12:48:05+05:30
pay_00000000000354,order_0000000354,152.03,upi,failed,2025-11-11T15:46:50+05:30
pay_00000000000355,order_0000000355,725.50,netbanking,captured,2025-11-19T10:01:43+05:30
pay_00000000000356,order_0000000356,401.90,upi,failed,2025-11-02T13:54:22+05:30
pay_00000000000357,order_0000000357,373.99,upi,captured,2025-11-28T10:01:37+05:30
pay_00000000000358,order_0000000358,430.00,upi,failed,2025-11-25T06:15:52+05:30
pay_00000000000359,order_0000000359,333.58,card,captured,2025-11-15T06:46:00+05:30
pay_00000000000360,order_0000000360,1474.65,card,captured,2025-11-06T20:12:25+05:30
pay_00000000000361,order_0000000361,984.00,upi,captured,2025-11-02T13:30:42+05:30
pay_00000000000362,order_0000000362,1025.53,card,captured,2025-11-10T15:37:50+05:30
pay_00000000000363,order_0000000363,413.21,upi,captured,2025-11-05T21:40:07+05:30
pay_00000000000364,order_0000000364,796.60,upi,captured,2025-11-29T10:54:22+05:30
pay_00000000000365,order_0000000365,140.00,upi,captured,2025-11-15T15:04:00+05:30
pay_00000000000366,order_0000000366,525.00,wallet,captured,2025-11-21T07:01:06+05:30
pay_00000000000367,order_0000000367,227.96,wallet,captured,2025-11-08T23:51:15+05:30
pay_00000000000368,order_0000000368,474.96,netbanking,captured,2025-11-17T17:35:49+05:30
pay_00000000000369,order_0000000369,108.44,upi,captured,2025-11-15T13:51:21+05:30
pay_00000000000370,order_0000000370,2792.25,upi,captured,2025-11-16T17:26:16+05:30
pay_00000000000371,order_0000000371,1027.87,upi,captured,2025-11-10T04:51:23+05:30
pay_00000000000372,order_0000000372,679.89,card,captured,2025-11-06T11:18:35+05:30
pay_00000000000373,order_0000000373,414.66,netbanking,captured,2025-11-15T18:37:04+05:30
pay_00000000000374,order_0000000374,971.99,wallet,captured,2025-11-20T23:09:48+05:30
pay_00000000000375,order_0000000375,693.99,upi,captured,2025-11-05T09:59:37+05:30
pay_00000000000376,order_0000000376,120.00,card,failed,2025-11-28T18:49:25+05:30
pay_00000000000377,order_0000000377,2022.00,upi,captured,2025-11-17T23:41:41+05:30
pay_00000000000378,order_0000000378,1950.21,card,captured,2025-11-18T16:22:09+05:30
pay_00000000000379,order_0000000379,1244.00,wallet,captured,2025-11-02T16:44:09+05:30
pay_00000000000380,order_0000000380,2256.96,upi,captured,2025-11-08T22:32:11+05:30
pay_00000000000381,order_0000000381,1044.99,upi,captured,2025-11-26T09:48:29+05:30
pay_00000000000382,order_0000000382,13690.00,upi,captured,2025-11-27T09:12:47+05:30
pay_00000000000383,order_0000000383,1057.96,card,captured,2025-11-10T05:23:35+05:30
pay_00000000000384,order_0000000384,197.99,card,captured,2025-11-29T23:23:57+05:30
pay_00000000000385,order_0000000385,1920.99,upi,captured,2025-11-28T08:55:13+05:30
pay_00000000000386,order_0000000386,520.27,upi,captured,2025-11-21T23:23:30+05:30
pay_00000000000387,order_0000000387,3022.13,upi,captured,2025-11-20T16:03:50+05:30
pay_00000000000388,order_0000000388,599.95,wallet,captured,2025-11-19T21:10:57+05:30
pay_00000000000389,order_0000000389,3278.99,netbanking,captured,2025-11-13T11:10:19+05:30
pay_00000000000390,order_0000000390,341.73,card,captured,2025-11-24T16:04:07+05:30
pay_00000000000391,order_0000000391,376.00,card,captured,2025-11-23T21:04:09+05:30
pay_00000000000392,order_0000000392,903.99,upi,captured,2025-11-24T23:34:43+05:30
pay_00000000000393,order_0000000393,383.99,upi,captured,2025-11-22T02:42:41+05:30
pay_00000000000394,order_0000000394,3573.00,netbanking,captured,2025-11-01T06:44:14+05:30
pay_00000000000395,order_0000000395,903.68,upi,captured,2025-11-22T13:12:02+05:30
pay_00000000000396,order_0000000396,1072.00,card,captured,2025-11-06T23:55:51+05:30
pay_00000000000397,order_0000000397,577.22,wallet,captured,2025-11-25T09:27:10+05:30
pay_00000000000398,order_0000000398,864.00,upi,failed,2025-11-14T00:51:51+05:30
pay_00000000000399,order_0000000399,3058.73,card,captured,2025-11-12T09:47:09+05:30
pay_00000000000400,order_0000000400,362.00,upi,captured,2025-11-04T13:06:03+05:30
pay_00000000000401,order_0000000401,524.30,netbanking,captured,2025-11-21T18:48:01+05:30
pay_00000000000402,order_0000000402,874.91,upi,failed,2025-11-02T19:52:04+05:30
pay_00000000000403,order_0000000403,749.00,upi,captured,2025-11-11T23:04:18+05:30
pay_00000000000404,order_0000000404,728.00,wallet,captured,2025-11-01T04:02:51+05:30
pay_00000000000405,order_0000000405,177.76,wallet,captured,2025-11-18T04:19:12+05:30
pay_00000000000406,order_0000000406,432.64,upi,captured,2025-11-13T12:32:17+05:30
pay_00000000000407,order_0000000407,961.35,card,captured,2025-11-01T08:23:26+05:30
pay_00000000000408,order_0000000408,857.47,card,captured,2025-11-26T16:12:32+05:30
pay_00000000000409,order_0000000409,873.00,upi,captured,2025-11-01T10:14:45+05:30
pay_00000000000410,order_0000000410,983.81,card,captured,2025-11-06T17:23:18+05:30
pay_00000000000411,order_0000000411,294.40,upi,captured,2025-11-19T10:27:30+05:30
pay_00000000000412,order_0000000412,910.16,card,captured,2025-11-19T10:13:47+05:30
pay_00000000000413,order_0000000413,445.84,card,captured,2025-11-22T18:58:13+05:30
pay_00000000000414,order_0000000414,486.93,wallet,captured,2025-11-05T21:40:59+05:30
pay_00000000000415,order_0000000415,545.20,upi,captured,2025-11-09T16:30:11+05:30
pay_00000000000416,order_0000000416,606.21,upi,captured,2025-11-22T21:39:28+05:30
pay_00000000000417,order_0000000417,245.99,upi,captured,2025-11-17T05:38:12+05:30
pay_00000000000418,order_0000000418,659.99,card,captured,2025-11-16T18:53:00+05:30
pay_00000000000419,order_0000000419,266.00,upi,captured,2025-11-03T05:37:44+05:30
pay_00000000000420,order_0000000420,211.98,wallet,captured,2025-11-03T19:06:16+05:30
pay_00000000000421,order_0000000421,1826.09,upi,captured,2025-11-25T12:14:42+05:30
pay_00000000000422,order_0000000422,724.00,upi,captured,2025-11-05T18:34:50+05:30
pay_00000000000423,order_0000000423,880.05,upi,captured,2025-11-18T14:51:45+05:30
pay_00000000000424,order_0000000424,753.93,upi,captured,2025-11-18T13:41:00+05:30
pay_00000000000425,order_0000000425,1026.00,netbanking,captured,2025-11-02T07:33:36+05:30
pay_00000000000426,order_0000000426,14472.00,card,captured,2025-11-16T23:47:03+05:30
pay_00000000000427,order_0000000427,14286.85,upi,captured,2025-11-12T16:32:34+05:30
pay_00000000000428,order_0000000428,3455.89,wallet,captured,2025-11-12T01:08:28+05:30
pay_00000000000429,order_0000000429,1175.99,card,captured,2025-11-07T10:48:03+05:30
pay_00000000000430,order_0000000430,469.99,upi,captured,2025-11-16T21:32:50+05:30
pay_00000000000431,order_0000000431,789.80,upi,captured,2025-11-18T13:26:29+05:30
pay_00000000000432,order_0000000432,2554.00,upi,captured,2025-11-13T11:42:08+05:30
pay_00000000000433,order_0000000433,2497.99,upi,captured,2025-11-28T14:16:16+05:30
pay_00000000000434,order_0000000434,172.40,card,captured,2025-11-14T22:52:12+05:30
pay_00000000000435,order_0000000435,191.99,upi,captured,2025-11-13T09:49:37+05:30
pay_00000000000436,order_0000000436,251.69,upi,captured,2025-11-28T12:46:59+05:30
pay_00000000000437,order_0000000437,510.00,upi,captured,2025-11-30T16:39:07+05:30
pay_00000000000438,order_0000000438,692.36,wallet,captured,2025-11-23T01:11:24+05:30
pay_00000000000439,order_0000000439,733.21,card,failed,2025-11-01T17:58:07+05:30
pay_00000000000440,order_0000000440,894.29,upi,captured,2025-11-27T11:35:55+05:30
pay_00000000000441,order_0000000441,618.00,card,captured,2025-11-08T12:37:15+05:30
pay_00000000000442,order_0000000442,735.00,card,captured,2025-11-12T15:47:13+05:30
pay_00000000000443,order_0000000443,677.54,upi,captured,2025-11-01T11:05:06+05:30
pay_00000000000444,order_0000000444,146.38,card,captured,2025-11-18T17:05:12+05:30
pay_00000000000445,order_0000000445,1962.00,card,captured,2025-11-29T23:29:21+05:30
pay_00000000000446,order_0000000446,680.99,netbanking,captured,2025-11-20T15:05:02+05:30
pay_00000000000447,order_0000000447,2699.99,netbanking,captured,2025-11-16T17:00:47+05:30
pay_00000000000448,order_0000000448,3259.00,upi,captured,2025-11-17T23:32:11+05:30
pay_00000000000449,order_0000000449,2748.99,upi,captured,2025-11-29T16:11:06+05:30
pay_00000000000450,order_0000000450,845.99,upi,captured,2025-11-06T15:07:04+05:30
pay_00000000000451,order_0000000451,3183.00,wallet,captured,2025-11-04T11:33:39+05:30
pay_00000000000452,order_0000000452,750.00,upi,captured,2025-11-14T10:43:23+05:30
pay_00000000000453,order_0000000453,228.51,netbanking,captured,2025-11-25T07:01:22+05:30
pay_00000000000454,order_0000000454,2427.00,netbanking,captured,2025-11-08T15:49:52+05:30
pay_00000000000455,order_0000000455,367.40,card,captured,2025-11-25T13:19:29+05:30
pay_00000000000456,order_0000000456,1024.00,upi,captured,2025-11-12T02:04:53+05:30
pay_00000000000457,order_0000000457,1209.00,upi,captured,2025-11-27T10:05:09+05:30
pay_00000000000458,order_0000000458,230.68,wallet,captured,2025-11-26T14:37:13+05:30
pay_00000000000459,order_0000000459,120.00,upi,captured,2025-11-29T18:36:08+05:30
pay_00000000000460,order_0000000460,230.23,upi,captured,2025-11-04T14:13:09+05:30
pay_00000000000461,order_0000000461,1767.79,upi,captured,2025-11-08T20:56:27+05:30
pay_00000000000462,order_0000000462,1582.99,upi,captured,2025-11-22T22:29:41+05:30
pay_00000000000463,order_0000000463,974.99,upi,captured,2025-11-03T22:57:39+05:30
pay_00000000000464,order_0000000464,132.00,card,captured,2025-11-05T22:27:14+05:30
pay_00000000000465,order_0000000465,1012.19,card,captured,2025-11-29T16:16:24+05:30
pay_00000000000466,order_0000000466,1348.99,netbanking,captured,2025-11-11T17:40:21+05:30
pay_00000000000467,order_0000000467,153.00,card,captured,2025-11-06T15:37:55+05:30
pay_00000000000468,order_0000000468,545.00,upi,captured,2025-11-19T07:31:37+05:30
pay_00000000000469,order_0000000469,2881.00,netbanking,captured,2025-11-29T22:14:18+05:30
pay_00000000000470,order_0000000470,139.89,upi,captured,2025-11-22T15:40:37+05:30
pay_00000000000471,order_0000000471,741.28,card,captured,2025-11-04T05:49:41+05:30
pay_00000000000472,order_0000000472,927.99,card,failed,2025-11-11T15:31:46+05:30
pay_00000000000473,order_0000000473,1031.77,upi,captured,2025-11-16T08:16:28+05:30
pay_00000000000474,order_0000000474,700.99,wallet,captured,2025-11-02T14:58:03+05:30
pay_00000000000475,order_0000000475,805.47,card,captured,2025-11-01T22:37:06+05:30
pay_00000000000476,order_0000000476,423.82,upi,captured,2025-11-17T02:01:46+05:30
pay_00000000000477,order_0000000477,2747.90,upi,captured,2025-11-08T10:29:42+05:30
pay_00000000000478,order_0000000478,313.99,upi,captured,2025-11-13T17:23:40+05:30
pay_00000000000479,order_0000000479,3222.79,upi,captured,2025-11-11T13:11:16+05:30
pay_00000000000480,order_0000000480,127.00,card,captured,2025-11-23T06:11:21+05:30
pay_00000000000481,order_0000000481,811.04,upi,captured,2025-11-11T16:45:55+05:30
pay_00000000000482,order_0000000482,632.59,upi,captured,2025-11-07T01:08:28+05:30
pay_00000000000483,order_0000000483,536.43,card,captured,2025-11-19T22:08:27+05:30
pay_00000000000484,order_0000000484,340.00,upi,captured,2025-11-18T13:53:29+05:30
pay_00000000000485,order_0000000485,1944.50,upi,captured,2025-11-17T11:53:29+05:30
pay_00000000000486,order_0000000486,2060.99,wallet,captured,2025-11-29T10:59:46+05:30
pay_00000000000487,order_0000000487,6700.00,upi,captured,2025-11-03T08:05:06+05:30
pay_00000000000488,order_0000000488,813.01,upi,captured,2025-11-17T17:51:02+05:30
pay_00000000000489,order_0000000489,515.99,upi,captured,2025-11-12T14:49:56+05:30
pay_00000000000490,order_0000000490,894.00,upi,captured,2025-11-13T07:52:32+05:30
pay_00000000000491,order_0000000491,2123.99,card,captured,2025-11-27T06:27:45+05:30
pay_00000000000492,order_0000000492,123.99,card,captured,2025-11-16T18:21:41+05:30
pay_00000000000493,order_0000000493,793.00,card,captured,2025-11-09T05:40:24+05:30
pay_00000000000494,order_0000000494,419.85,upi,captured,2025-11-13T12:06:55+05:30
pay_00000000000495,order_0000000495,329.48,upi,captured,2025-11-18T11:28:01+05:30
pay_00000000000496,order_0000000496,1771.00,netbanking,captured,2025-11-20T21:28:48+05:30
pay_00000000000497,order_0000000497,1350.65,upi,captured,2025-11-12T18:05:52+05:30
pay_00000000000498,order_0000000498,469.99,upi,captured,2025-11-30T13:13:08+05:30
pay_00000000000499,order_0000000499,660.99,upi,captured,2025-11-01T06:48:20+05:30
pay_00000000000500,order_0000000500,1022.00,upi,captured,2025-11-27T20:56:20+05:30
pay_00000000000501,order_0000000501,709.70,netbanking,captured,2025-11-27T17:44:18+05:30
pay_00000000000502,order_0000000502,2958.01,card,captured,2025-11-09T13:47:32+05:30
pay_00000000000503,order_0000000503,591.61,upi,captured,2025-11-05T18:11:52+05:30
pay_00000000000504,order_0000000504,192.00,card,captured,2025-11-15T16:49:17+05:30
pay_00000000000505,order_0000000505,658.44,upi,captured,2025-11-04T15:43:36+05:30
pay_00000000000506,order_0000000506,860.06,upi,captured,2025-11-04T22:00:08+05:30
pay_00000000000507,order_0000000507,1045.00,card,captured,2025-11-22T13:37:47+05:30
pay_00000000000508,order_0000000508,1813.00,upi,captured,2025-11-02T14:24:35+05:30
pay_00000000000509,order_0000000509,2553.94,wallet,captured,2025-11-03T04:18:13+05:30
pay_00000000000510,order_0000000510,727.90,upi,captured,2025-11-06T06:27:09+05:30
pay_00000000000511,order_0000000511,478.98,upi,captured,2025-11-14T11:07:22+05:30
pay_00000000000512,order_0000000512,117.84,card,captured,2025-11-27T22:47:19+05:30
pay_00000000000513,order_0000000513,683.73,card,captured,2025-11-21T06:57:20+05:30
pay_00000000000514,order_0000000514,814.39,upi,captured,2025-11-10T23:12:53+05:30
pay_00000000000515,order_0000000515,15717.99,upi,captured,2025-11-16T15:58:17+05:30
pay_00000000000516,order_0000000516,1857.00,upi,captured,2025-11-28T13:51:11+05:30
pay_00000000000517,order_0000000517,802.99,netbanking,captured,2025-11-02T14:53:18+05:30
pay_00000000000518,order_0000000518,236.02,upi,captured,2025-11-07T05:26:12+05:30
pay_00000000000519,order_0000000519,2684.99,wallet,captured,2025-11-04T22:48:24+05:30
pay_00000000000520,order_0000000520,517.68,upi,failed,2025-11-14T18:19:00+05:30
pay_00000000000521,order_0000000521,999.53,upi,captured,2025-11-27T20:15:20+05:30
pay_00000000000522,order_0000000522,843.00,wallet,captured,2025-11-04T14:05:51+05:30
pay_00000000000523,order_0000000523,11903.00,upi,captured,2025-11-08T07:18:38+05:30
pay_00000000000524,order_0000000524,378.48,upi,captured,2025-11-12T16:37:05+05:30
pay_00000000000525,order_0000000525,1034.91,upi,captured,2025-11-07T00:00:41+05:30
pay_00000000000526,order_0000000526,2863.19,upi,captured,2025-11-27T12:08:45+05:30
pay_00000000000527,order_0000000527,277.06,upi,captured,2025-11-10T00:26:00+05:30
pay_00000000000528,order_0000000528,686.86,netbanking,captured,2025-11-13T17:56:37+05:30
pay_00000000000529,order_0000000529,639.00,netbanking,captured,2025-11-20T13:42:59+05:30
pay_00000000000530,order_0000000530,804.77,wallet,captured,2025-11-12T13:07:54+05:30
pay_00000000000531,order_0000000531,861.78,upi,captured,2025-11-12T20:34:11+05:30
pay_00000000000532,order_0000000532,2487.08,upi,captured,2025-11-05T14:46:20+05:30
pay_00000000000533,order_0000000533,647.99,upi,captured,2025-11-17T17:11:10+05:30
pay_00000000000534,order_0000000534,2913.85,upi,captured,2025-11-05T21:09:31+05:30
pay_00000000000535,order_0000000535,2399.93,upi,captured,2025-11-09T14:21:02+05:30
pay_00000000000536,order_0000000536,2345.93,card,captured,2025-11-03T23:41:45+05:30
pay_00000000000537,order_0000000537,434.00,card,captured,2025-11-24T15:25:54+05:30
pay_00000000000538,order_0000000538,552.12,wallet,captured,2025-11-05T13:59:15+05:30
pay_00000000000539,order_0000000539,943.66,upi,captured,2025-11-13T08:07:03+05:30
pay_00000000000540,order_0000000540,976.00,netbanking,captured,2025-11-22T17:10:19+05:30
pay_00000000000541,order_0000000541,1066.61,wallet,captured,2025-11-18T08:40:41+05:30
pay_00000000000542,order_0000000542,1160.00,card,captured,2025-11-08T15:17:32+05:30
pay_00000000000543,order_0000000543,979.47,upi,captured,2025-11-22T07:35:32+05:30
pay_00000000000544,order_0000000544,12032.99,wallet,captured,2025-11-30T20:11:04+05:30
pay_00000000000545,order_0000000545,964.36,card,captured,2025-11-20T12:37:10+05:30
pay_00000000000546,order_0000000546,131.99,upi,failed,2025-11-13T17:01:42+05:30
pay_00000000000547,order_0000000547,472.00,card,captured,2025-11-13T15:01:53+05:30
pay_00000000000548,order_0000000548,546.80,card,captured,2025-11-02T23:39:07+05:30
pay_00000000000549,order_0000000549,778.01,card,captured,2025-11-07T15:35:15+05:30
pay_00000000000550,order_0000000550,356.00,upi,captured,2025-11-22T10:09:13+05:30
pay_00000000000551,order_0000000551,967.99,wallet,captured,2025-11-11T07:05:03+05:30
pay_00000000000552,order_0000000552,869.91,netbanking,captured,2025-11-25T13:45:06+05:30
pay_00000000000553,order_0000000553,982.99,wallet,failed,2025-11-15T11:48:04+05:30
pay_00000000000554,order_0000000554,449.99,upi,captured,2025-11-08T19:01:34+05:30
pay_00000000000555,order_0000000555,837.11,netbanking,captured,2025-11-14T19:43:56+05:30
pay_00000000000556,order_0000000556,14592.80,upi,captured,2025-11-30T03:38:41+05:30
pay_00000000000557,order_0000000557,1862.63,upi,captured,2025-11-13T01:19:49+05:30
pay_00000000000558,order_0000000558,493.10,upi,captured,2025-11-03T09:44:50+05:30
pay_00000000000559,order_0000000559,1908.00,card,captured,2025-11-20T16:47:01+05:30
pay_00000000000560,order_0000000560,744.57,upi,captured,2025-11-10T17:14:10+05:30
pay_00000000000561,order_0000000561,465.76,upi,captured,2025-11-28T07:44:08+05:30
pay_00000000000562,order_0000000562,1291.26,card,captured,2025-11-07T15:30:34+05:30
pay_00000000000563,order_0000000563,2289.00,card,captured,2025-11-10T13:39:23+05:30
pay_00000000000564,order_0000000564,2640.28,card,captured,2025-11-16T15:06:19+05:30
pay_00000000000565,order_0000000565,573.00,upi,captured,2025-11-23T16:01:16+05:30
pay_00000000000566,order_0000000566,987.00,upi,captured,2025-11-04T01:17:33+05:30
pay_00000000000567,order_0000000567,2329.00,upi,captured,2025-11-29T04:35:56+05:30
pay_00000000000568,order_0000000568,193.23,upi,captured,2025-11-03T18:06:19+05:30
pay_00000000000569,order_0000000569,541.00,netbanking,captured,2025-11-21T07:21:01+05:30
pay_00000000000570,order_0000000570,429.68,upi,failed,2025-11-05T15:26:29+05:30
pay_00000000000571,order_0000000571,469.06,upi,captured,2025-11-30T11:12:13+05:30
pay_00000000000572,order_0000000572,172.15,upi,captured,2025-11-07T22:03:03+05:30
pay_00000000000573,order_0000000573,595.08,upi,captured,2025-11-14T05:55:15+05:30
pay_00000000000574,order_0000000574,1679.55,netbanking,captured,2025-11-30T10:05:50+05:30
pay_00000000000575,order_0000000575,451.09,upi,captured,2025-11-24T20:36:02+05:30
pay_00000000000576,order_0000000576,367.54,upi,captured,2025-11-25T15:24:41+05:30
pay_00000000000577,order_0000000577,846.30,netbanking,captured,2025-11-27T22:59:40+05:30
pay_00000000000578,order_0000000578,351.00,card,captured,2025-11-16T13:11:08+05:30
pay_00000000000579,order_0000000579,977.00,upi,captured,2025-11-23T14:53:25+05:30
pay_00000000000580,order_0000000580,996.00,wallet,captured,2025-11-18T09:57:32+05:30
pay_00000000000581,order_0000000581,953.99,upi,captured,2025-11-24T22:40:45+05:30
pay_00000000000582,order_0000000582,3165.89,upi,captured,2025-11-03T14:38:24+05:30
pay_00000000000583,order_0000000583,918.99,upi,captured,2025-11-08T13:11:41+05:30
pay_00000000000584,order_0000000584,103.72,card,captured,2025-11-19T22:15:23+05:30
pay_00000000000585,order_0000000585,371.12,upi,captured,2025-11-24T22:19:13+05:30
pay_00000000000586,order_0000000586,1015.99,wallet,captured,2025-11-09T18:32:26+05:30
pay_00000000000587,order_0000000587,403.00,netbanking,captured,2025-11-02T01:53:12+05:30
pay_00000000000588,order_0000000588,977.74,upi,captured,2025-11-16T18:55:19+05:30
pay_00000000000589,order_0000000589,858.86,upi,captured,2025-11-21T16:39:06+05:30
pay_00000000000590,order_0000000590,3433.91,upi,failed,2025-11-18T12:58:08+05:30
pay_00000000000591,order_0000000591,1246.40,card,failed,2025-11-26T21:08:37+05:30
pay_00000000000592,order_0000000592,542.99,upi,captured,2025-11-23T19:59:51+05:30
pay_00000000000593,order_0000000593,3211.31,card,captured,2025-11-21T15:15:19+05:30
pay_00000000000594,order_0000000594,8222.99,upi,captured,2025-11-14T11:24:28+05:30
pay_00000000000595,order_0000000595,342.00,card,captured,2025-11-19T19:18:02+05:30
pay_00000000000596,order_0000000596,595.05,upi,captured,2025-11-17T11:19:30+05:30
pay_00000000000597,order_0000000597,608.92,upi,captured,2025-11-04T13:58:45+05:30
pay_00000000000598,order_0000000598,789.00,upi,captured,2025-11-29T20:19:04+05:30
pay_00000000000599,order_0000000599,196.00,netbanking,captured,2025-11-11T14:16:36+05:30
pay_00000000000600,order_0000000600,1022.70,card,captured,2025-11-12T20:02:57+05:30
pay_00000000000601,order_0000000601,1019.14,upi,captured,2025-11-22T15:15:18+05:30
pay_00000000000602,order_0000000602,585.00,upi,captured,2025-11-14T12:40:12+05:30
pay_00000000000603,order_0000000603,1643.00,card,captured,2025-11-05T23:34:17+05:30
pay_00000000000604,order_0000000604,11784.06,upi,captured,2025-11-28T20:35:22+05:30
pay_00000000000605,order_0000000605,540.00,wallet,captured,2025-11-11T08:05:36+05:30
pay_00000000000606,order_0000000606,732.89,card,captured,2025-11-04T13:08:20+05:30
pay_00000000000607,order_0000000607,409.99,wallet,captured,2025-11-30T06:22:31+05:30
pay_00000000000608,order_0000000608,99.28,card,captured,2025-11-28T14:15:48+05:30
pay_00000000000609,order_0000000609,497.99,upi,captured,2025-11-23T15:10:59+05:30
pay_00000000000610,order_0000000610,1005.99,upi,captured,2025-11-18T16:15:25+05:30
pay_00000000000611,order_0000000611,298.48,upi,captured,2025-11-22T10:27:48+05:30
pay_00000000000612,order_0000000612,341.47,card,failed,2025-11-18T06:02:31+05:30
pay_00000000000613,order_0000000613,637.00,upi,captured,2025-11-29T06:47:45+05:30
pay_00000000000614,order_0000000614,111.65,card,captured,2025-11-24T20:09:34+05:30
pay_00000000000615,order_0000000615,777.53,card,captured,2025-11-28T15:03:07+05:30
pay_00000000000616,order_0000000616,336.67,upi,captured,2025-11-13T19:16:16+05:30
pay_00000000000617,order_0000000617,458.16,card,captured,2025-11-23T23:28:59+05:30
pay_00000000000618,order_0000000618,723.00,card,captured,2025-11-27T16:11:16+05:30
pay_00000000000619,order_0000000619,163.00,card,captured,2025-11-26T16:16:23+05:30
pay_00000000000620,order_0000000620,432.01,upi,captured,2025-11-26T13:30:45+05:30
pay_00000000000621,order_0000000621,317.99,card,captured,2025-11-17T13:30:31+05:30
pay_00000000000622,order_0000000622,334.05,upi,captured,2025-11-11T09:27:02+05:30
pay_00000000000623,order_0000000623,3472.00,upi,captured,2025-11-05T02:37:08+05:30
pay_00000000000624,order_0000000624,278.00,upi,captured,2025-11-06T10:06:55+05:30
pay_00000000000625,order_0000000625,607.52,card,captured,2025-11-01T09:48:07+05:30
pay_00000000000626,order_0000000626,2855.26,card,captured,2025-11-24T13:06:40+05:30
pay_00000000000627,order_0000000627,899.95,wallet,captured,2025-11-05T23:52:21+05:30
pay_00000000000628,order_0000000628,208.00,card,captured,2025-11-13T21:27:46+05:30
pay_00000000000629,order_0000000629,2920.01,upi,captured,2025-11-26T23:30:39+05:30
pay_00000000000630,order_0000000630,2497.99,upi,captured,2025-11-05T22:03:39+05:30
pay_00000000000631,order_0000000631,3141.77,wallet,captured,2025-11-12T19:03:28+05:30
pay_00000000000632,order_0000000632,939.13,upi,captured,2025-11-04T12:58:39+05:30
pay_00000000000633,order_0000000633,1911.54,card,captured,2025-11-29T17:02:36+05:30
pay_00000000000634,order_0000000634,1407.35,wallet,captured,2025-11-17T17:09:18+05:30
pay_00000000000635,order_0000000635,788.00,wallet,captured,2025-11-26T13:34:17+05:30
pay_00000000000636,order_0000000636,674.00,upi,captured,2025-11-03T07:21:18+05:30
pay_00000000000637,order_0000000637,692.00,card,captured,2025-11-01T16:33:22+05:30
pay_00000000000638,order_0000000638,1055.00,card,failed,2025-11-24T22:16:11+05:30
pay_00000000000639,order_0000000639,767.08,wallet,captured,2025-11-29T19:27:24+05:30
pay_00000000000640,order_0000000640,266.79,upi,failed,2025-11-08T20:15:43+05:30
pay_00000000000641,order_0000000641,521.87,upi,captured,2025-11-10T10:56:16+05:30
pay_00000000000642,order_0000000642,252.23,netbanking,captured,2025-11-14T14:42:38+05:30
pay_00000000000643,order_0000000643,757.78,wallet,captured,2025-11-15T18:41:39+05:30
pay_00000000000644,order_0000000644,2540.11,netbanking,captured,2025-11-03T19:14:01+05:30
pay_00000000000645,order_0000000645,457.74,card,captured,2025-11-13T10:41:53+05:30
pay_00000000000646,order_0000000646,1003.00,netbanking,captured,2025-11-07T13:29:54+05:30
pay_00000000000647,order_0000000647,981.00,upi,captured,2025-11-12T11:48:47+05:30
pay_00000000000648,order_0000000648,789.83,card,captured,2025-11-20T06:57:49+05:30
pay_00000000000649,order_0000000649,335.49,upi,captured,2025-11-21T13:45:49+05:30
pay_00000000000650,order_0000000650,988.33,card,captured,2025-11-14T22:49:13+05:30
pay_00000000000651,order_0000000651,1001.00,netbanking,captured,2025-11-15T06:53:49+05:30
pay_00000000000652,order_0000000652,3444.00,upi,captured,2025-11-12T16:00:21+05:30
pay_00000000000653,order_0000000653,716.00,upi,captured,2025-11-20T20:27:56+05:30
pay_00000000000654,order_0000000654,99.48,card,captured,2025-11-06T17:28:51+05:30
pay_00000000000655,order_0000000655,366.82,upi,captured,2025-11-07T10:19:44+05:30
pay_00000000000656,order_0000000656,787.78,upi,captured,2025-11-25T13:33:35+05:30
pay_00000000000657,order_0000000657,642.35,upi,captured,2025-11-03T17:09:35+05:30
pay_00000000000658,order_0000000658,201.09,wallet,captured,2025-11-27T19:54:51+05:30
pay_00000000000659,order_0000000659,632.57,upi,captured,2025-11-01T19:52:28+05:30
pay_00000000000660,order_0000000660,699.52,upi,captured,2025-11-25T04:10:36+05:30
pay_00000000000661,order_0000000661,927.13,card,captured,2025-11-18T21:22:20+05:30
pay_00000000000662,order_0000000662,287.23,upi,captured,2025-11-28T14:38:03+05:30
pay_00000000000663,order_0000000663,366.96,upi,captured,2025-11-25T03:58:48+05:30
pay_00000000000664,order_0000000664,821.96,upi,captured,2025-11-13T06:39:57+05:30
pay_00000000000665,order_0000000665,310.18,card,captured,2025-11-14T16:04:25+05:30
pay_00000000000666,order_0000000666,1034.99,card,captured,2025-11-25T23:27:48+05:30
pay_00000000000667,order_0000000667,319.38,card,captured,2025-11-18T12:47:51+05:30
pay_00000000000668,order_0000000668,214.44,card,captured,2025-11-15T16:30:40+05:30
pay_00000000000669,order_0000000669,982.00,wallet,failed,2025-11-26T18:13:33+05:30
pay_00000000000670,order_0000000670,104.36,upi,captured,2025-11-06T15:52:39+05:30
pay_00000000000671,order_0000000671,178.87,upi,captured,2025-11-11T06:11:23+05:30
pay_00000000000672,order_0000000672,716.26,upi,captured,2025-11-08T21:35:23+05:30
pay_00000000000673,order_0000000673,7769.03,card,captured,2025-11-23T20:12:24+05:30
pay_00000000000674,order_0000000674,263.00,upi,captured,2025-11-16T22:08:51+05:30
pay_00000000000675,order_0000000675,265.00,wallet,captured,2025-11-19T19:17:39+05:30
pay_00000000000676,order_0000000676,13188.88,netbanking,captured,2025-11-17T13:05:47+05:30
pay_00000000000677,order_0000000677,590.62,netbanking,captured,2025-11-23T15:04:41+05:30
pay_00000000000678,order_0000000678,3167.63,upi,captured,2025-11-02T09:15:21+05:30
pay_00000000000679,order_0000000679,476.23,upi,captured,2025-11-14T04:38:22+05:30
pay_00000000000680,order_0000000680,773.99,upi,captured,2025-11-18T17:19:32+05:30
pay_00000000000681,order_0000000681,650.00,upi,captured,2025-11-14T04:38:34+05:30
pay_00000000000682,order_0000000682,554.08,upi,captured,2025-11-17T17:54:38+05:30
pay_00000000000683,order_0000000683,2230.00,wallet,captured,2025-11-19T18:19:10+05:30
pay_00000000000684,order_0000000684,452.20,wallet,captured,2025-11-05T22:06:59+05:30
pay_00000000000685,order_0000000685,973.71,netbanking,captured,2025-11-28T06:15:56+05:30
pay_00000000000686,order_0000000686,2039.00,upi,captured,2025-11-18T22:52:02+05:30
pay_00000000000687,order_0000000687,536.72,card,captured,2025-11-15T23:41:15+05:30
pay_00000000000688,order_0000000688,275.00,card,captured,2025-11-23T16:52:13+05:30
pay_00000000000689,order_0000000689,10647.99,card,captured,2025-11-04T01:18:06+05:30
pay_00000000000690,order_0000000690,611.25,card,captured,2025-11-10T21:51:40+05:30
pay_00000000000691,order_0000000691,818.40,upi,captured,2025-11-29T18:54:08+05:30
pay_00000000000692,order_0000000692,993.27,wallet,captured,2025-11-30T06:02:09+05:30
pay_00000000000693,order_0000000693,343.99,upi,captured,2025-11-16T08:32:11+05:30
pay_00000000000694,order_0000000694,499.97,upi,captured,2025-11-10T17:36:23+05:30
pay_00000000000695,order_0000000695,3306.00,card,captured,2025-11-19T17:12:12+05:30
pay_00000000000696,order_0000000696,2602.99,upi,captured,2025-11-21T18:18:53+05:30
pay_00000000000697,order_0000000697,954.99,upi,captured,2025-11-23T13:38:49+05:30
pay_00000000000698,order_0000000698,3373.99,netbanking,captured,2025-11-22T04:18:00+05:30
pay_00000000000699,order_0000000699,659.31,netbanking,captured,2025-11-18T02:05:58+05:30
pay_00000000000700,order_0000000700,1564.00,wallet,captured,2025-11-12T23:04:29+05:30
pay_00000000000701,order_0000000701,332.03,netbanking,captured,2025-11-04T12:53:13+05:30
pay_00000000000702,order_0000000702,733.99,upi,captured,2025-11-10T13:51:59+05:30
pay_00000000000703,order_0000000703,730.99,wallet,captured,2025-11-09T11:01:32+05:30
pay_00000000000704,order_0000000704,471.07,upi,captured,2025-11-21T22:00:57+05:30
pay_00000000000705,order_0000000705,973.09,upi,captured,2025-11-28T21:53:35+05:30
pay_00000000000706,order_0000000706,522.00,upi,captured,2025-11-17T17:36:14+05:30
pay_00000000000707,order_0000000707,382.00,netbanking,captured,2025-11-10T15:46:30+05:30
pay_00000000000708,order_0000000708,617.70,upi,captured,2025-11-26T14:48:38+05:30
pay_00000000000709,order_0000000709,1319.17,card,captured,2025-11-14T18:36:10+05:30
pay_00000000000710,order_0000000710,208.76,upi,captured,2025-11-27T05:06:37+05:30
pay_00000000000711,order_0000000711,3004.66,card,captured,2025-11-08T07:37:59+05:30
pay_00000000000712,order_0000000712,295.00,upi,captured,2025-11-14T05:42:29+05:30
pay_00000000000713,order_0000000713,104.99,card,captured,2025-11-19T23:18:36+05:30
pay_00000000000714,order_0000000714,383.99,upi,captured,2025-11-11T18:25:13+05:30
pay_00000000000715,order_0000000715,387.39,wallet,captured,2025-11-17T16:58:21+05:30
pay_00000000000716,order_0000000716,101.94,wallet,failed,2025-11-30T21:41:21+05:30
pay_00000000000717,order_0000000717,402.00,card,captured,2025-11-12T07:53:35+05:30
pay_00000000000718,order_0000000718,830.22,card,captured,2025-11-16T16:16:22+05:30
pay_00000000000719,order_0000000719,2893.99,card,captured,2025-11-22T17:35:23+05:30
pay_00000000000720,order_0000000720,266.01,card,captured,2025-11-12T17:34:23+05:30
pay_00000000000721,order_0000000721,144.38,upi,captured,2025-11-20T18:15:45+05:30
pay_00000000000722,order_0000000722,347.65,upi,captured,2025-11-20T20:57:07+05:30
pay_00000000000723,order_0000000723,699.07,wallet,captured,2025-11-17T17:03:31+05:30
pay_00000000000724,order_0000000724,2508.00,upi,captured,2025-11-04T07:48:44+05:30
pay_00000000000725,order_0000000725,108.00,wallet,captured,2025-11-16T12:41:31+05:30
pay_00000000000726,order_0000000726,983.65,wallet,captured,2025-11-06T18:24:07+05:30
pay_00000000000727,order_0000000727,586.99,wallet,captured,2025-11-11T21:31:19+05:30
pay_00000000000728,order_0000000728,739.00,upi,captured,2025-11-10T16:02:09+05:30
pay_00000000000729,order_0000000729,639.59,netbanking,captured,2025-11-13T14:32:43+05:30
pay_00000000000730,order_0000000730,2980.47,upi,captured,2025-11-08T12:57:46+05:30
pay_00000000000731,order_0000000731,662.35,upi,captured,2025-11-08T21:18:37+05:30
pay_00000000000732,order_0000000732,3390.67,card,captured,2025-11-09T19:33:06+05:30
pay_00000000000733,order_0000000733,400.00,card,failed,2025-11-13T07:58:57+05:30
pay_00000000000734,order_0000000734,3172.00,upi,captured,2025-11-08T17:53:50+05:30
pay_00000000000735,order_0000000735,574.00,upi,captured,2025-11-16T14:52:11+05:30
pay_00000000000736,order_0000000736,700.99,upi,captured,2025-11-22T18:59:55+05:30
pay_00000000000737,order_0000000737,903.99,upi,captured,2025-11-27T13:11:15+05:30
pay_00000000000738,order_0000000738,455.00,upi,captured,2025-11-14T17:19:06+05:30
pay_00000000000739,order_0000000739,1358.40,upi,captured,2025-11-30T15:51:25+05:30
pay_00000000000740,order_0000000740,442.92,netbanking,captured,2025-11-25T20:01:54+05:30
pay_00000000000741,order_0000000741,415.00,upi,captured,2025-11-16T23:28:16+05:30
pay_00000000000742,order_0000000742,400.12,card,captured,2025-11-13T20:04:34+05:30
pay_00000000000743,order_0000000743,593.60,upi,captured,2025-11-24T17:05:13+05:30
pay_00000000000744,order_0000000744,695.99,upi,captured,2025-11-13T15:29:18+05:30
pay_00000000000745,order_0000000745,286.40,upi,captured,2025-11-14T11:12:00+05:30
pay_00000000000746,order_0000000746,3386.46,upi,captured,2025-11-10T09:52:00+05:30
pay_00000000000747,order_0000000747,1404.26,netbanking,captured,2025-11-10T06:48:51+05:30
pay_00000000000748,order_0000000748,352.99,wallet,captured,2025-11-29T19:13:08+05:30
pay_00000000000749,order_0000000749,1017.96,card,failed,2025-11-02T12:28:04+05:30
pay_00000000000750,order_0000000750,841.00,upi,captured,2025-11-24T12:16:14+05:30
pay_00000000000751,order_0000000751,783.01,upi,captured,2025-11-07T18:13:04+05:30
pay_00000000000752,order_0000000752,619.36,wallet,captured,2025-11-18T23:13:01+05:30
pay_00000000000753,order_0000000753,782.60,upi,captured,2025-11-07T15:01:37+05:30
pay_00000000000754,order_0000000754,906.00,card,captured,2025-11-16T14:31:21+05:30
pay_00000000000755,order_0000000755,917.76,upi,captured,2025-11-30T02:21:17+05:30
pay_00000000000756,order_0000000756,789.31,upi,captured,2025-11-25T19:10:22+05:30
pay_00000000000757,order_0000000757,215.99,card,captured,2025-11-14T16:45:44+05:30
pay_00000000000758,order_0000000758,347.00,upi,captured,2025-11-05T07:21:26+05:30
pay_00000000000759,order_0000000759,707.99,upi,captured,2025-11-11T07:00:23+05:30
pay_00000000000760,order_0000000760,818.99,netbanking,captured,2025-11-03T09:51:05+05:30
pay_00000000000761,order_0000000761,925.00,card,captured,2025-11-10T09:08:13+05:30
pay_00000000000762,order_0000000762,106.48,card,captured,2025-11-30T18:21:28+05:30
pay_00000000000763,order_0000000763,821.00,upi,captured,2025-11-14T05:05:28+05:30
pay_00000000000764,order_0000000764,579.98,upi,captured,2025-11-23T14:05:03+05:30
pay_00000000000765,order_0000000765,1152.35,upi,captured,2025-11-08T13:27:15+05:30
pay_00000000000766,order_0000000766,816.70,card,captured,2025-11-22T15:41:27+05:30
pay_00000000000767,order_0000000767,1321.99,upi,captured,2025-11-03T07:15:06+05:30
pay_00000000000768,order_0000000768,205.35,card,captured,2025-11-14T14:55:54+05:30
pay_00000000000769,order_0000000769,304.15,upi,captured,2025-11-14T21:41:54+05:30
pay_00000000000770,order_0000000770,2654.99,card,captured,2025-11-27T17:04:50+05:30
pay_00000000000771,order_0000000771,720.90,wallet,captured,2025-11-05T11:10:43+05:30
pay_00000000000772,order_0000000772,588.75,wallet,captured,2025-11-23T16:41:33+05:30
pay_00000000000773,order_0000000773,1950.99,wallet,captured,2025-11-30T18:11:40+05:30
pay_00000000000774,order_0000000774,1900.00,card,captured,2025-11-29T17:46:28+05:30
pay_00000000000775,order_0000000775,188.93,upi,captured,2025-11-12T21:29:44+05:30
pay_00000000000776,order_0000000776,227.65,upi,captured,2025-11-04T06:34:57+05:30
pay_00000000000777,order_0000000777,172.27,netbanking,captured,2025-11-29T14:00:35+05:30
pay_00000000000778,order_0000000778,708.00,card,captured,2025-11-01T21:32:33+05:30
pay_00000000000779,order_0000000779,636.99,wallet,captured,2025-11-01T11:04:04+05:30
pay_00000000000780,order_0000000780,291.44,upi,captured,2025-11-18T22:44:24+05:30
pay_00000000000781,order_0000000781,2475.00,upi,captured,2025-11-15T14:15:37+05:30
pay_00000000000782,order_0000000782,636.94,upi,captured,2025-11-29T14:03:11+05:30
pay_00000000000783,order_0000000783,1066.00,netbanking,failed,2025-11-23T01:51:58+05:30
pay_00000000000784,order_0000000784,327.41,upi,captured,2025-11-10T03:35:43+05:30
pay_00000000000785,order_0000000785,3138.00,upi,captured,2025-11-01T18:28:14+05:30
pay_00000000000786,order_0000000786,920.99,upi,captured,2025-11-20T09:30:50+05:30
pay_00000000000787,order_0000000787,808.74,wallet,captured,2025-11-22T09:24:00+05:30
pay_00000000000788,order_0000000788,800.99,card,captured,2025-11-23T21:34:25+05:30
pay_00000000000789,order_0000000789,195.12,upi,captured,2025-11-03T08:40:59+05:30
pay_00000000000790,order_0000000790,405.00,upi,captured,2025-11-06T15:57:46+05:30
pay_00000000000791,order_0000000791,623.00,card,captured,2025-11-26T18:28:33+05:30
pay_00000000000792,order_0000000792,529.13,card,captured,2025-11-25T22:18:29+05:30
pay_00000000000793,order_0000000793,5537.99,upi,captured,2025-11-25T19:41:40+05:30
pay_00000000000794,order_0000000794,504.89,upi,captured,2025-11-19T18:53:33+05:30
pay_00000000000795,order_0000000795,482.41,upi,captured,2025-11-11T11:34:06+05:30
pay_00000000000796,order_0000000796,912.00,upi,captured,2025-11-20T15:39:44+05:30
pay_00000000000797,order_0000000797,14261.00,upi,captured,2025-11-15T10:20:29+05:30
pay_00000000000798,order_0000000798,714.00,upi,captured,2025-11-07T22:42:43+05:30
pay_00000000000799,order_0000000799,602.00,upi,captured,2025-11-07T20:32:19+05:30
pay_00000000000800,order_0000000800,507.00,card,captured,2025-11-03T18:13:34+05:30
pay_00000000000801,order_0000000801,773.00,card,captured,2025-11-19T21:03:48+05:30
pay_00000000000802,order_0000000802,588.64,card,captured,2025-11-16T02:33:42+05:30
pay_00000000000803,order_0000000803,806.00,upi,captured,2025-11-10T17:43:09+05:30
pay_00000000000804,order_0000000804,577.97,wallet,captured,2025-11-19T16:21:55+05:30
pay_00000000000805,order_0000000805,2469.66,wallet,captured,2025-11-30T13:01:51+05:30
pay_00000000000806,order_0000000806,849.99,netbanking,captured,2025-11-26T21:31:55+05:30
pay_00000000000807,order_0000000807,117.56,upi,captured,2025-11-07T07:05:01+05:30
pay_00000000000808,order_0000000808,1057.00,upi,captured,2025-11-15T21:24:56+05:30
pay_00000000000809,order_0000000809,205.00,upi,captured,2025-11-24T22:23:27+05:30
pay_00000000000810,order_0000000810,671.87,upi,captured,2025-11-01T14:47:52+05:30
pay_00000000000811,order_0000000811,891.72,wallet,captured,2025-11-18T17:15:17+05:30
pay_00000000000812,order_0000000812,486.00,upi,captured,2025-11-24T04:59:26+05:30
pay_00000000000813,order_0000000813,727.00,upi,captured,2025-11-29T18:17:43+05:30
pay_00000000000814,order_0000000814,288.00,upi,captured,2025-11-22T17:49:58+05:30
pay_00000000000815,order_0000000815,613.40,card,captured,2025-11-20T15:19:29+05:30
pay_00000000000816,order_0000000816,1068.99,card,captured,2025-11-10T12:55:02+05:30
pay_00000000000817,order_0000000817,1010.98,upi,captured,2025-11-10T12:08:04+05:30
pay_00000000000818,order_0000000818,726.89,upi,captured,2025-11-24T05:19:33+05:30
pay_00000000000819,order_0000000819,12299.00,upi,captured,2025-11-05T12:21:08+05:30
pay_00000000000820,order_0000000820,787.00,upi,captured,2025-11-02T10:33:57+05:30
pay_00000000000821,order_0000000821,441.00,card,captured,2025-11-05T19:49:53+05:30
pay_00000000000822,order_0000000822,9517.99,netbanking,captured,2025-11-23T22:47:55+05:30
pay_00000000000823,order_0000000823,1002.13,netbanking,captured,2025-11-30T21:21:22+05:30
pay_00000000000824,order_0000000824,156.33,wallet,captured,2025-11-27T22:03:05+05:30
pay_00000000000825,order_0000000825,871.99,card,captured,2025-11-27T08:08:59+05:30
pay_00000000000826,order_0000000826,1990.00,netbanking,captured,2025-11-05T17:21:24+05:30
pay_00000000000827,order_0000000827,765.00,upi,captured,2025-11-01T23:17:27+05:30
pay_00000000000828,order_0000000828,3095.36,upi,captured,2025-11-03T17:25:27+05:30
pay_00000000000829,order_0000000829,549.00,upi,captured,2025-11-30T09:55:00+05:30
pay_00000000000830,order_0000000830,2678.12,card,captured,2025-11-03T12:28:41+05:30
pay_00000000000831,order_0000000831,641.00,upi,captured,2025-11-04T19:31:01+05:30
pay_00000000000832,order_0000000832,1797.00,card,captured,2025-11-18T12:43:37+05:30
pay_00000000000833,order_0000000833,3529.73,card,captured,2025-11-12T08:12:40+05:30
pay_00000000000834,order_0000000834,929.79,netbanking,captured,2025-11-03T13:35:33+05:30
pay_00000000000835,order_0000000835,194.85,netbanking,captured,2025-11-24T18:15:44+05:30
pay_00000000000836,order_0000000836,2724.00,card,captured,2025-11-27T23:02:16+05:30
pay_00000000000837,order_0000000837,283.52,upi,captured,2025-11-05T14:20:28+05:30
pay_00000000000838,order_0000000838,509.48,upi,captured,2025-11-10T22:35:55+05:30
pay_00000000000839,order_0000000839,789.83,card,captured,2025-11-20T18:05:31+05:30
pay_00000000000840,order_0000000840,718.00,netbanking,captured,2025-11-21T12:24:52+05:30
pay_00000000000841,order_0000000841,956.83,upi,captured,2025-11-07T16:38:56+05:30
pay_00000000000842,order_0000000842,414.86,card,captured,2025-11-16T09:39:33+05:30
pay_00000000000843,order_0000000843,1012.99,upi,captured,2025-11-16T23:30:44+05:30
pay_00000000000844,order_0000000844,1054.00,wallet,captured,2025-11-17T22:18:28+05:30
pay_00000000000845,order_0000000845,176.71,card,captured,2025-11-22T21:59:20+05:30
pay_00000000000846,order_0000000846,2657.99,upi,captured,2025-11-09T22:49:53+05:30
pay_00000000000847,order_0000000847,594.43,card,captured,2025-11-12T17:16:59+05:30
pay_00000000000848,order_0000000848,201.99,upi,captured,2025-11-15T10:39:29+05:30
pay_00000000000849,order_0000000849,762.44,card,captured,2025-11-18T20:54:05+05:30
pay_00000000000850,order_0000000850,697.88,netbanking,captured,2025-11-28T23:13:52+05:30
pay_00000000000851,order_0000000851,16758.99,upi,captured,2025-11-12T13:10:14+05:30
pay_00000000000852,order_0000000852,296.65,wallet,captured,2025-11-05T22:05:00+05:30
pay_00000000000853,order_0000000853,659.00,card,captured,2025-11-26T20:18:06+05:30
pay_00000000000854,order_0000000854,2959.49,upi,captured,2025-11-18T14:30:16+05:30
pay_00000000000855,order_0000000855,1855.45,card,captured,2025-11-19T15:59:22+05:30
pay_00000000000856,order_0000000856,973.99,upi,captured,2025-11-26T17:21:35+05:30
pay_00000000000857,order_0000000857,456.19,upi,captured,2025-11-04T22:46:03+05:30
pay_00000000000858,order_0000000858,2489.00,card,captured,2025-11-19T10:04:41+05:30
pay_00000000000859,order_0000000859,114.13,upi,captured,2025-11-06T19:25:33+05:30
pay_00000000000860,order_0000000860,480.00,upi,captured,2025-11-25T23:03:14+05:30
pay_00000000000861,order_0000000861,103.82,upi,captured,2025-11-16T21:13:35+05:30
pay_00000000000862,order_0000000862,167.78,upi,captured,2025-11-14T20:01:58+05:30
pay_00000000000863,order_0000000863,411.00,card,captured,2025-11-12T06:51:05+05:30
pay_00000000000864,order_0000000864,493.87,card,captured,2025-11-13T19:02:12+05:30
pay_00000000000865,order_0000000865,805.13,card,failed,2025-11-28T08:25:10+05:30
pay_00000000000866,order_0000000866,895.19,upi,captured,2025-11-25T13:16:06+05:30
pay_00000000000867,order_0000000867,1524.99,upi,captured,2025-11-27T14:29:34+05:30
pay_00000000000868,order_0000000868,2176.00,wallet,captured,2025-11-24T13:01:05+05:30
pay_00000000000869,order_0000000869,723.98,card,captured,2025-11-28T23:15:48+05:30
pay_00000000000870,order_0000000870,537.00,card,captured,2025-11-08T23:08:42+05:30
pay_00000000000871,order_0000000871,910.13,upi,captured,2025-11-03T07:22:30+05:30
pay_00000000000872,order_0000000872,387.09,upi,captured,2025-11-25T21:37:43+05:30
pay_00000000000873,order_0000000873,744.00,card,captured,2025-11-05T16:12:23+05:30
pay_00000000000874,order_0000000874,354.73,card,captured,2025-11-13T23:50:36+05:30
pay_00000000000875,order_0000000875,154.00,card,captured,2025-11-17T22:34:15+05:30
pay_00000000000876,order_0000000876,562.00,card,captured,2025-11-08T22:21:29+05:30
pay_00000000000877,order_0000000877,843.73,upi,captured,2025-11-20T10:31:36+05:30
pay_00000000000878,order_0000000878,2008.57,wallet,captured,2025-11-22T07:54:57+05:30
pay_00000000000879,order_0000000879,263.99,card,captured,2025-11-23T16:34:33+05:30
pay_00000000000880,order_0000000880,803.48,upi,captured,2025-11-30T22:57:05+05:30
pay_00000000000881,order_0000000881,540.60,upi,captured,2025-11-10T14:54:30+05:30
pay_00000000000882,order_0000000882,782.00,upi,captured,2025-11-08T13:58:05+05:30
pay_00000000000883,order_0000000883,955.08,upi,captured,2025-11-09T17:22:16+05:30
pay_00000000000884,order_0000000884,1011.38,upi,captured,2025-11-07T22:51:36+05:30
pay_00000000000885,order_0000000885,2991.33,card,captured,2025-11-10T07:04:32+05:30
pay_00000000000886,order_0000000886,1002.00,upi,captured,2025-11-10T07:40:51+05:30
pay_00000000000887,order_0000000887,800.00,card,failed,2025-11-12T23:39:35+05:30
pay_00000000000888,order_0000000888,195.56,wallet,captured,2025-11-05T20:24:11+05:30
pay_00000000000889,order_0000000889,110.00,card,captured,2025-11-09T01:53:35+05:30
pay_00000000000890,order_0000000890,130.65,wallet,captured,2025-11-07T16:41:14+05:30
pay_00000000000891,order_0000000891,934.99,upi,captured,2025-11-21T19:33:36+05:30
pay_00000000000892,order_0000000892,115.99,card,captured,2025-11-03T16:36:03+05:30
pay_00000000000893,order_0000000893,3131.85,upi,captured,2025-11-30T19:03:08+05:30
pay_00000000000894,order_0000000894,210.00,card,captured,2025-11-12T13:44:31+05:30
pay_00000000000895,order_0000000895,317.99,card,captured,2025-11-24T14:33:41+05:30
pay_00000000000896,order_0000000896,2709.99,upi,captured,2025-11-25T21:06:14+05:30
pay_00000000000897,order_0000000897,852.00,card,captured,2025-11-29T21:43:09+05:30
pay_00000000000898,order_0000000898,542.68,upi,captured,2025-11-13T20:48:10+05:30
pay_00000000000899,order_0000000899,537.35,upi,captured,2025-11-26T13:55:14+05:30
pay_00000000000900,order_0000000900,2008.60,upi,captured,2025-11-10T07:44:40+05:30
pay_00000000000901,order_0000000901,350.71,netbanking,captured,2025-11-21T00:23:43+05:30
pay_00000000000902,order_0000000902,986.20,upi,captured,2025-11-11T15:35:39+05:30
pay_00000000000903,order_0000000903,390.00,upi,captured,2025-11-10T17:36:22+05:30
pay_00000000000904,order_0000000904,952.00,card,captured,2025-11-23T15:43:48+05:30
pay_00000000000905,order_0000000905,1801.00,netbanking,captured,2025-11-18T19:29:33+05:30
pay_00000000000906,order_0000000906,714.71,upi,captured,2025-11-27T21:17:06+05:30
pay_00000000000907,order_0000000907,14883.84,card,captured,2025-11-11T17:47:46+05:30
pay_00000000000908,order_0000000908,548.99,upi,failed,2025-11-03T12:46:17+05:30
pay_00000000000909,order_0000000909,645.06,card,captured,2025-11-19T06:57:21+05:30
pay_00000000000910,order_0000000910,2789.99,upi,captured,2025-11-10T23:03:04+05:30
pay_00000000000911,order_0000000911,866.49,card,captured,2025-11-08T19:43:30+05:30
pay_00000000000912,order_0000000912,411.32,upi,captured,2025-11-01T17:24:01+05:30
pay_00000000000913,order_0000000913,368.80,wallet,captured,2025-11-29T18:27:13+05:30
pay_00000000000914,order_0000000914,301.97,upi,captured,2025-11-14T19:28:05+05:30
pay_00000000000915,order_0000000915,1030.46,card,captured,2025-11-23T10:07:40+05:30
pay_00000000000916,order_0000000916,108.00,upi,captured,2025-11-17T12:00:29+05:30
pay_00000000000917,order_0000000917,138.00,card,captured,2025-11-28T10:09:59+05:30
pay_00000000000918,order_0000000918,846.38,upi,captured,2025-11-27T09:12:53+05:30
pay_00000000000919,order_0000000919,222.00,upi,captured,2025-11-05T12:22:21+05:30
pay_00000000000920,order_0000000920,1022.99,card,captured,2025-11-13T16:01:56+05:30
pay_00000000000921,order_0000000921,495.53,card,captured,2025-11-20T21:59:04+05:30
pay_00000000000922,order_0000000922,948.50,upi,captured,2025-11-21T08:38:48+05:30
pay_00000000000923,order_0000000923,2347.54,upi,captured,2025-11-06T20:01:15+05:30
pay_00000000000924,order_0000000924,694.99,card,captured,2025-11-12T21:51:11+05:30
pay_00000000000925,order_0000000925,955.00,wallet,captured,2025-11-30T15:22:36+05:30
pay_00000000000926,order_0000000926,442.70,upi,captured,2025-11-20T06:47:55+05:30
pay_00000000000927,order_0000000927,665.00,card,captured,2025-11-29T20:27:32+05:30
pay_00000000000928,order_0000000928,120.89,netbanking,captured,2025-11-25T21:59:17+05:30
pay_00000000000929,order_0000000929,1961.00,upi,captured,2025-11-20T23:02:08+05:30
pay_00000000000930,order_0000000930,276.24,wallet,captured,2025-11-24T12:58:31+05:30
pay_00000000000931,order_0000000931,679.18,upi,captured,2025-11-27T19:14:27+05:30
pay_00000000000932,order_0000000932,725.99,upi,captured,2025-11-09T10:39:47+05:30
pay_00000000000933,order_0000000933,804.44,card,captured,2025-11-02T15:47:56+05:30
pay_00000000000934,order_0000000934,481.27,upi,captured,2025-11-27T18:10:48+05:30
pay_00000000000935,order_0000000935,1570.99,upi,captured,2025-11-01T11:07:33+05:30
pay_00000000000936,order_0000000936,639.00,wallet,captured,2025-11-17T10:26:24+05:30
pay_00000000000937,order_0000000937,970.64,wallet,captured,2025-11-23T21:19:51+05:30
pay_00000000000938,order_0000000938,332.30,card,captured,2025-11-25T19:20:44+05:30
pay_00000000000939,order_0000000939,897.99,upi,captured,2025-11-25T18:14:55+05:30
pay_00000000000940,order_0000000940,534.72,upi,captured,2025-11-26T14:41:08+05:30
pay_00000000000941,order_0000000941,781.25,netbanking,captured,2025-11-14T14:39:27+05:30
pay_00000000000942,order_0000000942,523.41,upi,captured,2025-11-24T19:04:39+05:30
pay_00000000000943,order_0000000943,676.14,netbanking,captured,2025-11-17T19:12:22+05:30
pay_00000000000944,order_0000000944,818.17,upi,captured,2025-11-05T14:40:27+05:30
pay_00000000000945,order_0000000945,808.00,card,captured,2025-11-21T20:40:29+05:30
pay_00000000000946,order_0000000946,537.00,upi,captured,2025-11-21T11:48:47+05:30
pay_00000000000947,order_0000000947,327.09,upi,captured,2025-11-01T15:11:28+05:30
pay_00000000000948,order_0000000948,964.99,wallet,failed,2025-11-30T15:44:44+05:30
pay_00000000000949,order_0000000949,358.84,card,captured,2025-11-10T17:25:32+05:30
pay_00000000000950,order_0000000950,987.00,wallet,captured,2025-11-20T12:28:06+05:30
pay_00000000000951,order_0000000951,16150.99,card,captured,2025-11-19T07:35:29+05:30
pay_00000000000952,order_0000000952,262.32,upi,captured,2025-11-14T18:36:34+05:30
pay_00000000000953,order_0000000953,317.00,card,captured,2025-11-25T04:27:52+05:30
pay_00000000000954,order_0000000954,344.00,upi,captured,2025-11-25T16:04:34+05:30
pay_00000000000955,order_0000000955,1295.95,upi,captured,2025-11-12T09:56:51+05:30
pay_00000000000956,order_0000000956,1011.44,card,captured,2025-11-04T18:47:03+05:30
pay_00000000000957,order_0000000957,475.61,upi,captured,2025-11-15T15:04:22+05:30
pay_00000000000958,order_0000000958,670.49,card,captured,2025-11-11T20:25:09+05:30
pay_00000000000959,order_0000000959,1019.11,netbanking,captured,2025-11-22T22:35:02+05:30
pay_00000000000960,order_0000000960,461.21,upi,captured,2025-11-26T12:21:12+05:30
pay_00000000000961,order_0000000961,947.00,upi,captured,2025-11-05T13:36:31+05:30
pay_00000000000962,order_0000000962,714.30,upi,captured,2025-11-16T17:00:10+05:30
pay_00000000000963,order_0000000963,3598.05,wallet,captured,2025-11-14T13:36:19+05:30
pay_00000000000964,order_0000000964,2834.00,netbanking,failed,2025-11-26T20:02:00+05:30
pay_00000000000965,order_0000000965,783.16,upi,captured,2025-11-10T12:39:19+05:30
pay_00000000000966,order_0000000966,2758.61,upi,captured,2025-11-16T17:08:35+05:30
pay_00000000000967,order_0000000967,1265.00,card,captured,2025-11-24T08:55:43+05:30
pay_00000000000968,order_0000000968,127.44,upi,captured,2025-11-04T17:48:00+05:30
pay_00000000000969,order_0000000969,978.99,wallet,captured,2025-11-27T18:17:01+05:30
pay_00000000000970,order_0000000970,744.00,card,failed,2025-11-08T18:26:56+05:30
pay_00000000000971,order_0000000971,830.77,upi,captured,2025-11-19T23:34:51+05:30
pay_00000000000972,order_0000000972,2643.61,card,captured,2025-11-29T13:52:11+05:30
pay_00000000000973,order_0000000973,116.99,upi,captured,2025-11-01T10:53:36+05:30
pay_00000000000974,order_0000000974,724.90,card,captured,2025-11-12T13:56:07+05:30
pay_00000000000975,order_0000000975,498.52,upi,captured,2025-11-16T12:09:37+05:30
pay_00000000000976,order_0000000976,736.10,wallet,captured,2025-11-19T11:59:37+05:30
pay_00000000000977,order_0000000977,2275.00,upi,captured,2025-11-05T19:00:39+05:30
pay_00000000000978,order_0000000978,382.99,upi,captured,2025-11-01T16:48:20+05:30
pay_00000000000979,order_0000000979,1046.00,card,captured,2025-11-10T21:09:13+05:30
pay_00000000000980,order_0000000980,113.30,upi,captured,2025-11-08T19:21:49+05:30
pay_00000000000981,order_0000000981,880.00,card,captured,2025-11-28T23:59:35+05:30
pay_00000000000982,order_0000000982,3051.00,wallet,captured,2025-11-25T10:49:21+05:30
pay_00000000000983,order_0000000983,237.00,upi,captured,2025-11-27T13:41:21+05:30
pay_00000000000984,order_0000000984,580.00,upi,captured,2025-11-01T15:01:34+05:30
pay_00000000000985,order_0000000985,1553.90,card,captured,2025-11-29T18:27:09+05:30
pay_00000000000986,order_0000000986,2274.41,netbanking,captured,2025-11-12T15:42:50+05:30
pay_00000000000987,order_0000000987,13365.52,wallet,captured,2025-11-02T13:36:16+05:30
pay_00000000000988,order_0000000988,1074.68,card,captured,2025-11-25T11:32:17+05:30
pay_00000000000989,order_0000000989,777.00,wallet,captured,2025-11-29T14:24:41+05:30
pay_00000000000990,order_0000000990,1329.92,upi,captured,2025-11-02T14:27:32+05:30
pay_00000000000991,order_0000000991,978.21,upi,failed,2025-11-03T14:03:32+05:30
pay_00000000000992,order_0000000992,2815.77,upi,captured,2025-11-01T17:50:25+05:30
pay_00000000000993,order_0000000993,387.00,card,captured,2025-11-05T18:59:52+05:30
pay_00000000000994,order_0000000994,482.14,upi,captured,2025-11-01T12:01:52+05:30
pay_00000000000995,order_0000000995,2201.59,upi,captured,2025-11-06T15:30:26+05:30
pay_00000000000996,order_0000000996,927.00,card,captured,2025-11-17T18:23:11+05:30
pay_00000000000997,order_0000000997,353.00,upi,captured,2025-11-07T03:20:45+05:30
pay_00000000000998,order_0000000998,415.22,upi,captured,2025-11-29T10:50:40+05:30
pay_00000000000999,order_0000000999,347.00,wallet,captured,2025-11-23T03:07:04+05:30
pay_00000000001000,order_0000001000,2981.00,card,captured,2025-11-17T09:05:05+05:30
pay_00000000001001,order_0000001001,349.00,card,captured,2025-11-23T16:52:45+05:30
pay_00000000001002,order_0000001002,518.69,wallet,captured,2025-11-26T15:30:25+05:30
pay_00000000001003,order_0000001003,712.00,upi,captured,2025-11-19T16:42:26+05:30
pay_00000000001004,order_0000001004,553.99,upi,captured,2025-11-06T16:00:03+05:30
pay_00000000001005,order_0000001005,2424.66,wallet,captured,2025-11-13T21:18:25+05:30
pay_00000000001006,order_0000001006,706.44,wallet,captured,2025-11-03T08:09:58+05:30
pay_00000000001007,order_0000001007,175.35,wallet,captured,2025-11-05T11:00:30+05:30
pay_00000000001008,order_0000001008,936.47,netbanking,captured,2025-11-16T02:57:39+05:30
pay_00000000001009,order_0000001009,1017.00,card,captured,2025-11-14T15:32:43+05:30
pay_00000000001010,order_0000001010,1970.12,card,captured,2025-11-07T11:04:42+05:30
pay_00000000001011,order_0000001011,514.99,upi,captured,2025-11-10T20:34:03+05:30
pay_00000000001012,order_0000001012,640.52,upi,captured,2025-11-17T07:20:44+05:30
pay_00000000001013,order_0000001013,781.78,upi,captured,2025-11-14T20:42:37+05:30
pay_00000000001014,order_0000001014,368.69,upi,captured,2025-11-24T20:02:07+05:30
pay_00000000001015,order_0000001015,617.65,card,captured,2025-11-01T17:46:54+05:30
pay_00000000001016,order_0000001016,3259.99,card,captured,2025-11-04T16:27:44+05:30
pay_00000000001017,order_0000001017,104.00,netbanking,captured,2025-11-27T08:56:55+05:30
pay_00000000001018,order_0000001018,632.46,wallet,captured,2025-11-06T13:22:23+05:30
pay_00000000001019,order_0000001019,236.99,upi,captured,2025-11-02T15:32:08+05:30
pay_00000000001020,order_0000001020,12663.28,upi,failed,2025-11-23T21:33:12+05:30
pay_00000000001021,order_0000001021,142.28,wallet,captured,2025-11-29T15:45:20+05:30
pay_00000000001022,order_0000001022,3539.87,card,captured,2025-11-11T22:52:43+05:30
pay_00000000001023,order_0000001023,1020.00,wallet,captured,2025-11-03T15:04:33+05:30
pay_00000000001024,order_0000001024,515.75,upi,captured,2025-11-21T06:11:56+05:30
pay_00000000001025,order_0000001025,13745.00,card,captured,2025-11-25T14:10:23+05:30
pay_00000000001026,order_0000001026,487.23,netbanking,captured,2025-11-04T19:16:22+05:30
pay_00000000001027,order_0000001027,216.26,card,captured,2025-11-30T20:37:02+05:30
pay_00000000001028,order_0000001028,827.00,card,captured,2025-11-09T13:55:57+05:30
pay_00000000001029,order_0000001029,5110.08,wallet,captured,2025-11-11T03:43:58+05:30
pay_00000000001030,order_0000001030,1934.00,upi,captured,2025-11-29T10:43:28+05:30
pay_00000000001031,order_0000001031,518.63,card,captured,2025-11-20T16:04:41+05:30
pay_00000000001032,order_0000001032,14590.99,card,captured,2025-11-21T12:41:19+05:30
pay_00000000001033,order_0000001033,313.99,upi,captured,2025-11-14T04:27:20+05:30
pay_00000000001034,order_0000001034,214.54,upi,captured,2025-11-13T16:11:52+05:30
pay_00000000001035,order_0000001035,575.66,card,captured,2025-11-18T17:51:03+05:30
pay_00000000001036,order_0000001036,930.99,upi,captured,2025-11-09T13:01:55+05:30
pay_00000000001037,order_0000001037,939.99,upi,captured,2025-11-26T10:48:17+05:30
pay_00000000001038,order_0000001038,511.00,upi,captured,2025-11-17T13:00:35+05:30
pay_00000000001039,order_0000001039,2198.00,card,captured,2025-11-27T17:04:09+05:30
pay_00000000001040,order_0000001040,714.21,upi,captured,2025-11-27T16:15:31+05:30
pay_00000000001041,order_0000001041,234.53,wallet,captured,2025-11-17T17:06:27+05:30
pay_00000000001042,order_0000001042,327.00,wallet,captured,2025-11-12T20:46:32+05:30
pay_00000000001043,order_0000001043,3009.30,card,captured,2025-11-23T16:58:54+05:30
pay_00000000001044,order_0000001044,1735.00,upi,captured,2025-11-09T21:59:18+05:30
pay_00000000001045,order_0000001045,892.00,upi,captured,2025-11-17T17:08:43+05:30
pay_00000000001046,order_0000001046,193.40,upi,captured,2025-11-08T16:48:04+05:30
pay_00000000001047,order_0000001047,897.00,upi,captured,2025-11-14T01:55:28+05:30
pay_00000000001048,order_0000001048,1032.09,card,captured,2025-11-09T13:42:50+05:30
pay_00000000001049,order_0000001049,7713.72,upi,failed,2025-11-16T16:27:24+05:30
pay_00000000001050,order_0000001050,903.99,upi,captured,2025-11-28T10:02:57+05:30
pay_00000000001051,order_0000001051,1069.03,upi,captured,2025-11-02T15:11:51+05:30
pay_00000000001052,order_0000001052,362.99,upi,captured,2025-11-11T23:58:33+05:30
pay_00000000001053,order_0000001053,13748.02,upi,captured,2025-11-20T23:33:57+05:30
pay_00000000001054,order_0000001054,433.19,upi,captured,2025-11-07T17:40:13+05:30
pay_00000000001055,order_0000001055,263.00,upi,captured,2025-11-23T19:28:53+05:30
pay_00000000001056,order_0000001056,220.00,upi,captured,2025-11-20T17:50:23+05:30
pay_00000000001057,order_0000001057,2616.42,upi,captured,2025-11-02T22:51:05+05:30
pay_00000000001058,order_0000001058,528.84,upi,captured,2025-11-02T20:42:25+05:30
pay_00000000001059,order_0000001059,123.99,upi,captured,2025-11-24T11:38:55+05:30
pay_00000000001060,order_0000001060,380.00,upi,captured,2025-11-29T13:31:29+05:30
pay_00000000001061,order_0000001061,12750.00,upi,captured,2025-11-02T00:21:53+05:30
pay_00000000001062,order_0000001062,682.00,upi,captured,2025-11-12T10:18:22+05:30
pay_00000000001063,order_0000001063,2275.05,upi,captured,2025-11-12T15:51:55+05:30
pay_00000000001064,order_0000001064,465.05,netbanking,captured,2025-11-28T18:51:05+05:30
pay_00000000001065,order_0000001065,824.23,card,failed,2025-11-19T02:19:05+05:30
pay_00000000001066,order_0000001066,856.39,card,failed,2025-11-16T20:37:51+05:30
pay_00000000001067,order_0000001067,608.99,upi,captured,2025-11-06T22:05:05+05:30
pay_00000000001068,order_0000001068,1062.99,netbanking,captured,2025-11-01T13:15:32+05:30
pay_00000000001069,order_0000001069,508.92,wallet,captured,2025-11-27T06:46:12+05:30
pay_00000000001070,order_0000001070,651.16,upi,captured,2025-11-06T16:53:06+05:30
pay_00000000001071,order_0000001071,3917.00,upi,captured,2025-11-04T22:39:24+05:30
pay_00000000001072,order_0000001072,714.00,upi,captured,2025-11-23T18:30:26+05:30
pay_00000000001073,order_0000001073,1432.78,upi,captured,2025-11-04T11:49:01+05:30
pay_00000000001074,order_0000001074,866.99,card,captured,2025-11-24T01:59:13+05:30
pay_00000000001075,order_0000001075,703.07,upi,captured,2025-11-24T03:24:33+05:30
pay_00000000001076,order_0000001076,9644.00,card,captured,2025-11-02T20:33:17+05:30
pay_00000000001077,order_0000001077,272.00,upi,failed,2025-11-26T20:31:39+05:30
pay_00000000001078,order_0000001078,101.45,card,captured,2025-11-05T22:21:10+05:30
pay_00000000001079,order_0000001079,900.95,upi,captured,2025-11-29T23:52:17+05:30
pay_00000000001080,order_0000001080,299.10,upi,captured,2025-11-15T20:04:30+05:30
pay_00000000001081,order_0000001081,713.79,wallet,captured,2025-11-11T19:04:04+05:30
pay_00000000001082,order_0000001082,681.99,wallet,failed,2025-11-18T17:14:56+05:30
pay_00000000001083,order_0000001083,535.99,netbanking,captured,2025-11-20T03:57:25+05:30
pay_00000000001084,order_0000001084,938.75,upi,captured,2025-11-10T15:50:03+05:30
pay_00000000001085,order_0000001085,435.00,upi,captured,2025-11-10T07:46:49+05:30
pay_00000000001086,order_0000001086,1038.00,upi,failed,2025-11-03T22:22:06+05:30
pay_00000000001087,order_0000001087,1235.99,card,captured,2025-11-10T16:31:52+05:30
pay_00000000001088,order_0000001088,282.44,card,captured,2025-11-08T03:02:23+05:30
pay_00000000001089,order_0000001089,702.99,card,captured,2025-11-28T01:41:01+05:30
pay_00000000001090,order_0000001090,454.00,upi,captured,2025-11-25T19:26:44+05:30
pay_00000000001091,order_0000001091,787.00,card,captured,2025-11-07T23:08:03+05:30
pay_00000000001092,order_0000001092,164.00,netbanking,captured,2025-11-14T18:57:02+05:30
pay_00000000001093,order_0000001093,411.08,card,captured,2025-11-14T04:15:07+05:30
pay_00000000001094,order_0000001094,2097.64,wallet,captured,2025-11-25T23:17:02+05:30
pay_00000000001095,order_0000001095,427.87,upi,captured,2025-11-21T12:10:12+05:30
pay_00000000001096,order_0000001096,255.71,upi,captured,2025-11-08T12:10:13+05:30
pay_00000000001097,order_0000001097,928.00,upi,captured,2025-11-26T01:37:37+05:30
pay_00000000001098,order_0000001098,199.99,upi,captured,2025-11-30T12:16:15+05:30
pay_00000000001099,order_0000001099,442.89,upi,captured,2025-11-18T20:24:25+05:30
pay_00000000001100,order_0000001100,2486.50,card,captured,2025-11-15T08:33:40+05:30
pay_00000000001101,order_0000001101,636.47,upi,captured,2025-11-22T16:45:16+05:30
pay_00000000001102,order_0000001102,242.99,netbanking,captured,2025-11-06T08:30:36+05:30
pay_00000000001103,order_0000001103,714.00,card,captured,2025-11-20T15:47:15+05:30
pay_00000000001104,order_0000001104,425.00,upi,captured,2025-11-23T14:12:15+05:30
pay_00000000001105,order_0000001105,3447.99,card,captured,2025-11-21T12:24:38+05:30
pay_00000000001106,order_0000001106,696.16,card,captured,2025-11-16T21:42:33+05:30
pay_00000000001107,order_0000001107,3148.57,upi,captured,2025-11-17T20:13:06+05:30
pay_00000000001108,order_0000001108,888.46,upi,captured,2025-11-08T07:47:19+05:30
pay_00000000001109,order_0000001109,950.99,card,failed,2025-11-08T15:56:55+05:30
pay_00000000001110,order_0000001110,788.00,card,captured,2025-11-15T16:51:00+05:30
pay_00000000001111,order_0000001111,3455.99,card,captured,2025-11-01T18:03:49+05:30
pay_00000000001112,order_0000001112,495.79,netbanking,captured,2025-11-23T22:11:06+05:30
pay_00000000001113,order_0000001113,717.03,card,captured,2025-11-25T19:00:16+05:30
pay_00000000001114,order_0000001114,1022.99,card,captured,2025-11-12T02:45:56+05:30
pay_00000000001115,order_0000001115,903.00,wallet,captured,2025-11-08T00:39:52+05:30
pay_00000000001116,order_0000001116,2951.99,upi,captured,2025-11-16T10:14:09+05:30
pay_00000000001117,order_0000001117,243.99,card,captured,2025-11-24T19:33:25+05:30
pay_00000000001118,order_0000001118,360.27,wallet,captured,2025-11-25T19:41:55+05:30
pay_00000000001119,order_0000001119,618.50,card,captured,2025-11-06T03:56:35+05:30
pay_00000000001120,order_0000001120,1063.99,upi,captured,2025-11-11T23:27:01+05:30
pay_00000000001121,order_0000001121,122.61,card,captured,2025-11-08T22:43:32+05:30
pay_00000000001122,order_0000001122,259.99,upi,captured,2025-11-08T12:11:12+05:30
pay_00000000001123,order_0000001123,1025.00,netbanking,captured,2025-11-02T18:43:20+05:30
pay_00000000001124,order_0000001124,1898.04,card,captured,2025-11-15T16:49:44+05:30
pay_00000000001125,order_0000001125,708.50,upi,captured,2025-11-28T07:13:58+05:30
pay_00000000001126,order_0000001126,1033.71,netbanking,captured,2025-11-27T20:14:08+05:30
pay_00000000001127,order_0000001127,549.08,upi,captured,2025-11-07T16:30:20+05:30
pay_00000000001128,order_0000001128,954.55,upi,captured,2025-11-27T15:01:53+05:30
pay_00000000001129,order_0000001129,886.63,card,captured,2025-11-11T13:19:37+05:30
pay_00000000001130,order_0000001130,474.42,netbanking,captured,2025-11-18T12:31:54+05:30
pay_00000000001131,order_0000001131,10260.35,upi,captured,2025-11-06T20:44:22+05:30
pay_00000000001132,order_0000001132,775.56,card,captured,2025-11-14T11:14:57+05:30
pay_00000000001133,order_0000001133,1222.44,wallet,captured,2025-11-23T11:01:09+05:30
pay_00000000001134,order_0000001134,366.41,netbanking,captured,2025-11-07T23:17:39+05:30
pay_00000000001135,order_0000001135,236.64,card,captured,2025-11-19T22:52:35+05:30
pay_00000000001136,order_0000001136,611.65,upi,captured,2025-11-14T06:11:50+05:30
pay_00000000001137,order_0000001137,1632.83,upi,captured,2025-11-17T00:28:30+05:30
pay_00000000001138,order_0000001138,695.82,upi,captured,2025-11-08T15:20:54+05:30
pay_00000000001139,order_0000001139,134.08,netbanking,captured,2025-11-23T04:21:26+05:30
pay_00000000001140,order_0000001140,858.01,netbanking,captured,2025-11-25T16:01:25+05:30
pay_00000000001141,order_0000001141,987.99,card,captured,2025-11-24T18:15:27+05:30
pay_00000000001142,order_0000001142,498.36,card,captured,2025-11-01T23:40:06+05:30
pay_00000000001143,order_0000001143,758.00,upi,captured,2025-11-20T20:58:40+05:30
pay_00000000001144,order_0000001144,485.99,upi,captured,2025-11-10T10:43:25+05:30
pay_00000000001145,order_0000001145,928.80,wallet,failed,2025-11-01T19:08:59+05:30
pay_00000000001146,order_0000001146,1567.09,upi,captured,2025-11-02T22:25:22+05:30
pay_00000000001147,order_0000001147,2445.99,upi,captured,2025-11-25T20:51:33+05:30
pay_00000000001148,order_0000001148,936.21,card,captured,2025-11-20T00:52:46+05:30
pay_00000000001149,order_0000001149,1032.99,upi,captured,2025-11-11T13:46:06+05:30
pay_00000000001150,order_0000001150,359.00,wallet,captured,2025-11-05T12:05:32+05:30
pay_00000000001151,order_0000001151,161.75,upi,captured,2025-11-01T20:18:05+05:30
pay_00000000001152,order_0000001152,347.00,upi,captured,2025-11-16T18:05:40+05:30
pay_00000000001153,order_0000001153,293.36,upi,captured,2025-11-30T17:07:37+05:30
pay_00000000001154,order_0000001154,2726.00,wallet,captured,2025-11-14T05:44:58+05:30
pay_00000000001155,order_0000001155,128.99,card,captured,2025-11-10T16:11:31+05:30
pay_00000000001156,order_0000001156,381.00,card,captured,2025-11-29T10:57:05+05:30
pay_00000000001157,order_0000001157,1979.29,card,captured,2025-11-03T22:27:34+05:30
pay_00000000001158,order_0000001158,782.98,wallet,captured,2025-11-21T17:25:17+05:30
pay_00000000001159,order_0000001159,473.00,upi,captured,2025-11-24T15:34:40+05:30
pay_00000000001160,order_0000001160,831.00,upi,captured,2025-11-17T16:20:12+05:30
pay_00000000001161,order_0000001161,3197.00,card,captured,2025-11-09T18:33:00+05:30
pay_00000000001162,order_0000001162,2341.00,upi,captured,2025-11-05T13:11:00+05:30
pay_00000000001163,order_0000001163,571.00,upi,captured,2025-11-13T14:12:36+05:30
pay_00000000001164,order_0000001164,1065.51,upi,captured,2025-11-02T23:10:26+05:30
pay_00000000001165,order_0000001165,697.99,upi,captured,2025-11-25T22:22:42+05:30
pay_00000000001166,order_0000001166,1841.23,upi,captured,2025-11-15T15:31:10+05:30
pay_00000000001167,order_0000001167,155.00,upi,captured,2025-11-04T18:02:55+05:30
pay_00000000001168,order_0000001168,505.00,upi,captured,2025-11-10T17:23:23+05:30
pay_00000000001169,order_0000001169,2657.89,upi,captured,2025-11-11T09:53:37+05:30
pay_00000000001170,order_0000001170,280.99,upi,captured,2025-11-13T16:19:28+05:30
pay_00000000001171,order_0000001171,319.10,card,failed,2025-11-29T11:38:46+05:30
pay_00000000001172,order_0000001172,571.36,wallet,captured,2025-11-18T15:13:24+05:30
pay_00000000001173,order_0000001173,597.99,upi,captured,2025-11-19T16:40:15+05:30
pay_00000000001174,order_0000001174,547.95,netbanking,captured,2025-11-10T19:50:30+05:30
pay_00000000001175,order_0000001175,230.40,wallet,captured,2025-11-03T15:56:54+05:30
pay_00000000001176,order_0000001176,747.00,upi,captured,2025-11-22T06:12:59+05:30
pay_00000000001177,order_0000001177,744.28,card,captured,2025-11-24T14:45:12+05:30
pay_00000000001178,order_0000001178,841.99,card,captured,2025-11-07T18:24:56+05:30
pay_00000000001179,order_0000001179,530.99,upi,captured,2025-11-25T14:50:29+05:30
pay_00000000001180,order_0000001180,593.89,upi,captured,2025-11-06T13:23:15+05:30
pay_00000000001181,order_0000001181,158.74,card,captured,2025-11-21T12:03:21+05:30
pay_00000000001182,order_0000001182,836.17,upi,captured,2025-11-18T01:09:13+05:30
pay_00000000001183,order_0000001183,10629.97,upi,captured,2025-11-07T18:27:48+05:30
pay_00000000001184,order_0000001184,918.71,upi,captured,2025-11-08T21:45:26+05:30
pay_00000000001185,order_0000001185,3535.62,wallet,captured,2025-11-29T14:09:47+05:30
pay_00000000001186,order_0000001186,1031.46,upi,captured,2025-11-19T22:03:44+05:30
pay_00000000001187,order_0000001187,757.41,upi,captured,2025-11-22T07:53:39+05:30
pay_00000000001188,order_0000001188,2091.99,wallet,captured,2025-11-19T21:06:49+05:30
pay_00000000001189,order_0000001189,12451.00,wallet,captured,2025-11-04T21:55:16+05:30
pay_00000000001190,order_0000001190,1055.36,upi,captured,2025-11-15T16:44:17+05:30
pay_00000000001191,order_0000001191,201.00,card,captured,2025-11-11T10:09:01+05:30
pay_00000000001192,order_0000001192,229.16,card,captured,2025-11-08T00:46:02+05:30
pay_00000000001193,order_0000001193,775.43,netbanking,captured,2025-11-14T14:28:30+05:30
pay_00000000001194,order_0000001194,171.00,card,captured,2025-11-29T01:29:01+05:30
pay_00000000001195,order_0000001195,929.99,upi,captured,2025-11-07T12:38:47+05:30
pay_00000000001196,order_0000001196,435.00,upi,failed,2025-11-13T21:16:56+05:30
pay_00000000001197,order_0000001197,721.11,upi,captured,2025-11-05T09:50:07+05:30
pay_00000000001198,order_0000001198,554.89,upi,captured,2025-11-13T15:14:31+05:30
pay_00000000001199,order_0000001199,401.99,upi,captured,2025-11-22T19:51:09+05:30
pay_00000000001200,order_0000001200,961.78,upi,failed,2025-11-24T16:48:14+05:30
pay_00000000001201,order_0000001201,153.08,wallet,captured,2025-11-06T03:23:08+05:30
pay_00000000001202,order_0000001202,610.87,netbanking,failed,2025-11-20T21:25:25+05:30
pay_00000000001203,order_0000001203,774.00,card,captured,2025-11-19T12:28:56+05:30
pay_00000000001204,order_0000001204,4032.26,card,captured,2025-11-18T10:02:14+05:30
pay_00000000001205,order_0000001205,1307.99,upi,captured,2025-11-13T11:56:22+05:30
pay_00000000001206,order_0000001206,432.73,card,captured,2025-11-06T11:43:06+05:30
pay_00000000001207,order_0000001207,261.00,upi,captured,2025-11-16T12:34:58+05:30
pay_00000000001208,order_0000001208,158.00,upi,captured,2025-11-07T11:15:42+05:30
pay_00000000001209,order_0000001209,6529.99,upi,captured,2025-11-19T19:49:57+05:30
pay_00000000001210,order_0000001210,621.32,upi,captured,2025-11-18T06:46:22+05:30
pay_00000000001211,order_0000001211,3352.38,card,captured,2025-11-02T15:12:27+05:30
pay_00000000001212,order_0000001212,656.93,upi,captured,2025-11-08T09:05:28+05:30
pay_00000000001213,order_0000001213,1661.32,upi,captured,2025-11-21T12:28:10+05:30
pay_00000000001214,order_0000001214,488.00,netbanking,captured,2025-11-15T06:03:58+05:30
pay_00000000001215,order_0000001215,608.99,wallet,captured,2025-11-16T06:24:47+05:30
pay_00000000001216,order_0000001216,3572.99,upi,captured,2025-11-25T18:25:20+05:30
pay_00000000001217,order_0000001217,2713.31,card,captured,2025-11-16T21:49:09+05:30
pay_00000000001218,order_0000001218,1077.00,upi,captured,2025-11-28T02:55:36+05:30
pay_00000000001219,order_0000001219,143.95,upi,captured,2025-11-12T22:20:51+05:30
pay_00000000001220,order_0000001220,418.77,card,captured,2025-11-13T19:22:17+05:30
pay_00000000001221,order_0000001221,916.00,upi,captured,2025-11-29T08:55:01+05:30
pay_00000000001222,order_0000001222,1007.54,upi,captured,2025-11-22T11:44:08+05:30
pay_00000000001223,order_0000001223,449.00,upi,captured,2025-11-28T15:36:35+05:30
pay_00000000001224,order_0000001224,596.00,wallet,captured,2025-11-04T07:45:56+05:30
pay_00000000001225,order_0000001225,578.00,upi,captured,2025-11-02T15:31:05+05:30
pay_00000000001226,order_0000001226,3566.30,upi,captured,2025-11-23T15:21:47+05:30
pay_00000000001227,order_0000001227,489.99,upi,captured,2025-11-13T10:30:49+05:30
pay_00000000001228,order_0000001228,740.00,upi,captured,2025-11-08T19:15:04+05:30
pay_00000000001229,order_0000001229,547.00,upi,captured,2025-11-13T20:41:11+05:30
pay_00000000001230,order_0000001230,976.99,netbanking,captured,2025-11-25T12:19:31+05:30
pay_00000000001231,order_0000001231,427.00,wallet,captured,2025-11-06T16:52:51+05:30
pay_00000000001232,order_0000001232,608.00,upi,captured,2025-11-23T19:06:33+05:30
pay_00000000001233,order_0000001233,1444.00,wallet,captured,2025-11-03T03:57:49+05:30
pay_00000000001234,order_0000001234,674.00,card,captured,2025-11-15T17:49:55+05:30
pay_00000000001235,order_0000001235,419.24,upi,captured,2025-11-19T14:42:42+05:30
pay_00000000001236,order_0000001236,729.39,upi,captured,2025-11-18T04:46:32+05:30
pay_00000000001237,order_0000001237,1283.18,upi,captured,2025-11-12T18:27:14+05:30
pay_00000000001238,order_0000001238,358.04,wallet,captured,2025-11-08T14:21:38+05:30
pay_00000000001239,order_0000001239,458.00,upi,captured,2025-11-18T23:42:26+05:30
pay_00000000001240,order_0000001240,397.98,card,captured,2025-11-26T21:49:13+05:30
pay_00000000001241,order_0000001241,182.99,upi,captured,2025-11-08T13:55:37+05:30
pay_00000000001242,order_0000001242,624.65,upi,captured,2025-11-10T19:09:39+05:30
pay_00000000001243,order_0000001243,556.00,upi,captured,2025-11-13T20:04:01+05:30
pay_00000000001244,order_0000001244,588.00,card,captured,2025-11-10T21:21:21+05:30
pay_00000000001245,order_0000001245,2240.02,upi,captured,2025-11-07T11:40:34+05:30
pay_00000000001246,order_0000001246,554.99,upi,failed,2025-11-24T09:50:14+05:30
pay_00000000001247,order_0000001247,374.00,upi,captured,2025-11-25T14:22:09+05:30
pay_00000000001248,order_0000001248,128.67,upi,captured,2025-11-13T23:44:31+05:30
pay_00000000001249,order_0000001249,249.99,netbanking,captured,2025-11-13T15:33:54+05:30
pay_00000000001250,order_0000001250,634.30,upi,captured,2025-11-29T18:15:37+05:30
pay_00000000001251,order_0000001251,2165.55,card,captured,2025-11-03T18:08:17+05:30
pay_00000000001252,order_0000001252,164.00,upi,captured,2025-11-29T20:46:54+05:30
pay_00000000001253,order_0000001253,771.99,card,captured,2025-11-08T07:34:38+05:30
pay_00000000001254,order_0000001254,3450.58,netbanking,captured,2025-11-04T07:11:45+05:30
pay_00000000001255,order_0000001255,780.99,upi,captured,2025-11-24T13:34:59+05:30
pay_00000000001256,order_0000001256,1034.00,upi,captured,2025-11-02T09:57:52+05:30
pay_00000000001257,order_0000001257,830.17,card,captured,2025-11-04T23:51:44+05:30
pay_00000000001258,order_0000001258,104.25,upi,captured,2025-11-06T13:03:02+05:30
pay_00000000001259,order_0000001259,1695.91,card,captured,2025-11-15T17:57:53+05:30
pay_00000000001260,order_0000001260,590.99,upi,captured,2025-11-13T17:35:53+05:30
pay_00000000001261,order_0000001261,852.50,wallet,captured,2025-11-13T14:12:22+05:30
pay_00000000001262,order_0000001262,278.74,upi,captured,2025-11-16T23:31:18+05:30
pay_00000000001263,order_0000001263,636.75,netbanking,captured,2025-11-29T11:50:23+05:30
pay_00000000001264,order_0000001264,590.53,card,captured,2025-11-10T15:42:42+05:30
pay_00000000001265,order_0000001265,2113.00,upi,captured,2025-11-30T19:48:33+05:30
pay_00000000001266,order_0000001266,550.69,card,captured,2025-11-08T22:02:22+05:30
pay_00000000001267,order_0000001267,314.00,upi,captured,2025-11-07T15:07:36+05:30
pay_00000000001268,order_0000001268,2118.03,card,captured,2025-11-16T09:13:23+05:30
pay_00000000001269,order_0000001269,885.99,card,captured,2025-11-03T19:39:57+05:30
pay_00000000001270,order_0000001270,1522.53,card,captured,2025-11-17T20:46:38+05:30
pay_00000000001271,order_0000001271,764.48,upi,captured,2025-11-26T17:14:05+05:30
pay_00000000001272,order_0000001272,544.00,upi,captured,2025-11-01T11:18:12+05:30
pay_00000000001273,order_0000001273,250.63,upi,captured,2025-11-05T01:29:05+05:30
pay_00000000001274,order_0000001274,1072.13,card,captured,2025-11-04T07:16:05+05:30
pay_00000000001275,order_0000001275,1070.89,upi,captured,2025-11-14T15:10:47+05:30
pay_00000000001276,order_0000001276,2625.00,card,captured,2025-11-17T15:40:04+05:30
pay_00000000001277,order_0000001277,262.05,card,captured,2025-11-19T07:44:21+05:30
pay_00000000001278,order_0000001278,946.58,upi,captured,2025-11-06T03:31:20+05:30
pay_00000000001279,order_0000001279,653.99,card,captured,2025-11-10T22:20:52+05:30
pay_00000000001280,order_0000001280,828.00,card,captured,2025-11-06T21:43:15+05:30
pay_00000000001281,order_0000001281,274.99,wallet,captured,2025-11-14T13:59:48+05:30
pay_00000000001282,order_0000001282,165.00,card,captured,2025-11-04T20:48:53+05:30
pay_00000000001283,order_0000001283,808.00,card,captured,2025-11-29T13:30:10+05:30
pay_00000000001284,order_0000001284,617.00,card,failed,2025-11-02T02:17:04+05:30
pay_00000000001285,order_0000001285,1067.25,netbanking,captured,2025-11-22T19:45:58+05:30
pay_00000000001286,order_0000001286,469.57,upi,captured,2025-11-29T20:52:15+05:30
pay_00000000001287,order_0000001287,564.99,upi,captured,2025-11-29T17:59:32+05:30
pay_00000000001288,order_0000001288,3212.00,upi,failed,2025-11-19T21:26:42+05:30
pay_00000000001289,order_0000001289,941.99,upi,captured,2025-11-30T08:24:17+05:30
pay_00000000001290,order_0000001290,284.92,wallet,captured,2025-11-08T21:10:32+05:30
pay_00000000001291,order_0000001291,182.99,netbanking,captured,2025-11-18T14:51:16+05:30
pay_00000000001292,order_0000001292,146.18,wallet,captured,2025-11-13T06:53:06+05:30
pay_00000000001293,order_0000001293,881.18,upi,captured,2025-11-19T20:37:15+05:30
pay_00000000001294,order_0000001294,641.43,wallet,captured,2025-11-07T15:35:42+05:30
pay_00000000001295,order_0000001295,750.64,upi,captured,2025-11-18T23:56:20+05:30
pay_00000000001296,order_0000001296,135.00,upi,captured,2025-11-07T12:44:26+05:30
pay_00000000001297,order_0000001297,3362.69,upi,captured,2025-11-08T12:40:16+05:30
pay_00000000001298,order_0000001298,567.99,card,captured,2025-11-23T22:40:28+05:30
pay_00000000001299,order_0000001299,859.90,card,captured,2025-11-28T13:50:27+05:30
pay_00000000001300,order_0000001300,170.64,upi,captured,2025-11-26T16:28:24+05:30
pay_00000000001301,order_0000001301,305.00,wallet,captured,2025-11-28T18:14:26+05:30
pay_00000000001302,order_0000001302,2138.69,card,captured,2025-11-06T12:10:04+05:30
pay_00000000001303,order_0000001303,510.00,netbanking,captured,2025-11-04T18:49:53+05:30
pay_00000000001304,order_0000001304,404.00,card,captured,2025-11-14T09:32:16+05:30
pay_00000000001305,order_0000001305,1273.29,upi,captured,2025-11-19T14:03:56+05:30
pay_00000000001306,order_0000001306,2823.00,wallet,captured,2025-11-22T11:13:18+05:30
pay_00000000001307,order_0000001307,299.08,card,captured,2025-11-11T22:21:03+05:30
pay_00000000001308,order_0000001308,1577.00,upi,captured,2025-11-24T19:44:35+05:30
pay_00000000001309,order_0000001309,131.00,card,captured,2025-11-02T07:26:30+05:30
pay_00000000001310,order_0000001310,669.79,upi,captured,2025-11-15T08:12:16+05:30
pay_00000000001311,order_0000001311,103.00,wallet,captured,2025-11-29T13:08:14+05:30
pay_00000000001312,order_0000001312,218.99,upi,captured,2025-11-27T22:33:22+05:30
pay_00000000001313,order_0000001313,1154.82,upi,captured,2025-11-30T19:14:45+05:30
pay_00000000001314,order_0000001314,2697.99,upi,captured,2025-11-23T14:23:30+05:30
pay_00000000001315,order_0000001315,172.00,upi,captured,2025-11-27T09:02:39+05:30
pay_00000000001316,order_0000001316,3114.59,card,captured,2025-11-01T06:41:52+05:30
pay_00000000001317,order_0000001317,6619.01,upi,captured,2025-11-24T10:42:56+05:30
pay_00000000001318,order_0000001318,1011.00,wallet,captured,2025-11-20T10:47:56+05:30
pay_00000000001319,order_0000001319,2437.62,card,captured,2025-11-01T06:10:28+05:30
pay_00000000001320,order_0000001320,165.47,netbanking,captured,2025-11-18T16:37:32+05:30
pay_00000000001321,order_0000001321,808.00,upi,captured,2025-11-14T13:10:46+05:30
pay_00000000001322,order_0000001322,1175.64,upi,captured,2025-11-05T12:04:01+05:30
pay_00000000001323,order_0000001323,740.99,upi,captured,2025-11-12T19:36:41+05:30
pay_00000000001324,order_0000001324,917.20,netbanking,captured,2025-11-22T19:31:28+05:30
pay_00000000001325,order_0000001325,796.00,card,captured,2025-11-14T16:13:31+05:30
pay_00000000001326,order_0000001326,701.42,upi,captured,2025-11-21T19:20:43+05:30
pay_00000000001327,order_0000001327,276.99,upi,captured,2025-11-03T06:36:30+05:30
pay_00000000001328,order_0000001328,686.23,card,captured,2025-11-01T20:00:58+05:30
pay_00000000001329,order_0000001329,423.99,card,captured,2025-11-12T19:49:31+05:30
pay_00000000001330,order_0000001330,252.96,upi,captured,2025-11-19T13:00:55+05:30
pay_00000000001331,order_0000001331,616.00,card,captured,2025-11-07T12:00:47+05:30
pay_00000000001332,order_0000001332,1013.00,card,captured,2025-11-24T13:26:56+05:30
pay_00000000001333,order_0000001333,692.00,upi,captured,2025-11-05T14:20:23+05:30
pay_00000000001334,order_0000001334,471.06,upi,captured,2025-11-07T21:46:29+05:30
pay_00000000001335,order_0000001335,1732.76,card,captured,2025-11-25T18:00:18+05:30
pay_00000000001336,order_0000001336,875.53,upi,captured,2025-11-08T16:50:35+05:30
pay_00000000001337,order_0000001337,3347.30,card,captured,2025-11-27T08:47:00+05:30
pay_00000000001338,order_0000001338,944.99,netbanking,captured,2025-11-09T22:42:23+05:30
pay_00000000001339,order_0000001339,2921.00,upi,captured,2025-11-04T12:22:01+05:30
pay_00000000001340,order_0000001340,780.20,card,captured,2025-11-10T18:37:52+05:30
pay_00000000001341,order_0000001341,2011.92,upi,captured,2025-11-30T20:33:07+05:30
pay_00000000001342,order_0000001342,2635.35,wallet,captured,2025-11-09T07:23:04+05:30
pay_00000000001343,order_0000001343,388.93,netbanking,captured,2025-11-01T05:03:38+05:30
pay_00000000001344,order_0000001344,1812.00,card,captured,2025-11-15T20:47:38+05:30
pay_00000000001345,order_0000001345,958.00,card,captured,2025-11-01T22:47:36+05:30
pay_00000000001346,order_0000001346,6525.99,upi,captured,2025-11-03T11:28:54+05:30
pay_00000000001347,order_0000001347,196.99,upi,captured,2025-11-10T15:23:47+05:30
pay_00000000001348,order_0000001348,117.00,upi,captured,2025-11-20T18:45:20+05:30
pay_00000000001349,order_0000001349,2982.99,card,captured,2025-11-10T13:49:28+05:30
pay_00000000001350,order_0000001350,332.97,netbanking,captured,2025-11-19T18:04:01+05:30
pay_00000000001351,order_0000001351,623.73,upi,captured,2025-11-04T04:29:46+05:30
pay_00000000001352,order_0000001352,256.99,card,captured,2025-11-13T22:12:07+05:30
pay_00000000001353,order_0000001353,2980.00,upi,captured,2025-11-10T17:17:43+05:30
pay_00000000001354,order_0000001354,8323.00,upi,captured,2025-11-12T17:15:24+05:30
pay_00000000001355,order_0000001355,2614.99,upi,captured,2025-11-11T21:57:50+05:30
pay_00000000001356,order_0000001356,866.67,card,captured,2025-11-27T13:07:04+05:30
pay_00000000001357,order_0000001357,2138.17,upi,captured,2025-11-30T13:05:22+05:30
pay_00000000001358,order_0000001358,1519.43,wallet,captured,2025-11-06T15:09:04+05:30
pay_00000000001359,order_0000001359,356.99,wallet,captured,2025-11-26T20:40:25+05:30
pay_00000000001360,order_0000001360,13572.17,upi,captured,2025-11-12T15:21:08+05:30
pay_00000000001361,order_0000001361,3541.00,card,captured,2025-11-22T16:13:50+05:30
pay_00000000001362,order_0000001362,749.90,upi,captured,2025-11-04T23:03:51+05:30
pay_00000000001363,order_0000001363,2062.00,card,captured,2025-11-06T10:04:39+05:30
pay_00000000001364,order_0000001364,268.99,upi,captured,2025-11-19T12:18:21+05:30
pay_00000000001365,order_0000001365,534.00,wallet,captured,2025-11-09T20:53:51+05:30
pay_00000000001366,order_0000001366,1075.86,upi,captured,2025-11-20T11:13:43+05:30
pay_00000000001367,order_0000001367,419.03,card,captured,2025-11-19T19:04:29+05:30
pay_00000000001368,order_0000001368,779.99,upi,captured,2025-11-30T08:58:12+05:30
pay_00000000001369,order_0000001369,109.00,netbanking,captured,2025-11-28T16:42:32+05:30
pay_00000000001370,order_0000001370,589.01,upi,captured,2025-11-19T09:39:30+05:30
pay_00000000001371,order_0000001371,1016.00,card,failed,2025-11-09T22:30:53+05:30
pay_00000000001372,order_0000001372,408.98,card,captured,2025-11-12T16:15:15+05:30
pay_00000000001373,order_0000001373,630.99,card,captured,2025-11-17T16:26:25+05:30
pay_00000000001374,order_0000001374,770.55,netbanking,captured,2025-11-09T14:20:55+05:30
pay_00000000001375,order_0000001375,840.02,card,captured,2025-11-18T07:40:43+05:30
pay_00000000001376,order_0000001376,295.99,netbanking,captured,2025-11-10T14:31:53+05:30
pay_00000000001377,order_0000001377,139.99,upi,captured,2025-11-14T18:46:35+05:30
pay_00000000001378,order_0000001378,483.99,wallet,captured,2025-11-13T11:03:49+05:30
pay_00000000001379,order_0000001379,487.07,upi,captured,2025-11-11T10:24:09+05:30
pay_00000000001380,order_0000001380,1062.69,upi,captured,2025-11-05T14:38:29+05:30
pay_00000000001381,order_0000001381,551.83,upi,captured,2025-11-27T23:11:25+05:30
pay_00000000001382,order_0000001382,326.99,card,captured,2025-11-05T15:01:57+05:30
pay_00000000001383,order_0000001383,4275.00,card,captured,2025-11-18T19:33:45+05:30
pay_00000000001384,order_0000001384,112.00,card,captured,2025-11-14T23:26:17+05:30
pay_00000000001385,order_0000001385,246.00,card,captured,2025-11-09T07:49:02+05:30
pay_00000000001386,order_0000001386,733.46,wallet,captured,2025-11-20T12:25:34+05:30
pay_00000000001387,order_0000001387,6239.99,card,captured,2025-11-15T12:04:47+05:30
pay_00000000001388,order_0000001388,873.22,upi,captured,2025-11-17T13:01:53+05:30
pay_00000000001389,order_0000001389,947.00,netbanking,captured,2025-11-08T15:30:26+05:30
pay_00000000001390,order_0000001390,789.99,upi,captured,2025-11-20T11:29:19+05:30
pay_00000000001391,order_0000001391,201.99,upi,captured,2025-11-01T19:13:29+05:30
pay_00000000001392,order_0000001392,927.00,upi,captured,2025-11-22T12:40:45+05:30
pay_00000000001393,order_0000001393,867.99,upi,captured,2025-11-19T19:35:32+05:30
pay_00000000001394,order_0000001394,822.09,upi,failed,2025-11-26T19:49:03+05:30
pay_00000000001395,order_0000001395,2879.29,card,captured,2025-11-19T12:56:15+05:30
pay_00000000001396,order_0000001396,1030.00,upi,captured,2025-11-08T04:15:01+05:30
pay_00000000001397,order_0000001397,426.00,upi,captured,2025-11-15T12:16:30+05:30
pay_00000000001398,order_0000001398,301.54,card,captured,2025-11-29T16:33:18+05:30
pay_00000000001399,order_0000001399,681.09,upi,captured,2025-11-13T18:23:38+05:30
pay_00000000001400,order_0000001400,205.00,card,captured,2025-11-16T23:02:15+05:30
pay_00000000001401,order_0000001401,17116.28,card,captured,2025-11-21T08:40:46+05:30
pay_00000000001402,order_0000001402,2616.00,card,captured,2025-11-16T00:44:08+05:30
pay_00000000001403,order_0000001403,500.45,upi,captured,2025-11-02T20:39:47+05:30
pay_00000000001404,order_0000001404,882.03,upi,captured,2025-11-07T12:59:48+05:30
pay_00000000001405,order_0000001405,396.20,wallet,captured,2025-11-12T11:59:52+05:30
pay_00000000001406,order_0000001406,571.00,card,captured,2025-11-23T09:40:44+05:30
pay_00000000001407,order_0000001407,280.00,card,captured,2025-11-10T22:44:46+05:30
pay_00000000001408,order_0000001408,783.99,wallet,captured,2025-11-01T17:44:43+05:30
pay_00000000001409,order_0000001409,723.00,wallet,captured,2025-11-04T11:33:04+05:30
pay_00000000001410,order_0000001410,639.01,upi,captured,2025-11-28T02:47:05+05:30
pay_00000000001411,order_0000001411,3416.00,upi,captured,2025-11-24T21:45:27+05:30
pay_00000000001412,order_0000001412,531.23,card,captured,2025-11-20T04:02:47+05:30
pay_00000000001413,order_0000001413,428.33,netbanking,captured,2025-11-15T11:03:07+05:30
pay_00000000001414,order_0000001414,295.67,upi,captured,2025-11-28T07:47:01+05:30
pay_00000000001415,order_0000001415,152.77,card,failed,2025-11-07T14:37:35+05:30
pay_00000000001416,order_0000001416,186.00,card,captured,2025-11-03T22:57:41+05:30
pay_00000000001417,order_0000001417,643.00,upi,captured,2025-11-30T13:35:19+05:30
pay_00000000001418,order_0000001418,14463.72,wallet,captured,2025-11-16T04:08:34+05:30
pay_00000000001419,order_0000001419,2925.15,upi,captured,2025-11-06T22:04:14+05:30
pay_00000000001420,order_0000001420,690.00,netbanking,captured,2025-11-25T02:07:15+05:30
pay_00000000001421,order_0000001421,2612.74,card,captured,2025-11-10T03:57:32+05:30
pay_00000000001422,order_0000001422,345.28,card,captured,2025-11-15T06:34:05+05:30
pay_00000000001423,order_0000001423,872.47,upi,captured,2025-11-18T09:58:22+05:30
pay_00000000001424,order_0000001424,477.99,card,captured,2025-11-15T12:18:15+05:30
pay_00000000001425,order_0000001425,299.00,wallet,captured,2025-11-12T15:45:31+05:30
pay_00000000001426,order_0000001426,1907.99,card,captured,2025-11-28T23:54:32+05:30
pay_00000000001427,order_0000001427,480.99,netbanking,failed,2025-11-16T23:33:24+05:30
pay_00000000001428,order_0000001428,961.00,netbanking,captured,2025-11-02T06:01:32+05:30
pay_00000000001429,order_0000001429,390.00,card,captured,2025-11-23T15:19:26+05:30
pay_00000000001430,order_0000001430,673.03,upi,failed,2025-11-03T01:35:46+05:30
pay_00000000001431,order_0000001431,380.23,upi,captured,2025-11-26T03:28:06+05:30
pay_00000000001432,order_0000001432,16722.01,upi,captured,2025-11-10T18:48:43+05:30
pay_00000000001433,order_0000001433,507.93,upi,captured,2025-11-06T13:31:02+05:30
pay_00000000001434,order_0000001434,505.99,upi,captured,2025-11-29T18:57:18+05:30
pay_00000000001435,order_0000001435,185.00,netbanking,captured,2025-11-26T12:18:04+05:30
pay_00000000001436,order_0000001436,3029.00,upi,captured,2025-11-29T15:27:08+05:30
pay_00000000001437,order_0000001437,867.26,upi,captured,2025-11-13T13:25:56+05:30
pay_00000000001438,order_0000001438,987.99,card,captured,2025-11-04T23:07:36+05:30
pay_00000000001439,order_0000001439,383.99,upi,captured,2025-11-10T22:50:30+05:30
pay_00000000001440,order_0000001440,396.00,upi,captured,2025-11-03T10:32:21+05:30
pay_00000000001441,order_0000001441,945.15,upi,captured,2025-11-12T20:33:30+05:30
pay_00000000001442,order_0000001442,1136.25,upi,captured,2025-11-27T16:10:06+05:30
pay_00000000001443,order_0000001443,804.05,upi,captured,2025-11-12T20:28:25+05:30
pay_00000000001444,order_0000001444,150.00,netbanking,captured,2025-11-16T10:38:25+05:30
pay_00000000001445,order_0000001445,2599.34,netbanking,captured,2025-11-23T12:03:14+05:30
pay_00000000001446,order_0000001446,526.60,card,captured,2025-11-26T18:45:23+05:30
pay_00000000001447,order_0000001447,2711.99,upi,captured,2025-11-26T03:04:53+05:30
pay_00000000001448,order_0000001448,801.00,upi,captured,2025-11-10T14:57:26+05:30
pay_00000000001449,order_0000001449,847.76,upi,captured,2025-11-17T11:56:03+05:30
pay_00000000001450,order_0000001450,337.00,upi,captured,2025-11-04T20:18:48+05:30
pay_00000000001451,order_0000001451,236.00,card,captured,2025-11-27T10:26:14+05:30
pay_00000000001452,order_0000001452,1173.34,netbanking,captured,2025-11-29T17:48:11+05:30
pay_00000000001453,order_0000001453,998.70,netbanking,captured,2025-11-14T10:17:03+05:30
pay_00000000001454,order_0000001454,4946.08,upi,captured,2025-11-12T20:00:51+05:30
pay_00000000001455,order_0000001455,995.25,upi,captured,2025-11-28T14:20:08+05:30
pay_00000000001456,order_0000001456,259.51,card,captured,2025-11-02T16:12:29+05:30
pay_00000000001457,order_0000001457,458.00,card,captured,2025-11-10T20:11:20+05:30
pay_00000000001458,order_0000001458,936.45,upi,captured,2025-11-05T22:41:02+05:30
pay_00000000001459,order_0000001459,789.06,card,captured,2025-11-15T18:10:15+05:30
pay_00000000001460,order_0000001460,260.92,upi,captured,2025-11-26T23:17:33+05:30
pay_00000000001461,order_0000001461,996.15,upi,captured,2025-11-26T20:08:24+05:30
pay_00000000001462,order_0000001462,2217.65,upi,captured,2025-11-28T18:42:06+05:30
pay_00000000001463,order_0000001463,643.00,upi,captured,2025-11-07T17:21:27+05:30
pay_00000000001464,order_0000001464,180.99,upi,captured,2025-11-15T17:50:30+05:30
pay_00000000001465,order_0000001465,925.62,upi,captured,2025-11-15T08:19:55+05:30
pay_00000000001466,order_0000001466,717.00,upi,captured,2025-11-21T23:08:46+05:30
pay_00000000001467,order_0000001467,326.08,upi,captured,2025-11-07T12:25:03+05:30
pay_00000000001468,order_0000001468,513.27,card,captured,2025-11-06T14:08:49+05:30
pay_00000000001469,order_0000001469,3294.99,card,captured,2025-11-17T09:52:58+05:30
pay_00000000001470,order_0000001470,3040.00,upi,captured,2025-11-07T22:00:38+05:30
pay_00000000001471,order_0000001471,979.99,wallet,captured,2025-11-08T13:48:40+05:30
pay_00000000001472,order_0000001472,210.15,wallet,captured,2025-11-16T05:21:36+05:30
pay_00000000001473,order_0000001473,330.00,netbanking,failed,2025-11-07T22:08:21+05:30
pay_00000000001474,order_0000001474,649.66,card,captured,2025-11-24T18:37:47+05:30
pay_00000000001475,order_0000001475,1682.23,card,captured,2025-11-04T15:01:36+05:30
pay_00000000001476,order_0000001476,371.00,upi,captured,2025-11-03T14:00:45+05:30
pay_00000000001477,order_0000001477,957.10,card,captured,2025-11-30T06:18:38+05:30
pay_00000000001478,order_0000001478,428.27,upi,captured,2025-11-17T15:42:03+05:30
pay_00000000001479,order_0000001479,442.62,card,captured,2025-11-07T08:43:48+05:30
pay_00000000001480,order_0000001480,2368.00,upi,captured,2025-11-25T22:20:12+05:30
pay_00000000001481,order_0000001481,657.61,card,captured,2025-11-02T18:11:41+05:30
pay_00000000001482,order_0000001482,512.68,upi,failed,2025-11-06T08:19:22+05:30
pay_00000000001483,order_0000001483,587.55,upi,captured,2025-11-01T13:17:19+05:30
pay_00000000001484,order_0000001484,743.40,card,captured,2025-11-27T18:31:08+05:30
pay_00000000001485,order_0000001485,818.00,wallet,captured,2025-11-19T17:38:10+05:30
pay_00000000001486,order_0000001486,5878.79,card,captured,2025-11-02T12:35:24+05:30
pay_00000000001487,order_0000001487,426.32,upi,captured,2025-11-25T01:08:46+05:30
pay_00000000001488,order_0000001488,155.81,netbanking,captured,2025-11-15T04:19:31+05:30
pay_00000000001489,order_0000001489,1032.99,upi,captured,2025-11-30T22:03:10+05:30
pay_00000000001490,order_0000001490,1323.00,upi,captured,2025-11-05T11:35:47+05:30
pay_00000000001491,order_0000001491,150.73,card,captured,2025-11-19T16:16:48+05:30
pay_00000000001492,order_0000001492,444.00,card,captured,2025-11-26T03:50:13+05:30
pay_00000000001493,order_0000001493,159.06,card,captured,2025-11-11T12:40:05+05:30
pay_00000000001494,order_0000001494,132.00,wallet,captured,2025-11-16T17:30:20+05:30
pay_00000000001495,order_0000001495,1295.91,card,captured,2025-11-18T18:56:35+05:30
pay_00000000001496,order_0000001496,254.25,upi,captured,2025-11-27T23:46:09+05:30
pay_00000000001497,order_0000001497,792.92,wallet,captured,2025-11-14T21:29:45+05:30
pay_00000000001498,order_0000001498,561.99,upi,captured,2025-11-20T18:17:17+05:30
pay_00000000001499,order_0000001499,2418.52,upi,captured,2025-11-11T02:44:55+05:30
pay_00000000001500,order_0000001500,2123.00,card,captured,2025-11-19T21:22:20+05:30
pay_00000000001501,order_0000001501,951.99,upi,captured,2025-11-03T19:31:22+05:30
pay_00000000001502,order_0000001502,787.00,upi,captured,2025-11-20T15:24:33+05:30
pay_00000000001503,order_0000001503,978.76,card,captured,2025-11-12T17:12:54+05:30
pay_00000000001504,order_0000001504,1990.37,card,captured,2025-11-02T15:32:21+05:30
pay_00000000001505,order_0000001505,163.82,netbanking,captured,2025-11-09T15:19:04+05:30
pay_00000000001506,order_0000001506,515.00,wallet,captured,2025-11-02T23:51:35+05:30
pay_00000000001507,order_0000001507,834.13,wallet,captured,2025-11-16T19:33:38+05:30
pay_00000000001508,order_0000001508,1318.69,upi,captured,2025-11-28T11:50:45+05:30
pay_00000000001509,order_0000001509,1333.41,card,captured,2025-11-25T17:45:58+05:30
pay_00000000001510,order_0000001510,1974.86,wallet,captured,2025-11-23T07:44:16+05:30
pay_00000000001511,order_0000001511,576.14,upi,captured,2025-11-20T15:07:38+05:30
pay_00000000001512,order_0000001512,3358.55,card,captured,2025-11-29T07:55:28+05:30
pay_00000000001513,order_0000001513,419.00,upi,captured,2025-11-27T17:29:26+05:30
pay_00000000001514,order_0000001514,269.69,upi,captured,2025-11-04T08:41:48+05:30
pay_00000000001515,order_0000001515,287.78,wallet,captured,2025-11-28T20:16:45+05:30
pay_00000000001516,order_0000001516,302.00,upi,captured,2025-11-06T21:14:16+05:30
pay_00000000001517,order_0000001517,637.65,upi,captured,2025-11-18T14:38:38+05:30
pay_00000000001518,order_0000001518,838.00,card,captured,2025-11-28T21:23:11+05:30
pay_00000000001519,order_0000001519,449.94,upi,captured,2025-11-21T16:36:33+05:30
pay_00000000001520,order_0000001520,2070.53,card,captured,2025-11-22T15:46:26+05:30
pay_00000000001521,order_0000001521,208.00,card,captured,2025-11-09T17:40:04+05:30
pay_00000000001522,order_0000001522,637.42,wallet,captured,2025-11-18T18:24:30+05:30
pay_00000000001523,order_0000001523,3511.99,card,captured,2025-11-25T05:16:18+05:30
pay_00000000001524,order_0000001524,929.00,upi,captured,2025-11-09T17:56:59+05:30
pay_00000000001525,order_0000001525,486.32,upi,captured,2025-11-02T20:20:51+05:30
pay_00000000001526,order_0000001526,791.00,upi,captured,2025-11-05T08:22:35+05:30
pay_00000000001527,order_0000001527,180.13,card,captured,2025-11-22T02:53:06+05:30
pay_00000000001528,order_0000001528,1066.01,upi,captured,2025-11-04T21:37:29+05:30
pay_00000000001529,order_0000001529,368.89,wallet,captured,2025-11-03T02:59:21+05:30
pay_00000000001530,order_0000001530,1883.00,card,captured,2025-11-07T12:19:05+05:30
pay_00000000001531,order_0000001531,476.00,upi,captured,2025-11-02T20:04:17+05:30
pay_00000000001532,order_0000001532,3054.99,card,captured,2025-11-19T20:08:58+05:30
pay_00000000001533,order_0000001533,648.60,upi,captured,2025-11-27T22:03:25+05:30
pay_00000000001534,order_0000001534,836.85,wallet,captured,2025-11-18T10:25:22+05:30
pay_00000000001535,order_0000001535,214.00,upi,captured,2025-11-30T18:32:16+05:30
pay_00000000001536,order_0000001536,145.95,netbanking,captured,2025-11-07T23:45:57+05:30
pay_00000000001537,order_0000001537,699.93,upi,captured,2025-11-17T16:35:25+05:30
pay_00000000001538,order_0000001538,775.00,card,captured,2025-11-24T23:35:40+05:30
pay_00000000001539,order_0000001539,289.99,wallet,captured,2025-11-23T22:00:43+05:30
pay_00000000001540,order_0000001540,980.00,upi,captured,2025-11-19T09:10:18+05:30
pay_00000000001541,order_0000001541,206.00,upi,captured,2025-11-20T18:18:57+05:30
pay_00000000001542,order_0000001542,612.32,upi,captured,2025-11-20T05:16:13+05:30
pay_00000000001543,order_0000001543,872.56,card,captured,2025-11-11T22:49:45+05:30
pay_00000000001544,order_0000001544,1667.77,card,captured,2025-11-30T07:10:29+05:30
pay_00000000001545,order_0000001545,292.90,upi,captured,2025-11-14T08:02:10+05:30
pay_00000000001546,order_0000001546,969.00,upi,captured,2025-11-19T14:48:06+05:30
pay_00000000001547,order_0000001547,748.51,netbanking,captured,2025-11-03T15:51:48+05:30
pay_00000000001548,order_0000001548,696.99,card,captured,2025-11-23T16:02:15+05:30
pay_00000000001549,order_0000001549,512.99,upi,captured,2025-11-09T10:13:51+05:30
pay_00000000001550,order_0000001550,869.00,upi,captured,2025-11-20T08:48:20+05:30
pay_00000000001551,order_0000001551,857.64,card,captured,2025-11-04T06:12:12+05:30
pay_00000000001552,order_0000001552,221.99,upi,captured,2025-11-22T19:30:38+05:30
pay_00000000001553,order_0000001553,450.00,card,captured,2025-11-17T14:03:49+05:30
pay_00000000001554,order_0000001554,246.99,card,captured,2025-11-06T23:18:35+05:30
pay_00000000001555,order_0000001555,747.00,card,captured,2025-11-28T03:58:40+05:30
pay_00000000001556,order_0000001556,526.14,card,captured,2025-11-06T12:37:54+05:30
pay_00000000001557,order_0000001557,890.49,card,captured,2025-11-05T22:03:19+05:30
pay_00000000001558,order_0000001558,265.99,upi,captured,2025-11-21T21:33:12+05:30
pay_00000000001559,order_0000001559,947.10,upi,captured,2025-11-12T17:40:50+05:30
pay_00000000001560,order_0000001560,861.00,upi,captured,2025-11-18T21:20:52+05:30
pay_00000000001561,order_0000001561,124.35,wallet,captured,2025-11-09T23:22:39+05:30
pay_00000000001562,order_0000001562,12505.08,upi,captured,2025-11-24T17:52:19+05:30
pay_00000000001563,order_0000001563,542.00,card,captured,2025-11-15T14:59:36+05:30
pay_00000000001564,order_0000001564,2515.72,upi,captured,2025-11-15T14:23:25+05:30
pay_00000000001565,order_0000001565,710.94,upi,captured,2025-11-12T10:27:49+05:30
pay_00000000001566,order_0000001566,467.00,card,captured,2025-11-06T09:56:46+05:30
pay_00000000001567,order_0000001567,16976.98,card,captured,2025-11-17T17:58:37+05:30
pay_00000000001568,order_0000001568,426.16,upi,captured,2025-11-04T02:24:59+05:30
pay_00000000001569,order_0000001569,139.67,card,captured,2025-11-02T17:33:57+05:30
pay_00000000001570,order_0000001570,278.82,upi,captured,2025-11-21T19:31:52+05:30
pay_00000000001571,order_0000001571,1079.00,upi,captured,2025-11-13T16:24:38+05:30
pay_00000000001572,order_0000001572,686.00,card,captured,2025-11-06T21:07:30+05:30
pay_00000000001573,order_0000001573,437.00,wallet,captured,2025-11-10T12:46:59+05:30
pay_00000000001574,order_0000001574,514.11,upi,captured,2025-11-08T13:26:15+05:30
pay_00000000001575,order_0000001575,2343.44,upi,captured,2025-11-12T08:07:16+05:30
pay_00000000001576,order_0000001576,3598.72,card,captured,2025-11-02T10:10:16+05:30
pay_00000000001577,order_0000001577,595.00,upi,captured,2025-11-30T11:37:30+05:30
pay_00000000001578,order_0000001578,980.00,upi,captured,2025-11-16T17:51:40+05:30
pay_00000000001579,order_0000001579,438.00,upi,captured,2025-11-19T13:18:40+05:30
pay_00000000001580,order_0000001580,922.00,upi,captured,2025-11-17T20:19:09+05:30
pay_00000000001581,order_0000001581,705.00,upi,captured,2025-11-03T22:15:11+05:30
pay_00000000001582,order_0000001582,705.99,wallet,captured,2025-11-17T14:40:46+05:30
pay_00000000001583,order_0000001583,886.17,card,captured,2025-11-28T23:19:04+05:30
pay_00000000001584,order_0000001584,563.99,wallet,captured,2025-11-06T07:03:27+05:30
pay_00000000001585,order_0000001585,1032.00,card,failed,2025-11-22T17:44:24+05:30
pay_00000000001586,order_0000001586,957.17,card,captured,2025-11-09T17:42:57+05:30
pay_00000000001587,order_0000001587,11320.99,upi,captured,2025-11-20T20:16:41+05:30
pay_00000000001588,order_0000001588,585.02,upi,captured,2025-11-09T21:51:59+05:30
pay_00000000001589,order_0000001589,495.43,wallet,captured,2025-11-20T03:26:04+05:30
pay_00000000001590,order_0000001590,208.00,wallet,captured,2025-11-24T04:29:42+05:30
pay_00000000001591,order_0000001591,764.43,wallet,captured,2025-11-15T13:38:09+05:30
pay_00000000001592,order_0000001592,2775.99,upi,captured,2025-11-11T22:33:45+05:30
pay_00000000001593,order_0000001593,334.33,card,captured,2025-11-28T03:23:02+05:30
pay_00000000001594,order_0000001594,3518.00,upi,captured,2025-11-06T22:03:22+05:30
pay_00000000001595,order_0000001595,904.83,upi,captured,2025-11-07T19:48:12+05:30
pay_00000000001596,order_0000001596,335.00,card,captured,2025-11-26T06:44:16+05:30
pay_00000000001597,order_0000001597,123.06,wallet,captured,2025-11-05T18:07:30+05:30
pay_00000000001598,order_0000001598,211.69,upi,captured,2025-11-18T12:12:16+05:30
pay_00000000001599,order_0000001599,168.00,wallet,captured,2025-11-24T15:55:48+05:30
pay_00000000001600,order_0000001600,3463.00,wallet,captured,2025-11-12T20:44:38+05:30
pay_00000000001601,order_0000001601,223.00,upi,captured,2025-11-21T20:37:58+05:30
pay_00000000001602,order_0000001602,793.99,card,captured,2025-11-17T12:03:16+05:30
pay_00000000001603,order_0000001603,728.39,card,captured,2025-11-25T20:29:00+05:30
pay_00000000001604,order_0000001604,1022.00,card,captured,2025-11-01T17:36:05+05:30
pay_00000000001605,order_0000001605,180.55,card,captured,2025-11-23T17:09:16+05:30
pay_00000000001606,order_0000001606,620.45,upi,captured,2025-11-09T10:03:11+05:30
pay_00000000001607,order_0000001607,487.99,upi,failed,2025-11-10T16:09:11+05:30
pay_00000000001608,order_0000001608,714.97,upi,captured,2025-11-11T14:27:48+05:30
pay_00000000001609,order_0000001609,2134.99,upi,failed,2025-11-29T21:47:36+05:30
pay_00000000001610,order_0000001610,515.00,wallet,captured,2025-11-05T22:41:21+05:30
pay_00000000001611,order_0000001611,2006.00,netbanking,captured,2025-11-08T11:26:46+05:30
pay_00000000001612,order_0000001612,5679.00,upi,captured,2025-11-17T08:04:49+05:30
pay_00000000001613,order_0000001613,783.84,upi,captured,2025-11-21T19:34:19+05:30
pay_00000000001614,order_0000001614,304.51,wallet,captured,2025-11-10T19:51:29+05:30
pay_00000000001615,order_0000001615,122.08,wallet,captured,2025-11-03T11:40:43+05:30
pay_00000000001616,order_0000001616,943.00,card,captured,2025-11-18T14:48:12+05:30
pay_00000000001617,order_0000001617,919.46,upi,captured,2025-11-23T19:03:43+05:30
pay_00000000001618,order_0000001618,970.67,netbanking,captured,2025-11-26T22:01:58+05:30
pay_00000000001619,order_0000001619,738.55,upi,captured,2025-11-29T21:12:40+05:30
pay_00000000001620,order_0000001620,438.49,card,failed,2025-11-15T16:05:32+05:30
pay_00000000001621,order_0000001621,646.77,upi,captured,2025-11-01T19:02:03+05:30
pay_00000000001622,order_0000001622,1036.99,upi,captured,2025-11-11T13:06:01+05:30
pay_00000000001623,order_0000001623,813.99,upi,captured,2025-11-07T17:47:02+05:30
pay_00000000001624,order_0000001624,581.99,upi,captured,2025-11-21T13:05:33+05:30
pay_00000000001625,order_0000001625,597.75,upi,captured,2025-11-15T05:42:29+05:30
pay_00000000001626,order_0000001626,698.00,upi,captured,2025-11-29T07:24:25+05:30
pay_00000000001627,order_0000001627,327.99,card,captured,2025-11-17T05:00:05+05:30
pay_00000000001628,order_0000001628,16908.67,card,captured,2025-11-25T07:31:59+05:30
pay_00000000001629,order_0000001629,3194.00,card,captured,2025-11-18T15:05:43+05:30
pay_00000000001630,order_0000001630,191.00,card,captured,2025-11-10T14:05:53+05:30
pay_00000000001631,order_0000001631,660.81,netbanking,captured,2025-11-04T13:19:30+05:30
pay_00000000001632,order_0000001632,99.99,upi,captured,2025-11-30T17:21:10+05:30
pay_00000000001633,order_0000001633,907.00,upi,captured,2025-11-20T21:41:12+05:30
pay_00000000001634,order_0000001634,710.00,card,captured,2025-11-08T12:40:01+05:30
pay_00000000001635,order_0000001635,744.29,wallet,captured,2025-11-24T07:17:15+05:30
pay_00000000001636,order_0000001636,705.00,netbanking,captured,2025-11-17T21:32:33+05:30
pay_00000000001637,order_0000001637,820.68,upi,captured,2025-11-15T03:41:19+05:30
pay_00000000001638,order_0000001638,740.30,card,captured,2025-11-30T23:52:15+05:30
pay_00000000001639,order_0000001639,553.00,upi,captured,2025-11-20T09:46:28+05:30
pay_00000000001640,order_0000001640,952.99,upi,captured,2025-11-22T15:17:52+05:30
pay_00000000001641,order_0000001641,3186.79,card,captured,2025-11-13T05:09:50+05:30
pay_00000000001642,order_0000001642,107.93,upi,captured,2025-11-18T21:13:06+05:30
pay_00000000001643,order_0000001643,577.46,netbanking,captured,2025-11-23T06:25:57+05:30
pay_00000000001644,order_0000001644,117.09,upi,captured,2025-11-11T14:38:23+05:30
pay_00000000001645,order_0000001645,640.99,upi,captured,2025-11-01T10:22:41+05:30
pay_00000000001646,order_0000001646,2430.00,upi,captured,2025-11-11T11:39:38+05:30
pay_00000000001647,order_0000001647,447.92,card,captured,2025-11-24T06:33:06+05:30
pay_00000000001648,order_0000001648,793.00,upi,captured,2025-11-22T15:56:34+05:30
pay_00000000001649,order_0000001649,713.37,upi,captured,2025-11-26T13:06:39+05:30
pay_00000000001650,order_0000001650,815.37,upi,failed,2025-11-09T14:02:37+05:30
pay_00000000001651,order_0000001651,620.99,wallet,captured,2025-11-25T19:37:49+05:30
pay_00000000001652,order_0000001652,1088.99,upi,captured,2025-11-22T23:33:16+05:30
pay_00000000001653,order_0000001653,198.99,upi,captured,2025-11-25T20:14:08+05:30
pay_00000000001654,order_0000001654,252.00,upi,captured,2025-11-05T16:22:46+05:30
pay_00000000001655,order_0000001655,1099.13,card,captured,2025-11-19T11:39:44+05:30
pay_00000000001656,order_0000001656,750.54,upi,captured,2025-11-17T14:23:11+05:30
pay_00000000001657,order_0000001657,3363.22,upi,captured,2025-11-16T13:09:05+05:30
pay_00000000001658,order_0000001658,182.31,netbanking,captured,2025-11-07T13:10:09+05:30
pay_00000000001659,order_0000001659,819.33,wallet,captured,2025-11-19T00:57:21+05:30
pay_00000000001660,order_0000001660,4480.00,upi,captured,2025-11-13T06:11:39+05:30
pay_00000000001661,order_0000001661,720.56,netbanking,captured,2025-11-25T16:27:59+05:30
pay_00000000001662,order_0000001662,1019.99,netbanking,captured,2025-11-17T21:29:18+05:30
pay_00000000001663,order_0000001663,1326.84,upi,captured,2025-11-20T07:33:30+05:30
pay_00000000001664,order_0000001664,432.80,card,captured,2025-11-15T15:44:31+05:30
pay_00000000001665,order_0000001665,572.00,upi,captured,2025-11-08T05:58:57+05:30
pay_00000000001666,order_0000001666,798.27,card,captured,2025-11-14T12:18:49+05:30
pay_00000000001667,order_0000001667,548.00,upi,captured,2025-11-27T12:24:26+05:30
pay_00000000001668,order_0000001668,720.22,upi,captured,2025-11-10T04:40:53+05:30
pay_00000000001669,order_0000001669,3976.15,upi,captured,2025-11-09T09:33:08+05:30
pay_00000000001670,order_0000001670,1052.00,netbanking,captured,2025-11-23T19:59:52+05:30
pay_00000000001671,order_0000001671,1052.32,upi,captured,2025-11-09T21:45:36+05:30
pay_00000000001672,order_0000001672,194.32,upi,captured,2025-11-17T07:14:12+05:30
pay_00000000001673,order_0000001673,1060.32,card,captured,2025-11-20T17:37:55+05:30
pay_00000000001674,order_0000001674,973.00,card,captured,2025-11-21T17:14:33+05:30
pay_00000000001675,order_0000001675,251.84,card,captured,2025-11-05T19:35:57+05:30
pay_00000000001676,order_0000001676,678.68,card,captured,2025-11-14T09:00:40+05:30
pay_00000000001677,order_0000001677,962.00,card,captured,2025-11-13T23:27:50+05:30
pay_00000000001678,order_0000001678,748.00,card,captured,2025-11-06T16:36:18+05:30
pay_00000000001679,order_0000001679,860.59,upi,captured,2025-11-15T10:24:15+05:30
pay_00000000001680,order_0000001680,952.00,upi,captured,2025-11-14T09:23:15+05:30
pay_00000000001681,order_0000001681,690.80,card,captured,2025-11-04T16:22:25+05:30
pay_00000000001682,order_0000001682,577.22,wallet,captured,2025-11-06T05:55:19+05:30
pay_00000000001683,order_0000001683,601.00,card,captured,2025-11-21T14:37:38+05:30
pay_00000000001684,order_0000001684,689.92,card,captured,2025-11-04T08:27:51+05:30
pay_00000000001685,order_0000001685,740.49,upi,captured,2025-11-19T07:23:29+05:30
pay_00000000001686,order_0000001686,333.92,upi,captured,2025-11-21T20:26:07+05:30
pay_00000000001687,order_0000001687,429.00,upi,captured,2025-11-11T00:03:54+05:30
pay_00000000001688,order_0000001688,403.72,netbanking,captured,2025-11-26T17:49:51+05:30
pay_00000000001689,order_0000001689,179.86,card,captured,2025-11-22T06:16:51+05:30
pay_00000000001690,order_0000001690,709.99,upi,captured,2025-11-08T21:49:27+05:30
pay_00000000001691,order_0000001691,827.66,upi,captured,2025-11-18T14:01:18+05:30
pay_00000000001692,order_0000001692,749.00,upi,captured,2025-11-23T15:14:41+05:30
pay_00000000001693,order_0000001693,410.92,upi,failed,2025-11-24T10:19:01+05:30
pay_00000000001694,order_0000001694,677.99,card,captured,2025-11-18T09:41:54+05:30
pay_00000000001695,order_0000001695,7713.99,upi,captured,2025-11-21T11:39:54+05:30
pay_00000000001696,order_0000001696,249.00,card,captured,2025-11-01T18:46:41+05:30
pay_00000000001697,order_0000001697,122.00,upi,captured,2025-11-24T12:46:12+05:30
pay_00000000001698,order_0000001698,916.00,upi,captured,2025-11-06T13:29:33+05:30
pay_00000000001699,order_0000001699,974.32,wallet,captured,2025-11-04T09:01:27+05:30
pay_00000000001700,order_0000001700,1611.00,upi,failed,2025-11-01T21:07:56+05:30
pay_00000000001701,order_0000001701,790.01,netbanking,captured,2025-11-19T03:49:50+05:30
pay_00000000001702,order_0000001702,249.56,card,captured,2025-11-04T16:50:09+05:30
pay_00000000001703,order_0000001703,820.15,card,captured,2025-11-23T20:59:56+05:30
pay_00000000001704,order_0000001704,567.03,netbanking,captured,2025-11-16T11:25:55+05:30
pay_00000000001705,order_0000001705,769.99,upi,captured,2025-11-10T06:58:14+05:30
pay_00000000001706,order_0000001706,1901.85,upi,captured,2025-11-07T07:05:59+05:30
pay_00000000001707,order_0000001707,351.99,card,captured,2025-11-21T07:17:31+05:30
pay_00000000001708,order_0000001708,2351.71,wallet,captured,2025-11-25T14:24:53+05:30
pay_00000000001709,order_0000001709,2805.31,card,captured,2025-11-07T16:17:15+05:30
pay_00000000001710,order_0000001710,389.00,card,captured,2025-11-01T17:45:57+05:30
pay_00000000001711,order_0000001711,1017.80,upi,captured,2025-11-13T18:49:07+05:30
pay_00000000001712,order_0000001712,461.19,wallet,captured,2025-11-16T09:35:16+05:30
pay_00000000001713,order_0000001713,864.99,card,captured,2025-11-03T09:38:17+05:30
pay_00000000001714,order_0000001714,439.67,card,captured,2025-11-08T15:58:46+05:30
pay_00000000001715,order_0000001715,654.80,upi,captured,2025-11-23T10:37:10+05:30
pay_00000000001716,order_0000001716,976.46,upi,captured,2025-11-08T09:34:05+05:30
pay_00000000001717,order_0000001717,15764.00,upi,captured,2025-11-02T22:47:21+05:30
pay_00000000001718,order_0000001718,811.74,netbanking,captured,2025-11-13T05:46:33+05:30
pay_00000000001719,order_0000001719,704.00,upi,captured,2025-11-01T03:55:06+05:30
pay_00000000001720,order_0000001720,350.99,card,captured,2025-11-12T02:16:51+05:30
pay_00000000001721,order_0000001721,1066.99,upi,captured,2025-11-17T12:09:32+05:30
pay_00000000001722,order_0000001722,1630.00,upi,captured,2025-11-21T14:26:05+05:30
pay_00000000001723,order_0000001723,694.00,upi,captured,2025-11-10T12:16:47+05:30
pay_00000000001724,order_0000001724,2504.00,wallet,captured,2025-11-24T08:29:33+05:30
pay_00000000001725,order_0000001725,1074.00,card,captured,2025-11-07T11:10:36+05:30
pay_00000000001726,order_0000001726,924.12,card,captured,2025-11-14T21:46:21+05:30
pay_00000000001727,order_0000001727,231.00,upi,captured,2025-11-28T04:18:01+05:30
pay_00000000001728,order_0000001728,903.00,upi,captured,2025-11-17T17:19:49+05:30
pay_00000000001729,order_0000001729,3058.00,card,captured,2025-11-27T22:13:19+05:30
pay_00000000001730,order_0000001730,688.00,upi,captured,2025-11-07T21:17:37+05:30
pay_00000000001731,order_0000001731,313.26,wallet,captured,2025-11-09T17:55:01+05:30
pay_00000000001732,order_0000001732,934.25,netbanking,captured,2025-11-18T10:29:25+05:30
pay_00000000001733,order_0000001733,905.75,upi,captured,2025-11-30T01:12:03+05:30
pay_00000000001734,order_0000001734,742.99,card,captured,2025-11-20T12:53:36+05:30
pay_00000000001735,order_0000001735,638.87,card,captured,2025-11-18T23:16:20+05:30
pay_00000000001736,order_0000001736,347.70,upi,captured,2025-11-05T09:01:57+05:30
pay_00000000001737,order_0000001737,935.00,upi,captured,2025-11-19T20:46:41+05:30
pay_00000000001738,order_0000001738,809.89,upi,captured,2025-11-16T09:24:11+05:30
pay_00000000001739,order_0000001739,13481.26,upi,captured,2025-11-28T09:13:30+05:30
pay_00000000001740,order_0000001740,503.99,upi,captured,2025-11-14T17:26:17+05:30
pay_00000000001741,order_0000001741,1889.42,upi,captured,2025-11-14T21:02:50+05:30
pay_00000000001742,order_0000001742,1028.50,upi,captured,2025-11-02T04:17:59+05:30
pay_00000000001743,order_0000001743,946.52,wallet,captured,2025-11-18T05:49:07+05:30
pay_00000000001744,order_0000001744,961.19,wallet,captured,2025-11-25T23:34:51+05:30
pay_00000000001745,order_0000001745,493.49,card,captured,2025-11-19T07:49:05+05:30
pay_00000000001746,order_0000001746,315.00,upi,captured,2025-11-23T02:39:50+05:30
pay_00000000001747,order_0000001747,688.44,wallet,captured,2025-11-21T22:40:37+05:30
pay_00000000001748,order_0000001748,1938.00,card,captured,2025-11-15T22:57:31+05:30
pay_00000000001749,order_0000001749,3029.00,card,captured,2025-11-17T14:00:37+05:30
pay_00000000001750,order_0000001750,640.65,netbanking,captured,2025-11-24T19:30:52+05:30
pay_00000000001751,order_0000001751,1721.09,card,captured,2025-11-14T23:44:41+05:30
pay_00000000001752,order_0000001752,503.00,wallet,captured,2025-11-17T07:38:57+05:30
pay_00000000001753,order_0000001753,198.76,upi,captured,2025-11-18T14:34:21+05:30
pay_00000000001754,order_0000001754,1385.49,card,captured,2025-11-13T19:39:05+05:30
pay_00000000001755,order_0000001755,212.06,upi,captured,2025-11-27T15:36:13+05:30
pay_00000000001756,order_0000001756,700.00,upi,captured,2025-11-23T18:35:25+05:30
pay_00000000001757,order_0000001757,840.99,upi,captured,2025-11-02T23:37:36+05:30
pay_00000000001758,order_0000001758,2794.00,card,captured,2025-11-17T09:38:51+05:30
pay_00000000001759,order_0000001759,929.00,upi,captured,2025-11-23T06:16:08+05:30
pay_00000000001760,order_0000001760,219.99,card,captured,2025-11-16T05:46:09+05:30
pay_00000000001761,order_0000001761,528.41,card,captured,2025-11-19T12:41:46+05:30
pay_00000000001762,order_0000001762,146.34,netbanking,captured,2025-11-20T02:39:21+05:30
pay_00000000001763,order_0000001763,529.99,upi,captured,2025-11-01T20:13:21+05:30
pay_00000000001764,order_0000001764,660.31,upi,captured,2025-11-01T12:33:00+05:30
pay_00000000001765,order_0000001765,474.99,upi,captured,2025-11-28T10:51:12+05:30
pay_00000000001766,order_0000001766,945.97,upi,captured,2025-11-09T23:25:16+05:30
pay_00000000001767,order_0000001767,956.87,card,captured,2025-11-03T13:10:49+05:30
pay_00000000001768,order_0000001768,2293.39,upi,captured,2025-11-28T13:38:04+05:30
pay_00000000001769,order_0000001769,3354.99,upi,captured,2025-11-19T19:41:39+05:30
pay_00000000001770,order_0000001770,165.00,wallet,captured,2025-11-25T01:18:17+05:30
pay_00000000001771,order_0000001771,267.97,upi,captured,2025-11-26T01:45:29+05:30
pay_00000000001772,order_0000001772,1063.00,upi,captured,2025-11-26T10:55:42+05:30
pay_00000000001773,order_0000001773,1455.25,upi,captured,2025-11-12T22:47:26+05:30
pay_00000000001774,order_0000001774,1045.99,card,captured,2025-11-20T13:49:00+05:30
pay_00000000001775,order_0000001775,1315.27,upi,captured,2025-11-11T11:46:51+05:30
pay_00000000001776,order_0000001776,329.99,upi,captured,2025-11-12T10:33:49+05:30
pay_00000000001777,order_0000001777,3361.26,card,captured,2025-11-28T20:23:36+05:30
pay_00000000001778,order_0000001778,301.77,netbanking,captured,2025-11-30T16:01:59+05:30
pay_00000000001779,order_0000001779,596.03,netbanking,captured,2025-11-22T06:50:22+05:30
pay_00000000001780,order_0000001780,711.99,upi,captured,2025-11-14T20:44:08+05:30
pay_00000000001781,order_0000001781,572.00,wallet,captured,2025-11-22T21:51:23+05:30
pay_00000000001782,order_0000001782,237.99,card,captured,2025-11-05T04:56:33+05:30
pay_00000000001783,order_0000001783,577.00,card,captured,2025-11-28T17:39:45+05:30
pay_00000000001784,order_0000001784,261.17,netbanking,captured,2025-11-26T14:56:36+05:30
pay_00000000001785,order_0000001785,1111.94,upi,captured,2025-11-16T13:47:51+05:30
pay_00000000001786,order_0000001786,191.59,card,captured,2025-11-24T02:30:24+05:30
pay_00000000001787,order_0000001787,786.00,netbanking,captured,2025-11-24T13:12:08+05:30
pay_00000000001788,order_0000001788,2450.68,card,captured,2025-11-08T01:34:59+05:30
pay_00000000001789,order_0000001789,748.90,wallet,captured,2025-11-04T05:33:41+05:30
pay_00000000001790,order_0000001790,319.99,card,captured,2025-11-11T06:32:20+05:30
pay_00000000001791,order_0000001791,225.00,upi,captured,2025-11-06T15:56:53+05:30
pay_00000000001792,order_0000001792,629.88,upi,captured,2025-11-24T18:30:56+05:30
pay_00000000001793,order_0000001793,282.99,upi,captured,2025-11-29T14:04:58+05:30
pay_00000000001794,order_0000001794,763.87,upi,captured,2025-11-15T15:19:12+05:30
pay_00000000001795,order_0000001795,558.90,upi,captured,2025-11-26T13:24:55+05:30
pay_00000000001796,order_0000001796,553.00,upi,captured,2025-11-04T17:12:04+05:30
pay_00000000001797,order_0000001797,1834.89,card,captured,2025-11-28T23:54:14+05:30
pay_00000000001798,order_0000001798,272.99,card,captured,2025-11-02T17:57:04+05:30
pay_00000000001799,order_0000001799,852.68,card,failed,2025-11-05T17:37:55+05:30
pay_00000000001800,order_0000001800,1075.29,card,captured,2025-11-02T23:29:06+05:30
pay_00000000001801,order_0000001801,1256.28,card,captured,2025-11-30T08:14:32+05:30
pay_00000000001802,order_0000001802,966.00,card,captured,2025-11-15T23:42:15+05:30
pay_00000000001803,order_0000001803,803.32,upi,captured,2025-11-01T19:34:15+05:30
pay_00000000001804,order_0000001804,578.00,netbanking,captured,2025-11-07T09:29:51+05:30
pay_00000000001805,order_0000001805,368.44,card,captured,2025-11-29T20:26:02+05:30
pay_00000000001806,order_0000001806,923.67,upi,captured,2025-11-04T15:39:42+05:30
pay_00000000001807,order_0000001807,225.99,card,captured,2025-11-27T17:49:19+05:30
pay_00000000001808,order_0000001808,198.99,upi,captured,2025-11-14T18:57:51+05:30
pay_00000000001809,order_0000001809,416.00,upi,captured,2025-11-30T05:44:30+05:30
pay_00000000001810,order_0000001810,980.99,upi,captured,2025-11-20T07:49:32+05:30
pay_00000000001811,order_0000001811,822.00,upi,captured,2025-11-07T11:18:10+05:30
pay_00000000001812,order_0000001812,13687.99,card,captured,2025-11-22T20:31:31+05:30
pay_00000000001813,order_0000001813,346.00,upi,captured,2025-11-21T13:52:56+05:30
pay_00000000001814,order_0000001814,490.00,upi,captured,2025-11-10T00:51:24+05:30
pay_00000000001815,order_0000001815,622.99,card,captured,2025-11-27T17:10:03+05:30
pay_00000000001816,order_0000001816,563.37,upi,captured,2025-11-10T13:28:00+05:30
pay_00000000001817,order_0000001817,297.69,upi,captured,2025-11-18T21:57:11+05:30
pay_00000000001818,order_0000001818,182.99,card,captured,2025-11-28T09:53:57+05:30
pay_00000000001819,order_0000001819,99.49,upi,captured,2025-11-23T06:17:31+05:30
pay_00000000001820,order_0000001820,1094.00,upi,failed,2025-11-13T12:56:57+05:30
pay_00000000001821,order_0000001821,3352.04,wallet,captured,2025-11-30T14:38:37+05:30
pay_00000000001822,order_0000001822,122.99,upi,captured,2025-11-05T19:39:58+05:30
pay_00000000001823,order_0000001823,871.16,upi,captured,2025-11-09T02:55:26+05:30
pay_00000000001824,order_0000001824,619.99,upi,captured,2025-11-29T21:42:58+05:30
pay_00000000001825,order_0000001825,1466.74,upi,captured,2025-11-30T16:57:28+05:30
pay_00000000001826,order_0000001826,450.99,wallet,captured,2025-11-05T18:13:06+05:30
pay_00000000001827,order_0000001827,2527.48,upi,captured,2025-11-16T17:27:26+05:30
pay_00000000001828,order_0000001828,1042.47,upi,captured,2025-11-03T02:50:05+05:30
pay_00000000001829,order_0000001829,1024.46,card,captured,2025-11-14T10:24:15+05:30
pay_00000000001830,order_0000001830,746.99,netbanking,captured,2025-11-14T07:20:30+05:30
pay_00000000001831,order_0000001831,151.00,upi,captured,2025-11-12T15:44:14+05:30
pay_00000000001832,order_0000001832,480.99,card,captured,2025-11-10T23:19:40+05:30
pay_00000000001833,order_0000001833,2443.99,upi,captured,2025-11-21T22:24:21+05:30
pay_00000000001834,order_0000001834,1452.88,upi,captured,2025-11-17T14:17:56+05:30
pay_00000000001835,order_0000001835,2909.62,upi,captured,2025-11-22T12:34:30+05:30
pay_00000000001836,order_0000001836,370.20,upi,failed,2025-11-30T23:03:22+05:30
pay_00000000001837,order_0000001837,389.62,wallet,captured,2025-11-24T18:31:32+05:30
pay_00000000001838,order_0000001838,2367.99,card,captured,2025-11-14T16:15:14+05:30
pay_00000000001839,order_0000001839,15755.56,netbanking,captured,2025-11-11T21:47:23+05:30
pay_00000000001840,order_0000001840,870.90,card,captured,2025-11-04T17:24:09+05:30
pay_00000000001841,order_0000001841,557.75,wallet,captured,2025-11-27T20:15:51+05:30
pay_00000000001842,order_0000001842,214.99,upi,captured,2025-11-24T23:05:33+05:30
pay_00000000001843,order_0000001843,525.23,upi,captured,2025-11-21T18:39:02+05:30
pay_00000000001844,order_0000001844,959.00,netbanking,captured,2025-11-07T08:08:34+05:30
pay_00000000001845,order_0000001845,1729.47,upi,captured,2025-11-20T21:24:31+05:30
pay_00000000001846,order_0000001846,400.00,upi,captured,2025-11-04T11:50:39+05:30
pay_00000000001847,order_0000001847,99.00,upi,captured,2025-11-21T18:34:18+05:30
pay_00000000001848,order_0000001848,1106.05,card,captured,2025-11-11T22:58:33+05:30
pay_00000000001849,order_0000001849,885.15,upi,captured,2025-11-07T22:59:56+05:30
pay_00000000001850,order_0000001850,603.46,netbanking,captured,2025-11-16T15:01:20+05:30
pay_00000000001851,order_0000001851,135.46,card,captured,2025-11-09T13:36:09+05:30
pay_00000000001852,order_0000001852,846.00,upi,captured,2025-11-22T04:58:22+05:30
pay_00000000001853,order_0000001853,713.00,netbanking,captured,2025-11-06T16:53:04+05:30
pay_00000000001854,order_0000001854,624.86,card,captured,2025-11-24T14:38:27+05:30
pay_00000000001855,order_0000001855,578.00,upi,captured,2025-11-29T07:01:09+05:30
pay_00000000001856,order_0000001856,962.56,netbanking,captured,2025-11-18T17:59:07+05:30
pay_00000000001857,order_0000001857,282.26,card,captured,2025-11-17T19:07:49+05:30
pay_00000000001858,order_0000001858,722.00,upi,captured,2025-11-12T13:48:22+05:30
pay_00000000001859,order_0000001859,859.05,card,captured,2025-11-04T11:32:11+05:30
pay_00000000001860,order_0000001860,598.99,upi,captured,2025-11-26T18:37:19+05:30
pay_00000000001861,order_0000001861,959.91,upi,captured,2025-11-30T01:22:21+05:30
pay_00000000001862,order_0000001862,644.14,upi,captured,2025-11-10T01:14:36+05:30
pay_00000000001863,order_0000001863,253.00,upi,captured,2025-11-28T09:36:53+05:30
pay_00000000001864,order_0000001864,404.99,card,failed,2025-11-30T14:53:56+05:30
pay_00000000001865,order_0000001865,2012.00,card,failed,2025-11-27T21:20:02+05:30
pay_00000000001866,order_0000001866,1239.99,upi,captured,2025-11-26T05:58:25+05:30
pay_00000000001867,order_0000001867,813.85,card,captured,2025-11-27T02:30:15+05:30
pay_00000000001868,order_0000001868,1048.73,upi,captured,2025-11-01T01:39:23+05:30
pay_00000000001869,order_0000001869,808.00,card,captured,2025-11-09T21:07:22+05:30
pay_00000000001870,order_0000001870,755.25,upi,captured,2025-11-26T20:36:14+05:30
pay_00000000001871,order_0000001871,296.00,upi,captured,2025-11-17T12:21:09+05:30
pay_00000000001872,order_0000001872,994.00,upi,captured,2025-11-04T12:45:37+05:30
pay_00000000001873,order_0000001873,516.00,upi,captured,2025-11-17T23:17:09+05:30
pay_00000000001874,order_0000001874,963.82,card,captured,2025-11-13T06:29:19+05:30
pay_00000000001875,order_0000001875,358.77,upi,captured,2025-11-06T15:41:40+05:30
pay_00000000001876,order_0000001876,1211.89,upi,captured,2025-11-16T12:24:38+05:30
pay_00000000001877,order_0000001877,1036.18,card,captured,2025-11-14T22:21:15+05:30
pay_00000000001878,order_0000001878,180.00,upi,captured,2025-11-25T21:17:08+05:30
pay_00000000001879,order_0000001879,2457.23,wallet,captured,2025-11-22T17:48:41+05:30
pay_00000000001880,order_0000001880,560.13,netbanking,captured,2025-11-25T20:22:22+05:30
pay_00000000001881,order_0000001881,1590.00,card,captured,2025-11-09T20:53:46+05:30
pay_00000000001882,order_0000001882,150.99,card,captured,2025-11-28T06:32:02+05:30
pay_00000000001883,order_0000001883,523.27,netbanking,captured,2025-11-19T16:15:25+05:30
pay_00000000001884,order_0000001884,562.99,upi,captured,2025-11-09T19:49:50+05:30
pay_00000000001885,order_0000001885,3521.68,upi,captured,2025-11-02T16:42:46+05:30
pay_00000000001886,order_0000001886,15063.89,card,captured,2025-11-01T21:25:56+05:30
pay_00000000001887,order_0000001887,497.11,upi,captured,2025-11-07T20:24:28+05:30
pay_00000000001888,order_0000001888,1078.00,upi,captured,2025-11-15T15:42:57+05:30
pay_00000000001889,order_0000001889,132.46,card,captured,2025-11-07T23:05:26+05:30
pay_00000000001890,order_0000001890,758.99,wallet,captured,2025-11-06T18:57:50+05:30
pay_00000000001891,order_0000001891,627.00,wallet,captured,2025-11-08T20:51:16+05:30
pay_00000000001892,order_0000001892,3021.21,upi,captured,2025-11-08T15:13:22+05:30
pay_00000000001893,order_0000001893,113.28,upi,captured,2025-11-12T19:42:03+05:30
pay_00000000001894,order_0000001894,986.00,netbanking,captured,2025-11-04T09:36:55+05:30
pay_00000000001895,order_0000001895,1006.06,card,captured,2025-11-27T19:59:11+05:30
pay_00000000001896,order_0000001896,927.99,upi,captured,2025-11-05T14:20:53+05:30
pay_00000000001897,order_0000001897,522.89,card,captured,2025-11-08T10:59:15+05:30
pay_00000000001898,order_0000001898,494.70,upi,captured,2025-11-21T16:22:33+05:30
pay_00000000001899,order_0000001899,982.00,netbanking,captured,2025-11-23T10:25:22+05:30
pay_00000000001900,order_0000001900,705.00,card,failed,2025-11-16T12:18:39+05:30
pay_00000000001901,order_0000001901,921.36,upi,captured,2025-11-03T21:32:07+05:30
pay_00000000001902,order_0000001902,2980.03,upi,captured,2025-11-14T18:55:12+05:30
pay_00000000001903,order_0000001903,1019.58,card,captured,2025-11-23T17:32:14+05:30
pay_00000000001904,order_0000001904,937.89,upi,captured,2025-11-25T23:18:40+05:30
pay_00000000001905,order_0000001905,789.00,card,captured,2025-11-28T12:21:44+05:30
pay_00000000001906,order_0000001906,3088.00,upi,captured,2025-11-15T14:37:19+05:30
pay_00000000001907,order_0000001907,1032.01,upi,captured,2025-11-10T00:53:41+05:30
pay_00000000001908,order_0000001908,610.99,upi,captured,2025-11-17T13:52:32+05:30
pay_00000000001909,order_0000001909,2883.01,upi,captured,2025-11-19T22:09:23+05:30
pay_00000000001910,order_0000001910,1000.00,upi,captured,2025-11-25T18:58:54+05:30
pay_00000000001911,order_0000001911,472.00,netbanking,captured,2025-11-03T13:07:10+05:30
pay_00000000001912,order_0000001912,2188.80,card,captured,2025-11-26T14:22:29+05:30
pay_00000000001913,order_0000001913,143.88,netbanking,captured,2025-11-08T08:42:35+05:30
pay_00000000001914,order_0000001914,318.99,netbanking,captured,2025-11-09T12:17:02+05:30
pay_00000000001915,order_0000001915,780.99,netbanking,captured,2025-11-30T09:16:23+05:30
pay_00000000001916,order_0000001916,659.00,upi,captured,2025-11-20T13:12:30+05:30
pay_00000000001917,order_0000001917,433.00,upi,failed,2025-11-15T04:52:34+05:30
pay_00000000001918,order_0000001918,595.00,card,captured,2025-11-16T20:11:52+05:30
pay_00000000001919,order_0000001919,638.20,upi,captured,2025-11-22T23:33:07+05:30
pay_00000000001920,order_0000001920,502.99,card,captured,2025-11-06T20:00:50+05:30
pay_00000000001921,order_0000001921,1711.00,upi,captured,2025-11-18T12:56:32+05:30
pay_00000000001922,order_0000001922,1067.55,upi,captured,2025-11-11T06:54:57+05:30
pay_00000000001923,order_0000001923,10295.24,card,captured,2025-11-11T14:20:30+05:30
pay_00000000001924,order_0000001924,801.00,upi,captured,2025-11-15T17:14:23+05:30
pay_00000000001925,order_0000001925,1689.50,card,captured,2025-11-04T12:25:56+05:30
pay_00000000001926,order_0000001926,1026.00,upi,captured,2025-11-08T17:18:56+05:30
pay_00000000001927,order_0000001927,187.70,netbanking,captured,2025-11-28T08:35:51+05:30
pay_00000000001928,order_0000001928,510.00,card,captured,2025-11-11T23:24:13+05:30
pay_00000000001929,order_0000001929,1024.25,upi,failed,2025-11-01T01:10:22+05:30
pay_00000000001930,order_0000001930,3017.00,upi,captured,2025-11-22T15:26:47+05:30
pay_00000000001931,order_0000001931,468.56,upi,captured,2025-11-26T18:20:16+05:30
pay_00000000001932,order_0000001932,561.35,netbanking,captured,2025-11-19T18:57:09+05:30
pay_00000000001933,order_0000001933,956.26,upi,captured,2025-11-12T15:28:22+05:30
pay_00000000001934,order_0000001934,1399.00,card,captured,2025-11-24T13:05:33+05:30
pay_00000000001935,order_0000001935,214.99,upi,captured,2025-11-27T16:10:22+05:30
pay_00000000001936,order_0000001936,523.49,upi,captured,2025-11-19T18:42:31+05:30
pay_00000000001937,order_0000001937,658.28,upi,failed,2025-11-14T17:25:03+05:30
pay_00000000001938,order_0000001938,539.07,upi,captured,2025-11-27T00:31:00+05:30
pay_00000000001939,order_0000001939,263.32,netbanking,captured,2025-11-28T02:54:05+05:30
pay_00000000001940,order_0000001940,539.86,card,captured,2025-11-26T07:12:20+05:30
pay_00000000001941,order_0000001941,9618.00,card,captured,2025-11-21T09:12:22+05:30
pay_00000000001942,order_0000001942,1627.00,card,captured,2025-11-23T08:15:51+05:30
pay_00000000001943,order_0000001943,570.00,card,captured,2025-11-26T09:36:24+05:30
pay_00000000001944,order_0000001944,739.00,wallet,failed,2025-11-01T20:41:11+05:30
pay_00000000001945,order_0000001945,894.00,netbanking,captured,2025-11-11T09:57:44+05:30
pay_00000000001946,order_0000001946,261.24,upi,captured,2025-11-29T00:08:09+05:30
pay_00000000001947,order_0000001947,1264.41,upi,captured,2025-11-07T23:38:39+05:30
pay_00000000001948,order_0000001948,561.21,card,captured,2025-11-03T06:07:48+05:30
pay_00000000001949,order_0000001949,294.92,upi,captured,2025-11-09T17:54:25+05:30
pay_00000000001950,order_0000001950,715.99,upi,captured,2025-11-29T10:01:22+05:30
pay_00000000001951,order_0000001951,141.99,upi,captured,2025-11-11T21:51:59+05:30
pay_00000000001952,order_0000001952,1544.00,upi,captured,2025-11-14T21:19:36+05:30
pay_00000000001953,order_0000001953,11104.80,upi,captured,2025-11-21T10:56:19+05:30
pay_00000000001954,order_0000001954,1041.91,upi,captured,2025-11-16T01:38:47+05:30
pay_00000000001955,order_0000001955,254.00,upi,captured,2025-11-15T17:17:30+05:30
pay_00000000001956,order_0000001956,305.00,card,captured,2025-11-19T11:25:35+05:30
pay_00000000001957,order_0000001957,924.33,netbanking,captured,2025-11-03T13:04:36+05:30
pay_00000000001958,order_0000001958,2760.49,upi,captured,2025-11-18T05:50:34+05:30
pay_00000000001959,order_0000001959,546.18,card,captured,2025-11-25T13:07:49+05:30
pay_00000000001960,order_0000001960,127.00,card,captured,2025-11-22T22:30:57+05:30
pay_00000000001961,order_0000001961,595.51,wallet,captured,2025-11-15T08:52:16+05:30
pay_00000000001962,order_0000001962,728.99,card,captured,2025-11-13T17:55:11+05:30
pay_00000000001963,order_0000001963,742.00,upi,captured,2025-11-24T06:35:32+05:30
pay_00000000001964,order_0000001964,640.04,upi,captured,2025-11-15T22:11:06+05:30
pay_00000000001965,order_0000001965,1005.99,card,captured,2025-11-25T19:04:54+05:30
pay_00000000001966,order_0000001966,403.00,card,captured,2025-11-22T10:39:39+05:30
pay_00000000001967,order_0000001967,739.99,upi,failed,2025-11-22T14:25:25+05:30
pay_00000000001968,order_0000001968,895.18,card,captured,2025-11-27T19:31:07+05:30
pay_00000000001969,order_0000001969,722.00,upi,captured,2025-11-05T08:49:05+05:30
pay_00000000001970,order_0000001970,701.15,card,captured,2025-11-07T15:14:54+05:30
pay_00000000001971,order_0000001971,3332.81,card,captured,2025-11-22T21:42:22+05:30
pay_00000000001972,order_0000001972,429.16,wallet,captured,2025-11-09T22:15:45+05:30
pay_00000000001973,order_0000001973,945.85,upi,captured,2025-11-09T18:22:35+05:30
pay_00000000001974,order_0000001974,1454.38,card,captured,2025-11-25T19:03:13+05:30
pay_00000000001975,order_0000001975,943.99,upi,captured,2025-11-14T21:44:10+05:30
pay_00000000001976,order_0000001976,910.00,netbanking,captured,2025-11-17T18:51:04+05:30
pay_00000000001977,order_0000001977,955.28,upi,captured,2025-11-05T22:22:25+05:30
pay_00000000001978,order_0000001978,502.99,wallet,captured,2025-11-12T15:00:23+05:30
pay_00000000001979,order_0000001979,846.74,wallet,captured,2025-11-17T16:21:30+05:30
pay_00000000001980,order_0000001980,333.00,netbanking,captured,2025-11-11T12:38:37+05:30
pay_00000000001981,order_0000001981,999.99,upi,captured,2025-11-23T18:29:16+05:30
pay_00000000001982,order_0000001982,917.84,upi,captured,2025-11-27T20:28:25+05:30
pay_00000000001983,order_0000001983,13464.96,card,captured,2025-11-08T04:23:55+05:30
pay_00000000001984,order_0000001984,537.85,upi,captured,2025-11-14T09:02:35+05:30
pay_00000000001985,order_0000001985,615.00,card,captured,2025-11-18T16:18:17+05:30
pay_00000000001986,order_0000001986,105.83,upi,captured,2025-11-16T18:30:59+05:30
pay_00000000001987,order_0000001987,325.28,upi,captured,2025-11-29T17:48:43+05:30
pay_00000000001988,order_0000001988,2464.40,upi,failed,2025-11-09T22:28:20+05:30
pay_00000000001989,order_0000001989,411.99,card,captured,2025-11-16T17:40:35+05:30
pay_00000000001990,order_0000001990,897.99,upi,captured,2025-11-11T14:34:26+05:30
pay_00000000001991,order_0000001991,821.05,card,captured,2025-11-20T20:02:39+05:30
pay_00000000001992,order_0000001992,409.38,upi,captured,2025-11-22T12:32:11+05:30
pay_00000000001993,order_0000001993,257.35,wallet,captured,2025-11-03T17:18:34+05:30
pay_00000000001994,order_0000001994,407.00,upi,captured,2025-11-01T12:36:58+05:30
pay_00000000001995,order_0000001995,218.99,card,captured,2025-11-07T19:44:23+05:30
pay_00000000001996,order_0000001996,646.99,upi,captured,2025-11-14T18:14:38+05:30
pay_00000000001997,order_0000001997,960.67,wallet,captured,2025-11-08T23:33:14+05:30
pay_00000000001998,order_0000001998,560.76,upi,captured,2025-11-04T22:25:05+05:30
pay_00000000001999,order_0000001999,3283.38,netbanking,captured,2025-11-30T23:43:09+05:30
pay_00000000002000,order_0000002000,104.50,upi,captured,2025-11-05T23:20:01+05:30
pay_00000000002001,order_0000002001,875.43,card,captured,2025-11-29T19:44:05+05:30
pay_00000000002002,order_0000002002,631.38,card,captured,2025-11-15T21:04:06+05:30
pay_00000000002003,order_0000002003,271.97,upi,captured,2025-11-26T21:00:05+05:30
pay_00000000002004,order_0000002004,623.22,upi,captured,2025-11-16T18:42:03+05:30
pay_00000000002005,order_0000002005,2094.99,netbanking,captured,2025-11-16T04:23:38+05:30
pay_00000000002006,order_0000002006,908.00,upi,captured,2025-11-20T07:33:43+05:30
pay_00000000002007,order_0000002007,1069.00,upi,captured,2025-11-28T08:19:44+05:30
pay_00000000002008,order_0000002008,166.59,wallet,captured,2025-11-15T09:33:51+05:30
pay_00000000002009,order_0000002009,726.00,upi,captured,2025-11-13T17:05:25+05:30
pay_00000000002010,order_0000002010,705.00,upi,captured,2025-11-23T22:36:05+05:30
pay_00000000002011,order_0000002011,1082.00,wallet,captured,2025-11-09T02:36:55+05:30
pay_00000000002012,order_0000002012,1065.99,netbanking,captured,2025-11-19T14:33:33+05:30
pay_00000000002013,order_0000002013,127.17,upi,captured,2025-11-12T12:56:08+05:30
pay_00000000002014,order_0000002014,380.62,upi,captured,2025-11-13T07:02:47+05:30
pay_00000000002015,order_0000002015,378.00,upi,captured,2025-11-16T19:59:55+05:30
pay_00000000002016,order_0000002016,1014.26,wallet,captured,2025-11-26T21:35:55+05:30
pay_00000000002017,order_0000002017,1026.79,card,captured,2025-11-12T15:14:19+05:30
pay_00000000002018,order_0000002018,687.96,upi,captured,2025-11-20T20:56:44+05:30
pay_00000000002019,order_0000002019,803.10,card,captured,2025-11-21T16:56:05+05:30
pay_00000000002020,order_0000002020,1837.38,netbanking,captured,2025-11-19T06:38:03+05:30
pay_00000000002021,order_0000002021,1343.00,upi,captured,2025-11-20T22:27:09+05:30
pay_00000000002022,order_0000002022,945.00,card,captured,2025-11-26T15:44:26+05:30
pay_00000000002023,order_0000002023,182.91,card,captured,2025-11-17T15:18:04+05:30
pay_00000000002024,order_0000002024,231.59,upi,captured,2025-11-09T11:45:19+05:30
pay_00000000002025,order_0000002025,418.00,upi,captured,2025-11-22T05:42:57+05:30
pay_00000000002026,order_0000002026,334.00,card,captured,2025-11-19T20:35:05+05:30
pay_00000000002027,order_0000002027,377.00,wallet,captured,2025-11-18T13:50:27+05:30
pay_00000000002028,order_0000002028,1821.35,upi,captured,2025-11-18T03:40:49+05:30
pay_00000000002029,order_0000002029,914.99,card,captured,2025-11-11T21:06:11+05:30
pay_00000000002030,order_0000002030,487.97,upi,captured,2025-11-21T10:03:49+05:30
pay_00000000002031,order_0000002031,868.70,card,captured,2025-11-14T19:27:52+05:30
pay_00000000002032,order_0000002032,307.99,card,captured,2025-11-19T18:05:41+05:30
pay_00000000002033,order_0000002033,430.74,card,captured,2025-11-05T22:06:23+05:30
pay_00000000002034,order_0000002034,104.89,wallet,captured,2025-11-07T15:43:32+05:30
pay_00000000002035,order_0000002035,1230.30,card,captured,2025-11-23T15:26:05+05:30
pay_00000000002036,order_0000002036,847.00,upi,captured,2025-11-05T00:24:38+05:30
pay_00000000002037,order_0000002037,328.92,upi,failed,2025-11-01T21:52:10+05:30
pay_00000000002038,order_0000002038,506.00,netbanking,captured,2025-11-23T13:54:06+05:30
pay_00000000002039,order_0000002039,878.00,card,captured,2025-11-26T15:20:43+05:30
pay_00000000002040,order_0000002040,205.35,card,captured,2025-11-27T14:02:08+05:30
pay_00000000002041,order_0000002041,1051.99,card,captured,2025-11-04T22:49:59+05:30
pay_00000000002042,order_0000002042,2780.09,card,captured,2025-11-01T18:34:38+05:30
pay_00000000002043,order_0000002043,720.21,upi,captured,2025-11-09T10:36:49+05:30
pay_00000000002044,order_0000002044,546.00,netbanking,captured,2025-11-12T20:03:08+05:30
pay_00000000002045,order_0000002045,181.44,netbanking,captured,2025-11-23T11:31:50+05:30
pay_00000000002046,order_0000002046,501.55,netbanking,captured,2025-11-01T13:32:26+05:30
pay_00000000002047,order_0000002047,789.73,upi,captured,2025-11-02T11:05:13+05:30
pay_00000000002048,order_0000002048,200.99,card,captured,2025-11-12T14:05:50+05:30
pay_00000000002049,order_0000002049,385.06,wallet,captured,2025-11-09T08:20:12+05:30
pay_00000000002050,order_0000002050,128.85,wallet,captured,2025-11-14T15:53:25+05:30
pay_00000000002051,order_0000002051,476.00,upi,captured,2025-11-07T00:54:32+05:30
pay_00000000002052,order_0000002052,166.55,upi,failed,2025-11-20T12:21:06+05:30
pay_00000000002053,order_0000002053,914.00,netbanking,captured,2025-11-25T05:48:01+05:30
pay_00000000002054,order_0000002054,761.00,upi,captured,2025-11-18T16:56:23+05:30
pay_00000000002055,order_0000002055,877.00,upi,captured,2025-11-15T18:29:26+05:30
pay_00000000002056,order_0000002056,138.99,card,captured,2025-11-15T20:44:47+05:30
pay_00000000002057,order_0000002057,1065.71,upi,captured,2025-11-24T18:29:04+05:30
pay_00000000002058,order_0000002058,131.41,card,captured,2025-11-26T00:36:49+05:30
pay_00000000002059,order_0000002059,446.93,upi,captured,2025-11-24T02:52:14+05:30
pay_00000000002060,order_0000002060,5913.99,upi,captured,2025-11-14T14:57:33+05:30
pay_00000000002061,order_0000002061,869.99,card,captured,2025-11-24T10:50:35+05:30
pay_00000000002062,order_0000002062,2316.27,wallet,captured,2025-11-07T19:27:58+05:30
pay_00000000002063,order_0000002063,496.99,card,captured,2025-11-22T18:16:43+05:30
pay_00000000002064,order_0000002064,180.00,upi,captured,2025-11-17T18:43:14+05:30
pay_00000000002065,order_0000002065,1529.39,card,captured,2025-11-10T18:50:27+05:30
pay_00000000002066,order_0000002066,3063.32,netbanking,captured,2025-11-19T23:11:46+05:30
pay_00000000002067,order_0000002067,609.99,card,captured,2025-11-02T14:45:52+05:30
pay_00000000002068,order_0000002068,407.76,upi,captured,2025-11-05T03:59:41+05:30
pay_00000000002069,order_0000002069,664.74,card,captured,2025-11-29T14:27:10+05:30
pay_00000000002070,order_0000002070,2771.73,upi,captured,2025-11-29T20:57:58+05:30
pay_00000000002071,order_0000002071,223.19,upi,captured,2025-11-05T22:05:06+05:30
pay_00000000002072,order_0000002072,709.55,wallet,captured,2025-11-08T18:28:41+05:30
pay_00000000002073,order_0000002073,224.24,upi,captured,2025-11-20T20:55:40+05:30
pay_00000000002074,order_0000002074,706.73,card,captured,2025-11-06T13:48:57+05:30
pay_00000000002075,order_0000002075,514.48,upi,captured,2025-11-18T23:03:20+05:30
pay_00000000002076,order_0000002076,186.65,upi,captured,2025-11-02T15:11:55+05:30
pay_00000000002077,order_0000002077,891.00,card,captured,2025-11-25T13:03:15+05:30
pay_00000000002078,order_0000002078,1795.99,upi,failed,2025-11-22T19:58:06+05:30
pay_00000000002079,order_0000002079,99.68,netbanking,captured,2025-11-11T18:49:39+05:30
pay_00000000002080,order_0000002080,632.95,card,captured,2025-11-25T23:04:19+05:30
pay_00000000002081,order_0000002081,388.81,upi,captured,2025-11-24T07:41:40+05:30
pay_00000000002082,order_0000002082,2214.73,upi,captured,2025-11-27T02:28:39+05:30
pay_00000000002083,order_0000002083,874.86,card,captured,2025-11-12T12:35:06+05:30
pay_00000000002084,order_0000002084,3520.56,card,captured,2025-11-12T02:37:16+05:30
pay_00000000002085,order_0000002085,3491.00,upi,captured,2025-11-29T17:29:19+05:30
pay_00000000002086,order_0000002086,655.29,upi,captured,2025-11-19T21:39:51+05:30
pay_00000000002087,order_0000002087,161.95,upi,captured,2025-11-19T08:04:27+05:30
pay_00000000002088,order_0000002088,339.43,netbanking,captured,2025-11-21T13:18:03+05:30
pay_00000000002089,order_0000002089,531.00,upi,captured,2025-11-15T07:38:25+05:30
pay_00000000002090,order_0000002090,1726.87,upi,captured,2025-11-08T15:44:49+05:30
pay_00000000002091,order_0000002091,297.31,netbanking,captured,2025-11-11T18:59:26+05:30
pay_00000000002092,order_0000002092,106.61,netbanking,captured,2025-11-12T11:11:01+05:30
pay_00000000002093,order_0000002093,309.99,upi,captured,2025-11-01T19:21:27+05:30
pay_00000000002094,order_0000002094,843.00,wallet,captured,2025-11-14T23:55:53+05:30
pay_00000000002095,order_0000002095,918.99,card,failed,2025-11-07T18:57:48+05:30
pay_00000000002096,order_0000002096,630.33,upi,captured,2025-11-12T07:13:26+05:30
pay_00000000002097,order_0000002097,894.00,wallet,captured,2025-11-27T17:36:57+05:30
pay_00000000002098,order_0000002098,711.92,wallet,captured,2025-11-06T20:30:06+05:30
pay_00000000002099,order_0000002099,173.24,upi,captured,2025-11-28T23:42:07+05:30
pay_00000000002100,order_0000002100,3352.90,upi,captured,2025-11-30T15:59:26+05:30
pay_00000000002101,order_0000002101,540.98,upi,captured,2025-11-20T10:13:21+05:30
pay_00000000002102,order_0000002102,3390.99,netbanking,captured,2025-11-03T13:08:06+05:30
pay_00000000002103,order_0000002103,427.39,card,captured,2025-11-10T03:05:52+05:30
pay_00000000002104,order_0000002104,1641.61,netbanking,captured,2025-11-09T13:54:37+05:30
pay_00000000002105,order_0000002105,324.00,upi,captured,2025-11-29T18:54:58+05:30
pay_00000000002106,order_0000002106,1052.16,card,captured,2025-11-16T20:01:55+05:30
pay_00000000002107,order_0000002107,1012.00,card,captured,2025-11-05T10:41:03+05:30
pay_00000000002108,order_0000002108,728.48,upi,captured,2025-11-10T23:49:09+05:30
pay_00000000002109,order_0000002109,439.55,upi,captured,2025-11-23T09:19:12+05:30
pay_00000000002110,order_0000002110,923.00,card,captured,2025-11-02T22:04:04+05:30
pay_00000000002111,order_0000002111,860.99,netbanking,captured,2025-11-26T18:48:05+05:30
pay_00000000002112,order_0000002112,3120.00,upi,failed,2025-11-10T15:13:41+05:30
pay_00000000002113,order_0000002113,488.73,card,captured,2025-11-28T15:39:05+05:30
pay_00000000002114,order_0000002114,814.40,upi,captured,2025-11-08T03:40:32+05:30
pay_00000000002115,order_0000002115,598.99,card,captured,2025-11-15T12:07:21+05:30
pay_00000000002116,order_0000002116,593.47,netbanking,captured,2025-11-03T18:07:59+05:30
pay_00000000002117,order_0000002117,193.00,upi,captured,2025-11-30T15:31:40+05:30
pay_00000000002118,order_0000002118,273.00,upi,captured,2025-11-28T23:32:09+05:30
pay_00000000002119,order_0000002119,1976.00,card,captured,2025-11-11T17:39:45+05:30
pay_00000000002120,order_0000002120,308.56,upi,captured,2025-11-03T07:32:01+05:30
pay_00000000002121,order_0000002121,965.00,upi,captured,2025-11-08T04:52:54+05:30
pay_00000000002122,order_0000002122,656.41,upi,captured,2025-11-24T01:55:51+05:30
pay_00000000002123,order_0000002123,1329.61,upi,captured,2025-11-28T16:07:59+05:30
pay_00000000002124,order_0000002124,617.60,netbanking,captured,2025-11-02T17:18:58+05:30
pay_00000000002125,order_0000002125,1001.12,upi,captured,2025-11-19T23:28:44+05:30
pay_00000000002126,order_0000002126,275.99,wallet,captured,2025-11-12T21:40:26+05:30
pay_00000000002127,order_0000002127,628.00,upi,captured,2025-11-29T13:10:05+05:30
pay_00000000002128,order_0000002128,15748.32,upi,captured,2025-11-10T15:32:50+05:30
pay_00000000002129,order_0000002129,1020.22,upi,failed,2025-11-28T22:32:42+05:30
pay_00000000002130,order_0000002130,737.00,card,captured,2025-11-22T11:42:53+05:30
pay_00000000002131,order_0000002131,10472.87,upi,captured,2025-11-21T07:51:04+05:30
pay_00000000002132,order_0000002132,1793.49,netbanking,captured,2025-11-08T23:08:51+05:30
pay_00000000002133,order_0000002133,535.27,upi,captured,2025-11-07T10:51:31+05:30
pay_00000000002134,order_0000002134,2675.00,upi,failed,2025-11-08T02:46:08+05:30
pay_00000000002135,order_0000002135,768.99,upi,captured,2025-11-05T10:32:28+05:30
pay_00000000002136,order_0000002136,611.08,netbanking,captured,2025-11-23T20:15:34+05:30
pay_00000000002137,order_0000002137,946.98,netbanking,captured,2025-11-11T08:33:10+05:30
pay_00000000002138,order_0000002138,427.00,upi,captured,2025-11-11T07:39:15+05:30
pay_00000000002139,order_0000002139,925.00,upi,captured,2025-11-30T19:05:28+05:30
pay_00000000002140,order_0000002140,210.08,card,captured,2025-11-02T02:49:21+05:30
pay_00000000002141,order_0000002141,554.67,upi,captured,2025-11-07T11:30:51+05:30
pay_00000000002142,order_0000002142,330.00,upi,captured,2025-11-26T06:10:40+05:30
pay_00000000002143,order_0000002143,2699.44,netbanking,captured,2025-11-30T11:01:44+05:30
pay_00000000002144,order_0000002144,1063.99,upi,captured,2025-11-19T19:11:49+05:30
pay_00000000002145,order_0000002145,3406.99,upi,captured,2025-11-17T08:18:19+05:30
pay_00000000002146,order_0000002146,421.99,wallet,captured,2025-11-22T08:49:47+05:30
pay_00000000002147,order_0000002147,2061.00,upi,captured,2025-11-23T11:26:00+05:30
pay_00000000002148,order_0000002148,705.00,upi,failed,2025-11-29T13:58:59+05:30
pay_00000000002149,order_0000002149,680.00,upi,captured,2025-11-01T17:18:10+05:30
pay_00000000002150,order_0000002150,480.00,upi,captured,2025-11-22T18:38:28+05:30
pay_00000000002151,order_0000002151,636.99,upi,captured,2025-11-09T14:48:43+05:30
pay_00000000002152,order_0000002152,376.90,card,captured,2025-11-14T21:07:21+05:30
pay_00000000002153,order_0000002153,950.95,card,captured,2025-11-10T22:25:18+05:30
pay_00000000002154,order_0000002154,138.00,card,captured,2025-11-04T09:25:38+05:30
pay_00000000002155,order_0000002155,702.47,upi,captured,2025-11-20T23:47:55+05:30
pay_00000000002156,order_0000002156,131.97,upi,captured,2025-11-05T08:10:42+05:30
pay_00000000002157,order_0000002157,2516.85,card,captured,2025-11-26T19:53:03+05:30
pay_00000000002158,order_0000002158,2949.19,upi,captured,2025-11-02T02:35:44+05:30
pay_00000000002159,order_0000002159,1372.99,upi,captured,2025-11-13T01:30:27+05:30
pay_00000000002160,order_0000002160,8278.99,card,captured,2025-11-22T22:42:31+05:30
pay_00000000002161,order_0000002161,818.00,card,captured,2025-11-03T16:31:27+05:30
pay_00000000002162,order_0000002162,344.99,upi,captured,2025-11-01T07:46:52+05:30
pay_00000000002163,order_0000002163,813.93,wallet,captured,2025-11-26T19:28:52+05:30
pay_00000000002164,order_0000002164,335.65,upi,captured,2025-11-10T15:52:45+05:30
pay_00000000002165,order_0000002165,2398.00,card,captured,2025-11-25T06:36:59+05:30
pay_00000000002166,order_0000002166,246.03,upi,captured,2025-11-20T22:15:39+05:30
pay_00000000002167,order_0000002167,1456.72,upi,captured,2025-11-28T21:13:03+05:30
pay_00000000002168,order_0000002168,3362.99,upi,failed,2025-11-21T22:35:58+05:30
pay_00000000002169,order_0000002169,118.00,upi,captured,2025-11-24T15:44:26+05:30
pay_00000000002170,order_0000002170,1028.43,card,captured,2025-11-27T21:07:43+05:30
pay_00000000002171,order_0000002171,621.99,card,captured,2025-11-27T04:01:43+05:30
pay_00000000002172,order_0000002172,356.82,wallet,captured,2025-11-13T18:28:49+05:30
pay_00000000002173,order_0000002173,1145.00,netbanking,captured,2025-11-01T22:05:15+05:30
pay_00000000002174,order_0000002174,1053.00,upi,captured,2025-11-20T17:43:18+05:30
pay_00000000002175,order_0000002175,339.62,card,captured,2025-11-09T08:28:33+05:30
pay_00000000002176,order_0000002176,932.63,upi,captured,2025-11-20T13:47:56+05:30
pay_00000000002177,order_0000002177,3480.00,upi,captured,2025-11-13T19:26:03+05:30
pay_00000000002178,order_0000002178,949.00,upi,captured,2025-11-14T21:55:44+05:30
pay_00000000002179,order_0000002179,921.07,card,captured,2025-11-22T21:24:29+05:30
pay_00000000002180,order_0000002180,2741.36,card,captured,2025-11-26T21:28:59+05:30
pay_00000000002181,order_0000002181,2376.72,card,captured,2025-11-04T16:48:46+05:30
pay_00000000002182,order_0000002182,231.00,upi,captured,2025-11-09T06:47:17+05:30
pay_00000000002183,order_0000002183,790.98,upi,captured,2025-11-22T22:53:01+05:30
pay_00000000002184,order_0000002184,373.15,upi,captured,2025-11-03T23:33:55+05:30
pay_00000000002185,order_0000002185,163.99,card,captured,2025-11-12T13:23:19+05:30
pay_00000000002186,order_0000002186,1024.99,upi,captured,2025-11-25T08:21:53+05:30
pay_00000000002187,order_0000002187,625.00,upi,captured,2025-11-24T23:46:48+05:30
pay_00000000002188,order_0000002188,905.13,wallet,captured,2025-11-15T19:58:39+05:30
pay_00000000002189,order_0000002189,1217.00,upi,captured,2025-11-02T22:44:53+05:30
pay_00000000002190,order_0000002190,588.46,upi,captured,2025-11-20T19:07:28+05:30
pay_00000000002191,order_0000002191,4251.99,netbanking,captured,2025-11-10T13:20:23+05:30
pay_00000000002192,order_0000002192,1845.20,upi,captured,2025-11-24T14:29:14+05:30
pay_00000000002193,order_0000002193,124.07,upi,captured,2025-11-29T06:57:06+05:30
pay_00000000002194,order_0000002194,732.66,upi,captured,2025-11-20T17:14:03+05:30
pay_00000000002195,order_0000002195,3154.06,upi,captured,2025-11-26T09:16:31+05:30
pay_00000000002196,order_0000002196,744.10,upi,captured,2025-11-09T19:24:06+05:30
pay_00000000002197,order_0000002197,2944.99,wallet,captured,2025-11-06T22:03:48+05:30
pay_00000000002198,order_0000002198,2077.99,card,captured,2025-11-07T10:07:17+05:30
pay_00000000002199,order_0000002199,1033.00,upi,captured,2025-11-07T23:16:36+05:30
pay_00000000002200,order_0000002200,193.63,upi,captured,2025-11-23T03:48:07+05:30
pay_00000000002201,order_0000002201,126.49,card,captured,2025-11-03T16:44:06+05:30
pay_00000000002202,order_0000002202,890.62,wallet,captured,2025-11-10T22:39:01+05:30
pay_00000000002203,order_0000002203,922.00,upi,captured,2025-11-25T05:10:10+05:30
pay_00000000002204,order_0000002204,139.99,card,captured,2025-11-24T22:43:12+05:30
pay_00000000002205,order_0000002205,646.99,wallet,captured,2025-11-24T13:39:43+05:30
pay_00000000002206,order_0000002206,7877.30,upi,captured,2025-11-27T12:23:43+05:30
pay_00000000002207,order_0000002207,7586.15,wallet,captured,2025-11-26T21:12:35+05:30
pay_00000000002208,order_0000002208,203.99,upi,captured,2025-11-24T14:26:37+05:30
pay_00000000002209,order_0000002209,945.24,upi,captured,2025-11-14T15:24:00+05:30
pay_00000000002210,order_0000002210,1000.00,upi,captured,2025-11-06T14:00:51+05:30
pay_00000000002211,order_0000002211,677.47,card,captured,2025-11-17T15:35:58+05:30
pay_00000000002212,order_0000002212,2843.00,netbanking,captured,2025-11-11T16:31:15+05:30
pay_00000000002213,order_0000002213,281.46,card,captured,2025-11-26T20:06:21+05:30
pay_00000000002214,order_0000002214,179.88,upi,captured,2025-11-20T21:03:40+05:30
pay_00000000002215,order_0000002215,304.00,upi,captured,2025-11-20T16:39:36+05:30
pay_00000000002216,order_0000002216,197.27,card,captured,2025-11-25T02:01:42+05:30
pay_00000000002217,order_0000002217,216.38,card,captured,2025-11-22T11:32:10+05:30
pay_00000000002218,order_0000002218,876.99,card,captured,2025-11-15T18:25:49+05:30
pay_00000000002219,order_0000002219,2996.00,upi,captured,2025-11-08T20:26:26+05:30
pay_00000000002220,order_0000002220,852.51,card,captured,2025-11-11T07:52:32+05:30
pay_00000000002221,order_0000002221,172.32,upi,captured,2025-11-27T12:24:00+05:30
pay_00000000002222,order_0000002222,1052.00,wallet,captured,2025-11-01T00:00:59+05:30
pay_00000000002223,order_0000002223,684.88,card,captured,2025-11-03T19:58:13+05:30
pay_00000000002224,order_0000002224,1681.00,upi,captured,2025-11-21T21:44:53+05:30
pay_00000000002225,order_0000002225,3525.96,wallet,failed,2025-11-06T17:11:56+05:30
pay_00000000002226,order_0000002226,1368.31,upi,captured,2025-11-18T17:15:13+05:30
pay_00000000002227,order_0000002227,424.00,upi,captured,2025-11-06T19:21:02+05:30
pay_00000000002228,order_0000002228,680.80,upi,captured,2025-11-11T13:24:04+05:30
pay_00000000002229,order_0000002229,954.99,upi,captured,2025-11-27T23:37:46+05:30
pay_00000000002230,order_0000002230,543.78,upi,captured,2025-11-15T14:09:07+05:30
pay_00000000002231,order_0000002231,870.96,wallet,captured,2025-11-06T07:27:13+05:30
pay_00000000002232,order_0000002232,14638.55,card,captured,2025-11-12T20:24:43+05:30
pay_00000000002233,order_0000002233,500.10,wallet,captured,2025-11-08T11:27:09+05:30
pay_00000000002234,order_0000002234,173.93,card,captured,2025-11-06T16:35:05+05:30
pay_00000000002235,order_0000002235,988.99,upi,captured,2025-11-16T20:25:53+05:30
pay_00000000002236,order_0000002236,371.99,card,captured,2025-11-17T05:58:39+05:30
pay_00000000002237,order_0000002237,1264.00,upi,captured,2025-11-28T23:34:19+05:30
pay_00000000002238,order_0000002238,187.99,upi,captured,2025-11-22T11:56:51+05:30
pay_00000000002239,order_0000002239,766.00,upi,captured,2025-11-26T18:32:52+05:30
pay_00000000002240,order_0000002240,1060.99,netbanking,captured,2025-11-27T08:38:51+05:30
pay_00000000002241,order_0000002241,795.99,card,captured,2025-11-10T12:53:22+05:30
pay_00000000002242,order_0000002242,225.04,upi,failed,2025-11-14T19:05:15+05:30
pay_00000000002243,order_0000002243,636.41,upi,captured,2025-11-29T21:37:50+05:30
pay_00000000002244,order_0000002244,1078.14,card,captured,2025-11-07T23:57:27+05:30
pay_00000000002245,order_0000002245,135.99,upi,captured,2025-11-01T13:22:03+05:30
pay_00000000002246,order_0000002246,2251.99,upi,captured,2025-11-02T21:21:59+05:30
pay_00000000002247,order_0000002247,3171.00,wallet,captured,2025-11-25T16:08:19+05:30
pay_00000000002248,order_0000002248,1009.49,card,captured,2025-11-17T22:54:18+05:30
pay_00000000002249,order_0000002249,793.15,netbanking,captured,2025-11-26T17:41:47+05:30
pay_00000000002250,order_0000002250,811.47,card,captured,2025-11-14T09:58:45+05:30
pay_00000000002251,order_0000002251,495.00,upi,captured,2025-11-20T18:36:05+05:30
pay_00000000002252,order_0000002252,500.99,netbanking,captured,2025-11-25T18:37:30+05:30
pay_00000000002253,order_0000002253,322.99,upi,captured,2025-11-22T12:41:39+05:30
pay_00000000002254,order_0000002254,2878.70,upi,captured,2025-11-24T21:25:53+05:30
pay_00000000002255,order_0000002255,434.31,card,captured,2025-11-23T20:09:48+05:30
pay_00000000002256,order_0000002256,3573.54,wallet,captured,2025-11-08T11:21:17+05:30
pay_00000000002257,order_0000002257,923.99,wallet,captured,2025-11-12T19:31:40+05:30
pay_00000000002258,order_0000002258,840.43,card,captured,2025-11-04T06:25:03+05:30
pay_00000000002259,order_0000002259,397.64,upi,captured,2025-11-07T14:50:02+05:30
pay_00000000002260,order_0000002260,1058.99,upi,captured,2025-11-24T21:21:40+05:30
pay_00000000002261,order_0000002261,462.59,netbanking,captured,2025-11-05T14:47:26+05:30
pay_00000000002262,order_0000002262,658.14,card,captured,2025-11-19T08:33:07+05:30
pay_00000000002263,order_0000002263,4204.81,upi,captured,2025-11-09T13:21:16+05:30
pay_00000000002264,order_0000002264,510.99,upi,captured,2025-11-24T19:45:57+05:30
pay_00000000002265,order_0000002265,957.18,upi,captured,2025-11-20T00:19:16+05:30
pay_00000000002266,order_0000002266,554.00,upi,failed,2025-11-22T03:45:44+05:30
pay_00000000002267,order_0000002267,1042.34,upi,captured,2025-11-13T17:16:09+05:30
pay_00000000002268,order_0000002268,3220.93,card,captured,2025-11-23T13:25:46+05:30
pay_00000000002269,order_0000002269,945.00,upi,captured,2025-11-30T20:01:49+05:30
pay_00000000002270,order_0000002270,2557.00,upi,failed,2025-11-25T15:11:16+05:30
pay_00000000002271,order_0000002271,781.49,card,captured,2025-11-16T17:13:17+05:30
pay_00000000002272,order_0000002272,399.00,card,captured,2025-11-26T09:21:38+05:30
pay_00000000002273,order_0000002273,159.08,card,captured,2025-11-10T20:09:13+05:30
pay_00000000002274,order_0000002274,212.99,upi,captured,2025-11-17T19:58:23+05:30
pay_00000000002275,order_0000002275,222.00,upi,captured,2025-11-23T23:46:56+05:30
pay_00000000002276,order_0000002276,2862.13,netbanking,captured,2025-11-18T18:00:02+05:30
pay_00000000002277,order_0000002277,470.20,upi,captured,2025-11-29T07:43:37+05:30
pay_00000000002278,order_0000002278,298.15,card,failed,2025-11-25T22:36:25+05:30
pay_00000000002279,order_0000002279,630.54,card,captured,2025-11-26T19:51:38+05:30
pay_00000000002280,order_0000002280,777.00,upi,captured,2025-11-09T09:56:20+05:30
pay_00000000002281,order_0000002281,605.25,upi,captured,2025-11-08T08:10:27+05:30
pay_00000000002282,order_0000002282,228.00,upi,captured,2025-11-02T05:04:46+05:30
pay_00000000002283,order_0000002283,912.67,wallet,captured,2025-11-11T12:55:00+05:30
pay_00000000002284,order_0000002284,152.99,upi,captured,2025-11-28T20:02:35+05:30
pay_00000000002285,order_0000002285,1099.78,upi,captured,2025-11-17T19:25:38+05:30
pay_00000000002286,order_0000002286,873.00,card,captured,2025-11-09T21:41:13+05:30
pay_00000000002287,order_0000002287,7283.54,upi,failed,2025-11-09T23:44:59+05:30
pay_00000000002288,order_0000002288,1034.00,card,captured,2025-11-30T17:22:32+05:30
pay_00000000002289,order_0000002289,2733.27,card,captured,2025-11-27T10:35:39+05:30
pay_00000000002290,order_0000002290,100.99,card,captured,2025-11-08T08:26:44+05:30
pay_00000000002291,order_0000002291,404.00,upi,captured,2025-11-14T22:42:23+05:30
pay_00000000002292,order_0000002292,1663.99,card,captured,2025-11-21T17:18:30+05:30
pay_00000000002293,order_0000002293,801.74,wallet,captured,2025-11-18T23:03:44+05:30
pay_00000000002294,order_0000002294,908.00,upi,captured,2025-11-19T12:01:44+05:30
pay_00000000002295,order_0000002295,750.00,netbanking,captured,2025-11-20T07:46:27+05:30
pay_00000000002296,order_0000002296,1046.00,wallet,captured,2025-11-12T11:13:33+05:30
pay_00000000002297,order_0000002297,747.00,card,captured,2025-11-02T12:28:20+05:30
pay_00000000002298,order_0000002298,981.99,card,captured,2025-11-30T07:28:27+05:30
pay_00000000002299,order_0000002299,1026.88,upi,captured,2025-11-25T19:55:34+05:30
pay_00000000002300,order_0000002300,209.00,upi,captured,2025-11-13T11:24:24+05:30
pay_00000000002301,order_0000002301,2949.99,card,captured,2025-11-13T14:55:54+05:30
pay_00000000002302,order_0000002302,180.48,card,captured,2025-11-16T14:38:18+05:30
pay_00000000002303,order_0000002303,741.00,upi,captured,2025-11-05T20:18:20+05:30
pay_00000000002304,order_0000002304,995.99,upi,captured,2025-11-29T00:02:47+05:30
pay_00000000002305,order_0000002305,157.00,upi,captured,2025-11-11T12:39:36+05:30
pay_00000000002306,order_0000002306,1594.00,card,captured,2025-11-04T07:24:02+05:30
pay_00000000002307,order_0000002307,580.00,card,captured,2025-11-26T12:17:41+05:30
pay_00000000002308,order_0000002308,497.22,upi,captured,2025-11-13T12:32:41+05:30
pay_00000000002309,order_0000002309,1035.00,upi,captured,2025-11-10T10:21:02+05:30
pay_00000000002310,order_0000002310,1574.99,upi,captured,2025-11-20T23:01:24+05:30
pay_00000000002311,order_0000002311,1036.83,wallet,captured,2025-11-01T15:58:26+05:30
pay_00000000002312,order_0000002312,1032.00,upi,captured,2025-11-17T08:09:37+05:30
pay_00000000002313,order_0000002313,754.00,upi,captured,2025-11-15T20:09:43+05:30
pay_00000000002314,order_0000002314,959.99,upi,captured,2025-11-27T15:53:01+05:30
pay_00000000002315,order_0000002315,250.46,card,captured,2025-11-15T23:35:26+05:30
pay_00000000002316,order_0000002316,502.69,netbanking,captured,2025-11-04T21:27:30+05:30
pay_00000000002317,order_0000002317,1311.84,card,captured,2025-11-27T06:37:52+05:30
pay_00000000002318,order_0000002318,693.00,netbanking,captured,2025-11-22T23:00:47+05:30
pay_00000000002319,order_0000002319,265.58,upi,captured,2025-11-21T21:26:59+05:30
pay_00000000002320,order_0000002320,378.00,wallet,failed,2025-11-15T14:16:46+05:30
pay_00000000002321,order_0000002321,122.99,upi,captured,2025-11-26T00:30:46+05:30
pay_00000000002322,order_0000002322,927.17,card,captured,2025-11-24T15:59:44+05:30
pay_00000000002323,order_0000002323,166.89,card,captured,2025-11-19T17:33:06+05:30
pay_00000000002324,order_0000002324,514.06,card,captured,2025-11-23T17:16:32+05:30
pay_00000000002325,order_0000002325,331.00,upi,captured,2025-11-06T19:17:14+05:30
pay_00000000002326,order_0000002326,1056.87,wallet,captured,2025-11-30T13:13:40+05:30
pay_00000000002327,order_0000002327,594.84,card,captured,2025-11-01T16:34:48+05:30
pay_00000000002328,order_0000002328,877.00,upi,captured,2025-11-19T08:56:45+05:30
pay_00000000002329,order_0000002329,1057.03,netbanking,captured,2025-11-25T14:39:01+05:30
pay_00000000002330,order_0000002330,871.98,card,captured,2025-11-15T04:15:30+05:30
pay_00000000002331,order_0000002331,578.66,upi,captured,2025-11-28T21:23:51+05:30
pay_00000000002332,order_0000002332,845.24,card,captured,2025-11-03T15:21:38+05:30
pay_00000000002333,order_0000002333,590.00,wallet,captured,2025-11-06T10:17:15+05:30
pay_00000000002334,order_0000002334,16669.00,wallet,captured,2025-11-23T08:08:37+05:30
pay_00000000002335,order_0000002335,146.99,upi,captured,2025-11-24T16:53:40+05:30
pay_00000000002336,order_0000002336,161.48,upi,captured,2025-11-25T04:24:08+05:30
pay_00000000002337,order_0000002337,736.14,upi,captured,2025-11-29T13:08:53+05:30
pay_00000000002338,order_0000002338,1014.00,card,captured,2025-11-12T16:18:52+05:30
pay_00000000002339,order_0000002339,517.00,card,captured,2025-11-15T21:56:30+05:30
pay_00000000002340,order_0000002340,1035.00,card,captured,2025-11-15T11:25:57+05:30
pay_00000000002341,order_0000002341,377.00,upi,failed,2025-11-25T18:12:22+05:30
pay_00000000002342,order_0000002342,2606.44,netbanking,captured,2025-11-28T12:20:44+05:30
pay_00000000002343,order_0000002343,1128.99,netbanking,captured,2025-11-24T20:11:29+05:30
pay_00000000002344,order_0000002344,266.62,upi,captured,2025-11-30T20:07:47+05:30
pay_00000000002345,order_0000002345,537.87,upi,captured,2025-11-14T16:48:25+05:30
pay_00000000002346,order_0000002346,3312.00,card,captured,2025-11-15T18:48:13+05:30
pay_00000000002347,order_0000002347,422.44,upi,captured,2025-11-06T14:46:59+05:30
pay_00000000002348,order_0000002348,386.00,upi,failed,2025-11-09T11:30:24+05:30
pay_00000000002349,order_0000002349,137.98,card,captured,2025-11-17T16:00:29+05:30
pay_00000000002350,order_0000002350,730.42,card,captured,2025-11-28T17:09:24+05:30
pay_00000000002351,order_0000002351,833.00,upi,captured,2025-11-18T02:06:24+05:30
pay_00000000002352,order_0000002352,928.95,upi,captured,2025-11-27T21:26:27+05:30
pay_00000000002353,order_0000002353,758.00,card,captured,2025-11-26T10:04:21+05:30
pay_00000000002354,order_0000002354,653.00,upi,captured,2025-11-16T13:09:53+05:30
pay_00000000002355,order_0000002355,687.00,upi,captured,2025-11-30T12:25:49+05:30
pay_00000000002356,order_0000002356,11442.70,upi,captured,2025-11-06T20:40:05+05:30
pay_00000000002357,order_0000002357,497.84,wallet,captured,2025-11-30T05:15:18+05:30
pay_00000000002358,order_0000002358,551.00,wallet,captured,2025-11-02T15:25:03+05:30
pay_00000000002359,order_0000002359,207.00,card,captured,2025-11-27T17:33:12+05:30
pay_00000000002360,order_0000002360,223.98,card,captured,2025-11-30T03:30:48+05:30
pay_00000000002361,order_0000002361,1018.99,upi,captured,2025-11-22T20:38:59+05:30
pay_00000000002362,order_0000002362,228.00,netbanking,captured,2025-11-03T22:09:52+05:30
pay_00000000002363,order_0000002363,570.70,upi,captured,2025-11-01T16:15:47+05:30
pay_00000000002364,order_0000002364,102.82,upi,captured,2025-11-11T13:59:55+05:30
pay_00000000002365,order_0000002365,10296.99,netbanking,captured,2025-11-20T14:36:02+05:30
pay_00000000002366,order_0000002366,3026.00,upi,captured,2025-11-16T07:08:09+05:30
pay_00000000002367,order_0000002367,3324.00,card,captured,2025-11-08T13:06:40+05:30
pay_00000000002368,order_0000002368,369.99,upi,captured,2025-11-05T14:38:43+05:30
pay_00000000002369,order_0000002369,1060.13,wallet,captured,2025-11-28T19:30:17+05:30
pay_00000000002370,order_0000002370,410.71,netbanking,captured,2025-11-02T17:09:47+05:30
pay_00000000002371,order_0000002371,330.00,upi,captured,2025-11-17T15:42:01+05:30
pay_00000000002372,order_0000002372,1044.00,card,captured,2025-11-14T13:57:11+05:30
pay_00000000002373,order_0000002373,578.00,card,captured,2025-11-13T03:17:26+05:30
pay_00000000002374,order_0000002374,1318.00,upi,captured,2025-11-08T00:24:57+05:30
pay_00000000002375,order_0000002375,3329.00,card,captured,2025-11-27T09:36:36+05:30
pay_00000000002376,order_0000002376,566.99,card,captured,2025-11-24T01:18:07+05:30
pay_00000000002377,order_0000002377,821.74,upi,captured,2025-11-13T17:19:23+05:30
pay_00000000002378,order_0000002378,768.99,card,captured,2025-11-05T19:49:50+05:30
pay_00000000002379,order_0000002379,756.36,upi,captured,2025-11-28T13:36:42+05:30
pay_00000000002380,order_0000002380,644.90,card,captured,2025-11-16T15:35:54+05:30
pay_00000000002381,order_0000002381,1115.52,upi,captured,2025-11-18T18:12:40+05:30
pay_00000000002382,order_0000002382,923.37,upi,captured,2025-11-22T12:05:08+05:30
pay_00000000002383,order_0000002383,120.00,card,captured,2025-11-24T00:03:38+05:30
pay_00000000002384,order_0000002384,2922.93,upi,captured,2025-11-26T13:21:44+05:30
pay_00000000002385,order_0000002385,380.13,upi,captured,2025-11-05T22:26:39+05:30
pay_00000000002386,order_0000002386,3403.87,card,captured,2025-11-11T21:52:15+05:30
pay_00000000002387,order_0000002387,105.41,card,captured,2025-11-13T20:16:50+05:30
pay_00000000002388,order_0000002388,1054.00,upi,failed,2025-11-19T11:46:10+05:30
pay_00000000002389,order_0000002389,911.38,netbanking,captured,2025-11-03T06:36:02+05:30
pay_00000000002390,order_0000002390,1048.98,netbanking,captured,2025-11-13T12:29:18+05:30
pay_00000000002391,order_0000002391,1030.99,upi,captured,2025-11-14T08:41:44+05:30
pay_00000000002392,order_0000002392,3065.44,upi,captured,2025-11-02T11:07:24+05:30
pay_00000000002393,order_0000002393,721.94,upi,captured,2025-11-06T17:54:58+05:30
pay_00000000002394,order_0000002394,571.99,wallet,captured,2025-11-28T05:01:33+05:30
pay_00000000002395,order_0000002395,488.99,upi,captured,2025-11-26T07:19:35+05:30
pay_00000000002396,order_0000002396,815.16,card,captured,2025-11-05T06:24:45+05:30
pay_00000000002397,order_0000002397,563.00,wallet,captured,2025-11-28T17:20:04+05:30
pay_00000000002398,order_0000002398,330.99,upi,captured,2025-11-29T08:50:55+05:30
pay_00000000002399,order_0000002399,966.65,card,captured,2025-11-11T02:28:43+05:30
pay_00000000002400,order_0000002400,956.62,netbanking,captured,2025-11-03T19:27:08+05:30
pay_00000000002401,order_0000002401,282.32,upi,captured,2025-11-24T12:43:32+05:30
pay_00000000002402,order_0000002402,220.90,upi,captured,2025-11-17T18:47:46+05:30
pay_00000000002403,order_0000002403,387.00,upi,captured,2025-11-14T21:03:38+05:30
pay_00000000002404,order_0000002404,457.00,upi,captured,2025-11-20T09:20:56+05:30
pay_00000000002405,order_0000002405,844.05,upi,captured,2025-11-26T06:25:53+05:30
pay_00000000002406,order_0000002406,955.44,wallet,captured,2025-11-14T14:59:03+05:30
pay_00000000002407,order_0000002407,101.00,upi,captured,2025-11-20T22:45:10+05:30
pay_00000000002408,order_0000002408,715.18,card,captured,2025-11-03T18:46:59+05:30
pay_00000000002409,order_0000002409,933.86,wallet,captured,2025-11-29T19:04:27+05:30
pay_00000000002410,order_0000002410,762.35,upi,captured,2025-11-03T13:46:51+05:30
pay_00000000002411,order_0000002411,4929.00,card,captured,2025-11-18T05:24:02+05:30
pay_00000000002412,order_0000002412,525.56,netbanking,captured,2025-11-10T13:58:56+05:30
pay_00000000002413,order_0000002413,547.17,card,captured,2025-11-27T19:26:45+05:30
pay_00000000002414,order_0000002414,499.35,upi,captured,2025-11-19T13:43:39+05:30
pay_00000000002415,order_0000002415,431.00,upi,captured,2025-11-19T13:01:05+05:30
pay_00000000002416,order_0000002416,149.08,upi,captured,2025-11-28T12:06:51+05:30
pay_00000000002417,order_0000002417,433.68,card,captured,2025-11-11T18:15:23+05:30
pay_00000000002418,order_0000002418,847.99,card,captured,2025-11-29T09:18:59+05:30
pay_00000000002419,order_0000002419,236.99,card,captured,2025-11-19T20:33:17+05:30
pay_00000000002420,order_0000002420,860.99,netbanking,captured,2025-11-14T01:47:45+05:30
pay_00000000002421,order_0000002421,258.00,upi,captured,2025-11-10T01:31:57+05:30
pay_00000000002422,order_0000002422,1062.00,wallet,captured,2025-11-11T12:08:47+05:30
pay_00000000002423,order_0000002423,896.00,upi,captured,2025-11-05T21:25:12+05:30
pay_00000000002424,order_0000002424,3586.00,card,captured,2025-11-10T18:41:00+05:30
pay_00000000002425,order_0000002425,4984.61,upi,captured,2025-11-02T17:33:02+05:30
pay_00000000002426,order_0000002426,645.00,upi,failed,2025-11-23T19:44:38+05:30
pay_00000000002427,order_0000002427,646.00,upi,captured,2025-11-06T12:19:46+05:30
pay_00000000002428,order_0000002428,838.99,upi,captured,2025-11-07T17:44:38+05:30
pay_00000000002429,order_0000002429,2467.46,wallet,captured,2025-11-19T07:07:54+05:30
pay_00000000002430,order_0000002430,525.00,upi,captured,2025-11-21T21:00:41+05:30
pay_00000000002431,order_0000002431,883.36,upi,captured,2025-11-06T15:26:47+05:30
pay_00000000002432,order_0000002432,695.00,upi,captured,2025-11-17T12:41:16+05:30
pay_00000000002433,order_0000002433,2179.00,upi,failed,2025-11-23T15:53:46+05:30
pay_00000000002434,order_0000002434,605.86,upi,captured,2025-11-01T20:57:52+05:30
pay_00000000002435,order_0000002435,674.23,card,captured,2025-11-18T14:54:48+05:30
pay_00000000002436,order_0000002436,867.99,card,captured,2025-11-23T08:54:52+05:30
pay_00000000002437,order_0000002437,11983.09,upi,captured,2025-11-07T14:55:50+05:30
pay_00000000002438,order_0000002438,559.00,wallet,captured,2025-11-06T20:13:04+05:30
pay_00000000002439,order_0000002439,946.95,upi,captured,2025-11-29T10:40:56+05:30
pay_00000000002440,order_0000002440,1078.00,upi,captured,2025-11-27T06:48:30+05:30
pay_00000000002441,order_0000002441,522.00,upi,captured,2025-11-25T20:14:04+05:30
pay_00000000002442,order_0000002442,786.00,upi,captured,2025-11-03T14:37:55+05:30
pay_00000000002443,order_0000002443,427.99,netbanking,failed,2025-11-07T03:23:43+05:30
pay_00000000002444,order_0000002444,289.00,upi,captured,2025-11-02T10:40:36+05:30
pay_00000000002445,order_0000002445,1030.00,netbanking,captured,2025-11-18T09:06:06+05:30
pay_00000000002446,order_0000002446,639.02,card,captured,2025-11-17T01:28:19+05:30
pay_00000000002447,order_0000002447,462.49,upi,captured,2025-11-22T12:48:16+05:30
pay_00000000002448,order_0000002448,220.29,wallet,captured,2025-11-18T19:52:34+05:30
pay_00000000002449,order_0000002449,850.51,card,captured,2025-11-04T17:31:55+05:30
pay_00000000002450,order_0000002450,955.87,card,captured,2025-11-07T02:54:29+05:30
pay_00000000002451,order_0000002451,886.46,wallet,captured,2025-11-10T11:59:00+05:30
pay_00000000002452,order_0000002452,2921.89,card,failed,2025-11-25T17:10:55+05:30
pay_00000000002453,order_0000002453,328.21,card,captured,2025-11-05T13:38:32+05:30
pay_00000000002454,order_0000002454,177.75,upi,failed,2025-11-12T09:35:36+05:30
pay_00000000002455,order_0000002455,1051.00,upi,captured,2025-11-19T14:47:49+05:30
pay_00000000002456,order_0000002456,520.00,card,captured,2025-11-22T08:30:02+05:30
pay_00000000002457,order_0000002457,2854.45,upi,captured,2025-11-27T22:25:44+05:30
pay_00000000002458,order_0000002458,149.78,upi,captured,2025-11-13T07:01:07+05:30
pay_00000000002459,order_0000002459,237.07,upi,captured,2025-11-02T09:25:48+05:30
pay_00000000002460,order_0000002460,119.00,card,captured,2025-11-16T03:45:14+05:30
pay_00000000002461,order_0000002461,2775.95,wallet,captured,2025-11-22T09:39:57+05:30
pay_00000000002462,order_0000002462,7861.21,card,captured,2025-11-19T16:42:15+05:30
pay_00000000002463,order_0000002463,375.00,upi,captured,2025-11-29T04:25:06+05:30
pay_00000000002464,order_0000002464,855.00,card,captured,2025-11-03T17:04:53+05:30
pay_00000000002465,order_0000002465,380.00,card,captured,2025-11-13T19:27:45+05:30
pay_00000000002466,order_0000002466,301.09,netbanking,captured,2025-11-02T15:33:49+05:30
pay_00000000002467,order_0000002467,589.00,upi,captured,2025-11-17T06:24:39+05:30
pay_00000000002468,order_0000002468,429.00,upi,captured,2025-11-26T15:16:41+05:30
pay_00000000002469,order_0000002469,477.00,upi,captured,2025-11-11T21:19:24+05:30
pay_00000000002470,order_0000002470,1450.99,upi,captured,2025-11-07T16:24:49+05:30
pay_00000000002471,order_0000002471,656.00,card,captured,2025-11-05T18:43:29+05:30
pay_00000000002472,order_0000002472,466.99,wallet,failed,2025-11-17T01:22:22+05:30
pay_00000000002473,order_0000002473,962.58,wallet,captured,2025-11-02T13:46:07+05:30
pay_00000000002474,order_0000002474,340.99,upi,captured,2025-11-10T20:31:55+05:30
pay_00000000002475,order_0000002475,1790.00,upi,captured,2025-11-27T14:44:08+05:30
pay_00000000002476,order_0000002476,245.18,card,captured,2025-11-27T19:44:39+05:30
pay_00000000002477,order_0000002477,2358.78,upi,captured,2025-11-17T13:30:40+05:30
pay_00000000002478,order_0000002478,461.76,wallet,captured,2025-11-04T13:35:37+05:30
pay_00000000002479,order_0000002479,512.65,netbanking,captured,2025-11-02T21:01:28+05:30
pay_00000000002480,order_0000002480,603.57,card,captured,2025-11-09T16:22:42+05:30
pay_00000000002481,order_0000002481,2637.00,card,captured,2025-11-30T07:12:55+05:30
pay_00000000002482,order_0000002482,601.46,upi,captured,2025-11-18T15:41:22+05:30
pay_00000000002483,order_0000002483,1883.00,wallet,captured,2025-11-18T21:21:59+05:30
pay_00000000002484,order_0000002484,1013.00,card,captured,2025-11-17T11:25:11+05:30
pay_00000000002485,order_0000002485,243.11,netbanking,captured,2025-11-01T14:36:13+05:30
pay_00000000002486,order_0000002486,283.43,upi,captured,2025-11-19T12:21:30+05:30
pay_00000000002487,order_0000002487,652.00,card,captured,2025-11-18T16:14:13+05:30
pay_00000000002488,order_0000002488,2951.24,upi,captured,2025-11-01T08:41:58+05:30
pay_00000000002489,order_0000002489,275.05,card,failed,2025-11-09T15:39:30+05:30
pay_00000000002490,order_0000002490,750.21,upi,captured,2025-11-29T19:02:58+05:30
pay_00000000002491,order_0000002491,729.00,upi,failed,2025-11-28T14:26:24+05:30
pay_00000000002492,order_0000002492,978.15,upi,captured,2025-11-17T11:43:35+05:30
pay_00000000002493,order_0000002493,14745.43,card,captured,2025-11-15T21:59:54+05:30
pay_00000000002494,order_0000002494,818.40,upi,captured,2025-11-19T23:51:57+05:30
pay_00000000002495,order_0000002495,122.13,upi,captured,2025-11-20T01:36:54+05:30
pay_00000000002496,order_0000002496,355.18,card,captured,2025-11-11T23:01:37+05:30
pay_00000000002497,order_0000002497,896.45,card,captured,2025-11-24T16:07:30+05:30
pay_00000000002498,order_0000002498,853.51,upi,captured,2025-11-19T16:14:40+05:30
pay_00000000002499,order_0000002499,9484.76,upi,captured,2025-11-27T23:49:45+05:30
pay_00000000002500,order_0000002500,2233.11,wallet,failed,2025-11-04T12:35:56+05:30
pay_00000000002501,order_0000002501,1063.77,netbanking,captured,2025-11-23T20:34:02+05:30
pay_00000000002502,order_0000002502,702.00,upi,captured,2025-11-11T06:26:30+05:30
pay_00000000002503,order_0000002503,554.05,card,captured,2025-11-19T23:19:29+05:30
pay_00000000002504,order_0000002504,1064.51,upi,captured,2025-11-17T10:47:21+05:30
pay_00000000002505,order_0000002505,269.00,card,captured,2025-11-28T10:42:44+05:30
pay_00000000002506,order_0000002506,767.44,upi,captured,2025-11-20T18:03:30+05:30
pay_00000000002507,order_0000002507,666.00,card,captured,2025-11-22T17:08:04+05:30
pay_00000000002508,order_0000002508,895.99,upi,captured,2025-11-15T14:03:57+05:30
pay_00000000002509,order_0000002509,621.00,upi,captured,2025-11-17T02:46:39+05:30
pay_00000000002510,order_0000002510,2292.00,upi,captured,2025-11-04T04:57:04+05:30
pay_00000000002511,order_0000002511,428.04,netbanking,captured,2025-11-07T22:07:21+05:30
pay_00000000002512,order_0000002512,591.00,upi,captured,2025-11-06T22:54:40+05:30
pay_00000000002513,order_0000002513,2023.12,card,captured,2025-11-09T11:07:41+05:30
pay_00000000002514,order_0000002514,2471.22,card,captured,2025-11-02T08:10:04+05:30
pay_00000000002515,order_0000002515,2283.58,upi,captured,2025-11-17T06:30:45+05:30
pay_00000000002516,order_0000002516,323.00,upi,captured,2025-11-10T01:38:24+05:30
pay_00000000002517,order_0000002517,505.11,wallet,failed,2025-11-22T19:25:18+05:30
pay_00000000002518,order_0000002518,769.20,upi,captured,2025-11-28T16:31:27+05:30
pay_00000000002519,order_0000002519,507.65,upi,captured,2025-11-22T14:32:12+05:30
pay_00000000002520,order_0000002520,517.00,upi,captured,2025-11-14T18:30:50+05:30
pay_00000000002521,order_0000002521,1806.35,upi,captured,2025-11-30T18:36:31+05:30
pay_00000000002522,order_0000002522,247.99,upi,captured,2025-11-23T20:10:55+05:30
pay_00000000002523,order_0000002523,1006.00,card,captured,2025-11-20T23:28:14+05:30
pay_00000000002524,order_0000002524,14171.99,upi,captured,2025-11-14T19:51:31+05:30
pay_00000000002525,order_0000002525,496.00,upi,captured,2025-11-28T14:43:45+05:30
pay_00000000002526,order_0000002526,730.38,upi,captured,2025-11-10T14:12:36+05:30
pay_00000000002527,order_0000002527,128.00,upi,captured,2025-11-01T13:10:01+05:30
pay_00000000002528,order_0000002528,954.21,upi,captured,2025-11-15T11:22:10+05:30
pay_00000000002529,order_0000002529,356.52,card,captured,2025-11-21T09:19:55+05:30
pay_00000000002530,order_0000002530,333.99,wallet,captured,2025-11-03T17:42:23+05:30
pay_00000000002531,order_0000002531,2796.00,upi,captured,2025-11-15T17:49:01+05:30
pay_00000000002532,order_0000002532,963.29,wallet,captured,2025-11-02T23:05:46+05:30
pay_00000000002533,order_0000002533,853.64,wallet,captured,2025-11-15T12:52:32+05:30
pay_00000000002534,order_0000002534,687.95,upi,captured,2025-11-22T09:14:40+05:30
pay_00000000002535,order_0000002535,385.99,upi,captured,2025-11-27T21:08:45+05:30
pay_00000000002536,order_0000002536,992.00,wallet,captured,2025-11-06T23:35:16+05:30
pay_00000000002537,order_0000002537,164.41,card,captured,2025-11-12T19:44:06+05:30
pay_00000000002538,order_0000002538,297.99,upi,failed,2025-11-06T21:28:57+05:30
pay_00000000002539,order_0000002539,3195.68,upi,captured,2025-11-09T23:47:02+05:30
pay_00000000002540,order_0000002540,241.00,wallet,captured,2025-11-09T16:34:40+05:30
pay_00000000002541,order_0000002541,190.57,upi,captured,2025-11-19T20:40:26+05:30
pay_00000000002542,order_0000002542,1032.00,upi,captured,2025-11-09T21:34:18+05:30
pay_00000000002543,order_0000002543,3055.00,upi,captured,2025-11-19T18:50:21+05:30
pay_00000000002544,order_0000002544,869.00,card,captured,2025-11-03T03:18:50+05:30
pay_00000000002545,order_0000002545,1481.37,upi,captured,2025-11-08T19:59:25+05:30
pay_00000000002546,order_0000002546,764.86,upi,captured,2025-11-17T14:50:12+05:30
pay_00000000002547,order_0000002547,683.40,card,captured,2025-11-26T08:54:23+05:30
pay_00000000002548,order_0000002548,421.24,upi,captured,2025-11-09T19:09:36+05:30
pay_00000000002549,order_0000002549,5970.32,upi,captured,2025-11-22T22:17:52+05:30
pay_00000000002550,order_0000002550,462.99,upi,captured,2025-11-17T21:15:55+05:30
pay_00000000002551,order_0000002551,610.73,wallet,captured,2025-11-23T20:10:57+05:30
pay_00000000002552,order_0000002552,323.92,card,captured,2025-11-05T11:30:34+05:30
pay_00000000002553,order_0000002553,9571.00,card,captured,2025-11-27T23:12:57+05:30
pay_00000000002554,order_0000002554,387.00,upi,captured,2025-11-06T13:39:01+05:30
pay_00000000002555,order_0000002555,1674.63,wallet,captured,2025-11-03T04:18:49+05:30
pay_00000000002556,order_0000002556,962.82,netbanking,captured,2025-11-10T21:44:37+05:30
pay_00000000002557,order_0000002557,757.85,upi,captured,2025-11-14T11:25:59+05:30
pay_00000000002558,order_0000002558,433.03,upi,captured,2025-11-24T19:12:18+05:30
pay_00000000002559,order_0000002559,428.00,upi,captured,2025-11-09T07:53:28+05:30
pay_00000000002560,order_0000002560,746.56,card,captured,2025-11-19T12:57:29+05:30
pay_00000000002561,order_0000002561,722.54,card,captured,2025-11-30T21:28:59+05:30
pay_00000000002562,order_0000002562,501.99,card,captured,2025-11-14T21:38:56+05:30
pay_00000000002563,order_0000002563,262.99,upi,captured,2025-11-17T19:38:59+05:30
pay_00000000002564,order_0000002564,720.99,upi,captured,2025-11-02T09:53:29+05:30
pay_00000000002565,order_0000002565,2673.00,upi,captured,2025-11-29T10:06:06+05:30
pay_00000000002566,order_0000002566,179.00,netbanking,captured,2025-11-06T23:59:42+05:30
pay_00000000002567,order_0000002567,604.99,wallet,captured,2025-11-03T21:24:19+05:30
pay_00000000002568,order_0000002568,262.84,upi,captured,2025-11-11T12:55:46+05:30
pay_00000000002569,order_0000002569,732.56,card,captured,2025-11-02T19:10:28+05:30
pay_00000000002570,order_0000002570,522.67,upi,captured,2025-11-14T10:44:11+05:30
pay_00000000002571,order_0000002571,556.00,upi,captured,2025-11-28T23:28:40+05:30
pay_00000000002572,order_0000002572,507.00,card,captured,2025-11-19T14:27:24+05:30
pay_00000000002573,order_0000002573,329.00,upi,captured,2025-11-18T12:58:37+05:30
pay_00000000002574,order_0000002574,1351.99,upi,captured,2025-11-03T04:09:26+05:30
pay_00000000002575,order_0000002575,544.99,upi,failed,2025-11-20T11:25:01+05:30
pay_00000000002576,order_0000002576,298.28,upi,captured,2025-11-15T14:14:57+05:30
pay_00000000002577,order_0000002577,926.00,card,captured,2025-11-23T18:44:39+05:30
pay_00000000002578,order_0000002578,114.99,upi,captured,2025-11-01T06:59:10+05:30
pay_00000000002579,order_0000002579,266.70,card,captured,2025-11-10T19:47:42+05:30
pay_00000000002580,order_0000002580,676.00,wallet,captured,2025-11-20T22:29:40+05:30
pay_00000000002581,order_0000002581,734.10,wallet,captured,2025-11-21T01:41:00+05:30
pay_00000000002582,order_0000002582,528.03,upi,captured,2025-11-27T07:15:51+05:30
pay_00000000002583,order_0000002583,1080.87,upi,captured,2025-11-17T06:48:36+05:30
pay_00000000002584,order_0000002584,243.99,upi,captured,2025-11-16T18:02:02+05:30
pay_00000000002585,order_0000002585,144.00,upi,captured,2025-11-02T17:48:27+05:30
pay_00000000002586,order_0000002586,1007.00,card,captured,2025-11-17T02:48:56+05:30
pay_00000000002587,order_0000002587,971.00,upi,captured,2025-11-07T15:10:51+05:30
pay_00000000002588,order_0000002588,2917.84,upi,captured,2025-11-23T23:38:44+05:30
pay_00000000002589,order_0000002589,155.79,upi,captured,2025-11-28T11:54:29+05:30
pay_00000000002590,order_0000002590,1026.99,upi,captured,2025-11-12T19:20:39+05:30
pay_00000000002591,order_0000002591,506.12,netbanking,captured,2025-11-12T13:59:45+05:30
pay_00000000002592,order_0000002592,1805.73,card,captured,2025-11-25T10:46:06+05:30
pay_00000000002593,order_0000002593,3269.00,card,captured,2025-11-23T07:18:07+05:30
pay_00000000002594,order_0000002594,354.23,upi,captured,2025-11-18T23:39:38+05:30
pay_00000000002595,order_0000002595,928.54,upi,captured,2025-11-02T12:11:14+05:30
pay_00000000002596,order_0000002596,132.28,upi,captured,2025-11-11T06:24:06+05:30
pay_00000000002597,order_0000002597,3145.85,upi,captured,2025-11-03T16:08:11+05:30
pay_00000000002598,order_0000002598,791.78,card,captured,2025-11-18T16:50:48+05:30
pay_00000000002599,order_0000002599,1976.20,wallet,captured,2025-11-25T21:15:51+05:30
pay_00000000002600,order_0000002600,682.00,card,captured,2025-11-11T22:18:21+05:30
pay_00000000002601,order_0000002601,320.00,netbanking,captured,2025-11-25T13:49:35+05:30
pay_00000000002602,order_0000002602,222.63,upi,captured,2025-11-06T13:27:33+05:30
pay_00000000002603,order_0000002603,3231.00,netbanking,captured,2025-11-17T22:43:23+05:30
pay_00000000002604,order_0000002604,881.00,wallet,captured,2025-11-19T01:14:26+05:30
pay_00000000002605,order_0000002605,534.38,upi,captured,2025-11-30T16:22:56+05:30
pay_00000000002606,order_0000002606,572.08,netbanking,captured,2025-11-20T17:43:12+05:30
pay_00000000002607,order_0000002607,192.28,upi,captured,2025-11-01T15:48:29+05:30
pay_00000000002608,order_0000002608,318.99,wallet,captured,2025-11-13T09:30:13+05:30
pay_00000000002609,order_0000002609,399.64,card,captured,2025-11-04T21:37:26+05:30
pay_00000000002610,order_0000002610,425.83,card,captured,2025-11-04T16:06:57+05:30
pay_00000000002611,order_0000002611,847.00,wallet,captured,2025-11-06T20:38:35+05:30
pay_00000000002612,order_0000002612,340.00,card,captured,2025-11-15T09:31:14+05:30
pay_00000000002613,order_0000002613,972.00,netbanking,captured,2025-11-21T15:13:17+05:30
pay_00000000002614,order_0000002614,3163.99,upi,captured,2025-11-13T04:24:45+05:30
pay_00000000002615,order_0000002615,811.00,card,captured,2025-11-17T12:12:07+05:30
pay_00000000002616,order_0000002616,209.00,upi,captured,2025-11-26T20:12:24+05:30
pay_00000000002617,order_0000002617,2745.00,upi,captured,2025-11-21T22:26:03+05:30
pay_00000000002618,order_0000002618,424.99,upi,captured,2025-11-11T14:15:35+05:30
pay_00000000002619,order_0000002619,3352.51,upi,captured,2025-11-02T09:47:29+05:30
pay_00000000002620,order_0000002620,3175.00,wallet,captured,2025-11-29T10:40:53+05:30
pay_00000000002621,order_0000002621,1037.55,upi,captured,2025-11-21T09:09:15+05:30
pay_00000000002622,order_0000002622,189.99,netbanking,captured,2025-11-09T22:03:44+05:30
pay_00000000002623,order_0000002623,392.00,upi,captured,2025-11-09T11:01:56+05:30
pay_00000000002624,order_0000002624,666.00,upi,captured,2025-11-06T19:42:41+05:30
pay_00000000002625,order_0000002625,852.82,upi,captured,2025-11-14T23:15:26+05:30
pay_00000000002626,order_0000002626,162.02,upi,captured,2025-11-20T09:18:03+05:30
pay_00000000002627,order_0000002627,1752.76,card,captured,2025-11-30T14:30:57+05:30
pay_00000000002628,order_0000002628,608.00,upi,captured,2025-11-13T18:12:25+05:30
pay_00000000002629,order_0000002629,790.85,card,captured,2025-11-15T08:10:46+05:30
pay_00000000002630,order_0000002630,412.00,upi,captured,2025-11-13T12:15:50+05:30
pay_00000000002631,order_0000002631,227.70,upi,captured,2025-11-17T16:49:17+05:30
pay_00000000002632,order_0000002632,150.00,card,captured,2025-11-20T08:00:57+05:30
pay_00000000002633,order_0000002633,825.99,upi,captured,2025-11-17T16:03:41+05:30
pay_00000000002634,order_0000002634,461.00,card,captured,2025-11-17T08:24:51+05:30
pay_00000000002635,order_0000002635,180.00,upi,captured,2025-11-12T16:15:50+05:30
pay_00000000002636,order_0000002636,1335.56,card,captured,2025-11-16T04:19:15+05:30
pay_00000000002637,order_0000002637,1036.22,netbanking,captured,2025-11-28T21:20:15+05:30
pay_00000000002638,order_0000002638,1057.99,upi,captured,2025-11-09T08:02:29+05:30
pay_00000000002639,order_0000002639,214.97,card,captured,2025-11-12T19:30:32+05:30
pay_00000000002640,order_0000002640,1071.04,upi,captured,2025-11-14T12:35:44+05:30
pay_00000000002641,order_0000002641,541.99,card,captured,2025-11-29T13:11:55+05:30
pay_00000000002642,order_0000002642,204.99,netbanking,captured,2025-11-27T09:48:50+05:30
pay_00000000002643,order_0000002643,425.13,card,captured,2025-11-14T19:12:31+05:30
pay_00000000002644,order_0000002644,342.00,upi,captured,2025-11-11T01:01:25+05:30
pay_00000000002645,order_0000002645,185.00,wallet,captured,2025-11-22T20:40:47+05:30
pay_00000000002646,order_0000002646,1878.00,upi,captured,2025-11-20T15:26:16+05:30
pay_00000000002647,order_0000002647,622.85,upi,captured,2025-11-16T11:37:40+05:30
pay_00000000002648,order_0000002648,412.00,card,captured,2025-11-07T08:22:59+05:30
pay_00000000002649,order_0000002649,264.12,wallet,captured,2025-11-23T03:43:34+05:30
pay_00000000002650,order_0000002650,678.99,upi,failed,2025-11-25T21:53:55+05:30
pay_00000000002651,order_0000002651,1008.73,upi,captured,2025-11-15T21:01:22+05:30
pay_00000000002652,order_0000002652,673.99,wallet,captured,2025-11-27T07:20:21+05:30
pay_00000000002653,order_0000002653,2688.99,upi,captured,2025-11-20T15:35:24+05:30
pay_00000000002654,order_0000002654,298.00,card,captured,2025-11-04T23:51:41+05:30
pay_00000000002655,order_0000002655,420.99,card,captured,2025-11-28T20:41:12+05:30
pay_00000000002656,order_0000002656,1030.31,upi,captured,2025-11-08T01:33:02+05:30
pay_00000000002657,order_0000002657,400.03,upi,captured,2025-11-11T22:49:37+05:30
pay_00000000002658,order_0000002658,2058.82,netbanking,captured,2025-11-30T14:44:00+05:30
pay_00000000002659,order_0000002659,1071.34,upi,captured,2025-11-19T11:11:01+05:30
pay_00000000002660,order_0000002660,1107.86,upi,captured,2025-11-15T20:11:06+05:30
pay_00000000002661,order_0000002661,854.99,wallet,captured,2025-11-29T18:39:38+05:30
pay_00000000002662,order_0000002662,406.96,upi,captured,2025-11-27T18:23:41+05:30
pay_00000000002663,order_0000002663,718.00,wallet,captured,2025-11-25T16:38:34+05:30
pay_00000000002664,order_0000002664,1274.99,upi,captured,2025-11-11T22:12:41+05:30
pay_00000000002665,order_0000002665,326.89,upi,captured,2025-11-30T18:54:07+05:30
pay_00000000002666,order_0000002666,1217.00,card,captured,2025-11-20T14:07:24+05:30
pay_00000000002667,order_0000002667,512.82,upi,captured,2025-11-24T11:37:47+05:30
pay_00000000002668,order_0000002668,1473.00,upi,captured,2025-11-18T15:04:30+05:30
pay_00000000002669,order_0000002669,407.57,card,captured,2025-11-07T04:28:34+05:30
pay_00000000002670,order_0000002670,485.89,card,captured,2025-11-12T06:57:33+05:30
pay_00000000002671,order_0000002671,899.61,upi,captured,2025-11-14T21:46:30+05:30
pay_00000000002672,order_0000002672,212.00,upi,captured,2025-11-10T19:38:27+05:30
pay_00000000002673,order_0000002673,604.62,upi,captured,2025-11-25T22:54:39+05:30
pay_00000000002674,order_0000002674,213.64,upi,captured,2025-11-03T08:34:46+05:30
pay_00000000002675,order_0000002675,210.00,upi,captured,2025-11-27T18:15:13+05:30
pay_00000000002676,order_0000002676,474.19,upi,captured,2025-11-04T14:20:36+05:30
pay_00000000002677,order_0000002677,458.99,upi,captured,2025-11-28T12:02:30+05:30
pay_00000000002678,order_0000002678,1007.00,upi,captured,2025-11-15T09:59:27+05:30
pay_00000000002679,order_0000002679,835.99,upi,captured,2025-11-14T08:57:30+05:30
pay_00000000002680,order_0000002680,144.56,upi,captured,2025-11-29T15:41:05+05:30
pay_00000000002681,order_0000002681,911.00,upi,captured,2025-11-19T05:57:44+05:30
pay_00000000002682,order_0000002682,415.36,upi,captured,2025-11-19T16:26:57+05:30
pay_00000000002683,order_0000002683,2959.00,upi,captured,2025-11-02T08:47:42+05:30
pay_00000000002684,order_0000002684,598.00,upi,captured,2025-11-25T16:51:13+05:30
pay_00000000002685,order_0000002685,430.70,netbanking,captured,2025-11-12T20:15:56+05:30
pay_00000000002686,order_0000002686,462.00,card,captured,2025-11-11T19:15:59+05:30
pay_00000000002687,order_0000002687,1011.29,upi,captured,2025-11-05T17:00:18+05:30
pay_00000000002688,order_0000002688,2956.00,wallet,captured,2025-11-19T00:22:20+05:30
pay_00000000002689,order_0000002689,684.00,upi,captured,2025-11-26T22:21:57+05:30
pay_00000000002690,order_0000002690,159.15,card,captured,2025-11-21T21:00:13+05:30
pay_00000000002691,order_0000002691,310.99,card,captured,2025-11-03T23:01:14+05:30
pay_00000000002692,order_0000002692,2113.99,card,captured,2025-11-12T16:00:51+05:30
pay_00000000002693,order_0000002693,145.00,upi,failed,2025-11-19T06:55:06+05:30
pay_00000000002694,order_0000002694,764.99,wallet,captured,2025-11-15T21:46:46+05:30
pay_00000000002695,order_0000002695,837.00,card,captured,2025-11-21T18:02:28+05:30
pay_00000000002696,order_0000002696,1050.80,upi,captured,2025-11-19T15:35:33+05:30
pay_00000000002697,order_0000002697,742.00,card,captured,2025-11-02T15:58:16+05:30
pay_00000000002698,order_0000002698,1002.99,upi,captured,2025-11-18T15:27:54+05:30
pay_00000000002699,order_0000002699,3416.44,upi,captured,2025-11-25T19:21:20+05:30
pay_00000000002700,order_0000002700,1068.02,upi,captured,2025-11-02T17:30:21+05:30
pay_00000000002701,order_0000002701,106.00,card,captured,2025-11-26T20:14:55+05:30
pay_00000000002702,order_0000002702,2254.99,card,captured,2025-11-26T23:36:35+05:30
pay_00000000002703,order_0000002703,367.16,upi,captured,2025-11-20T01:21:36+05:30
pay_00000000002704,order_0000002704,151.72,upi,captured,2025-11-22T22:39:57+05:30
pay_00000000002705,order_0000002705,671.00,upi,captured,2025-11-14T03:45:25+05:30
pay_00000000002706,order_0000002706,363.39,card,captured,2025-11-25T07:46:39+05:30
pay_00000000002707,order_0000002707,248.99,upi,captured,2025-11-08T13:03:14+05:30
pay_00000000002708,order_0000002708,9629.00,card,captured,2025-11-09T13:12:20+05:30
pay_00000000002709,order_0000002709,914.86,upi,captured,2025-11-13T16:00:10+05:30
pay_00000000002710,order_0000002710,400.00,card,captured,2025-11-10T22:29:01+05:30
pay_00000000002711,order_0000002711,1877.99,upi,captured,2025-11-17T08:03:34+05:30
pay_00000000002712,order_0000002712,1063.68,upi,captured,2025-11-28T09:45:15+05:30
pay_00000000002713,order_0000002713,1762.99,card,captured,2025-11-18T16:28:20+05:30
pay_00000000002714,order_0000002714,703.00,card,captured,2025-11-26T12:42:44+05:30
pay_00000000002715,order_0000002715,1025.51,upi,captured,2025-11-03T16:05:16+05:30
pay_00000000002716,order_0000002716,484.50,upi,captured,2025-11-12T00:23:57+05:30
pay_00000000002717,order_0000002717,958.29,wallet,captured,2025-11-01T15:27:18+05:30
pay_00000000002718,order_0000002718,983.00,card,captured,2025-11-26T10:29:23+05:30
pay_00000000002719,order_0000002719,402.99,netbanking,captured,2025-11-03T10:21:17+05:30
pay_00000000002720,order_0000002720,938.28,wallet,captured,2025-11-20T06:53:03+05:30
pay_00000000002721,order_0000002721,1788.00,upi,captured,2025-11-15T13:49:08+05:30
pay_00000000002722,order_0000002722,2383.00,upi,captured,2025-11-30T14:34:21+05:30
pay_00000000002723,order_0000002723,284.99,wallet,captured,2025-11-25T22:47:47+05:30
pay_00000000002724,order_0000002724,1999.07,netbanking,captured,2025-11-17T16:49:36+05:30
pay_00000000002725,order_0000002725,425.99,upi,captured,2025-11-22T11:36:36+05:30
pay_00000000002726,order_0000002726,1041.48,wallet,captured,2025-11-12T23:51:57+05:30
pay_00000000002727,order_0000002727,912.99,upi,captured,2025-11-27T06:10:54+05:30
pay_00000000002728,order_0000002728,927.00,card,captured,2025-11-08T23:44:57+05:30
pay_00000000002729,order_0000002729,1568.53,card,captured,2025-11-14T16:54:22+05:30
pay_00000000002730,order_0000002730,682.89,card,captured,2025-11-12T07:07:44+05:30
pay_00000000002731,order_0000002731,591.06,upi,captured,2025-11-16T11:21:49+05:30
pay_00000000002732,order_0000002732,653.76,card,captured,2025-11-05T11:35:20+05:30
pay_00000000002733,order_0000002733,3171.00,card,captured,2025-11-12T17:36:42+05:30
pay_00000000002734,order_0000002734,2788.99,upi,captured,2025-11-04T08:59:05+05:30
pay_00000000002735,order_0000002735,189.94,upi,captured,2025-11-27T10:28:13+05:30
pay_00000000002736,order_0000002736,154.99,card,captured,2025-11-28T17:43:43+05:30
pay_00000000002737,order_0000002737,898.82,card,captured,2025-11-03T06:34:06+05:30
pay_00000000002738,order_0000002738,304.55,upi,captured,2025-11-18T00:25:01+05:30
pay_00000000002739,order_0000002739,235.00,card,failed,2025-11-17T07:26:01+05:30
pay_00000000002740,order_0000002740,818.00,upi,captured,2025-11-17T19:59:11+05:30
pay_00000000002741,order_0000002741,706.24,upi,captured,2025-11-27T20:27:22+05:30
pay_00000000002742,order_0000002742,920.00,upi,failed,2025-11-04T12:18:53+05:30
pay_00000000002743,order_0000002743,208.39,card,captured,2025-11-10T11:20:34+05:30
pay_00000000002744,order_0000002744,446.44,upi,captured,2025-11-14T13:33:43+05:30
pay_00000000002745,order_0000002745,384.97,upi,captured,2025-11-14T13:09:46+05:30
pay_00000000002746,order_0000002746,866.00,netbanking,captured,2025-11-10T23:42:31+05:30
pay_00000000002747,order_0000002747,432.99,wallet,captured,2025-11-24T18:09:05+05:30
pay_00000000002748,order_0000002748,7967.90,card,captured,2025-11-17T01:02:53+05:30
pay_00000000002749,order_0000002749,522.79,card,captured,2025-11-05T03:34:10+05:30
pay_00000000002750,order_0000002750,118.00,upi,captured,2025-11-24T14:53:17+05:30
pay_00000000002751,order_0000002751,484.50,card,captured,2025-11-11T00:39:17+05:30
pay_00000000002752,order_0000002752,1621.99,upi,captured,2025-11-10T14:10:56+05:30
pay_00000000002753,order_0000002753,659.00,card,captured,2025-11-04T16:58:32+05:30
pay_00000000002754,order_0000002754,329.93,netbanking,captured,2025-11-11T18:02:43+05:30
pay_00000000002755,order_0000002755,761.99,upi,captured,2025-11-22T23:29:08+05:30
pay_00000000002756,order_0000002756,388.68,upi,captured,2025-11-18T07:48:55+05:30
pay_00000000002757,order_0000002757,317.59,upi,captured,2025-11-16T22:56:35+05:30
pay_00000000002758,order_0000002758,8120.00,card,captured,2025-11-14T17:05:46+05:30
pay_00000000002759,order_0000002759,802.00,upi,captured,2025-11-27T04:11:12+05:30
pay_00000000002760,order_0000002760,472.36,upi,captured,2025-11-15T18:08:24+05:30
pay_00000000002761,order_0000002761,1277.00,wallet,captured,2025-11-26T23:53:40+05:30
pay_00000000002762,order_0000002762,769.43,upi,failed,2025-11-19T17:22:31+05:30
pay_00000000002763,order_0000002763,268.45,card,captured,2025-11-12T20:02:24+05:30
pay_00000000002764,order_0000002764,3079.87,netbanking,captured,2025-11-27T19:44:16+05:30
pay_00000000002765,order_0000002765,115.12,card,captured,2025-11-14T16:23:32+05:30
pay_00000000002766,order_0000002766,536.00,upi,captured,2025-11-14T09:09:09+05:30
pay_00000000002767,order_0000002767,934.00,wallet,captured,2025-11-17T02:44:24+05:30
pay_00000000002768,order_0000002768,534.00,netbanking,captured,2025-11-12T11:22:55+05:30
pay_00000000002769,order_0000002769,841.13,card,captured,2025-11-19T12:24:58+05:30
pay_00000000002770,order_0000002770,816.53,upi,captured,2025-11-21T22:34:03+05:30
pay_00000000002771,order_0000002771,712.75,upi,captured,2025-11-05T18:17:11+05:30
pay_00000000002772,order_0000002772,116.00,netbanking,captured,2025-11-27T17:11:42+05:30
pay_00000000002773,order_0000002773,303.87,wallet,captured,2025-11-26T22:16:36+05:30
pay_00000000002774,order_0000002774,750.43,wallet,captured,2025-11-26T14:20:43+05:30
pay_00000000002775,order_0000002775,457.99,upi,captured,2025-11-02T12:33:03+05:30
pay_00000000002776,order_0000002776,174.00,card,captured,2025-11-25T10:37:02+05:30
pay_00000000002777,order_0000002777,816.44,card,captured,2025-11-03T14:07:13+05:30
pay_00000000002778,order_0000002778,471.00,upi,captured,2025-11-03T14:18:01+05:30
pay_00000000002779,order_0000002779,752.40,upi,captured,2025-11-28T17:58:18+05:30
pay_00000000002780,order_0000002780,582.55,card,captured,2025-11-28T21:41:08+05:30
pay_00000000002781,order_0000002781,852.99,card,captured,2025-11-08T19:12:39+05:30
pay_00000000002782,order_0000002782,725.99,netbanking,captured,2025-11-07T11:47:06+05:30
pay_00000000002783,order_0000002783,191.79,upi,failed,2025-11-08T23:36:58+05:30
pay_00000000002784,order_0000002784,482.75,upi,captured,2025-11-12T01:06:19+05:30
pay_00000000002785,order_0000002785,976.99,card,captured,2025-11-20T13:36:59+05:30
pay_00000000002786,order_0000002786,984.00,netbanking,captured,2025-11-16T08:24:11+05:30
pay_00000000002787,order_0000002787,1070.99,wallet,captured,2025-11-10T07:04:33+05:30
pay_00000000002788,order_0000002788,880.00,upi,captured,2025-11-16T11:59:49+05:30
pay_00000000002789,order_0000002789,998.99,upi,captured,2025-11-08T03:48:41+05:30
pay_00000000002790,order_0000002790,2681.00,card,captured,2025-11-12T05:42:27+05:30
pay_00000000002791,order_0000002791,224.00,upi,captured,2025-11-18T20:41:00+05:30
pay_00000000002792,order_0000002792,259.00,card,captured,2025-11-28T23:48:01+05:30
pay_00000000002793,order_0000002793,578.90,upi,captured,2025-11-11T11:11:32+05:30
pay_00000000002794,order_0000002794,2389.99,wallet,captured,2025-11-20T15:01:09+05:30
pay_00000000002795,order_0000002795,584.00,upi,captured,2025-11-10T17:08:54+05:30
pay_00000000002796,order_0000002796,650.99,upi,captured,2025-11-03T09:49:45+05:30
pay_00000000002797,order_0000002797,342.00,card,captured,2025-11-02T23:31:46+05:30
pay_00000000002798,order_0000002798,808.99,upi,captured,2025-11-10T08:36:44+05:30
pay_00000000002799,order_0000002799,620.92,upi,captured,2025-11-08T15:26:04+05:30
pay_00000000002800,order_0000002800,324.94,upi,captured,2025-11-22T21:06:35+05:30
pay_00000000002801,order_0000002801,3457.84,upi,captured,2025-11-29T18:32:54+05:30
pay_00000000002802,order_0000002802,2874.00,card,captured,2025-11-04T19:06:36+05:30
pay_00000000002803,order_0000002803,185.99,upi,captured,2025-11-05T13:34:40+05:30
pay_00000000002804,order_0000002804,206.82,upi,captured,2025-11-23T15:36:36+05:30
pay_00000000002805,order_0000002805,1051.00,card,captured,2025-11-26T02:22:24+05:30
pay_00000000002806,order_0000002806,2207.00,upi,captured,2025-11-03T21:51:25+05:30
pay_00000000002807,order_0000002807,352.57,upi,captured,2025-11-14T23:06:27+05:30
pay_00000000002808,order_0000002808,866.50,upi,captured,2025-11-01T17:43:11+05:30
pay_00000000002809,order_0000002809,227.37,upi,captured,2025-11-08T23:44:07+05:30
pay_00000000002810,order_0000002810,1226.52,card,failed,2025-11-21T17:09:53+05:30
pay_00000000002811,order_0000002811,327.39,upi,captured,2025-11-04T07:33:17+05:30
pay_00000000002812,order_0000002812,682.22,netbanking,captured,2025-11-14T22:45:40+05:30
pay_00000000002813,order_0000002813,3044.00,upi,captured,2025-11-24T12:56:52+05:30
pay_00000000002814,order_0000002814,254.94,wallet,captured,2025-11-10T21:06:29+05:30
pay_00000000002815,order_0000002815,607.99,card,captured,2025-11-05T17:42:39+05:30
pay_00000000002816,order_0000002816,653.00,card,captured,2025-11-12T09:52:27+05:30
pay_00000000002817,order_0000002817,840.00,upi,captured,2025-11-29T07:50:06+05:30
pay_00000000002818,order_0000002818,472.99,wallet,captured,2025-11-11T15:13:15+05:30
pay_00000000002819,order_0000002819,529.99,upi,captured,2025-11-21T03:36:14+05:30
pay_00000000002820,order_0000002820,758.61,card,captured,2025-11-19T09:41:37+05:30
pay_00000000002821,order_0000002821,1034.99,wallet,captured,2025-11-02T06:22:27+05:30
pay_00000000002822,order_0000002822,902.36,wallet,captured,2025-11-06T08:13:08+05:30
pay_00000000002823,order_0000002823,799.99,card,captured,2025-11-30T14:01:31+05:30
pay_00000000002824,order_0000002824,486.96,upi,captured,2025-11-12T20:52:13+05:30
pay_00000000002825,order_0000002825,350.05,wallet,captured,2025-11-05T15:10:14+05:30
pay_00000000002826,order_0000002826,294.00,upi,failed,2025-11-28T23:58:48+05:30
pay_00000000002827,order_0000002827,821.81,netbanking,captured,2025-11-12T19:07:41+05:30
pay_00000000002828,order_0000002828,1005.97,upi,captured,2025-11-20T20:35:19+05:30
pay_00000000002829,order_0000002829,3114.99,upi,captured,2025-11-27T19:07:48+05:30
pay_00000000002830,order_0000002830,181.91,card,captured,2025-11-06T09:12:12+05:30
pay_00000000002831,order_0000002831,375.99,card,captured,2025-11-21T08:04:51+05:30
pay_00000000002832,order_0000002832,827.99,upi,captured,2025-11-24T22:31:55+05:30
pay_00000000002833,order_0000002833,583.00,upi,captured,2025-11-02T21:45:52+05:30
pay_00000000002834,order_0000002834,809.00,upi,captured,2025-11-24T21:56:43+05:30
pay_00000000002835,order_0000002835,5946.29,upi,captured,2025-11-11T23:40:10+05:30
pay_00000000002836,order_0000002836,2118.00,upi,captured,2025-11-20T18:51:12+05:30
pay_00000000002837,order_0000002837,195.99,card,captured,2025-11-17T08:29:27+05:30
pay_00000000002838,order_0000002838,504.74,upi,captured,2025-11-15T05:07:13+05:30
pay_00000000002839,order_0000002839,645.21,upi,captured,2025-11-20T12:03:04+05:30
pay_00000000002840,order_0000002840,623.00,card,captured,2025-11-24T22:43:41+05:30
pay_00000000002841,order_0000002841,293.38,upi,captured,2025-11-21T14:35:48+05:30
pay_00000000002842,order_0000002842,668.99,wallet,captured,2025-11-02T17:21:29+05:30
pay_00000000002843,order_0000002843,479.00,upi,failed,2025-11-20T21:12:44+05:30
pay_00000000002844,order_0000002844,372.99,upi,captured,2025-11-21T22:36:11+05:30
pay_00000000002845,order_0000002845,915.47,wallet,captured,2025-11-23T12:55:50+05:30
pay_00000000002846,order_0000002846,877.99,card,captured,2025-11-29T21:07:27+05:30
pay_00000000002847,order_0000002847,353.30,upi,captured,2025-11-27T05:23:04+05:30
pay_00000000002848,order_0000002848,1511.99,upi,captured,2025-11-02T14:47:27+05:30
pay_00000000002849,order_0000002849,1252.62,upi,captured,2025-11-06T23:40:14+05:30
pay_00000000002850,order_0000002850,771.84,upi,captured,2025-11-24T22:41:07+05:30
pay_00000000002851,order_0000002851,689.79,upi,captured,2025-11-09T21:31:14+05:30
pay_00000000002852,order_0000002852,10081.00,upi,captured,2025-11-16T16:52:02+05:30
pay_00000000002853,order_0000002853,608.00,upi,captured,2025-11-20T18:12:31+05:30
pay_00000000002854,order_0000002854,528.85,netbanking,captured,2025-11-05T14:04:29+05:30
pay_00000000002855,order_0000002855,989.00,netbanking,captured,2025-11-18T06:57:13+05:30
pay_00000000002856,order_0000002856,1244.00,upi,captured,2025-11-13T10:23:42+05:30
pay_00000000002857,order_0000002857,798.99,netbanking,captured,2025-11-15T14:51:44+05:30
pay_00000000002858,order_0000002858,414.00,upi,captured,2025-11-22T15:59:56+05:30
pay_00000000002859,order_0000002859,2302.31,upi,captured,2025-11-29T23:26:26+05:30
pay_00000000002860,order_0000002860,791.99,upi,captured,2025-11-23T02:53:55+05:30
pay_00000000002861,order_0000002861,2182.32,netbanking,captured,2025-11-13T14:06:55+05:30
pay_00000000002862,order_0000002862,887.00,card,captured,2025-11-15T12:16:49+05:30
pay_00000000002863,order_0000002863,2632.00,upi,captured,2025-11-17T07:24:48+05:30
pay_00000000002864,order_0000002864,775.49,upi,captured,2025-11-08T14:38:17+05:30
pay_00000000002865,order_0000002865,704.62,upi,captured,2025-11-11T06:53:57+05:30
pay_00000000002866,order_0000002866,450.54,upi,captured,2025-11-05T15:30:15+05:30
pay_00000000002867,order_0000002867,334.08,netbanking,captured,2025-11-06T21:50:05+05:30
pay_00000000002868,order_0000002868,4725.32,netbanking,captured,2025-11-21T12:33:50+05:30
pay_00000000002869,order_0000002869,759.00,upi,captured,2025-11-11T23:46:20+05:30
pay_00000000002870,order_0000002870,353.68,upi,captured,2025-11-20T16:18:17+05:30
pay_00000000002871,order_0000002871,350.62,upi,captured,2025-11-21T16:47:50+05:30
pay_00000000002872,order_0000002872,1065.00,upi,captured,2025-11-19T07:12:07+05:30
pay_00000000002873,order_0000002873,12915.69,upi,captured,2025-11-14T14:53:16+05:30
pay_00000000002874,order_0000002874,948.99,upi,captured,2025-11-12T19:37:53+05:30
pay_00000000002875,order_0000002875,119.00,card,captured,2025-11-16T09:42:46+05:30
pay_00000000002876,order_0000002876,304.80,card,captured,2025-11-05T06:00:55+05:30
pay_00000000002877,order_0000002877,578.54,upi,captured,2025-11-25T19:35:17+05:30
pay_00000000002878,order_0000002878,9032.00,upi,captured,2025-11-16T02:41:25+05:30
pay_00000000002879,order_0000002879,714.63,card,captured,2025-11-20T20:20:59+05:30
pay_00000000002880,order_0000002880,490.00,card,captured,2025-11-04T10:06:39+05:30
pay_00000000002881,order_0000002881,2217.88,card,captured,2025-11-23T08:29:20+05:30
pay_00000000002882,order_0000002882,804.00,card,captured,2025-11-07T23:42:52+05:30
pay_00000000002883,order_0000002883,1781.71,wallet,captured,2025-11-09T22:37:46+05:30
pay_00000000002884,order_0000002884,465.12,card,captured,2025-11-17T23:02:35+05:30
pay_00000000002885,order_0000002885,1146.00,upi,captured,2025-11-28T18:01:47+05:30
pay_00000000002886,order_0000002886,154.31,upi,captured,2025-11-29T06:49:55+05:30
pay_00000000002887,order_0000002887,363.99,netbanking,captured,2025-11-19T12:25:29+05:30
pay_00000000002888,order_0000002888,2993.00,upi,captured,2025-11-21T19:41:17+05:30
pay_00000000002889,order_0000002889,3280.05,upi,captured,2025-11-11T08:45:54+05:30
pay_00000000002890,order_0000002890,11675.00,upi,captured,2025-11-09T15:59:51+05:30
pay_00000000002891,order_0000002891,124.00,card,captured,2025-11-28T18:12:47+05:30
pay_00000000002892,order_0000002892,3337.99,upi,failed,2025-11-07T18:35:36+05:30
pay_00000000002893,order_0000002893,311.87,wallet,captured,2025-11-08T06:08:35+05:30
pay_00000000002894,order_0000002894,305.89,upi,captured,2025-11-28T23:50:26+05:30
pay_00000000002895,order_0000002895,870.12,upi,captured,2025-11-12T22:25:26+05:30
pay_00000000002896,order_0000002896,715.67,upi,captured,2025-11-26T23:45:47+05:30
pay_00000000002897,order_0000002897,184.50,card,captured,2025-11-05T09:03:20+05:30
pay_00000000002898,order_0000002898,819.42,netbanking,captured,2025-11-03T23:30:33+05:30
pay_00000000002899,order_0000002899,598.63,upi,captured,2025-11-10T13:44:05+05:30
pay_00000000002900,order_0000002900,238.48,upi,captured,2025-11-05T23:10:26+05:30
pay_00000000002901,order_0000002901,406.00,upi,captured,2025-11-05T14:45:26+05:30
pay_00000000002902,order_0000002902,1337.00,card,failed,2025-11-26T23:38:28+05:30
pay_00000000002903,order_0000002903,492.69,upi,captured,2025-11-26T17:25:11+05:30
pay_00000000002904,order_0000002904,6788.50,upi,captured,2025-11-26T12:08:19+05:30
pay_00000000002905,order_0000002905,1190.14,wallet,captured,2025-11-06T16:49:12+05:30
pay_00000000002906,order_0000002906,441.99,upi,captured,2025-11-30T12:33:23+05:30
pay_00000000002907,order_0000002907,1379.00,card,captured,2025-11-15T22:53:41+05:30
pay_00000000002908,order_0000002908,817.62,upi,captured,2025-11-30T23:29:15+05:30
pay_00000000002909,order_0000002909,584.18,card,captured,2025-11-28T08:52:13+05:30
pay_00000000002910,order_0000002910,322.99,card,captured,2025-11-18T11:04:09+05:30
pay_00000000002911,order_0000002911,959.52,netbanking,captured,2025-11-19T22:07:20+05:30
pay_00000000002912,order_0000002912,996.99,card,captured,2025-11-02T19:29:11+05:30
pay_00000000002913,order_0000002913,3591.00,upi,captured,2025-11-27T03:54:16+05:30
pay_00000000002914,order_0000002914,2780.99,upi,captured,2025-11-26T18:03:48+05:30
pay_00000000002915,order_0000002915,375.00,upi,captured,2025-11-27T15:19:06+05:30
pay_00000000002916,order_0000002916,519.24,card,captured,2025-11-08T08:19:35+05:30
pay_00000000002917,order_0000002917,856.00,upi,captured,2025-11-12T06:43:23+05:30
pay_00000000002918,order_0000002918,720.27,upi,failed,2025-11-19T03:50:09+05:30
pay_00000000002919,order_0000002919,906.00,upi,captured,2025-11-20T01:39:23+05:30
pay_00000000002920,order_0000002920,613.99,upi,captured,2025-11-11T09:12:57+05:30
pay_00000000002921,order_0000002921,2059.00,netbanking,failed,2025-11-21T18:58:03+05:30
pay_00000000002922,order_0000002922,2242.73,upi,captured,2025-11-19T16:55:58+05:30
pay_00000000002923,order_0000002923,301.99,card,captured,2025-11-30T00:46:52+05:30
pay_00000000002924,order_0000002924,165.72,upi,captured,2025-11-17T22:30:21+05:30
pay_00000000002925,order_0000002925,519.19,upi,captured,2025-11-21T03:40:45+05:30
pay_00000000002926,order_0000002926,310.99,upi,captured,2025-11-14T19:34:06+05:30
pay_00000000002927,order_0000002927,340.99,card,captured,2025-11-11T07:09:22+05:30
pay_00000000002928,order_0000002928,356.26,card,captured,2025-11-15T20:36:23+05:30
pay_00000000002929,order_0000002929,3526.99,upi,captured,2025-11-02T21:29:55+05:30
pay_00000000002930,order_0000002930,976.99,card,captured,2025-11-13T23:15:01+05:30
pay_00000000002931,order_0000002931,464.99,upi,captured,2025-11-11T14:35:39+05:30
pay_00000000002932,order_0000002932,605.00,upi,captured,2025-11-04T13:33:32+05:30
pay_00000000002933,order_0000002933,821.40,card,captured,2025-11-24T02:16:15+05:30
pay_00000000002934,order_0000002934,3064.97,upi,captured,2025-11-12T00:53:13+05:30
pay_00000000002935,order_0000002935,196.82,wallet,captured,2025-11-13T14:58:51+05:30
pay_00000000002936,order_0000002936,159.99,upi,captured,2025-11-06T21:22:53+05:30
pay_00000000002937,order_0000002937,804.99,card,captured,2025-11-13T14:28:53+05:30
pay_00000000002938,order_0000002938,992.88,upi,captured,2025-11-17T12:16:43+05:30
pay_00000000002939,order_0000002939,669.00,card,captured,2025-11-01T17:12:50+05:30
pay_00000000002940,order_0000002940,854.99,upi,captured,2025-11-25T06:28:01+05:30
pay_00000000002941,order_0000002941,607.00,upi,captured,2025-11-05T18:37:15+05:30
pay_00000000002942,order_0000002942,668.00,upi,captured,2025-11-08T23:41:17+05:30
pay_00000000002943,order_0000002943,537.82,upi,captured,2025-11-29T21:38:41+05:30
pay_00000000002944,order_0000002944,14596.99,card,captured,2025-11-03T22:36:06+05:30
pay_00000000002945,order_0000002945,1593.00,wallet,captured,2025-11-28T14:58:13+05:30
pay_00000000002946,order_0000002946,1627.00,wallet,captured,2025-11-24T23:56:15+05:30
pay_00000000002947,order_0000002947,769.00,card,captured,2025-11-26T15:30:12+05:30
pay_00000000002948,order_0000002948,668.00,wallet,captured,2025-11-20T19:44:39+05:30
pay_00000000002949,order_0000002949,911.58,card,captured,2025-11-12T06:23:12+05:30
pay_00000000002950,order_0000002950,554.14,upi,captured,2025-11-03T18:00:59+05:30
pay_00000000002951,order_0000002951,3512.00,card,captured,2025-11-25T11:58:27+05:30
pay_00000000002952,order_0000002952,864.00,upi,captured,2025-11-04T07:35:59+05:30
pay_00000000002953,order_0000002953,668.99,card,captured,2025-11-12T10:58:48+05:30
pay_00000000002954,order_0000002954,1037.74,upi,captured,2025-11-06T16:27:01+05:30
pay_00000000002955,order_0000002955,3719.18,upi,captured,2025-11-05T23:32:48+05:30
pay_00000000002956,order_0000002956,872.00,upi,captured,2025-11-19T19:08:04+05:30
pay_00000000002957,order_0000002957,918.21,upi,failed,2025-11-12T04:57:53+05:30
pay_00000000002958,order_0000002958,679.15,upi,captured,2025-11-30T17:34:13+05:30
pay_00000000002959,order_0000002959,715.00,upi,captured,2025-11-25T18:20:37+05:30
pay_00000000002960,order_0000002960,259.99,upi,captured,2025-11-02T07:33:12+05:30
pay_00000000002961,order_0000002961,345.78,upi,captured,2025-11-13T20:48:30+05:30
pay_00000000002962,order_0000002962,778.99,card,captured,2025-11-08T14:44:53+05:30
pay_00000000002963,order_0000002963,752.64,card,captured,2025-11-10T14:52:22+05:30
pay_00000000002964,order_0000002964,246.99,wallet,captured,2025-11-04T13:10:09+05:30
pay_00000000002965,order_0000002965,550.98,upi,captured,2025-11-28T23:10:29+05:30
pay_00000000002966,order_0000002966,546.99,upi,captured,2025-11-06T21:45:34+05:30
pay_00000000002967,order_0000002967,906.00,card,captured,2025-11-17T05:52:04+05:30
pay_00000000002968,order_0000002968,3006.17,upi,captured,2025-11-27T19:32:57+05:30
pay_00000000002969,order_0000002969,935.78,card,captured,2025-11-15T11:55:37+05:30
pay_00000000002970,order_0000002970,800.13,card,captured,2025-11-05T14:29:34+05:30
pay_00000000002971,order_0000002971,724.00,wallet,captured,2025-11-04T22:00:11+05:30
pay_00000000002972,order_0000002972,786.00,upi,captured,2025-11-29T08:14:43+05:30
pay_00000000002973,order_0000002973,253.97,upi,captured,2025-11-30T15:57:54+05:30
pay_00000000002974,order_0000002974,855.35,upi,captured,2025-11-23T17:37:16+05:30
pay_00000000002975,order_0000002975,356.99,card,captured,2025-11-22T12:48:23+05:30
pay_00000000002976,order_0000002976,279.90,upi,captured,2025-11-12T12:04:44+05:30
pay_00000000002977,order_0000002977,1032.99,upi,captured,2025-11-12T01:09:45+05:30
pay_00000000002978,order_0000002978,709.00,upi,captured,2025-11-19T17:43:07+05:30
pay_00000000002979,order_0000002979,3497.13,upi,captured,2025-11-17T20:37:12+05:30
pay_00000000002980,order_0000002980,390.00,upi,captured,2025-11-18T09:16:52+05:30
pay_00000000002981,order_0000002981,173.00,netbanking,captured,2025-11-10T06:21:55+05:30
pay_00000000002982,order_0000002982,246.98,card,captured,2025-11-01T10:41:17+05:30
pay_00000000002983,order_0000002983,10722.99,upi,captured,2025-11-26T00:27:33+05:30
pay_00000000002984,order_0000002984,935.99,wallet,captured,2025-11-09T15:48:04+05:30
pay_00000000002985,order_0000002985,897.14,upi,captured,2025-11-24T09:00:09+05:30
pay_00000000002986,order_0000002986,420.61,upi,captured,2025-11-08T11:18:44+05:30
pay_00000000002987,order_0000002987,584.55,card,captured,2025-11-19T07:42:19+05:30
pay_00000000002988,order_0000002988,443.07,card,captured,2025-11-18T12:57:07+05:30
pay_00000000002989,order_0000002989,982.59,upi,captured,2025-11-13T09:54:21+05:30
pay_00000000002990,order_0000002990,2970.36,upi,captured,2025-11-01T18:06:52+05:30
pay_00000000002991,order_0000002991,245.31,wallet,captured,2025-11-22T13:33:55+05:30
pay_00000000002992,order_0000002992,1045.74,netbanking,captured,2025-11-07T22:27:59+05:30
pay_00000000002993,order_0000002993,1003.76,card,captured,2025-11-29T17:45:18+05:30
pay_00000000002994,order_0000002994,175.00,card,captured,2025-11-21T12:44:33+05:30
pay_00000000002995,order_0000002995,408.00,upi,captured,2025-11-20T19:59:55+05:30
pay_00000000002996,order_0000002996,2062.99,card,captured,2025-11-19T14:41:45+05:30
pay_00000000002997,order_0000002997,830.99,netbanking,captured,2025-11-07T08:24:50+05:30
pay_00000000002998,order_0000002998,767.99,wallet,captured,2025-11-18T11:15:47+05:30
pay_00000000002999,order_0000002999,577.08,netbanking,captured,2025-11-29T14:56:59+05:30
pay_00000000003000,order_0000003000,435.00,card,captured,2025-11-01T23:31:10+05:30
pay_00000000003001,order_0000003001,792.34,card,captured,2025-11-28T16:57:41+05:30
pay_00000000003002,order_0000003002,174.73,upi,captured,2025-11-02T15:49:03+05:30
pay_00000000003003,order_0000003003,508.00,upi,captured,2025-11-17T23:36:23+05:30
pay_00000000003004,order_0000003004,1007.00,upi,captured,2025-11-24T12:55:35+05:30
pay_00000000003005,order_0000003005,803.99,card,captured,2025-11-22T13:13:06+05:30
pay_00000000003006,order_0000003006,588.78,upi,captured,2025-11-05T01:52:48+05:30
pay_00000000003007,order_0000003007,1479.00,upi,captured,2025-11-02T01:05:52+05:30
pay_00000000003008,order_0000003008,542.90,upi,captured,2025-11-26T17:33:13+05:30
pay_00000000003009,order_0000003009,569.27,card,captured,2025-11-07T16:13:54+05:30
pay_00000000003010,order_0000003010,856.99,upi,failed,2025-11-29T00:09:37+05:30
pay_00000000003011,order_0000003011,204.00,upi,captured,2025-11-17T21:03:29+05:30
pay_00000000003012,order_0000003012,355.00,wallet,captured,2025-11-19T13:45:11+05:30
pay_00000000003013,order_0000003013,790.99,upi,captured,2025-11-20T20:33:20+05:30
pay_00000000003014,order_0000003014,957.18,card,captured,2025-11-14T06:47:07+05:30
pay_00000000003015,order_0000003015,2509.13,card,captured,2025-11-07T21:15:23+05:30
pay_00000000003016,order_0000003016,1184.51,upi,captured,2025-11-04T10:14:57+05:30
pay_00000000003017,order_0000003017,818.99,upi,captured,2025-11-25T20:15:29+05:30
pay_00000000003018,order_0000003018,2059.99,upi,failed,2025-11-24T23:18:05+05:30
pay_00000000003019,order_0000003019,504.10,upi,captured,2025-11-07T12:36:05+05:30
pay_00000000003020,order_0000003020,372.75,card,captured,2025-11-15T04:36:21+05:30
pay_00000000003021,order_0000003021,441.90,upi,captured,2025-11-20T20:21:13+05:30
pay_00000000003022,order_0000003022,1085.14,upi,captured,2025-11-28T13:31:24+05:30
pay_00000000003023,order_0000003023,495.50,card,captured,2025-11-28T15:16:14+05:30
pay_00000000003024,order_0000003024,2501.75,upi,captured,2025-11-07T13:26:46+05:30
pay_00000000003025,order_0000003025,1432.52,upi,captured,2025-11-07T01:55:16+05:30
pay_00000000003026,order_0000003026,446.77,card,captured,2025-11-22T18:27:23+05:30
pay_00000000003027,order_0000003027,708.00,upi,captured,2025-11-27T21:48:55+05:30
pay_00000000003028,order_0000003028,920.48,wallet,captured,2025-11-27T14:39:47+05:30
pay_00000000003029,order_0000003029,1069.00,card,captured,2025-11-09T09:00:06+05:30
pay_00000000003030,order_0000003030,831.56,upi,captured,2025-11-22T22:57:54+05:30
pay_00000000003031,order_0000003031,11819.99,card,captured,2025-11-29T12:58:12+05:30
pay_00000000003032,order_0000003032,391.99,wallet,captured,2025-11-05T10:56:28+05:30
pay_00000000003033,order_0000003033,3349.00,upi,failed,2025-11-12T21:40:24+05:30
pay_00000000003034,order_0000003034,895.00,upi,captured,2025-11-06T13:17:26+05:30
pay_00000000003035,order_0000003035,942.52,netbanking,captured,2025-11-30T18:36:24+05:30
pay_00000000003036,order_0000003036,441.00,card,captured,2025-11-23T17:34:40+05:30
pay_00000000003037,order_0000003037,924.00,upi,captured,2025-11-08T12:12:48+05:30
pay_00000000003038,order_0000003038,867.97,card,captured,2025-11-22T19:51:48+05:30
pay_00000000003039,order_0000003039,2472.06,upi,captured,2025-11-16T14:36:27+05:30
pay_00000000003040,order_0000003040,357.62,upi,captured,2025-11-08T19:21:54+05:30
pay_00000000003041,order_0000003041,1069.32,card,captured,2025-11-09T08:28:01+05:30
pay_00000000003042,order_0000003042,175.59,card,captured,2025-11-10T21:48:21+05:30
pay_00000000003043,order_0000003043,870.00,card,captured,2025-11-06T08:43:15+05:30
pay_00000000003044,order_0000003044,330.83,card,captured,2025-11-08T23:22:50+05:30
pay_00000000003045,order_0000003045,789.00,upi,captured,2025-11-26T19:39:40+05:30
pay_00000000003046,order_0000003046,280.97,upi,captured,2025-11-29T03:35:36+05:30
pay_00000000003047,order_0000003047,14944.50,upi,captured,2025-11-15T21:29:45+05:30
pay_00000000003048,order_0000003048,471.66,card,captured,2025-11-04T19:47:13+05:30
pay_00000000003049,order_0000003049,1017.45,upi,captured,2025-11-11T07:46:01+05:30
pay_00000000003050,order_0000003050,889.33,upi,captured,2025-11-17T09:51:54+05:30
pay_00000000003051,order_0000003051,753.44,upi,captured,2025-11-29T13:07:38+05:30
pay_00000000003052,order_0000003052,357.08,wallet,captured,2025-11-22T16:05:20+05:30
pay_00000000003053,order_0000003053,406.03,upi,captured,2025-11-28T18:24:14+05:30
pay_00000000003054,order_0000003054,622.99,wallet,captured,2025-11-03T16:15:27+05:30
pay_00000000003055,order_0000003055,2282.00,wallet,captured,2025-11-28T21:00:39+05:30
pay_00000000003056,order_0000003056,3278.58,upi,failed,2025-11-12T14:19:23+05:30
pay_00000000003057,order_0000003057,619.00,upi,captured,2025-11-05T09:15:05+05:30
pay_00000000003058,order_0000003058,3566.01,card,captured,2025-11-12T18:11:00+05:30
pay_00000000003059,order_0000003059,673.50,upi,captured,2025-11-06T13:35:16+05:30
pay_00000000003060,order_0000003060,1045.00,wallet,captured,2025-11-16T15:04:05+05:30
pay_00000000003061,order_0000003061,144.92,upi,captured,2025-11-09T21:49:48+05:30
pay_00000000003062,order_0000003062,919.00,upi,captured,2025-11-17T14:21:11+05:30
pay_00000000003063,order_0000003063,2111.15,upi,captured,2025-11-04T15:52:02+05:30
pay_00000000003064,order_0000003064,247.78,upi,captured,2025-11-11T11:53:38+05:30
pay_00000000003065,order_0000003065,929.99,upi,captured,2025-11-07T19:23:22+05:30
pay_00000000003066,order_0000003066,1761.90,upi,captured,2025-11-05T01:52:48+05:30
pay_00000000003067,order_0000003067,154.99,upi,captured,2025-11-23T10:52:57+05:30
pay_00000000003068,order_0000003068,269.24,wallet,captured,2025-11-03T23:10:40+05:30
pay_00000000003069,order_0000003069,270.00,upi,captured,2025-11-16T21:37:25+05:30
pay_00000000003070,order_0000003070,1044.60,netbanking,captured,2025-11-23T14:59:21+05:30
pay_00000000003071,order_0000003071,205.66,upi,captured,2025-11-09T02:04:25+05:30
pay_00000000003072,order_0000003072,1003.44,card,captured,2025-11-22T14:54:55+05:30
pay_00000000003073,order_0000003073,1014.00,card,captured,2025-11-29T17:35:22+05:30
pay_00000000003074,order_0000003074,980.00,upi,captured,2025-11-19T16:40:44+05:30
pay_00000000003075,order_0000003075,901.00,card,captured,2025-11-09T19:33:42+05:30
pay_00000000003076,order_0000003076,506.49,upi,captured,2025-11-12T15:00:27+05:30
pay_00000000003077,order_0000003077,911.00,card,captured,2025-11-09T22:19:56+05:30
pay_00000000003078,order_0000003078,545.99,upi,captured,2025-11-04T07:37:15+05:30
pay_00000000003079,order_0000003079,1062.14,wallet,captured,2025-11-03T17:02:16+05:30
pay_00000000003080,order_0000003080,581.11,card,captured,2025-11-21T09:12:20+05:30
pay_00000000003081,order_0000003081,1869.00,wallet,captured,2025-11-27T15:41:06+05:30
pay_00000000003082,order_0000003082,3132.27,upi,captured,2025-11-19T17:44:49+05:30
pay_00000000003083,order_0000003083,1730.00,upi,captured,2025-11-17T10:48:49+05:30
pay_00000000003084,order_0000003084,657.99,card,captured,2025-11-18T01:05:50+05:30
pay_00000000003085,order_0000003085,1332.15,wallet,captured,2025-11-25T21:09:49+05:30
pay_00000000003086,order_0000003086,492.99,upi,failed,2025-11-19T04:09:19+05:30
pay_00000000003087,order_0000003087,794.41,upi,captured,2025-11-12T14:20:47+05:30
pay_00000000003088,order_0000003088,687.81,upi,captured,2025-11-04T01:50:34+05:30
pay_00000000003089,order_0000003089,133.99,upi,captured,2025-11-28T23:02:09+05:30
pay_00000000003090,order_0000003090,230.93,wallet,captured,2025-11-07T21:10:43+05:30
pay_00000000003091,order_0000003091,378.69,upi,captured,2025-11-02T22:37:04+05:30
pay_00000000003092,order_0000003092,595.66,card,captured,2025-11-02T07:28:45+05:30
pay_00000000003093,order_0000003093,1044.22,card,captured,2025-11-28T16:23:17+05:30
pay_00000000003094,order_0000003094,637.27,upi,captured,2025-11-25T23:27:46+05:30
pay_00000000003095,order_0000003095,469.00,wallet,captured,2025-11-20T20:47:41+05:30
pay_00000000003096,order_0000003096,590.60,card,captured,2025-11-15T18:41:51+05:30
pay_00000000003097,order_0000003097,986.00,upi,captured,2025-11-02T07:06:09+05:30
pay_00000000003098,order_0000003098,964.62,card,captured,2025-11-01T23:14:39+05:30
pay_00000000003099,order_0000003099,10897.42,netbanking,failed,2025-11-16T23:43:14+05:30
pay_00000000003100,order_0000003100,1048.00,upi,failed,2025-11-02T21:04:03+05:30
pay_00000000003101,order_0000003101,2614.00,card,captured,2025-11-06T22:10:51+05:30
pay_00000000003102,order_0000003102,552.53,upi,captured,2025-11-20T09:08:34+05:30
pay_00000000003103,order_0000003103,859.76,card,captured,2025-11-23T10:25:00+05:30
pay_00000000003104,order_0000003104,389.00,wallet,captured,2025-11-18T19:43:52+05:30
pay_00000000003105,order_0000003105,12585.86,upi,captured,2025-11-05T21:26:23+05:30
pay_00000000003106,order_0000003106,208.40,upi,captured,2025-11-16T23:38:29+05:30
pay_00000000003107,order_0000003107,847.08,upi,captured,2025-11-16T21:27:59+05:30
pay_00000000003108,order_0000003108,463.99,upi,captured,2025-11-15T09:56:37+05:30
pay_00000000003109,order_0000003109,661.79,upi,captured,2025-11-09T13:26:29+05:30
pay_00000000003110,order_0000003110,799.37,netbanking,captured,2025-11-16T17:10:43+05:30
pay_00000000003111,order_0000003111,544.51,upi,captured,2025-11-01T14:24:47+05:30
pay_00000000003112,order_0000003112,851.99,upi,captured,2025-11-24T22:05:39+05:30
pay_00000000003113,order_0000003113,6699.99,upi,captured,2025-11-14T13:31:04+05:30
pay_00000000003114,order_0000003114,5082.00,wallet,captured,2025-11-26T23:27:33+05:30
pay_00000000003115,order_0000003115,258.00,card,captured,2025-11-23T16:10:15+05:30
pay_00000000003116,order_0000003116,187.76,card,captured,2025-11-21T12:56:20+05:30
pay_00000000003117,order_0000003117,720.00,card,captured,2025-11-15T11:06:00+05:30
pay_00000000003118,order_0000003118,2042.63,wallet,failed,2025-11-22T16:57:11+05:30
pay_00000000003119,order_0000003119,837.91,upi,captured,2025-11-04T21:30:56+05:30
pay_00000000003120,order_0000003120,275.00,card,captured,2025-11-16T09:22:14+05:30
pay_00000000003121,order_0000003121,150.97,netbanking,captured,2025-11-29T08:11:39+05:30
pay_00000000003122,order_0000003122,502.07,upi,captured,2025-11-01T15:44:56+05:30
pay_00000000003123,order_0000003123,554.99,netbanking,captured,2025-11-28T12:09:13+05:30
pay_00000000003124,order_0000003124,2572.99,upi,captured,2025-11-05T22:46:50+05:30
pay_00000000003125,order_0000003125,466.70,upi,captured,2025-11-05T00:23:53+05:30
pay_00000000003126,order_0000003126,336.00,card,captured,2025-11-04T16:44:51+05:30
pay_00000000003127,order_0000003127,2795.11,upi,captured,2025-11-17T16:42:07+05:30
pay_00000000003128,order_0000003128,1065.92,card,captured,2025-11-09T12:15:11+05:30
pay_00000000003129,order_0000003129,613.78,card,captured,2025-11-08T07:21:49+05:30
pay_00000000003130,order_0000003130,891.86,card,captured,2025-11-29T05:40:39+05:30
pay_00000000003131,order_0000003131,1771.99,netbanking,captured,2025-11-06T17:49:54+05:30
pay_00000000003132,order_0000003132,438.99,upi,captured,2025-11-10T16:10:17+05:30
pay_00000000003133,order_0000003133,453.69,wallet,captured,2025-11-09T10:48:42+05:30
pay_00000000003134,order_0000003134,213.07,upi,captured,2025-11-15T13:34:13+05:30
pay_00000000003135,order_0000003135,805.89,card,captured,2025-11-26T14:44:29+05:30
pay_00000000003136,order_0000003136,754.99,upi,captured,2025-11-19T15:24:23+05:30
pay_00000000003137,order_0000003137,721.99,upi,captured,2025-11-01T12:18:25+05:30
pay_00000000003138,order_0000003138,375.00,upi,captured,2025-11-14T07:06:45+05:30
pay_00000000003139,order_0000003139,986.04,card,captured,2025-11-22T16:24:36+05:30
pay_00000000003140,order_0000003140,318.00,upi,captured,2025-11-14T12:56:49+05:30
pay_00000000003141,order_0000003141,1389.00,upi,captured,2025-11-29T22:47:10+05:30
pay_00000000003142,order_0000003142,3566.10,upi,captured,2025-11-21T18:16:15+05:30
pay_00000000003143,order_0000003143,682.84,card,captured,2025-11-01T18:55:56+05:30
pay_00000000003144,order_0000003144,246.22,upi,captured,2025-11-01T07:45:52+05:30
pay_00000000003145,order_0000003145,256.99,wallet,captured,2025-11-23T14:45:59+05:30
pay_00000000003146,order_0000003146,486.37,card,captured,2025-11-25T22:33:27+05:30
pay_00000000003147,order_0000003147,176.00,card,captured,2025-11-09T07:02:19+05:30
pay_00000000003148,order_0000003148,749.00,upi,captured,2025-11-14T20:53:25+05:30
pay_00000000003149,order_0000003149,1052.03,card,captured,2025-11-21T16:37:26+05:30
pay_00000000003150,order_0000003150,677.99,upi,captured,2025-11-19T19:00:33+05:30
pay_00000000003151,order_0000003151,1044.00,upi,captured,2025-11-22T20:32:59+05:30
pay_00000000003152,order_0000003152,1635.97,upi,captured,2025-11-10T17:58:19+05:30
pay_00000000003153,order_0000003153,1445.00,netbanking,captured,2025-11-03T22:49:33+05:30
pay_00000000003154,order_0000003154,921.04,card,captured,2025-11-08T09:15:08+05:30
pay_00000000003155,order_0000003155,666.00,card,captured,2025-11-27T20:53:17+05:30
pay_00000000003156,order_0000003156,576.00,upi,captured,2025-11-22T13:19:42+05:30
pay_00000000003157,order_0000003157,2956.89,card,captured,2025-11-28T06:27:12+05:30
pay_00000000003158,order_0000003158,794.92,card,captured,2025-11-03T06:01:22+05:30
pay_00000000003159,order_0000003159,2096.65,wallet,captured,2025-11-26T18:58:48+05:30
pay_00000000003160,order_0000003160,317.00,card,captured,2025-11-20T10:21:02+05:30
pay_00000000003161,order_0000003161,213.69,upi,captured,2025-11-29T18:32:34+05:30
pay_00000000003162,order_0000003162,315.99,upi,captured,2025-11-29T16:40:08+05:30
pay_00000000003163,order_0000003163,381.00,upi,captured,2025-11-21T17:37:04+05:30
pay_00000000003164,order_0000003164,793.00,upi,captured,2025-11-20T20:53:59+05:30
pay_00000000003165,order_0000003165,359.40,netbanking,captured,2025-11-21T08:45:06+05:30
pay_00000000003166,order_0000003166,2314.99,wallet,failed,2025-11-05T15:40:43+05:30
pay_00000000003167,order_0000003167,1559.12,card,captured,2025-11-09T10:21:53+05:30
pay_00000000003168,order_0000003168,538.00,upi,captured,2025-11-29T05:02:35+05:30
pay_00000000003169,order_0000003169,1851.99,upi,captured,2025-11-18T08:14:42+05:30
pay_00000000003170,order_0000003170,559.00,upi,captured,2025-11-01T21:37:00+05:30
pay_00000000003171,order_0000003171,541.16,card,captured,2025-11-29T02:27:41+05:30
pay_00000000003172,order_0000003172,156.87,upi,captured,2025-11-01T04:57:47+05:30
pay_00000000003173,order_0000003173,396.48,upi,captured,2025-11-03T16:35:46+05:30
pay_00000000003174,order_0000003174,579.92,wallet,captured,2025-11-16T17:11:05+05:30
pay_00000000003175,order_0000003175,190.95,netbanking,captured,2025-11-14T04:17:43+05:30
pay_00000000003176,order_0000003176,1965.41,card,captured,2025-11-03T06:17:04+05:30
pay_00000000003177,order_0000003177,7619.84,upi,captured,2025-11-14T19:17:46+05:30
pay_00000000003178,order_0000003178,412.22,upi,captured,2025-11-04T10:53:55+05:30
pay_00000000003179,order_0000003179,558.63,card,captured,2025-11-21T11:50:39+05:30
pay_00000000003180,order_0000003180,483.52,upi,captured,2025-11-10T04:21:27+05:30
pay_00000000003181,order_0000003181,1454.12,upi,captured,2025-11-20T08:12:37+05:30
pay_00000000003182,order_0000003182,1017.76,card,captured,2025-11-26T05:25:41+05:30
pay_00000000003183,order_0000003183,3103.77,upi,captured,2025-11-08T20:39:34+05:30
pay_00000000003184,order_0000003184,663.99,upi,captured,2025-11-20T08:28:05+05:30
pay_00000000003185,order_0000003185,971.96,upi,captured,2025-11-15T21:46:37+05:30
pay_00000000003186,order_0000003186,903.75,upi,captured,2025-11-17T07:32:07+05:30
pay_00000000003187,order_0000003187,180.90,card,captured,2025-11-12T11:30:22+05:30
pay_00000000003188,order_0000003188,688.90,upi,captured,2025-11-19T14:36:02+05:30
pay_00000000003189,order_0000003189,2498.99,card,captured,2025-11-14T23:54:26+05:30
pay_00000000003190,order_0000003190,459.80,upi,captured,2025-11-09T03:08:40+05:30
pay_00000000003191,order_0000003191,140.14,card,captured,2025-11-21T17:13:31+05:30
pay_00000000003192,order_0000003192,5192.00,upi,captured,2025-11-10T12:49:18+05:30
pay_00000000003193,order_0000003193,314.99,upi,captured,2025-11-28T20:08:00+05:30
pay_00000000003194,order_0000003194,549.06,netbanking,captured,2025-11-26T17:21:53+05:30
pay_00000000003195,order_0000003195,2808.34,card,captured,2025-11-09T19:57:13+05:30
pay_00000000003196,order_0000003196,775.00,upi,captured,2025-11-04T18:45:43+05:30
pay_00000000003197,order_0000003197,710.00,card,captured,2025-11-24T21:01:54+05:30
pay_00000000003198,order_0000003198,375.96,card,captured,2025-11-27T21:02:56+05:30
pay_00000000003199,order_0000003199,148.49,upi,captured,2025-11-08T15:26:08+05:30
pay_00000000003200,order_0000003200,248.00,upi,captured,2025-11-13T09:28:43+05:30
pay_00000000003201,order_0000003201,626.99,netbanking,captured,2025-11-29T13:57:38+05:30
pay_00000000003202,order_0000003202,464.00,card,captured,2025-11-11T16:45:06+05:30
pay_00000000003203,order_0000003203,3514.00,card,captured,2025-11-30T09:00:38+05:30
pay_00000000003204,order_0000003204,840.56,card,captured,2025-11-23T16:53:47+05:30
pay_00000000003205,order_0000003205,630.99,upi,captured,2025-11-05T18:20:10+05:30
pay_00000000003206,order_0000003206,1537.27,upi,captured,2025-11-20T22:42:06+05:30
pay_00000000003207,order_0000003207,1032.00,upi,captured,2025-11-30T22:32:57+05:30
pay_00000000003208,order_0000003208,103.87,card,captured,2025-11-17T19:30:23+05:30
pay_00000000003209,order_0000003209,664.00,upi,captured,2025-11-14T10:38:02+05:30
pay_00000000003210,order_0000003210,482.99,card,captured,2025-11-19T14:29:22+05:30
pay_00000000003211,order_0000003211,248.21,upi,captured,2025-11-20T12:00:19+05:30
pay_00000000003212,order_0000003212,1060.99,upi,captured,2025-11-01T23:17:09+05:30
pay_00000000003213,order_0000003213,707.33,upi,failed,2025-11-25T06:56:22+05:30
pay_00000000003214,order_0000003214,895.67,upi,captured,2025-11-14T11:40:43+05:30
pay_00000000003215,order_0000003215,716.99,card,captured,2025-11-06T23:12:08+05:30
pay_00000000003216,order_0000003216,242.99,upi,captured,2025-11-26T07:35:59+05:30
pay_00000000003217,order_0000003217,433.99,card,captured,2025-11-26T22:55:51+05:30
pay_00000000003218,order_0000003218,1475.13,upi,captured,2025-11-23T11:37:49+05:30
pay_00000000003219,order_0000003219,153.05,wallet,captured,2025-11-05T17:20:47+05:30
pay_00000000003220,order_0000003220,107.89,card,captured,2025-11-24T21:43:39+05:30
pay_00000000003221,order_0000003221,652.52,card,captured,2025-11-26T20:38:41+05:30
pay_00000000003222,order_0000003222,16565.00,wallet,captured,2025-11-19T20:52:30+05:30
pay_00000000003223,order_0000003223,399.62,netbanking,captured,2025-11-02T20:48:07+05:30
pay_00000000003224,order_0000003224,393.00,upi,captured,2025-11-26T21:37:12+05:30
pay_00000000003225,order_0000003225,972.99,netbanking,captured,2025-11-14T16:33:04+05:30
pay_00000000003226,order_0000003226,1034.00,card,captured,2025-11-01T22:20:24+05:30
pay_00000000003227,order_0000003227,848.14,card,captured,2025-11-05T16:04:50+05:30
pay_00000000003228,order_0000003228,2440.76,netbanking,captured,2025-11-29T04:27:19+05:30
pay_00000000003229,order_0000003229,848.00,card,captured,2025-11-15T14:49:19+05:30
pay_00000000003230,order_0000003230,160.00,upi,failed,2025-11-02T19:51:06+05:30
pay_00000000003231,order_0000003231,507.00,wallet,captured,2025-11-27T08:55:06+05:30
pay_00000000003232,order_0000003232,345.43,netbanking,captured,2025-11-25T14:16:50+05:30
pay_00000000003233,order_0000003233,183.65,card,captured,2025-11-30T11:12:21+05:30
pay_00000000003234,order_0000003234,297.99,card,captured,2025-11-30T21:51:13+05:30
pay_00000000003235,order_0000003235,620.00,card,captured,2025-11-11T14:31:18+05:30
pay_00000000003236,order_0000003236,1086.00,card,captured,2025-11-17T17:49:18+05:30
pay_00000000003237,order_0000003237,250.57,upi,captured,2025-11-09T13:46:11+05:30
pay_00000000003238,order_0000003238,234.26,upi,captured,2025-11-11T06:12:37+05:30
pay_00000000003239,order_0000003239,744.00,card,captured,2025-11-18T18:02:42+05:30
pay_00000000003240,order_0000003240,309.94,card,captured,2025-11-15T12:33:05+05:30
pay_00000000003241,order_0000003241,3400.99,upi,failed,2025-11-22T06:19:33+05:30
pay_00000000003242,order_0000003242,977.55,card,captured,2025-11-16T02:46:58+05:30
pay_00000000003243,order_0000003243,802.00,upi,captured,2025-11-18T15:50:48+05:30
pay_00000000003244,order_0000003244,549.99,upi,captured,2025-11-25T15:36:35+05:30
pay_00000000003245,order_0000003245,3259.70,netbanking,captured,2025-11-20T06:54:15+05:30
pay_00000000003246,order_0000003246,955.00,card,captured,2025-11-04T11:24:43+05:30
pay_00000000003247,order_0000003247,501.99,upi,captured,2025-11-21T17:15:28+05:30
pay_00000000003248,order_0000003248,1531.00,upi,captured,2025-11-29T20:39:57+05:30
pay_00000000003249,order_0000003249,216.00,card,captured,2025-11-05T20:22:21+05:30
pay_00000000003250,order_0000003250,783.99,netbanking,captured,2025-11-10T20:57:16+05:30
pay_00000000003251,order_0000003251,1528.93,netbanking,captured,2025-11-16T22:39:49+05:30
pay_00000000003252,order_0000003252,252.14,card,captured,2025-11-14T21:19:00+05:30
pay_00000000003253,order_0000003253,984.00,wallet,captured,2025-11-24T10:50:58+05:30
pay_00000000003254,order_0000003254,607.00,card,captured,2025-11-21T22:13:12+05:30
pay_00000000003255,order_0000003255,1409.00,upi,captured,2025-11-08T19:26:10+05:30
pay_00000000003256,order_0000003256,261.30,upi,captured,2025-11-21T16:09:34+05:30
pay_00000000003257,order_0000003257,601.00,wallet,captured,2025-11-02T15:11:57+05:30
pay_00000000003258,order_0000003258,1023.98,card,captured,2025-11-14T12:41:02+05:30
pay_00000000003259,order_0000003259,162.95,upi,captured,2025-11-02T11:25:27+05:30
pay_00000000003260,order_0000003260,13875.61,card,captured,2025-11-15T00:01:41+05:30
pay_00000000003261,order_0000003261,442.14,card,captured,2025-11-10T11:22:59+05:30
pay_00000000003262,order_0000003262,226.98,card,failed,2025-11-23T22:09:25+05:30
pay_00000000003263,order_0000003263,531.99,upi,captured,2025-11-09T12:39:44+05:30
pay_00000000003264,order_0000003264,251.01,wallet,captured,2025-11-03T10:34:37+05:30
pay_00000000003265,order_0000003265,549.22,wallet,captured,2025-11-13T04:04:40+05:30
pay_00000000003266,order_0000003266,502.01,upi,captured,2025-11-10T22:50:05+05:30
pay_00000000003267,order_0000003267,106.33,netbanking,captured,2025-11-23T18:38:54+05:30
pay_00000000003268,order_0000003268,1075.99,card,captured,2025-11-12T14:13:48+05:30
pay_00000000003269,order_0000003269,809.99,upi,captured,2025-11-26T15:38:42+05:30
pay_00000000003270,order_0000003270,772.99,wallet,captured,2025-11-17T11:48:31+05:30
pay_00000000003271,order_0000003271,718.00,upi,captured,2025-11-06T22:43:38+05:30
pay_00000000003272,order_0000003272,909.00,upi,captured,2025-11-24T22:46:38+05:30
pay_00000000003273,order_0000003273,582.00,upi,captured,2025-11-26T06:43:26+05:30
pay_00000000003274,order_0000003274,114.79,card,captured,2025-11-07T14:36:36+05:30
pay_00000000003275,order_0000003275,343.48,upi,captured,2025-11-28T21:16:47+05:30
pay_00000000003276,order_0000003276,1545.00,card,captured,2025-11-13T13:09:15+05:30
pay_00000000003277,order_0000003277,523.94,upi,captured,2025-11-10T04:40:04+05:30
pay_00000000003278,order_0000003278,311.00,card,captured,2025-11-19T06:29:07+05:30
pay_00000000003279,order_0000003279,793.51,upi,captured,2025-11-26T20:32:28+05:30
pay_00000000003280,order_0000003280,210.78,wallet,captured,2025-11-28T16:02:22+05:30
pay_00000000003281,order_0000003281,260.22,wallet,captured,2025-11-17T11:01:44+05:30
pay_00000000003282,order_0000003282,99.74,upi,captured,2025-11-04T15:37:50+05:30
pay_00000000003283,order_0000003283,3159.60,upi,captured,2025-11-18T22:37:33+05:30
pay_00000000003284,order_0000003284,423.24,upi,captured,2025-11-22T17:53:59+05:30
pay_00000000003285,order_0000003285,843.00,upi,captured,2025-11-04T14:57:11+05:30
pay_00000000003286,order_0000003286,785.17,card,captured,2025-11-08T08:04:55+05:30
pay_00000000003287,order_0000003287,932.32,wallet,captured,2025-11-01T13:46:32+05:30
pay_00000000003288,order_0000003288,225.17,upi,captured,2025-11-29T21:56:40+05:30
pay_00000000003289,order_0000003289,1027.99,wallet,captured,2025-11-15T22:46:07+05:30
pay_00000000003290,order_0000003290,3286.69,card,captured,2025-11-04T19:46:55+05:30
pay_00000000003291,order_0000003291,141.70,upi,captured,2025-11-13T21:45:42+05:30
pay_00000000003292,order_0000003292,2398.00,card,captured,2025-11-27T14:10:29+05:30
pay_00000000003293,order_0000003293,2524.26,upi,captured,2025-11-15T07:25:39+05:30
pay_00000000003294,order_0000003294,347.93,upi,captured,2025-11-17T19:35:31+05:30
pay_00000000003295,order_0000003295,2332.00,upi,failed,2025-11-10T11:41:33+05:30
pay_00000000003296,order_0000003296,995.00,upi,captured,2025-11-03T21:41:13+05:30
pay_00000000003297,order_0000003297,1028.24,card,captured,2025-11-06T12:07:53+05:30
pay_00000000003298,order_0000003298,2580.24,upi,captured,2025-11-04T12:56:08+05:30
pay_00000000003299,order_0000003299,422.99,upi,captured,2025-11-21T10:19:09+05:30
pay_00000000003300,order_0000003300,990.00,upi,captured,2025-11-15T17:38:40+05:30
pay_00000000003301,order_0000003301,9497.59,upi,captured,2025-11-29T10:58:13+05:30
pay_00000000003302,order_0000003302,8819.00,card,captured,2025-11-02T08:37:49+05:30
pay_00000000003303,order_0000003303,345.28,netbanking,captured,2025-11-26T14:33:54+05:30
pay_00000000003304,order_0000003304,490.00,upi,captured,2025-11-29T15:38:12+05:30
pay_00000000003305,order_0000003305,245.04,upi,captured,2025-11-09T16:12:35+05:30
pay_00000000003306,order_0000003306,776.00,card,captured,2025-11-18T05:03:54+05:30
pay_00000000003307,order_0000003307,460.68,card,captured,2025-11-14T19:25:43+05:30
pay_00000000003308,order_0000003308,784.35,wallet,captured,2025-11-03T21:31:27+05:30
pay_00000000003309,order_0000003309,308.99,upi,captured,2025-11-09T18:54:53+05:30
pay_00000000003310,order_0000003310,174.38,upi,captured,2025-11-10T16:27:16+05:30
pay_00000000003311,order_0000003311,213.99,upi,captured,2025-11-30T16:13:57+05:30
pay_00000000003312,order_0000003312,619.48,upi,captured,2025-11-17T18:27:10+05:30
pay_00000000003313,order_0000003313,279.06,card,captured,2025-11-28T23:32:14+05:30
pay_00000000003314,order_0000003314,3140.89,upi,captured,2025-11-01T19:21:58+05:30
pay_00000000003315,order_0000003315,277.00,netbanking,captured,2025-11-10T13:58:36+05:30
pay_00000000003316,order_0000003316,146.17,wallet,captured,2025-11-25T08:44:46+05:30
pay_00000000003317,order_0000003317,525.82,upi,captured,2025-11-06T15:59:47+05:30
pay_00000000003318,order_0000003318,2830.33,upi,captured,2025-11-10T21:09:02+05:30
pay_00000000003319,order_0000003319,352.99,card,captured,2025-11-26T11:36:10+05:30
pay_00000000003320,order_0000003320,172.92,upi,captured,2025-11-12T23:43:08+05:30
pay_00000000003321,order_0000003321,328.00,upi,failed,2025-11-19T18:25:43+05:30
pay_00000000003322,order_0000003322,1488.00,upi,captured,2025-11-22T09:04:40+05:30
pay_00000000003323,order_0000003323,423.99,upi,captured,2025-11-18T13:35:40+05:30
pay_00000000003324,order_0000003324,1301.85,upi,captured,2025-11-12T15:19:08+05:30
pay_00000000003325,order_0000003325,981.00,upi,captured,2025-11-04T06:13:38+05:30
pay_00000000003326,order_0000003326,920.98,card,captured,2025-11-25T22:28:38+05:30
pay_00000000003327,order_0000003327,162.00,card,failed,2025-11-28T11:28:19+05:30
pay_00000000003328,order_0000003328,213.00,upi,captured,2025-11-29T03:55:37+05:30
pay_00000000003329,order_0000003329,708.75,upi,captured,2025-11-05T20:43:27+05:30
pay_00000000003330,order_0000003330,557.06,upi,captured,2025-11-18T15:47:50+05:30
pay_00000000003331,order_0000003331,305.88,upi,captured,2025-11-14T13:46:08+05:30
pay_00000000003332,order_0000003332,973.00,upi,failed,2025-11-22T11:01:21+05:30
pay_00000000003333,order_0000003333,1021.42,card,captured,2025-11-21T11:00:00+05:30
pay_00000000003334,order_0000003334,3245.00,netbanking,captured,2025-11-13T12:08:27+05:30
pay_00000000003335,order_0000003335,416.37,card,captured,2025-11-02T17:37:09+05:30
pay_00000000003336,order_0000003336,1002.32,upi,captured,2025-11-21T01:21:15+05:30
pay_00000000003337,order_0000003337,1825.86,upi,captured,2025-11-10T21:26:40+05:30
pay_00000000003338,order_0000003338,436.35,upi,captured,2025-11-24T15:48:44+05:30
pay_00000000003339,order_0000003339,2420.95,wallet,captured,2025-11-15T20:37:23+05:30
pay_00000000003340,order_0000003340,138.61,upi,captured,2025-11-09T11:53:29+05:30
pay_00000000003341,order_0000003341,2379.00,upi,captured,2025-11-22T22:32:13+05:30
pay_00000000003342,order_0000003342,127.00,card,captured,2025-11-20T16:23:03+05:30
pay_00000000003343,order_0000003343,1305.65,card,captured,2025-11-22T13:21:59+05:30
pay_00000000003344,order_0000003344,589.33,card,captured,2025-11-05T11:57:59+05:30
pay_00000000003345,order_0000003345,4230.19,card,captured,2025-11-19T11:06:02+05:30
pay_00000000003346,order_0000003346,147.99,upi,captured,2025-11-26T13:03:15+05:30
pay_00000000003347,order_0000003347,785.00,card,captured,2025-11-30T01:32:46+05:30
pay_00000000003348,order_0000003348,896.86,card,captured,2025-11-27T14:34:10+05:30
pay_00000000003349,order_0000003349,728.00,upi,captured,2025-11-25T18:23:20+05:30
pay_00000000003350,order_0000003350,17271.98,card,captured,2025-11-08T09:51:38+05:30
pay_00000000003351,order_0000003351,924.00,netbanking,failed,2025-11-23T14:09:31+05:30
pay_00000000003352,order_0000003352,626.09,upi,captured,2025-11-19T09:43:47+05:30
pay_00000000003353,order_0000003353,260.99,netbanking,captured,2025-11-26T23:30:21+05:30
pay_00000000003354,order_0000003354,897.92,card,captured,2025-11-26T18:55:54+05:30
pay_00000000003355,order_0000003355,1097.67,upi,captured,2025-11-11T06:08:48+05:30
pay_00000000003356,order_0000003356,160.00,card,captured,2025-11-19T17:42:33+05:30
pay_00000000003357,order_0000003357,266.01,card,captured,2025-11-08T15:06:35+05:30
pay_00000000003358,order_0000003358,367.35,upi,captured,2025-11-05T19:32:48+05:30
pay_00000000003359,order_0000003359,305.27,upi,captured,2025-11-01T05:47:41+05:30
pay_00000000003360,order_0000003360,903.17,wallet,captured,2025-11-16T22:31:16+05:30
pay_00000000003361,order_0000003361,432.28,card,captured,2025-11-18T13:25:37+05:30
pay_00000000003362,order_0000003362,418.00,upi,captured,2025-11-26T11:15:48+05:30
pay_00000000003363,order_0000003363,322.00,wallet,captured,2025-11-19T16:05:19+05:30
pay_00000000003364,order_0000003364,960.00,card,captured,2025-11-01T04:47:29+05:30
pay_00000000003365,order_0000003365,524.00,wallet,captured,2025-11-18T14:54:37+05:30
pay_00000000003366,order_0000003366,780.00,upi,failed,2025-11-06T17:42:21+05:30
pay_00000000003367,order_0000003367,231.11,upi,captured,2025-11-21T17:37:25+05:30
pay_00000000003368,order_0000003368,357.00,upi,captured,2025-11-01T22:58:08+05:30
pay_00000000003369,order_0000003369,1050.85,upi,captured,2025-11-09T08:57:37+05:30
pay_00000000003370,order_0000003370,746.88,upi,captured,2025-11-23T20:49:35+05:30
pay_00000000003371,order_0000003371,947.99,wallet,captured,2025-11-25T15:28:55+05:30
pay_00000000003372,order_0000003372,827.00,upi,captured,2025-11-02T14:09:43+05:30
pay_00000000003373,order_0000003373,802.00,wallet,captured,2025-11-20T23:47:09+05:30
pay_00000000003374,order_0000003374,130.66,wallet,captured,2025-11-21T03:06:32+05:30
pay_00000000003375,order_0000003375,840.00,upi,captured,2025-11-07T19:00:58+05:30
pay_00000000003376,order_0000003376,576.88,card,captured,2025-11-25T17:00:29+05:30
pay_00000000003377,order_0000003377,366.99,upi,captured,2025-11-29T22:01:36+05:30
pay_00000000003378,order_0000003378,950.00,upi,captured,2025-11-03T15:36:59+05:30
pay_00000000003379,order_0000003379,412.31,netbanking,captured,2025-11-19T18:23:14+05:30
pay_00000000003380,order_0000003380,925.00,upi,captured,2025-11-26T20:33:20+05:30
pay_00000000003381,order_0000003381,2508.00,upi,captured,2025-11-19T06:59:08+05:30
pay_00000000003382,order_0000003382,199.24,netbanking,captured,2025-11-21T17:13:58+05:30
pay_00000000003383,order_0000003383,660.08,netbanking,captured,2025-11-17T16:01:25+05:30
pay_00000000003384,order_0000003384,222.99,upi,captured,2025-11-25T01:08:15+05:30
pay_00000000003385,order_0000003385,400.00,upi,captured,2025-11-12T13:55:52+05:30
pay_00000000003386,order_0000003386,550.99,upi,captured,2025-11-17T07:48:29+05:30
pay_00000000003387,order_0000003387,781.99,upi,captured,2025-11-18T07:22:49+05:30
pay_00000000003388,order_0000003388,964.03,upi,captured,2025-11-19T12:00:41+05:30
pay_00000000003389,order_0000003389,756.00,upi,captured,2025-11-03T08:25:02+05:30
pay_00000000003390,order_0000003390,614.99,netbanking,captured,2025-11-15T21:33:28+05:30
pay_00000000003391,order_0000003391,687.00,card,captured,2025-11-10T23:20:16+05:30
pay_00000000003392,order_0000003392,783.50,netbanking,captured,2025-11-21T16:14:47+05:30
pay_00000000003393,order_0000003393,319.77,card,captured,2025-11-15T02:15:18+05:30
pay_00000000003394,order_0000003394,483.02,netbanking,captured,2025-11-18T21:01:36+05:30
pay_00000000003395,order_0000003395,807.00,upi,captured,2025-11-17T06:23:54+05:30
pay_00000000003396,order_0000003396,781.20,card,captured,2025-11-15T14:37:21+05:30
pay_00000000003397,order_0000003397,713.68,wallet,captured,2025-11-22T09:33:37+05:30
pay_00000000003398,order_0000003398,488.99,upi,captured,2025-11-02T12:40:04+05:30
pay_00000000003399,order_0000003399,576.52,wallet,captured,2025-11-27T22:28:56+05:30
pay_00000000003400,order_0000003400,408.02,upi,captured,2025-11-24T02:55:32+05:30
pay_00000000003401,order_0000003401,974.92,card,captured,2025-11-10T15:32:46+05:30
pay_00000000003402,order_0000003402,191.00,netbanking,captured,2025-11-17T15:40:24+05:30
pay_00000000003403,order_0000003403,403.00,wallet,captured,2025-11-15T22:47:33+05:30
pay_00000000003404,order_0000003404,1041.99,upi,captured,2025-11-26T13:26:09+05:30
pay_00000000003405,order_0000003405,478.98,card,captured,2025-11-11T09:54:29+05:30
pay_00000000003406,order_0000003406,929.58,wallet,captured,2025-11-05T13:12:33+05:30
pay_00000000003407,order_0000003407,108.90,upi,captured,2025-11-21T11:07:13+05:30
pay_00000000003408,order_0000003408,259.99,upi,captured,2025-11-30T23:49:08+05:30
pay_00000000003409,order_0000003409,101.01,upi,captured,2025-11-29T12:47:47+05:30
pay_00000000003410,order_0000003410,2846.00,upi,captured,2025-11-16T17:06:56+05:30
pay_00000000003411,order_0000003411,125.00,upi,captured,2025-11-24T18:46:17+05:30
pay_00000000003412,order_0000003412,816.00,upi,captured,2025-11-22T02:21:42+05:30
pay_00000000003413,order_0000003413,249.12,card,captured,2025-11-17T13:55:57+05:30
pay_00000000003414,order_0000003414,454.15,upi,captured,2025-11-29T13:22:02+05:30
pay_00000000003415,order_0000003415,1056.41,card,captured,2025-11-06T11:59:33+05:30
pay_00000000003416,order_0000003416,1022.99,upi,captured,2025-11-12T22:23:09+05:30
pay_00000000003417,order_0000003417,438.21,netbanking,captured,2025-11-26T16:51:06+05:30
pay_00000000003418,order_0000003418,400.16,upi,captured,2025-11-24T23:47:18+05:30
pay_00000000003419,order_0000003419,365.92,wallet,captured,2025-11-09T23:05:04+05:30
pay_00000000003420,order_0000003420,13037.99,card,captured,2025-11-03T06:24:49+05:30
pay_00000000003421,order_0000003421,911.12,wallet,captured,2025-11-12T13:52:38+05:30
pay_00000000003422,order_0000003422,2842.29,upi,failed,2025-11-07T07:06:24+05:30
pay_00000000003423,order_0000003423,998.99,upi,captured,2025-11-16T19:06:58+05:30
pay_00000000003424,order_0000003424,892.01,upi,captured,2025-11-29T17:03:15+05:30
pay_00000000003425,order_0000003425,239.10,upi,captured,2025-11-02T09:17:54+05:30
pay_00000000003426,order_0000003426,2129.99,upi,captured,2025-11-14T19:41:36+05:30
pay_00000000003427,order_0000003427,229.66,card,captured,2025-11-07T14:48:09+05:30
pay_00000000003428,order_0000003428,1035.01,card,captured,2025-11-06T19:31:05+05:30
pay_00000000003429,order_0000003429,649.94,card,captured,2025-11-18T14:51:44+05:30
pay_00000000003430,order_0000003430,2826.00,netbanking,captured,2025-11-14T19:53:24+05:30
pay_00000000003431,order_0000003431,1736.99,upi,captured,2025-11-21T15:13:43+05:30
pay_00000000003432,order_0000003432,540.07,upi,captured,2025-11-10T14:49:07+05:30
pay_00000000003433,order_0000003433,510.54,upi,captured,2025-11-18T22:30:35+05:30
pay_00000000003434,order_0000003434,436.00,upi,failed,2025-11-14T17:05:34+05:30
pay_00000000003435,order_0000003435,615.47,upi,captured,2025-11-01T13:57:41+05:30
pay_00000000003436,order_0000003436,131.99,upi,captured,2025-11-19T23:56:40+05:30
pay_00000000003437,order_0000003437,191.25,card,captured,2025-11-10T05:18:50+05:30
pay_00000000003438,order_0000003438,572.91,upi,failed,2025-11-18T10:04:52+05:30
pay_00000000003439,order_0000003439,923.38,card,failed,2025-11-26T22:11:57+05:30
pay_00000000003440,order_0000003440,199.64,upi,captured,2025-11-24T13:38:53+05:30
pay_00000000003441,order_0000003441,629.00,wallet,captured,2025-11-11T23:46:01+05:30
pay_00000000003442,order_0000003442,1036.99,netbanking,failed,2025-11-23T18:29:56+05:30
pay_00000000003443,order_0000003443,976.57,netbanking,captured,2025-11-12T07:20:07+05:30
pay_00000000003444,order_0000003444,900.07,upi,captured,2025-11-20T22:34:35+05:30
pay_00000000003445,order_0000003445,1393.08,card,captured,2025-11-22T10:20:08+05:30
pay_00000000003446,order_0000003446,527.99,upi,captured,2025-11-13T07:54:10+05:30
pay_00000000003447,order_0000003447,146.83,upi,captured,2025-11-26T23:13:57+05:30
pay_00000000003448,order_0000003448,173.99,card,captured,2025-11-07T14:43:46+05:30
pay_00000000003449,order_0000003449,1494.00,card,captured,2025-11-19T16:08:31+05:30
pay_00000000003450,order_0000003450,401.00,card,captured,2025-11-13T19:20:50+05:30
pay_00000000003451,order_0000003451,1044.00,card,captured,2025-11-04T03:09:56+05:30
pay_00000000003452,order_0000003452,526.99,upi,captured,2025-11-21T10:50:02+05:30
pay_00000000003453,order_0000003453,625.00,upi,captured,2025-11-30T02:30:24+05:30
pay_00000000003454,order_0000003454,719.99,upi,captured,2025-11-16T07:51:14+05:30
pay_00000000003455,order_0000003455,616.45,upi,captured,2025-11-03T23:32:02+05:30
pay_00000000003456,order_0000003456,182.50,card,captured,2025-11-24T10:35:07+05:30
pay_00000000003457,order_0000003457,2876.00,card,captured,2025-11-28T15:38:19+05:30
pay_00000000003458,order_0000003458,272.00,upi,captured,2025-11-16T19:06:43+05:30
pay_00000000003459,order_0000003459,217.70,upi,captured,2025-11-04T04:56:19+05:30
pay_00000000003460,order_0000003460,3494.99,card,captured,2025-11-08T11:47:30+05:30
pay_00000000003461,order_0000003461,333.00,wallet,captured,2025-11-07T08:36:31+05:30
pay_00000000003462,order_0000003462,1021.36,upi,captured,2025-11-28T20:45:04+05:30
pay_00000000003463,order_0000003463,992.00,upi,captured,2025-11-18T20:42:28+05:30
pay_00000000003464,order_0000003464,869.99,upi,captured,2025-11-25T10:16:24+05:30
pay_00000000003465,order_0000003465,512.99,upi,captured,2025-11-06T20:33:48+05:30
pay_00000000003466,order_0000003466,200.00,card,captured,2025-11-21T12:59:40+05:30
pay_00000000003467,order_0000003467,942.45,upi,captured,2025-11-17T04:43:03+05:30
pay_00000000003468,order_0000003468,322.08,card,captured,2025-11-15T09:37:00+05:30
pay_00000000003469,order_0000003469,394.00,wallet,captured,2025-11-26T01:03:39+05:30
pay_00000000003470,order_0000003470,1299.24,upi,captured,2025-11-10T12:26:42+05:30
pay_00000000003471,order_0000003471,911.99,netbanking,captured,2025-11-07T12:17:36+05:30
pay_00000000003472,order_0000003472,4538.00,upi,captured,2025-11-10T07:59:15+05:30
pay_00000000003473,order_0000003473,459.00,wallet,captured,2025-11-28T23:58:11+05:30
pay_00000000003474,order_0000003474,362.00,netbanking,captured,2025-11-17T19:28:54+05:30
pay_00000000003475,order_0000003475,599.04,upi,captured,2025-11-13T11:12:38+05:30
pay_00000000003476,order_0000003476,2990.31,card,captured,2025-11-01T15:32:48+05:30
pay_00000000003477,order_0000003477,958.68,wallet,captured,2025-11-04T16:37:24+05:30
pay_00000000003478,order_0000003478,2845.41,upi,captured,2025-11-21T12:43:44+05:30
pay_00000000003479,order_0000003479,293.48,upi,captured,2025-11-01T22:07:32+05:30
pay_00000000003480,order_0000003480,876.00,card,captured,2025-11-26T15:33:21+05:30
pay_00000000003481,order_0000003481,350.84,upi,captured,2025-11-18T18:41:14+05:30
pay_00000000003482,order_0000003482,191.90,upi,captured,2025-11-27T10:02:28+05:30
pay_00000000003483,order_0000003483,650.32,upi,captured,2025-11-09T20:01:23+05:30
pay_00000000003484,order_0000003484,445.64,netbanking,captured,2025-11-22T19:43:16+05:30
pay_00000000003485,order_0000003485,982.81,upi,captured,2025-11-19T15:41:46+05:30
pay_00000000003486,order_0000003486,667.03,wallet,captured,2025-11-11T08:11:03+05:30
pay_00000000003487,order_0000003487,15823.00,upi,captured,2025-11-13T13:52:22+05:30
pay_00000000003488,order_0000003488,853.00,card,captured,2025-11-02T17:47:03+05:30
pay_00000000003489,order_0000003489,593.99,upi,captured,2025-11-09T17:35:10+05:30
pay_00000000003490,order_0000003490,527.99,wallet,captured,2025-11-20T18:25:13+05:30
pay_00000000003491,order_0000003491,742.00,card,captured,2025-11-30T13:11:24+05:30
pay_00000000003492,order_0000003492,3351.19,upi,captured,2025-11-29T15:02:56+05:30
pay_00000000003493,order_0000003493,824.28,upi,captured,2025-11-05T11:52:31+05:30
pay_00000000003494,order_0000003494,445.21,wallet,captured,2025-11-05T10:34:50+05:30
pay_00000000003495,order_0000003495,880.65,wallet,captured,2025-11-30T09:43:26+05:30
pay_00000000003496,order_0000003496,731.58,upi,captured,2025-11-25T23:07:14+05:30
pay_00000000003497,order_0000003497,724.00,upi,captured,2025-11-05T12:02:26+05:30
pay_00000000003498,order_0000003498,881.00,card,captured,2025-11-19T19:40:48+05:30
pay_00000000003499,order_0000003499,435.00,netbanking,captured,2025-11-19T19:12:22+05:30
pay_00000000003500,order_0000003500,1064.00,card,captured,2025-11-20T09:18:13+05:30
pay_00000000003501,order_0000003501,2664.99,netbanking,captured,2025-11-28T13:21:18+05:30
pay_00000000003502,order_0000003502,751.49,card,captured,2025-11-10T20:29:27+05:30
pay_00000000003503,order_0000003503,545.81,card,captured,2025-11-15T23:53:42+05:30
pay_00000000003504,order_0000003504,377.40,card,captured,2025-11-23T09:21:52+05:30
pay_00000000003505,order_0000003505,921.30,card,captured,2025-11-13T13:47:59+05:30
pay_00000000003506,order_0000003506,773.56,upi,captured,2025-11-10T12:17:28+05:30
pay_00000000003507,order_0000003507,734.74,upi,captured,2025-11-23T14:05:57+05:30
pay_00000000003508,order_0000003508,752.99,card,captured,2025-11-05T01:44:43+05:30
pay_00000000003509,order_0000003509,1431.00,card,captured,2025-11-24T17:44:41+05:30
pay_00000000003510,order_0000003510,671.35,netbanking,captured,2025-11-27T15:20:24+05:30
pay_00000000003511,order_0000003511,3441.61,upi,captured,2025-11-22T22:29:04+05:30
pay_00000000003512,order_0000003512,1477.00,card,captured,2025-11-14T13:13:48+05:30
pay_00000000003513,order_0000003513,1036.91,card,captured,2025-11-01T18:30:09+05:30
pay_00000000003514,order_0000003514,8389.10,upi,captured,2025-11-09T23:07:09+05:30
pay_00000000003515,order_0000003515,938.99,wallet,captured,2025-11-05T12:59:12+05:30
pay_00000000003516,order_0000003516,680.15,card,captured,2025-11-28T23:36:46+05:30
pay_00000000003517,order_0000003517,360.00,upi,captured,2025-11-25T13:27:50+05:30
pay_00000000003518,order_0000003518,977.00,upi,captured,2025-11-29T23:11:52+05:30
pay_00000000003519,order_0000003519,968.00,netbanking,captured,2025-11-29T16:39:07+05:30
pay_00000000003520,order_0000003520,411.00,card,captured,2025-11-14T14:19:44+05:30
pay_00000000003521,order_0000003521,618.29,upi,failed,2025-11-03T12:55:05+05:30
pay_00000000003522,order_0000003522,3427.00,card,captured,2025-11-19T23:13:55+05:30
pay_00000000003523,order_0000003523,128.00,upi,captured,2025-11-24T16:39:22+05:30
pay_00000000003524,order_0000003524,362.00,card,captured,2025-11-29T23:03:20+05:30
pay_00000000003525,order_0000003525,3550.16,wallet,captured,2025-11-04T16:48:28+05:30
pay_00000000003526,order_0000003526,195.99,upi,captured,2025-11-14T19:14:26+05:30
pay_00000000003527,order_0000003527,2321.77,wallet,captured,2025-11-30T07:10:50+05:30
pay_00000000003528,order_0000003528,2946.27,netbanking,captured,2025-11-06T11:45:34+05:30
pay_00000000003529,order_0000003529,337.96,upi,captured,2025-11-19T15:22:16+05:30
pay_00000000003530,order_0000003530,216.41,upi,captured,2025-11-01T19:21:45+05:30
pay_00000000003531,order_0000003531,1032.85,wallet,captured,2025-11-24T06:36:02+05:30
pay_00000000003532,order_0000003532,877.99,wallet,captured,2025-11-01T15:46:09+05:30
pay_00000000003533,order_0000003533,533.83,upi,captured,2025-11-08T04:10:11+05:30
pay_00000000003534,order_0000003534,785.68,upi,captured,2025-11-29T13:55:53+05:30
pay_00000000003535,order_0000003535,841.23,card,captured,2025-11-29T05:30:07+05:30
pay_00000000003536,order_0000003536,1004.42,upi,captured,2025-11-25T13:20:13+05:30
pay_00000000003537,order_0000003537,12389.44,upi,captured,2025-11-03T16:59:52+05:30
pay_00000000003538,order_0000003538,1621.99,card,captured,2025-11-01T21:06:47+05:30
pay_00000000003539,order_0000003539,1359.06,wallet,captured,2025-11-01T23:56:17+05:30
pay_00000000003540,order_0000003540,178.42,wallet,captured,2025-11-04T03:52:01+05:30
pay_00000000003541,order_0000003541,167.00,upi,captured,2025-11-14T08:48:03+05:30
pay_00000000003542,order_0000003542,180.61,upi,captured,2025-11-07T18:13:33+05:30
pay_00000000003543,order_0000003543,2011.86,wallet,captured,2025-11-06T19:11:43+05:30
pay_00000000003544,order_0000003544,429.99,upi,captured,2025-11-22T01:33:20+05:30
pay_00000000003545,order_0000003545,894.84,upi,captured,2025-11-18T23:58:44+05:30
pay_00000000003546,order_0000003546,1420.99,upi,captured,2025-11-18T06:25:14+05:30
pay_00000000003547,order_0000003547,266.39,upi,captured,2025-11-06T20:42:09+05:30
pay_00000000003548,order_0000003548,923.00,upi,captured,2025-11-28T16:32:06+05:30
pay_00000000003549,order_0000003549,109.01,upi,captured,2025-11-26T19:58:18+05:30
pay_00000000003550,order_0000003550,700.20,card,captured,2025-11-15T15:43:57+05:30
pay_00000000003551,order_0000003551,732.99,wallet,captured,2025-11-27T14:12:09+05:30
pay_00000000003552,order_0000003552,365.99,upi,captured,2025-11-16T21:52:43+05:30
pay_00000000003553,order_0000003553,2438.00,card,captured,2025-11-02T17:09:49+05:30
pay_00000000003554,order_0000003554,861.65,wallet,captured,2025-11-27T20:37:30+05:30
pay_00000000003555,order_0000003555,2476.98,card,captured,2025-11-30T10:05:38+05:30
pay_00000000003556,order_0000003556,853.04,card,captured,2025-11-16T16:33:16+05:30
pay_00000000003557,order_0000003557,266.00,upi,captured,2025-11-16T12:40:15+05:30
pay_00000000003558,order_0000003558,1186.00,card,captured,2025-11-28T12:43:28+05:30
pay_00000000003559,order_0000003559,868.80,upi,captured,2025-11-05T12:45:22+05:30
pay_00000000003560,order_0000003560,953.99,card,captured,2025-11-16T11:57:12+05:30
pay_00000000003561,order_0000003561,993.99,card,captured,2025-11-25T06:13:27+05:30
pay_00000000003562,order_0000003562,141.08,card,captured,2025-11-27T17:09:13+05:30
pay_00000000003563,order_0000003563,349.66,upi,captured,2025-11-20T23:48:28+05:30
pay_00000000003564,order_0000003564,3514.55,upi,captured,2025-11-19T19:19:05+05:30
pay_00000000003565,order_0000003565,13196.79,upi,failed,2025-11-12T21:10:34+05:30
pay_00000000003566,order_0000003566,2365.57,upi,captured,2025-11-08T20:47:43+05:30
pay_00000000003567,order_0000003567,799.78,card,captured,2025-11-05T23:48:28+05:30
pay_00000000003568,order_0000003568,3117.09,card,captured,2025-11-05T17:17:28+05:30
pay_00000000003569,order_0000003569,122.04,card,captured,2025-11-26T18:29:32+05:30
pay_00000000003570,order_0000003570,677.99,card,captured,2025-11-19T15:12:08+05:30
pay_00000000003571,order_0000003571,1072.00,wallet,captured,2025-11-13T07:48:48+05:30
pay_00000000003572,order_0000003572,2646.07,upi,captured,2025-11-26T18:47:47+05:30
pay_00000000003573,order_0000003573,3274.64,upi,captured,2025-11-21T22:45:10+05:30
pay_00000000003574,order_0000003574,151.91,netbanking,captured,2025-11-28T11:38:59+05:30
pay_00000000003575,order_0000003575,1071.00,upi,captured,2025-11-01T12:51:22+05:30
pay_00000000003576,order_0000003576,778.82,card,captured,2025-11-20T05:19:50+05:30
pay_00000000003577,order_0000003577,127.65,upi,captured,2025-11-14T12:47:50+05:30
pay_00000000003578,order_0000003578,1023.93,upi,captured,2025-11-16T17:47:39+05:30
pay_00000000003579,order_0000003579,1733.95,wallet,captured,2025-11-16T23:50:28+05:30
pay_00000000003580,order_0000003580,3210.00,upi,captured,2025-11-27T00:41:35+05:30
pay_00000000003581,order_0000003581,139.00,upi,captured,2025-11-28T06:51:10+05:30
pay_00000000003582,order_0000003582,882.46,card,captured,2025-11-14T15:23:49+05:30
pay_00000000003583,order_0000003583,1057.26,card,captured,2025-11-19T22:35:07+05:30
pay_00000000003584,order_0000003584,3590.95,netbanking,captured,2025-11-19T11:04:27+05:30
pay_00000000003585,order_0000003585,3805.99,netbanking,captured,2025-11-07T17:26:04+05:30
pay_00000000003586,order_0000003586,926.00,upi,captured,2025-11-10T10:39:02+05:30
pay_00000000003587,order_0000003587,936.99,upi,captured,2025-11-09T22:51:40+05:30
pay_00000000003588,order_0000003588,802.51,card,captured,2025-11-01T14:47:11+05:30
pay_00000000003589,order_0000003589,1236.78,netbanking,captured,2025-11-12T18:32:19+05:30
pay_00000000003590,order_0000003590,268.99,upi,captured,2025-11-06T19:42:59+05:30
pay_00000000003591,order_0000003591,1053.00,card,captured,2025-11-10T06:27:28+05:30
pay_00000000003592,order_0000003592,210.99,upi,captured,2025-11-11T22:20:50+05:30
pay_00000000003593,order_0000003593,17240.99,card,captured,2025-11-05T02:53:06+05:30
pay_00000000003594,order_0000003594,258.00,netbanking,captured,2025-11-02T19:41:12+05:30
pay_00000000003595,order_0000003595,2927.00,upi,captured,2025-11-19T07:30:05+05:30
pay_00000000003596,order_0000003596,14535.99,card,captured,2025-11-20T09:42:39+05:30
pay_00000000003597,order_0000003597,299.44,card,captured,2025-11-25T22:55:05+05:30
pay_00000000003598,order_0000003598,212.37,card,failed,2025-11-15T14:22:45+05:30
pay_00000000003599,order_0000003599,334.27,wallet,captured,2025-11-15T14:40:54+05:30
pay_00000000003600,order_0000003600,836.41,upi,captured,2025-11-24T21:28:24+05:30
pay_00000000003601,order_0000003601,1000.62,upi,captured,2025-11-10T10:40:39+05:30
pay_00000000003602,order_0000003602,563.12,upi,captured,2025-11-07T00:09:11+05:30
pay_00000000003603,order_0000003603,835.00,card,captured,2025-11-19T23:37:17+05:30
pay_00000000003604,order_0000003604,961.00,card,captured,2025-11-20T17:51:13+05:30
pay_00000000003605,order_0000003605,213.15,upi,captured,2025-11-09T20:36:15+05:30
pay_00000000003606,order_0000003606,1808.69,netbanking,captured,2025-11-01T13:33:48+05:30
pay_00000000003607,order_0000003607,406.00,card,captured,2025-11-22T11:49:22+05:30
pay_00000000003608,order_0000003608,201.43,upi,captured,2025-11-05T16:37:25+05:30
pay_00000000003609,order_0000003609,1058.12,card,captured,2025-11-24T15:55:44+05:30
pay_00000000003610,order_0000003610,1027.99,upi,captured,2025-11-12T18:00:43+05:30
pay_00000000003611,order_0000003611,1053.00,upi,captured,2025-11-22T20:06:37+05:30
pay_00000000003612,order_0000003612,2683.40,upi,captured,2025-11-19T15:59:54+05:30
pay_00000000003613,order_0000003613,416.00,wallet,captured,2025-11-12T17:57:16+05:30
pay_00000000003614,order_0000003614,2612.00,upi,captured,2025-11-27T09:47:51+05:30
pay_00000000003615,order_0000003615,1929.99,upi,captured,2025-11-30T16:37:07+05:30
pay_00000000003616,order_0000003616,2068.99,card,captured,2025-11-21T22:14:52+05:30
pay_00000000003617,order_0000003617,277.00,upi,captured,2025-11-05T11:42:53+05:30
pay_00000000003618,order_0000003618,851.16,card,captured,2025-11-16T14:35:33+05:30
pay_00000000003619,order_0000003619,1039.98,upi,captured,2025-11-12T07:17:59+05:30
pay_00000000003620,order_0000003620,611.87,upi,captured,2025-11-11T19:25:21+05:30
pay_00000000003621,order_0000003621,15660.79,card,captured,2025-11-11T15:16:04+05:30
pay_00000000003622,order_0000003622,189.00,upi,captured,2025-11-02T12:27:56+05:30
pay_00000000003623,order_0000003623,1057.58,card,captured,2025-11-12T17:12:27+05:30
pay_00000000003624,order_0000003624,2723.00,card,captured,2025-11-30T17:44:12+05:30
pay_00000000003625,order_0000003625,454.31,upi,captured,2025-11-16T16:57:20+05:30
pay_00000000003626,order_0000003626,732.00,upi,captured,2025-11-20T23:42:01+05:30
pay_00000000003627,order_0000003627,934.14,upi,captured,2025-11-07T14:54:49+05:30
pay_00000000003628,order_0000003628,193.99,upi,captured,2025-11-15T20:12:22+05:30
pay_00000000003629,order_0000003629,316.76,upi,failed,2025-11-17T10:28:09+05:30
pay_00000000003630,order_0000003630,2061.00,upi,captured,2025-11-26T22:09:59+05:30
pay_00000000003631,order_0000003631,192.27,card,captured,2025-11-24T20:39:25+05:30
pay_00000000003632,order_0000003632,3599.31,wallet,captured,2025-11-18T20:15:06+05:30
pay_00000000003633,order_0000003633,158.00,wallet,captured,2025-11-08T20:48:16+05:30
pay_00000000003634,order_0000003634,1071.47,upi,captured,2025-11-04T18:31:13+05:30
pay_00000000003635,order_0000003635,3446.70,upi,captured,2025-11-13T17:08:59+05:30
pay_00000000003636,order_0000003636,578.44,netbanking,captured,2025-11-11T13:34:10+05:30
pay_00000000003637,order_0000003637,759.39,card,captured,2025-11-29T15:55:42+05:30
pay_00000000003638,order_0000003638,643.23,card,captured,2025-11-24T19:04:35+05:30
pay_00000000003639,order_0000003639,1010.00,netbanking,captured,2025-11-10T18:02:07+05:30
pay_00000000003640,order_0000003640,245.99,upi,captured,2025-11-02T00:05:01+05:30
pay_00000000003641,order_0000003641,14904.00,wallet,captured,2025-11-13T23:16:45+05:30
pay_00000000003642,order_0000003642,640.00,upi,captured,2025-11-10T07:30:09+05:30
pay_00000000003643,order_0000003643,1522.40,card,captured,2025-11-12T20:39:55+05:30
pay_00000000003644,order_0000003644,2731.07,upi,captured,2025-11-10T21:32:18+05:30
pay_00000000003645,order_0000003645,249.00,upi,failed,2025-11-21T09:24:55+05:30
pay_00000000003646,order_0000003646,205.99,card,captured,2025-11-27T20:14:04+05:30
pay_00000000003647,order_0000003647,566.00,upi,captured,2025-11-09T02:05:38+05:30
pay_00000000003648,order_0000003648,889.00,card,captured,2025-11-21T04:59:05+05:30
pay_00000000003649,order_0000003649,186.00,card,captured,2025-11-10T10:50:02+05:30
pay_00000000003650,order_0000003650,922.00,upi,captured,2025-11-02T15:15:54+05:30
pay_00000000003651,order_0000003651,722.00,upi,captured,2025-11-04T16:17:54+05:30
pay_00000000003652,order_0000003652,620.92,card,captured,2025-11-23T12:31:56+05:30
pay_00000000003653,order_0000003653,940.38,upi,captured,2025-11-25T12:13:01+05:30
pay_00000000003654,order_0000003654,861.25,card,captured,2025-11-16T21:06:25+05:30
pay_00000000003655,order_0000003655,511.29,card,captured,2025-11-22T16:42:59+05:30
pay_00000000003656,order_0000003656,3327.99,upi,captured,2025-11-02T20:35:29+05:30
pay_00000000003657,order_0000003657,924.99,netbanking,captured,2025-11-27T19:49:45+05:30
pay_00000000003658,order_0000003658,2268.60,netbanking,captured,2025-11-14T16:50:45+05:30
pay_00000000003659,order_0000003659,479.00,upi,captured,2025-11-23T08:14:56+05:30
pay_00000000003660,order_0000003660,3167.99,card,captured,2025-11-03T17:45:18+05:30
pay_00000000003661,order_0000003661,3549.00,card,captured,2025-11-16T22:11:03+05:30
pay_00000000003662,order_0000003662,684.19,wallet,captured,2025-11-29T20:51:30+05:30
pay_00000000003663,order_0000003663,279.99,upi,captured,2025-11-14T22:08:46+05:30
pay_00000000003664,order_0000003664,270.09,upi,captured,2025-11-02T20:39:37+05:30
pay_00000000003665,order_0000003665,410.00,upi,captured,2025-11-13T16:21:26+05:30
pay_00000000003666,order_0000003666,784.99,upi,captured,2025-11-01T23:10:08+05:30
pay_00000000003667,order_0000003667,783.79,card,captured,2025-11-04T14:23:32+05:30
pay_00000000003668,order_0000003668,882.99,upi,captured,2025-11-24T13:25:17+05:30
pay_00000000003669,order_0000003669,641.99,netbanking,captured,2025-11-09T13:18:21+05:30
pay_00000000003670,order_0000003670,640.23,upi,captured,2025-11-03T17:01:10+05:30
pay_00000000003671,order_0000003671,2456.00,upi,captured,2025-11-09T23:21:17+05:30
pay_00000000003672,order_0000003672,3481.47,upi,captured,2025-11-24T00:12:58+05:30
pay_00000000003673,order_0000003673,2988.74,card,captured,2025-11-05T17:44:03+05:30
pay_00000000003674,order_0000003674,5327.31,wallet,captured,2025-11-19T16:50:14+05:30
pay_00000000003675,order_0000003675,663.00,upi,captured,2025-11-26T00:16:15+05:30
pay_00000000003676,order_0000003676,543.00,upi,captured,2025-11-19T16:46:55+05:30
pay_00000000003677,order_0000003677,142.10,wallet,captured,2025-11-03T18:05:17+05:30
pay_00000000003678,order_0000003678,763.00,upi,captured,2025-11-08T13:42:13+05:30
pay_00000000003679,order_0000003679,900.00,wallet,captured,2025-11-12T10:02:35+05:30
pay_00000000003680,order_0000003680,15197.00,wallet,captured,2025-11-23T21:24:49+05:30
pay_00000000003681,order_0000003681,798.62,card,captured,2025-11-03T23:18:20+05:30
pay_00000000003682,order_0000003682,312.99,upi,captured,2025-11-24T10:52:21+05:30
pay_00000000003683,order_0000003683,1433.99,netbanking,captured,2025-11-09T19:44:57+05:30
pay_00000000003684,order_0000003684,647.50,upi,captured,2025-11-29T00:11:48+05:30
pay_00000000003685,order_0000003685,1331.18,netbanking,captured,2025-11-02T15:37:51+05:30
pay_00000000003686,order_0000003686,457.00,card,captured,2025-11-15T18:27:30+05:30
pay_00000000003687,order_0000003687,850.00,card,captured,2025-11-28T22:24:41+05:30
pay_00000000003688,order_0000003688,1278.22,upi,captured,2025-11-17T19:49:35+05:30
pay_00000000003689,order_0000003689,740.00,wallet,captured,2025-11-06T21:12:37+05:30
pay_00000000003690,order_0000003690,639.29,upi,captured,2025-11-11T15:53:56+05:30
pay_00000000003691,order_0000003691,772.36,card,captured,2025-11-11T19:11:32+05:30
pay_00000000003692,order_0000003692,1291.26,card,captured,2025-11-05T07:59:23+05:30
pay_00000000003693,order_0000003693,500.79,netbanking,captured,2025-11-20T13:27:30+05:30
pay_00000000003694,order_0000003694,3118.14,card,captured,2025-11-18T17:06:33+05:30
pay_00000000003695,order_0000003695,610.23,card,captured,2025-11-03T15:52:44+05:30
pay_00000000003696,order_0000003696,613.22,upi,captured,2025-11-24T07:15:54+05:30
pay_00000000003697,order_0000003697,3473.10,upi,captured,2025-11-15T09:22:17+05:30
pay_00000000003698,order_0000003698,176.99,wallet,captured,2025-11-27T09:13:19+05:30
pay_00000000003699,order_0000003699,160.24,upi,captured,2025-11-23T18:32:22+05:30
pay_00000000003700,order_0000003700,383.99,upi,captured,2025-11-08T08:10:10+05:30
pay_00000000003701,order_0000003701,300.00,card,captured,2025-11-30T17:17:28+05:30
pay_00000000003702,order_0000003702,1718.00,upi,captured,2025-11-11T14:57:19+05:30
pay_00000000003703,order_0000003703,460.99,upi,captured,2025-11-02T23:27:16+05:30
pay_00000000003704,order_0000003704,13514.84,upi,captured,2025-11-03T20:15:13+05:30
pay_00000000003705,order_0000003705,3273.21,wallet,captured,2025-11-01T03:32:01+05:30
pay_00000000003706,order_0000003706,469.29,card,failed,2025-11-30T15:55:45+05:30
pay_00000000003707,order_0000003707,346.00,upi,captured,2025-11-29T10:39:31+05:30
pay_00000000003708,order_0000003708,783.46,upi,captured,2025-11-06T12:32:07+05:30
pay_00000000003709,order_0000003709,264.99,card,captured,2025-11-10T10:47:34+05:30
pay_00000000003710,order_0000003710,529.06,card,captured,2025-11-15T15:45:39+05:30
pay_00000000003711,order_0000003711,1778.27,wallet,captured,2025-11-02T23:38:04+05:30
pay_00000000003712,order_0000003712,598.37,card,captured,2025-11-11T11:43:16+05:30
pay_00000000003713,order_0000003713,458.00,card,captured,2025-11-01T20:12:58+05:30
pay_00000000003714,order_0000003714,934.00,card,captured,2025-11-29T17:53:44+05:30
pay_00000000003715,order_0000003715,206.15,upi,captured,2025-11-07T13:41:13+05:30
pay_00000000003716,order_0000003716,172.61,card,captured,2025-11-04T12:17:00+05:30
pay_00000000003717,order_0000003717,965.62,card,captured,2025-11-04T10:49:28+05:30
pay_00000000003718,order_0000003718,681.40,wallet,captured,2025-11-10T14:05:15+05:30
pay_00000000003719,order_0000003719,2376.81,card,captured,2025-11-07T22:02:21+05:30
pay_00000000003720,order_0000003720,3587.44,upi,captured,2025-11-16T04:33:22+05:30
pay_00000000003721,order_0000003721,252.02,upi,captured,2025-11-12T15:52:42+05:30
pay_00000000003722,order_0000003722,176.00,wallet,captured,2025-11-15T17:10:27+05:30
pay_00000000003723,order_0000003723,1540.81,card,captured,2025-11-05T22:58:15+05:30
pay_00000000003724,order_0000003724,706.00,upi,captured,2025-11-06T22:33:51+05:30
pay_00000000003725,order_0000003725,2059.31,card,captured,2025-11-16T17:33:40+05:30
pay_00000000003726,order_0000003726,138.71,upi,failed,2025-11-10T17:46:02+05:30
pay_00000000003727,order_0000003727,1219.00,upi,captured,2025-11-28T19:04:13+05:30
pay_00000000003728,order_0000003728,971.00,card,captured,2025-11-17T13:55:55+05:30
pay_00000000003729,order_0000003729,418.00,wallet,captured,2025-11-08T14:13:16+05:30
pay_00000000003730,order_0000003730,1073.87,card,captured,2025-11-04T20:40:28+05:30
pay_00000000003731,order_0000003731,397.00,upi,captured,2025-11-29T23:33:54+05:30
pay_00000000003732,order_0000003732,2977.00,card,captured,2025-11-18T13:59:09+05:30
pay_00000000003733,order_0000003733,915.04,upi,captured,2025-11-19T00:45:17+05:30
pay_00000000003734,order_0000003734,2046.00,upi,captured,2025-11-23T13:05:03+05:30
pay_00000000003735,order_0000003735,1468.99,card,captured,2025-11-06T22:36:12+05:30
pay_00000000003736,order_0000003736,698.00,card,captured,2025-11-30T16:28:17+05:30
pay_00000000003737,order_0000003737,2360.28,upi,captured,2025-11-05T13:36:20+05:30
pay_00000000003738,order_0000003738,790.66,upi,captured,2025-11-24T19:00:51+05:30
pay_00000000003739,order_0000003739,828.00,card,captured,2025-11-19T18:18:06+05:30
pay_00000000003740,order_0000003740,891.00,upi,captured,2025-11-21T16:20:23+05:30
pay_00000000003741,order_0000003741,235.15,card,captured,2025-11-16T14:36:02+05:30
pay_00000000003742,order_0000003742,349.99,upi,captured,2025-11-29T10:59:13+05:30
pay_00000000003743,order_0000003743,3004.00,wallet,captured,2025-11-18T06:14:35+05:30
pay_00000000003744,order_0000003744,3648.25,card,captured,2025-11-28T07:13:49+05:30
pay_00000000003745,order_0000003745,3165.99,upi,captured,2025-11-20T23:15:42+05:30
pay_00000000003746,order_0000003746,451.49,netbanking,captured,2025-11-15T16:06:17+05:30
pay_00000000003747,order_0000003747,603.00,card,captured,2025-11-23T22:36:48+05:30
pay_00000000003748,order_0000003748,125.01,upi,captured,2025-11-08T01:01:52+05:30
pay_00000000003749,order_0000003749,853.09,wallet,captured,2025-11-23T12:51:25+05:30
pay_00000000003750,order_0000003750,934.55,upi,captured,2025-11-21T16:50:48+05:30
pay_00000000003751,order_0000003751,3541.99,card,captured,2025-11-21T22:35:13+05:30
pay_00000000003752,order_0000003752,500.99,card,captured,2025-11-22T21:17:51+05:30
pay_00000000003753,order_0000003753,886.42,upi,captured,2025-11-24T23:53:13+05:30
pay_00000000003754,order_0000003754,830.99,upi,captured,2025-11-01T01:45:15+05:30
pay_00000000003755,order_0000003755,221.58,card,captured,2025-11-20T19:49:00+05:30
pay_00000000003756,order_0000003756,659.03,upi,captured,2025-11-29T01:24:18+05:30
pay_00000000003757,order_0000003757,690.95,netbanking,captured,2025-11-07T21:35:09+05:30
pay_00000000003758,order_0000003758,785.00,upi,captured,2025-11-29T19:44:38+05:30
pay_00000000003759,order_0000003759,2635.85,wallet,captured,2025-11-22T15:31:07+05:30
pay_00000000003760,order_0000003760,431.00,upi,captured,2025-11-19T13:32:52+05:30
pay_00000000003761,order_0000003761,748.48,upi,captured,2025-11-08T16:34:17+05:30
pay_00000000003762,order_0000003762,829.00,upi,captured,2025-11-25T21:47:41+05:30
pay_00000000003763,order_0000003763,334.00,card,captured,2025-11-22T07:12:55+05:30
pay_00000000003764,order_0000003764,261.99,upi,captured,2025-11-25T14:05:51+05:30
pay_00000000003765,order_0000003765,508.31,upi,captured,2025-11-27T16:10:22+05:30
pay_00000000003766,order_0000003766,706.49,netbanking,captured,2025-11-17T01:24:40+05:30
pay_00000000003767,order_0000003767,185.99,upi,captured,2025-11-28T06:55:53+05:30
pay_00000000003768,order_0000003768,786.00,card,captured,2025-11-06T13:22:38+05:30
pay_00000000003769,order_0000003769,1490.58,card,captured,2025-11-23T15:09:26+05:30
pay_00000000003770,order_0000003770,3309.64,upi,captured,2025-11-23T13:17:30+05:30
pay_00000000003771,order_0000003771,2923.91,upi,captured,2025-11-16T22:43:15+05:30
pay_00000000003772,order_0000003772,366.56,card,captured,2025-11-24T21:03:49+05:30
pay_00000000003773,order_0000003773,1132.99,upi,captured,2025-11-16T21:42:32+05:30
pay_00000000003774,order_0000003774,306.96,wallet,captured,2025-11-09T18:46:59+05:30
pay_00000000003775,order_0000003775,2437.67,upi,captured,2025-11-21T17:19:02+05:30
pay_00000000003776,order_0000003776,4974.99,upi,captured,2025-11-08T16:46:40+05:30
pay_00000000003777,order_0000003777,840.23,upi,failed,2025-11-15T09:33:25+05:30
pay_00000000003778,order_0000003778,339.85,upi,captured,2025-11-19T16:11:36+05:30
pay_00000000003779,order_0000003779,143.94,upi,captured,2025-11-11T22:25:51+05:30
pay_00000000003780,order_0000003780,707.71,upi,captured,2025-11-18T18:06:04+05:30
pay_00000000003781,order_0000003781,360.56,card,captured,2025-11-05T16:02:24+05:30
pay_00000000003782,order_0000003782,458.94,upi,captured,2025-11-16T22:03:15+05:30
pay_00000000003783,order_0000003783,582.00,upi,captured,2025-11-16T12:39:14+05:30
pay_00000000003784,order_0000003784,2569.00,upi,captured,2025-11-12T19:06:16+05:30
pay_00000000003785,order_0000003785,1009.14,upi,captured,2025-11-06T18:16:21+05:30
pay_00000000003786,order_0000003786,555.00,wallet,captured,2025-11-25T22:31:46+05:30
pay_00000000003787,order_0000003787,1327.99,upi,captured,2025-11-29T09:09:11+05:30
pay_00000000003788,order_0000003788,4695.00,card,captured,2025-11-02T16:26:38+05:30
pay_00000000003789,order_0000003789,770.27,upi,captured,2025-11-26T21:25:21+05:30
pay_00000000003790,order_0000003790,1027.99,upi,captured,2025-11-21T18:54:01+05:30
pay_00000000003791,order_0000003791,497.96,upi,captured,2025-11-09T12:48:47+05:30
pay_00000000003792,order_0000003792,2645.50,upi,captured,2025-11-09T16:26:14+05:30
pay_00000000003793,order_0000003793,546.99,upi,captured,2025-11-09T20:56:10+05:30
pay_00000000003794,order_0000003794,2812.05,card,captured,2025-11-04T21:38:24+05:30
pay_00000000003795,order_0000003795,703.82,upi,captured,2025-11-23T23:39:21+05:30
pay_00000000003796,order_0000003796,314.01,wallet,captured,2025-11-22T22:00:18+05:30
pay_00000000003797,order_0000003797,579.00,wallet,failed,2025-11-07T16:08:20+05:30
pay_00000000003798,order_0000003798,13198.21,upi,captured,2025-11-08T16:54:33+05:30
pay_00000000003799,order_0000003799,1930.00,card,captured,2025-11-24T12:13:37+05:30
pay_00000000003800,order_0000003800,973.72,netbanking,captured,2025-11-11T23:18:13+05:30
pay_00000000003801,order_0000003801,1073.58,card,captured,2025-11-22T21:51:57+05:30
pay_00000000003802,order_0000003802,615.00,upi,captured,2025-11-26T06:39:14+05:30
pay_00000000003803,order_0000003803,1079.74,upi,captured,2025-11-04T00:56:02+05:30
pay_00000000003804,order_0000003804,167.63,upi,captured,2025-11-02T00:50:06+05:30
pay_00000000003805,order_0000003805,493.40,netbanking,captured,2025-11-15T15:03:16+05:30
pay_00000000003806,order_0000003806,341.00,upi,captured,2025-11-19T08:50:57+05:30
pay_00000000003807,order_0000003807,189.96,upi,failed,2025-11-02T20:25:59+05:30
pay_00000000003808,order_0000003808,980.00,upi,captured,2025-11-16T14:20:30+05:30
pay_00000000003809,order_0000003809,6189.00,upi,captured,2025-11-26T22:23:20+05:30
pay_00000000003810,order_0000003810,250.45,card,captured,2025-11-03T02:38:42+05:30
pay_00000000003811,order_0000003811,985.10,upi,captured,2025-11-06T17:31:23+05:30
pay_00000000003812,order_0000003812,925.00,wallet,captured,2025-11-18T23:24:53+05:30
pay_00000000003813,order_0000003813,415.54,upi,captured,2025-11-17T12:54:32+05:30
pay_00000000003814,order_0000003814,793.30,card,failed,2025-11-11T12:56:56+05:30
pay_00000000003815,order_0000003815,2141.99,upi,captured,2025-11-02T00:19:45+05:30
pay_00000000003816,order_0000003816,1866.23,card,captured,2025-11-17T12:31:08+05:30
pay_00000000003817,order_0000003817,444.20,upi,captured,2025-11-23T09:38:01+05:30
pay_00000000003818,order_0000003818,1034.93,upi,captured,2025-11-17T18:12:05+05:30
pay_00000000003819,order_0000003819,629.66,upi,captured,2025-11-01T16:39:10+05:30
pay_00000000003820,order_0000003820,648.99,upi,captured,2025-11-19T10:38:58+05:30
pay_00000000003821,order_0000003821,404.57,upi,captured,2025-11-21T16:15:55+05:30
pay_00000000003822,order_0000003822,10434.00,upi,captured,2025-11-28T22:40:56+05:30
pay_00000000003823,order_0000003823,1428.99,upi,captured,2025-11-05T20:30:07+05:30
pay_00000000003824,order_0000003824,844.46,card,captured,2025-11-06T20:32:25+05:30
pay_00000000003825,order_0000003825,388.00,upi,captured,2025-11-01T11:32:01+05:30
pay_00000000003826,order_0000003826,993.00,upi,captured,2025-11-01T18:04:22+05:30
pay_00000000003827,order_0000003827,1017.33,card,captured,2025-11-20T17:48:08+05:30
pay_00000000003828,order_0000003828,383.00,card,failed,2025-11-19T11:01:32+05:30
pay_00000000003829,order_0000003829,337.17,netbanking,captured,2025-11-28T20:05:39+05:30
pay_00000000003830,order_0000003830,845.00,upi,captured,2025-11-29T17:40:38+05:30
pay_00000000003831,order_0000003831,639.00,upi,captured,2025-11-03T15:09:34+05:30
pay_00000000003832,order_0000003832,897.84,card,captured,2025-11-09T20:32:17+05:30
pay_00000000003833,order_0000003833,121.10,upi,captured,2025-11-22T19:04:46+05:30
pay_00000000003834,order_0000003834,403.46,upi,captured,2025-11-16T19:30:08+05:30
pay_00000000003835,order_0000003835,826.00,upi,captured,2025-11-27T11:11:51+05:30
pay_00000000003836,order_0000003836,300.55,card,captured,2025-11-17T03:42:05+05:30
pay_00000000003837,order_0000003837,797.34,upi,captured,2025-11-29T06:14:36+05:30
pay_00000000003838,order_0000003838,825.99,upi,captured,2025-11-17T16:19:14+05:30
pay_00000000003839,order_0000003839,339.65,card,captured,2025-11-13T15:04:33+05:30
pay_00000000003840,order_0000003840,3065.95,upi,captured,2025-11-19T22:14:09+05:30
pay_00000000003841,order_0000003841,700.17,wallet,captured,2025-11-28T08:18:00+05:30
pay_00000000003842,order_0000003842,1415.04,upi,captured,2025-11-10T17:17:09+05:30
pay_00000000003843,order_0000003843,3085.53,card,captured,2025-11-25T17:51:29+05:30
pay_00000000003844,order_0000003844,802.59,upi,captured,2025-11-30T15:20:12+05:30
pay_00000000003845,order_0000003845,988.89,upi,captured,2025-11-12T16:25:28+05:30
pay_00000000003846,order_0000003846,1342.00,wallet,captured,2025-11-20T22:24:55+05:30
pay_00000000003847,order_0000003847,620.00,upi,captured,2025-11-22T05:26:56+05:30
pay_00000000003848,order_0000003848,3396.00,upi,captured,2025-11-14T14:41:32+05:30
pay_00000000003849,order_0000003849,412.00,upi,captured,2025-11-05T22:02:20+05:30
pay_00000000003850,order_0000003850,6768.80,upi,captured,2025-11-17T01:16:51+05:30
pay_00000000003851,order_0000003851,319.38,upi,captured,2025-11-22T20:42:20+05:30
pay_00000000003852,order_0000003852,838.80,netbanking,captured,2025-11-20T17:08:50+05:30
pay_00000000003853,order_0000003853,668.00,upi,captured,2025-11-25T15:57:59+05:30
pay_00000000003854,order_0000003854,370.00,wallet,captured,2025-11-01T13:47:34+05:30
pay_00000000003855,order_0000003855,827.86,upi,failed,2025-11-15T20:37:48+05:30
pay_00000000003856,order_0000003856,504.71,netbanking,captured,2025-11-14T21:10:02+05:30
pay_00000000003857,order_0000003857,106.46,upi,captured,2025-11-24T15:01:40+05:30
pay_00000000003858,order_0000003858,570.00,upi,captured,2025-11-20T21:14:51+05:30
pay_00000000003859,order_0000003859,140.99,upi,captured,2025-11-06T15:51:28+05:30
pay_00000000003860,order_0000003860,775.99,card,captured,2025-11-08T20:03:00+05:30
pay_00000000003861,order_0000003861,719.32,upi,captured,2025-11-29T13:01:04+05:30
pay_00000000003862,order_0000003862,709.71,upi,captured,2025-11-07T09:39:04+05:30
pay_00000000003863,order_0000003863,204.20,upi,captured,2025-11-15T13:13:37+05:30
pay_00000000003864,order_0000003864,692.99,upi,captured,2025-11-10T06:58:31+05:30
pay_00000000003865,order_0000003865,447.00,wallet,captured,2025-11-10T17:15:41+05:30
pay_00000000003866,order_0000003866,538.54,upi,captured,2025-11-23T21:20:38+05:30
pay_00000000003867,order_0000003867,675.00,card,captured,2025-11-17T13:28:59+05:30
pay_00000000003868,order_0000003868,508.99,upi,captured,2025-11-28T12:19:26+05:30
pay_00000000003869,order_0000003869,869.00,wallet,captured,2025-11-14T16:33:23+05:30
pay_00000000003870,order_0000003870,940.99,upi,failed,2025-11-24T18:02:49+05:30
pay_00000000003871,order_0000003871,739.89,card,captured,2025-11-29T12:30:29+05:30
pay_00000000003872,order_0000003872,900.00,upi,captured,2025-11-20T23:59:09+05:30
pay_00000000003873,order_0000003873,733.99,upi,captured,2025-11-11T11:14:42+05:30
pay_00000000003874,order_0000003874,593.00,upi,captured,2025-11-21T23:10:17+05:30
pay_00000000003875,order_0000003875,1072.16,card,captured,2025-11-29T23:07:53+05:30
pay_00000000003876,order_0000003876,218.99,netbanking,captured,2025-11-18T12:03:04+05:30
pay_00000000003877,order_0000003877,784.16,card,captured,2025-11-27T21:58:08+05:30
pay_00000000003878,order_0000003878,3077.44,card,captured,2025-11-01T18:15:43+05:30
pay_00000000003879,order_0000003879,166.11,upi,captured,2025-11-05T19:48:12+05:30
pay_00000000003880,order_0000003880,920.66,card,captured,2025-11-13T18:49:07+05:30
pay_00000000003881,order_0000003881,624.00,wallet,captured,2025-11-02T14:26:58+05:30
pay_00000000003882,order_0000003882,444.99,card,captured,2025-11-11T16:25:30+05:30
pay_00000000003883,order_0000003883,9304.00,upi,captured,2025-11-09T10:50:29+05:30
pay_00000000003884,order_0000003884,615.99,upi,captured,2025-11-03T14:57:25+05:30
pay_00000000003885,order_0000003885,994.00,upi,captured,2025-11-21T11:35:50+05:30
pay_00000000003886,order_0000003886,855.99,upi,captured,2025-11-23T15:15:54+05:30
pay_00000000003887,order_0000003887,508.00,upi,captured,2025-11-16T20:50:22+05:30
pay_00000000003888,order_0000003888,1017.00,card,captured,2025-11-12T10:28:40+05:30
pay_00000000003889,order_0000003889,378.99,wallet,captured,2025-11-17T19:46:30+05:30
pay_00000000003890,order_0000003890,534.00,upi,failed,2025-11-11T05:40:27+05:30
pay_00000000003891,order_0000003891,2969.61,card,captured,2025-11-30T13:09:51+05:30
pay_00000000003892,order_0000003892,874.92,upi,captured,2025-11-26T05:06:24+05:30
pay_00000000003893,order_0000003893,3342.52,wallet,captured,2025-11-27T15:46:43+05:30
pay_00000000003894,order_0000003894,621.99,wallet,captured,2025-11-26T10:27:25+05:30
pay_00000000003895,order_0000003895,649.99,upi,captured,2025-11-23T16:39:29+05:30
pay_00000000003896,order_0000003896,702.00,upi,captured,2025-11-04T23:04:19+05:30
pay_00000000003897,order_0000003897,923.00,upi,captured,2025-11-01T14:50:45+05:30
pay_00000000003898,order_0000003898,3090.77,card,captured,2025-11-24T06:47:26+05:30
pay_00000000003899,order_0000003899,806.31,card,captured,2025-11-11T23:55:34+05:30
pay_00000000003900,order_0000003900,332.00,card,captured,2025-11-15T04:12:38+05:30
pay_00000000003901,order_0000003901,597.41,upi,captured,2025-11-06T20:39:55+05:30
pay_00000000003902,order_0000003902,1781.69,upi,captured,2025-11-17T15:45:37+05:30
pay_00000000003903,order_0000003903,626.22,upi,captured,2025-11-15T07:35:12+05:30
pay_00000000003904,order_0000003904,286.96,upi,captured,2025-11-29T04:30:00+05:30
pay_00000000003905,order_0000003905,930.32,upi,captured,2025-11-28T19:56:12+05:30
pay_00000000003906,order_0000003906,295.03,netbanking,captured,2025-11-06T12:49:48+05:30
pay_00000000003907,order_0000003907,3523.00,upi,captured,2025-11-13T20:08:13+05:30
pay_00000000003908,order_0000003908,6609.34,upi,captured,2025-11-13T09:37:42+05:30
pay_00000000003909,order_0000003909,941.00,netbanking,captured,2025-11-26T23:16:50+05:30
pay_00000000003910,order_0000003910,2480.97,wallet,captured,2025-11-16T06:03:12+05:30
pay_00000000003911,order_0000003911,875.76,upi,captured,2025-11-03T11:19:05+05:30
pay_00000000003912,order_0000003912,893.00,wallet,captured,2025-11-29T18:16:42+05:30
pay_00000000003913,order_0000003913,3044.00,card,captured,2025-11-22T17:59:20+05:30
pay_00000000003914,order_0000003914,2309.53,upi,captured,2025-11-05T20:08:49+05:30
pay_00000000003915,order_0000003915,445.99,card,captured,2025-11-19T09:19:58+05:30
pay_00000000003916,order_0000003916,827.67,upi,captured,2025-11-06T19:29:57+05:30
pay_00000000003917,order_0000003917,1017.05,upi,captured,2025-11-24T15:30:56+05:30
pay_00000000003918,order_0000003918,328.98,upi,captured,2025-11-26T22:03:47+05:30
pay_00000000003919,order_0000003919,2794.14,upi,captured,2025-11-21T20:21:13+05:30
pay_00000000003920,order_0000003920,281.00,netbanking,captured,2025-11-15T12:20:06+05:30
pay_00000000003921,order_0000003921,539.00,upi,captured,2025-11-11T16:20:29+05:30
pay_00000000003922,order_0000003922,441.99,card,captured,2025-11-01T18:38:23+05:30
pay_00000000003923,order_0000003923,486.99,upi,captured,2025-11-30T20:57:31+05:30
pay_00000000003924,order_0000003924,719.99,card,captured,2025-11-14T19:13:13+05:30
pay_00000000003925,order_0000003925,828.17,upi,captured,2025-11-26T16:21:19+05:30
pay_00000000003926,order_0000003926,595.00,card,captured,2025-11-22T17:16:23+05:30
pay_00000000003927,order_0000003927,1042.65,netbanking,captured,2025-11-03T04:42:24+05:30
pay_00000000003928,order_0000003928,809.73,upi,captured,2025-11-16T16:41:58+05:30
pay_00000000003929,order_0000003929,871.00,card,captured,2025-11-24T11:38:32+05:30
pay_00000000003930,order_0000003930,161.00,upi,captured,2025-11-08T07:44:58+05:30
pay_00000000003931,order_0000003931,830.06,upi,captured,2025-11-16T15:12:37+05:30
pay_00000000003932,order_0000003932,112.99,wallet,captured,2025-11-09T06:37:38+05:30
pay_00000000003933,order_0000003933,3128.00,upi,captured,2025-11-13T14:07:46+05:30
pay_00000000003934,order_0000003934,712.83,card,failed,2025-11-29T14:54:53+05:30
pay_00000000003935,order_0000003935,863.99,wallet,captured,2025-11-05T20:58:51+05:30
pay_00000000003936,order_0000003936,130.51,upi,captured,2025-11-26T03:00:41+05:30
pay_00000000003937,order_0000003937,703.72,upi,captured,2025-11-08T09:38:01+05:30
pay_00000000003938,order_0000003938,2054.00,wallet,captured,2025-11-21T19:25:52+05:30
pay_00000000003939,order_0000003939,1078.00,upi,captured,2025-11-29T14:12:58+05:30
pay_00000000003940,order_0000003940,506.20,card,captured,2025-11-18T11:32:35+05:30
pay_00000000003941,order_0000003941,705.48,upi,failed,2025-11-29T18:10:19+05:30
pay_00000000003942,order_0000003942,830.94,upi,captured,2025-11-14T04:37:28+05:30
pay_00000000003943,order_0000003943,840.25,upi,captured,2025-11-18T17:08:14+05:30
pay_00000000003944,order_0000003944,1257.00,card,failed,2025-11-20T19:14:10+05:30
pay_00000000003945,order_0000003945,358.56,upi,captured,2025-11-18T21:33:19+05:30
pay_00000000003946,order_0000003946,2363.00,upi,failed,2025-11-14T19:03:27+05:30
pay_00000000003947,order_0000003947,784.85,upi,captured,2025-11-03T23:38:32+05:30
pay_00000000003948,order_0000003948,1243.00,card,captured,2025-11-18T08:06:12+05:30
pay_00000000003949,order_0000003949,2886.00,wallet,captured,2025-11-26T14:31:00+05:30
pay_00000000003950,order_0000003950,413.96,upi,captured,2025-11-27T18:44:31+05:30
pay_00000000003951,order_0000003951,761.00,upi,captured,2025-11-26T09:25:41+05:30
pay_00000000003952,order_0000003952,814.31,netbanking,captured,2025-11-14T06:29:41+05:30
pay_00000000003953,order_0000003953,628.21,wallet,captured,2025-11-07T14:12:08+05:30
pay_00000000003954,order_0000003954,264.38,upi,failed,2025-11-03T12:35:31+05:30
pay_00000000003955,order_0000003955,207.41,card,captured,2025-11-17T06:42:59+05:30
pay_00000000003956,order_0000003956,1033.81,card,captured,2025-11-13T16:20:59+05:30
pay_00000000003957,order_0000003957,10724.81,upi,captured,2025-11-03T06:07:02+05:30
pay_00000000003958,order_0000003958,208.97,upi,captured,2025-11-20T15:06:54+05:30
pay_00000000003959,order_0000003959,2407.76,upi,captured,2025-11-13T21:05:28+05:30
pay_00000000003960,order_0000003960,1055.93,upi,captured,2025-11-27T22:25:10+05:30
pay_00000000003961,order_0000003961,639.99,card,captured,2025-11-22T04:15:55+05:30
pay_00000000003962,order_0000003962,512.19,card,captured,2025-11-04T21:46:16+05:30
pay_00000000003963,order_0000003963,969.53,wallet,captured,2025-11-02T15:38:37+05:30
pay_00000000003964,order_0000003964,2247.95,upi,captured,2025-11-10T15:34:54+05:30
pay_00000000003965,order_0000003965,149.78,upi,captured,2025-11-28T08:47:09+05:30
pay_00000000003966,order_0000003966,129.13,card,captured,2025-11-23T18:12:21+05:30
pay_00000000003967,order_0000003967,849.90,netbanking,failed,2025-11-08T17:03:03+05:30
pay_00000000003968,order_0000003968,2896.00,netbanking,captured,2025-11-21T11:46:39+05:30
pay_00000000003969,order_0000003969,2629.44,upi,captured,2025-11-22T23:59:45+05:30
pay_00000000003970,order_0000003970,1007.00,upi,captured,2025-11-19T14:29:51+05:30
pay_00000000003971,order_0000003971,796.00,upi,captured,2025-11-13T08:50:43+05:30
pay_00000000003972,order_0000003972,410.12,wallet,captured,2025-11-04T10:45:54+05:30
pay_00000000003973,order_0000003973,1669.52,card,captured,2025-11-14T22:34:23+05:30
pay_00000000003974,order_0000003974,829.58,upi,captured,2025-11-01T14:21:21+05:30
pay_00000000003975,order_0000003975,2785.90,upi,captured,2025-11-30T20:18:09+05:30
pay_00000000003976,order_0000003976,881.00,upi,captured,2025-11-12T17:59:16+05:30
pay_00000000003977,order_0000003977,700.00,wallet,captured,2025-11-29T20:02:07+05:30
pay_00000000003978,order_0000003978,10926.79,upi,captured,2025-11-25T17:27:19+05:30
pay_00000000003979,order_0000003979,233.00,card,captured,2025-11-10T09:33:21+05:30
pay_00000000003980,order_0000003980,1053.99,netbanking,captured,2025-11-21T15:00:21+05:30
pay_00000000003981,order_0000003981,909.00,wallet,captured,2025-11-10T10:31:35+05:30
pay_00000000003982,order_0000003982,3052.00,upi,captured,2025-11-19T13:20:48+05:30
pay_00000000003983,order_0000003983,771.83,card,captured,2025-11-05T12:07:40+05:30
pay_00000000003984,order_0000003984,5568.09,card,captured,2025-11-01T08:26:28+05:30
pay_00000000003985,order_0000003985,950.00,card,captured,2025-11-28T11:07:53+05:30
pay_00000000003986,order_0000003986,2996.00,wallet,captured,2025-11-27T18:49:19+05:30
pay_00000000003987,order_0000003987,816.00,netbanking,captured,2025-11-23T13:17:34+05:30
pay_00000000003988,order_0000003988,2184.41,upi,captured,2025-11-05T21:39:27+05:30
pay_00000000003989,order_0000003989,466.47,wallet,captured,2025-11-22T03:36:07+05:30
pay_00000000003990,order_0000003990,883.45,netbanking,captured,2025-11-14T08:16:42+05:30
pay_00000000003991,order_0000003991,626.00,card,captured,2025-11-12T15:22:06+05:30
pay_00000000003992,order_0000003992,393.00,upi,captured,2025-11-11T15:51:56+05:30
pay_00000000003993,order_0000003993,724.00,card,captured,2025-11-17T12:16:34+05:30
pay_00000000003994,order_0000003994,945.11,card,captured,2025-11-30T10:48:39+05:30
pay_00000000003995,order_0000003995,914.00,netbanking,captured,2025-11-24T22:09:09+05:30
pay_00000000003996,order_0000003996,216.99,card,captured,2025-11-10T03:04:42+05:30
pay_00000000003997,order_0000003997,263.00,card,captured,2025-11-18T16:36:08+05:30
pay_00000000003998,order_0000003998,838.83,upi,captured,2025-11-19T08:32:33+05:30
pay_00000000003999,order_0000003999,703.52,upi,captured,2025-11-21T20:45:02+05:30
pay_00000000004000,order_0000004000,474.48,upi,captured,2025-11-15T11:48:56+05:30
pay_00000000004001,order_0000004001,1076.08,card,captured,2025-11-12T21:59:16+05:30
pay_00000000004002,order_0000004002,2798.66,wallet,captured,2025-11-09T07:08:16+05:30
pay_00000000004003,order_0000004003,1637.00,card,captured,2025-11-17T11:01:16+05:30
pay_00000000004004,order_0000004004,645.89,upi,captured,2025-11-11T23:14:43+05:30
pay_00000000004005,order_0000004005,2743.99,card,captured,2025-11-17T16:16:47+05:30
pay_00000000004006,order_0000004006,3118.99,card,captured,2025-11-30T05:31:03+05:30
pay_00000000004007,order_0000004007,436.00,upi,captured,2025-11-18T09:09:21+05:30
pay_00000000004008,order_0000004008,305.00,netbanking,captured,2025-11-15T23:32:40+05:30
pay_00000000004009,order_0000004009,670.99,card,captured,2025-11-03T11:50:07+05:30
pay_00000000004010,order_0000004010,5476.00,upi,captured,2025-11-24T23:53:29+05:30
pay_00000000004011,order_0000004011,601.35,upi,captured,2025-11-29T10:47:29+05:30
pay_00000000004012,order_0000004012,1028.00,card,captured,2025-11-01T07:14:55+05:30
pay_00000000004013,order_0000004013,849.00,upi,captured,2025-11-22T21:06:49+05:30
pay_00000000004014,order_0000004014,657.00,upi,captured,2025-11-21T11:04:25+05:30
pay_00000000004015,order_0000004015,3521.54,upi,captured,2025-11-12T06:12:30+05:30
pay_00000000004016,order_0000004016,493.00,upi,captured,2025-11-27T23:33:01+05:30
pay_00000000004017,order_0000004017,644.23,upi,captured,2025-11-30T19:28:15+05:30
pay_00000000004018,order_0000004018,518.87,upi,captured,2025-11-19T10:40:30+05:30
pay_00000000004019,order_0000004019,2167.00,upi,captured,2025-11-18T23:29:01+05:30
pay_00000000004020,order_0000004020,543.50,upi,captured,2025-11-10T03:19:45+05:30
pay_00000000004021,order_0000004021,139.00,card,captured,2025-11-15T12:32:29+05:30
pay_00000000004022,order_0000004022,3517.11,upi,captured,2025-11-06T10:14:37+05:30
pay_00000000004023,order_0000004023,891.00,card,captured,2025-11-10T01:20:20+05:30
pay_00000000004024,order_0000004024,837.66,upi,captured,2025-11-22T00:56:26+05:30
pay_00000000004025,order_0000004025,646.78,upi,captured,2025-11-20T15:20:44+05:30
pay_00000000004026,order_0000004026,579.44,upi,captured,2025-11-05T15:07:02+05:30
pay_00000000004027,order_0000004027,548.00,netbanking,captured,2025-11-03T21:30:41+05:30
pay_00000000004028,order_0000004028,266.05,upi,captured,2025-11-13T12:32:38+05:30
pay_00000000004029,order_0000004029,466.00,upi,captured,2025-11-02T05:48:28+05:30
pay_00000000004030,order_0000004030,923.99,netbanking,captured,2025-11-22T06:05:28+05:30
pay_00000000004031,order_0000004031,2409.67,netbanking,captured,2025-11-11T19:39:52+05:30
pay_00000000004032,order_0000004032,461.70,upi,captured,2025-11-15T17:40:48+05:30
pay_00000000004033,order_0000004033,865.00,upi,captured,2025-11-10T17:56:30+05:30
pay_00000000004034,order_0000004034,259.28,wallet,captured,2025-11-06T06:27:14+05:30
pay_00000000004035,order_0000004035,840.67,upi,captured,2025-11-09T09:45:42+05:30
pay_00000000004036,order_0000004036,526.18,wallet,captured,2025-11-23T11:53:57+05:30
pay_00000000004037,order_0000004037,1460.00,upi,captured,2025-11-04T19:50:10+05:30
pay_00000000004038,order_0000004038,2465.67,upi,captured,2025-11-09T06:11:09+05:30
pay_00000000004039,order_0000004039,3503.43,upi,captured,2025-11-11T00:27:10+05:30
pay_00000000004040,order_0000004040,16942.75,card,captured,2025-11-30T13:45:56+05:30
pay_00000000004041,order_0000004041,729.68,card,captured,2025-11-14T17:35:42+05:30
pay_00000000004042,order_0000004042,947.27,card,captured,2025-11-17T23:52:43+05:30
pay_00000000004043,order_0000004043,535.83,wallet,captured,2025-11-18T08:03:37+05:30
pay_00000000004044,order_0000004044,342.23,wallet,captured,2025-11-29T13:48:15+05:30
pay_00000000004045,order_0000004045,3500.00,upi,captured,2025-11-03T19:55:04+05:30
pay_00000000004046,order_0000004046,722.91,upi,captured,2025-11-21T21:25:01+05:30
pay_00000000004047,order_0000004047,458.99,wallet,captured,2025-11-21T03:55:32+05:30
pay_00000000004048,order_0000004048,482.57,wallet,captured,2025-11-04T23:55:20+05:30
pay_00000000004049,order_0000004049,939.29,upi,captured,2025-11-09T13:48:31+05:30
pay_00000000004050,order_0000004050,918.00,netbanking,captured,2025-11-27T18:59:57+05:30
pay_00000000004051,order_0000004051,12670.00,wallet,captured,2025-11-13T23:24:53+05:30
pay_00000000004052,order_0000004052,979.99,upi,captured,2025-11-15T12:33:19+05:30
pay_00000000004053,order_0000004053,2176.81,card,captured,2025-11-25T11:12:14+05:30
pay_00000000004054,order_0000004054,429.01,card,captured,2025-11-20T02:25:32+05:30
pay_00000000004055,order_0000004055,346.83,upi,captured,2025-11-22T10:58:19+05:30
pay_00000000004056,order_0000004056,848.00,upi,captured,2025-11-12T21:25:10+05:30
pay_00000000004057,order_0000004057,330.96,upi,captured,2025-11-28T01:21:18+05:30
pay_00000000004058,order_0000004058,1948.87,upi,captured,2025-11-04T12:41:06+05:30
pay_00000000004059,order_0000004059,854.01,upi,captured,2025-11-23T16:14:15+05:30
pay_00000000004060,order_0000004060,651.98,upi,captured,2025-11-02T22:11:45+05:30
pay_00000000004061,order_0000004061,851.50,upi,captured,2025-11-27T05:12:19+05:30
pay_00000000004062,order_0000004062,831.05,upi,captured,2025-11-06T17:33:37+05:30
pay_00000000004063,order_0000004063,187.32,upi,captured,2025-11-07T13:02:44+05:30
pay_00000000004064,order_0000004064,491.01,upi,captured,2025-11-10T09:40:16+05:30
pay_00000000004065,order_0000004065,170.59,card,captured,2025-11-08T19:00:41+05:30
pay_00000000004066,order_0000004066,403.25,upi,captured,2025-11-27T09:13:49+05:30
pay_00000000004067,order_0000004067,716.77,upi,captured,2025-11-17T23:15:04+05:30
pay_00000000004068,order_0000004068,473.52,card,captured,2025-11-17T20:14:50+05:30
pay_00000000004069,order_0000004069,876.39,upi,captured,2025-11-01T02:07:58+05:30
pay_00000000004070,order_0000004070,12144.79,upi,captured,2025-11-05T22:45:25+05:30
pay_00000000004071,order_0000004071,774.16,upi,captured,2025-11-29T10:53:31+05:30
pay_00000000004072,order_0000004072,3094.09,upi,captured,2025-11-13T14:39:18+05:30
pay_00000000004073,order_0000004073,230.08,netbanking,captured,2025-11-02T21:34:50+05:30
pay_00000000004074,order_0000004074,1113.16,card,captured,2025-11-12T17:22:54+05:30
pay_00000000004075,order_0000004075,479.99,upi,captured,2025-11-12T19:51:51+05:30
pay_00000000004076,order_0000004076,588.99,upi,captured,2025-11-08T07:42:07+05:30
pay_00000000004077,order_0000004077,194.17,wallet,failed,2025-11-25T17:44:32+05:30
pay_00000000004078,order_0000004078,572.99,upi,captured,2025-11-25T10:43:05+05:30
pay_00000000004079,order_0000004079,1005.99,wallet,failed,2025-11-02T17:13:44+05:30
pay_00000000004080,order_0000004080,99.03,netbanking,captured,2025-11-25T06:53:46+05:30
pay_00000000004081,order_0000004081,317.18,upi,captured,2025-11-28T10:13:11+05:30
pay_00000000004082,order_0000004082,909.99,upi,captured,2025-11-29T04:24:18+05:30
pay_00000000004083,order_0000004083,2433.22,upi,captured,2025-11-02T14:12:43+05:30
pay_00000000004084,order_0000004084,1065.96,upi,captured,2025-11-08T14:32:16+05:30
pay_00000000004085,order_0000004085,975.25,upi,captured,2025-11-13T13:25:21+05:30
pay_00000000004086,order_0000004086,1060.59,upi,captured,2025-11-28T17:14:28+05:30
pay_00000000004087,order_0000004087,898.00,upi,captured,2025-11-20T12:03:27+05:30
pay_00000000004088,order_0000004088,395.32,upi,failed,2025-11-17T15:20:57+05:30
pay_00000000004089,order_0000004089,150.00,netbanking,captured,2025-11-16T15:27:57+05:30
pay_00000000004090,order_0000004090,394.00,card,captured,2025-11-01T22:21:46+05:30
pay_00000000004091,order_0000004091,516.36,card,failed,2025-11-19T15:20:09+05:30
pay_00000000004092,order_0000004092,668.30,upi,captured,2025-11-11T11:08:38+05:30
pay_00000000004093,order_0000004093,296.45,upi,captured,2025-11-24T12:23:22+05:30
pay_00000000004094,order_0000004094,736.60,upi,captured,2025-11-04T00:16:52+05:30
pay_00000000004095,order_0000004095,299.99,card,captured,2025-11-23T05:59:05+05:30
pay_00000000004096,order_0000004096,5895.27,card,captured,2025-11-30T21:57:59+05:30
pay_00000000004097,order_0000004097,1176.38,wallet,captured,2025-11-30T23:07:32+05:30
pay_00000000004098,order_0000004098,491.76,upi,captured,2025-11-25T20:01:50+05:30
pay_00000000004099,order_0000004099,827.96,upi,captured,2025-11-28T23:54:51+05:30
pay_00000000004100,order_0000004100,2938.00,card,captured,2025-11-04T17:45:56+05:30
pay_00000000004101,order_0000004101,603.00,netbanking,captured,2025-11-11T15:32:20+05:30
pay_00000000004102,order_0000004102,405.12,upi,captured,2025-11-02T23:22:02+05:30
pay_00000000004103,order_0000004103,600.99,upi,captured,2025-11-01T09:01:31+05:30
pay_00000000004104,order_0000004104,360.40,netbanking,captured,2025-11-02T13:27:25+05:30
pay_00000000004105,order_0000004105,595.99,upi,captured,2025-11-01T17:29:35+05:30
pay_00000000004106,order_0000004106,248.92,netbanking,captured,2025-11-19T20:16:39+05:30
pay_00000000004107,order_0000004107,351.00,upi,captured,2025-11-13T21:20:32+05:30
pay_00000000004108,order_0000004108,693.99,upi,captured,2025-11-21T11:31:52+05:30
pay_00000000004109,order_0000004109,444.00,netbanking,captured,2025-11-09T09:37:28+05:30
pay_00000000004110,order_0000004110,16758.95,wallet,captured,2025-11-20T14:46:43+05:30
pay_00000000004111,order_0000004111,235.00,upi,captured,2025-11-10T08:34:34+05:30
pay_00000000004112,order_0000004112,350.12,upi,captured,2025-11-13T15:31:26+05:30
pay_00000000004113,order_0000004113,3475.67,upi,failed,2025-11-21T18:37:27+05:30
pay_00000000004114,order_0000004114,515.57,card,failed,2025-11-14T16:24:27+05:30
pay_00000000004115,order_0000004115,651.01,card,captured,2025-11-10T18:33:39+05:30
pay_00000000004116,order_0000004116,410.00,card,captured,2025-11-22T06:15:09+05:30
pay_00000000004117,order_0000004117,998.31,upi,captured,2025-11-20T17:27:28+05:30
pay_00000000004118,order_0000004118,620.40,upi,captured,2025-11-29T14:48:23+05:30
pay_00000000004119,order_0000004119,228.28,upi,captured,2025-11-19T23:04:26+05:30
pay_00000000004120,order_0000004120,324.00,wallet,captured,2025-11-16T16:41:26+05:30
pay_00000000004121,order_0000004121,2524.00,upi,captured,2025-11-27T09:33:28+05:30
pay_00000000004122,order_0000004122,13752.00,upi,captured,2025-11-07T23:01:23+05:30
pay_00000000004123,order_0000004123,222.00,card,captured,2025-11-23T21:27:04+05:30
pay_00000000004124,order_0000004124,456.15,card,captured,2025-11-13T05:16:24+05:30
pay_00000000004125,order_0000004125,2739.00,upi,captured,2025-11-02T13:48:13+05:30
pay_00000000004126,order_0000004126,718.11,card,captured,2025-11-30T17:53:51+05:30
pay_00000000004127,order_0000004127,730.40,wallet,captured,2025-11-07T12:20:43+05:30
pay_00000000004128,order_0000004128,134.21,card,failed,2025-11-16T05:10:39+05:30
pay_00000000004129,order_0000004129,1010.00,card,captured,2025-11-26T21:11:33+05:30
pay_00000000004130,order_0000004130,670.55,wallet,captured,2025-11-10T20:03:29+05:30
pay_00000000004131,order_0000004131,2660.11,wallet,captured,2025-11-20T20:11:33+05:30
pay_00000000004132,order_0000004132,6686.99,upi,captured,2025-11-19T02:17:29+05:30
pay_00000000004133,order_0000004133,569.00,wallet,captured,2025-11-27T14:38:49+05:30
pay_00000000004134,order_0000004134,218.00,upi,captured,2025-11-20T16:54:54+05:30
pay_00000000004135,order_0000004135,831.99,upi,captured,2025-11-21T08:18:31+05:30
pay_00000000004136,order_0000004136,166.00,upi,captured,2025-11-23T20:43:37+05:30
pay_00000000004137,order_0000004137,752.99,card,failed,2025-11-20T12:31:26+05:30
pay_00000000004138,order_0000004138,2937.00,netbanking,captured,2025-11-24T18:05:36+05:30
pay_00000000004139,order_0000004139,809.60,netbanking,captured,2025-11-11T16:35:50+05:30
pay_00000000004140,order_0000004140,605.78,upi,captured,2025-11-09T12:29:00+05:30
pay_00000000004141,order_0000004141,100.23,upi,captured,2025-11-10T17:36:26+05:30
pay_00000000004142,order_0000004142,648.53,card,failed,2025-11-10T16:37:47+05:30
pay_00000000004143,order_0000004143,2858.00,upi,captured,2025-11-18T03:35:14+05:30
pay_00000000004144,order_0000004144,520.78,upi,captured,2025-11-24T16:14:56+05:30
pay_00000000004145,order_0000004145,1999.99,upi,captured,2025-11-06T21:06:10+05:30
pay_00000000004146,order_0000004146,936.64,card,captured,2025-11-30T09:34:15+05:30
pay_00000000004147,order_0000004147,625.18,upi,captured,2025-11-30T17:32:49+05:30
pay_00000000004148,order_0000004148,981.16,upi,captured,2025-11-18T15:56:52+05:30
pay_00000000004149,order_0000004149,2893.00,upi,captured,2025-11-27T20:38:57+05:30
pay_00000000004150,order_0000004150,2239.00,upi,failed,2025-11-17T22:41:10+05:30
pay_00000000004151,order_0000004151,839.61,wallet,captured,2025-11-05T10:46:18+05:30
pay_00000000004152,order_0000004152,235.00,netbanking,failed,2025-11-23T13:09:43+05:30
pay_00000000004153,order_0000004153,573.99,upi,captured,2025-11-21T08:00:22+05:30
pay_00000000004154,order_0000004154,555.70,card,captured,2025-11-04T07:42:09+05:30
pay_00000000004155,order_0000004155,451.17,card,captured,2025-11-12T14:56:13+05:30
pay_00000000004156,order_0000004156,12381.85,upi,captured,2025-11-07T08:43:47+05:30
pay_00000000004157,order_0000004157,636.00,upi,captured,2025-11-11T19:12:57+05:30
pay_00000000004158,order_0000004158,1440.00,card,captured,2025-11-08T19:13:38+05:30
pay_00000000004159,order_0000004159,118.32,wallet,captured,2025-11-11T22:43:52+05:30
pay_00000000004160,order_0000004160,136.15,upi,captured,2025-11-10T19:43:02+05:30
pay_00000000004161,order_0000004161,113.00,upi,captured,2025-11-30T19:46:25+05:30
pay_00000000004162,order_0000004162,115.00,upi,captured,2025-11-23T17:42:56+05:30
pay_00000000004163,order_0000004163,1063.59,upi,captured,2025-11-05T07:25:10+05:30
pay_00000000004164,order_0000004164,9886.99,wallet,captured,2025-11-28T18:24:46+05:30
pay_00000000004165,order_0000004165,1026.85,upi,captured,2025-11-09T17:42:24+05:30
pay_00000000004166,order_0000004166,530.00,upi,captured,2025-11-18T15:10:42+05:30
pay_00000000004167,order_0000004167,232.99,card,captured,2025-11-01T22:58:54+05:30
pay_00000000004168,order_0000004168,1671.00,upi,captured,2025-11-18T14:12:35+05:30
pay_00000000004169,order_0000004169,380.00,upi,captured,2025-11-19T11:49:43+05:30
pay_00000000004170,order_0000004170,330.25,upi,failed,2025-11-19T22:41:32+05:30
pay_00000000004171,order_0000004171,562.79,card,captured,2025-11-20T05:49:35+05:30
pay_00000000004172,order_0000004172,974.00,upi,captured,2025-11-22T18:50:31+05:30
pay_00000000004173,order_0000004173,112.51,card,captured,2025-11-27T13:41:57+05:30
pay_00000000004174,order_0000004174,305.63,upi,captured,2025-11-20T11:19:23+05:30
pay_00000000004175,order_0000004175,731.00,wallet,failed,2025-11-28T04:28:50+05:30
pay_00000000004176,order_0000004176,1251.00,upi,captured,2025-11-19T20:42:07+05:30
pay_00000000004177,order_0000004177,908.00,upi,captured,2025-11-23T07:09:33+05:30
pay_00000000004178,order_0000004178,502.00,upi,captured,2025-11-08T13:01:05+05:30
pay_00000000004179,order_0000004179,1034.00,upi,captured,2025-11-07T08:39:10+05:30
pay_00000000004180,order_0000004180,541.80,upi,captured,2025-11-15T04:04:29+05:30
pay_00000000004181,order_0000004181,843.91,upi,captured,2025-11-20T11:53:09+05:30
pay_00000000004182,order_0000004182,1446.28,netbanking,captured,2025-11-30T19:25:42+05:30
pay_00000000004183,order_0000004183,273.98,upi,failed,2025-11-09T15:05:08+05:30
pay_00000000004184,order_0000004184,254.05,card,captured,2025-11-02T20:43:47+05:30
pay_00000000004185,order_0000004185,649.17,upi,captured,2025-11-01T18:37:25+05:30
pay_00000000004186,order_0000004186,14462.56,upi,captured,2025-11-25T14:31:22+05:30
pay_00000000004187,order_0000004187,486.26,netbanking,captured,2025-11-16T17:30:41+05:30
pay_00000000004188,order_0000004188,805.90,upi,captured,2025-11-04T20:27:28+05:30
pay_00000000004189,order_0000004189,292.00,upi,captured,2025-11-08T12:23:18+05:30
pay_00000000004190,order_0000004190,1002.87,upi,captured,2025-11-29T20:46:55+05:30
pay_00000000004191,order_0000004191,1032.65,upi,captured,2025-11-29T06:16:45+05:30
pay_00000000004192,order_0000004192,975.00,card,captured,2025-11-07T14:56:47+05:30
pay_00000000004193,order_0000004193,775.10,upi,captured,2025-11-25T18:18:18+05:30
pay_00000000004194,order_0000004194,641.05,upi,captured,2025-11-02T22:58:09+05:30
pay_00000000004195,order_0000004195,900.44,upi,captured,2025-11-21T20:58:52+05:30
pay_00000000004196,order_0000004196,908.19,wallet,captured,2025-11-24T17:40:25+05:30
pay_00000000004197,order_0000004197,165.89,upi,captured,2025-11-21T17:39:37+05:30
pay_00000000004198,order_0000004198,919.72,card,captured,2025-11-23T18:33:23+05:30
pay_00000000004199,order_0000004199,630.40,upi,captured,2025-11-14T13:41:22+05:30
pay_00000000004200,order_0000004200,569.17,upi,captured,2025-11-05T21:49:59+05:30
pay_00000000004201,order_0000004201,1064.37,upi,captured,2025-11-17T16:26:47+05:30
pay_00000000004202,order_0000004202,156.99,wallet,failed,2025-11-26T21:48:08+05:30
pay_00000000004203,order_0000004203,439.00,card,captured,2025-11-08T20:23:22+05:30
pay_00000000004204,order_0000004204,752.58,card,failed,2025-11-02T23:47:07+05:30
pay_00000000004205,order_0000004205,676.99,upi,captured,2025-11-02T16:41:10+05:30
pay_00000000004206,order_0000004206,586.43,card,captured,2025-11-21T08:07:33+05:30
pay_00000000004207,order_0000004207,1038.49,upi,captured,2025-11-15T13:03:32+05:30
pay_00000000004208,order_0000004208,720.04,upi,captured,2025-11-10T16:45:20+05:30
pay_00000000004209,order_0000004209,814.99,card,captured,2025-11-24T19:15:31+05:30
pay_00000000004210,order_0000004210,824.00,upi,captured,2025-11-21T14:08:33+05:30
pay_00000000004211,order_0000004211,919.73,upi,captured,2025-11-20T20:05:38+05:30
pay_00000000004212,order_0000004212,791.48,card,captured,2025-11-13T21:39:21+05:30
pay_00000000004213,order_0000004213,352.00,upi,captured,2025-11-20T18:13:39+05:30
pay_00000000004214,order_0000004214,974.00,card,captured,2025-11-04T12:32:02+05:30
pay_00000000004215,order_0000004215,773.75,wallet,captured,2025-11-10T19:36:56+05:30
pay_00000000004216,order_0000004216,1081.15,wallet,captured,2025-11-03T15:55:26+05:30
pay_00000000004217,order_0000004217,818.88,wallet,captured,2025-11-12T13:51:30+05:30
pay_00000000004218,order_0000004218,298.28,netbanking,captured,2025-11-11T19:47:22+05:30
pay_00000000004219,order_0000004219,173.30,card,captured,2025-11-19T21:52:45+05:30
pay_00000000004220,order_0000004220,7230.00,upi,captured,2025-11-20T23:44:40+05:30
pay_00000000004221,order_0000004221,2575.99,card,captured,2025-11-24T23:37:14+05:30
pay_00000000004222,order_0000004222,800.67,wallet,captured,2025-11-26T06:43:21+05:30
pay_00000000004223,order_0000004223,604.99,wallet,captured,2025-11-01T12:42:01+05:30
pay_00000000004224,order_0000004224,1067.64,card,captured,2025-11-07T01:50:19+05:30
pay_00000000004225,order_0000004225,1065.99,card,captured,2025-11-23T23:42:42+05:30
pay_00000000004226,order_0000004226,235.29,card,failed,2025-11-15T16:58:03+05:30
pay_00000000004227,order_0000004227,608.13,card,captured,2025-11-20T07:47:43+05:30
pay_00000000004228,order_0000004228,295.00,card,captured,2025-11-07T04:53:58+05:30
pay_00000000004229,order_0000004229,583.00,netbanking,captured,2025-11-23T16:17:24+05:30
pay_00000000004230,order_0000004230,877.93,card,captured,2025-11-30T13:06:40+05:30
pay_00000000004231,order_0000004231,655.27,card,captured,2025-11-11T20:32:20+05:30
pay_00000000004232,order_0000004232,829.99,upi,captured,2025-11-26T17:12:33+05:30
pay_00000000004233,order_0000004233,980.00,card,captured,2025-11-24T14:19:44+05:30
pay_00000000004234,order_0000004234,2147.00,upi,captured,2025-11-08T09:20:57+05:30
pay_00000000004235,order_0000004235,1812.94,upi,captured,2025-11-20T14:39:19+05:30
pay_00000000004236,order_0000004236,995.00,card,failed,2025-11-14T19:23:14+05:30
pay_00000000004237,order_0000004237,1834.88,upi,captured,2025-11-30T08:18:52+05:30
pay_00000000004238,order_0000004238,811.00,upi,captured,2025-11-22T21:19:59+05:30
pay_00000000004239,order_0000004239,314.00,upi,captured,2025-11-18T16:13:34+05:30
pay_00000000004240,order_0000004240,935.20,card,captured,2025-11-21T20:49:47+05:30
pay_00000000004241,order_0000004241,3124.85,upi,captured,2025-11-06T09:03:29+05:30
pay_00000000004242,order_0000004242,342.32,card,captured,2025-11-23T12:59:16+05:30
pay_00000000004243,order_0000004243,238.00,card,captured,2025-11-29T23:06:51+05:30
pay_00000000004244,order_0000004244,902.96,upi,captured,2025-11-29T13:36:34+05:30
pay_00000000004245,order_0000004245,498.72,netbanking,captured,2025-11-27T00:22:24+05:30
pay_00000000004246,order_0000004246,3340.98,upi,captured,2025-11-09T15:44:02+05:30
pay_00000000004247,order_0000004247,605.99,card,captured,2025-11-18T21:49:38+05:30
pay_00000000004248,order_0000004248,7486.18,card,failed,2025-11-08T18:40:45+05:30
pay_00000000004249,order_0000004249,1752.00,upi,captured,2025-11-12T12:54:52+05:30
pay_00000000004250,order_0000004250,889.99,wallet,captured,2025-11-28T11:09:44+05:30
pay_00000000004251,order_0000004251,285.49,card,captured,2025-11-06T22:57:33+05:30
pay_00000000004252,order_0000004252,475.69,card,captured,2025-11-29T23:15:25+05:30
pay_00000000004253,order_0000004253,2701.52,upi,captured,2025-11-06T18:05:34+05:30
pay_00000000004254,order_0000004254,929.00,upi,captured,2025-11-07T18:17:33+05:30
pay_00000000004255,order_0000004255,509.00,upi,captured,2025-11-14T09:57:31+05:30
pay_00000000004256,order_0000004256,1955.99,upi,captured,2025-11-09T02:50:54+05:30
pay_00000000004257,order_0000004257,726.00,card,captured,2025-11-15T21:51:23+05:30
pay_00000000004258,order_0000004258,131.69,card,captured,2025-11-23T08:32:08+05:30
pay_00000000004259,order_0000004259,3585.00,upi,captured,2025-11-10T12:56:10+05:30
pay_00000000004260,order_0000004260,512.23,card,captured,2025-11-09T09:49:06+05:30
pay_00000000004261,order_0000004261,814.00,netbanking,captured,2025-11-05T19:02:04+05:30
pay_00000000004262,order_0000004262,360.93,card,captured,2025-11-25T10:40:47+05:30
pay_00000000004263,order_0000004263,638.00,upi,captured,2025-11-22T09:13:00+05:30
pay_00000000004264,order_0000004264,934.42,card,captured,2025-11-19T11:55:30+05:30
pay_00000000004265,order_0000004265,117.28,upi,captured,2025-11-28T06:00:30+05:30
pay_00000000004266,order_0000004266,3428.11,netbanking,captured,2025-11-13T09:45:03+05:30
pay_00000000004267,order_0000004267,838.10,card,captured,2025-11-07T03:27:01+05:30
pay_00000000004268,order_0000004268,2533.33,upi,captured,2025-11-16T09:58:04+05:30
pay_00000000004269,order_0000004269,781.90,upi,captured,2025-11-29T20:50:47+05:30
pay_00000000004270,order_0000004270,410.11,upi,captured,2025-11-29T21:23:28+05:30
pay_00000000004271,order_0000004271,536.00,upi,captured,2025-11-14T10:10:59+05:30
pay_00000000004272,order_0000004272,1054.99,upi,failed,2025-11-02T14:09:18+05:30
pay_00000000004273,order_0000004273,226.99,wallet,captured,2025-11-22T08:06:55+05:30
pay_00000000004274,order_0000004274,1787.00,upi,captured,2025-11-19T16:21:03+05:30
pay_00000000004275,order_0000004275,1193.44,upi,captured,2025-11-08T23:49:15+05:30
pay_00000000004276,order_0000004276,993.90,card,captured,2025-11-01T14:32:09+05:30
pay_00000000004277,order_0000004277,438.69,upi,captured,2025-11-18T23:29:55+05:30
pay_00000000004278,order_0000004278,3095.99,upi,captured,2025-11-21T12:30:25+05:30
pay_00000000004279,order_0000004279,1077.18,upi,captured,2025-11-02T06:14:48+05:30
pay_00000000004280,order_0000004280,559.99,card,captured,2025-11-27T22:04:03+05:30
pay_00000000004281,order_0000004281,14242.53,wallet,captured,2025-11-28T17:13:49+05:30
pay_00000000004282,order_0000004282,17153.62,upi,captured,2025-11-30T10:06:27+05:30
pay_00000000004283,order_0000004283,2214.57,upi,captured,2025-11-08T06:54:38+05:30
pay_00000000004284,order_0000004284,481.00,upi,captured,2025-11-26T03:46:13+05:30
pay_00000000004285,order_0000004285,1051.00,upi,captured,2025-11-01T21:31:00+05:30
pay_00000000004286,order_0000004286,185.97,card,captured,2025-11-05T19:46:53+05:30
pay_00000000004287,order_0000004287,182.52,upi,captured,2025-11-25T17:44:49+05:30
pay_00000000004288,order_0000004288,1231.51,upi,captured,2025-11-01T13:41:04+05:30
pay_00000000004289,order_0000004289,124.32,upi,captured,2025-11-01T08:59:18+05:30
pay_00000000004290,order_0000004290,244.38,upi,captured,2025-11-27T23:13:39+05:30
pay_00000000004291,order_0000004291,242.00,card,captured,2025-11-29T10:33:08+05:30
pay_00000000004292,order_0000004292,316.99,netbanking,captured,2025-11-28T16:13:43+05:30
pay_00000000004293,order_0000004293,2409.70,upi,captured,2025-11-18T16:36:19+05:30
pay_00000000004294,order_0000004294,795.00,card,captured,2025-11-27T12:20:58+05:30
pay_00000000004295,order_0000004295,501.16,upi,captured,2025-11-15T19:15:51+05:30
pay_00000000004296,order_0000004296,629.00,upi,captured,2025-11-11T05:11:48+05:30
pay_00000000004297,order_0000004297,2266.04,card,captured,2025-11-07T16:24:32+05:30
pay_00000000004298,order_0000004298,1331.00,upi,captured,2025-11-11T14:56:03+05:30
pay_00000000004299,order_0000004299,140.99,wallet,captured,2025-11-17T18:47:14+05:30
pay_00000000004300,order_0000004300,252.01,netbanking,captured,2025-11-08T09:56:58+05:30
pay_00000000004301,order_0000004301,675.38,upi,captured,2025-11-23T20:05:04+05:30
pay_00000000004302,order_0000004302,410.99,card,captured,2025-11-28T20:55:21+05:30
pay_00000000004303,order_0000004303,997.99,wallet,captured,2025-11-25T23:00:45+05:30
pay_00000000004304,order_0000004304,822.78,upi,captured,2025-11-28T17:57:59+05:30
pay_00000000004305,order_0000004305,607.32,upi,captured,2025-11-28T12:38:30+05:30
pay_00000000004306,order_0000004306,654.00,upi,captured,2025-11-22T17:37:45+05:30
pay_00000000004307,order_0000004307,1892.00,upi,captured,2025-11-23T15:02:03+05:30
pay_00000000004308,order_0000004308,246.08,card,captured,2025-11-18T02:37:41+05:30
pay_00000000004309,order_0000004309,792.49,upi,captured,2025-11-22T23:45:25+05:30
pay_00000000004310,order_0000004310,606.00,card,captured,2025-11-17T05:35:08+05:30
pay_00000000004311,order_0000004311,203.27,wallet,captured,2025-11-17T21:00:27+05:30
pay_00000000004312,order_0000004312,250.53,wallet,captured,2025-11-07T22:41:55+05:30
pay_00000000004313,order_0000004313,2528.00,wallet,captured,2025-11-15T13:52:12+05:30
pay_00000000004314,order_0000004314,704.78,upi,captured,2025-11-11T04:34:20+05:30
pay_00000000004315,order_0000004315,2238.00,upi,captured,2025-11-30T12:50:01+05:30
pay_00000000004316,order_0000004316,954.00,card,captured,2025-11-27T19:04:48+05:30
pay_00000000004317,order_0000004317,582.00,wallet,captured,2025-11-10T19:30:31+05:30
pay_00000000004318,order_0000004318,878.00,upi,captured,2025-11-23T04:42:08+05:30
pay_00000000004319,order_0000004319,323.25,upi,failed,2025-11-27T15:25:50+05:30
pay_00000000004320,order_0000004320,436.00,upi,captured,2025-11-06T14:48:57+05:30
pay_00000000004321,order_0000004321,222.99,upi,captured,2025-11-12T20:20:54+05:30
pay_00000000004322,order_0000004322,139.36,card,failed,2025-11-10T03:45:12+05:30
pay_00000000004323,order_0000004323,3162.28,netbanking,captured,2025-11-22T18:56:31+05:30
pay_00000000004324,order_0000004324,965.99,card,captured,2025-11-18T06:57:09+05:30
pay_00000000004325,order_0000004325,3035.99,card,captured,2025-11-08T00:57:06+05:30
pay_00000000004326,order_0000004326,236.99,upi,captured,2025-11-12T19:02:20+05:30
pay_00000000004327,order_0000004327,521.00,card,captured,2025-11-04T14:30:20+05:30
pay_00000000004328,order_0000004328,3442.03,upi,captured,2025-11-07T16:03:01+05:30
pay_00000000004329,order_0000004329,2355.00,upi,captured,2025-11-13T22:35:22+05:30
pay_00000000004330,order_0000004330,409.96,wallet,captured,2025-11-06T11:02:28+05:30
pay_00000000004331,order_0000004331,417.99,upi,captured,2025-11-28T22:29:58+05:30
pay_00000000004332,order_0000004332,1868.88,upi,captured,2025-11-03T19:31:39+05:30
pay_00000000004333,order_0000004333,1005.62,upi,captured,2025-11-08T06:55:27+05:30
pay_00000000004334,order_0000004334,1000.52,card,captured,2025-11-23T19:25:51+05:30
pay_00000000004335,order_0000004335,834.99,card,captured,2025-11-28T23:23:56+05:30
pay_00000000004336,order_0000004336,529.99,upi,captured,2025-11-02T21:35:17+05:30
pay_00000000004337,order_0000004337,381.10,card,captured,2025-11-17T12:24:54+05:30
pay_00000000004338,order_0000004338,611.00,upi,captured,2025-11-08T22:05:07+05:30
pay_00000000004339,order_0000004339,933.29,upi,failed,2025-11-07T17:22:30+05:30
pay_00000000004340,order_0000004340,731.04,upi,captured,2025-11-25T23:30:58+05:30
pay_00000000004341,order_0000004341,1216.00,wallet,captured,2025-11-24T14:34:16+05:30
pay_00000000004342,order_0000004342,856.99,netbanking,captured,2025-11-14T18:00:52+05:30
pay_00000000004343,order_0000004343,665.06,upi,captured,2025-11-25T15:28:28+05:30
pay_00000000004344,order_0000004344,503.80,upi,captured,2025-11-21T07:59:55+05:30
pay_00000000004345,order_0000004345,331.60,card,captured,2025-11-15T19:31:04+05:30
pay_00000000004346,order_0000004346,469.99,upi,captured,2025-11-08T13:01:51+05:30
pay_00000000004347,order_0000004347,822.00,netbanking,captured,2025-11-15T23:27:08+05:30
pay_00000000004348,order_0000004348,964.54,wallet,captured,2025-11-22T16:57:14+05:30
pay_00000000004349,order_0000004349,888.22,upi,captured,2025-11-12T08:44:39+05:30
pay_00000000004350,order_0000004350,350.00,wallet,captured,2025-11-25T16:38:09+05:30
pay_00000000004351,order_0000004351,3256.89,upi,failed,2025-11-05T02:02:13+05:30
pay_00000000004352,order_0000004352,700.99,upi,captured,2025-11-15T23:47:56+05:30
pay_00000000004353,order_0000004353,516.00,wallet,captured,2025-11-12T23:31:11+05:30
pay_00000000004354,order_0000004354,971.04,card,captured,2025-11-29T17:40:20+05:30
pay_00000000004355,order_0000004355,318.11,upi,captured,2025-11-11T22:38:09+05:30
pay_00000000004356,order_0000004356,977.71,card,captured,2025-11-05T20:16:34+05:30
pay_00000000004357,order_0000004357,546.23,card,captured,2025-11-08T08:53:47+05:30
pay_00000000004358,order_0000004358,953.99,card,captured,2025-11-12T16:35:35+05:30
pay_00000000004359,order_0000004359,1649.00,upi,captured,2025-11-04T04:32:21+05:30
pay_00000000004360,order_0000004360,625.00,card,captured,2025-11-27T19:56:00+05:30
pay_00000000004361,order_0000004361,2261.27,wallet,captured,2025-11-05T22:33:34+05:30
pay_00000000004362,order_0000004362,550.08,card,captured,2025-11-12T16:11:24+05:30
pay_00000000004363,order_0000004363,443.74,card,captured,2025-11-24T18:45:09+05:30
pay_00000000004364,order_0000004364,749.18,upi,failed,2025-11-16T16:41:02+05:30
pay_00000000004365,order_0000004365,754.00,upi,captured,2025-11-15T22:31:09+05:30
pay_00000000004366,order_0000004366,1070.00,upi,captured,2025-11-23T15:56:38+05:30
pay_00000000004367,order_0000004367,747.78,card,captured,2025-11-14T15:40:24+05:30
pay_00000000004368,order_0000004368,451.00,upi,captured,2025-11-09T12:43:45+05:30
pay_00000000004369,order_0000004369,1215.77,upi,captured,2025-11-24T15:28:51+05:30
pay_00000000004370,order_0000004370,305.33,upi,captured,2025-11-03T14:22:49+05:30
pay_00000000004371,order_0000004371,1971.60,upi,captured,2025-11-17T16:54:42+05:30
pay_00000000004372,order_0000004372,417.25,upi,captured,2025-11-21T08:10:06+05:30
pay_00000000004373,order_0000004373,442.00,card,captured,2025-11-18T20:39:36+05:30
pay_00000000004374,order_0000004374,1005.51,card,captured,2025-11-30T23:28:47+05:30
pay_00000000004375,order_0000004375,842.37,card,captured,2025-11-16T19:57:54+05:30
pay_00000000004376,order_0000004376,389.00,card,captured,2025-11-14T14:58:03+05:30
pay_00000000004377,order_0000004377,2564.10,upi,captured,2025-11-15T07:51:38+05:30
pay_00000000004378,order_0000004378,624.91,card,captured,2025-11-09T13:06:02+05:30
pay_00000000004379,order_0000004379,462.35,netbanking,captured,2025-11-10T18:26:46+05:30
pay_00000000004380,order_0000004380,586.00,upi,captured,2025-11-15T22:25:48+05:30
pay_00000000004381,order_0000004381,2519.00,card,captured,2025-11-28T19:24:19+05:30
pay_00000000004382,order_0000004382,541.33,upi,captured,2025-11-22T13:30:48+05:30
pay_00000000004383,order_0000004383,1060.99,card,captured,2025-11-18T21:13:54+05:30
pay_00000000004384,order_0000004384,3199.00,card,captured,2025-11-12T13:27:44+05:30
pay_00000000004385,order_0000004385,196.00,wallet,failed,2025-11-22T18:07:18+05:30
pay_00000000004386,order_0000004386,434.50,card,captured,2025-11-15T13:31:28+05:30
pay_00000000004387,order_0000004387,122.46,card,captured,2025-11-22T11:08:37+05:30
pay_00000000004388,order_0000004388,2619.24,wallet,captured,2025-11-10T08:01:01+05:30
pay_00000000004389,order_0000004389,164.91,card,failed,2025-11-09T11:47:07+05:30
pay_00000000004390,order_0000004390,618.57,upi,captured,2025-11-07T14:54:12+05:30
pay_00000000004391,order_0000004391,889.20,card,captured,2025-11-09T12:43:47+05:30
pay_00000000004392,order_0000004392,447.99,upi,captured,2025-11-08T16:32:04+05:30
pay_00000000004393,order_0000004393,886.36,upi,captured,2025-11-25T17:12:53+05:30
pay_00000000004394,order_0000004394,2396.99,wallet,captured,2025-11-01T16:49:13+05:30
pay_00000000004395,order_0000004395,3142.39,card,captured,2025-11-03T01:58:53+05:30
pay_00000000004396,order_0000004396,990.16,netbanking,captured,2025-11-09T12:58:26+05:30
pay_00000000004397,order_0000004397,204.72,card,captured,2025-11-02T22:45:13+05:30
pay_00000000004398,order_0000004398,929.48,upi,captured,2025-11-20T08:44:43+05:30
pay_00000000004399,order_0000004399,241.83,upi,captured,2025-11-18T20:57:13+05:30
pay_00000000004400,order_0000004400,1000.68,netbanking,failed,2025-11-08T18:12:24+05:30
pay_00000000004401,order_0000004401,708.06,upi,captured,2025-11-25T15:01:20+05:30
pay_00000000004402,order_0000004402,803.13,card,captured,2025-11-30T19:45:15+05:30
pay_00000000004403,order_0000004403,381.20,upi,captured,2025-11-27T19:11:56+05:30
pay_00000000004404,order_0000004404,161.99,upi,captured,2025-11-17T07:46:00+05:30
pay_00000000004405,order_0000004405,1395.16,upi,captured,2025-11-04T15:54:53+05:30
pay_00000000004406,order_0000004406,283.00,upi,captured,2025-11-12T15:01:05+05:30
pay_00000000004407,order_0000004407,3276.00,upi,captured,2025-11-29T08:53:02+05:30
pay_00000000004408,order_0000004408,1009.89,upi,captured,2025-11-16T06:20:21+05:30
pay_00000000004409,order_0000004409,188.11,card,captured,2025-11-19T20:07:24+05:30
pay_00000000004410,order_0000004410,2954.99,wallet,captured,2025-11-16T19:01:54+05:30
pay_00000000004411,order_0000004411,2007.99,upi,captured,2025-11-15T18:38:43+05:30
pay_00000000004412,order_0000004412,610.52,upi,captured,2025-11-10T20:51:38+05:30
pay_00000000004413,order_0000004413,176.01,card,captured,2025-11-10T06:38:48+05:30
pay_00000000004414,order_0000004414,977.99,card,captured,2025-11-19T23:56:46+05:30
pay_00000000004415,order_0000004415,894.48,netbanking,captured,2025-11-12T12:28:00+05:30
pay_00000000004416,order_0000004416,3496.93,upi,captured,2025-11-16T03:20:50+05:30
pay_00000000004417,order_0000004417,344.00,wallet,captured,2025-11-13T16:58:56+05:30
pay_00000000004418,order_0000004418,351.99,card,captured,2025-11-06T22:43:00+05:30
pay_00000000004419,order_0000004419,112.00,upi,captured,2025-11-07T09:26:34+05:30
pay_00000000004420,order_0000004420,13296.72,upi,captured,2025-11-25T20:32:59+05:30
pay_00000000004421,order_0000004421,128.00,card,captured,2025-11-26T08:38:22+05:30
pay_00000000004422,order_0000004422,16024.00,card,captured,2025-11-20T12:23:01+05:30
pay_00000000004423,order_0000004423,185.99,upi,captured,2025-11-14T15:04:06+05:30
pay_00000000004424,order_0000004424,444.99,upi,captured,2025-11-03T17:31:22+05:30
pay_00000000004425,order_0000004425,748.07,card,captured,2025-11-18T20:35:13+05:30
pay_00000000004426,order_0000004426,1462.00,wallet,captured,2025-11-06T20:10:46+05:30
pay_00000000004427,order_0000004427,1859.20,card,captured,2025-11-15T06:11:53+05:30
pay_00000000004428,order_0000004428,474.69,upi,captured,2025-11-13T15:28:43+05:30
pay_00000000004429,order_0000004429,448.99,upi,captured,2025-11-17T10:59:55+05:30
pay_00000000004430,order_0000004430,193.00,upi,captured,2025-11-16T21:28:29+05:30
pay_00000000004431,order_0000004431,2841.49,wallet,captured,2025-11-15T10:23:54+05:30
pay_00000000004432,order_0000004432,1082.73,upi,captured,2025-11-26T19:20:57+05:30
pay_00000000004433,order_0000004433,388.00,card,captured,2025-11-30T07:32:59+05:30
pay_00000000004434,order_0000004434,902.99,upi,captured,2025-11-20T21:13:21+05:30
pay_00000000004435,order_0000004435,635.08,upi,failed,2025-11-20T03:11:56+05:30
pay_00000000004436,order_0000004436,358.70,upi,captured,2025-11-30T18:39:20+05:30
pay_00000000004437,order_0000004437,139.93,upi,captured,2025-11-26T09:29:04+05:30
pay_00000000004438,order_0000004438,976.99,upi,captured,2025-11-16T10:48:27+05:30
pay_00000000004439,order_0000004439,881.86,card,captured,2025-11-03T14:03:37+05:30
pay_00000000004440,order_0000004440,2822.39,netbanking,captured,2025-11-01T21:29:47+05:30
pay_00000000004441,order_0000004441,242.00,card,captured,2025-11-06T01:22:14+05:30
pay_00000000004442,order_0000004442,615.99,card,captured,2025-11-03T11:14:42+05:30
pay_00000000004443,order_0000004443,3554.26,card,captured,2025-11-12T05:59:56+05:30
pay_00000000004444,order_0000004444,3483.00,card,captured,2025-11-09T16:36:13+05:30
pay_00000000004445,order_0000004445,2695.65,upi,captured,2025-11-19T16:58:10+05:30
pay_00000000004446,order_0000004446,771.59,card,captured,2025-11-06T21:42:16+05:30
pay_00000000004447,order_0000004447,3375.96,card,captured,2025-11-02T19:46:31+05:30
pay_00000000004448,order_0000004448,1075.63,wallet,captured,2025-11-30T14:17:23+05:30
pay_00000000004449,order_0000004449,461.00,wallet,captured,2025-11-01T10:46:28+05:30
pay_00000000004450,order_0000004450,935.55,upi,captured,2025-11-07T08:11:13+05:30
pay_00000000004451,order_0000004451,310.00,card,captured,2025-11-07T19:51:59+05:30
pay_00000000004452,order_0000004452,916.00,upi,captured,2025-11-13T11:01:32+05:30
pay_00000000004453,order_0000004453,215.50,upi,captured,2025-11-12T06:48:48+05:30
pay_00000000004454,order_0000004454,464.00,upi,captured,2025-11-14T15:49:23+05:30
pay_00000000004455,order_0000004455,875.00,card,captured,2025-11-23T06:06:22+05:30
pay_00000000004456,order_0000004456,615.99,upi,captured,2025-11-25T18:14:17+05:30
pay_00000000004457,order_0000004457,133.05,upi,captured,2025-11-30T09:52:02+05:30
pay_00000000004458,order_0000004458,943.99,netbanking,captured,2025-11-01T16:56:04+05:30
pay_00000000004459,order_0000004459,249.00,card,captured,2025-11-30T11:20:28+05:30
pay_00000000004460,order_0000004460,615.53,upi,captured,2025-11-11T23:04:44+05:30
pay_00000000004461,order_0000004461,213.00,upi,captured,2025-11-13T20:32:04+05:30
pay_00000000004462,order_0000004462,479.99,card,captured,2025-11-28T13:21:56+05:30
pay_00000000004463,order_0000004463,475.00,wallet,captured,2025-11-04T17:16:10+05:30
pay_00000000004464,order_0000004464,361.61,netbanking,captured,2025-11-22T09:35:21+05:30
pay_00000000004465,order_0000004465,17139.23,upi,failed,2025-11-13T20:49:00+05:30
pay_00000000004466,order_0000004466,1057.54,upi,captured,2025-11-04T14:54:19+05:30
pay_00000000004467,order_0000004467,761.99,upi,captured,2025-11-21T09:44:19+05:30
pay_00000000004468,order_0000004468,813.30,card,captured,2025-11-30T06:49:53+05:30
pay_00000000004469,order_0000004469,547.99,card,captured,2025-11-25T16:49:33+05:30
pay_00000000004470,order_0000004470,820.00,upi,captured,2025-11-27T08:10:57+05:30
pay_00000000004471,order_0000004471,3095.65,upi,captured,2025-11-07T19:40:22+05:30
pay_00000000004472,order_0000004472,948.25,upi,captured,2025-11-16T22:42:44+05:30
pay_00000000004473,order_0000004473,3303.17,upi,captured,2025-11-28T11:17:51+05:30
pay_00000000004474,order_0000004474,3294.72,upi,failed,2025-11-24T17:46:19+05:30
pay_00000000004475,order_0000004475,362.14,card,captured,2025-11-04T15:02:36+05:30
pay_00000000004476,order_0000004476,928.00,card,captured,2025-11-06T07:15:28+05:30
pay_00000000004477,order_0000004477,975.00,upi,captured,2025-11-19T20:39:15+05:30
pay_00000000004478,order_0000004478,661.32,card,captured,2025-11-26T22:10:30+05:30
pay_00000000004479,order_0000004479,220.50,upi,captured,2025-11-23T12:07:02+05:30
pay_00000000004480,order_0000004480,203.33,upi,captured,2025-11-09T17:00:55+05:30
pay_00000000004481,order_0000004481,180.00,upi,captured,2025-11-06T13:47:38+05:30
pay_00000000004482,order_0000004482,467.97,card,captured,2025-11-27T19:09:08+05:30
pay_00000000004483,order_0000004483,3309.00,upi,captured,2025-11-03T20:33:48+05:30
pay_00000000004484,order_0000004484,875.00,upi,captured,2025-11-18T20:37:02+05:30
pay_00000000004485,order_0000004485,517.45,upi,captured,2025-11-13T12:42:53+05:30
pay_00000000004486,order_0000004486,1838.39,upi,captured,2025-11-13T21:22:16+05:30
pay_00000000004487,order_0000004487,449.02,card,captured,2025-11-24T08:58:26+05:30
pay_00000000004488,order_0000004488,1789.00,netbanking,captured,2025-11-19T03:06:45+05:30
pay_00000000004489,order_0000004489,3402.04,upi,captured,2025-11-27T20:33:39+05:30
pay_00000000004490,order_0000004490,909.00,netbanking,captured,2025-11-07T02:03:12+05:30
pay_00000000004491,order_0000004491,244.99,netbanking,captured,2025-11-10T22:11:09+05:30
pay_00000000004492,order_0000004492,514.07,netbanking,captured,2025-11-07T07:46:33+05:30
pay_00000000004493,order_0000004493,507.00,card,captured,2025-11-21T18:03:59+05:30
pay_00000000004494,order_0000004494,902.27,upi,captured,2025-11-19T15:40:54+05:30
pay_00000000004495,order_0000004495,3435.35,upi,captured,2025-11-20T17:14:02+05:30
pay_00000000004496,order_0000004496,2946.56,card,captured,2025-11-18T02:56:39+05:30
pay_00000000004497,order_0000004497,2338.21,card,captured,2025-11-16T17:53:19+05:30
pay_00000000004498,order_0000004498,588.06,netbanking,captured,2025-11-05T09:45:02+05:30
pay_00000000004499,order_0000004499,11874.12,card,captured,2025-11-01T09:56:33+05:30
pay_00000000004500,order_0000004500,14665.66,netbanking,captured,2025-11-15T14:49:14+05:30
pay_00000000004501,order_0000004501,630.00,card,captured,2025-11-30T20:03:51+05:30
pay_00000000004502,order_0000004502,735.31,netbanking,captured,2025-11-01T08:48:50+05:30
pay_00000000004503,order_0000004503,191.80,upi,captured,2025-11-20T12:28:48+05:30
pay_00000000004504,order_0000004504,955.00,upi,captured,2025-11-23T16:32:04+05:30
pay_00000000004505,order_0000004505,510.05,card,captured,2025-11-04T22:00:10+05:30
pay_00000000004506,order_0000004506,299.90,wallet,failed,2025-11-03T22:36:15+05:30
pay_00000000004507,order_0000004507,668.00,upi,captured,2025-11-25T10:26:17+05:30
pay_00000000004508,order_0000004508,2689.47,upi,captured,2025-11-12T14:18:19+05:30
pay_00000000004509,order_0000004509,1833.44,card,captured,2025-11-04T21:30:06+05:30
pay_00000000004510,order_0000004510,361.99,card,captured,2025-11-09T12:43:44+05:30
pay_00000000004511,order_0000004511,115.96,netbanking,captured,2025-11-30T16:25:33+05:30
pay_00000000004512,order_0000004512,2347.15,card,captured,2025-11-02T16:56:02+05:30
pay_00000000004513,order_0000004513,531.81,upi,captured,2025-11-29T14:02:05+05:30
pay_00000000004514,order_0000004514,4511.00,upi,captured,2025-11-17T15:04:32+05:30
pay_00000000004515,order_0000004515,825.66,upi,captured,2025-11-20T22:03:09+05:30
pay_00000000004516,order_0000004516,1052.26,upi,captured,2025-11-03T07:35:29+05:30
pay_00000000004517,order_0000004517,1581.93,upi,captured,2025-11-11T19:36:18+05:30
pay_00000000004518,order_0000004518,433.04,netbanking,captured,2025-11-18T03:46:18+05:30
pay_00000000004519,order_0000004519,569.43,upi,captured,2025-11-27T18:06:37+05:30
pay_00000000004520,order_0000004520,1164.42,netbanking,captured,2025-11-08T00:10:03+05:30
pay_00000000004521,order_0000004521,12165.00,card,captured,2025-11-17T22:44:00+05:30
pay_00000000004522,order_0000004522,274.99,upi,captured,2025-11-07T15:51:51+05:30
pay_00000000004523,order_0000004523,12283.00,upi,captured,2025-11-28T23:49:57+05:30
pay_00000000004524,order_0000004524,2424.99,wallet,captured,2025-11-26T09:58:08+05:30
pay_00000000004525,order_0000004525,837.92,wallet,captured,2025-11-04T20:25:09+05:30
pay_00000000004526,order_0000004526,1009.80,card,captured,2025-11-22T11:22:16+05:30
pay_00000000004527,order_0000004527,2428.53,upi,captured,2025-11-25T07:43:59+05:30
pay_00000000004528,order_0000004528,865.62,upi,captured,2025-11-09T19:32:32+05:30
pay_00000000004529,order_0000004529,565.92,upi,captured,2025-11-29T15:22:25+05:30
pay_00000000004530,order_0000004530,573.65,netbanking,captured,2025-11-09T07:01:13+05:30
pay_00000000004531,order_0000004531,3358.99,upi,captured,2025-11-02T19:56:47+05:30
pay_00000000004532,order_0000004532,182.79,card,failed,2025-11-03T21:39:22+05:30
pay_00000000004533,order_0000004533,1806.03,upi,captured,2025-11-29T17:40:32+05:30
pay_00000000004534,order_0000004534,2183.43,upi,captured,2025-11-05T23:18:36+05:30
pay_00000000004535,order_0000004535,438.55,wallet,captured,2025-11-27T18:27:41+05:30
pay_00000000004536,order_0000004536,449.29,card,captured,2025-11-04T20:45:52+05:30
pay_00000000004537,order_0000004537,273.72,card,captured,2025-11-03T12:11:48+05:30
pay_00000000004538,order_0000004538,714.00,upi,captured,2025-11-08T21:59:54+05:30
pay_00000000004539,order_0000004539,150.36,card,captured,2025-11-22T16:53:03+05:30
pay_00000000004540,order_0000004540,178.13,wallet,captured,2025-11-04T13:56:19+05:30
pay_00000000004541,order_0000004541,551.99,upi,failed,2025-11-04T17:00:12+05:30
pay_00000000004542,order_0000004542,892.45,upi,captured,2025-11-04T02:14:30+05:30
pay_00000000004543,order_0000004543,1001.07,upi,captured,2025-11-30T15:16:32+05:30
pay_00000000004544,order_0000004544,2197.31,card,captured,2025-11-04T21:33:40+05:30
pay_00000000004545,order_0000004545,1989.00,upi,captured,2025-11-27T07:05:45+05:30
pay_00000000004546,order_0000004546,360.47,upi,captured,2025-11-20T07:12:01+05:30
pay_00000000004547,order_0000004547,686.00,upi,captured,2025-11-27T17:00:26+05:30
pay_00000000004548,order_0000004548,436.00,upi,captured,2025-11-10T14:24:48+05:30
pay_00000000004549,order_0000004549,241.28,upi,captured,2025-11-05T14:25:57+05:30
pay_00000000004550,order_0000004550,291.95,card,captured,2025-11-10T12:31:10+05:30
pay_00000000004551,order_0000004551,452.00,card,captured,2025-11-04T16:41:46+05:30
pay_00000000004552,order_0000004552,16767.00,wallet,captured,2025-11-05T12:49:46+05:30
pay_00000000004553,order_0000004553,499.00,upi,captured,2025-11-09T13:24:35+05:30
pay_00000000004554,order_0000004554,282.00,netbanking,captured,2025-11-19T20:12:37+05:30
pay_00000000004555,order_0000004555,2876.01,upi,captured,2025-11-18T15:38:04+05:30
pay_00000000004556,order_0000004556,636.27,upi,captured,2025-11-28T19:53:22+05:30
pay_00000000004557,order_0000004557,3298.99,upi,captured,2025-11-22T22:01:25+05:30
pay_00000000004558,order_0000004558,1038.38,card,captured,2025-11-29T14:03:27+05:30
pay_00000000004559,order_0000004559,348.10,upi,captured,2025-11-07T22:47:37+05:30
pay_00000000004560,order_0000004560,1052.37,upi,captured,2025-11-10T14:52:49+05:30
pay_00000000004561,order_0000004561,872.73,netbanking,captured,2025-11-19T18:07:41+05:30
pay_00000000004562,order_0000004562,728.99,upi,captured,2025-11-13T22:46:25+05:30
pay_00000000004563,order_0000004563,7761.01,netbanking,captured,2025-11-23T16:52:41+05:30
pay_00000000004564,order_0000004564,728.00,card,captured,2025-11-17T21:45:37+05:30
pay_00000000004565,order_0000004565,1212.00,netbanking,failed,2025-11-27T17:30:09+05:30
pay_00000000004566,order_0000004566,340.99,upi,captured,2025-11-23T18:43:14+05:30
pay_00000000004567,order_0000004567,14139.99,card,captured,2025-11-25T22:53:33+05:30
pay_00000000004568,order_0000004568,510.00,card,captured,2025-11-14T14:28:47+05:30
pay_00000000004569,order_0000004569,632.35,card,captured,2025-11-29T03:23:52+05:30
pay_00000000004570,order_0000004570,482.00,upi,captured,2025-11-13T23:51:58+05:30
pay_00000000004571,order_0000004571,443.00,upi,captured,2025-11-20T19:35:10+05:30
pay_00000000004572,order_0000004572,264.43,card,captured,2025-11-06T16:38:54+05:30
pay_00000000004573,order_0000004573,733.21,card,captured,2025-11-23T18:26:26+05:30
pay_00000000004574,order_0000004574,367.64,upi,captured,2025-11-25T17:00:49+05:30
pay_00000000004575,order_0000004575,3333.99,netbanking,captured,2025-11-02T04:41:52+05:30
pay_00000000004576,order_0000004576,2548.26,upi,captured,2025-11-28T20:53:58+05:30
pay_00000000004577,order_0000004577,2555.18,upi,captured,2025-11-01T19:50:05+05:30
pay_00000000004578,order_0000004578,898.97,netbanking,captured,2025-11-23T20:56:51+05:30
pay_00000000004579,order_0000004579,2563.99,upi,captured,2025-11-22T02:17:00+05:30
pay_00000000004580,order_0000004580,480.00,upi,captured,2025-11-10T02:44:03+05:30
pay_00000000004581,order_0000004581,621.46,upi,captured,2025-11-02T21:32:17+05:30
pay_00000000004582,order_0000004582,777.99,upi,captured,2025-11-05T14:37:58+05:30
pay_00000000004583,order_0000004583,839.00,card,captured,2025-11-14T18:18:36+05:30
pay_00000000004584,order_0000004584,372.09,upi,captured,2025-11-02T14:18:27+05:30
pay_00000000004585,order_0000004585,925.00,upi,captured,2025-11-25T15:50:07+05:30
pay_00000000004586,order_0000004586,103.91,card,captured,2025-11-03T15:49:15+05:30
pay_00000000004587,order_0000004587,346.83,wallet,captured,2025-11-03T12:10:14+05:30
pay_00000000004588,order_0000004588,832.00,upi,captured,2025-11-10T04:44:34+05:30
pay_00000000004589,order_0000004589,950.00,upi,captured,2025-11-22T03:53:01+05:30
pay_00000000004590,order_0000004590,3473.58,card,captured,2025-11-05T07:34:42+05:30
pay_00000000004591,order_0000004591,545.00,upi,captured,2025-11-17T09:07:25+05:30
pay_00000000004592,order_0000004592,3209.81,card,failed,2025-11-01T17:19:40+05:30
pay_00000000004593,order_0000004593,2761.02,upi,captured,2025-11-14T22:16:16+05:30
pay_00000000004594,order_0000004594,997.00,card,captured,2025-11-21T20:30:16+05:30
pay_00000000004595,order_0000004595,464.99,card,captured,2025-11-17T19:44:16+05:30
pay_00000000004596,order_0000004596,1921.41,upi,captured,2025-11-28T04:22:22+05:30
pay_00000000004597,order_0000004597,702.99,card,captured,2025-11-07T19:25:48+05:30
pay_00000000004598,order_0000004598,995.99,wallet,captured,2025-11-29T09:04:57+05:30
pay_00000000004599,order_0000004599,2005.15,card,captured,2025-11-14T17:56:35+05:30
pay_00000000004600,order_0000004600,225.37,upi,captured,2025-11-24T19:36:32+05:30
pay_00000000004601,order_0000004601,369.22,card,captured,2025-11-18T09:29:30+05:30
pay_00000000004602,order_0000004602,266.36,upi,captured,2025-11-22T13:13:15+05:30
pay_00000000004603,order_0000004603,317.34,upi,captured,2025-11-10T22:58:09+05:30
pay_00000000004604,order_0000004604,1035.04,card,captured,2025-11-04T18:01:19+05:30
pay_00000000004605,order_0000004605,225.99,upi,captured,2025-11-08T21:49:41+05:30
pay_00000000004606,order_0000004606,568.00,upi,captured,2025-11-05T20:00:51+05:30
pay_00000000004607,order_0000004607,780.00,netbanking,captured,2025-11-10T01:34:02+05:30
pay_00000000004608,order_0000004608,532.00,upi,captured,2025-11-21T12:33:03+05:30
pay_00000000004609,order_0000004609,1042.99,upi,captured,2025-11-03T22:31:26+05:30
pay_00000000004610,order_0000004610,985.36,upi,captured,2025-11-08T22:51:15+05:30
pay_00000000004611,order_0000004611,870.95,card,captured,2025-11-20T16:31:18+05:30
pay_00000000004612,order_0000004612,174.50,upi,captured,2025-11-27T08:41:50+05:30
pay_00000000004613,order_0000004613,640.91,card,captured,2025-11-07T18:40:55+05:30
pay_00000000004614,order_0000004614,629.93,upi,captured,2025-11-19T12:18:57+05:30
pay_00000000004615,order_0000004615,461.00,upi,captured,2025-11-14T12:09:31+05:30
pay_00000000004616,order_0000004616,908.71,upi,captured,2025-11-14T23:07:37+05:30
pay_00000000004617,order_0000004617,16761.99,upi,captured,2025-11-06T07:07:37+05:30
pay_00000000004618,order_0000004618,585.99,card,captured,2025-11-24T22:34:02+05:30
pay_00000000004619,order_0000004619,1047.99,card,captured,2025-11-20T12:34:06+05:30
pay_00000000004620,order_0000004620,949.92,upi,captured,2025-11-27T12:27:45+05:30
pay_00000000004621,order_0000004621,961.99,upi,captured,2025-11-29T13:15:24+05:30
pay_00000000004622,order_0000004622,392.07,upi,captured,2025-11-25T19:02:47+05:30
pay_00000000004623,order_0000004623,15731.00,card,captured,2025-11-15T16:13:40+05:30
pay_00000000004624,order_0000004624,263.00,upi,captured,2025-11-28T15:15:13+05:30
pay_00000000004625,order_0000004625,382.13,wallet,captured,2025-11-06T09:23:07+05:30
pay_00000000004626,order_0000004626,1000.48,card,captured,2025-11-30T10:50:10+05:30
pay_00000000004627,order_0000004627,1686.00,upi,captured,2025-11-27T19:59:27+05:30
pay_00000000004628,order_0000004628,222.99,card,captured,2025-11-04T12:59:47+05:30
pay_00000000004629,order_0000004629,729.00,card,captured,2025-11-15T20:13:44+05:30
pay_00000000004630,order_0000004630,7594.99,card,captured,2025-11-28T15:10:10+05:30
pay_00000000004631,order_0000004631,537.28,netbanking,captured,2025-11-08T20:47:34+05:30
pay_00000000004632,order_0000004632,313.00,card,captured,2025-11-08T08:36:37+05:30
pay_00000000004633,order_0000004633,2436.92,netbanking,captured,2025-11-24T17:28:23+05:30
pay_00000000004634,order_0000004634,747.00,wallet,captured,2025-11-21T12:08:28+05:30
pay_00000000004635,order_0000004635,204.25,card,captured,2025-11-03T11:27:02+05:30
pay_00000000004636,order_0000004636,1000.52,card,captured,2025-11-30T11:39:20+05:30
pay_00000000004637,order_0000004637,532.81,netbanking,captured,2025-11-09T02:15:00+05:30
pay_00000000004638,order_0000004638,304.95,upi,captured,2025-11-15T15:28:21+05:30
pay_00000000004639,order_0000004639,851.14,upi,captured,2025-11-10T08:20:14+05:30
pay_00000000004640,order_0000004640,3307.11,card,captured,2025-11-20T19:54:31+05:30
pay_00000000004641,order_0000004641,489.00,wallet,captured,2025-11-02T20:24:15+05:30
pay_00000000004642,order_0000004642,144.00,netbanking,captured,2025-11-13T02:00:07+05:30
pay_00000000004643,order_0000004643,612.30,upi,failed,2025-11-24T21:11:58+05:30
pay_00000000004644,order_0000004644,311.00,card,captured,2025-11-26T14:33:46+05:30
pay_00000000004645,order_0000004645,915.92,upi,captured,2025-11-02T14:27:46+05:30
pay_00000000004646,order_0000004646,290.90,card,captured,2025-11-20T15:25:14+05:30
pay_00000000004647,order_0000004647,590.00,wallet,captured,2025-11-03T09:46:53+05:30
pay_00000000004648,order_0000004648,195.44,card,captured,2025-11-12T03:17:25+05:30
pay_00000000004649,order_0000004649,361.99,upi,captured,2025-11-12T19:30:26+05:30
pay_00000000004650,order_0000004650,2308.50,upi,captured,2025-11-23T07:22:19+05:30
pay_00000000004651,order_0000004651,3154.38,upi,captured,2025-11-23T11:00:50+05:30
pay_00000000004652,order_0000004652,532.00,card,captured,2025-11-16T06:04:53+05:30
pay_00000000004653,order_0000004653,976.99,card,captured,2025-11-15T07:20:26+05:30
pay_00000000004654,order_0000004654,2414.00,upi,captured,2025-11-22T18:09:26+05:30
pay_00000000004655,order_0000004655,1064.78,upi,captured,2025-11-10T13:50:34+05:30
pay_00000000004656,order_0000004656,566.00,upi,captured,2025-11-01T16:04:53+05:30
pay_00000000004657,order_0000004657,2836.55,upi,captured,2025-11-08T20:47:43+05:30
pay_00000000004658,order_0000004658,1057.50,upi,captured,2025-11-19T08:13:14+05:30
pay_00000000004659,order_0000004659,267.00,upi,captured,2025-11-04T14:41:17+05:30
pay_00000000004660,order_0000004660,916.99,card,captured,2025-11-28T23:53:30+05:30
pay_00000000004661,order_0000004661,179.81,upi,captured,2025-11-21T20:50:10+05:30
pay_00000000004662,order_0000004662,2551.33,upi,captured,2025-11-25T19:40:16+05:30
pay_00000000004663,order_0000004663,387.20,upi,failed,2025-11-15T04:07:06+05:30
pay_00000000004664,order_0000004664,544.00,upi,captured,2025-11-06T10:46:47+05:30
pay_00000000004665,order_0000004665,381.42,upi,captured,2025-11-18T21:28:26+05:30
pay_00000000004666,order_0000004666,1059.04,wallet,captured,2025-11-15T22:39:18+05:30
pay_00000000004667,order_0000004667,122.00,upi,captured,2025-11-20T13:04:49+05:30
pay_00000000004668,order_0000004668,634.99,upi,captured,2025-11-21T07:09:07+05:30
pay_00000000004669,order_0000004669,446.00,upi,captured,2025-11-27T16:32:39+05:30
pay_00000000004670,order_0000004670,1093.99,upi,captured,2025-11-09T14:21:01+05:30
pay_00000000004671,order_0000004671,912.99,netbanking,captured,2025-11-18T09:04:27+05:30
pay_00000000004672,order_0000004672,458.00,wallet,captured,2025-11-21T07:53:07+05:30
pay_00000000004673,order_0000004673,966.00,card,captured,2025-11-14T10:37:46+05:30
pay_00000000004674,order_0000004674,132.99,upi,captured,2025-11-10T04:26:22+05:30
pay_00000000004675,order_0000004675,871.98,card,captured,2025-11-16T23:18:27+05:30
pay_00000000004676,order_0000004676,877.37,upi,captured,2025-11-25T03:37:24+05:30
pay_00000000004677,order_0000004677,247.09,upi,captured,2025-11-07T09:55:52+05:30
pay_00000000004678,order_0000004678,947.00,wallet,captured,2025-11-10T15:41:52+05:30
pay_00000000004679,order_0000004679,254.31,card,captured,2025-11-22T12:18:00+05:30
pay_00000000004680,order_0000004680,3216.00,wallet,captured,2025-11-01T07:22:46+05:30
pay_00000000004681,order_0000004681,1282.99,card,failed,2025-11-30T15:07:43+05:30
pay_00000000004682,order_0000004682,353.39,upi,captured,2025-11-22T07:18:24+05:30
pay_00000000004683,order_0000004683,713.00,card,captured,2025-11-01T22:46:05+05:30
pay_00000000004684,order_0000004684,676.41,card,captured,2025-11-30T14:41:30+05:30
pay_00000000004685,order_0000004685,804.91,upi,captured,2025-11-17T19:11:32+05:30
pay_00000000004686,order_0000004686,436.80,upi,captured,2025-11-06T16:03:25+05:30
pay_00000000004687,order_0000004687,1650.61,upi,captured,2025-11-20T06:32:50+05:30
pay_00000000004688,order_0000004688,701.28,upi,captured,2025-11-06T20:54:58+05:30
pay_00000000004689,order_0000004689,665.00,card,captured,2025-11-04T13:06:34+05:30
pay_00000000004690,order_0000004690,3330.81,upi,captured,2025-11-27T18:24:44+05:30
pay_00000000004691,order_0000004691,16457.43,wallet,captured,2025-11-08T20:58:05+05:30
pay_00000000004692,order_0000004692,752.68,wallet,captured,2025-11-16T08:42:16+05:30
pay_00000000004693,order_0000004693,13308.52,upi,failed,2025-11-08T18:58:48+05:30
pay_00000000004694,order_0000004694,694.00,netbanking,captured,2025-11-10T12:35:29+05:30
pay_00000000004695,order_0000004695,119.87,upi,captured,2025-11-29T22:18:08+05:30
pay_00000000004696,order_0000004696,110.18,netbanking,captured,2025-11-15T10:51:36+05:30
pay_00000000004697,order_0000004697,1395.86,card,captured,2025-11-30T15:57:50+05:30
pay_00000000004698,order_0000004698,101.99,card,captured,2025-11-05T12:44:29+05:30
pay_00000000004699,order_0000004699,240.99,card,captured,2025-11-26T09:26:18+05:30
pay_00000000004700,order_0000004700,213.07,card,captured,2025-11-14T21:03:57+05:30
pay_00000000004701,order_0000004701,2874.76,netbanking,captured,2025-11-27T15:27:29+05:30
pay_00000000004702,order_0000004702,570.27,wallet,captured,2025-11-02T18:02:54+05:30
pay_00000000004703,order_0000004703,561.29,wallet,captured,2025-11-10T10:01:22+05:30
pay_00000000004704,order_0000004704,599.40,upi,captured,2025-11-10T18:25:14+05:30
pay_00000000004705,order_0000004705,445.99,card,captured,2025-11-16T12:35:23+05:30
pay_00000000004706,order_0000004706,567.00,upi,captured,2025-11-10T23:43:21+05:30
pay_00000000004707,order_0000004707,323.63,upi,captured,2025-11-28T11:33:32+05:30
pay_00000000004708,order_0000004708,1062.52,card,captured,2025-11-06T04:21:06+05:30
pay_00000000004709,order_0000004709,425.96,netbanking,captured,2025-11-04T22:27:15+05:30
pay_00000000004710,order_0000004710,551.66,upi,captured,2025-11-03T11:33:43+05:30
pay_00000000004711,order_0000004711,367.91,upi,captured,2025-11-09T21:37:42+05:30
pay_00000000004712,order_0000004712,275.99,upi,captured,2025-11-19T11:58:51+05:30
pay_00000000004713,order_0000004713,1151.70,upi,captured,2025-11-28T22:02:44+05:30
pay_00000000004714,order_0000004714,761.99,wallet,captured,2025-11-02T22:30:04+05:30
pay_00000000004715,order_0000004715,2921.00,wallet,captured,2025-11-08T14:14:20+05:30
pay_00000000004716,order_0000004716,573.00,card,captured,2025-11-09T16:02:07+05:30
pay_00000000004717,order_0000004717,1089.99,netbanking,captured,2025-11-01T17:02:07+05:30
pay_00000000004718,order_0000004718,999.00,card,captured,2025-11-15T08:14:01+05:30
pay_00000000004719,order_0000004719,300.10,card,captured,2025-11-19T13:54:06+05:30
pay_00000000004720,order_0000004720,837.00,upi,captured,2025-11-09T14:07:16+05:30
pay_00000000004721,order_0000004721,499.19,wallet,captured,2025-11-18T05:10:58+05:30
pay_00000000004722,order_0000004722,814.23,upi,captured,2025-11-10T13:33:31+05:30
pay_00000000004723,order_0000004723,545.86,upi,captured,2025-11-17T17:26:14+05:30
pay_00000000004724,order_0000004724,426.69,netbanking,captured,2025-11-02T14:03:07+05:30
pay_00000000004725,order_0000004725,593.99,card,captured,2025-11-24T18:22:25+05:30
pay_00000000004726,order_0000004726,882.00,netbanking,failed,2025-11-02T14:49:02+05:30
pay_00000000004727,order_0000004727,971.99,upi,captured,2025-11-13T15:09:16+05:30
pay_00000000004728,order_0000004728,1064.64,upi,captured,2025-11-06T12:06:54+05:30
pay_00000000004729,order_0000004729,766.47,upi,captured,2025-11-11T05:04:05+05:30
pay_00000000004730,order_0000004730,203.24,upi,failed,2025-11-12T21:48:42+05:30
pay_00000000004731,order_0000004731,3071.99,card,captured,2025-11-04T23:29:42+05:30
pay_00000000004732,order_0000004732,3092.00,wallet,captured,2025-11-17T21:44:49+05:30
pay_00000000004733,order_0000004733,312.33,wallet,captured,2025-11-05T13:34:00+05:30
pay_00000000004734,order_0000004734,892.76,upi,captured,2025-11-10T00:02:42+05:30
pay_00000000004735,order_0000004735,196.00,card,captured,2025-11-02T22:20:46+05:30
pay_00000000004736,order_0000004736,2236.00,netbanking,captured,2025-11-08T21:05:44+05:30
pay_00000000004737,order_0000004737,3189.72,card,captured,2025-11-18T12:40:02+05:30
pay_00000000004738,order_0000004738,325.66,upi,captured,2025-11-28T11:37:32+05:30
pay_00000000004739,order_0000004739,745.99,upi,failed,2025-11-14T18:49:03+05:30
pay_00000000004740,order_0000004740,330.00,upi,captured,2025-11-21T14:02:57+05:30
pay_00000000004741,order_0000004741,2673.11,upi,captured,2025-11-03T17:52:19+05:30
pay_00000000004742,order_0000004742,320.60,card,captured,2025-11-24T05:56:33+05:30
pay_00000000004743,order_0000004743,903.70,upi,captured,2025-11-17T18:46:37+05:30
pay_00000000004744,order_0000004744,110.07,upi,captured,2025-11-26T13:38:22+05:30
pay_00000000004745,order_0000004745,126.00,wallet,captured,2025-11-28T13:06:59+05:30
pay_00000000004746,order_0000004746,427.00,netbanking,captured,2025-11-28T13:55:55+05:30
pay_00000000004747,order_0000004747,1054.00,upi,captured,2025-11-13T18:48:21+05:30
pay_00000000004748,order_0000004748,878.09,upi,captured,2025-11-20T17:54:34+05:30
pay_00000000004749,order_0000004749,324.49,wallet,captured,2025-11-22T23:06:44+05:30
pay_00000000004750,order_0000004750,711.04,upi,captured,2025-11-29T10:39:36+05:30
pay_00000000004751,order_0000004751,1012.00,upi,captured,2025-11-10T21:39:24+05:30
pay_00000000004752,order_0000004752,2488.13,card,captured,2025-11-20T23:40:33+05:30
pay_00000000004753,order_0000004753,2548.42,wallet,captured,2025-11-23T13:53:53+05:30
pay_00000000004754,order_0000004754,432.00,upi,captured,2025-11-12T17:59:30+05:30
pay_00000000004755,order_0000004755,17021.32,upi,captured,2025-11-14T17:56:50+05:30
pay_00000000004756,order_0000004756,1130.79,upi,captured,2025-11-17T10:03:55+05:30
pay_00000000004757,order_0000004757,1035.38,upi,captured,2025-11-03T18:24:38+05:30
pay_00000000004758,order_0000004758,270.00,upi,captured,2025-11-20T21:21:38+05:30
pay_00000000004759,order_0000004759,578.74,upi,captured,2025-11-01T13:29:00+05:30
pay_00000000004760,order_0000004760,3347.00,netbanking,captured,2025-11-19T20:37:49+05:30
pay_00000000004761,order_0000004761,1628.20,upi,captured,2025-11-29T18:20:26+05:30
pay_00000000004762,order_0000004762,873.90,upi,captured,2025-11-06T20:57:28+05:30
pay_00000000004763,order_0000004763,636.67,netbanking,captured,2025-11-23T22:48:19+05:30
pay_00000000004764,order_0000004764,609.34,netbanking,captured,2025-11-02T14:12:05+05:30
pay_00000000004765,order_0000004765,641.93,wallet,captured,2025-11-28T18:00:19+05:30
pay_00000000004766,order_0000004766,2823.99,card,captured,2025-11-30T08:57:20+05:30
pay_00000000004767,order_0000004767,887.00,netbanking,captured,2025-11-02T16:34:35+05:30
pay_00000000004768,order_0000004768,123.00,upi,captured,2025-11-14T20:07:17+05:30
pay_00000000004769,order_0000004769,457.61,card,captured,2025-11-27T10:54:05+05:30
pay_00000000004770,order_0000004770,130.11,upi,captured,2025-11-06T18:08:21+05:30
pay_00000000004771,order_0000004771,253.81,upi,captured,2025-11-16T13:40:48+05:30
pay_00000000004772,order_0000004772,979.99,card,captured,2025-11-24T12:03:20+05:30
pay_00000000004773,order_0000004773,738.00,upi,captured,2025-11-12T08:19:00+05:30
pay_00000000004774,order_0000004774,815.01,upi,captured,2025-11-10T15:35:23+05:30
pay_00000000004775,order_0000004775,515.00,wallet,captured,2025-11-09T20:23:56+05:30
pay_00000000004776,order_0000004776,236.77,upi,captured,2025-11-30T18:23:57+05:30
pay_00000000004777,order_0000004777,897.00,upi,captured,2025-11-19T23:15:27+05:30
pay_00000000004778,order_0000004778,2414.88,upi,captured,2025-11-30T12:29:01+05:30
pay_00000000004779,order_0000004779,2378.40,upi,captured,2025-11-06T12:39:54+05:30
pay_00000000004780,order_0000004780,2244.42,upi,captured,2025-11-11T11:03:45+05:30
pay_00000000004781,order_0000004781,257.05,card,captured,2025-11-26T19:11:37+05:30
pay_00000000004782,order_0000004782,997.06,wallet,captured,2025-11-19T01:14:19+05:30
pay_00000000004783,order_0000004783,718.10,card,captured,2025-11-22T06:08:45+05:30
pay_00000000004784,order_0000004784,345.00,upi,captured,2025-11-17T21:20:29+05:30
pay_00000000004785,order_0000004785,1043.57,upi,captured,2025-11-12T16:09:13+05:30
pay_00000000004786,order_0000004786,3431.00,upi,captured,2025-11-09T18:34:04+05:30
pay_00000000004787,order_0000004787,654.54,upi,captured,2025-11-28T12:06:34+05:30
pay_00000000004788,order_0000004788,2897.91,wallet,failed,2025-11-02T22:33:13+05:30
pay_00000000004789,order_0000004789,2906.00,netbanking,captured,2025-11-25T16:21:00+05:30
pay_00000000004790,order_0000004790,707.92,card,captured,2025-11-21T15:32:34+05:30
pay_00000000004791,order_0000004791,918.00,upi,captured,2025-11-21T09:34:01+05:30
pay_00000000004792,order_0000004792,1398.98,wallet,captured,2025-11-08T10:19:07+05:30
pay_00000000004793,order_0000004793,989.33,card,captured,2025-11-27T20:03:06+05:30
pay_00000000004794,order_0000004794,784.29,wallet,captured,2025-11-09T18:51:47+05:30
pay_00000000004795,order_0000004795,379.00,upi,captured,2025-11-16T21:59:06+05:30
pay_00000000004796,order_0000004796,241.00,upi,captured,2025-11-23T16:23:26+05:30
pay_00000000004797,order_0000004797,588.99,upi,captured,2025-11-29T21:49:48+05:30
pay_00000000004798,order_0000004798,9469.03,card,captured,2025-11-20T16:48:37+05:30
pay_00000000004799,order_0000004799,177.00,upi,captured,2025-11-09T11:44:16+05:30
pay_00000000004800,order_0000004800,475.99,upi,captured,2025-11-19T15:46:32+05:30
pay_00000000004801,order_0000004801,930.37,upi,captured,2025-11-13T20:26:22+05:30
pay_00000000004802,order_0000004802,620.99,upi,failed,2025-11-10T15:24:15+05:30
pay_00000000004803,order_0000004803,2682.00,card,captured,2025-11-02T01:07:17+05:30
pay_00000000004804,order_0000004804,251.00,upi,captured,2025-11-17T22:28:43+05:30
pay_00000000004805,order_0000004805,450.32,card,captured,2025-11-24T07:16:04+05:30
pay_00000000004806,order_0000004806,367.99,upi,captured,2025-11-01T16:48:51+05:30
pay_00000000004807,order_0000004807,112.00,upi,captured,2025-11-06T14:08:53+05:30
pay_00000000004808,order_0000004808,950.79,card,captured,2025-11-11T18:22:05+05:30
pay_00000000004809,order_0000004809,343.75,card,captured,2025-11-08T21:56:12+05:30
pay_00000000004810,order_0000004810,220.73,upi,failed,2025-11-27T01:58:46+05:30
pay_00000000004811,order_0000004811,1982.96,card,captured,2025-11-10T19:37:43+05:30
pay_00000000004812,order_0000004812,2980.00,card,failed,2025-11-25T13:34:30+05:30
pay_00000000004813,order_0000004813,522.67,card,captured,2025-11-22T05:56:45+05:30
pay_00000000004814,order_0000004814,504.00,card,captured,2025-11-01T00:24:43+05:30
pay_00000000004815,order_0000004815,3040.44,upi,captured,2025-11-12T07:21:38+05:30
pay_00000000004816,order_0000004816,397.99,netbanking,captured,2025-11-29T20:32:52+05:30
pay_00000000004817,order_0000004817,598.00,card,captured,2025-11-03T11:17:49+05:30
pay_00000000004818,order_0000004818,1036.99,card,captured,2025-11-15T23:47:18+05:30
pay_00000000004819,order_0000004819,1372.19,card,failed,2025-11-11T10:54:52+05:30
pay_00000000004820,order_0000004820,948.89,card,captured,2025-11-23T07:00:39+05:30
pay_00000000004821,order_0000004821,225.00,upi,captured,2025-11-20T21:08:13+05:30
pay_00000000004822,order_0000004822,847.55,upi,captured,2025-11-24T18:03:53+05:30
pay_00000000004823,order_0000004823,970.95,netbanking,captured,2025-11-23T07:31:19+05:30
pay_00000000004824,order_0000004824,2773.00,upi,captured,2025-11-03T15:51:56+05:30
pay_00000000004825,order_0000004825,7926.44,upi,captured,2025-11-13T17:46:48+05:30
pay_00000000004826,order_0000004826,3463.99,upi,captured,2025-11-10T13:59:20+05:30
pay_00000000004827,order_0000004827,884.99,card,captured,2025-11-30T16:09:32+05:30
pay_00000000004828,order_0000004828,115.10,upi,captured,2025-11-06T17:08:38+05:30
pay_00000000004829,order_0000004829,11462.02,wallet,captured,2025-11-27T14:59:23+05:30
pay_00000000004830,order_0000004830,143.99,upi,captured,2025-11-11T09:00:56+05:30
pay_00000000004831,order_0000004831,726.00,upi,captured,2025-11-04T14:33:29+05:30
pay_00000000004832,order_0000004832,982.92,card,captured,2025-11-22T07:48:35+05:30
pay_00000000004833,order_0000004833,994.99,card,captured,2025-11-10T12:47:12+05:30
pay_00000000004834,order_0000004834,334.00,card,captured,2025-11-08T15:38:53+05:30
pay_00000000004835,order_0000004835,310.89,card,captured,2025-11-28T18:03:25+05:30
pay_00000000004836,order_0000004836,668.11,upi,captured,2025-11-29T23:02:27+05:30
pay_00000000004837,order_0000004837,3456.96,card,captured,2025-11-26T11:44:41+05:30
pay_00000000004838,order_0000004838,427.08,upi,captured,2025-11-09T09:24:28+05:30
pay_00000000004839,order_0000004839,289.06,card,captured,2025-11-27T22:56:46+05:30
pay_00000000004840,order_0000004840,3309.00,upi,captured,2025-11-06T13:33:02+05:30
pay_00000000004841,order_0000004841,692.99,netbanking,captured,2025-11-26T19:24:46+05:30
pay_00000000004842,order_0000004842,1168.00,upi,captured,2025-11-16T22:06:29+05:30
pay_00000000004843,order_0000004843,298.22,upi,captured,2025-11-28T19:42:20+05:30
pay_00000000004844,order_0000004844,809.00,netbanking,captured,2025-11-23T22:53:49+05:30
pay_00000000004845,order_0000004845,408.19,upi,captured,2025-11-25T16:56:50+05:30
pay_00000000004846,order_0000004846,592.77,upi,captured,2025-11-30T23:44:47+05:30
pay_00000000004847,order_0000004847,951.02,upi,captured,2025-11-13T18:29:03+05:30
pay_00000000004848,order_0000004848,455.67,upi,captured,2025-11-26T20:32:40+05:30
pay_00000000004849,order_0000004849,5398.00,upi,captured,2025-11-08T21:38:43+05:30
pay_00000000004850,order_0000004850,778.00,card,captured,2025-11-14T13:07:36+05:30
pay_00000000004851,order_0000004851,402.67,card,captured,2025-11-03T16:18:50+05:30
pay_00000000004852,order_0000004852,501.99,wallet,captured,2025-11-07T09:53:26+05:30
pay_00000000004853,order_0000004853,2012.91,upi,captured,2025-11-26T13:29:51+05:30
pay_00000000004854,order_0000004854,3458.42,upi,captured,2025-11-30T09:55:17+05:30
pay_00000000004855,order_0000004855,990.93,upi,captured,2025-11-06T02:52:47+05:30
pay_00000000004856,order_0000004856,130.03,card,captured,2025-11-09T19:19:33+05:30
pay_00000000004857,order_0000004857,1023.00,wallet,captured,2025-11-19T06:29:55+05:30
pay_00000000004858,order_0000004858,708.11,upi,captured,2025-11-29T02:32:36+05:30
pay_00000000004859,order_0000004859,11303.00,netbanking,captured,2025-11-21T16:00:05+05:30
pay_00000000004860,order_0000004860,3018.00,upi,captured,2025-11-05T18:04:06+05:30
pay_00000000004861,order_0000004861,716.68,upi,captured,2025-11-23T10:57:03+05:30
pay_00000000004862,order_0000004862,658.00,upi,captured,2025-11-23T13:47:08+05:30
pay_00000000004863,order_0000004863,925.00,wallet,captured,2025-11-05T09:16:56+05:30
pay_00000000004864,order_0000004864,592.00,wallet,captured,2025-11-04T04:22:04+05:30
pay_00000000004865,order_0000004865,333.00,card,captured,2025-11-08T14:37:45+05:30
pay_00000000004866,order_0000004866,337.99,upi,captured,2025-11-11T14:19:30+05:30
pay_00000000004867,order_0000004867,409.00,upi,captured,2025-11-15T15:10:18+05:30
pay_00000000004868,order_0000004868,379.57,upi,captured,2025-11-15T12:05:57+05:30
pay_00000000004869,order_0000004869,825.10,card,captured,2025-11-14T06:45:38+05:30
pay_00000000004870,order_0000004870,213.81,netbanking,captured,2025-11-04T23:19:21+05:30
pay_00000000004871,order_0000004871,1208.42,upi,captured,2025-11-13T07:51:41+05:30
pay_00000000004872,order_0000004872,634.97,upi,captured,2025-11-15T08:30:36+05:30
pay_00000000004873,order_0000004873,211.00,upi,captured,2025-11-15T04:58:06+05:30
pay_00000000004874,order_0000004874,188.59,upi,captured,2025-11-27T18:03:29+05:30
pay_00000000004875,order_0000004875,1014.00,upi,captured,2025-11-22T19:47:31+05:30
pay_00000000004876,order_0000004876,1033.99,upi,captured,2025-11-29T17:43:39+05:30
pay_00000000004877,order_0000004877,622.04,card,captured,2025-11-14T09:25:43+05:30
pay_00000000004878,order_0000004878,173.00,card,captured,2025-11-11T19:36:40+05:30
pay_00000000004879,order_0000004879,895.62,upi,captured,2025-11-28T13:46:22+05:30
pay_00000000004880,order_0000004880,185.57,card,captured,2025-11-17T12:07:38+05:30
pay_00000000004881,order_0000004881,2264.17,card,failed,2025-11-30T15:25:47+05:30
pay_00000000004882,order_0000004882,845.63,upi,captured,2025-11-06T03:22:40+05:30
pay_00000000004883,order_0000004883,3406.00,card,captured,2025-11-22T13:05:57+05:30
pay_00000000004884,order_0000004884,844.81,upi,captured,2025-11-21T20:30:51+05:30
pay_00000000004885,order_0000004885,2373.99,netbanking,failed,2025-11-10T17:23:59+05:30
pay_00000000004886,order_0000004886,142.14,upi,captured,2025-11-03T13:50:23+05:30
pay_00000000004887,order_0000004887,341.00,card,captured,2025-11-22T20:14:15+05:30
pay_00000000004888,order_0000004888,391.35,upi,captured,2025-11-09T06:36:18+05:30
pay_00000000004889,order_0000004889,608.94,upi,captured,2025-11-03T17:12:11+05:30
pay_00000000004890,order_0000004890,163.37,upi,captured,2025-11-24T21:57:32+05:30
pay_00000000004891,order_0000004891,770.43,card,captured,2025-11-25T23:48:47+05:30
pay_00000000004892,order_0000004892,111.00,card,failed,2025-11-20T06:42:21+05:30
pay_00000000004893,order_0000004893,729.00,wallet,captured,2025-11-01T11:12:00+05:30
pay_00000000004894,order_0000004894,997.07,upi,captured,2025-11-18T17:27:02+05:30
pay_00000000004895,order_0000004895,288.39,netbanking,captured,2025-11-19T21:01:10+05:30
pay_00000000004896,order_0000004896,733.18,card,captured,2025-11-13T18:18:28+05:30
pay_00000000004897,order_0000004897,102.00,upi,captured,2025-11-10T22:58:27+05:30
pay_00000000004898,order_0000004898,210.12,card,captured,2025-11-11T19:50:49+05:30
pay_00000000004899,order_0000004899,864.87,wallet,failed,2025-11-07T06:18:08+05:30
pay_00000000004900,order_0000004900,430.71,upi,captured,2025-11-06T02:32:23+05:30
pay_00000000004901,order_0000004901,671.17,upi,captured,2025-11-22T11:43:25+05:30
pay_00000000004902,order_0000004902,2363.00,upi,captured,2025-11-30T04:03:04+05:30
pay_00000000004903,order_0000004903,171.08,upi,captured,2025-11-16T17:50:24+05:30
pay_00000000004904,order_0000004904,589.00,card,captured,2025-11-14T15:12:47+05:30
pay_00000000004905,order_0000004905,298.45,upi,captured,2025-11-26T21:43:16+05:30
pay_00000000004906,order_0000004906,781.00,upi,captured,2025-11-22T14:39:14+05:30
pay_00000000004907,order_0000004907,1188.58,upi,captured,2025-11-19T13:57:52+05:30
pay_00000000004908,order_0000004908,1006.29,upi,captured,2025-11-08T21:45:48+05:30
pay_00000000004909,order_0000004909,965.99,upi,captured,2025-11-22T13:21:23+05:30
pay_00000000004910,order_0000004910,597.89,upi,captured,2025-11-11T09:27:51+05:30
pay_00000000004911,order_0000004911,563.82,card,captured,2025-11-23T21:38:40+05:30
pay_00000000004912,order_0000004912,620.75,card,captured,2025-11-16T22:42:51+05:30
pay_00000000004913,order_0000004913,892.97,netbanking,captured,2025-11-04T04:44:00+05:30
pay_00000000004914,order_0000004914,12203.99,upi,captured,2025-11-26T19:13:49+05:30
pay_00000000004915,order_0000004915,483.99,upi,captured,2025-11-10T17:16:12+05:30
pay_00000000004916,order_0000004916,788.99,card,captured,2025-11-19T18:12:38+05:30
pay_00000000004917,order_0000004917,719.00,upi,captured,2025-11-17T06:36:18+05:30
pay_00000000004918,order_0000004918,205.31,card,captured,2025-11-20T12:54:47+05:30
pay_00000000004919,order_0000004919,707.00,upi,captured,2025-11-23T23:40:15+05:30
pay_00000000004920,order_0000004920,853.63,card,captured,2025-11-07T22:29:39+05:30
pay_00000000004921,order_0000004921,833.80,upi,captured,2025-11-10T08:32:37+05:30
pay_00000000004922,order_0000004922,908.53,upi,captured,2025-11-02T15:52:21+05:30
pay_00000000004923,order_0000004923,950.00,card,captured,2025-11-01T19:50:30+05:30
pay_00000000004924,order_0000004924,555.00,upi,captured,2025-11-11T23:43:31+05:30
pay_00000000004925,order_0000004925,962.00,upi,captured,2025-11-19T05:45:51+05:30
pay_00000000004926,order_0000004926,555.49,upi,captured,2025-11-21T17:59:03+05:30
pay_00000000004927,order_0000004927,667.02,netbanking,captured,2025-11-19T20:08:43+05:30
pay_00000000004928,order_0000004928,457.00,upi,captured,2025-11-25T18:20:35+05:30
pay_00000000004929,order_0000004929,336.00,card,captured,2025-11-29T10:03:41+05:30
pay_00000000004930,order_0000004930,118.82,upi,captured,2025-11-07T15:45:13+05:30
pay_00000000004931,order_0000004931,532.00,card,captured,2025-11-20T17:29:54+05:30
pay_00000000004932,order_0000004932,153.72,upi,captured,2025-11-10T17:01:32+05:30
pay_00000000004933,order_0000004933,803.00,card,captured,2025-11-06T18:01:37+05:30
pay_00000000004934,order_0000004934,803.99,card,captured,2025-11-09T22:59:13+05:30
pay_00000000004935,order_0000004935,243.00,card,captured,2025-11-09T09:10:10+05:30
pay_00000000004936,order_0000004936,588.78,upi,captured,2025-11-21T13:22:11+05:30
pay_00000000004937,order_0000004937,370.82,netbanking,captured,2025-11-16T08:51:23+05:30
pay_00000000004938,order_0000004938,2839.00,card,captured,2025-11-06T12:10:12+05:30
pay_00000000004939,order_0000004939,799.00,upi,captured,2025-11-12T00:08:23+05:30
pay_00000000004940,order_0000004940,379.00,upi,captured,2025-11-16T11:47:29+05:30
pay_00000000004941,order_0000004941,2165.00,upi,captured,2025-11-13T15:18:48+05:30
pay_00000000004942,order_0000004942,245.40,upi,captured,2025-11-06T20:32:47+05:30
pay_00000000004943,order_0000004943,318.37,upi,captured,2025-11-09T21:27:15+05:30
pay_00000000004944,order_0000004944,2710.16,card,captured,2025-11-28T11:41:41+05:30
pay_00000000004945,order_0000004945,1990.91,upi,captured,2025-11-08T16:49:49+05:30
pay_00000000004946,order_0000004946,238.99,upi,captured,2025-11-18T18:13:21+05:30
pay_00000000004947,order_0000004947,233.82,upi,captured,2025-11-25T19:18:20+05:30
pay_00000000004948,order_0000004948,3751.72,upi,captured,2025-11-29T14:11:24+05:30
pay_00000000004949,order_0000004949,524.36,upi,captured,2025-11-16T21:34:49+05:30
pay_00000000004950,order_0000004950,581.51,wallet,captured,2025-11-18T19:46:44+05:30
pay_00000000004951,order_0000004951,1001.00,wallet,captured,2025-11-10T15:59:42+05:30
pay_00000000004952,order_0000004952,492.99,upi,captured,2025-11-03T18:37:35+05:30
pay_00000000004953,order_0000004953,772.35,upi,captured,2025-11-23T18:59:01+05:30
pay_00000000004954,order_0000004954,903.81,wallet,captured,2025-11-10T16:06:45+05:30
pay_00000000004955,order_0000004955,975.22,upi,captured,2025-11-21T08:18:16+05:30
pay_00000000004956,order_0000004956,505.39,wallet,captured,2025-11-19T09:38:38+05:30
pay_00000000004957,order_0000004957,3354.00,upi,captured,2025-11-19T02:24:26+05:30
pay_00000000004958,order_0000004958,10266.34,upi,captured,2025-11-29T17:52:00+05:30
pay_00000000004959,order_0000004959,250.47,card,failed,2025-11-01T13:07:16+05:30
pay_00000000004960,order_0000004960,15828.65,upi,captured,2025-11-26T12:53:43+05:30
pay_00000000004961,order_0000004961,12093.99,upi,captured,2025-11-24T12:52:30+05:30
pay_00000000004962,order_0000004962,887.76,upi,captured,2025-11-16T07:04:25+05:30
pay_00000000004963,order_0000004963,390.90,card,captured,2025-11-10T06:44:56+05:30
pay_00000000004964,order_0000004964,763.83,card,captured,2025-11-10T11:24:44+05:30
pay_00000000004965,order_0000004965,180.00,card,captured,2025-11-19T12:44:19+05:30
pay_00000000004966,order_0000004966,1693.02,upi,captured,2025-11-12T21:38:25+05:30
pay_00000000004967,order_0000004967,1092.47,upi,captured,2025-11-25T16:58:31+05:30
pay_00000000004968,order_0000004968,893.05,card,captured,2025-11-09T07:13:07+05:30
pay_00000000004969,order_0000004969,2673.99,wallet,captured,2025-11-20T12:30:00+05:30
pay_00000000004970,order_0000004970,1188.90,upi,captured,2025-11-19T14:33:27+05:30
pay_00000000004971,order_0000004971,128.55,upi,captured,2025-11-11T10:59:47+05:30
pay_00000000004972,order_0000004972,2031.00,netbanking,captured,2025-11-09T01:40:41+05:30
pay_00000000004973,order_0000004973,483.94,upi,captured,2025-11-10T21:39:44+05:30
pay_00000000004974,order_0000004974,460.00,upi,captured,2025-11-29T15:16:17+05:30
pay_00000000004975,order_0000004975,227.89,upi,captured,2025-11-05T22:02:16+05:30
pay_00000000004976,order_0000004976,2362.46,upi,captured,2025-11-09T18:29:44+05:30
pay_00000000004977,order_0000004977,3315.54,card,captured,2025-11-12T20:55:19+05:30
pay_00000000004978,order_0000004978,834.00,upi,captured,2025-11-06T20:54:21+05:30
pay_00000000004979,order_0000004979,485.47,card,captured,2025-11-17T23:44:30+05:30
pay_00000000004980,order_0000004980,479.00,upi,captured,2025-11-30T22:37:05+05:30
pay_00000000004981,order_0000004981,461.00,card,failed,2025-11-02T01:50:17+05:30
pay_00000000004982,order_0000004982,2918.56,card,captured,2025-11-18T17:41:01+05:30
pay_00000000004983,order_0000004983,359.00,upi,captured,2025-11-04T22:01:57+05:30
pay_00000000004984,order_0000004984,836.00,upi,captured,2025-11-03T09:29:35+05:30
pay_00000000004985,order_0000004985,1444.58,wallet,captured,2025-11-10T14:41:35+05:30
pay_00000000004986,order_0000004986,805.51,upi,captured,2025-11-09T15:38:15+05:30
pay_00000000004987,order_0000004987,1550.00,netbanking,captured,2025-11-03T21:37:39+05:30
pay_00000000004988,order_0000004988,366.00,upi,captured,2025-11-28T19:05:16+05:30
pay_00000000004989,order_0000004989,1068.05,wallet,captured,2025-11-28T13:10:28+05:30
pay_00000000004990,order_0000004990,771.99,upi,captured,2025-11-14T15:51:45+05:30
pay_00000000004991,order_0000004991,845.00,netbanking,captured,2025-11-06T07:55:30+05:30
pay_00000000004992,order_0000004992,832.00,upi,captured,2025-11-29T02:53:18+05:30
pay_00000000004993,order_0000004993,399.46,card,failed,2025-11-27T22:53:59+05:30
pay_00000000004994,order_0000004994,1001.00,card,captured,2025-11-03T17:43:11+05:30
pay_00000000004995,order_0000004995,3141.99,card,captured,2025-11-08T18:41:29+05:30
pay_00000000004996,order_0000004996,1869.33,upi,captured,2025-11-18T04:53:54+05:30
pay_00000000004997,order_0000004997,1837.99,card,failed,2025-11-03T13:32:50+05:30
pay_00000000004998,order_0000004998,957.00,upi,captured,2025-11-19T16:49:28+05:30
pay_00000000004999,order_0000004999,929.00,upi,captured,2025-11-25T14:55:59+05:30
pay_00000000005000,order_0000005000,385.19,upi,captured,2025-11-02T21:25:55+05:30
pay_00000000005001,order_0000005001,404.57,upi,captured,2025-11-21T17:59:59+05:30
pay_00000000005002,order_0000005002,404.57,upi,captured,2025-11-21T17:59:59+05:30
pay_00000000005003,order_0000005003,259.51,card,captured,2025-11-02T17:59:59+05:30
pay_00000000005004,order_0000005004,259.51,card,captured,2025-11-02T17:59:59+05:30
pay_00000000005005,order_0000005005,525.56,netbanking,captured,2025-11-10T17:59:59+05:30
pay_00000000005006,order_0000005006,525.56,netbanking,captured,2025-11-10T17:59:59+05:30
pay_00000000005007,order_0000005007,231.00,upi,captured,2025-11-28T05:59:59+05:30
pay_00000000005008,order_0000005008,231.00,upi,captured,2025-11-28T05:59:59+05:30
pay_00000000005009,order_0000005009,892.45,upi,captured,2025-11-04T05:59:59+05:30
pay_00000000005010,order_0000005010,892.45,upi,captured,2025-11-04T05:59:59+05:30
pay_00000000005011,order_0000005011,522.67,card,captured,2025-11-22T05:59:59+05:30
pay_00000000005012,order_0000005012,522.67,card,captured,2025-11-22T05:59:59+05:30
