payment_id,settlement_id,bank_txn_id,amount,method,fee,gst,tds,settle_date,split,ambiguous
pay_00000000000008,setl_merchant_2_0001,bnk_000000000001,40296.49,wallet,946.97,170.45,0.00,2025-11-03,train,0
pay_00000000000163,setl_merchant_2_0001,bnk_000000000001,37641.08,netbanking,106.10,19.10,0.00,2025-11-03,train,0
pay_00000000000239,setl_merchant_2_0001,bnk_000000000001,30976.99,wallet,727.96,131.03,309.77,2025-11-03,train,0
pay_00000000000501,setl_merchant_2_0001,bnk_000000000001,2409.63,netbanking,18.02,3.24,24.10,2025-11-03,train,0
pay_00000000000582,setl_merchant_2_0001,bnk_000000000001,22852.10,card,457.04,82.27,228.52,2025-11-03,train,0
pay_00000000000766,setl_merchant_2_0001,bnk_000000000001,118737.99,upi,296.84,53.43,1187.38,2025-11-03,train,0
pay_00000000000771,setl_merchant_2_0001,bnk_000000000001,213752.78,netbanking,546.38,98.35,2137.53,2025-11-03,train,0
pay_00000000000875,setl_merchant_2_0001,bnk_000000000001,20604.00,card,412.08,74.17,206.04,2025-11-03,train,0
pay_00000000001134,setl_merchant_2_0001,bnk_000000000001,35589.00,wallet,836.34,150.54,355.89,2025-11-03,train,0
pay_00000000001395,setl_merchant_2_0001,bnk_000000000001,39547.91,netbanking,110.87,19.96,395.48,2025-11-03,train,0
pay_00000000001700,setl_merchant_2_0001,bnk_000000000001,3049.92,netbanking,19.62,3.53,30.50,2025-11-03,train,0
pay_00000000001754,setl_merchant_2_0001,bnk_000000000001,10013.23,upi,25.03,4.51,100.13,2025-11-03,train,0
pay_00000000001759,setl_merchant_2_0001,bnk_000000000001,7663.99,wallet,180.10,32.42,76.64,2025-11-03,train,0
pay_00000000000084,setl_merchant_2_0002,bnk_000000000002,8825.81,wallet,185.34,33.36,88.26,2025-11-04,train,0
pay_00000000000146,setl_merchant_2_0002,bnk_000000000002,8856.99,card,155.00,27.90,88.57,2025-11-04,train,0
pay_00000000000326,setl_merchant_2_0002,bnk_000000000002,221922.00,upi,0.00,0.00,2219.22,2025-11-04,train,0
pay_00000000000333,setl_merchant_2_0002,bnk_000000000002,19359.34,upi,0.00,0.00,193.59,2025-11-04,train,0
pay_00000000000392,setl_merchant_2_0002,bnk_000000000002,194477.87,wallet,4084.04,735.13,1944.78,2025-11-04,train,0
pay_00000000000474,setl_merchant_2_0002,bnk_000000000002,233205.13,netbanking,12.00,2.16,2332.05,2025-11-04,train,0
pay_00000000000521,setl_merchant_2_0002,bnk_000000000002,36597.71,card,640.46,115.28,365.98,2025-11-04,train,0
pay_00000000000664,setl_merchant_2_0002,bnk_000000000002,35317.69,card,618.06,111.25,353.18,2025-11-04,train,0
pay_00000000001028,setl_merchant_2_0002,bnk_000000000002,21620.94,wallet,454.04,81.73,216.21,2025-11-04,train,0
pay_00000000001377,setl_merchant_2_0002,bnk_000000000002,14008.04,netbanking,12.00,2.16,140.08,2025-11-04,train,0
pay_00000000001397,setl_merchant_2_0002,bnk_000000000002,11794.00,netbanking,12.00,2.16,117.94,2025-11-04,train,0
pay_00000000001414,setl_merchant_2_0002,bnk_000000000002,2130.00,card,37.28,6.71,0.00,2025-11-04,train,0
pay_00000000001735,setl_merchant_2_0002,bnk_000000000002,40240.00,card,704.20,126.76,0.00,2025-11-04,train,0
pay_00000000000093,setl_merchant_2_0003,bnk_000000000005,31665.76,wallet,664.98,119.70,316.66,2025-11-04,train,0
pay_00000000000141,setl_merchant_2_0003,bnk_000000000005,152555.33,netbanking,12.00,2.16,1525.55,2025-11-04,train,0
pay_00000000000218,setl_merchant_2_0003,bnk_000000000005,24186.00,netbanking,12.00,2.16,241.86,2025-11-04,train,0
pay_00000000000260,setl_merchant_2_0003,bnk_000000000005,6456.72,wallet,135.59,24.41,64.57,2025-11-04,train,0
pay_00000000000330,setl_merchant_2_0003,bnk_000000000005,24922.28,netbanking,12.00,2.16,249.22,2025-11-04,train,0
pay_00000000000347,setl_merchant_2_0003,bnk_000000000005,20122.59,card,352.15,63.39,201.23,2025-11-04,train,0
pay_00000000000371,setl_merchant_2_0003,bnk_000000000005,41945.59,netbanking,12.00,2.16,419.46,2025-11-04,train,0
pay_00000000000517,setl_merchant_2_0003,bnk_000000000005,42782.36,upi,0.00,0.00,427.82,2025-11-04,train,0
pay_00000000000540,setl_merchant_2_0003,bnk_000000000005,65698.55,netbanking,12.00,2.16,656.99,2025-11-04,train,0
pay_00000000000590,setl_merchant_2_0003,bnk_000000000005,42606.45,card,745.61,134.21,426.06,2025-11-04,train,0
pay_00000000000701,setl_merchant_2_0003,bnk_000000000005,8944.00,netbanking,12.00,2.16,89.44,2025-11-04,train,0
pay_00000000000795,setl_merchant_2_0003,bnk_000000000005,11694.59,netbanking,12.00,2.16,116.95,2025-11-04,train,0
pay_00000000000812,setl_merchant_2_0003,bnk_000000000005,30782.02,netbanking,12.00,2.16,307.82,2025-11-04,train,0
pay_00000000000824,setl_merchant_2_0003,bnk_000000000005,31699.04,netbanking,12.00,2.16,316.99,2025-11-04,train,0
pay_00000000000848,setl_merchant_2_0003,bnk_000000000005,110232.91,card,1929.08,347.23,0.00,2025-11-04,train,0
pay_00000000000853,setl_merchant_2_0003,bnk_000000000005,7973.00,netbanking,12.00,2.16,79.73,2025-11-04,train,0
pay_00000000000869,setl_merchant_2_0003,bnk_000000000005,117590.00,wallet,2469.39,444.49,1175.90,2025-11-04,train,0
pay_00000000000902,setl_merchant_2_0003,bnk_000000000005,32136.99,netbanking,12.00,2.16,321.37,2025-11-04,train,0
pay_00000000000915,setl_merchant_2_0003,bnk_000000000005,19266.26,card,337.16,60.69,192.66,2025-11-04,train,0
pay_00000000000928,setl_merchant_2_0003,bnk_000000000005,6673.00,netbanking,12.00,2.16,66.73,2025-11-04,train,0
pay_00000000000972,setl_merchant_2_0003,bnk_000000000005,12041.66,netbanking,12.00,2.16,120.42,2025-11-04,train,0
pay_00000000001010,setl_merchant_2_0003,bnk_000000000005,10196.00,netbanking,12.00,2.16,101.96,2025-11-04,train,0
pay_00000000001051,setl_merchant_2_0003,bnk_000000000005,18734.95,card,327.86,59.01,187.35,2025-11-04,train,0
pay_00000000001095,setl_merchant_2_0003,bnk_000000000005,8244.00,card,144.27,25.97,82.44,2025-11-04,train,0
pay_00000000001101,setl_merchant_2_0003,bnk_000000000005,130556.99,netbanking,12.00,2.16,1305.57,2025-11-04,train,0
pay_00000000001174,setl_merchant_2_0003,bnk_000000000005,6518.55,netbanking,12.00,2.16,65.19,2025-11-04,train,0
pay_00000000001181,setl_merchant_2_0003,bnk_000000000005,4665.00,wallet,97.97,17.63,0.00,2025-11-04,train,0
pay_00000000001184,setl_merchant_2_0003,bnk_000000000005,226224.46,card,3958.93,712.61,2262.24,2025-11-04,train,0
pay_00000000001198,setl_merchant_2_0003,bnk_000000000005,145062.00,netbanking,12.00,2.16,1450.62,2025-11-04,train,0
pay_00000000001214,setl_merchant_2_0003,bnk_000000000005,5121.33,netbanking,12.00,2.16,51.21,2025-11-04,train,0
pay_00000000001230,setl_merchant_2_0003,bnk_000000000005,13963.99,wallet,293.24,52.78,139.64,2025-11-04,train,0
pay_00000000001235,setl_merchant_2_0003,bnk_000000000005,27980.64,netbanking,12.00,2.16,279.81,2025-11-04,train,0
pay_00000000001264,setl_merchant_2_0003,bnk_000000000005,4109.11,netbanking,12.00,2.16,41.09,2025-11-04,train,0
pay_00000000001297,setl_merchant_2_0003,bnk_000000000005,22307.00,wallet,468.45,84.32,223.07,2025-11-04,train,0
pay_00000000001464,setl_merchant_2_0003,bnk_000000000005,8961.99,card,156.83,28.23,89.62,2025-11-04,train,0
pay_00000000001482,setl_merchant_2_0003,bnk_000000000005,15533.39,wallet,326.20,58.72,155.33,2025-11-04,train,0
pay_00000000001484,setl_merchant_2_0003,bnk_000000000005,150634.29,card,2636.10,474.50,1506.34,2025-11-04,train,0
pay_00000000001545,setl_merchant_2_0003,bnk_000000000005,18946.61,card,331.57,59.68,189.47,2025-11-04,train,0
pay_00000000001568,setl_merchant_2_0003,bnk_000000000005,8150.58,netbanking,12.00,2.16,81.51,2025-11-04,train,0
pay_00000000001589,setl_merchant_2_0003,bnk_000000000005,5388.99,upi,0.00,0.00,53.89,2025-11-04,train,0
pay_00000000001595,setl_merchant_2_0003,bnk_000000000005,25344.00,netbanking,12.00,2.16,253.44,2025-11-04,train,0
pay_00000000001730,setl_merchant_2_0003,bnk_000000000005,31738.00,upi,0.00,0.00,317.38,2025-11-04,train,0
pay_00000000000007,setl_merchant_2_0004,bnk_000000000006,23327.99,card,408.24,73.48,0.00,2025-11-06,train,0
pay_00000000000188,setl_merchant_2_0004,bnk_000000000006,21958.24,card,384.27,69.17,219.58,2025-11-06,train,0
pay_00000000000240,setl_merchant_2_0004,bnk_000000000006,8930.64,netbanking,12.00,2.16,89.31,2025-11-06,train,0
pay_00000000000350,setl_merchant_2_0004,bnk_000000000006,2852.82,card,49.92,8.99,28.53,2025-11-06,train,0
pay_00000000000386,setl_merchant_2_0004,bnk_000000000006,37603.99,card,658.07,118.45,376.04,2025-11-06,train,0
pay_00000000000401,setl_merchant_2_0004,bnk_000000000006,7806.58,netbanking,12.00,2.16,0.00,2025-11-06,train,0
pay_00000000000781,setl_merchant_2_0004,bnk_000000000006,9788.75,upi,0.00,0.00,97.89,2025-11-06,train,0
pay_00000000001153,setl_merchant_2_0004,bnk_000000000006,4190.00,netbanking,12.00,2.16,41.90,2025-11-06,train,0
pay_00000000001237,setl_merchant_2_0004,bnk_000000000006,81962.00,card,1434.34,258.18,819.62,2025-11-06,train,0
pay_00000000001521,setl_merchant_2_0004,bnk_000000000006,44088.62,card,771.55,138.88,0.00,2025-11-06,train,0
pay_00000000000021,setl_merchant_2_0005,bnk_000000000007,6672.00,card,116.76,21.02,66.72,2025-11-06,train,0
pay_00000000000089,setl_merchant_2_0005,bnk_000000000007,5812.00,card,101.71,18.31,58.12,2025-11-06,train,0
pay_00000000000092,setl_merchant_2_0005,bnk_000000000007,6157.83,netbanking,12.00,2.16,61.58,2025-11-06,train,0
pay_00000000000095,setl_merchant_2_0005,bnk_000000000007,16869.00,wallet,354.25,63.77,168.69,2025-11-06,train,0
pay_00000000000107,setl_merchant_2_0005,bnk_000000000007,6720.00,card,117.60,21.17,67.20,2025-11-06,train,0
pay_00000000000158,setl_merchant_2_0005,bnk_000000000007,16766.99,netbanking,12.00,2.16,0.00,2025-11-06,train,0
pay_00000000000207,setl_merchant_2_0005,bnk_000000000007,32453.00,netbanking,12.00,2.16,0.00,2025-11-06,train,0
pay_00000000000211,setl_merchant_2_0005,bnk_000000000007,14032.53,netbanking,12.00,2.16,0.00,2025-11-06,train,0
pay_00000000000261,setl_merchant_2_0005,bnk_000000000007,6658.00,netbanking,12.00,2.16,66.58,2025-11-06,train,0
pay_00000000000294,setl_merchant_2_0005,bnk_000000000007,27552.67,card,482.17,86.79,275.53,2025-11-06,train,0
pay_00000000000338,setl_merchant_2_0005,bnk_000000000007,7695.25,netbanking,12.00,2.16,76.95,2025-11-06,train,0
pay_00000000000404,setl_merchant_2_0005,bnk_000000000007,2015.99,card,35.28,6.35,20.16,2025-11-06,train,0
pay_00000000000414,setl_merchant_2_0005,bnk_000000000007,103631.29,wallet,2176.26,391.73,1036.31,2025-11-06,train,0
pay_00000000000425,setl_merchant_2_0005,bnk_000000000007,38380.68,upi,0.00,0.00,383.81,2025-11-06,train,0
pay_00000000000459,setl_merchant_2_0005,bnk_000000000007,244263.04,upi,0.00,0.00,0.00,2025-11-06,train,0
pay_00000000000505,setl_merchant_2_0005,bnk_000000000007,20808.32,netbanking,12.00,2.16,208.08,2025-11-06,train,0
pay_00000000000527,setl_merchant_2_0005,bnk_000000000007,23584.35,upi,0.00,0.00,235.84,2025-11-06,train,0
pay_00000000000531,setl_merchant_2_0005,bnk_000000000007,39802.40,netbanking,12.00,2.16,398.02,2025-11-06,train,0
pay_00000000000567,setl_merchant_2_0005,bnk_000000000007,10595.99,card,185.43,33.38,105.96,2025-11-06,train,0
pay_00000000000573,setl_merchant_2_0005,bnk_000000000007,13338.00,netbanking,12.00,2.16,133.38,2025-11-06,train,0
pay_00000000000589,setl_merchant_2_0005,bnk_000000000007,7548.60,netbanking,12.00,2.16,75.49,2025-11-06,train,0
pay_00000000000663,setl_merchant_2_0005,bnk_000000000007,4538.22,netbanking,12.00,2.16,45.38,2025-11-06,train,0
pay_00000000000669,setl_merchant_2_0005,bnk_000000000007,94060.74,wallet,1975.28,355.55,940.61,2025-11-06,train,0
pay_00000000000685,setl_merchant_2_0005,bnk_000000000007,54556.66,netbanking,12.00,2.16,545.57,2025-11-06,train,0
pay_00000000000692,setl_merchant_2_0005,bnk_000000000007,26666.43,wallet,560.00,100.80,266.66,2025-11-06,train,0
pay_00000000000728,setl_merchant_2_0005,bnk_000000000007,2291.92,card,40.11,7.22,22.92,2025-11-06,train,0
pay_00000000000821,setl_merchant_2_0005,bnk_000000000007,4282.58,card,74.95,13.49,42.83,2025-11-06,train,0
pay_00000000000839,setl_merchant_2_0005,bnk_000000000007,18284.82,netbanking,12.00,2.16,182.85,2025-11-06,train,0
pay_00000000000850,setl_merchant_2_0005,bnk_000000000007,43440.54,card,760.21,136.84,434.41,2025-11-06,train,0
pay_00000000000871,setl_merchant_2_0005,bnk_000000000007,158356.00,netbanking,12.00,2.16,1583.56,2025-11-06,train,0
pay_00000000000873,setl_merchant_2_0005,bnk_000000000007,239260.47,card,4187.06,753.67,2392.60,2025-11-06,train,0
pay_00000000000959,setl_merchant_2_0005,bnk_000000000007,8747.12,card,153.07,27.55,0.00,2025-11-06,train,0
pay_00000000000969,setl_merchant_2_0005,bnk_000000000007,194077.00,card,3396.35,611.34,1940.77,2025-11-06,train,0
pay_00000000000983,setl_merchant_2_0005,bnk_000000000007,29803.63,wallet,625.88,112.66,0.00,2025-11-06,train,0
pay_00000000001000,setl_merchant_2_0005,bnk_000000000007,26687.00,card,467.02,84.06,266.87,2025-11-06,train,0
pay_00000000001009,setl_merchant_2_0005,bnk_000000000007,7576.00,card,132.58,23.86,75.76,2025-11-06,train,0
pay_00000000001035,setl_merchant_2_0005,bnk_000000000007,52633.92,netbanking,12.00,2.16,526.34,2025-11-06,train,0
pay_00000000001063,setl_merchant_2_0005,bnk_000000000007,23324.55,card,408.18,73.47,233.25,2025-11-06,train,0
pay_00000000001068,setl_merchant_2_0005,bnk_000000000007,116274.00,netbanking,12.00,2.16,1162.74,2025-11-06,train,0
pay_00000000001110,setl_merchant_2_0005,bnk_000000000007,83684.99,netbanking,12.00,2.16,836.85,2025-11-06,train,0
pay_00000000001113,setl_merchant_2_0005,bnk_000000000007,30811.00,upi,0.00,0.00,0.00,2025-11-06,train,0
pay_00000000001154,setl_merchant_2_0005,bnk_000000000007,34188.00,upi,0.00,0.00,0.00,2025-11-06,train,0
pay_00000000001164,setl_merchant_2_0005,bnk_000000000007,173328.26,card,3033.24,545.98,1733.28,2025-11-06,train,0
pay_00000000001176,setl_merchant_2_0005,bnk_000000000007,37909.60,wallet,796.10,143.30,379.10,2025-11-06,train,0
pay_00000000001205,setl_merchant_2_0005,bnk_000000000007,36100.00,card,631.75,113.72,361.00,2025-11-06,train,0
pay_00000000001208,setl_merchant_2_0005,bnk_000000000007,22134.79,netbanking,12.00,2.16,221.35,2025-11-06,train,0
pay_00000000001212,setl_merchant_2_0005,bnk_000000000007,28568.25,upi,0.00,0.00,285.68,2025-11-06,train,0
pay_00000000001218,setl_merchant_2_0005,bnk_000000000007,2206.00,netbanking,12.00,2.16,0.00,2025-11-06,train,0
pay_00000000001226,setl_merchant_2_0005,bnk_000000000007,31534.00,netbanking,12.00,2.16,315.34,2025-11-06,train,0
pay_00000000001263,setl_merchant_2_0005,bnk_000000000007,43146.99,netbanking,12.00,2.16,431.47,2025-11-06,train,0
pay_00000000001267,setl_merchant_2_0005,bnk_000000000007,26868.99,netbanking,12.00,2.16,268.69,2025-11-06,train,0
pay_00000000001282,setl_merchant_2_0005,bnk_000000000007,41624.80,card,728.43,131.12,0.00,2025-11-06,train,0
pay_00000000001347,setl_merchant_2_0005,bnk_000000000007,47369.99,upi,0.00,0.00,473.70,2025-11-06,train,0
pay_00000000001348,setl_merchant_2_0005,bnk_000000000007,28731.31,netbanking,12.00,2.16,287.31,2025-11-06,train,0
pay_00000000001378,setl_merchant_2_0005,bnk_000000000007,79052.00,wallet,1660.09,298.82,790.52,2025-11-06,train,0
pay_00000000001382,setl_merchant_2_0005,bnk_000000000007,7916.00,netbanking,12.00,2.16,79.16,2025-11-06,train,0
pay_00000000001387,setl_merchant_2_0005,bnk_000000000007,56061.99,netbanking,12.00,2.16,560.62,2025-11-06,train,0
pay_00000000001394,setl_merchant_2_0005,bnk_000000000007,66952.00,netbanking,12.00,2.16,0.00,2025-11-06,train,0
pay_00000000001417,setl_merchant_2_0005,bnk_000000000007,12229.99,card,214.02,38.52,122.30,2025-11-06,train,0
pay_00000000001443,setl_merchant_2_0005,bnk_000000000007,7266.00,netbanking,12.00,2.16,72.66,2025-11-06,train,0
pay_00000000001455,setl_merchant_2_0005,bnk_000000000007,10027.03,netbanking,12.00,2.16,100.27,2025-11-06,train,0
pay_00000000001525,setl_merchant_2_0005,bnk_000000000007,74889.58,upi,0.00,0.00,748.90,2025-11-06,train,0
pay_00000000001535,setl_merchant_2_0005,bnk_000000000007,171269.62,card,2997.22,539.50,0.00,2025-11-06,train,0
pay_00000000001548,setl_merchant_2_0005,bnk_000000000007,159972.50,netbanking,12.00,2.16,1599.73,2025-11-06,train,0
pay_00000000001577,setl_merchant_2_0005,bnk_000000000007,35586.00,netbanking,12.00,2.16,355.86,2025-11-06,train,0
pay_00000000001597,setl_merchant_2_0005,bnk_000000000007,27235.89,netbanking,12.00,2.16,272.36,2025-11-06,train,0
pay_00000000001622,setl_merchant_2_0005,bnk_000000000007,6547.00,card,114.57,20.62,65.47,2025-11-06,train,0
pay_00000000001644,setl_merchant_2_0005,bnk_000000000007,213733.00,netbanking,12.00,2.16,2137.33,2025-11-06,train,0
pay_00000000001678,setl_merchant_2_0005,bnk_000000000007,30830.93,card,539.54,97.12,308.31,2025-11-06,train,0
pay_00000000001731,setl_merchant_2_0005,bnk_000000000007,30942.32,wallet,649.79,116.96,309.42,2025-11-06,train,0
pay_00000000001742,setl_merchant_2_0005,bnk_000000000007,114353.00,netbanking,12.00,2.16,1143.53,2025-11-06,train,0
pay_00000000000327,setl_merchant_2_0006,bnk_000000000008,42326.01,wallet,888.85,159.99,423.26,2025-11-07,train,0
pay_00000000000372,setl_merchant_2_0006,bnk_000000000008,18048.39,wallet,379.02,68.22,180.48,2025-11-07,train,0
pay_00000000000542,setl_merchant_2_0006,bnk_000000000008,131862.34,netbanking,12.00,2.16,0.00,2025-11-07,train,0
pay_00000000000556,setl_merchant_2_0006,bnk_000000000008,16825.00,upi,0.00,0.00,168.25,2025-11-07,train,0
pay_00000000000564,setl_merchant_2_0006,bnk_000000000008,14587.55,wallet,306.34,55.14,145.88,2025-11-07,train,0
pay_00000000000625,setl_merchant_2_0006,bnk_000000000008,180481.89,upi,0.00,0.00,1804.82,2025-11-07,train,0
pay_00000000000954,setl_merchant_2_0006,bnk_000000000008,5352.06,netbanking,12.00,2.16,0.00,2025-11-07,train,0
pay_00000000000957,setl_merchant_2_0006,bnk_000000000008,3227.25,card,56.48,10.17,32.27,2025-11-07,train,0
pay_00000000000960,setl_merchant_2_0006,bnk_000000000008,43641.09,netbanking,12.00,2.16,436.41,2025-11-07,train,0
pay_00000000001106,setl_merchant_2_0006,bnk_000000000008,233558.03,upi,0.00,0.00,2335.58,2025-11-07,train,0
pay_00000000001197,setl_merchant_2_0006,bnk_000000000008,16579.00,card,290.13,52.22,165.79,2025-11-07,train,0
pay_00000000001268,setl_merchant_2_0006,bnk_000000000008,33538.65,netbanking,12.00,2.16,335.39,2025-11-07,train,0
pay_00000000001284,setl_merchant_2_0006,bnk_000000000008,33931.00,wallet,712.55,128.26,339.31,2025-11-07,train,0
pay_00000000001436,setl_merchant_2_0006,bnk_000000000008,34199.87,netbanking,12.00,2.16,342.00,2025-11-07,train,0
pay_00000000001681,setl_merchant_2_0006,bnk_000000000008,9637.99,wallet,202.40,36.43,96.38,2025-11-07,train,0
pay_00000000001695,setl_merchant_2_0006,bnk_000000000008,30223.99,netbanking,12.00,2.16,0.00,2025-11-07,train,0
pay_00000000000031,setl_merchant_2_0007,bnk_000000000009,4618.54,wallet,96.99,17.46,46.19,2025-11-07,train,0
pay_00000000000119,setl_merchant_2_0007,bnk_000000000009,5340.00,netbanking,12.00,2.16,53.40,2025-11-07,train,0
pay_00000000000126,setl_merchant_2_0007,bnk_000000000009,2644.83,card,46.28,8.33,26.45,2025-11-07,train,0
pay_00000000000310,setl_merchant_2_0007,bnk_000000000009,39402.00,wallet,827.44,148.94,394.02,2025-11-07,train,0
pay_00000000000456,setl_merchant_2_0007,bnk_000000000009,20600.00,netbanking,12.00,2.16,206.00,2025-11-07,train,0
pay_00000000000499,setl_merchant_2_0007,bnk_000000000009,41475.72,netbanking,12.00,2.16,414.76,2025-11-07,train,0
pay_00000000000524,setl_merchant_2_0007,bnk_000000000009,177789.73,upi,0.00,0.00,0.00,2025-11-07,train,0
pay_00000000000603,setl_merchant_2_0007,bnk_000000000009,3850.99,netbanking,12.00,2.16,38.51,2025-11-07,train,0
pay_00000000000607,setl_merchant_2_0007,bnk_000000000009,148046.00,card,2590.81,466.35,1480.46,2025-11-07,train,0
pay_00000000000696,setl_merchant_2_0007,bnk_000000000009,184132.00,upi,0.00,0.00,1841.32,2025-11-07,train,0
pay_00000000000707,setl_merchant_2_0007,bnk_000000000009,28565.00,netbanking,12.00,2.16,285.65,2025-11-07,train,0
pay_00000000000712,setl_merchant_2_0007,bnk_000000000009,5793.31,netbanking,12.00,2.16,57.93,2025-11-07,train,0
pay_00000000000775,setl_merchant_2_0007,bnk_000000000009,7778.52,netbanking,12.00,2.16,77.79,2025-11-07,train,0
pay_00000000000788,setl_merchant_2_0007,bnk_000000000009,36449.00,card,637.86,114.81,364.49,2025-11-07,train,0
pay_00000000000810,setl_merchant_2_0007,bnk_000000000009,37875.38,upi,0.00,0.00,378.75,2025-11-07,train,0
pay_00000000000820,setl_merchant_2_0007,bnk_000000000009,2546.74,netbanking,12.00,2.16,25.47,2025-11-07,train,0
pay_00000000000830,setl_merchant_2_0007,bnk_000000000009,70324.73,netbanking,12.00,2.16,703.25,2025-11-07,train,0
pay_00000000000836,setl_merchant_2_0007,bnk_000000000009,3588.26,netbanking,12.00,2.16,35.88,2025-11-07,train,0
pay_00000000000854,setl_merchant_2_0007,bnk_000000000009,31382.75,card,549.20,98.86,313.83,2025-11-07,train,0
pay_00000000000880,setl_merchant_2_0007,bnk_000000000009,120248.99,upi,0.00,0.00,1202.49,2025-11-07,train,0
pay_00000000000906,setl_merchant_2_0007,bnk_000000000009,24882.00,netbanking,12.00,2.16,248.82,2025-11-07,train,0
pay_00000000000913,setl_merchant_2_0007,bnk_000000000009,6928.86,netbanking,12.00,2.16,69.29,2025-11-07,train,0
pay_00000000000924,setl_merchant_2_0007,bnk_000000000009,23369.49,card,408.97,73.61,233.69,2025-11-07,train,0
pay_00000000000952,setl_merchant_2_0007,bnk_000000000009,31202.00,netbanking,12.00,2.16,312.02,2025-11-07,train,0
pay_00000000001049,setl_merchant_2_0007,bnk_000000000009,43277.59,wallet,908.83,163.59,432.78,2025-11-07,train,0
pay_00000000001050,setl_merchant_2_0007,bnk_000000000009,19374.60,card,339.06,61.03,193.75,2025-11-07,train,0
pay_00000000001078,setl_merchant_2_0007,bnk_000000000009,29239.00,netbanking,12.00,2.16,0.00,2025-11-07,train,0
pay_00000000001123,setl_merchant_2_0007,bnk_000000000009,2809.99,netbanking,12.00,2.16,28.10,2025-11-07,train,0
pay_00000000001143,setl_merchant_2_0007,bnk_000000000009,38719.03,wallet,813.10,146.36,387.19,2025-11-07,train,0
pay_00000000001147,setl_merchant_2_0007,bnk_000000000009,75038.34,wallet,1575.81,283.65,750.38,2025-11-07,train,0
pay_00000000001240,setl_merchant_2_0007,bnk_000000000009,36150.00,card,632.63,113.87,0.00,2025-11-07,train,0
pay_00000000001241,setl_merchant_2_0007,bnk_000000000009,2954.00,netbanking,12.00,2.16,29.54,2025-11-07,train,0
pay_00000000001247,setl_merchant_2_0007,bnk_000000000009,226328.47,netbanking,12.00,2.16,2263.28,2025-11-07,train,0
pay_00000000001281,setl_merchant_2_0007,bnk_000000000009,11132.12,netbanking,12.00,2.16,111.32,2025-11-07,train,0
pay_00000000001338,setl_merchant_2_0007,bnk_000000000009,17639.22,netbanking,12.00,2.16,176.39,2025-11-07,train,0
pay_00000000001383,setl_merchant_2_0007,bnk_000000000009,23140.99,netbanking,12.00,2.16,231.41,2025-11-07,train,0
pay_00000000001413,setl_merchant_2_0007,bnk_000000000009,115197.26,netbanking,12.00,2.16,0.00,2025-11-07,train,0
pay_00000000001472,setl_merchant_2_0007,bnk_000000000009,75111.83,wallet,1577.35,283.92,751.12,2025-11-07,train,0
pay_00000000001497,setl_merchant_2_0007,bnk_000000000009,5902.02,upi,0.00,0.00,59.02,2025-11-07,train,0
pay_00000000001517,setl_merchant_2_0007,bnk_000000000009,6532.79,wallet,137.19,24.69,65.33,2025-11-07,train,0
pay_00000000001518,setl_merchant_2_0007,bnk_000000000009,36536.91,card,639.40,115.09,365.37,2025-11-07,train,0
pay_00000000001520,setl_merchant_2_0007,bnk_000000000009,35535.64,wallet,746.25,134.33,355.36,2025-11-07,train,0
pay_00000000001523,setl_merchant_2_0007,bnk_000000000009,7218.20,card,126.32,22.74,72.18,2025-11-07,train,0
pay_00000000001529,setl_merchant_2_0007,bnk_000000000009,34908.00,netbanking,12.00,2.16,349.08,2025-11-07,train,0
pay_00000000001567,setl_merchant_2_0007,bnk_000000000009,188957.27,card,3306.75,595.22,1889.57,2025-11-07,train,0
pay_00000000001571,setl_merchant_2_0007,bnk_000000000009,8226.00,netbanking,12.00,2.16,82.26,2025-11-07,train,0
pay_00000000001611,setl_merchant_2_0007,bnk_000000000009,35176.43,upi,0.00,0.00,351.76,2025-11-07,train,0
pay_00000000001612,setl_merchant_2_0007,bnk_000000000009,39239.00,netbanking,12.00,2.16,392.39,2025-11-07,train,0
pay_00000000001704,setl_merchant_2_0007,bnk_000000000009,19003.09,netbanking,12.00,2.16,190.03,2025-11-07,train,0
pay_00000000001721,setl_merchant_2_0007,bnk_000000000009,25538.00,card,446.92,80.45,255.38,2025-11-07,train,0
pay_00000000000010,setl_merchant_2_0008,bnk_000000000010,17311.64,wallet,363.54,65.44,173.12,2025-11-10,train,0
pay_00000000000018,setl_merchant_2_0008,bnk_000000000010,39054.00,wallet,820.13,147.62,0.00,2025-11-10,train,0
pay_00000000000020,setl_merchant_2_0008,bnk_000000000010,37998.00,netbanking,12.00,2.16,379.98,2025-11-10,train,0
pay_00000000000044,setl_merchant_2_0008,bnk_000000000010,39393.35,upi,0.00,0.00,393.93,2025-11-10,train,0
pay_00000000000083,setl_merchant_2_0008,bnk_000000000010,4461.00,wallet,93.68,16.86,44.61,2025-11-10,train,0
pay_00000000000100,setl_merchant_2_0008,bnk_000000000010,6993.07,netbanking,12.00,2.16,69.93,2025-11-10,train,0
pay_00000000000106,setl_merchant_2_0008,bnk_000000000010,77456.31,netbanking,12.00,2.16,774.56,2025-11-10,train,0
pay_00000000000300,setl_merchant_2_0008,bnk_000000000010,22045.99,card,385.80,69.44,220.46,2025-11-10,train,0
pay_00000000000334,setl_merchant_2_0008,bnk_000000000010,47579.00,upi,0.00,0.00,475.79,2025-11-10,train,0
pay_00000000000424,setl_merchant_2_0008,bnk_000000000010,38272.99,card,669.78,120.56,382.73,2025-11-10,train,0
pay_00000000000631,setl_merchant_2_0008,bnk_000000000010,19333.99,card,338.34,60.90,193.34,2025-11-10,train,0
pay_00000000000639,setl_merchant_2_0008,bnk_000000000010,36527.00,upi,0.00,0.00,365.27,2025-11-10,train,0
pay_00000000000725,setl_merchant_2_0008,bnk_000000000010,207336.74,wallet,4354.07,783.73,2073.37,2025-11-10,train,0
pay_00000000000730,setl_merchant_2_0008,bnk_000000000010,132248.00,card,2314.34,416.58,1322.48,2025-11-10,train,0
pay_00000000000756,setl_merchant_2_0008,bnk_000000000010,80586.56,card,1410.26,253.85,805.87,2025-11-10,train,0
pay_00000000000790,setl_merchant_2_0008,bnk_000000000010,11757.00,netbanking,12.00,2.16,117.57,2025-11-10,train,0
pay_00000000000877,setl_merchant_2_0008,bnk_000000000010,41005.49,netbanking,12.00,2.16,410.05,2025-11-10,train,0
pay_00000000000887,setl_merchant_2_0008,bnk_000000000010,128857.00,wallet,2706.00,487.08,1288.57,2025-11-10,train,0
pay_00000000000946,setl_merchant_2_0008,bnk_000000000010,80401.27,wallet,1688.43,303.92,804.01,2025-11-10,train,0
pay_00000000000965,setl_merchant_2_0008,bnk_000000000010,2105.99,netbanking,12.00,2.16,0.00,2025-11-10,train,0
pay_00000000000975,setl_merchant_2_0008,bnk_000000000010,4961.00,wallet,104.18,18.75,49.61,2025-11-10,train,0
pay_00000000001220,setl_merchant_2_0008,bnk_000000000010,12600.99,netbanking,12.00,2.16,126.01,2025-11-10,train,0
pay_00000000001233,setl_merchant_2_0008,bnk_000000000010,7815.00,upi,0.00,0.00,78.15,2025-11-10,train,0
pay_00000000001248,setl_merchant_2_0008,bnk_000000000010,3467.00,wallet,72.81,13.11,34.67,2025-11-10,train,0
pay_00000000001306,setl_merchant_2_0008,bnk_000000000010,6280.00,netbanking,12.00,2.16,62.80,2025-11-10,train,0
pay_00000000001335,setl_merchant_2_0008,bnk_000000000010,146456.00,card,2562.98,461.34,1464.56,2025-11-10,train,0
pay_00000000001564,setl_merchant_2_0008,bnk_000000000010,2819.71,netbanking,12.00,2.16,28.20,2025-11-10,train,0
pay_00000000001623,setl_merchant_2_0008,bnk_000000000010,42113.99,card,736.99,132.66,421.14,2025-11-10,train,0
pay_00000000001641,setl_merchant_2_0008,bnk_000000000010,162024.01,wallet,3402.50,612.45,1620.24,2025-11-10,train,0
pay_00000000001696,setl_merchant_2_0008,bnk_000000000010,134259.00,card,2349.53,422.92,1342.59,2025-11-10,train,0
pay_00000000001709,setl_merchant_2_0008,bnk_000000000010,2603.99,netbanking,12.00,2.16,26.04,2025-11-10,train,0
pay_00000000001724,setl_merchant_2_0008,bnk_000000000010,231327.00,card,4048.22,728.68,2313.27,2025-11-10,train,0
pay_00000000001752,setl_merchant_2_0008,bnk_000000000010,2132.62,wallet,44.79,8.06,21.33,2025-11-10,train,0
pay_00000000001797,setl_merchant_2_0008,bnk_000000000010,31476.68,wallet,661.01,118.98,314.77,2025-11-10,train,0
pay_00000000000017,setl_merchant_2_0009,bnk_000000000011,39551.18,upi,0.00,0.00,0.00,2025-11-10,train,0
pay_00000000000088,setl_merchant_2_0009,bnk_000000000011,4137.32,netbanking,12.00,2.16,41.37,2025-11-10,train,0
pay_00000000000131,setl_merchant_2_0009,bnk_000000000011,22261.34,netbanking,12.00,2.16,222.61,2025-11-10,train,0
pay_00000000000171,setl_merchant_2_0009,bnk_000000000011,23713.82,netbanking,12.00,2.16,237.14,2025-11-10,train,0
pay_00000000000194,setl_merchant_2_0009,bnk_000000000011,168375.93,upi,0.00,0.00,0.00,2025-11-10,train,0
pay_00000000000204,setl_merchant_2_0009,bnk_000000000011,36758.00,netbanking,12.00,2.16,0.00,2025-11-10,train,0
pay_00000000000208,setl_merchant_2_0009,bnk_000000000011,20682.97,netbanking,12.00,2.16,206.83,2025-11-10,train,0
pay_00000000000213,setl_merchant_2_0009,bnk_000000000011,18905.81,netbanking,12.00,2.16,189.06,2025-11-10,train,0
pay_00000000000224,setl_merchant_2_0009,bnk_000000000011,43567.02,netbanking,12.00,2.16,435.67,2025-11-10,train,0
pay_00000000000231,setl_merchant_2_0009,bnk_000000000011,23724.87,wallet,498.22,89.68,237.25,2025-11-10,train,0
pay_00000000000244,setl_merchant_2_0009,bnk_000000000011,10898.99,upi,0.00,0.00,0.00,2025-11-10,train,0
pay_00000000000262,setl_merchant_2_0009,bnk_000000000011,73637.03,card,1288.65,231.96,0.00,2025-11-10,train,0
pay_00000000000263,setl_merchant_2_0009,bnk_000000000011,15119.00,wallet,317.50,57.15,0.00,2025-11-10,train,0
pay_00000000000265,setl_merchant_2_0009,bnk_000000000011,106702.00,card,1867.29,336.11,1067.02,2025-11-10,train,0
pay_00000000000297,setl_merchant_2_0009,bnk_000000000011,14039.17,upi,0.00,0.00,140.39,2025-11-10,train,0
pay_00000000000406,setl_merchant_2_0009,bnk_000000000011,7190.35,netbanking,12.00,2.16,71.90,2025-11-10,train,0
pay_00000000000415,setl_merchant_2_0009,bnk_000000000011,7227.99,netbanking,12.00,2.16,72.28,2025-11-10,train,0
pay_00000000000446,setl_merchant_2_0009,bnk_000000000011,4452.52,netbanking,12.00,2.16,44.53,2025-11-10,train,0
pay_00000000000448,setl_merchant_2_0009,bnk_000000000011,34390.00,netbanking,12.00,2.16,343.90,2025-11-10,train,0
pay_00000000000512,setl_merchant_2_0009,bnk_000000000011,28221.00,wallet,592.64,106.68,282.21,2025-11-10,train,0
pay_00000000000526,setl_merchant_2_0009,bnk_000000000011,190271.29,netbanking,12.00,2.16,1902.71,2025-11-10,train,0
pay_00000000000581,setl_merchant_2_0009,bnk_000000000011,18973.00,wallet,398.43,71.72,0.00,2025-11-10,train,0
pay_00000000000614,setl_merchant_2_0009,bnk_000000000011,36038.81,card,630.68,113.52,360.39,2025-11-10,train,0
pay_00000000000624,setl_merchant_2_0009,bnk_000000000011,103486.44,card,1811.01,325.98,1034.86,2025-11-10,train,0
pay_00000000000628,setl_merchant_2_0009,bnk_000000000011,4787.00,netbanking,12.00,2.16,47.87,2025-11-10,train,0
pay_00000000000687,setl_merchant_2_0009,bnk_000000000011,94946.99,wallet,1993.89,358.90,949.47,2025-11-10,train,0
pay_00000000000709,setl_merchant_2_0009,bnk_000000000011,34115.00,netbanking,12.00,2.16,341.15,2025-11-10,train,0
pay_00000000000772,setl_merchant_2_0009,bnk_000000000011,43278.75,upi,0.00,0.00,0.00,2025-11-10,train,0
pay_00000000000773,setl_merchant_2_0009,bnk_000000000011,138904.13,netbanking,12.00,2.16,1389.04,2025-11-10,train,0
pay_00000000000797,setl_merchant_2_0009,bnk_000000000011,38660.00,netbanking,12.00,2.16,386.60,2025-11-10,train,0
pay_00000000000828,setl_merchant_2_0009,bnk_000000000011,69419.99,card,1214.85,218.67,694.20,2025-11-10,train,0
pay_00000000000829,setl_merchant_2_0009,bnk_000000000011,20934.61,netbanking,12.00,2.16,0.00,2025-11-10,train,0
pay_00000000000955,setl_merchant_2_0009,bnk_000000000011,7813.00,card,136.73,24.61,78.13,2025-11-10,train,0
pay_00000000000999,setl_merchant_2_0009,bnk_000000000011,94904.99,netbanking,12.00,2.16,949.05,2025-11-10,train,0
pay_00000000001031,setl_merchant_2_0009,bnk_000000000011,42336.46,upi,0.00,0.00,423.36,2025-11-10,train,0
pay_00000000001032,setl_merchant_2_0009,bnk_000000000011,169563.00,card,2967.35,534.12,0.00,2025-11-10,train,0
pay_00000000001076,setl_merchant_2_0009,bnk_000000000011,31669.00,upi,0.00,0.00,316.69,2025-11-10,train,0
pay_00000000001098,setl_merchant_2_0009,bnk_000000000011,42745.99,netbanking,12.00,2.16,427.46,2025-11-10,train,0
pay_00000000001105,setl_merchant_2_0009,bnk_000000000011,10987.16,card,192.28,34.61,109.87,2025-11-10,train,0
pay_00000000001108,setl_merchant_2_0009,bnk_000000000011,29528.00,card,516.74,93.01,295.28,2025-11-10,train,0
pay_00000000001120,setl_merchant_2_0009,bnk_000000000011,4652.15,netbanking,12.00,2.16,46.52,2025-11-10,train,0
pay_00000000001121,setl_merchant_2_0009,bnk_000000000011,7950.30,upi,0.00,0.00,79.50,2025-11-10,train,0
pay_00000000001126,setl_merchant_2_0009,bnk_000000000011,8089.00,netbanking,12.00,2.16,80.89,2025-11-10,train,0
pay_00000000001127,setl_merchant_2_0009,bnk_000000000011,37041.66,netbanking,12.00,2.16,370.42,2025-11-10,train,0
pay_00000000001132,setl_merchant_2_0009,bnk_000000000011,83016.99,netbanking,12.00,2.16,830.17,2025-11-10,train,0
pay_00000000001136,setl_merchant_2_0009,bnk_000000000011,248037.00,netbanking,12.00,2.16,2480.37,2025-11-10,train,0
pay_00000000001158,setl_merchant_2_0009,bnk_000000000011,159977.95,upi,0.00,0.00,1599.78,2025-11-10,train,0
pay_00000000001161,setl_merchant_2_0009,bnk_000000000011,2469.67,wallet,51.86,9.33,24.70,2025-11-10,train,0
pay_00000000001165,setl_merchant_2_0009,bnk_000000000011,40612.62,netbanking,12.00,2.16,406.13,2025-11-10,train,0
pay_00000000001167,setl_merchant_2_0009,bnk_000000000011,30004.04,netbanking,12.00,2.16,300.04,2025-11-10,train,0
pay_00000000001180,setl_merchant_2_0009,bnk_000000000011,6422.99,wallet,134.88,24.28,64.23,2025-11-10,train,0
pay_00000000001193,setl_merchant_2_0009,bnk_000000000011,26450.99,card,462.89,83.32,264.51,2025-11-10,train,0
pay_00000000001201,setl_merchant_2_0009,bnk_000000000011,10855.45,wallet,227.96,41.03,0.00,2025-11-10,train,0
pay_00000000001217,setl_merchant_2_0009,bnk_000000000011,39995.00,netbanking,12.00,2.16,399.95,2025-11-10,train,0
pay_00000000001222,setl_merchant_2_0009,bnk_000000000011,7930.49,netbanking,12.00,2.16,79.30,2025-11-10,train,0
pay_00000000001223,setl_merchant_2_0009,bnk_000000000011,2775.08,card,48.56,8.74,27.75,2025-11-10,train,0
pay_00000000001300,setl_merchant_2_0009,bnk_000000000011,53495.00,netbanking,12.00,2.16,534.95,2025-11-10,train,0
pay_00000000001336,setl_merchant_2_0009,bnk_000000000011,150086.00,netbanking,12.00,2.16,1500.86,2025-11-10,train,0
pay_00000000001341,setl_merchant_2_0009,bnk_000000000011,247615.74,card,4333.28,779.99,0.00,2025-11-10,train,0
pay_00000000001354,setl_merchant_2_0009,bnk_000000000011,155161.38,netbanking,12.00,2.16,1551.61,2025-11-10,train,0
pay_00000000001381,setl_merchant_2_0009,bnk_000000000011,242631.99,netbanking,12.00,2.16,2426.32,2025-11-10,train,0
pay_00000000001448,setl_merchant_2_0009,bnk_000000000011,16308.48,card,285.40,51.37,163.08,2025-11-10,train,0
pay_00000000001555,setl_merchant_2_0009,bnk_000000000011,41130.39,netbanking,12.00,2.16,411.30,2025-11-10,train,0
pay_00000000001565,setl_merchant_2_0009,bnk_000000000011,3601.99,netbanking,12.00,2.16,36.02,2025-11-10,train,0
pay_00000000001594,setl_merchant_2_0009,bnk_000000000011,4519.00,netbanking,12.00,2.16,0.00,2025-11-10,train,0
pay_00000000001677,setl_merchant_2_0009,bnk_000000000011,5825.91,netbanking,12.00,2.16,58.26,2025-11-10,train,0
pay_00000000001689,setl_merchant_2_0009,bnk_000000000011,30609.81,netbanking,12.00,2.16,306.10,2025-11-10,train,0
pay_00000000001691,setl_merchant_2_0009,bnk_000000000011,227468.00,wallet,4776.83,859.83,2274.68,2025-11-10,train,0
pay_00000000001699,setl_merchant_2_0009,bnk_000000000011,105271.40,wallet,2210.70,397.93,1052.71,2025-11-10,train,0
pay_00000000001713,setl_merchant_2_0009,bnk_000000000011,35116.00,card,614.53,110.62,0.00,2025-11-10,train,0
pay_00000000001722,setl_merchant_2_0009,bnk_000000000011,80483.05,netbanking,12.00,2.16,804.83,2025-11-10,train,0
pay_00000000001734,setl_merchant_2_0009,bnk_000000000011,29035.77,wallet,609.75,109.76,290.36,2025-11-10,train,0
pay_00000000001767,setl_merchant_2_0009,bnk_000000000011,138395.43,netbanking,12.00,2.16,0.00,2025-11-10,train,0
pay_00000000001788,setl_merchant_2_0009,bnk_000000000011,187382.29,netbanking,12.00,2.16,1873.82,2025-11-10,train,0
pay_00000000001791,setl_merchant_2_0009,bnk_000000000011,36320.66,netbanking,12.00,2.16,363.21,2025-11-10,train,0
pay_00000000000385,setl_merchant_2_0010,bnk_000000000012,7889.99,card,138.07,24.85,78.90,2025-11-11,train,0
pay_00000000000441,setl_merchant_2_0010,bnk_000000000012,8220.00,card,143.85,25.89,82.20,2025-11-11,train,0
pay_00000000000742,setl_merchant_2_0010,bnk_000000000012,2076.24,wallet,43.60,7.85,20.76,2025-11-11,train,0
pay_00000000000761,setl_merchant_2_0010,bnk_000000000012,27498.47,card,481.22,86.62,274.98,2025-11-11,train,0
pay_00000000000845,setl_merchant_2_0010,bnk_000000000012,37011.99,netbanking,12.00,2.16,370.12,2025-11-11,train,0
pay_00000000001045,setl_merchant_2_0010,bnk_000000000012,44593.00,card,780.38,140.47,445.93,2025-11-11,train,0
pay_00000000001052,setl_merchant_2_0010,bnk_000000000012,17350.40,wallet,364.36,65.58,0.00,2025-11-11,train,0
pay_00000000001224,setl_merchant_2_0010,bnk_000000000012,4296.00,wallet,90.22,16.24,42.96,2025-11-11,train,0
pay_00000000001305,setl_merchant_2_0010,bnk_000000000012,5606.14,netbanking,12.00,2.16,56.06,2025-11-11,train,0
pay_00000000001312,setl_merchant_2_0010,bnk_000000000012,3776.54,card,66.09,11.90,37.77,2025-11-11,train,0
pay_00000000001401,setl_merchant_2_0010,bnk_000000000012,6136.62,netbanking,12.00,2.16,61.37,2025-11-11,train,0
pay_00000000001461,setl_merchant_2_0010,bnk_000000000012,5567.00,netbanking,12.00,2.16,0.00,2025-11-11,train,0
pay_00000000001504,setl_merchant_2_0010,bnk_000000000012,3467.99,netbanking,12.00,2.16,34.68,2025-11-11,train,0
pay_00000000001624,setl_merchant_2_0010,bnk_000000000012,19577.00,card,342.60,61.67,195.77,2025-11-11,train,0
pay_00000000001654,setl_merchant_2_0010,bnk_000000000012,31267.99,wallet,656.63,118.19,312.68,2025-11-11,train,0
pay_00000000000013,setl_merchant_2_0011,bnk_000000000013,9279.45,wallet,194.87,35.08,92.79,2025-11-11,train,0
pay_00000000000050,setl_merchant_2_0011,bnk_000000000013,44863.70,netbanking,12.00,2.16,448.64,2025-11-11,train,0
pay_00000000000055,setl_merchant_2_0011,bnk_000000000013,6651.90,netbanking,12.00,2.16,66.52,2025-11-11,train,0
pay_00000000000070,setl_merchant_2_0011,bnk_000000000013,204825.00,netbanking,12.00,2.16,0.00,2025-11-11,train,0
pay_00000000000096,setl_merchant_2_0011,bnk_000000000013,14189.98,wallet,297.99,53.64,141.90,2025-11-11,train,0
pay_00000000000099,setl_merchant_2_0011,bnk_000000000013,27898.19,wallet,585.86,105.45,278.98,2025-11-11,train,0
pay_00000000000236,setl_merchant_2_0011,bnk_000000000013,26341.42,card,460.97,82.97,263.41,2025-11-11,train,0
pay_00000000000305,setl_merchant_2_0011,bnk_000000000013,130465.00,netbanking,12.00,2.16,1304.65,2025-11-11,train,0
pay_00000000000314,setl_merchant_2_0011,bnk_000000000013,4995.99,upi,0.00,0.00,49.96,2025-11-11,train,0
pay_00000000000335,setl_merchant_2_0011,bnk_000000000013,41629.76,upi,0.00,0.00,416.30,2025-11-11,train,0
pay_00000000000363,setl_merchant_2_0011,bnk_000000000013,226276.00,netbanking,12.00,2.16,2262.76,2025-11-11,train,0
pay_00000000000369,setl_merchant_2_0011,bnk_000000000013,30658.00,card,536.52,96.57,306.58,2025-11-11,train,0
pay_00000000000384,setl_merchant_2_0011,bnk_000000000013,36780.39,upi,0.00,0.00,367.80,2025-11-11,train,0
pay_00000000000400,setl_merchant_2_0011,bnk_000000000013,196835.00,upi,0.00,0.00,1968.35,2025-11-11,train,0
pay_00000000000429,setl_merchant_2_0011,bnk_000000000013,73253.00,wallet,1538.31,276.90,732.53,2025-11-11,train,0
pay_00000000000515,setl_merchant_2_0011,bnk_000000000013,42110.00,upi,0.00,0.00,0.00,2025-11-11,train,0
pay_00000000000545,setl_merchant_2_0011,bnk_000000000013,214429.99,wallet,4503.03,810.55,2144.30,2025-11-11,train,0
pay_00000000000547,setl_merchant_2_0011,bnk_000000000013,7872.00,wallet,165.31,29.76,78.72,2025-11-11,train,0
pay_00000000000622,setl_merchant_2_0011,bnk_000000000013,223236.40,netbanking,12.00,2.16,2232.36,2025-11-11,train,0
pay_00000000000651,setl_merchant_2_0011,bnk_000000000013,111861.00,upi,0.00,0.00,1118.61,2025-11-11,train,0
pay_00000000000727,setl_merchant_2_0011,bnk_000000000013,8863.99,upi,0.00,0.00,88.64,2025-11-11,train,0
pay_00000000000840,setl_merchant_2_0011,bnk_000000000013,64100.99,wallet,1346.12,242.30,641.01,2025-11-11,train,0
pay_00000000000846,setl_merchant_2_0011,bnk_000000000013,7558.10,wallet,158.72,28.57,75.58,2025-11-11,train,0
pay_00000000000982,setl_merchant_2_0011,bnk_000000000013,146805.00,card,2569.09,462.44,1468.05,2025-11-11,train,0
pay_00000000000998,setl_merchant_2_0011,bnk_000000000013,44063.99,card,771.12,138.80,440.64,2025-11-11,train,0
pay_00000000001017,setl_merchant_2_0011,bnk_000000000013,40048.99,netbanking,12.00,2.16,400.49,2025-11-11,train,0
pay_00000000001088,setl_merchant_2_0011,bnk_000000000013,45353.96,card,793.69,142.86,453.54,2025-11-11,train,0
pay_00000000001090,setl_merchant_2_0011,bnk_000000000013,226639.46,wallet,4759.43,856.70,2266.39,2025-11-11,train,0
pay_00000000001150,setl_merchant_2_0011,bnk_000000000013,4603.75,netbanking,12.00,2.16,46.04,2025-11-11,train,0
pay_00000000001196,setl_merchant_2_0011,bnk_000000000013,21386.43,upi,0.00,0.00,213.86,2025-11-11,train,0
pay_00000000001211,setl_merchant_2_0011,bnk_000000000013,4510.10,card,78.93,14.21,45.10,2025-11-11,train,0
pay_00000000001274,setl_merchant_2_0011,bnk_000000000013,40345.99,card,706.05,127.09,0.00,2025-11-11,train,0
pay_00000000001287,setl_merchant_2_0011,bnk_000000000013,7446.65,netbanking,12.00,2.16,74.47,2025-11-11,train,0
pay_00000000001404,setl_merchant_2_0011,bnk_000000000013,219157.73,upi,0.00,0.00,2191.58,2025-11-11,train,0
pay_00000000001415,setl_merchant_2_0011,bnk_000000000013,37454.00,upi,0.00,0.00,374.54,2025-11-11,train,0
pay_00000000001459,setl_merchant_2_0011,bnk_000000000013,21331.99,wallet,447.97,80.63,213.32,2025-11-11,train,0
pay_00000000001498,setl_merchant_2_0011,bnk_000000000013,18302.00,wallet,384.34,69.18,183.02,2025-11-11,train,0
pay_00000000001590,setl_merchant_2_0011,bnk_000000000013,2729.99,upi,0.00,0.00,27.30,2025-11-11,train,0
pay_00000000001618,setl_merchant_2_0011,bnk_000000000013,34877.00,wallet,732.42,131.84,348.77,2025-11-11,train,0
pay_00000000001684,setl_merchant_2_0011,bnk_000000000013,79269.00,wallet,1664.65,299.64,792.69,2025-11-11,train,0
pay_00000000001726,setl_merchant_2_0011,bnk_000000000013,42034.92,card,735.61,132.41,420.35,2025-11-11,train,0
pay_00000000001766,setl_merchant_2_0011,bnk_000000000013,7155.94,netbanking,12.00,2.16,0.00,2025-11-11,train,0
pay_00000000001768,setl_merchant_2_0011,bnk_000000000013,7609.34,upi,0.00,0.00,76.09,2025-11-11,train,0
pay_00000000001794,setl_merchant_2_0011,bnk_000000000013,15735.00,netbanking,12.00,2.16,157.35,2025-11-11,train,0
pay_00000000000029,setl_merchant_2_0012,bnk_000000000014,35304.85,card,617.83,111.21,353.05,2025-11-12,train,0
pay_00000000000102,setl_merchant_2_0012,bnk_000000000014,164741.23,netbanking,12.00,2.16,1647.41,2025-11-12,train,0
pay_00000000000103,setl_merchant_2_0012,bnk_000000000014,158413.91,netbanking,12.00,2.16,1584.14,2025-11-12,train,0
pay_00000000000125,setl_merchant_2_0012,bnk_000000000014,170100.00,netbanking,12.00,2.16,1701.00,2025-11-12,train,0
pay_00000000000161,setl_merchant_2_0012,bnk_000000000014,25072.78,wallet,526.53,94.78,250.73,2025-11-12,train,0
pay_00000000000193,setl_merchant_2_0012,bnk_000000000014,31811.00,netbanking,12.00,2.16,318.11,2025-11-12,train,0
pay_00000000000210,setl_merchant_2_0012,bnk_000000000014,37197.00,wallet,781.14,140.61,0.00,2025-11-12,train,0
pay_00000000000250,setl_merchant_2_0012,bnk_000000000014,14762.00,netbanking,12.00,2.16,147.62,2025-11-12,train,0
pay_00000000000258,setl_merchant_2_0012,bnk_000000000014,3130.07,upi,0.00,0.00,31.30,2025-11-12,train,0
pay_00000000000282,setl_merchant_2_0012,bnk_000000000014,72135.99,wallet,1514.86,272.67,721.36,2025-11-12,train,0
pay_00000000000296,setl_merchant_2_0012,bnk_000000000014,2642.51,card,46.24,8.32,26.43,2025-11-12,train,0
pay_00000000000389,setl_merchant_2_0012,bnk_000000000014,197759.12,upi,0.00,0.00,1977.59,2025-11-12,train,0
pay_00000000000431,setl_merchant_2_0012,bnk_000000000014,6603.00,wallet,138.66,24.96,66.03,2025-11-12,train,0
pay_00000000000466,setl_merchant_2_0012,bnk_000000000014,38114.42,wallet,800.40,144.07,381.14,2025-11-12,train,0
pay_00000000000498,setl_merchant_2_0012,bnk_000000000014,36365.48,card,636.40,114.55,363.65,2025-11-12,train,0
pay_00000000000553,setl_merchant_2_0012,bnk_000000000014,44669.00,card,781.71,140.71,0.00,2025-11-12,train,0
pay_00000000000601,setl_merchant_2_0012,bnk_000000000014,42617.00,netbanking,12.00,2.16,426.17,2025-11-12,train,0
pay_00000000000606,setl_merchant_2_0012,bnk_000000000014,31080.99,wallet,652.70,117.49,310.81,2025-11-12,train,0
pay_00000000000794,setl_merchant_2_0012,bnk_000000000014,2070.99,netbanking,12.00,2.16,20.71,2025-11-12,train,0
pay_00000000000801,setl_merchant_2_0012,bnk_000000000014,42092.03,netbanking,12.00,2.16,420.92,2025-11-12,train,0
pay_00000000000817,setl_merchant_2_0012,bnk_000000000014,180529.28,wallet,3791.11,682.40,1805.29,2025-11-12,train,0
pay_00000000000832,setl_merchant_2_0012,bnk_000000000014,31229.90,upi,0.00,0.00,312.30,2025-11-12,train,0
pay_00000000000878,setl_merchant_2_0012,bnk_000000000014,26792.00,card,468.86,84.39,267.92,2025-11-12,train,0
pay_00000000000907,setl_merchant_2_0012,bnk_000000000014,5457.32,wallet,114.60,20.63,54.57,2025-11-12,train,0
pay_00000000000941,setl_merchant_2_0012,bnk_000000000014,8164.20,netbanking,12.00,2.16,81.64,2025-11-12,train,0
pay_00000000000963,setl_merchant_2_0012,bnk_000000000014,227070.53,upi,0.00,0.00,2270.71,2025-11-12,train,0
pay_00000000000964,setl_merchant_2_0012,bnk_000000000014,31828.99,netbanking,12.00,2.16,318.29,2025-11-12,train,0
pay_00000000000981,setl_merchant_2_0012,bnk_000000000014,25926.33,card,453.71,81.67,259.26,2025-11-12,train,0
pay_00000000001022,setl_merchant_2_0012,bnk_000000000014,7785.28,netbanking,12.00,2.16,77.85,2025-11-12,train,0
pay_00000000001073,setl_merchant_2_0012,bnk_000000000014,22495.17,card,393.67,70.86,0.00,2025-11-12,train,0
pay_00000000001079,setl_merchant_2_0012,bnk_000000000014,242586.99,netbanking,12.00,2.16,2425.87,2025-11-12,train,0
pay_00000000001112,setl_merchant_2_0012,bnk_000000000014,109287.62,wallet,2295.04,413.11,1092.88,2025-11-12,train,0
pay_00000000001178,setl_merchant_2_0012,bnk_000000000014,52713.43,netbanking,12.00,2.16,527.13,2025-11-12,train,0
pay_00000000001207,setl_merchant_2_0012,bnk_000000000014,2103.99,upi,0.00,0.00,21.04,2025-11-12,train,0
pay_00000000001257,setl_merchant_2_0012,bnk_000000000014,28181.00,upi,0.00,0.00,281.81,2025-11-12,train,0
pay_00000000001372,setl_merchant_2_0012,bnk_000000000014,34368.00,card,601.44,108.26,343.68,2025-11-12,train,0
pay_00000000001433,setl_merchant_2_0012,bnk_000000000014,4351.28,card,76.15,13.71,43.51,2025-11-12,train,0
pay_00000000001450,setl_merchant_2_0012,bnk_000000000014,30189.17,card,528.31,95.10,301.89,2025-11-12,train,0
pay_00000000001463,setl_merchant_2_0012,bnk_000000000014,3344.00,netbanking,12.00,2.16,33.44,2025-11-12,train,0
pay_00000000001563,setl_merchant_2_0012,bnk_000000000014,34942.70,netbanking,12.00,2.16,349.43,2025-11-12,train,0
pay_00000000001592,setl_merchant_2_0012,bnk_000000000014,22980.64,upi,0.00,0.00,229.81,2025-11-12,train,0
pay_00000000001604,setl_merchant_2_0012,bnk_000000000014,5237.40,card,91.65,16.50,0.00,2025-11-12,train,0
pay_00000000001694,setl_merchant_2_0012,bnk_000000000014,3228.00,netbanking,12.00,2.16,32.28,2025-11-12,train,0
pay_00000000001703,setl_merchant_2_0012,bnk_000000000014,81950.99,card,1434.14,258.15,819.51,2025-11-12,train,0
pay_00000000001714,setl_merchant_2_0012,bnk_000000000014,21275.00,netbanking,12.00,2.16,212.75,2025-11-12,train,0
pay_00000000001776,setl_merchant_2_0012,bnk_000000000014,35699.99,card,624.75,112.46,357.00,2025-11-12,train,0
pay_00000000001781,setl_merchant_2_0012,bnk_000000000014,4096.88,netbanking,12.00,2.16,40.97,2025-11-12,train,0
pay_00000000001803,setl_merchant_2_0012,bnk_000000000014,2642.51,card,46.24,8.32,26.43,2025-11-12,train,1
pay_00000000000034,setl_merchant_2_0013,bnk_000000000015,158119.69,netbanking,12.00,2.16,1581.20,2025-11-12,train,0
pay_00000000000041,setl_merchant_2_0013,bnk_000000000015,22235.99,wallet,466.96,84.05,0.00,2025-11-12,train,0
pay_00000000000130,setl_merchant_2_0013,bnk_000000000015,2657.88,netbanking,12.00,2.16,26.58,2025-11-12,train,0
pay_00000000000151,setl_merchant_2_0013,bnk_000000000015,210480.00,upi,0.00,0.00,2104.80,2025-11-12,train,0
pay_00000000000159,setl_merchant_2_0013,bnk_000000000015,8581.99,netbanking,12.00,2.16,85.82,2025-11-12,train,0
pay_00000000000196,setl_merchant_2_0013,bnk_000000000015,7305.00,upi,0.00,0.00,73.05,2025-11-12,train,0
pay_00000000000221,setl_merchant_2_0013,bnk_000000000015,33424.32,card,584.93,105.29,0.00,2025-11-12,train,0
pay_00000000000228,setl_merchant_2_0013,bnk_000000000015,33366.78,netbanking,12.00,2.16,333.67,2025-11-12,train,0
pay_00000000000232,setl_merchant_2_0013,bnk_000000000015,7461.99,card,130.58,23.50,74.62,2025-11-12,train,0
pay_00000000000256,setl_merchant_2_0013,bnk_000000000015,13114.03,netbanking,12.00,2.16,131.14,2025-11-12,train,0
pay_00000000000280,setl_merchant_2_0013,bnk_000000000015,10702.99,netbanking,12.00,2.16,0.00,2025-11-12,train,0
pay_00000000000289,setl_merchant_2_0013,bnk_000000000015,10428.87,netbanking,12.00,2.16,104.29,2025-11-12,train,0
pay_00000000000292,setl_merchant_2_0013,bnk_000000000015,7262.60,netbanking,12.00,2.16,72.63,2025-11-12,train,0
pay_00000000000299,setl_merchant_2_0013,bnk_000000000015,4271.13,netbanking,12.00,2.16,42.71,2025-11-12,train,0
pay_00000000000304,setl_merchant_2_0013,bnk_000000000015,24173.99,card,423.04,76.15,241.74,2025-11-12,train,0
pay_00000000000323,setl_merchant_2_0013,bnk_000000000015,43126.00,upi,0.00,0.00,431.26,2025-11-12,train,0
pay_00000000000349,setl_merchant_2_0013,bnk_000000000015,76914.69,card,1346.01,242.28,769.15,2025-11-12,train,0
pay_00000000000351,setl_merchant_2_0013,bnk_000000000015,5201.00,upi,0.00,0.00,52.01,2025-11-12,train,0
pay_00000000000368,setl_merchant_2_0013,bnk_000000000015,7114.20,wallet,149.40,26.89,71.14,2025-11-12,train,0
pay_00000000000374,setl_merchant_2_0013,bnk_000000000015,3581.00,netbanking,12.00,2.16,35.81,2025-11-12,train,0
pay_00000000000381,setl_merchant_2_0013,bnk_000000000015,6538.54,wallet,137.31,24.72,65.39,2025-11-12,train,0
pay_00000000000402,setl_merchant_2_0013,bnk_000000000015,39172.27,card,685.51,123.39,391.72,2025-11-12,train,0
pay_00000000000436,setl_merchant_2_0013,bnk_000000000015,6903.00,netbanking,12.00,2.16,69.03,2025-11-12,train,0
pay_00000000000471,setl_merchant_2_0013,bnk_000000000015,41659.00,netbanking,12.00,2.16,416.59,2025-11-12,train,0
pay_00000000000481,setl_merchant_2_0013,bnk_000000000015,164759.02,netbanking,12.00,2.16,1647.59,2025-11-12,train,0
pay_00000000000493,setl_merchant_2_0013,bnk_000000000015,22116.56,wallet,464.45,83.60,221.17,2025-11-12,train,0
pay_00000000000516,setl_merchant_2_0013,bnk_000000000015,240213.00,card,4203.73,756.67,0.00,2025-11-12,train,0
pay_00000000000541,setl_merchant_2_0013,bnk_000000000015,6649.78,card,116.37,20.95,66.50,2025-11-12,train,0
pay_00000000000546,setl_merchant_2_0013,bnk_000000000015,201309.99,upi,0.00,0.00,2013.10,2025-11-12,train,0
pay_00000000000549,setl_merchant_2_0013,bnk_000000000015,78261.98,netbanking,12.00,2.16,782.62,2025-11-12,train,0
pay_00000000000574,setl_merchant_2_0013,bnk_000000000015,3716.27,netbanking,12.00,2.16,37.16,2025-11-12,train,0
pay_00000000000576,setl_merchant_2_0013,bnk_000000000015,31937.05,netbanking,12.00,2.16,319.37,2025-11-12,train,0
pay_00000000000618,setl_merchant_2_0013,bnk_000000000015,81647.12,upi,0.00,0.00,0.00,2025-11-12,train,0
pay_00000000000641,setl_merchant_2_0013,bnk_000000000015,16117.00,netbanking,12.00,2.16,161.17,2025-11-12,train,0
pay_00000000000645,setl_merchant_2_0013,bnk_000000000015,2503.76,netbanking,12.00,2.16,25.04,2025-11-12,train,0
pay_00000000000665,setl_merchant_2_0013,bnk_000000000015,101559.45,netbanking,12.00,2.16,0.00,2025-11-12,train,0
pay_00000000000666,setl_merchant_2_0013,bnk_000000000015,91552.07,wallet,1922.59,346.07,915.52,2025-11-12,train,0
pay_00000000000667,setl_merchant_2_0013,bnk_000000000015,12199.05,upi,0.00,0.00,121.99,2025-11-12,train,0
pay_00000000000674,setl_merchant_2_0013,bnk_000000000015,21623.00,upi,0.00,0.00,216.23,2025-11-12,train,0
pay_00000000000715,setl_merchant_2_0013,bnk_000000000015,3820.07,wallet,80.22,14.44,38.20,2025-11-12,train,0
pay_00000000000720,setl_merchant_2_0013,bnk_000000000015,39121.28,netbanking,12.00,2.16,391.21,2025-11-12,train,0
pay_00000000000722,setl_merchant_2_0013,bnk_000000000015,11894.00,card,208.15,37.47,0.00,2025-11-12,train,0
pay_00000000000731,setl_merchant_2_0013,bnk_000000000015,15667.09,netbanking,12.00,2.16,156.67,2025-11-12,train,0
pay_00000000000735,setl_merchant_2_0013,bnk_000000000015,41193.99,upi,0.00,0.00,411.94,2025-11-12,train,0
pay_00000000000748,setl_merchant_2_0013,bnk_000000000015,14233.92,card,249.09,44.84,142.34,2025-11-12,train,0
pay_00000000000749,setl_merchant_2_0013,bnk_000000000015,42084.51,wallet,883.77,159.08,420.85,2025-11-12,train,0
pay_00000000000769,setl_merchant_2_0013,bnk_000000000015,26161.42,netbanking,12.00,2.16,261.61,2025-11-12,train,0
pay_00000000000779,setl_merchant_2_0013,bnk_000000000015,6108.99,netbanking,12.00,2.16,61.09,2025-11-12,train,0
pay_00000000000782,setl_merchant_2_0013,bnk_000000000015,31921.00,netbanking,12.00,2.16,0.00,2025-11-12,train,0
pay_00000000000816,setl_merchant_2_0013,bnk_000000000015,6926.00,netbanking,12.00,2.16,69.26,2025-11-12,train,0
pay_00000000000823,setl_merchant_2_0013,bnk_000000000015,42212.81,wallet,886.47,159.56,422.13,2025-11-12,train,0
pay_00000000000833,setl_merchant_2_0013,bnk_000000000015,135429.49,wallet,2844.02,511.92,1354.29,2025-11-12,train,0
pay_00000000000842,setl_merchant_2_0013,bnk_000000000015,20172.00,netbanking,12.00,2.16,201.72,2025-11-12,train,0
pay_00000000000847,setl_merchant_2_0013,bnk_000000000015,6001.00,netbanking,12.00,2.16,0.00,2025-11-12,train,0
pay_00000000000876,setl_merchant_2_0013,bnk_000000000015,136971.00,upi,0.00,0.00,1369.71,2025-11-12,train,0
pay_00000000000886,setl_merchant_2_0013,bnk_000000000015,8082.13,card,141.44,25.46,80.82,2025-11-12,train,0
pay_00000000000897,setl_merchant_2_0013,bnk_000000000015,8631.50,netbanking,12.00,2.16,86.32,2025-11-12,train,0
pay_00000000000918,setl_merchant_2_0013,bnk_000000000015,120867.80,wallet,2538.22,456.88,1208.68,2025-11-12,train,0
pay_00000000000923,setl_merchant_2_0013,bnk_000000000015,226573.35,card,3965.03,713.71,2265.73,2025-11-12,train,0
pay_00000000000937,setl_merchant_2_0013,bnk_000000000015,214247.22,netbanking,12.00,2.16,2142.47,2025-11-12,train,0
pay_00000000000974,setl_merchant_2_0013,bnk_000000000015,8824.27,netbanking,12.00,2.16,88.24,2025-11-12,train,0
pay_00000000000986,setl_merchant_2_0013,bnk_000000000015,2827.75,netbanking,12.00,2.16,28.28,2025-11-12,train,0
pay_00000000000990,setl_merchant_2_0013,bnk_000000000015,6069.99,netbanking,12.00,2.16,60.70,2025-11-12,train,0
pay_00000000001013,setl_merchant_2_0013,bnk_000000000015,36502.89,card,638.80,114.98,365.03,2025-11-12,train,0
pay_00000000001029,setl_merchant_2_0013,bnk_000000000015,23290.10,card,407.58,73.36,232.90,2025-11-12,train,0
pay_00000000001038,setl_merchant_2_0013,bnk_000000000015,131640.99,wallet,2764.46,497.60,0.00,2025-11-12,train,0
pay_00000000001075,setl_merchant_2_0013,bnk_000000000015,5649.11,netbanking,12.00,2.16,0.00,2025-11-12,train,0
pay_00000000001077,setl_merchant_2_0013,bnk_000000000015,170786.73,netbanking,12.00,2.16,1707.87,2025-11-12,train,0
pay_00000000001096,setl_merchant_2_0013,bnk_000000000015,3525.00,upi,0.00,0.00,35.25,2025-11-12,train,0
pay_00000000001117,setl_merchant_2_0013,bnk_000000000015,4804.99,netbanking,12.00,2.16,48.05,2025-11-12,train,0
pay_00000000001118,setl_merchant_2_0013,bnk_000000000015,21627.99,upi,0.00,0.00,216.28,2025-11-12,train,0
pay_00000000001179,setl_merchant_2_0013,bnk_000000000015,213007.99,netbanking,12.00,2.16,2130.08,2025-11-12,train,0
pay_00000000001231,setl_merchant_2_0013,bnk_000000000015,27670.99,card,484.24,87.16,276.71,2025-11-12,train,0
pay_00000000001259,setl_merchant_2_0013,bnk_000000000015,22397.38,netbanking,12.00,2.16,223.97,2025-11-12,train,0
pay_00000000001357,setl_merchant_2_0013,bnk_000000000015,2680.03,card,46.90,8.44,26.80,2025-11-12,train,0
pay_00000000001368,setl_merchant_2_0013,bnk_000000000015,28730.00,wallet,603.33,108.60,287.30,2025-11-12,train,0
pay_00000000001407,setl_merchant_2_0013,bnk_000000000015,14033.00,netbanking,12.00,2.16,140.33,2025-11-12,train,0
pay_00000000001419,setl_merchant_2_0013,bnk_000000000015,13377.68,netbanking,12.00,2.16,133.78,2025-11-12,train,0
pay_00000000001428,setl_merchant_2_0013,bnk_000000000015,23286.99,netbanking,12.00,2.16,232.87,2025-11-12,train,0
pay_00000000001432,setl_merchant_2_0013,bnk_000000000015,7047.40,netbanking,12.00,2.16,70.47,2025-11-12,train,0
pay_00000000001452,setl_merchant_2_0013,bnk_000000000015,8494.42,upi,0.00,0.00,84.94,2025-11-12,train,0
pay_00000000001485,setl_merchant_2_0013,bnk_000000000015,4519.00,upi,0.00,0.00,45.19,2025-11-12,train,0
pay_00000000001494,setl_merchant_2_0013,bnk_000000000015,6427.00,card,112.47,20.24,64.27,2025-11-12,train,0
pay_00000000001499,setl_merchant_2_0013,bnk_000000000015,25371.06,netbanking,12.00,2.16,253.71,2025-11-12,train,0
pay_00000000001500,setl_merchant_2_0013,bnk_000000000015,36555.99,netbanking,12.00,2.16,365.56,2025-11-12,train,0
pay_00000000001533,setl_merchant_2_0013,bnk_000000000015,41948.99,netbanking,12.00,2.16,419.49,2025-11-12,train,0
pay_00000000001549,setl_merchant_2_0013,bnk_000000000015,7023.00,netbanking,12.00,2.16,70.23,2025-11-12,train,0
pay_00000000001556,setl_merchant_2_0013,bnk_000000000015,36750.10,netbanking,12.00,2.16,367.50,2025-11-12,train,0
pay_00000000001560,setl_merchant_2_0013,bnk_000000000015,2620.00,wallet,55.02,9.90,0.00,2025-11-12,train,0
pay_00000000001572,setl_merchant_2_0013,bnk_000000000015,6844.48,netbanking,12.00,2.16,68.44,2025-11-12,train,0
pay_00000000001581,setl_merchant_2_0013,bnk_000000000015,99200.26,netbanking,12.00,2.16,992.00,2025-11-12,train,0
pay_00000000001593,setl_merchant_2_0013,bnk_000000000015,41765.00,netbanking,12.00,2.16,417.65,2025-11-12,train,0
pay_00000000001605,setl_merchant_2_0013,bnk_000000000015,17752.14,card,310.66,55.92,0.00,2025-11-12,train,0
pay_00000000001638,setl_merchant_2_0013,bnk_000000000015,234160.29,wallet,4917.37,885.13,2341.60,2025-11-12,train,0
pay_00000000001648,setl_merchant_2_0013,bnk_000000000015,40557.00,netbanking,12.00,2.16,405.57,2025-11-12,train,0
pay_00000000001656,setl_merchant_2_0013,bnk_000000000015,17204.11,wallet,361.29,65.03,172.04,2025-11-12,train,0
pay_00000000001660,setl_merchant_2_0013,bnk_000000000015,5905.81,netbanking,12.00,2.16,59.06,2025-11-12,train,0
pay_00000000001665,setl_merchant_2_0013,bnk_000000000015,192403.00,card,3367.05,606.07,1924.03,2025-11-12,train,0
pay_00000000001673,setl_merchant_2_0013,bnk_000000000015,6133.52,wallet,128.80,23.18,61.34,2025-11-12,train,0
pay_00000000001680,setl_merchant_2_0013,bnk_000000000015,5664.99,wallet,118.96,21.41,0.00,2025-11-12,train,0
pay_00000000001706,setl_merchant_2_0013,bnk_000000000015,4319.70,upi,0.00,0.00,43.20,2025-11-12,train,0
pay_00000000001708,setl_merchant_2_0013,bnk_000000000015,28993.70,netbanking,12.00,2.16,289.94,2025-11-12,train,0
pay_00000000001712,setl_merchant_2_0013,bnk_000000000015,18356.00,wallet,385.48,69.39,183.56,2025-11-12,train,0
pay_00000000001723,setl_merchant_2_0013,bnk_000000000015,41209.20,card,721.16,129.81,412.09,2025-11-12,train,0
pay_00000000001737,setl_merchant_2_0013,bnk_000000000015,192895.72,card,3375.68,607.62,1928.96,2025-11-12,train,0
pay_00000000001739,setl_merchant_2_0013,bnk_000000000015,26789.00,netbanking,12.00,2.16,267.89,2025-11-12,train,0
pay_00000000001753,setl_merchant_2_0013,bnk_000000000015,5692.00,upi,0.00,0.00,56.92,2025-11-12,train,0
pay_00000000001778,setl_merchant_2_0013,bnk_000000000015,5815.28,netbanking,12.00,2.16,58.15,2025-11-12,train,0
pay_00000000001804,setl_merchant_2_0013,bnk_000000000015,2642.51,card,46.24,8.32,26.43,2025-11-12,train,1
pay_00000000000025,setl_merchant_2_0014,bnk_000000000016,6471.21,netbanking,12.00,2.16,64.71,2025-11-13,train,0
pay_00000000000737,setl_merchant_2_0014,bnk_000000000016,7981.99,card,139.68,25.14,79.82,2025-11-13,train,0
pay_00000000000745,setl_merchant_2_0014,bnk_000000000016,4333.95,wallet,91.01,16.38,43.34,2025-11-13,train,0
pay_00000000001002,setl_merchant_2_0014,bnk_000000000016,2170.62,netbanking,12.00,2.16,21.71,2025-11-13,train,0
pay_00000000001102,setl_merchant_2_0014,bnk_000000000016,21624.95,upi,0.00,0.00,0.00,2025-11-13,train,0
pay_00000000001234,setl_merchant_2_0014,bnk_000000000016,16176.84,card,283.09,50.96,161.77,2025-11-13,train,0
pay_00000000001771,setl_merchant_2_0014,bnk_000000000016,5275.00,netbanking,12.00,2.16,52.75,2025-11-13,train,0
pay_00000000000011,setl_merchant_2_0015,bnk_000000000017,74273.12,netbanking,12.00,2.16,742.73,2025-11-13,train,0
pay_00000000000024,setl_merchant_2_0015,bnk_000000000017,25994.44,wallet,545.88,98.26,0.00,2025-11-13,train,0
pay_00000000000068,setl_merchant_2_0015,bnk_000000000017,41399.99,wallet,869.40,156.49,0.00,2025-11-13,train,0
pay_00000000000145,setl_merchant_2_0015,bnk_000000000017,25011.00,netbanking,12.00,2.16,250.11,2025-11-13,train,0
pay_00000000000176,setl_merchant_2_0015,bnk_000000000017,32390.00,upi,0.00,0.00,323.90,2025-11-13,train,0
pay_00000000000201,setl_merchant_2_0015,bnk_000000000017,3008.99,upi,0.00,0.00,30.09,2025-11-13,train,0
pay_00000000000215,setl_merchant_2_0015,bnk_000000000017,3419.35,card,59.84,10.77,34.19,2025-11-13,train,0
pay_00000000000246,setl_merchant_2_0015,bnk_000000000017,30434.00,netbanking,12.00,2.16,304.34,2025-11-13,train,0
pay_00000000000286,setl_merchant_2_0015,bnk_000000000017,30243.00,netbanking,12.00,2.16,302.43,2025-11-13,train,0
pay_00000000000301,setl_merchant_2_0015,bnk_000000000017,38522.00,upi,0.00,0.00,385.22,2025-11-13,train,0
pay_00000000000302,setl_merchant_2_0015,bnk_000000000017,6943.00,wallet,145.80,26.24,0.00,2025-11-13,train,0
pay_00000000000320,setl_merchant_2_0015,bnk_000000000017,131685.00,upi,0.00,0.00,1316.85,2025-11-13,train,0
pay_00000000000393,setl_merchant_2_0015,bnk_000000000017,198392.46,netbanking,12.00,2.16,1983.92,2025-11-13,train,0
pay_00000000000394,setl_merchant_2_0015,bnk_000000000017,36539.47,card,639.44,115.10,365.39,2025-11-13,train,0
pay_00000000000395,setl_merchant_2_0015,bnk_000000000017,25809.55,wallet,542.00,97.56,258.10,2025-11-13,train,0
pay_00000000000458,setl_merchant_2_0015,bnk_000000000017,8121.00,upi,0.00,0.00,0.00,2025-11-13,train,0
pay_00000000000570,setl_merchant_2_0015,bnk_000000000017,6452.63,netbanking,12.00,2.16,64.53,2025-11-13,train,0
pay_00000000000600,setl_merchant_2_0015,bnk_000000000017,36655.85,upi,0.00,0.00,366.56,2025-11-13,train,0
pay_00000000000611,setl_merchant_2_0015,bnk_000000000017,4934.36,wallet,103.62,18.65,49.34,2025-11-13,train,0
pay_00000000000636,setl_merchant_2_0015,bnk_000000000017,41228.99,netbanking,12.00,2.16,412.29,2025-11-13,train,0
pay_00000000000760,setl_merchant_2_0015,bnk_000000000017,7020.58,netbanking,12.00,2.16,0.00,2025-11-13,train,0
pay_00000000000862,setl_merchant_2_0015,bnk_000000000017,199698.00,card,3494.72,629.05,1996.98,2025-11-13,train,0
pay_00000000000868,setl_merchant_2_0015,bnk_000000000017,29349.00,netbanking,12.00,2.16,293.49,2025-11-13,train,0
pay_00000000000899,setl_merchant_2_0015,bnk_000000000017,213902.59,netbanking,12.00,2.16,2139.03,2025-11-13,train,0
pay_00000000000908,setl_merchant_2_0015,bnk_000000000017,2293.07,upi,0.00,0.00,22.93,2025-11-13,train,0
pay_00000000000916,setl_merchant_2_0015,bnk_000000000017,17945.92,upi,0.00,0.00,179.46,2025-11-13,train,0
pay_00000000000926,setl_merchant_2_0015,bnk_000000000017,20301.85,netbanking,12.00,2.16,203.02,2025-11-13,train,0
pay_00000000000970,setl_merchant_2_0015,bnk_000000000017,26327.74,card,460.74,82.93,263.28,2025-11-13,train,0
pay_00000000001006,setl_merchant_2_0015,bnk_000000000017,19165.64,card,335.40,60.37,191.66,2025-11-13,train,0
pay_00000000001044,setl_merchant_2_0015,bnk_000000000017,6518.97,netbanking,12.00,2.16,65.19,2025-11-13,train,0
pay_00000000001138,setl_merchant_2_0015,bnk_000000000017,13497.28,card,236.20,42.52,134.97,2025-11-13,train,0
pay_00000000001140,setl_merchant_2_0015,bnk_000000000017,2528.94,netbanking,12.00,2.16,25.29,2025-11-13,train,0
pay_00000000001251,setl_merchant_2_0015,bnk_000000000017,7235.00,netbanking,12.00,2.16,72.35,2025-11-13,train,0
pay_00000000001304,setl_merchant_2_0015,bnk_000000000017,20172.73,netbanking,12.00,2.16,201.73,2025-11-13,train,0
pay_00000000001337,setl_merchant_2_0015,bnk_000000000017,152267.73,wallet,3197.62,575.57,1522.68,2025-11-13,train,0
pay_00000000001353,setl_merchant_2_0015,bnk_000000000017,26818.22,netbanking,12.00,2.16,268.18,2025-11-13,train,0
pay_00000000001405,setl_merchant_2_0015,bnk_000000000017,7322.99,upi,0.00,0.00,73.23,2025-11-13,train,0
pay_00000000001454,setl_merchant_2_0015,bnk_000000000017,2606.72,netbanking,12.00,2.16,0.00,2025-11-13,train,0
pay_00000000001476,setl_merchant_2_0015,bnk_000000000017,180427.07,netbanking,12.00,2.16,1804.27,2025-11-13,train,0
pay_00000000001551,setl_merchant_2_0015,bnk_000000000017,3695.57,upi,0.00,0.00,36.96,2025-11-13,train,0
pay_00000000001598,setl_merchant_2_0015,bnk_000000000017,5077.15,netbanking,12.00,2.16,50.77,2025-11-13,train,0
pay_00000000001616,setl_merchant_2_0015,bnk_000000000017,175415.40,wallet,3683.72,663.07,1754.15,2025-11-13,train,0
pay_00000000001645,setl_merchant_2_0015,bnk_000000000017,74535.00,netbanking,12.00,2.16,745.35,2025-11-13,train,0
pay_00000000001664,setl_merchant_2_0015,bnk_000000000017,9830.00,netbanking,12.00,2.16,98.30,2025-11-13,train,0
pay_00000000001697,setl_merchant_2_0015,bnk_000000000017,2962.79,card,51.85,9.33,29.63,2025-11-13,train,0
pay_00000000001743,setl_merchant_2_0015,bnk_000000000017,5548.99,wallet,116.53,20.98,0.00,2025-11-13,train,0
pay_00000000001746,setl_merchant_2_0015,bnk_000000000017,8751.99,card,153.16,27.57,0.00,2025-11-13,train,0
pay_00000000001751,setl_merchant_2_0015,bnk_000000000017,35689.88,card,624.57,112.42,356.90,2025-11-13,train,0
pay_00000000000003,setl_merchant_2_0016,bnk_000000000018,8569.27,upi,0.00,0.00,85.69,2025-11-15,train,0
pay_00000000000064,setl_merchant_2_0016,bnk_000000000018,35470.51,netbanking,12.00,2.16,354.71,2025-11-15,train,0
pay_00000000000078,setl_merchant_2_0016,bnk_000000000018,30091.99,netbanking,12.00,2.16,300.92,2025-11-15,train,0
pay_00000000000293,setl_merchant_2_0016,bnk_000000000018,32912.00,wallet,691.15,124.41,329.12,2025-11-15,train,0
pay_00000000000346,setl_merchant_2_0016,bnk_000000000018,8136.52,wallet,170.87,30.76,81.37,2025-11-15,train,0
pay_00000000000413,setl_merchant_2_0016,bnk_000000000018,104823.60,upi,0.00,0.00,1048.24,2025-11-15,train,0
pay_00000000000470,setl_merchant_2_0016,bnk_000000000018,33695.00,upi,0.00,0.00,336.95,2025-11-15,train,0
pay_00000000000588,setl_merchant_2_0016,bnk_000000000018,113808.99,netbanking,12.00,2.16,1138.09,2025-11-15,train,0
pay_00000000000690,setl_merchant_2_0016,bnk_000000000018,16103.01,netbanking,12.00,2.16,161.03,2025-11-15,train,0
pay_00000000000698,setl_merchant_2_0016,bnk_000000000018,6361.18,netbanking,12.00,2.16,63.61,2025-11-15,train,0
pay_00000000000778,setl_merchant_2_0016,bnk_000000000018,207705.85,netbanking,12.00,2.16,2077.06,2025-11-15,train,0
pay_00000000000809,setl_merchant_2_0016,bnk_000000000018,5250.03,netbanking,12.00,2.16,0.00,2025-11-15,train,0
pay_00000000000945,setl_merchant_2_0016,bnk_000000000018,19885.00,upi,0.00,0.00,198.85,2025-11-15,train,0
pay_00000000001129,setl_merchant_2_0016,bnk_000000000018,44286.30,wallet,930.01,167.40,442.86,2025-11-15,train,0
pay_00000000001137,setl_merchant_2_0016,bnk_000000000018,15657.49,wallet,328.81,59.19,156.57,2025-11-15,train,0
pay_00000000001243,setl_merchant_2_0016,bnk_000000000018,238280.72,netbanking,12.00,2.16,2382.81,2025-11-15,train,0
pay_00000000001325,setl_merchant_2_0016,bnk_000000000018,10037.53,wallet,210.79,37.94,100.38,2025-11-15,train,0
pay_00000000001349,setl_merchant_2_0016,bnk_000000000018,40523.83,netbanking,12.00,2.16,405.24,2025-11-15,train,0
pay_00000000001424,setl_merchant_2_0016,bnk_000000000018,112538.32,netbanking,12.00,2.16,1125.38,2025-11-15,train,0
pay_00000000001530,setl_merchant_2_0016,bnk_000000000018,40865.99,card,715.15,128.73,408.66,2025-11-15,train,0
pay_00000000001745,setl_merchant_2_0016,bnk_000000000018,44654.00,wallet,937.73,168.79,0.00,2025-11-15,train,0
pay_00000000000045,setl_merchant_2_0017,bnk_000000000019,4732.39,wallet,99.38,17.89,47.32,2025-11-15,train,0
pay_00000000000066,setl_merchant_2_0017,bnk_000000000019,174904.87,wallet,3673.00,661.14,1749.05,2025-11-15,train,0
pay_00000000000076,setl_merchant_2_0017,bnk_000000000019,126065.00,wallet,2647.37,476.53,1260.65,2025-11-15,train,0
pay_00000000000167,setl_merchant_2_0017,bnk_000000000019,27455.00,card,480.46,86.48,274.55,2025-11-15,train,0
pay_00000000000186,setl_merchant_2_0017,bnk_000000000019,38035.00,netbanking,12.00,2.16,380.35,2025-11-15,train,0
pay_00000000000254,setl_merchant_2_0017,bnk_000000000019,26304.00,netbanking,12.00,2.16,263.04,2025-11-15,train,0
pay_00000000000272,setl_merchant_2_0017,bnk_000000000019,32456.00,netbanking,12.00,2.16,0.00,2025-11-15,train,0
pay_00000000000321,setl_merchant_2_0017,bnk_000000000019,5799.64,netbanking,12.00,2.16,58.00,2025-11-15,train,0
pay_00000000000324,setl_merchant_2_0017,bnk_000000000019,3661.99,wallet,76.90,13.84,0.00,2025-11-15,train,0
pay_00000000000341,setl_merchant_2_0017,bnk_000000000019,8209.68,card,143.67,25.86,82.10,2025-11-15,train,0
pay_00000000000354,setl_merchant_2_0017,bnk_000000000019,39623.00,netbanking,12.00,2.16,396.23,2025-11-15,train,0
pay_00000000000397,setl_merchant_2_0017,bnk_000000000019,32900.00,netbanking,12.00,2.16,329.00,2025-11-15,train,0
pay_00000000000437,setl_merchant_2_0017,bnk_000000000019,208168.99,netbanking,12.00,2.16,2081.69,2025-11-15,train,0
pay_00000000000450,setl_merchant_2_0017,bnk_000000000019,31210.00,upi,0.00,0.00,0.00,2025-11-15,train,0
pay_00000000000465,setl_merchant_2_0017,bnk_000000000019,138265.00,netbanking,12.00,2.16,0.00,2025-11-15,train,0
pay_00000000000525,setl_merchant_2_0017,bnk_000000000019,8874.00,netbanking,12.00,2.16,88.74,2025-11-15,train,0
pay_00000000000672,setl_merchant_2_0017,bnk_000000000019,9172.00,wallet,192.61,34.67,0.00,2025-11-15,train,0
pay_00000000000755,setl_merchant_2_0017,bnk_000000000019,6046.99,netbanking,12.00,2.16,60.47,2025-11-15,train,0
pay_00000000000784,setl_merchant_2_0017,bnk_000000000019,32939.00,netbanking,12.00,2.16,329.39,2025-11-15,train,0
pay_00000000000789,setl_merchant_2_0017,bnk_000000000019,12799.31,upi,0.00,0.00,127.99,2025-11-15,train,0
pay_00000000000841,setl_merchant_2_0017,bnk_000000000019,21307.69,card,372.88,67.12,213.08,2025-11-15,train,0
pay_00000000000870,setl_merchant_2_0017,bnk_000000000019,201169.00,wallet,4224.55,760.42,2011.69,2025-11-15,train,0
pay_00000000000934,setl_merchant_2_0017,bnk_000000000019,37999.99,wallet,798.00,143.64,380.00,2025-11-15,train,0
pay_00000000000944,setl_merchant_2_0017,bnk_000000000019,37468.08,upi,0.00,0.00,374.68,2025-11-15,train,0
pay_00000000001033,setl_merchant_2_0017,bnk_000000000019,17409.99,netbanking,12.00,2.16,174.10,2025-11-15,train,0
pay_00000000001058,setl_merchant_2_0017,bnk_000000000019,23561.12,card,412.32,74.22,0.00,2025-11-15,train,0
pay_00000000001066,setl_merchant_2_0017,bnk_000000000019,2451.00,card,42.89,7.72,24.51,2025-11-15,train,0
pay_00000000001074,setl_merchant_2_0017,bnk_000000000019,8448.99,netbanking,12.00,2.16,84.49,2025-11-15,train,0
pay_00000000001081,setl_merchant_2_0017,bnk_000000000019,25568.99,netbanking,12.00,2.16,255.69,2025-11-15,train,0
pay_00000000001146,setl_merchant_2_0017,bnk_000000000019,233680.99,netbanking,12.00,2.16,0.00,2025-11-15,train,0
pay_00000000001149,setl_merchant_2_0017,bnk_000000000019,25695.00,wallet,539.60,97.13,0.00,2025-11-15,train,0
pay_00000000001190,setl_merchant_2_0017,bnk_000000000019,162280.24,netbanking,12.00,2.16,1622.80,2025-11-15,train,0
pay_00000000001245,setl_merchant_2_0017,bnk_000000000019,3934.87,card,68.86,12.39,39.35,2025-11-15,train,0
pay_00000000001265,setl_merchant_2_0017,bnk_000000000019,26339.00,card,460.93,82.97,263.39,2025-11-15,train,0
pay_00000000001289,setl_merchant_2_0017,bnk_000000000019,241014.00,netbanking,12.00,2.16,2410.14,2025-11-15,train,0
pay_00000000001310,setl_merchant_2_0017,bnk_000000000019,4222.32,wallet,88.67,15.96,42.22,2025-11-15,train,0
pay_00000000001362,setl_merchant_2_0017,bnk_000000000019,130989.00,upi,0.00,0.00,1309.89,2025-11-15,train,0
pay_00000000001540,setl_merchant_2_0017,bnk_000000000019,9863.00,netbanking,12.00,2.16,98.63,2025-11-15,train,0
pay_00000000001628,setl_merchant_2_0017,bnk_000000000019,75036.42,netbanking,12.00,2.16,750.36,2025-11-15,train,0
pay_00000000001725,setl_merchant_2_0017,bnk_000000000019,40842.00,upi,0.00,0.00,408.42,2025-11-15,train,0
pay_00000000001763,setl_merchant_2_0017,bnk_000000000019,111923.99,netbanking,12.00,2.16,1119.24,2025-11-15,train,0
pay_00000000001800,setl_merchant_2_0017,bnk_000000000019,204824.00,card,3584.42,645.20,0.00,2025-11-15,train,0
pay_00000000000016,setl_merchant_2_0018,bnk_000000000020,14230.91,card,249.04,44.83,142.31,2025-11-17,train,0
pay_00000000000283,setl_merchant_2_0018,bnk_000000000020,43242.38,upi,0.00,0.00,432.42,2025-11-17,train,0
pay_00000000000319,setl_merchant_2_0018,bnk_000000000020,40934.99,upi,0.00,0.00,409.35,2025-11-17,train,0
pay_00000000000376,setl_merchant_2_0018,bnk_000000000020,2559.25,wallet,53.74,9.67,25.59,2025-11-17,train,0
pay_00000000000445,setl_merchant_2_0018,bnk_000000000020,36000.00,netbanking,12.00,2.16,360.00,2025-11-17,train,0
pay_00000000000514,setl_merchant_2_0018,bnk_000000000020,227008.72,wallet,4767.18,858.09,2270.09,2025-11-17,train,0
pay_00000000000552,setl_merchant_2_0018,bnk_000000000020,108758.00,upi,0.00,0.00,1087.58,2025-11-17,train,0
pay_00000000000583,setl_merchant_2_0018,bnk_000000000020,36553.00,card,639.68,115.14,365.53,2025-11-17,train,0
pay_00000000000751,setl_merchant_2_0018,bnk_000000000020,87337.55,card,1528.41,275.11,873.38,2025-11-17,train,0
pay_00000000000753,setl_merchant_2_0018,bnk_000000000020,114189.00,netbanking,12.00,2.16,1141.89,2025-11-17,train,0
pay_00000000001071,setl_merchant_2_0018,bnk_000000000020,31241.84,netbanking,12.00,2.16,312.42,2025-11-17,train,0
pay_00000000001093,setl_merchant_2_0018,bnk_000000000020,104606.00,card,1830.61,329.51,1046.06,2025-11-17,train,0
pay_00000000001097,setl_merchant_2_0018,bnk_000000000020,42606.00,card,745.61,134.21,426.06,2025-11-17,train,0
pay_00000000001311,setl_merchant_2_0018,bnk_000000000020,193084.19,wallet,4054.77,729.86,1930.84,2025-11-17,train,0
pay_00000000001330,setl_merchant_2_0018,bnk_000000000020,8290.00,upi,0.00,0.00,82.90,2025-11-17,train,0
pay_00000000001422,setl_merchant_2_0018,bnk_000000000020,112803.27,wallet,2368.87,426.40,1128.03,2025-11-17,train,0
pay_00000000001475,setl_merchant_2_0018,bnk_000000000020,101661.81,netbanking,12.00,2.16,0.00,2025-11-17,train,0
pay_00000000000006,setl_merchant_2_0019,bnk_000000000021,118315.00,netbanking,12.00,2.16,1183.15,2025-11-17,train,0
pay_00000000000165,setl_merchant_2_0019,bnk_000000000021,42480.00,netbanking,12.00,2.16,424.80,2025-11-17,train,0
pay_00000000000189,setl_merchant_2_0019,bnk_000000000021,6807.51,netbanking,12.00,2.16,68.08,2025-11-17,train,0
pay_00000000000264,setl_merchant_2_0019,bnk_000000000021,6353.99,netbanking,12.00,2.16,63.54,2025-11-17,train,0
pay_00000000000275,setl_merchant_2_0019,bnk_000000000021,34914.73,card,611.01,109.98,349.15,2025-11-17,train,0
pay_00000000000287,setl_merchant_2_0019,bnk_000000000021,7251.32,netbanking,12.00,2.16,0.00,2025-11-17,train,0
pay_00000000000344,setl_merchant_2_0019,bnk_000000000021,35787.99,netbanking,12.00,2.16,357.88,2025-11-17,train,0
pay_00000000000359,setl_merchant_2_0019,bnk_000000000021,12513.06,wallet,262.77,47.30,125.13,2025-11-17,train,0
pay_00000000000396,setl_merchant_2_0019,bnk_000000000021,8512.14,wallet,178.75,32.18,85.12,2025-11-17,train,0
pay_00000000000423,setl_merchant_2_0019,bnk_000000000021,19419.99,wallet,407.82,73.41,0.00,2025-11-17,train,0
pay_00000000000488,setl_merchant_2_0019,bnk_000000000021,5977.43,netbanking,12.00,2.16,59.77,2025-11-17,train,0
pay_00000000000504,setl_merchant_2_0019,bnk_000000000021,31810.76,wallet,668.03,120.25,318.11,2025-11-17,train,0
pay_00000000000508,setl_merchant_2_0019,bnk_000000000021,38262.00,upi,0.00,0.00,382.62,2025-11-17,train,0
pay_00000000000509,setl_merchant_2_0019,bnk_000000000021,31481.79,card,550.93,99.17,314.82,2025-11-17,train,0
pay_00000000000563,setl_merchant_2_0019,bnk_000000000021,35036.00,upi,0.00,0.00,350.36,2025-11-17,train,0
pay_00000000000593,setl_merchant_2_0019,bnk_000000000021,40383.00,netbanking,12.00,2.16,403.83,2025-11-17,train,0
pay_00000000000594,setl_merchant_2_0019,bnk_000000000021,32870.00,wallet,690.27,124.25,328.70,2025-11-17,train,0
pay_00000000000710,setl_merchant_2_0019,bnk_000000000021,7512.32,upi,0.00,0.00,75.12,2025-11-17,train,0
pay_00000000000711,setl_merchant_2_0019,bnk_000000000021,4417.35,wallet,92.76,16.70,44.17,2025-11-17,train,0
pay_00000000000743,setl_merchant_2_0019,bnk_000000000021,38490.00,card,673.58,121.24,384.90,2025-11-17,train,0
pay_00000000000770,setl_merchant_2_0019,bnk_000000000021,2442.87,upi,0.00,0.00,0.00,2025-11-17,train,0
pay_00000000000837,setl_merchant_2_0019,bnk_000000000021,33757.93,netbanking,12.00,2.16,337.58,2025-11-17,train,0
pay_00000000000973,setl_merchant_2_0019,bnk_000000000021,55264.00,wallet,1160.54,208.90,552.64,2025-11-17,train,0
pay_00000000000987,setl_merchant_2_0019,bnk_000000000021,38176.36,upi,0.00,0.00,381.76,2025-11-17,train,0
pay_00000000001272,setl_merchant_2_0019,bnk_000000000021,37230.67,netbanking,12.00,2.16,0.00,2025-11-17,train,0
pay_00000000001295,setl_merchant_2_0019,bnk_000000000021,2779.99,wallet,58.38,10.51,27.80,2025-11-17,train,0
pay_00000000001352,setl_merchant_2_0019,bnk_000000000021,2217.00,netbanking,12.00,2.16,22.17,2025-11-17,train,0
pay_00000000001355,setl_merchant_2_0019,bnk_000000000021,3931.46,netbanking,12.00,2.16,39.31,2025-11-17,train,0
pay_00000000001466,setl_merchant_2_0019,bnk_000000000021,5644.34,netbanking,12.00,2.16,56.44,2025-11-17,train,0
pay_00000000001543,setl_merchant_2_0019,bnk_000000000021,10677.00,netbanking,12.00,2.16,106.77,2025-11-17,train,0
pay_00000000001588,setl_merchant_2_0019,bnk_000000000021,3018.99,wallet,63.40,11.41,30.19,2025-11-17,train,0
pay_00000000001600,setl_merchant_2_0019,bnk_000000000021,17510.29,netbanking,12.00,2.16,175.10,2025-11-17,train,0
pay_00000000001621,setl_merchant_2_0019,bnk_000000000021,7298.30,card,127.72,22.99,72.98,2025-11-17,train,0
pay_00000000001662,setl_merchant_2_0019,bnk_000000000021,5976.99,upi,0.00,0.00,59.77,2025-11-17,train,0
pay_00000000001679,setl_merchant_2_0019,bnk_000000000021,3909.00,card,68.41,12.31,39.09,2025-11-17,train,0
pay_00000000000052,setl_merchant_2_0020,bnk_000000000022,8674.00,upi,0.00,0.00,86.74,2025-11-18,train,0
pay_00000000000075,setl_merchant_2_0020,bnk_000000000022,18591.00,netbanking,12.00,2.16,185.91,2025-11-18,train,0
pay_00000000000077,setl_merchant_2_0020,bnk_000000000022,23217.22,netbanking,12.00,2.16,232.17,2025-11-18,train,0
pay_00000000000091,setl_merchant_2_0020,bnk_000000000022,5181.98,netbanking,12.00,2.16,51.82,2025-11-18,train,0
pay_00000000000144,setl_merchant_2_0020,bnk_000000000022,164529.00,netbanking,12.00,2.16,1645.29,2025-11-18,train,0
pay_00000000000249,setl_merchant_2_0020,bnk_000000000022,23359.18,netbanking,12.00,2.16,233.59,2025-11-18,train,0
pay_00000000000382,setl_merchant_2_0020,bnk_000000000022,6430.40,wallet,135.04,24.31,64.30,2025-11-18,train,0
pay_00000000000405,setl_merchant_2_0020,bnk_000000000022,7314.44,wallet,153.60,27.65,73.14,2025-11-18,train,0
pay_00000000000418,setl_merchant_2_0020,bnk_000000000022,11844.44,netbanking,12.00,2.16,118.44,2025-11-18,train,0
pay_00000000000434,setl_merchant_2_0020,bnk_000000000022,7025.00,netbanking,12.00,2.16,0.00,2025-11-18,train,0
pay_00000000000506,setl_merchant_2_0020,bnk_000000000022,7041.57,netbanking,12.00,2.16,70.42,2025-11-18,train,0
pay_00000000000617,setl_merchant_2_0020,bnk_000000000022,3916.67,wallet,82.25,14.81,39.17,2025-11-18,train,0
pay_00000000000649,setl_merchant_2_0020,bnk_000000000022,30559.94,card,534.80,96.26,305.60,2025-11-18,train,0
pay_00000000000653,setl_merchant_2_0020,bnk_000000000022,4937.00,netbanking,12.00,2.16,49.37,2025-11-18,train,0
pay_00000000000655,setl_merchant_2_0020,bnk_000000000022,163736.25,netbanking,12.00,2.16,1637.36,2025-11-18,train,0
pay_00000000000673,setl_merchant_2_0020,bnk_000000000022,15678.92,upi,0.00,0.00,156.79,2025-11-18,train,0
pay_00000000000717,setl_merchant_2_0020,bnk_000000000022,136042.00,netbanking,12.00,2.16,1360.42,2025-11-18,train,0
pay_00000000000774,setl_merchant_2_0020,bnk_000000000022,26274.72,card,459.81,82.77,262.75,2025-11-18,train,0
pay_00000000000827,setl_merchant_2_0020,bnk_000000000022,242703.99,netbanking,12.00,2.16,2427.04,2025-11-18,train,0
pay_00000000000835,setl_merchant_2_0020,bnk_000000000022,171251.58,card,2996.90,539.44,1712.52,2025-11-18,train,0
pay_00000000000838,setl_merchant_2_0020,bnk_000000000022,10713.57,upi,0.00,0.00,107.14,2025-11-18,train,0
pay_00000000000863,setl_merchant_2_0020,bnk_000000000022,20084.33,upi,0.00,0.00,0.00,2025-11-18,train,0
pay_00000000000883,setl_merchant_2_0020,bnk_000000000022,17089.99,netbanking,12.00,2.16,170.90,2025-11-18,train,0
pay_00000000000939,setl_merchant_2_0020,bnk_000000000022,17236.03,netbanking,12.00,2.16,172.36,2025-11-18,train,0
pay_00000000001016,setl_merchant_2_0020,bnk_000000000022,228475.95,netbanking,12.00,2.16,0.00,2025-11-18,train,0
pay_00000000001057,setl_merchant_2_0020,bnk_000000000022,8621.00,card,150.87,27.16,0.00,2025-11-18,train,0
pay_00000000001064,setl_merchant_2_0020,bnk_000000000022,37092.14,netbanking,12.00,2.16,0.00,2025-11-18,train,0
pay_00000000001100,setl_merchant_2_0020,bnk_000000000022,21833.99,netbanking,12.00,2.16,218.34,2025-11-18,train,0
pay_00000000001162,setl_merchant_2_0020,bnk_000000000022,4295.30,netbanking,12.00,2.16,42.95,2025-11-18,train,0
pay_00000000001253,setl_merchant_2_0020,bnk_000000000022,14132.32,card,247.32,44.52,141.32,2025-11-18,train,0
pay_00000000001261,setl_merchant_2_0020,bnk_000000000022,7984.99,upi,0.00,0.00,79.85,2025-11-18,train,0
pay_00000000001283,setl_merchant_2_0020,bnk_000000000022,247648.99,card,4333.86,780.09,2476.49,2025-11-18,train,0
pay_00000000001291,setl_merchant_2_0020,bnk_000000000022,56832.91,card,994.58,179.02,0.00,2025-11-18,train,0
pay_00000000001358,setl_merchant_2_0020,bnk_000000000022,14377.00,upi,0.00,0.00,143.77,2025-11-18,train,0
pay_00000000001515,setl_merchant_2_0020,bnk_000000000022,28667.00,upi,0.00,0.00,286.67,2025-11-18,train,0
pay_00000000001554,setl_merchant_2_0020,bnk_000000000022,44193.84,netbanking,12.00,2.16,441.94,2025-11-18,train,0
pay_00000000001733,setl_merchant_2_0020,bnk_000000000022,7878.58,card,137.88,24.82,78.79,2025-11-18,train,0
pay_00000000001750,setl_merchant_2_0020,bnk_000000000022,61209.89,netbanking,12.00,2.16,612.10,2025-11-18,train,0
pay_00000000001764,setl_merchant_2_0020,bnk_000000000022,7930.00,card,138.78,24.98,79.30,2025-11-18,train,0
pay_00000000001784,setl_merchant_2_0020,bnk_000000000022,2237.20,upi,0.00,0.00,22.37,2025-11-18,train,0
pay_00000000001785,setl_merchant_2_0020,bnk_000000000022,42598.51,upi,0.00,0.00,0.00,2025-11-18,train,0
pay_00000000001805,setl_merchant_2_0020,bnk_000000000022,171251.58,card,2996.90,539.44,1712.52,2025-11-18,train,1
pay_00000000000002,setl_merchant_2_0021,bnk_000000000023,31056.00,netbanking,12.00,2.16,310.56,2025-11-18,train,0
pay_00000000000012,setl_merchant_2_0021,bnk_000000000023,34080.99,netbanking,12.00,2.16,340.81,2025-11-18,train,0
pay_00000000000015,setl_merchant_2_0021,bnk_000000000023,4909.40,netbanking,12.00,2.16,0.00,2025-11-18,train,0
pay_00000000000057,setl_merchant_2_0021,bnk_000000000023,159642.72,netbanking,12.00,2.16,1596.43,2025-11-18,train,0
pay_00000000000094,setl_merchant_2_0021,bnk_000000000023,24139.00,netbanking,12.00,2.16,241.39,2025-11-18,train,0
pay_00000000000097,setl_merchant_2_0021,bnk_000000000023,134938.60,card,2361.43,425.06,1349.39,2025-11-18,train,0
pay_00000000000120,setl_merchant_2_0021,bnk_000000000023,28348.99,netbanking,12.00,2.16,283.49,2025-11-18,train,0
pay_00000000000225,setl_merchant_2_0021,bnk_000000000023,3090.90,netbanking,12.00,2.16,30.91,2025-11-18,train,0
pay_00000000000234,setl_merchant_2_0021,bnk_000000000023,30975.52,upi,0.00,0.00,0.00,2025-11-18,train,0
pay_00000000000242,setl_merchant_2_0021,bnk_000000000023,7061.99,wallet,148.30,26.69,70.62,2025-11-18,train,0
pay_00000000000243,setl_merchant_2_0021,bnk_000000000023,132160.00,netbanking,12.00,2.16,1321.60,2025-11-18,train,0
pay_00000000000281,setl_merchant_2_0021,bnk_000000000023,4715.00,upi,0.00,0.00,47.15,2025-11-18,train,0
pay_00000000000355,setl_merchant_2_0021,bnk_000000000023,27637.00,netbanking,12.00,2.16,0.00,2025-11-18,train,0
pay_00000000000365,setl_merchant_2_0021,bnk_000000000023,6985.00,netbanking,12.00,2.16,69.85,2025-11-18,train,0
pay_00000000000377,setl_merchant_2_0021,bnk_000000000023,32165.00,card,562.89,101.32,321.65,2025-11-18,train,0
pay_00000000000379,setl_merchant_2_0021,bnk_000000000023,6436.99,upi,0.00,0.00,64.37,2025-11-18,train,0
pay_00000000000408,setl_merchant_2_0021,bnk_000000000023,18440.75,netbanking,12.00,2.16,184.41,2025-11-18,train,0
pay_00000000000428,setl_merchant_2_0021,bnk_000000000023,43534.68,card,761.86,137.13,435.35,2025-11-18,train,0
pay_00000000000469,setl_merchant_2_0021,bnk_000000000023,15138.65,netbanking,12.00,2.16,151.39,2025-11-18,train,0
pay_00000000000472,setl_merchant_2_0021,bnk_000000000023,224343.64,netbanking,12.00,2.16,2243.44,2025-11-18,train,0
pay_00000000000478,setl_merchant_2_0021,bnk_000000000023,4828.30,netbanking,12.00,2.16,48.28,2025-11-18,train,0
pay_00000000000548,setl_merchant_2_0021,bnk_000000000023,13625.23,card,238.44,42.92,0.00,2025-11-18,train,0
pay_00000000000579,setl_merchant_2_0021,bnk_000000000023,238769.92,wallet,5014.17,902.55,2387.70,2025-11-18,train,0
pay_00000000000592,setl_merchant_2_0021,bnk_000000000023,7946.00,upi,0.00,0.00,79.46,2025-11-18,train,0
pay_00000000000598,setl_merchant_2_0021,bnk_000000000023,124449.00,netbanking,12.00,2.16,1244.49,2025-11-18,train,0
pay_00000000000629,setl_merchant_2_0021,bnk_000000000023,31049.79,card,543.37,97.81,310.50,2025-11-18,train,0
pay_00000000000633,setl_merchant_2_0021,bnk_000000000023,52397.10,netbanking,12.00,2.16,0.00,2025-11-18,train,0
pay_00000000000656,setl_merchant_2_0021,bnk_000000000023,8195.99,card,143.43,25.82,81.96,2025-11-18,train,0
pay_00000000000695,setl_merchant_2_0021,bnk_000000000023,40230.46,netbanking,12.00,2.16,402.30,2025-11-18,train,0
pay_00000000000700,setl_merchant_2_0021,bnk_000000000023,43633.88,netbanking,12.00,2.16,436.34,2025-11-18,train,0
pay_00000000000716,setl_merchant_2_0021,bnk_000000000023,44509.95,netbanking,12.00,2.16,445.10,2025-11-18,train,0
pay_00000000000739,setl_merchant_2_0021,bnk_000000000023,39672.01,netbanking,12.00,2.16,0.00,2025-11-18,train,0
pay_00000000000740,setl_merchant_2_0021,bnk_000000000023,13003.00,wallet,273.06,49.15,130.03,2025-11-18,train,0
pay_00000000000813,setl_merchant_2_0021,bnk_000000000023,116699.00,card,2042.23,367.60,0.00,2025-11-18,train,0
pay_00000000000888,setl_merchant_2_0021,bnk_000000000023,2115.99,netbanking,12.00,2.16,21.16,2025-11-18,train,0
pay_00000000000905,setl_merchant_2_0021,bnk_000000000023,8763.52,wallet,184.03,33.13,87.64,2025-11-18,train,0
pay_00000000000921,setl_merchant_2_0021,bnk_000000000023,6651.18,upi,0.00,0.00,66.51,2025-11-18,train,0
pay_00000000000929,setl_merchant_2_0021,bnk_000000000023,39942.41,netbanking,12.00,2.16,399.42,2025-11-18,train,0
pay_00000000000958,setl_merchant_2_0021,bnk_000000000023,41253.99,netbanking,12.00,2.16,412.54,2025-11-18,train,0
pay_00000000000968,setl_merchant_2_0021,bnk_000000000023,18201.00,card,318.52,57.33,182.01,2025-11-18,train,0
pay_00000000000977,setl_merchant_2_0021,bnk_000000000023,87238.37,netbanking,12.00,2.16,872.38,2025-11-18,train,0
pay_00000000001012,setl_merchant_2_0021,bnk_000000000023,12855.25,netbanking,12.00,2.16,128.55,2025-11-18,train,0
pay_00000000001023,setl_merchant_2_0021,bnk_000000000023,19581.00,wallet,411.20,74.02,195.81,2025-11-18,train,0
pay_00000000001053,setl_merchant_2_0021,bnk_000000000023,3346.50,wallet,70.28,12.65,33.47,2025-11-18,train,0
pay_00000000001054,setl_merchant_2_0021,bnk_000000000023,134163.90,netbanking,12.00,2.16,1341.64,2025-11-18,train,0
pay_00000000001104,setl_merchant_2_0021,bnk_000000000023,39095.99,wallet,821.02,147.78,390.96,2025-11-18,train,0
pay_00000000001192,setl_merchant_2_0021,bnk_000000000023,2473.30,upi,0.00,0.00,24.73,2025-11-18,train,0
pay_00000000001203,setl_merchant_2_0021,bnk_000000000023,16468.92,netbanking,12.00,2.16,0.00,2025-11-18,train,0
pay_00000000001255,setl_merchant_2_0021,bnk_000000000023,38715.70,card,677.52,121.95,387.16,2025-11-18,train,0
pay_00000000001258,setl_merchant_2_0021,bnk_000000000023,16412.85,upi,0.00,0.00,164.13,2025-11-18,train,0
pay_00000000001270,setl_merchant_2_0021,bnk_000000000023,9172.51,card,160.52,28.89,91.73,2025-11-18,train,0
pay_00000000001273,setl_merchant_2_0021,bnk_000000000023,70556.99,netbanking,12.00,2.16,0.00,2025-11-18,train,0
pay_00000000001276,setl_merchant_2_0021,bnk_000000000023,11056.00,netbanking,12.00,2.16,110.56,2025-11-18,train,0
pay_00000000001303,setl_merchant_2_0021,bnk_000000000023,79981.63,netbanking,12.00,2.16,799.82,2025-11-18,train,0
pay_00000000001339,setl_merchant_2_0021,bnk_000000000023,26016.00,card,455.28,81.95,260.16,2025-11-18,train,0
pay_00000000001398,setl_merchant_2_0021,bnk_000000000023,35776.00,netbanking,12.00,2.16,357.76,2025-11-18,train,0
pay_00000000001411,setl_merchant_2_0021,bnk_000000000023,28406.26,card,497.11,89.48,284.06,2025-11-18,train,0
pay_00000000001425,setl_merchant_2_0021,bnk_000000000023,28773.41,wallet,604.24,108.76,287.73,2025-11-18,train,0
pay_00000000001426,setl_merchant_2_0021,bnk_000000000023,196608.07,card,3440.64,619.32,1966.08,2025-11-18,train,0
pay_00000000001430,setl_merchant_2_0021,bnk_000000000023,2661.99,wallet,55.90,10.06,26.62,2025-11-18,train,0
pay_00000000001457,setl_merchant_2_0021,bnk_000000000023,9873.15,card,172.78,31.10,98.73,2025-11-18,train,0
pay_00000000001465,setl_merchant_2_0021,bnk_000000000023,114841.12,netbanking,12.00,2.16,0.00,2025-11-18,train,0
pay_00000000001481,setl_merchant_2_0021,bnk_000000000023,25431.99,upi,0.00,0.00,254.32,2025-11-18,train,0
pay_00000000001492,setl_merchant_2_0021,bnk_000000000023,78467.72,netbanking,12.00,2.16,0.00,2025-11-18,train,0
pay_00000000001505,setl_merchant_2_0021,bnk_000000000023,39823.00,upi,0.00,0.00,398.23,2025-11-18,train,0
pay_00000000001516,setl_merchant_2_0021,bnk_000000000023,41745.99,card,730.55,131.50,417.46,2025-11-18,train,0
pay_00000000001562,setl_merchant_2_0021,bnk_000000000023,28943.83,netbanking,12.00,2.16,0.00,2025-11-18,train,0
pay_00000000001585,setl_merchant_2_0021,bnk_000000000023,49928.99,netbanking,12.00,2.16,499.29,2025-11-18,train,0
pay_00000000001637,setl_merchant_2_0021,bnk_000000000023,55046.99,netbanking,12.00,2.16,550.47,2025-11-18,train,0
pay_00000000001642,setl_merchant_2_0021,bnk_000000000023,28833.43,netbanking,12.00,2.16,288.33,2025-11-18,train,0
pay_00000000001659,setl_merchant_2_0021,bnk_000000000023,6570.20,netbanking,12.00,2.16,65.70,2025-11-18,train,0
pay_00000000001674,setl_merchant_2_0021,bnk_000000000023,2794.99,netbanking,12.00,2.16,27.95,2025-11-18,train,0
pay_00000000001707,setl_merchant_2_0021,bnk_000000000023,6191.64,card,108.35,19.50,61.92,2025-11-18,train,0
pay_00000000001732,setl_merchant_2_0021,bnk_000000000023,37446.50,netbanking,12.00,2.16,374.47,2025-11-18,train,0
pay_00000000001738,setl_merchant_2_0021,bnk_000000000023,26988.02,upi,0.00,0.00,269.88,2025-11-18,train,0
pay_00000000001787,setl_merchant_2_0021,bnk_000000000023,30622.07,netbanking,12.00,2.16,306.22,2025-11-18,train,0
pay_00000000001806,setl_merchant_2_0021,bnk_000000000023,171251.58,card,2996.90,539.44,1712.52,2025-11-18,train,1
pay_00000000000040,setl_merchant_2_0022,bnk_000000000024,8873.06,card,155.28,27.95,0.00,2025-11-19,dev,0
pay_00000000000164,setl_merchant_2_0022,bnk_000000000024,6628.58,netbanking,12.00,2.16,66.29,2025-11-19,dev,0
pay_00000000000245,setl_merchant_2_0022,bnk_000000000024,6126.00,card,107.21,19.30,61.26,2025-11-19,dev,0
pay_00000000000306,setl_merchant_2_0022,bnk_000000000024,17056.00,upi,0.00,0.00,170.56,2025-11-19,dev,0
pay_00000000000358,setl_merchant_2_0022,bnk_000000000024,32243.00,netbanking,12.00,2.16,322.43,2025-11-19,dev,0
pay_00000000000494,setl_merchant_2_0022,bnk_000000000024,22978.00,card,402.12,72.38,229.78,2025-11-19,dev,0
pay_00000000000530,setl_merchant_2_0022,bnk_000000000024,12949.00,netbanking,12.00,2.16,129.49,2025-11-19,dev,0
pay_00000000000686,setl_merchant_2_0022,bnk_000000000024,26450.54,netbanking,12.00,2.16,264.51,2025-11-19,dev,0
pay_00000000000733,setl_merchant_2_0022,bnk_000000000024,158454.01,upi,0.00,0.00,1584.54,2025-11-19,dev,0
pay_00000000000864,setl_merchant_2_0022,bnk_000000000024,9638.44,netbanking,12.00,2.16,96.38,2025-11-19,dev,0
pay_00000000000919,setl_merchant_2_0022,bnk_000000000024,27249.56,netbanking,12.00,2.16,272.50,2025-11-19,dev,0
pay_00000000001043,setl_merchant_2_0022,bnk_000000000024,33373.00,upi,0.00,0.00,333.73,2025-11-19,dev,0
pay_00000000001059,setl_merchant_2_0022,bnk_000000000024,5436.00,wallet,114.16,20.55,54.36,2025-11-19,dev,0
pay_00000000001092,setl_merchant_2_0022,bnk_000000000024,2758.00,netbanking,12.00,2.16,0.00,2025-11-19,dev,0
pay_00000000001219,setl_merchant_2_0022,bnk_000000000024,42930.53,netbanking,12.00,2.16,429.31,2025-11-19,dev,0
pay_00000000001232,setl_merchant_2_0022,bnk_000000000024,37100.23,netbanking,12.00,2.16,371.00,2025-11-19,dev,0
pay_00000000001323,setl_merchant_2_0022,bnk_000000000024,33715.00,netbanking,12.00,2.16,337.15,2025-11-19,dev,0
pay_00000000001416,setl_merchant_2_0022,bnk_000000000024,18400.80,netbanking,12.00,2.16,184.01,2025-11-19,dev,0
pay_00000000001456,setl_merchant_2_0022,bnk_000000000024,127660.00,netbanking,12.00,2.16,1276.60,2025-11-19,dev,0
pay_00000000001580,setl_merchant_2_0022,bnk_000000000024,3236.33,netbanking,12.00,2.16,0.00,2025-11-19,dev,0
pay_00000000001586,setl_merchant_2_0022,bnk_000000000024,5100.67,netbanking,12.00,2.16,51.01,2025-11-19,dev,0
pay_00000000001608,setl_merchant_2_0022,bnk_000000000024,19004.29,upi,0.00,0.00,190.04,2025-11-19,dev,0
pay_00000000001688,setl_merchant_2_0022,bnk_000000000024,40521.00,wallet,850.94,153.17,405.21,2025-11-19,dev,0
pay_00000000001747,setl_merchant_2_0022,bnk_000000000024,4746.05,netbanking,12.00,2.16,47.46,2025-11-19,dev,0
pay_00000000000009,setl_merchant_2_0023,bnk_000000000025,6411.00,netbanking,12.00,2.16,64.11,2025-11-19,dev,0
pay_00000000000026,setl_merchant_2_0023,bnk_000000000025,37806.92,wallet,793.95,142.91,378.07,2025-11-19,dev,0
pay_00000000000038,setl_merchant_2_0023,bnk_000000000025,19104.91,netbanking,12.00,2.16,191.05,2025-11-19,dev,0
pay_00000000000053,setl_merchant_2_0023,bnk_000000000025,39549.67,upi,0.00,0.00,395.50,2025-11-19,dev,0
pay_00000000000063,setl_merchant_2_0023,bnk_000000000025,109359.00,wallet,2296.54,413.38,1093.59,2025-11-19,dev,0
pay_00000000000081,setl_merchant_2_0023,bnk_000000000025,7949.00,netbanking,12.00,2.16,0.00,2025-11-19,dev,0
pay_00000000000121,setl_merchant_2_0023,bnk_000000000025,7219.87,netbanking,12.00,2.16,0.00,2025-11-19,dev,0
pay_00000000000168,setl_merchant_2_0023,bnk_000000000025,248307.99,upi,0.00,0.00,2483.08,2025-11-19,dev,0
pay_00000000000177,setl_merchant_2_0023,bnk_000000000025,32353.99,card,566.19,101.91,323.54,2025-11-19,dev,0
pay_00000000000200,setl_merchant_2_0023,bnk_000000000025,35165.00,upi,0.00,0.00,351.65,2025-11-19,dev,0
pay_00000000000227,setl_merchant_2_0023,bnk_000000000025,117051.00,card,2048.39,368.71,0.00,2025-11-19,dev,0
pay_00000000000307,setl_merchant_2_0023,bnk_000000000025,140277.99,netbanking,12.00,2.16,0.00,2025-11-19,dev,0
pay_00000000000340,setl_merchant_2_0023,bnk_000000000025,6149.00,netbanking,12.00,2.16,61.49,2025-11-19,dev,0
pay_00000000000375,setl_merchant_2_0023,bnk_000000000025,88347.99,card,1546.09,278.30,883.48,2025-11-19,dev,0
pay_00000000000378,setl_merchant_2_0023,bnk_000000000025,6297.51,netbanking,12.00,2.16,62.98,2025-11-19,dev,0
pay_00000000000380,setl_merchant_2_0023,bnk_000000000025,7677.00,netbanking,12.00,2.16,76.77,2025-11-19,dev,0
pay_00000000000451,setl_merchant_2_0023,bnk_000000000025,4856.50,card,84.99,15.30,48.57,2025-11-19,dev,0
pay_00000000000495,setl_merchant_2_0023,bnk_000000000025,132900.00,netbanking,12.00,2.16,0.00,2025-11-19,dev,0
pay_00000000000507,setl_merchant_2_0023,bnk_000000000025,17646.00,card,308.81,55.59,176.46,2025-11-19,dev,0
pay_00000000000551,setl_merchant_2_0023,bnk_000000000025,27056.99,card,473.50,85.23,270.57,2025-11-19,dev,0
pay_00000000000554,setl_merchant_2_0023,bnk_000000000025,148515.95,netbanking,12.00,2.16,1485.16,2025-11-19,dev,0
pay_00000000000558,setl_merchant_2_0023,bnk_000000000025,13080.75,wallet,274.70,49.45,130.81,2025-11-19,dev,0
pay_00000000000560,setl_merchant_2_0023,bnk_000000000025,4685.00,netbanking,12.00,2.16,0.00,2025-11-19,dev,0
pay_00000000000680,setl_merchant_2_0023,bnk_000000000025,18779.99,netbanking,12.00,2.16,187.80,2025-11-19,dev,0
pay_00000000000708,setl_merchant_2_0023,bnk_000000000025,16804.08,upi,0.00,0.00,168.04,2025-11-19,dev,0
pay_00000000000726,setl_merchant_2_0023,bnk_000000000025,3405.76,upi,0.00,0.00,34.06,2025-11-19,dev,0
pay_00000000000762,setl_merchant_2_0023,bnk_000000000025,31749.00,wallet,666.73,120.01,317.49,2025-11-19,dev,0
pay_00000000000798,setl_merchant_2_0023,bnk_000000000025,10225.99,netbanking,12.00,2.16,102.26,2025-11-19,dev,0
pay_00000000000808,setl_merchant_2_0023,bnk_000000000025,8509.98,card,148.92,26.81,0.00,2025-11-19,dev,0
pay_00000000000819,setl_merchant_2_0023,bnk_000000000025,23486.70,netbanking,12.00,2.16,234.87,2025-11-19,dev,0
pay_00000000000867,setl_merchant_2_0023,bnk_000000000025,40324.00,netbanking,12.00,2.16,403.24,2025-11-19,dev,0
pay_00000000000898,setl_merchant_2_0023,bnk_000000000025,5979.81,netbanking,12.00,2.16,59.80,2025-11-19,dev,0
pay_00000000000904,setl_merchant_2_0023,bnk_000000000025,40078.85,upi,0.00,0.00,0.00,2025-11-19,dev,0
pay_00000000000935,setl_merchant_2_0023,bnk_000000000025,11894.99,wallet,249.79,44.96,118.95,2025-11-19,dev,0
pay_00000000001001,setl_merchant_2_0023,bnk_000000000025,12125.00,card,212.19,38.19,121.25,2025-11-19,dev,0
pay_00000000001015,setl_merchant_2_0023,bnk_000000000025,42740.00,wallet,897.54,161.56,0.00,2025-11-19,dev,0
pay_00000000001055,setl_merchant_2_0023,bnk_000000000025,70963.29,wallet,1490.23,268.24,0.00,2025-11-19,dev,0
pay_00000000001069,setl_merchant_2_0023,bnk_000000000025,191539.00,card,3351.93,603.35,0.00,2025-11-19,dev,0
pay_00000000001114,setl_merchant_2_0023,bnk_000000000025,3093.00,card,54.13,9.74,30.93,2025-11-19,dev,0
pay_00000000001130,setl_merchant_2_0023,bnk_000000000025,20251.00,card,354.39,63.79,202.51,2025-11-19,dev,0
pay_00000000001139,setl_merchant_2_0023,bnk_000000000025,15006.10,netbanking,12.00,2.16,150.06,2025-11-19,dev,0
pay_00000000001144,setl_merchant_2_0023,bnk_000000000025,29162.00,wallet,612.40,110.23,291.62,2025-11-19,dev,0
pay_00000000001168,setl_merchant_2_0023,bnk_000000000025,12287.00,netbanking,12.00,2.16,122.87,2025-11-19,dev,0
pay_00000000001171,setl_merchant_2_0023,bnk_000000000025,18187.00,netbanking,12.00,2.16,0.00,2025-11-19,dev,0
pay_00000000001202,setl_merchant_2_0023,bnk_000000000025,26747.75,wallet,561.70,101.11,267.48,2025-11-19,dev,0
pay_00000000001301,setl_merchant_2_0023,bnk_000000000025,68837.00,wallet,1445.58,260.20,688.37,2025-11-19,dev,0
pay_00000000001321,setl_merchant_2_0023,bnk_000000000025,36215.73,upi,0.00,0.00,362.16,2025-11-19,dev,0
pay_00000000001364,setl_merchant_2_0023,bnk_000000000025,20598.21,card,360.47,64.88,205.98,2025-11-19,dev,0
pay_00000000001379,setl_merchant_2_0023,bnk_000000000025,3229.68,netbanking,12.00,2.16,32.30,2025-11-19,dev,0
pay_00000000001386,setl_merchant_2_0023,bnk_000000000025,4348.99,netbanking,12.00,2.16,43.49,2025-11-19,dev,0
pay_00000000001420,setl_merchant_2_0023,bnk_000000000025,3959.99,netbanking,12.00,2.16,39.60,2025-11-19,dev,0
pay_00000000001441,setl_merchant_2_0023,bnk_000000000025,170882.00,wallet,3588.52,645.93,1708.82,2025-11-19,dev,0
pay_00000000001447,setl_merchant_2_0023,bnk_000000000025,40955.02,wallet,860.06,154.81,409.55,2025-11-19,dev,0
pay_00000000001490,setl_merchant_2_0023,bnk_000000000025,39508.99,netbanking,12.00,2.16,395.09,2025-11-19,dev,0
pay_00000000001534,setl_merchant_2_0023,bnk_000000000025,8985.99,netbanking,12.00,2.16,89.86,2025-11-19,dev,0
pay_00000000001538,setl_merchant_2_0023,bnk_000000000025,12936.00,upi,0.00,0.00,129.36,2025-11-19,dev,0
pay_00000000001550,setl_merchant_2_0023,bnk_000000000025,8842.88,netbanking,12.00,2.16,88.43,2025-11-19,dev,0
pay_00000000001570,setl_merchant_2_0023,bnk_000000000025,74738.00,card,1307.92,235.43,747.38,2025-11-19,dev,0
pay_00000000001591,setl_merchant_2_0023,bnk_000000000025,21027.99,netbanking,12.00,2.16,210.28,2025-11-19,dev,0
pay_00000000001596,setl_merchant_2_0023,bnk_000000000025,25109.36,wallet,527.30,94.91,251.09,2025-11-19,dev,0
pay_00000000001606,setl_merchant_2_0023,bnk_000000000025,26221.00,netbanking,12.00,2.16,262.21,2025-11-19,dev,0
pay_00000000001614,setl_merchant_2_0023,bnk_000000000025,20707.92,netbanking,12.00,2.16,207.08,2025-11-19,dev,0
pay_00000000001620,setl_merchant_2_0023,bnk_000000000025,10571.49,netbanking,12.00,2.16,105.71,2025-11-19,dev,0
pay_00000000001626,setl_merchant_2_0023,bnk_000000000025,19728.89,upi,0.00,0.00,197.29,2025-11-19,dev,0
pay_00000000001636,setl_merchant_2_0023,bnk_000000000025,4612.66,card,80.72,14.53,0.00,2025-11-19,dev,0
pay_00000000001647,setl_merchant_2_0023,bnk_000000000025,38412.05,card,672.21,121.00,384.12,2025-11-19,dev,0
pay_00000000001653,setl_merchant_2_0023,bnk_000000000025,4285.36,card,74.99,13.50,42.85,2025-11-19,dev,0
pay_00000000001658,setl_merchant_2_0023,bnk_000000000025,18565.12,upi,0.00,0.00,185.65,2025-11-19,dev,0
pay_00000000001661,setl_merchant_2_0023,bnk_000000000025,8276.00,wallet,173.80,31.28,82.76,2025-11-19,dev,0
pay_00000000001676,setl_merchant_2_0023,bnk_000000000025,35015.00,wallet,735.32,132.36,350.15,2025-11-19,dev,0
pay_00000000001765,setl_merchant_2_0023,bnk_000000000025,17791.00,netbanking,12.00,2.16,0.00,2025-11-19,dev,0
pay_00000000001770,setl_merchant_2_0023,bnk_000000000025,2515.69,wallet,52.83,9.51,25.16,2025-11-19,dev,0
pay_00000000000087,setl_merchant_2_0024,bnk_000000000026,32174.99,wallet,675.67,121.62,321.75,2025-11-20,dev,0
pay_00000000000108,setl_merchant_2_0024,bnk_000000000026,41445.99,wallet,870.37,156.67,414.46,2025-11-20,dev,0
pay_00000000000219,setl_merchant_2_0024,bnk_000000000026,72632.08,netbanking,12.00,2.16,726.32,2025-11-20,dev,0
pay_00000000000223,setl_merchant_2_0024,bnk_000000000026,30320.00,netbanking,12.00,2.16,0.00,2025-11-20,dev,0
pay_00000000000759,setl_merchant_2_0024,bnk_000000000026,6267.00,card,109.67,19.74,62.67,2025-11-20,dev,0
pay_00000000001008,setl_merchant_2_0024,bnk_000000000026,136722.15,wallet,2871.17,516.81,1367.22,2025-11-20,dev,0
pay_00000000001109,setl_merchant_2_0024,bnk_000000000026,44847.03,upi,0.00,0.00,448.47,2025-11-20,dev,0
pay_00000000001185,setl_merchant_2_0024,bnk_000000000026,236449.00,wallet,4965.43,893.78,2364.49,2025-11-20,dev,0
pay_00000000001188,setl_merchant_2_0024,bnk_000000000026,150273.00,netbanking,12.00,2.16,1502.73,2025-11-20,dev,0
pay_00000000001252,setl_merchant_2_0024,bnk_000000000026,24068.61,card,421.20,75.82,240.69,2025-11-20,dev,0
pay_00000000001502,setl_merchant_2_0024,bnk_000000000026,19948.13,upi,0.00,0.00,0.00,2025-11-20,dev,0
pay_00000000001541,setl_merchant_2_0024,bnk_000000000026,7090.99,upi,0.00,0.00,70.91,2025-11-20,dev,0
pay_00000000001574,setl_merchant_2_0024,bnk_000000000026,8746.60,netbanking,12.00,2.16,87.47,2025-11-20,dev,0
pay_00000000001630,setl_merchant_2_0024,bnk_000000000026,15871.00,netbanking,12.00,2.16,0.00,2025-11-20,dev,0
pay_00000000001686,setl_merchant_2_0024,bnk_000000000026,9127.91,netbanking,12.00,2.16,91.28,2025-11-20,dev,0
pay_00000000001757,setl_merchant_2_0024,bnk_000000000026,9913.97,netbanking,12.00,2.16,99.14,2025-11-20,dev,0
pay_00000000001769,setl_merchant_2_0024,bnk_000000000026,232463.53,wallet,4881.73,878.71,2324.64,2025-11-20,dev,0
pay_00000000001782,setl_merchant_2_0024,bnk_000000000026,48143.82,netbanking,12.00,2.16,481.44,2025-11-20,dev,0
pay_00000000000004,setl_merchant_2_0025,bnk_000000000027,144861.14,netbanking,12.00,2.16,1448.61,2025-11-20,dev,0
pay_00000000000005,setl_merchant_2_0025,bnk_000000000027,17011.00,netbanking,12.00,2.16,170.11,2025-11-20,dev,0
pay_00000000000035,setl_merchant_2_0025,bnk_000000000027,6047.09,card,105.82,19.05,60.47,2025-11-20,dev,0
pay_00000000000046,setl_merchant_2_0025,bnk_000000000027,39723.99,netbanking,12.00,2.16,397.24,2025-11-20,dev,0
pay_00000000000080,setl_merchant_2_0025,bnk_000000000027,9706.00,card,169.86,30.57,97.06,2025-11-20,dev,0
pay_00000000000172,setl_merchant_2_0025,bnk_000000000027,232113.95,netbanking,12.00,2.16,2321.14,2025-11-20,dev,0
pay_00000000000268,setl_merchant_2_0025,bnk_000000000027,31331.37,upi,0.00,0.00,313.31,2025-11-20,dev,0
pay_00000000000328,setl_merchant_2_0025,bnk_000000000027,88346.11,card,1546.06,278.29,883.46,2025-11-20,dev,0
pay_00000000000343,setl_merchant_2_0025,bnk_000000000027,183358.92,netbanking,12.00,2.16,1833.59,2025-11-20,dev,0
pay_00000000000348,setl_merchant_2_0025,bnk_000000000027,9014.99,wallet,189.31,34.08,90.15,2025-11-20,dev,0
pay_00000000000373,setl_merchant_2_0025,bnk_000000000027,5747.48,card,100.58,18.10,57.47,2025-11-20,dev,0
pay_00000000000410,setl_merchant_2_0025,bnk_000000000027,2637.00,netbanking,12.00,2.16,26.37,2025-11-20,dev,0
pay_00000000000464,setl_merchant_2_0025,bnk_000000000027,111324.57,card,1948.18,350.67,1113.25,2025-11-20,dev,0
pay_00000000000467,setl_merchant_2_0025,bnk_000000000027,23304.00,wallet,489.38,88.09,233.04,2025-11-20,dev,0
pay_00000000000513,setl_merchant_2_0025,bnk_000000000027,8260.23,netbanking,12.00,2.16,82.60,2025-11-20,dev,0
pay_00000000000528,setl_merchant_2_0025,bnk_000000000027,31989.99,netbanking,12.00,2.16,319.90,2025-11-20,dev,0
pay_00000000000536,setl_merchant_2_0025,bnk_000000000027,57129.49,netbanking,12.00,2.16,571.29,2025-11-20,dev,0
pay_00000000000559,setl_merchant_2_0025,bnk_000000000027,225242.30,wallet,4730.09,851.42,2252.42,2025-11-20,dev,0
pay_00000000000575,setl_merchant_2_0025,bnk_000000000027,12845.00,wallet,269.75,48.56,128.45,2025-11-20,dev,0
pay_00000000000605,setl_merchant_2_0025,bnk_000000000027,33189.86,wallet,696.99,125.46,331.90,2025-11-20,dev,0
pay_00000000000609,setl_merchant_2_0025,bnk_000000000027,71068.99,netbanking,12.00,2.16,0.00,2025-11-20,dev,0
pay_00000000000643,setl_merchant_2_0025,bnk_000000000027,66538.00,netbanking,12.00,2.16,665.38,2025-11-20,dev,0
pay_00000000000652,setl_merchant_2_0025,bnk_000000000027,7112.00,wallet,149.35,26.88,71.12,2025-11-20,dev,0
pay_00000000000699,setl_merchant_2_0025,bnk_000000000027,43835.00,netbanking,12.00,2.16,438.35,2025-11-20,dev,0
pay_00000000000738,setl_merchant_2_0025,bnk_000000000027,40069.40,netbanking,12.00,2.16,400.69,2025-11-20,dev,0
pay_00000000000757,setl_merchant_2_0025,bnk_000000000027,20688.03,upi,0.00,0.00,206.88,2025-11-20,dev,0
pay_00000000000765,setl_merchant_2_0025,bnk_000000000027,10650.99,wallet,223.67,40.26,106.51,2025-11-20,dev,0
pay_00000000000777,setl_merchant_2_0025,bnk_000000000027,164239.00,wallet,3449.02,620.82,1642.39,2025-11-20,dev,0
pay_00000000000874,setl_merchant_2_0025,bnk_000000000027,92411.00,card,1617.19,291.09,924.11,2025-11-20,dev,0
pay_00000000000879,setl_merchant_2_0025,bnk_000000000027,7234.73,upi,0.00,0.00,0.00,2025-11-20,dev,0
pay_00000000000882,setl_merchant_2_0025,bnk_000000000027,35845.00,wallet,752.75,135.50,358.45,2025-11-20,dev,0
pay_00000000001011,setl_merchant_2_0025,bnk_000000000027,7581.02,card,132.67,23.88,0.00,2025-11-20,dev,0
pay_00000000001082,setl_merchant_2_0025,bnk_000000000027,11793.98,upi,0.00,0.00,117.94,2025-11-20,dev,0
pay_00000000001124,setl_merchant_2_0025,bnk_000000000027,131753.91,wallet,2766.83,498.03,1317.54,2025-11-20,dev,0
pay_00000000001159,setl_merchant_2_0025,bnk_000000000027,29742.96,card,520.50,93.69,297.43,2025-11-20,dev,0
pay_00000000001182,setl_merchant_2_0025,bnk_000000000027,165614.29,netbanking,12.00,2.16,1656.14,2025-11-20,dev,0
pay_00000000001215,setl_merchant_2_0025,bnk_000000000027,13180.37,upi,0.00,0.00,131.80,2025-11-20,dev,0
pay_00000000001280,setl_merchant_2_0025,bnk_000000000027,6286.04,netbanking,12.00,2.16,62.86,2025-11-20,dev,0
pay_00000000001322,setl_merchant_2_0025,bnk_000000000027,2211.00,wallet,46.43,8.36,22.11,2025-11-20,dev,0
pay_00000000001376,setl_merchant_2_0025,bnk_000000000027,21559.44,netbanking,12.00,2.16,215.59,2025-11-20,dev,0
pay_00000000001391,setl_merchant_2_0025,bnk_000000000027,31920.99,netbanking,12.00,2.16,319.21,2025-11-20,dev,0
pay_00000000001392,setl_merchant_2_0025,bnk_000000000027,4507.00,netbanking,12.00,2.16,45.07,2025-11-20,dev,0
pay_00000000001406,setl_merchant_2_0025,bnk_000000000027,26620.04,netbanking,12.00,2.16,266.20,2025-11-20,dev,0
pay_00000000001408,setl_merchant_2_0025,bnk_000000000027,10906.00,card,190.86,34.35,109.06,2025-11-20,dev,0
pay_00000000001468,setl_merchant_2_0025,bnk_000000000027,22102.00,netbanking,12.00,2.16,221.02,2025-11-20,dev,0
pay_00000000001480,setl_merchant_2_0025,bnk_000000000027,36993.00,netbanking,12.00,2.16,0.00,2025-11-20,dev,0
pay_00000000001512,setl_merchant_2_0025,bnk_000000000027,27050.37,netbanking,12.00,2.16,270.50,2025-11-20,dev,0
pay_00000000001652,setl_merchant_2_0025,bnk_000000000027,193904.81,wallet,4072.00,732.96,1939.05,2025-11-20,dev,0
pay_00000000001670,setl_merchant_2_0025,bnk_000000000027,4604.00,card,80.57,14.50,46.04,2025-11-20,dev,0
pay_00000000001682,setl_merchant_2_0025,bnk_000000000027,9531.99,wallet,200.17,36.03,95.32,2025-11-20,dev,0
pay_00000000001687,setl_merchant_2_0025,bnk_000000000027,180560.00,netbanking,12.00,2.16,1805.60,2025-11-20,dev,0
pay_00000000001749,setl_merchant_2_0025,bnk_000000000027,17398.00,upi,0.00,0.00,173.98,2025-11-20,dev,0
pay_00000000001789,setl_merchant_2_0025,bnk_000000000027,62956.42,wallet,1322.08,237.97,629.56,2025-11-20,dev,0
pay_00000000000170,setl_merchant_2_0026,bnk_000000000028,90011.18,netbanking,12.00,2.16,900.11,2025-11-21,dev,0
pay_00000000000178,setl_merchant_2_0026,bnk_000000000028,17411.00,card,304.69,54.84,174.11,2025-11-21,dev,0
pay_00000000000197,setl_merchant_2_0026,bnk_000000000028,13055.01,netbanking,12.00,2.16,130.55,2025-11-21,dev,0
pay_00000000000251,setl_merchant_2_0026,bnk_000000000028,4080.99,netbanking,12.00,2.16,40.81,2025-11-21,dev,0
pay_00000000000291,setl_merchant_2_0026,bnk_000000000028,10211.09,wallet,214.43,38.60,102.11,2025-11-21,dev,0
pay_00000000000398,setl_merchant_2_0026,bnk_000000000028,7473.99,netbanking,12.00,2.16,74.74,2025-11-21,dev,0
pay_00000000000403,setl_merchant_2_0026,bnk_000000000028,38866.00,upi,0.00,0.00,388.66,2025-11-21,dev,0
pay_00000000000468,setl_merchant_2_0026,bnk_000000000028,235203.00,netbanking,12.00,2.16,0.00,2025-11-21,dev,0
pay_00000000000489,setl_merchant_2_0026,bnk_000000000028,118107.20,netbanking,12.00,2.16,1181.07,2025-11-21,dev,0
pay_00000000000577,setl_merchant_2_0026,bnk_000000000028,7404.99,card,129.59,23.33,0.00,2025-11-21,dev,0
pay_00000000000668,setl_merchant_2_0026,bnk_000000000028,212859.99,upi,0.00,0.00,2128.60,2025-11-21,dev,0
pay_00000000000683,setl_merchant_2_0026,bnk_000000000028,6242.93,netbanking,12.00,2.16,62.43,2025-11-21,dev,0
pay_00000000000881,setl_merchant_2_0026,bnk_000000000028,14266.00,netbanking,12.00,2.16,142.66,2025-11-21,dev,0
pay_00000000001239,setl_merchant_2_0026,bnk_000000000028,54439.99,upi,0.00,0.00,544.40,2025-11-21,dev,0
pay_00000000001293,setl_merchant_2_0026,bnk_000000000028,245738.37,netbanking,12.00,2.16,2457.38,2025-11-21,dev,0
pay_00000000001308,setl_merchant_2_0026,bnk_000000000028,37554.07,wallet,788.64,141.96,375.54,2025-11-21,dev,0
pay_00000000001371,setl_merchant_2_0026,bnk_000000000028,31126.98,netbanking,12.00,2.16,0.00,2025-11-21,dev,0
pay_00000000001434,setl_merchant_2_0026,bnk_000000000028,34421.91,netbanking,12.00,2.16,344.22,2025-11-21,dev,0
pay_00000000001559,setl_merchant_2_0026,bnk_000000000028,3152.18,netbanking,12.00,2.16,31.52,2025-11-21,dev,0
pay_00000000001651,setl_merchant_2_0026,bnk_000000000028,21447.14,netbanking,12.00,2.16,0.00,2025-11-21,dev,0
pay_00000000001683,setl_merchant_2_0026,bnk_000000000028,68265.53,wallet,1433.58,258.04,682.66,2025-11-21,dev,0
pay_00000000000073,setl_merchant_2_0027,bnk_000000000029,22921.41,netbanking,12.00,2.16,229.21,2025-11-21,dev,0
pay_00000000000085,setl_merchant_2_0027,bnk_000000000029,12954.00,upi,0.00,0.00,129.54,2025-11-21,dev,0
pay_00000000000110,setl_merchant_2_0027,bnk_000000000029,133616.15,card,2338.28,420.89,1336.16,2025-11-21,dev,0
pay_00000000000143,setl_merchant_2_0027,bnk_000000000029,7569.51,upi,0.00,0.00,75.70,2025-11-21,dev,0
pay_00000000000150,setl_merchant_2_0027,bnk_000000000029,2784.00,netbanking,12.00,2.16,27.84,2025-11-21,dev,0
pay_00000000000181,setl_merchant_2_0027,bnk_000000000029,20451.99,card,357.91,64.42,204.52,2025-11-21,dev,0
pay_00000000000187,setl_merchant_2_0027,bnk_000000000029,27333.43,netbanking,12.00,2.16,273.33,2025-11-21,dev,0
pay_00000000000209,setl_merchant_2_0027,bnk_000000000029,5125.00,netbanking,12.00,2.16,0.00,2025-11-21,dev,0
pay_00000000000222,setl_merchant_2_0027,bnk_000000000029,8853.99,netbanking,12.00,2.16,88.54,2025-11-21,dev,0
pay_00000000000229,setl_merchant_2_0027,bnk_000000000029,201257.89,wallet,4226.42,760.76,0.00,2025-11-21,dev,0
pay_00000000000241,setl_merchant_2_0027,bnk_000000000029,7950.00,upi,0.00,0.00,79.50,2025-11-21,dev,0
pay_00000000000284,setl_merchant_2_0027,bnk_000000000029,32519.00,netbanking,12.00,2.16,325.19,2025-11-21,dev,0
pay_00000000000290,setl_merchant_2_0027,bnk_000000000029,38713.29,netbanking,12.00,2.16,387.13,2025-11-21,dev,0
pay_00000000000502,setl_merchant_2_0027,bnk_000000000029,31992.00,netbanking,12.00,2.16,319.92,2025-11-21,dev,0
pay_00000000000587,setl_merchant_2_0027,bnk_000000000029,3789.99,netbanking,12.00,2.16,37.90,2025-11-21,dev,0
pay_00000000000623,setl_merchant_2_0027,bnk_000000000029,125143.55,netbanking,12.00,2.16,1251.44,2025-11-21,dev,0
pay_00000000000693,setl_merchant_2_0027,bnk_000000000029,6640.00,upi,0.00,0.00,66.40,2025-11-21,dev,0
pay_00000000000768,setl_merchant_2_0027,bnk_000000000029,193018.00,wallet,4053.38,729.61,1930.18,2025-11-21,dev,0
pay_00000000000796,setl_merchant_2_0027,bnk_000000000029,43311.00,card,757.94,136.43,433.11,2025-11-21,dev,0
pay_00000000000849,setl_merchant_2_0027,bnk_000000000029,33551.47,upi,0.00,0.00,335.51,2025-11-21,dev,0
pay_00000000000895,setl_merchant_2_0027,bnk_000000000029,5500.99,netbanking,12.00,2.16,55.01,2025-11-21,dev,0
pay_00000000000917,setl_merchant_2_0027,bnk_000000000029,10237.48,card,179.16,32.25,102.37,2025-11-21,dev,0
pay_00000000000930,setl_merchant_2_0027,bnk_000000000029,11354.85,upi,0.00,0.00,0.00,2025-11-21,dev,0
pay_00000000000979,setl_merchant_2_0027,bnk_000000000029,37164.00,netbanking,12.00,2.16,371.64,2025-11-21,dev,0
pay_00000000001020,setl_merchant_2_0027,bnk_000000000029,29293.47,netbanking,12.00,2.16,292.93,2025-11-21,dev,0
pay_00000000001024,setl_merchant_2_0027,bnk_000000000029,17937.05,netbanking,12.00,2.16,179.37,2025-11-21,dev,0
pay_00000000001025,setl_merchant_2_0027,bnk_000000000029,14542.00,wallet,305.38,54.97,145.42,2025-11-21,dev,0
pay_00000000001048,setl_merchant_2_0027,bnk_000000000029,116373.33,wallet,2443.84,439.89,1163.73,2025-11-21,dev,0
pay_00000000001131,setl_merchant_2_0027,bnk_000000000029,40634.24,netbanking,12.00,2.16,0.00,2025-11-21,dev,0
pay_00000000001200,setl_merchant_2_0027,bnk_000000000029,143237.00,upi,0.00,0.00,0.00,2025-11-21,dev,0
pay_00000000001262,setl_merchant_2_0027,bnk_000000000029,173286.41,wallet,3639.01,655.02,1732.86,2025-11-21,dev,0
pay_00000000001307,setl_merchant_2_0027,bnk_000000000029,43936.00,upi,0.00,0.00,439.36,2025-11-21,dev,0
pay_00000000001390,setl_merchant_2_0027,bnk_000000000029,10342.00,netbanking,12.00,2.16,103.42,2025-11-21,dev,0
pay_00000000001508,setl_merchant_2_0027,bnk_000000000029,150107.42,card,2626.88,472.84,0.00,2025-11-21,dev,0
pay_00000000001584,setl_merchant_2_0027,bnk_000000000029,23191.39,netbanking,12.00,2.16,231.91,2025-11-21,dev,0
pay_00000000001610,setl_merchant_2_0027,bnk_000000000029,10385.93,netbanking,12.00,2.16,103.86,2025-11-21,dev,0
pay_00000000001625,setl_merchant_2_0027,bnk_000000000029,164272.16,card,2874.76,517.46,1642.72,2025-11-21,dev,0
pay_00000000001649,setl_merchant_2_0027,bnk_000000000029,38771.47,card,678.50,122.13,387.71,2025-11-21,dev,0
pay_00000000001657,setl_merchant_2_0027,bnk_000000000029,32241.99,upi,0.00,0.00,322.42,2025-11-21,dev,0
pay_00000000001715,setl_merchant_2_0027,bnk_000000000029,235357.00,card,4118.75,741.38,2353.57,2025-11-21,dev,0
pay_00000000001718,setl_merchant_2_0027,bnk_000000000029,205976.91,netbanking,12.00,2.16,2059.77,2025-11-21,dev,0
pay_00000000001756,setl_merchant_2_0027,bnk_000000000029,41027.32,card,717.98,129.24,410.27,2025-11-21,dev,0
pay_00000000001779,setl_merchant_2_0027,bnk_000000000029,36341.06,wallet,763.16,137.37,363.41,2025-11-21,dev,0
pay_00000000001783,setl_merchant_2_0027,bnk_000000000029,35744.50,netbanking,12.00,2.16,357.45,2025-11-21,dev,0
pay_00000000000047,setl_merchant_2_0028,bnk_000000000030,29766.54,card,520.91,93.76,297.67,2025-11-24,dev,0
pay_00000000000090,setl_merchant_2_0028,bnk_000000000030,92589.23,wallet,1944.37,349.99,0.00,2025-11-24,dev,0
pay_00000000000139,setl_merchant_2_0028,bnk_000000000030,11958.38,netbanking,12.00,2.16,119.58,2025-11-24,dev,0
pay_00000000000179,setl_merchant_2_0028,bnk_000000000030,45799.00,netbanking,12.00,2.16,457.99,2025-11-24,dev,0
pay_00000000000248,setl_merchant_2_0028,bnk_000000000030,5067.00,wallet,106.41,19.15,50.67,2025-11-24,dev,0
pay_00000000000259,setl_merchant_2_0028,bnk_000000000030,42429.00,upi,0.00,0.00,424.29,2025-11-24,dev,0
pay_00000000000337,setl_merchant_2_0028,bnk_000000000030,10132.99,netbanking,12.00,2.16,101.33,2025-11-24,dev,0
pay_00000000000370,setl_merchant_2_0028,bnk_000000000030,16985.99,netbanking,12.00,2.16,169.86,2025-11-24,dev,0
pay_00000000000658,setl_merchant_2_0028,bnk_000000000030,2233.00,wallet,46.89,8.44,22.33,2025-11-24,dev,0
pay_00000000000718,setl_merchant_2_0028,bnk_000000000030,5230.99,upi,0.00,0.00,52.31,2025-11-24,dev,0
pay_00000000000811,setl_merchant_2_0028,bnk_000000000030,197428.99,wallet,4146.01,746.28,1974.29,2025-11-24,dev,0
pay_00000000000818,setl_merchant_2_0028,bnk_000000000030,24355.21,netbanking,12.00,2.16,243.55,2025-11-24,dev,0
pay_00000000000932,setl_merchant_2_0028,bnk_000000000030,32659.06,wallet,685.84,123.45,326.59,2025-11-24,dev,0
pay_00000000001423,setl_merchant_2_0028,bnk_000000000030,5652.99,wallet,118.71,21.37,0.00,2025-11-24,dev,0
pay_00000000001429,setl_merchant_2_0028,bnk_000000000030,41534.00,netbanking,12.00,2.16,415.34,2025-11-24,dev,0
pay_00000000001467,setl_merchant_2_0028,bnk_000000000030,2450.00,upi,0.00,0.00,24.50,2025-11-24,dev,0
pay_00000000001701,setl_merchant_2_0028,bnk_000000000030,16622.68,wallet,349.08,62.83,166.23,2025-11-24,dev,0
pay_00000000000048,setl_merchant_2_0029,bnk_000000000031,248736.00,netbanking,12.00,2.16,2487.36,2025-11-24,dev,0
pay_00000000000104,setl_merchant_2_0029,bnk_000000000031,25904.64,netbanking,12.00,2.16,259.05,2025-11-24,dev,0
pay_00000000000123,setl_merchant_2_0029,bnk_000000000031,10279.68,card,179.89,32.38,102.80,2025-11-24,dev,0
pay_00000000000135,setl_merchant_2_0029,bnk_000000000031,16172.05,netbanking,12.00,2.16,161.72,2025-11-24,dev,0
pay_00000000000156,setl_merchant_2_0029,bnk_000000000031,9993.00,netbanking,12.00,2.16,99.93,2025-11-24,dev,0
pay_00000000000173,setl_merchant_2_0029,bnk_000000000031,195333.55,upi,0.00,0.00,1953.34,2025-11-24,dev,0
pay_00000000000195,setl_merchant_2_0029,bnk_000000000031,223355.33,netbanking,12.00,2.16,2233.55,2025-11-24,dev,0
pay_00000000000212,setl_merchant_2_0029,bnk_000000000031,5515.03,netbanking,12.00,2.16,55.15,2025-11-24,dev,0
pay_00000000000252,setl_merchant_2_0029,bnk_000000000031,7944.41,netbanking,12.00,2.16,0.00,2025-11-24,dev,0
pay_00000000000318,setl_merchant_2_0029,bnk_000000000031,7979.17,upi,0.00,0.00,79.79,2025-11-24,dev,0
pay_00000000000440,setl_merchant_2_0029,bnk_000000000031,6375.62,netbanking,12.00,2.16,63.76,2025-11-24,dev,0
pay_00000000000626,setl_merchant_2_0029,bnk_000000000031,43781.62,card,766.18,137.91,437.82,2025-11-24,dev,0
pay_00000000000676,setl_merchant_2_0029,bnk_000000000031,40520.35,card,709.11,127.64,405.20,2025-11-24,dev,0
pay_00000000000719,setl_merchant_2_0029,bnk_000000000031,17760.96,netbanking,12.00,2.16,177.61,2025-11-24,dev,0
pay_00000000000754,setl_merchant_2_0029,bnk_000000000031,24876.94,netbanking,12.00,2.16,0.00,2025-11-24,dev,0
pay_00000000000825,setl_merchant_2_0029,bnk_000000000031,18410.00,card,322.18,57.99,184.10,2025-11-24,dev,0
pay_00000000000860,setl_merchant_2_0029,bnk_000000000031,235246.99,wallet,4940.19,889.23,2352.47,2025-11-24,dev,0
pay_00000000000872,setl_merchant_2_0029,bnk_000000000031,231213.00,card,4046.23,728.32,2312.13,2025-11-24,dev,0
pay_00000000000912,setl_merchant_2_0029,bnk_000000000031,33069.43,upi,0.00,0.00,330.69,2025-11-24,dev,0
pay_00000000000927,setl_merchant_2_0029,bnk_000000000031,7189.33,netbanking,12.00,2.16,71.89,2025-11-24,dev,0
pay_00000000000967,setl_merchant_2_0029,bnk_000000000031,10464.00,wallet,219.74,39.55,104.64,2025-11-24,dev,0
pay_00000000001260,setl_merchant_2_0029,bnk_000000000031,116134.22,card,2032.35,365.82,1161.34,2025-11-24,dev,0
pay_00000000001275,setl_merchant_2_0029,bnk_000000000031,133322.00,wallet,2799.76,503.96,1333.22,2025-11-24,dev,0
pay_00000000001278,setl_merchant_2_0029,bnk_000000000031,4184.82,netbanking,12.00,2.16,0.00,2025-11-24,dev,0
pay_00000000001294,setl_merchant_2_0029,bnk_000000000031,14987.69,netbanking,12.00,2.16,149.88,2025-11-24,dev,0
pay_00000000001365,setl_merchant_2_0029,bnk_000000000031,22414.99,card,392.26,70.61,224.15,2025-11-24,dev,0
pay_00000000001366,setl_merchant_2_0029,bnk_000000000031,24259.00,card,424.53,76.42,242.59,2025-11-24,dev,0
pay_00000000001373,setl_merchant_2_0029,bnk_000000000031,43795.00,netbanking,12.00,2.16,437.95,2025-11-24,dev,0
pay_00000000001380,setl_merchant_2_0029,bnk_000000000031,148788.00,netbanking,12.00,2.16,1487.88,2025-11-24,dev,0
pay_00000000001393,setl_merchant_2_0029,bnk_000000000031,20794.67,upi,0.00,0.00,207.95,2025-11-24,dev,0
pay_00000000001410,setl_merchant_2_0029,bnk_000000000031,139265.00,netbanking,12.00,2.16,1392.65,2025-11-24,dev,0
pay_00000000001421,setl_merchant_2_0029,bnk_000000000031,40810.66,wallet,857.02,154.26,408.11,2025-11-24,dev,0
pay_00000000001462,setl_merchant_2_0029,bnk_000000000031,24499.00,netbanking,12.00,2.16,244.99,2025-11-24,dev,0
pay_00000000001471,setl_merchant_2_0029,bnk_000000000031,37368.99,netbanking,12.00,2.16,373.69,2025-11-24,dev,0
pay_00000000001477,setl_merchant_2_0029,bnk_000000000031,42912.00,wallet,901.15,162.21,429.12,2025-11-24,dev,0
pay_00000000001496,setl_merchant_2_0029,bnk_000000000031,15631.00,upi,0.00,0.00,156.31,2025-11-24,dev,0
pay_00000000001603,setl_merchant_2_0029,bnk_000000000031,115162.00,netbanking,12.00,2.16,1151.62,2025-11-24,dev,0
pay_00000000001619,setl_merchant_2_0029,bnk_000000000031,24971.66,netbanking,12.00,2.16,0.00,2025-11-24,dev,0
pay_00000000001635,setl_merchant_2_0029,bnk_000000000031,10543.00,upi,0.00,0.00,105.43,2025-11-24,dev,0
pay_00000000001646,setl_merchant_2_0029,bnk_000000000031,20434.70,netbanking,12.00,2.16,204.35,2025-11-24,dev,0
pay_00000000001671,setl_merchant_2_0029,bnk_000000000031,23856.93,netbanking,12.00,2.16,238.57,2025-11-24,dev,0
pay_00000000001720,setl_merchant_2_0029,bnk_000000000031,29951.26,card,524.15,94.35,299.51,2025-11-24,dev,0
pay_00000000000523,setl_merchant_2_0030,bnk_000000000032,28590.99,wallet,600.41,108.07,285.91,2025-11-26,test,0
pay_00000000000595,setl_merchant_2_0030,bnk_000000000032,4330.99,netbanking,12.00,2.16,43.31,2025-11-26,test,0
pay_00000000000787,setl_merchant_2_0030,bnk_000000000032,43110.99,wallet,905.33,162.96,431.11,2025-11-26,test,0
pay_00000000000997,setl_merchant_2_0030,bnk_000000000032,3940.00,wallet,82.74,14.89,39.40,2025-11-26,test,0
pay_00000000001094,setl_merchant_2_0030,bnk_000000000032,17766.58,netbanking,12.00,2.16,177.67,2025-11-26,test,0
pay_00000000001431,setl_merchant_2_0030,bnk_000000000032,86654.97,upi,0.00,0.00,866.55,2025-11-26,test,0
pay_00000000001609,setl_merchant_2_0030,bnk_000000000032,3102.10,card,54.29,9.77,31.02,2025-11-26,test,0
pay_00000000001693,setl_merchant_2_0030,bnk_000000000032,21987.54,card,384.78,69.26,219.88,2025-11-26,test,0
pay_00000000000028,setl_merchant_2_0031,bnk_000000000033,25006.00,card,437.61,78.77,0.00,2025-11-26,test,0
pay_00000000000033,setl_merchant_2_0031,bnk_000000000033,17957.00,card,314.25,56.57,179.57,2025-11-26,test,0
pay_00000000000051,setl_merchant_2_0031,bnk_000000000033,10573.99,upi,0.00,0.00,105.74,2025-11-26,test,0
pay_00000000000061,setl_merchant_2_0031,bnk_000000000033,14478.97,netbanking,12.00,2.16,144.79,2025-11-26,test,0
pay_00000000000190,setl_merchant_2_0031,bnk_000000000033,145110.55,netbanking,12.00,2.16,1451.11,2025-11-26,test,0
pay_00000000000336,setl_merchant_2_0031,bnk_000000000033,30948.00,wallet,649.91,116.98,309.48,2025-11-26,test,0
pay_00000000000433,setl_merchant_2_0031,bnk_000000000033,236395.99,netbanking,12.00,2.16,2363.96,2025-11-26,test,0
pay_00000000000460,setl_merchant_2_0031,bnk_000000000033,7929.99,card,138.77,24.98,0.00,2025-11-26,test,0
pay_00000000000463,setl_merchant_2_0031,bnk_000000000033,43139.00,wallet,905.92,163.07,431.39,2025-11-26,test,0
pay_00000000000510,setl_merchant_2_0031,bnk_000000000033,4966.33,upi,0.00,0.00,49.66,2025-11-26,test,0
pay_00000000000585,setl_merchant_2_0031,bnk_000000000033,105570.00,netbanking,12.00,2.16,0.00,2025-11-26,test,0
pay_00000000000675,setl_merchant_2_0031,bnk_000000000033,2298.31,netbanking,12.00,2.16,22.98,2025-11-26,test,0
pay_00000000000703,setl_merchant_2_0031,bnk_000000000033,5301.99,upi,0.00,0.00,0.00,2025-11-26,test,0
pay_00000000000714,setl_merchant_2_0031,bnk_000000000033,26988.54,netbanking,12.00,2.16,0.00,2025-11-26,test,0
pay_00000000000791,setl_merchant_2_0031,bnk_000000000033,31196.10,upi,0.00,0.00,311.96,2025-11-26,test,0
pay_00000000000822,setl_merchant_2_0031,bnk_000000000033,30959.62,upi,0.00,0.00,0.00,2025-11-26,test,0
pay_00000000000951,setl_merchant_2_0031,bnk_000000000033,2925.00,upi,0.00,0.00,29.25,2025-11-26,test,0
pay_00000000001014,setl_merchant_2_0031,bnk_000000000033,83825.96,netbanking,12.00,2.16,838.26,2025-11-26,test,0
pay_00000000001065,setl_merchant_2_0031,bnk_000000000033,5750.13,netbanking,12.00,2.16,57.50,2025-11-26,test,0
pay_00000000001133,setl_merchant_2_0031,bnk_000000000033,26839.72,wallet,563.63,101.45,268.40,2025-11-26,test,0
pay_00000000001163,setl_merchant_2_0031,bnk_000000000033,42742.00,netbanking,12.00,2.16,427.42,2025-11-26,test,0
pay_00000000001199,setl_merchant_2_0031,bnk_000000000033,34158.00,wallet,717.32,129.12,341.58,2025-11-26,test,0
pay_00000000001246,setl_merchant_2_0031,bnk_000000000033,86086.88,wallet,1807.82,325.41,860.87,2025-11-26,test,0
pay_00000000001288,setl_merchant_2_0031,bnk_000000000033,4733.00,upi,0.00,0.00,0.00,2025-11-26,test,0
pay_00000000001299,setl_merchant_2_0031,bnk_000000000033,16111.99,card,281.96,50.75,161.12,2025-11-26,test,0
pay_00000000001329,setl_merchant_2_0031,bnk_000000000033,204696.00,netbanking,12.00,2.16,2046.96,2025-11-26,test,0
pay_00000000001374,setl_merchant_2_0031,bnk_000000000033,197094.00,netbanking,12.00,2.16,1970.94,2025-11-26,test,0
pay_00000000001375,setl_merchant_2_0031,bnk_000000000033,182638.67,wallet,3835.41,690.37,1826.39,2025-11-26,test,0
pay_00000000001412,setl_merchant_2_0031,bnk_000000000033,21274.99,card,372.31,67.02,212.75,2025-11-26,test,0
pay_00000000001435,setl_merchant_2_0031,bnk_000000000033,6056.00,netbanking,12.00,2.16,60.56,2025-11-26,test,0
pay_00000000001501,setl_merchant_2_0031,bnk_000000000033,7857.00,upi,0.00,0.00,78.57,2025-11-26,test,0
pay_00000000001569,setl_merchant_2_0031,bnk_000000000033,3963.10,netbanking,12.00,2.16,0.00,2025-11-26,test,0
pay_00000000001582,setl_merchant_2_0031,bnk_000000000033,234905.96,netbanking,12.00,2.16,0.00,2025-11-26,test,0
pay_00000000001650,setl_merchant_2_0031,bnk_000000000033,30822.99,wallet,647.28,116.51,308.23,2025-11-26,test,0
pay_00000000001672,setl_merchant_2_0031,bnk_000000000033,39152.99,netbanking,12.00,2.16,391.53,2025-11-26,test,0
pay_00000000001692,setl_merchant_2_0031,bnk_000000000033,8379.89,wallet,175.98,31.68,0.00,2025-11-26,test,0
pay_00000000000001,setl_merchant_2_0032,bnk_000000000034,9859.99,upi,0.00,0.00,98.60,2025-11-27,test,0
pay_00000000000032,setl_merchant_2_0032,bnk_000000000034,16379.17,wallet,343.96,61.91,163.79,2025-11-27,test,0
pay_00000000000086,setl_merchant_2_0032,bnk_000000000034,42063.67,netbanking,12.00,2.16,420.64,2025-11-27,test,0
pay_00000000000124,setl_merchant_2_0032,bnk_000000000034,19846.99,netbanking,12.00,2.16,198.47,2025-11-27,test,0
pay_00000000000147,setl_merchant_2_0032,bnk_000000000034,34203.00,netbanking,12.00,2.16,342.03,2025-11-27,test,0
pay_00000000000230,setl_merchant_2_0032,bnk_000000000034,23145.00,card,405.04,72.91,231.45,2025-11-27,test,0
pay_00000000000273,setl_merchant_2_0032,bnk_000000000034,2713.99,netbanking,12.00,2.16,27.14,2025-11-27,test,0
pay_00000000000388,setl_merchant_2_0032,bnk_000000000034,10362.47,wallet,217.61,39.17,103.62,2025-11-27,test,0
pay_00000000000407,setl_merchant_2_0032,bnk_000000000034,2197.96,netbanking,12.00,2.16,21.98,2025-11-27,test,0
pay_00000000000417,setl_merchant_2_0032,bnk_000000000034,34607.04,card,605.62,109.01,346.07,2025-11-27,test,0
pay_00000000000422,setl_merchant_2_0032,bnk_000000000034,12396.60,netbanking,12.00,2.16,123.97,2025-11-27,test,0
pay_00000000000427,setl_merchant_2_0032,bnk_000000000034,2089.21,netbanking,12.00,2.16,20.89,2025-11-27,test,0
pay_00000000000453,setl_merchant_2_0032,bnk_000000000034,43714.99,wallet,918.01,165.24,437.15,2025-11-27,test,0
pay_00000000000487,setl_merchant_2_0032,bnk_000000000034,5522.00,wallet,115.96,20.87,55.22,2025-11-27,test,0
pay_00000000000511,setl_merchant_2_0032,bnk_000000000034,2877.23,netbanking,12.00,2.16,0.00,2025-11-27,test,0
pay_00000000000519,setl_merchant_2_0032,bnk_000000000034,3344.00,netbanking,12.00,2.16,0.00,2025-11-27,test,0
pay_00000000000578,setl_merchant_2_0032,bnk_000000000034,8215.99,netbanking,12.00,2.16,82.16,2025-11-27,test,0
pay_00000000000599,setl_merchant_2_0032,bnk_000000000034,2583.16,card,45.21,8.14,0.00,2025-11-27,test,0
pay_00000000000604,setl_merchant_2_0032,bnk_000000000034,31254.09,netbanking,12.00,2.16,312.54,2025-11-27,test,0
pay_00000000000632,setl_merchant_2_0032,bnk_000000000034,4766.55,netbanking,12.00,2.16,47.67,2025-11-27,test,0
pay_00000000000634,setl_merchant_2_0032,bnk_000000000034,120086.99,netbanking,12.00,2.16,1200.87,2025-11-27,test,0
pay_00000000000637,setl_merchant_2_0032,bnk_000000000034,22059.33,netbanking,12.00,2.16,220.59,2025-11-27,test,0
pay_00000000000647,setl_merchant_2_0032,bnk_000000000034,41859.99,netbanking,12.00,2.16,418.60,2025-11-27,test,0
pay_00000000000792,setl_merchant_2_0032,bnk_000000000034,31086.72,wallet,652.82,117.51,310.87,2025-11-27,test,0
pay_00000000000793,setl_merchant_2_0032,bnk_000000000034,7610.00,upi,0.00,0.00,76.10,2025-11-27,test,0
pay_00000000000804,setl_merchant_2_0032,bnk_000000000034,28783.75,netbanking,12.00,2.16,287.84,2025-11-27,test,0
pay_00000000000884,setl_merchant_2_0032,bnk_000000000034,20283.99,upi,0.00,0.00,202.84,2025-11-27,test,0
pay_00000000000885,setl_merchant_2_0032,bnk_000000000034,40539.00,netbanking,12.00,2.16,405.39,2025-11-27,test,0
pay_00000000000892,setl_merchant_2_0032,bnk_000000000034,9305.00,wallet,195.41,35.17,0.00,2025-11-27,test,0
pay_00000000001027,setl_merchant_2_0032,bnk_000000000034,7202.44,upi,0.00,0.00,72.02,2025-11-27,test,0
pay_00000000001060,setl_merchant_2_0032,bnk_000000000034,246305.00,upi,0.00,0.00,2463.05,2025-11-27,test,0
pay_00000000001083,setl_merchant_2_0032,bnk_000000000034,39875.77,netbanking,12.00,2.16,398.76,2025-11-27,test,0
pay_00000000001128,setl_merchant_2_0032,bnk_000000000034,9752.91,upi,0.00,0.00,97.53,2025-11-27,test,0
pay_00000000001213,setl_merchant_2_0032,bnk_000000000034,42936.65,upi,0.00,0.00,429.37,2025-11-27,test,0
pay_00000000001298,setl_merchant_2_0032,bnk_000000000034,238156.79,wallet,5001.29,900.23,2381.57,2025-11-27,test,0
pay_00000000001314,setl_merchant_2_0032,bnk_000000000034,137439.75,wallet,2886.23,519.52,1374.40,2025-11-27,test,0
pay_00000000001344,setl_merchant_2_0032,bnk_000000000034,41144.64,netbanking,12.00,2.16,0.00,2025-11-27,test,0
pay_00000000001403,setl_merchant_2_0032,bnk_000000000034,42190.47,wallet,886.00,159.48,0.00,2025-11-27,test,0
pay_00000000001442,setl_merchant_2_0032,bnk_000000000034,14727.19,netbanking,12.00,2.16,147.27,2025-11-27,test,0
pay_00000000001444,setl_merchant_2_0032,bnk_000000000034,30678.00,wallet,644.24,115.96,306.78,2025-11-27,test,0
pay_00000000001474,setl_merchant_2_0032,bnk_000000000034,64069.00,netbanking,12.00,2.16,640.69,2025-11-27,test,0
pay_00000000001510,setl_merchant_2_0032,bnk_000000000034,41521.24,netbanking,12.00,2.16,415.21,2025-11-27,test,0
pay_00000000001522,setl_merchant_2_0032,bnk_000000000034,82959.00,wallet,1742.14,313.59,829.59,2025-11-27,test,0
pay_00000000001583,setl_merchant_2_0032,bnk_000000000034,42040.65,netbanking,12.00,2.16,420.41,2025-11-27,test,0
pay_00000000001599,setl_merchant_2_0032,bnk_000000000034,119580.72,upi,0.00,0.00,1195.81,2025-11-27,test,0
pay_00000000001711,setl_merchant_2_0032,bnk_000000000034,4503.68,netbanking,12.00,2.16,45.04,2025-11-27,test,0
pay_00000000001729,setl_merchant_2_0032,bnk_000000000034,32393.00,netbanking,12.00,2.16,323.93,2025-11-27,test,0
pay_00000000001772,setl_merchant_2_0032,bnk_000000000034,43040.19,wallet,903.84,162.69,430.40,2025-11-27,test,0
pay_00000000001801,setl_merchant_2_0032,bnk_000000000034,28783.75,netbanking,12.00,2.16,287.84,2025-11-27,test,1
pay_00000000000042,setl_merchant_2_0033,bnk_000000000035,23642.24,upi,0.00,0.00,236.42,2025-11-27,test,0
pay_00000000000054,setl_merchant_2_0033,bnk_000000000035,12026.00,netbanking,12.00,2.16,120.26,2025-11-27,test,0
pay_00000000000059,setl_merchant_2_0033,bnk_000000000035,38133.57,netbanking,12.00,2.16,381.34,2025-11-27,test,0
pay_00000000000060,setl_merchant_2_0033,bnk_000000000035,19997.00,card,349.95,62.99,199.97,2025-11-27,test,0
pay_00000000000065,setl_merchant_2_0033,bnk_000000000035,26432.00,wallet,555.07,99.91,0.00,2025-11-27,test,0
pay_00000000000101,setl_merchant_2_0033,bnk_000000000035,31337.81,wallet,658.09,118.46,313.38,2025-11-27,test,0
pay_00000000000105,setl_merchant_2_0033,bnk_000000000035,8101.00,card,141.77,25.52,81.01,2025-11-27,test,0
pay_00000000000134,setl_merchant_2_0033,bnk_000000000035,29294.69,upi,0.00,0.00,292.95,2025-11-27,test,0
pay_00000000000160,setl_merchant_2_0033,bnk_000000000035,22690.38,upi,0.00,0.00,0.00,2025-11-27,test,0
pay_00000000000174,setl_merchant_2_0033,bnk_000000000035,24434.99,netbanking,12.00,2.16,244.35,2025-11-27,test,0
pay_00000000000180,setl_merchant_2_0033,bnk_000000000035,34350.00,netbanking,12.00,2.16,343.50,2025-11-27,test,0
pay_00000000000185,setl_merchant_2_0033,bnk_000000000035,18096.70,netbanking,12.00,2.16,180.97,2025-11-27,test,0
pay_00000000000198,setl_merchant_2_0033,bnk_000000000035,16185.39,wallet,339.89,61.18,161.85,2025-11-27,test,0
pay_00000000000202,setl_merchant_2_0033,bnk_000000000035,109884.92,wallet,2307.58,415.36,1098.85,2025-11-27,test,0
pay_00000000000214,setl_merchant_2_0033,bnk_000000000035,37484.17,netbanking,12.00,2.16,374.84,2025-11-27,test,0
pay_00000000000257,setl_merchant_2_0033,bnk_000000000035,40957.00,netbanking,12.00,2.16,409.57,2025-11-27,test,0
pay_00000000000267,setl_merchant_2_0033,bnk_000000000035,4815.33,netbanking,12.00,2.16,48.15,2025-11-27,test,0
pay_00000000000269,setl_merchant_2_0033,bnk_000000000035,88824.99,netbanking,12.00,2.16,888.25,2025-11-27,test,0
pay_00000000000270,setl_merchant_2_0033,bnk_000000000035,36030.00,wallet,756.63,136.19,360.30,2025-11-27,test,0
pay_00000000000271,setl_merchant_2_0033,bnk_000000000035,16381.51,wallet,344.01,61.92,163.82,2025-11-27,test,0
pay_00000000000298,setl_merchant_2_0033,bnk_000000000035,113497.00,netbanking,12.00,2.16,1134.97,2025-11-27,test,0
pay_00000000000303,setl_merchant_2_0033,bnk_000000000035,3437.85,card,60.16,10.83,34.38,2025-11-27,test,0
pay_00000000000311,setl_merchant_2_0033,bnk_000000000035,22676.58,card,396.84,71.43,226.77,2025-11-27,test,0
pay_00000000000331,setl_merchant_2_0033,bnk_000000000035,44513.99,wallet,934.79,168.26,445.14,2025-11-27,test,0
pay_00000000000362,setl_merchant_2_0033,bnk_000000000035,7581.99,wallet,159.22,28.66,0.00,2025-11-27,test,0
pay_00000000000391,setl_merchant_2_0033,bnk_000000000035,13045.99,netbanking,12.00,2.16,0.00,2025-11-27,test,0
pay_00000000000416,setl_merchant_2_0033,bnk_000000000035,4065.34,card,71.14,12.81,40.65,2025-11-27,test,0
pay_00000000000443,setl_merchant_2_0033,bnk_000000000035,6124.00,card,107.17,19.29,61.24,2025-11-27,test,0
pay_00000000000452,setl_merchant_2_0033,bnk_000000000035,12254.93,card,214.46,38.60,122.55,2025-11-27,test,0
pay_00000000000457,setl_merchant_2_0033,bnk_000000000035,4830.75,netbanking,12.00,2.16,48.31,2025-11-27,test,0
pay_00000000000462,setl_merchant_2_0033,bnk_000000000035,18386.99,netbanking,12.00,2.16,183.87,2025-11-27,test,0
pay_00000000000476,setl_merchant_2_0033,bnk_000000000035,2708.00,netbanking,12.00,2.16,27.08,2025-11-27,test,0
pay_00000000000486,setl_merchant_2_0033,bnk_000000000035,33835.00,netbanking,12.00,2.16,0.00,2025-11-27,test,0
pay_00000000000500,setl_merchant_2_0033,bnk_000000000035,30307.99,netbanking,12.00,2.16,303.08,2025-11-27,test,0
pay_00000000000503,setl_merchant_2_0033,bnk_000000000035,44684.80,netbanking,12.00,2.16,446.85,2025-11-27,test,0
pay_00000000000533,setl_merchant_2_0033,bnk_000000000035,14177.24,netbanking,12.00,2.16,141.77,2025-11-27,test,0
pay_00000000000539,setl_merchant_2_0033,bnk_000000000035,32038.73,upi,0.00,0.00,0.00,2025-11-27,test,0
pay_00000000000555,setl_merchant_2_0033,bnk_000000000035,203292.57,upi,0.00,0.00,2032.93,2025-11-27,test,0
pay_00000000000561,setl_merchant_2_0033,bnk_000000000035,13443.00,card,235.25,42.35,134.43,2025-11-27,test,0
pay_00000000000571,setl_merchant_2_0033,bnk_000000000035,38552.95,netbanking,12.00,2.16,385.53,2025-11-27,test,0
pay_00000000000584,setl_merchant_2_0033,bnk_000000000035,27815.00,card,486.76,87.62,278.15,2025-11-27,test,0
pay_00000000000596,setl_merchant_2_0033,bnk_000000000035,21295.99,card,372.68,67.08,212.96,2025-11-27,test,0
pay_00000000000610,setl_merchant_2_0033,bnk_000000000035,74826.00,card,1309.46,235.70,0.00,2025-11-27,test,0
pay_00000000000619,setl_merchant_2_0033,bnk_000000000035,3809.01,wallet,79.99,14.40,38.09,2025-11-27,test,0
pay_00000000000620,setl_merchant_2_0033,bnk_000000000035,34414.00,card,602.25,108.41,344.14,2025-11-27,test,0
pay_00000000000621,setl_merchant_2_0033,bnk_000000000035,16872.83,netbanking,12.00,2.16,168.73,2025-11-27,test,0
pay_00000000000627,setl_merchant_2_0033,bnk_000000000035,8346.00,upi,0.00,0.00,83.46,2025-11-27,test,0
pay_00000000000638,setl_merchant_2_0033,bnk_000000000035,33232.12,wallet,697.87,125.62,332.32,2025-11-27,test,0
pay_00000000000644,setl_merchant_2_0033,bnk_000000000035,19960.00,netbanking,12.00,2.16,0.00,2025-11-27,test,0
pay_00000000000648,setl_merchant_2_0033,bnk_000000000035,17143.00,netbanking,12.00,2.16,171.43,2025-11-27,test,0
pay_00000000000679,setl_merchant_2_0033,bnk_000000000035,27338.57,netbanking,12.00,2.16,273.39,2025-11-27,test,0
pay_00000000000689,setl_merchant_2_0033,bnk_000000000035,8995.50,upi,0.00,0.00,0.00,2025-11-27,test,0
pay_00000000000691,setl_merchant_2_0033,bnk_000000000035,3663.18,wallet,76.93,13.85,36.63,2025-11-27,test,0
pay_00000000000705,setl_merchant_2_0033,bnk_000000000035,44516.21,netbanking,12.00,2.16,445.16,2025-11-27,test,0
pay_00000000000732,setl_merchant_2_0033,bnk_000000000035,118078.83,card,2066.38,371.95,1180.79,2025-11-27,test,0
pay_00000000000783,setl_merchant_2_0033,bnk_000000000035,40535.80,netbanking,12.00,2.16,405.36,2025-11-27,test,0
pay_00000000000802,setl_merchant_2_0033,bnk_000000000035,19354.94,wallet,406.45,73.16,193.55,2025-11-27,test,0
pay_00000000000834,setl_merchant_2_0033,bnk_000000000035,34143.38,netbanking,12.00,2.16,341.43,2025-11-27,test,0
pay_00000000000859,setl_merchant_2_0033,bnk_000000000035,21870.75,wallet,459.29,82.67,218.71,2025-11-27,test,0
pay_00000000000889,setl_merchant_2_0033,bnk_000000000035,29403.00,netbanking,12.00,2.16,294.03,2025-11-27,test,0
pay_00000000000900,setl_merchant_2_0033,bnk_000000000035,4989.94,upi,0.00,0.00,49.90,2025-11-27,test,0
pay_00000000000933,setl_merchant_2_0033,bnk_000000000035,19520.46,wallet,409.93,73.79,0.00,2025-11-27,test,0
pay_00000000000942,setl_merchant_2_0033,bnk_000000000035,31169.99,wallet,654.57,117.82,0.00,2025-11-27,test,0
pay_00000000000962,setl_merchant_2_0033,bnk_000000000035,41414.00,upi,0.00,0.00,414.14,2025-11-27,test,0
pay_00000000000978,setl_merchant_2_0033,bnk_000000000035,197150.00,upi,0.00,0.00,1971.50,2025-11-27,test,0
pay_00000000000989,setl_merchant_2_0033,bnk_000000000035,5583.79,upi,0.00,0.00,0.00,2025-11-27,test,0
pay_00000000000993,setl_merchant_2_0033,bnk_000000000035,2308.48,wallet,48.48,8.73,23.08,2025-11-27,test,0
pay_00000000000994,setl_merchant_2_0033,bnk_000000000035,35435.12,netbanking,12.00,2.16,354.35,2025-11-27,test,0
pay_00000000001005,setl_merchant_2_0033,bnk_000000000035,43989.02,netbanking,12.00,2.16,439.89,2025-11-27,test,0
pay_00000000001036,setl_merchant_2_0033,bnk_000000000035,7025.95,netbanking,12.00,2.16,70.26,2025-11-27,test,0
pay_00000000001039,setl_merchant_2_0033,bnk_000000000035,43814.00,card,766.75,138.02,438.14,2025-11-27,test,0
pay_00000000001067,setl_merchant_2_0033,bnk_000000000035,224856.00,netbanking,12.00,2.16,2248.56,2025-11-27,test,0
pay_00000000001070,setl_merchant_2_0033,bnk_000000000035,121843.00,netbanking,12.00,2.16,0.00,2025-11-27,test,0
pay_00000000001099,setl_merchant_2_0033,bnk_000000000035,12035.99,wallet,252.76,45.50,120.36,2025-11-27,test,0
pay_00000000001135,setl_merchant_2_0033,bnk_000000000035,36364.37,netbanking,12.00,2.16,0.00,2025-11-27,test,0
pay_00000000001156,setl_merchant_2_0033,bnk_000000000035,187599.46,netbanking,12.00,2.16,1875.99,2025-11-27,test,0
pay_00000000001170,setl_merchant_2_0033,bnk_000000000035,17085.25,card,298.99,53.82,170.85,2025-11-27,test,0
pay_00000000001187,setl_merchant_2_0033,bnk_000000000035,5641.76,netbanking,12.00,2.16,56.42,2025-11-27,test,0
pay_00000000001210,setl_merchant_2_0033,bnk_000000000035,156374.72,netbanking,12.00,2.16,1563.75,2025-11-27,test,0
pay_00000000001228,setl_merchant_2_0033,bnk_000000000035,41850.94,wallet,878.87,158.20,418.51,2025-11-27,test,0
pay_00000000001229,setl_merchant_2_0033,bnk_000000000035,21746.95,netbanking,12.00,2.16,217.47,2025-11-27,test,0
pay_00000000001244,setl_merchant_2_0033,bnk_000000000035,8397.83,upi,0.00,0.00,83.98,2025-11-27,test,0
pay_00000000001254,setl_merchant_2_0033,bnk_000000000035,8841.62,netbanking,12.00,2.16,88.42,2025-11-27,test,0
pay_00000000001271,setl_merchant_2_0033,bnk_000000000035,3875.84,netbanking,12.00,2.16,38.76,2025-11-27,test,0
pay_00000000001277,setl_merchant_2_0033,bnk_000000000035,238965.99,netbanking,12.00,2.16,2389.66,2025-11-27,test,0
pay_00000000001296,setl_merchant_2_0033,bnk_000000000035,23678.35,netbanking,12.00,2.16,236.78,2025-11-27,test,0
pay_00000000001316,setl_merchant_2_0033,bnk_000000000035,6652.89,netbanking,12.00,2.16,66.53,2025-11-27,test,0
pay_00000000001317,setl_merchant_2_0033,bnk_000000000035,26945.99,wallet,565.87,101.86,269.46,2025-11-27,test,0
pay_00000000001318,setl_merchant_2_0033,bnk_000000000035,14604.85,wallet,306.70,55.21,146.05,2025-11-27,test,0
pay_00000000001320,setl_merchant_2_0033,bnk_000000000035,55698.99,wallet,1169.68,210.54,556.99,2025-11-27,test,0
pay_00000000001326,setl_merchant_2_0033,bnk_000000000035,146891.72,card,2570.61,462.71,1468.92,2025-11-27,test,0
pay_00000000001333,setl_merchant_2_0033,bnk_000000000035,7397.10,wallet,155.34,27.96,73.97,2025-11-27,test,0
pay_00000000001359,setl_merchant_2_0033,bnk_000000000035,22586.50,netbanking,12.00,2.16,225.87,2025-11-27,test,0
pay_00000000001360,setl_merchant_2_0033,bnk_000000000035,45821.00,netbanking,12.00,2.16,458.21,2025-11-27,test,0
pay_00000000001370,setl_merchant_2_0033,bnk_000000000035,8140.54,upi,0.00,0.00,81.41,2025-11-27,test,0
pay_00000000001384,setl_merchant_2_0033,bnk_000000000035,9604.00,netbanking,12.00,2.16,96.04,2025-11-27,test,0
pay_00000000001388,setl_merchant_2_0033,bnk_000000000035,77429.80,upi,0.00,0.00,774.30,2025-11-27,test,0
pay_00000000001453,setl_merchant_2_0033,bnk_000000000035,29985.00,netbanking,12.00,2.16,0.00,2025-11-27,test,0
pay_00000000001486,setl_merchant_2_0033,bnk_000000000035,2003.00,card,35.05,6.31,20.03,2025-11-27,test,0
pay_00000000001491,setl_merchant_2_0033,bnk_000000000035,40350.99,upi,0.00,0.00,403.51,2025-11-27,test,0
pay_00000000001503,setl_merchant_2_0033,bnk_000000000035,34429.00,wallet,723.01,130.14,344.29,2025-11-27,test,0
pay_00000000001514,setl_merchant_2_0033,bnk_000000000035,189690.99,card,3319.59,597.53,1896.91,2025-11-27,test,0
pay_00000000001526,setl_merchant_2_0033,bnk_000000000035,3343.10,card,58.50,10.53,0.00,2025-11-27,test,0
pay_00000000001536,setl_merchant_2_0033,bnk_000000000035,133775.99,wallet,2809.30,505.67,1337.76,2025-11-27,test,0
pay_00000000001602,setl_merchant_2_0033,bnk_000000000035,8338.99,upi,0.00,0.00,83.39,2025-11-27,test,0
pay_00000000001613,setl_merchant_2_0033,bnk_000000000035,17365.00,netbanking,12.00,2.16,0.00,2025-11-27,test,0
pay_00000000001666,setl_merchant_2_0033,bnk_000000000035,2301.00,netbanking,12.00,2.16,23.01,2025-11-27,test,0
pay_00000000001668,setl_merchant_2_0033,bnk_000000000035,18584.38,upi,0.00,0.00,0.00,2025-11-27,test,0
pay_00000000001669,setl_merchant_2_0033,bnk_000000000035,38570.14,card,674.98,121.50,385.70,2025-11-27,test,0
pay_00000000001685,setl_merchant_2_0033,bnk_000000000035,5956.00,netbanking,12.00,2.16,59.56,2025-11-27,test,0
pay_00000000001702,setl_merchant_2_0033,bnk_000000000035,34396.65,netbanking,12.00,2.16,0.00,2025-11-27,test,0
pay_00000000001740,setl_merchant_2_0033,bnk_000000000035,214233.60,card,3749.09,674.84,2142.34,2025-11-27,test,0
pay_00000000001741,setl_merchant_2_0033,bnk_000000000035,4198.99,netbanking,12.00,2.16,41.99,2025-11-27,test,0
pay_00000000001760,setl_merchant_2_0033,bnk_000000000035,17569.00,wallet,368.95,66.41,175.69,2025-11-27,test,0
pay_00000000001777,setl_merchant_2_0033,bnk_000000000035,29567.00,card,517.42,93.14,0.00,2025-11-27,test,0
pay_00000000001780,setl_merchant_2_0033,bnk_000000000035,4198.00,wallet,88.16,15.87,41.98,2025-11-27,test,0
pay_00000000001802,setl_merchant_2_0033,bnk_000000000035,28783.75,netbanking,12.00,2.16,287.84,2025-11-27,test,1
pay_00000000000118,setl_merchant_2_0034,bnk_000000000036,42077.00,netbanking,12.00,2.16,420.77,2025-11-28,test,0
pay_00000000000122,setl_merchant_2_0034,bnk_000000000036,18110.99,netbanking,12.00,2.16,181.11,2025-11-28,test,0
pay_00000000000137,setl_merchant_2_0034,bnk_000000000036,34645.99,netbanking,12.00,2.16,346.46,2025-11-28,test,0
pay_00000000000155,setl_merchant_2_0034,bnk_000000000036,28673.00,upi,0.00,0.00,286.73,2025-11-28,test,0
pay_00000000000237,setl_merchant_2_0034,bnk_000000000036,36089.00,card,631.56,113.68,360.89,2025-11-28,test,0
pay_00000000000316,setl_merchant_2_0034,bnk_000000000036,36465.31,card,638.14,114.87,364.65,2025-11-28,test,0
pay_00000000000367,setl_merchant_2_0034,bnk_000000000036,24152.99,netbanking,12.00,2.16,241.53,2025-11-28,test,0
pay_00000000000383,setl_merchant_2_0034,bnk_000000000036,12387.22,netbanking,12.00,2.16,123.87,2025-11-28,test,0
pay_00000000000430,setl_merchant_2_0034,bnk_000000000036,170660.00,upi,0.00,0.00,1706.60,2025-11-28,test,0
pay_00000000000518,setl_merchant_2_0034,bnk_000000000036,43045.00,wallet,903.95,162.71,430.45,2025-11-28,test,0
pay_00000000000520,setl_merchant_2_0034,bnk_000000000036,25026.64,wallet,525.56,94.60,250.27,2025-11-28,test,0
pay_00000000000568,setl_merchant_2_0034,bnk_000000000036,10080.00,wallet,211.68,38.10,100.80,2025-11-28,test,0
pay_00000000000702,setl_merchant_2_0034,bnk_000000000036,182656.99,netbanking,12.00,2.16,1826.57,2025-11-28,test,0
pay_00000000000729,setl_merchant_2_0034,bnk_000000000036,7115.00,card,124.51,22.41,71.15,2025-11-28,test,0
pay_00000000000744,setl_merchant_2_0034,bnk_000000000036,42713.36,netbanking,12.00,2.16,427.13,2025-11-28,test,0
pay_00000000000776,setl_merchant_2_0034,bnk_000000000036,7758.96,netbanking,12.00,2.16,77.59,2025-11-28,test,0
pay_00000000000806,setl_merchant_2_0034,bnk_000000000036,8229.70,upi,0.00,0.00,82.30,2025-11-28,test,0
pay_00000000000814,setl_merchant_2_0034,bnk_000000000036,44395.09,netbanking,12.00,2.16,443.95,2025-11-28,test,0
pay_00000000000844,setl_merchant_2_0034,bnk_000000000036,8321.32,wallet,174.75,31.46,0.00,2025-11-28,test,0
pay_00000000000914,setl_merchant_2_0034,bnk_000000000036,8029.68,netbanking,12.00,2.16,80.30,2025-11-28,test,0
pay_00000000001091,setl_merchant_2_0034,bnk_000000000036,17509.00,netbanking,12.00,2.16,175.09,2025-11-28,test,0
pay_00000000001216,setl_merchant_2_0034,bnk_000000000036,19848.00,netbanking,12.00,2.16,198.48,2025-11-28,test,0
pay_00000000001242,setl_merchant_2_0034,bnk_000000000036,7881.23,wallet,165.51,29.79,78.81,2025-11-28,test,0
pay_00000000001356,setl_merchant_2_0034,bnk_000000000036,26987.35,upi,0.00,0.00,269.87,2025-11-28,test,0
pay_00000000001460,setl_merchant_2_0034,bnk_000000000036,38246.69,netbanking,12.00,2.16,382.47,2025-11-28,test,0
pay_00000000001507,setl_merchant_2_0034,bnk_000000000036,55127.04,upi,0.00,0.00,551.27,2025-11-28,test,0
pay_00000000001698,setl_merchant_2_0034,bnk_000000000036,192639.43,netbanking,12.00,2.16,0.00,2025-11-28,test,0
pay_00000000001744,setl_merchant_2_0034,bnk_000000000036,33895.28,card,593.17,106.77,338.95,2025-11-28,test,0
pay_00000000001790,setl_merchant_2_0034,bnk_000000000036,7651.43,netbanking,12.00,2.16,76.51,2025-11-28,test,0
pay_00000000000023,setl_merchant_2_0035,bnk_000000000037,73313.67,card,1282.99,230.94,733.14,2025-11-28,test,0
pay_00000000000069,setl_merchant_2_0035,bnk_000000000037,241373.00,netbanking,12.00,2.16,2413.73,2025-11-28,test,0
pay_00000000000072,setl_merchant_2_0035,bnk_000000000037,23495.99,upi,0.00,0.00,234.96,2025-11-28,test,0
pay_00000000000111,setl_merchant_2_0035,bnk_000000000037,7491.99,wallet,157.33,28.32,74.92,2025-11-28,test,0
pay_00000000000128,setl_merchant_2_0035,bnk_000000000037,3711.74,wallet,77.95,14.03,37.12,2025-11-28,test,0
pay_00000000000132,setl_merchant_2_0035,bnk_000000000037,23686.90,wallet,497.42,89.54,236.87,2025-11-28,test,0
pay_00000000000140,setl_merchant_2_0035,bnk_000000000037,35511.99,card,621.46,111.86,355.12,2025-11-28,test,0
pay_00000000000142,setl_merchant_2_0035,bnk_000000000037,235430.49,netbanking,12.00,2.16,2354.30,2025-11-28,test,0
pay_00000000000148,setl_merchant_2_0035,bnk_000000000037,47537.15,netbanking,12.00,2.16,475.37,2025-11-28,test,0
pay_00000000000152,setl_merchant_2_0035,bnk_000000000037,3710.85,upi,0.00,0.00,37.11,2025-11-28,test,0
pay_00000000000169,setl_merchant_2_0035,bnk_000000000037,37370.99,card,653.99,117.72,373.71,2025-11-28,test,0
pay_00000000000205,setl_merchant_2_0035,bnk_000000000037,13756.99,wallet,288.90,52.00,137.57,2025-11-28,test,0
pay_00000000000217,setl_merchant_2_0035,bnk_000000000037,13834.26,upi,0.00,0.00,138.34,2025-11-28,test,0
pay_00000000000315,setl_merchant_2_0035,bnk_000000000037,185808.66,netbanking,12.00,2.16,1858.09,2025-11-28,test,0
pay_00000000000339,setl_merchant_2_0035,bnk_000000000037,96301.88,netbanking,12.00,2.16,963.02,2025-11-28,test,0
pay_00000000000342,setl_merchant_2_0035,bnk_000000000037,31362.99,netbanking,12.00,2.16,0.00,2025-11-28,test,0
pay_00000000000352,setl_merchant_2_0035,bnk_000000000037,3073.40,upi,0.00,0.00,30.73,2025-11-28,test,0
pay_00000000000449,setl_merchant_2_0035,bnk_000000000037,15698.72,wallet,329.67,59.34,0.00,2025-11-28,test,0
pay_00000000000461,setl_merchant_2_0035,bnk_000000000037,19711.99,netbanking,12.00,2.16,197.12,2025-11-28,test,0
pay_00000000000475,setl_merchant_2_0035,bnk_000000000037,6767.66,card,118.43,21.32,67.68,2025-11-28,test,0
pay_00000000000479,setl_merchant_2_0035,bnk_000000000037,121754.99,netbanking,12.00,2.16,0.00,2025-11-28,test,0
pay_00000000000496,setl_merchant_2_0035,bnk_000000000037,30612.08,wallet,642.85,115.71,306.12,2025-11-28,test,0
pay_00000000000497,setl_merchant_2_0035,bnk_000000000037,23636.99,netbanking,12.00,2.16,236.37,2025-11-28,test,0
pay_00000000000522,setl_merchant_2_0035,bnk_000000000037,17367.85,netbanking,12.00,2.16,0.00,2025-11-28,test,0
pay_00000000000534,setl_merchant_2_0035,bnk_000000000037,208523.30,upi,0.00,0.00,2085.23,2025-11-28,test,0
pay_00000000000630,setl_merchant_2_0035,bnk_000000000037,27130.00,wallet,569.73,102.55,271.30,2025-11-28,test,0
pay_00000000000635,setl_merchant_2_0035,bnk_000000000037,216432.00,wallet,4545.07,818.11,2164.32,2025-11-28,test,0
pay_00000000000654,setl_merchant_2_0035,bnk_000000000037,4629.99,netbanking,12.00,2.16,46.30,2025-11-28,test,0
pay_00000000000659,setl_merchant_2_0035,bnk_000000000037,18793.17,card,328.88,59.20,187.93,2025-11-28,test,0
pay_00000000000694,setl_merchant_2_0035,bnk_000000000037,8753.90,wallet,183.83,33.09,87.54,2025-11-28,test,0
pay_00000000000706,setl_merchant_2_0035,bnk_000000000037,158500.17,netbanking,12.00,2.16,1585.00,2025-11-28,test,0
pay_00000000000741,setl_merchant_2_0035,bnk_000000000037,172524.23,netbanking,12.00,2.16,1725.24,2025-11-28,test,0
pay_00000000000750,setl_merchant_2_0035,bnk_000000000037,69869.32,netbanking,12.00,2.16,0.00,2025-11-28,test,0
pay_00000000000763,setl_merchant_2_0035,bnk_000000000037,161980.33,card,2834.66,510.24,0.00,2025-11-28,test,0
pay_00000000000764,setl_merchant_2_0035,bnk_000000000037,246769.00,upi,0.00,0.00,2467.69,2025-11-28,test,0
pay_00000000000799,setl_merchant_2_0035,bnk_000000000037,25222.99,netbanking,12.00,2.16,252.23,2025-11-28,test,0
pay_00000000000800,setl_merchant_2_0035,bnk_000000000037,15902.01,netbanking,12.00,2.16,159.02,2025-11-28,test,0
pay_00000000000803,setl_merchant_2_0035,bnk_000000000037,161204.99,netbanking,12.00,2.16,1612.05,2025-11-28,test,0
pay_00000000000858,setl_merchant_2_0035,bnk_000000000037,3648.85,card,63.85,11.49,36.49,2025-11-28,test,0
pay_00000000000910,setl_merchant_2_0035,bnk_000000000037,2109.19,netbanking,12.00,2.16,21.09,2025-11-28,test,0
pay_00000000000920,setl_merchant_2_0035,bnk_000000000037,28037.75,netbanking,12.00,2.16,280.38,2025-11-28,test,0
pay_00000000000938,setl_merchant_2_0035,bnk_000000000037,13752.68,card,240.67,43.32,137.53,2025-11-28,test,0
pay_00000000001021,setl_merchant_2_0035,bnk_000000000037,40622.00,netbanking,12.00,2.16,0.00,2025-11-28,test,0
pay_00000000001034,setl_merchant_2_0035,bnk_000000000037,27444.29,netbanking,12.00,2.16,274.44,2025-11-28,test,0
pay_00000000001046,setl_merchant_2_0035,bnk_000000000037,6369.17,netbanking,12.00,2.16,63.69,2025-11-28,test,0
pay_00000000001086,setl_merchant_2_0035,bnk_000000000037,36529.99,upi,0.00,0.00,0.00,2025-11-28,test,0
pay_00000000001103,setl_merchant_2_0035,bnk_000000000037,25900.99,wallet,543.92,97.91,259.01,2025-11-28,test,0
pay_00000000001119,setl_merchant_2_0035,bnk_000000000037,35715.45,netbanking,12.00,2.16,357.15,2025-11-28,test,0
pay_00000000001142,setl_merchant_2_0035,bnk_000000000037,2004.00,card,35.07,6.31,20.04,2025-11-28,test,0
pay_00000000001175,setl_merchant_2_0035,bnk_000000000037,96731.00,card,1692.79,304.70,0.00,2025-11-28,test,0
pay_00000000001221,setl_merchant_2_0035,bnk_000000000037,2194.99,netbanking,12.00,2.16,21.95,2025-11-28,test,0
pay_00000000001225,setl_merchant_2_0035,bnk_000000000037,3783.64,card,66.21,11.92,37.84,2025-11-28,test,0
pay_00000000001313,setl_merchant_2_0035,bnk_000000000037,42355.50,wallet,889.47,160.10,423.56,2025-11-28,test,0
pay_00000000001315,setl_merchant_2_0035,bnk_000000000037,27515.47,wallet,577.82,104.01,275.15,2025-11-28,test,0
pay_00000000001331,setl_merchant_2_0035,bnk_000000000037,25616.99,wallet,537.96,96.83,0.00,2025-11-28,test,0
pay_00000000001345,setl_merchant_2_0035,bnk_000000000037,125739.44,netbanking,12.00,2.16,1257.39,2025-11-28,test,0
pay_00000000001361,setl_merchant_2_0035,bnk_000000000037,24199.99,netbanking,12.00,2.16,242.00,2025-11-28,test,0
pay_00000000001449,setl_merchant_2_0035,bnk_000000000037,7849.00,wallet,164.83,29.67,78.49,2025-11-28,test,0
pay_00000000001458,setl_merchant_2_0035,bnk_000000000037,106332.48,upi,0.00,0.00,1063.32,2025-11-28,test,0
pay_00000000001469,setl_merchant_2_0035,bnk_000000000037,6303.73,wallet,132.38,23.83,0.00,2025-11-28,test,0
pay_00000000001478,setl_merchant_2_0035,bnk_000000000037,17317.00,wallet,363.66,65.46,173.17,2025-11-28,test,0
pay_00000000001539,setl_merchant_2_0035,bnk_000000000037,12230.08,wallet,256.83,46.23,122.30,2025-11-28,test,0
pay_00000000001579,setl_merchant_2_0035,bnk_000000000037,205262.00,netbanking,12.00,2.16,2052.62,2025-11-28,test,0
pay_00000000001639,setl_merchant_2_0035,bnk_000000000037,14516.99,netbanking,12.00,2.16,145.17,2025-11-28,test,0
pay_00000000001717,setl_merchant_2_0035,bnk_000000000037,137028.00,netbanking,12.00,2.16,1370.28,2025-11-28,test,0
pay_00000000001727,setl_merchant_2_0035,bnk_000000000037,6413.99,netbanking,12.00,2.16,64.14,2025-11-28,test,0
pay_00000000001798,setl_merchant_2_0035,bnk_000000000037,105544.99,netbanking,12.00,2.16,1055.45,2025-11-28,test,0
pay_00000000001799,setl_merchant_2_0035,bnk_000000000037,5750.00,card,100.63,18.11,57.50,2025-11-28,test,0
pay_00000000000037,setl_merchant_2_0036,bnk_000000000038,13428.99,netbanking,45.57,8.20,134.29,2025-11-29,test,0
pay_00000000000253,setl_merchant_2_0036,bnk_000000000038,135753.18,wallet,3190.20,574.24,1357.53,2025-11-29,test,0
pay_00000000000266,setl_merchant_2_0036,bnk_000000000038,44005.03,card,880.10,158.42,440.05,2025-11-29,test,0
pay_00000000000569,setl_merchant_2_0036,bnk_000000000038,29376.00,netbanking,85.44,15.38,293.76,2025-11-29,test,0
pay_00000000000684,setl_merchant_2_0036,bnk_000000000038,128163.00,netbanking,332.41,59.83,1281.63,2025-11-29,test,0
pay_00000000000697,setl_merchant_2_0036,bnk_000000000038,28927.04,netbanking,84.32,15.18,0.00,2025-11-29,test,0
pay_00000000000852,setl_merchant_2_0036,bnk_000000000038,132300.99,card,2646.02,476.28,1323.01,2025-11-29,test,0
pay_00000000000950,setl_merchant_2_0036,bnk_000000000038,224790.16,card,4495.81,809.25,2247.90,2025-11-29,test,0
pay_00000000001172,setl_merchant_2_0036,bnk_000000000038,42859.55,card,857.19,154.29,428.60,2025-11-29,test,0
pay_00000000001279,setl_merchant_2_0036,bnk_000000000038,2705.14,wallet,63.57,11.44,27.05,2025-11-29,test,0
pay_00000000001342,setl_merchant_2_0036,bnk_000000000038,6244.67,wallet,146.75,26.42,62.45,2025-11-29,test,0
pay_00000000001400,setl_merchant_2_0036,bnk_000000000038,7577.74,card,151.55,27.28,75.78,2025-11-29,test,0
pay_00000000001427,setl_merchant_2_0036,bnk_000000000038,29511.36,wallet,693.52,124.83,295.11,2025-11-29,test,0
pay_00000000001440,setl_merchant_2_0036,bnk_000000000038,3313.00,netbanking,20.28,3.65,33.13,2025-11-29,test,0
pay_00000000001528,setl_merchant_2_0036,bnk_000000000038,112298.75,netbanking,292.75,52.70,1122.99,2025-11-29,test,0
pay_00000000001632,setl_merchant_2_0036,bnk_000000000038,18371.49,netbanking,57.93,10.43,183.71,2025-11-29,test,0
pay_00000000001640,setl_merchant_2_0036,bnk_000000000038,21830.00,wallet,513.01,92.34,218.30,2025-11-29,test,0
pay_00000000001705,setl_merchant_2_0036,bnk_000000000038,42861.68,netbanking,119.15,21.45,428.62,2025-11-29,test,0
pay_00000000000062,setl_merchant_2_0037,bnk_000000000039,8609.37,netbanking,12.00,2.16,86.09,2025-11-29,test,0
pay_00000000000247,setl_merchant_2_0037,bnk_000000000039,12855.53,netbanking,12.00,2.16,128.56,2025-11-29,test,0
pay_00000000000309,setl_merchant_2_0037,bnk_000000000039,85175.67,card,1490.57,268.30,851.76,2025-11-29,test,0
pay_00000000000387,setl_merchant_2_0037,bnk_000000000039,9385.99,card,164.25,29.57,93.86,2025-11-29,test,0
pay_00000000000439,setl_merchant_2_0037,bnk_000000000039,38733.79,wallet,813.41,146.41,387.34,2025-11-29,test,0
pay_00000000000485,setl_merchant_2_0037,bnk_000000000039,224140.89,netbanking,12.00,2.16,0.00,2025-11-29,test,0
pay_00000000000535,setl_merchant_2_0037,bnk_000000000039,109308.42,wallet,2295.48,413.19,1093.08,2025-11-29,test,0
pay_00000000000855,setl_merchant_2_0037,bnk_000000000039,5742.76,netbanking,12.00,2.16,0.00,2025-11-29,test,0
pay_00000000000861,setl_merchant_2_0037,bnk_000000000039,8085.00,netbanking,12.00,2.16,0.00,2025-11-29,test,0
pay_00000000000891,setl_merchant_2_0037,bnk_000000000039,118977.99,card,2082.11,374.78,1189.78,2025-11-29,test,0
pay_00000000001026,setl_merchant_2_0037,bnk_000000000039,3299.00,netbanking,12.00,2.16,32.99,2025-11-29,test,0
pay_00000000001062,setl_merchant_2_0037,bnk_000000000039,43311.28,wallet,909.54,163.72,0.00,2025-11-29,test,0
pay_00000000001125,setl_merchant_2_0037,bnk_000000000039,16251.02,netbanking,12.00,2.16,162.51,2025-11-29,test,0
pay_00000000001195,setl_merchant_2_0037,bnk_000000000039,14779.00,netbanking,12.00,2.16,147.79,2025-11-29,test,0
pay_00000000001438,setl_merchant_2_0037,bnk_000000000039,206677.80,upi,0.00,0.00,2066.78,2025-11-29,test,0
pay_00000000000036,setl_merchant_2_0038,bnk_000000000040,32511.00,netbanking,12.00,2.16,0.00,2025-11-29,test,0
pay_00000000000117,setl_merchant_2_0038,bnk_000000000040,27105.58,wallet,569.22,102.46,271.06,2025-11-29,test,0
pay_00000000000129,setl_merchant_2_0038,bnk_000000000040,13772.89,wallet,289.23,52.06,137.73,2025-11-29,test,0
pay_00000000000133,setl_merchant_2_0038,bnk_000000000040,29148.00,netbanking,12.00,2.16,291.48,2025-11-29,test,0
pay_00000000000153,setl_merchant_2_0038,bnk_000000000040,86719.00,wallet,1821.10,327.80,867.19,2025-11-29,test,0
pay_00000000000184,setl_merchant_2_0038,bnk_000000000040,26179.00,netbanking,12.00,2.16,261.79,2025-11-29,test,0
pay_00000000000203,setl_merchant_2_0038,bnk_000000000040,2092.99,netbanking,12.00,2.16,20.93,2025-11-29,test,0
pay_00000000000226,setl_merchant_2_0038,bnk_000000000040,5457.00,card,95.50,17.19,54.57,2025-11-29,test,0
pay_00000000000233,setl_merchant_2_0038,bnk_000000000040,37231.00,wallet,781.85,140.73,372.31,2025-11-29,test,0
pay_00000000000255,setl_merchant_2_0038,bnk_000000000040,144510.00,netbanking,12.00,2.16,1445.10,2025-11-29,test,0
pay_00000000000390,setl_merchant_2_0038,bnk_000000000040,7924.15,netbanking,12.00,2.16,79.24,2025-11-29,test,0
pay_00000000000399,setl_merchant_2_0038,bnk_000000000040,185589.15,netbanking,12.00,2.16,1855.89,2025-11-29,test,0
pay_00000000000420,setl_merchant_2_0038,bnk_000000000040,36115.00,upi,0.00,0.00,361.15,2025-11-29,test,0
pay_00000000000613,setl_merchant_2_0038,bnk_000000000040,6514.99,netbanking,12.00,2.16,65.15,2025-11-29,test,0
pay_00000000000677,setl_merchant_2_0038,bnk_000000000040,6573.89,netbanking,12.00,2.16,65.74,2025-11-29,test,0
pay_00000000000678,setl_merchant_2_0038,bnk_000000000040,37317.99,upi,0.00,0.00,0.00,2025-11-29,test,0
pay_00000000000681,setl_merchant_2_0038,bnk_000000000040,44590.80,netbanking,12.00,2.16,445.91,2025-11-29,test,0
pay_00000000000704,setl_merchant_2_0038,bnk_000000000040,107546.99,card,1882.07,338.77,1075.47,2025-11-29,test,0
pay_00000000000747,setl_merchant_2_0038,bnk_000000000040,6041.63,netbanking,12.00,2.16,60.42,2025-11-29,test,0
pay_00000000000758,setl_merchant_2_0038,bnk_000000000040,7293.00,netbanking,12.00,2.16,72.93,2025-11-29,test,0
pay_00000000000843,setl_merchant_2_0038,bnk_000000000040,7963.33,netbanking,12.00,2.16,0.00,2025-11-29,test,0
pay_00000000000856,setl_merchant_2_0038,bnk_000000000040,16224.32,netbanking,12.00,2.16,162.24,2025-11-29,test,0
pay_00000000000890,setl_merchant_2_0038,bnk_000000000040,28165.97,wallet,591.49,106.47,281.66,2025-11-29,test,0
pay_00000000000943,setl_merchant_2_0038,bnk_000000000040,4831.33,card,84.55,15.22,48.31,2025-11-29,test,0
pay_00000000000948,setl_merchant_2_0038,bnk_000000000040,42955.00,netbanking,12.00,2.16,429.55,2025-11-29,test,0
pay_00000000001047,setl_merchant_2_0038,bnk_000000000040,2096.78,wallet,44.03,7.93,20.97,2025-11-29,test,0
pay_00000000001072,setl_merchant_2_0038,bnk_000000000040,3005.80,netbanking,12.00,2.16,30.06,2025-11-29,test,0
pay_00000000001089,setl_merchant_2_0038,bnk_000000000040,5624.90,netbanking,12.00,2.16,0.00,2025-11-29,test,0
pay_00000000001155,setl_merchant_2_0038,bnk_000000000040,6776.00,wallet,142.30,25.61,67.76,2025-11-29,test,0
pay_00000000001238,setl_merchant_2_0038,bnk_000000000040,60814.51,netbanking,12.00,2.16,0.00,2025-11-29,test,0
pay_00000000001328,setl_merchant_2_0038,bnk_000000000040,3492.69,upi,0.00,0.00,34.93,2025-11-29,test,0
pay_00000000001445,setl_merchant_2_0038,bnk_000000000040,4136.29,card,72.39,13.03,41.36,2025-11-29,test,0
pay_00000000001446,setl_merchant_2_0038,bnk_000000000040,23892.65,upi,0.00,0.00,238.93,2025-11-29,test,0
pay_00000000001473,setl_merchant_2_0038,bnk_000000000040,41939.85,card,733.95,132.11,0.00,2025-11-29,test,0
pay_00000000001617,setl_merchant_2_0038,bnk_000000000040,242355.38,card,4241.22,763.42,2423.55,2025-11-29,test,0
pay_00000000001634,setl_merchant_2_0038,bnk_000000000040,28177.99,netbanking,12.00,2.16,281.78,2025-11-29,test,0
pay_00000000001667,setl_merchant_2_0038,bnk_000000000040,2900.88,netbanking,12.00,2.16,29.01,2025-11-29,test,0
pay_00000000001773,setl_merchant_2_0038,bnk_000000000040,26515.99,card,464.03,83.53,0.00,2025-11-29,test,0
pay_00000000001775,setl_merchant_2_0038,bnk_000000000040,24302.90,netbanking,12.00,2.16,243.03,2025-11-29,test,0
pay_00000000001792,setl_merchant_2_0038,bnk_000000000040,5444.10,netbanking,12.00,2.16,0.00,2025-11-29,test,0
pay_00000000001796,setl_merchant_2_0038,bnk_000000000040,37055.12,wallet,778.16,140.07,370.55,2025-11-29,test,0
pay_00000000000019,setl_merchant_2_0039,bnk_000000000041,3678.07,netbanking,12.00,2.16,36.78,2025-12-01,test,0
pay_00000000000313,setl_merchant_2_0039,bnk_000000000041,21989.00,wallet,461.77,83.12,0.00,2025-12-01,test,0
pay_00000000000317,setl_merchant_2_0039,bnk_000000000041,9941.22,netbanking,12.00,2.16,99.41,2025-12-01,test,0
pay_00000000000329,setl_merchant_2_0039,bnk_000000000041,129040.00,card,2258.20,406.48,1290.40,2025-12-01,test,0
pay_00000000000537,setl_merchant_2_0039,bnk_000000000041,8877.99,card,155.36,27.96,88.78,2025-12-01,test,0
pay_00000000000550,setl_merchant_2_0039,bnk_000000000041,112701.99,wallet,2366.74,426.01,1127.02,2025-12-01,test,0
pay_00000000000572,setl_merchant_2_0039,bnk_000000000041,2897.41,card,50.70,9.13,28.97,2025-12-01,test,0
pay_00000000000662,setl_merchant_2_0039,bnk_000000000041,4007.74,netbanking,12.00,2.16,40.08,2025-12-01,test,0
pay_00000000000949,setl_merchant_2_0039,bnk_000000000041,170997.64,card,2992.46,538.64,0.00,2025-12-01,test,0
pay_00000000000985,setl_merchant_2_0039,bnk_000000000041,7329.99,card,128.27,23.09,73.30,2025-12-01,test,0
pay_00000000001122,setl_merchant_2_0039,bnk_000000000041,7784.00,wallet,163.46,29.42,77.84,2025-12-01,test,0
pay_00000000001173,setl_merchant_2_0039,bnk_000000000041,18617.22,upi,0.00,0.00,186.17,2025-12-01,test,0
pay_00000000001369,setl_merchant_2_0039,bnk_000000000041,28174.99,netbanking,12.00,2.16,281.75,2025-12-01,test,0
pay_00000000001719,setl_merchant_2_0039,bnk_000000000041,8841.00,netbanking,12.00,2.16,88.41,2025-12-01,test,0
pay_00000000001748,setl_merchant_2_0039,bnk_000000000041,24292.00,netbanking,12.00,2.16,242.92,2025-12-01,test,0
pay_00000000000112,setl_merchant_2_0040,bnk_000000000042,34418.68,wallet,722.79,130.10,344.19,2025-12-01,test,0
pay_00000000000138,setl_merchant_2_0040,bnk_000000000042,164194.88,netbanking,12.00,2.16,1641.95,2025-12-01,test,0
pay_00000000000149,setl_merchant_2_0040,bnk_000000000042,6344.00,netbanking,12.00,2.16,63.44,2025-12-01,test,0
pay_00000000000216,setl_merchant_2_0040,bnk_000000000042,53138.92,card,929.93,167.39,531.39,2025-12-01,test,0
pay_00000000000274,setl_merchant_2_0040,bnk_000000000042,4928.50,netbanking,12.00,2.16,49.29,2025-12-01,test,0
pay_00000000000295,setl_merchant_2_0040,bnk_000000000042,232506.40,wallet,4882.63,878.87,2325.06,2025-12-01,test,0
pay_00000000000308,setl_merchant_2_0040,bnk_000000000042,2023.99,netbanking,12.00,2.16,20.24,2025-12-01,test,0
pay_00000000000357,setl_merchant_2_0040,bnk_000000000042,7939.01,netbanking,12.00,2.16,0.00,2025-12-01,test,0
pay_00000000000366,setl_merchant_2_0040,bnk_000000000042,34917.99,card,611.06,109.99,0.00,2025-12-01,test,0
pay_00000000000438,setl_merchant_2_0040,bnk_000000000042,36001.00,upi,0.00,0.00,360.01,2025-12-01,test,0
pay_00000000000442,setl_merchant_2_0040,bnk_000000000042,14406.53,upi,0.00,0.00,144.07,2025-12-01,test,0
pay_00000000000444,setl_merchant_2_0040,bnk_000000000042,69932.99,netbanking,12.00,2.16,699.33,2025-12-01,test,0
pay_00000000000447,setl_merchant_2_0040,bnk_000000000042,147513.82,netbanking,12.00,2.16,1475.14,2025-12-01,test,0
pay_00000000000492,setl_merchant_2_0040,bnk_000000000042,74654.57,wallet,1567.75,282.20,746.55,2025-12-01,test,0
pay_00000000000591,setl_merchant_2_0040,bnk_000000000042,31964.00,card,559.37,100.69,319.64,2025-12-01,test,0
pay_00000000000612,setl_merchant_2_0040,bnk_000000000042,3118.00,card,54.57,9.82,31.18,2025-12-01,test,0
pay_00000000000660,setl_merchant_2_0040,bnk_000000000042,23947.84,wallet,502.90,90.52,239.48,2025-12-01,test,0
pay_00000000000682,setl_merchant_2_0040,bnk_000000000042,27634.00,wallet,580.31,104.46,276.34,2025-12-01,test,0
pay_00000000000805,setl_merchant_2_0040,bnk_000000000042,6763.44,netbanking,12.00,2.16,67.63,2025-12-01,test,0
pay_00000000000815,setl_merchant_2_0040,bnk_000000000042,43377.00,card,759.10,136.64,433.77,2025-12-01,test,0
pay_00000000000826,setl_merchant_2_0040,bnk_000000000042,43403.00,card,759.55,136.72,434.03,2025-12-01,test,0
pay_00000000000857,setl_merchant_2_0040,bnk_000000000042,180788.33,netbanking,12.00,2.16,1807.88,2025-12-01,test,0
pay_00000000000865,setl_merchant_2_0040,bnk_000000000042,39798.99,card,696.48,125.37,397.99,2025-12-01,test,0
pay_00000000000866,setl_merchant_2_0040,bnk_000000000042,41573.00,upi,0.00,0.00,415.73,2025-12-01,test,0
pay_00000000000893,setl_merchant_2_0040,bnk_000000000042,42015.00,netbanking,12.00,2.16,0.00,2025-12-01,test,0
pay_00000000000936,setl_merchant_2_0040,bnk_000000000042,39923.00,upi,0.00,0.00,399.23,2025-12-01,test,0
pay_00000000000940,setl_merchant_2_0040,bnk_000000000042,8852.99,card,154.93,27.89,0.00,2025-12-01,test,0
pay_00000000000947,setl_merchant_2_0040,bnk_000000000042,111801.53,netbanking,12.00,2.16,1118.02,2025-12-01,test,0
pay_00000000000956,setl_merchant_2_0040,bnk_000000000042,173970.00,card,3044.48,548.01,1739.70,2025-12-01,test,0
pay_00000000000980,setl_merchant_2_0040,bnk_000000000042,2936.66,upi,0.00,0.00,29.37,2025-12-01,test,0
pay_00000000000984,setl_merchant_2_0040,bnk_000000000042,36063.19,card,631.11,113.60,0.00,2025-12-01,test,0
pay_00000000000996,setl_merchant_2_0040,bnk_000000000042,41876.19,netbanking,12.00,2.16,418.76,2025-12-01,test,0
pay_00000000001003,setl_merchant_2_0040,bnk_000000000042,35321.26,netbanking,12.00,2.16,353.21,2025-12-01,test,0
pay_00000000001061,setl_merchant_2_0040,bnk_000000000042,7389.99,netbanking,12.00,2.16,73.90,2025-12-01,test,0
pay_00000000001084,setl_merchant_2_0040,bnk_000000000042,176062.75,netbanking,12.00,2.16,1760.63,2025-12-01,test,0
pay_00000000001115,setl_merchant_2_0040,bnk_000000000042,23635.00,card,413.61,74.45,236.35,2025-12-01,test,0
pay_00000000001319,setl_merchant_2_0040,bnk_000000000042,6887.77,card,120.54,21.70,68.88,2025-12-01,test,0
pay_00000000001418,setl_merchant_2_0040,bnk_000000000042,22890.99,upi,0.00,0.00,0.00,2025-12-01,test,0
pay_00000000001479,setl_merchant_2_0040,bnk_000000000042,6711.85,netbanking,12.00,2.16,67.12,2025-12-01,test,0
pay_00000000001519,setl_merchant_2_0040,bnk_000000000042,191130.52,netbanking,12.00,2.16,0.00,2025-12-01,test,0
pay_00000000001524,setl_merchant_2_0040,bnk_000000000042,25120.09,netbanking,12.00,2.16,251.20,2025-12-01,test,0
pay_00000000001544,setl_merchant_2_0040,bnk_000000000042,14853.99,wallet,311.93,56.15,148.54,2025-12-01,test,0
pay_00000000001553,setl_merchant_2_0040,bnk_000000000042,2931.68,wallet,61.57,11.08,29.32,2025-12-01,test,0
pay_00000000001607,setl_merchant_2_0040,bnk_000000000042,55814.00,netbanking,12.00,2.16,558.14,2025-12-01,test,0
pay_00000000001716,setl_merchant_2_0040,bnk_000000000042,149702.12,card,2619.79,471.56,1497.02,2025-12-01,test,0
pay_00000000001728,setl_merchant_2_0040,bnk_000000000042,3889.00,netbanking,12.00,2.16,38.89,2025-12-01,test,0
pay_00000000000022,setl_merchant_2_0041,bnk_000000000043,2377.48,netbanking,12.00,2.16,23.77,2025-12-02,test,0
pay_00000000000079,setl_merchant_2_0041,bnk_000000000043,23610.90,upi,0.00,0.00,0.00,2025-12-02,test,0
pay_00000000000109,setl_merchant_2_0041,bnk_000000000043,3964.00,upi,0.00,0.00,39.64,2025-12-02,test,0
pay_00000000000116,setl_merchant_2_0041,bnk_000000000043,36638.00,netbanking,12.00,2.16,366.38,2025-12-02,test,0
pay_00000000000175,setl_merchant_2_0041,bnk_000000000043,5623.45,wallet,118.09,21.26,56.23,2025-12-02,test,0
pay_00000000000220,setl_merchant_2_0041,bnk_000000000043,35228.09,wallet,739.79,133.16,352.28,2025-12-02,test,0
pay_00000000000277,setl_merchant_2_0041,bnk_000000000043,58646.64,netbanking,12.00,2.16,586.47,2025-12-02,test,0
pay_00000000000325,setl_merchant_2_0041,bnk_000000000043,31223.00,netbanking,12.00,2.16,312.23,2025-12-02,test,0
pay_00000000000421,setl_merchant_2_0041,bnk_000000000043,149956.70,card,2624.24,472.36,1499.57,2025-12-02,test,0
pay_00000000000529,setl_merchant_2_0041,bnk_000000000043,227240.00,netbanking,12.00,2.16,2272.40,2025-12-02,test,0
pay_00000000000532,setl_merchant_2_0041,bnk_000000000043,7724.00,card,135.17,24.33,77.24,2025-12-02,test,0
pay_00000000000543,setl_merchant_2_0041,bnk_000000000043,14813.17,card,259.23,46.66,148.13,2025-12-02,test,0
pay_00000000000557,setl_merchant_2_0041,bnk_000000000043,7923.62,netbanking,12.00,2.16,79.24,2025-12-02,test,0
pay_00000000000597,setl_merchant_2_0041,bnk_000000000043,8249.99,netbanking,12.00,2.16,82.50,2025-12-02,test,0
pay_00000000000608,setl_merchant_2_0041,bnk_000000000043,5462.63,netbanking,12.00,2.16,54.63,2025-12-02,test,0
pay_00000000000640,setl_merchant_2_0041,bnk_000000000043,32934.00,wallet,691.61,124.49,329.34,2025-12-02,test,0
pay_00000000000736,setl_merchant_2_0041,bnk_000000000043,2975.65,netbanking,12.00,2.16,29.76,2025-12-02,test,0
pay_00000000000901,setl_merchant_2_0041,bnk_000000000043,31673.00,wallet,665.13,119.72,316.73,2025-12-02,test,0
pay_00000000000903,setl_merchant_2_0041,bnk_000000000043,43433.26,card,760.08,136.81,434.33,2025-12-02,test,0
pay_00000000001030,setl_merchant_2_0041,bnk_000000000043,5777.00,card,101.10,18.20,0.00,2025-12-02,test,0
pay_00000000001085,setl_merchant_2_0041,bnk_000000000043,43418.05,wallet,911.78,164.12,434.18,2025-12-02,test,0
pay_00000000001107,setl_merchant_2_0041,bnk_000000000043,10236.00,netbanking,12.00,2.16,102.36,2025-12-02,test,0
pay_00000000001194,setl_merchant_2_0041,bnk_000000000043,10248.79,netbanking,12.00,2.16,102.49,2025-12-02,test,0
pay_00000000001209,setl_merchant_2_0041,bnk_000000000043,6876.00,card,120.33,21.66,68.76,2025-12-02,test,0
pay_00000000001256,setl_merchant_2_0041,bnk_000000000043,42165.00,wallet,885.47,159.38,421.65,2025-12-02,test,0
pay_00000000001285,setl_merchant_2_0041,bnk_000000000043,42699.00,netbanking,12.00,2.16,426.99,2025-12-02,test,0
pay_00000000001290,setl_merchant_2_0041,bnk_000000000043,2167.99,upi,0.00,0.00,21.68,2025-12-02,test,0
pay_00000000001340,setl_merchant_2_0041,bnk_000000000043,28523.44,wallet,598.99,107.82,285.23,2025-12-02,test,0
pay_00000000001350,setl_merchant_2_0041,bnk_000000000043,127341.39,upi,0.00,0.00,1273.41,2025-12-02,test,0
pay_00000000001351,setl_merchant_2_0041,bnk_000000000043,111550.00,netbanking,12.00,2.16,1115.50,2025-12-02,test,0
pay_00000000001451,setl_merchant_2_0041,bnk_000000000043,2181.23,card,38.17,6.87,0.00,2025-12-02,test,0
pay_00000000001513,setl_merchant_2_0041,bnk_000000000043,45954.16,wallet,965.04,173.71,0.00,2025-12-02,test,0
pay_00000000001527,setl_merchant_2_0041,bnk_000000000043,2969.99,netbanking,12.00,2.16,29.70,2025-12-02,test,0
pay_00000000001531,setl_merchant_2_0041,bnk_000000000043,7440.00,card,130.20,23.44,74.40,2025-12-02,test,0
pay_00000000001542,setl_merchant_2_0041,bnk_000000000043,133276.99,card,2332.35,419.82,1332.77,2025-12-02,test,0
pay_00000000001566,setl_merchant_2_0041,bnk_000000000043,26448.74,upi,0.00,0.00,264.49,2025-12-02,test,0
pay_00000000001576,setl_merchant_2_0041,bnk_000000000043,3466.00,netbanking,12.00,2.16,34.66,2025-12-02,test,0
pay_00000000001675,setl_merchant_2_0041,bnk_000000000043,5732.00,netbanking,12.00,2.16,0.00,2025-12-02,test,0
pay_00000000001761,setl_merchant_2_0041,bnk_000000000043,26148.07,upi,0.00,0.00,0.00,2025-12-02,test,0
pay_00000000001774,setl_merchant_2_0041,bnk_000000000043,186714.96,wallet,3921.01,705.78,1867.15,2025-12-02,test,0
pay_00000000000043,setl_merchant_2_0042,bnk_000000000044,21853.74,netbanking,12.00,2.16,0.00,2025-12-03,test,0
pay_00000000000285,setl_merchant_2_0042,bnk_000000000044,106002.00,netbanking,12.00,2.16,0.00,2025-12-03,test,0
pay_00000000000288,setl_merchant_2_0042,bnk_000000000044,18014.00,upi,0.00,0.00,180.14,2025-12-03,test,0
pay_00000000000411,setl_merchant_2_0042,bnk_000000000044,197232.00,netbanking,12.00,2.16,1972.32,2025-12-03,test,0
pay_00000000000426,setl_merchant_2_0042,bnk_000000000044,29800.00,card,521.50,93.87,298.00,2025-12-03,test,0
pay_00000000000477,setl_merchant_2_0042,bnk_000000000044,3596.73,card,62.94,11.33,35.97,2025-12-03,test,0
pay_00000000000544,setl_merchant_2_0042,bnk_000000000044,6111.32,wallet,128.34,23.10,0.00,2025-12-03,test,0
pay_00000000000615,setl_merchant_2_0042,bnk_000000000044,92268.04,card,1614.69,290.64,922.68,2025-12-03,test,0
pay_00000000000831,setl_merchant_2_0042,bnk_000000000044,42790.57,card,748.83,134.79,427.91,2025-12-03,test,0
pay_00000000000909,setl_merchant_2_0042,bnk_000000000044,33482.06,netbanking,12.00,2.16,334.82,2025-12-03,test,0
pay_00000000001040,setl_merchant_2_0042,bnk_000000000044,149183.00,netbanking,12.00,2.16,0.00,2025-12-03,test,0
pay_00000000001151,setl_merchant_2_0042,bnk_000000000044,23923.50,upi,0.00,0.00,239.24,2025-12-03,test,0
pay_00000000001152,setl_merchant_2_0042,bnk_000000000044,24741.96,card,432.98,77.94,0.00,2025-12-03,test,0
pay_00000000001204,setl_merchant_2_0042,bnk_000000000044,150652.69,netbanking,12.00,2.16,1506.53,2025-12-03,test,0
pay_00000000001286,setl_merchant_2_0042,bnk_000000000044,34203.48,wallet,718.27,129.29,342.03,2025-12-03,test,0
pay_00000000001396,setl_merchant_2_0042,bnk_000000000044,4249.55,netbanking,12.00,2.16,42.50,2025-12-03,test,0
pay_00000000001511,setl_merchant_2_0042,bnk_000000000044,28799.28,wallet,604.78,108.86,287.99,2025-12-03,test,0
pay_00000000001578,setl_merchant_2_0042,bnk_000000000044,23473.00,card,410.78,73.94,234.73,2025-12-03,test,0
pay_00000000000030,setl_merchant_2_0043,bnk_000000000045,43603.99,upi,0.00,0.00,436.04,2025-12-03,test,0
pay_00000000000058,setl_merchant_2_0043,bnk_000000000045,52424.86,wallet,1100.92,198.17,524.25,2025-12-03,test,0
pay_00000000000074,setl_merchant_2_0043,bnk_000000000045,44883.00,upi,0.00,0.00,448.83,2025-12-03,test,0
pay_00000000000115,setl_merchant_2_0043,bnk_000000000045,32316.81,netbanking,12.00,2.16,323.17,2025-12-03,test,0
pay_00000000000127,setl_merchant_2_0043,bnk_000000000045,38866.22,card,680.16,122.43,0.00,2025-12-03,test,0
pay_00000000000162,setl_merchant_2_0043,bnk_000000000045,7911.96,card,138.46,24.92,79.12,2025-12-03,test,0
pay_00000000000312,setl_merchant_2_0043,bnk_000000000045,183788.83,netbanking,12.00,2.16,0.00,2025-12-03,test,0
pay_00000000000332,setl_merchant_2_0043,bnk_000000000045,36928.99,card,646.26,116.33,369.29,2025-12-03,test,0
pay_00000000000409,setl_merchant_2_0043,bnk_000000000045,16306.00,netbanking,12.00,2.16,0.00,2025-12-03,test,0
pay_00000000000484,setl_merchant_2_0043,bnk_000000000045,42776.00,wallet,898.30,161.69,427.76,2025-12-03,test,0
pay_00000000000562,setl_merchant_2_0043,bnk_000000000045,7044.95,wallet,147.94,26.63,70.45,2025-12-03,test,0
pay_00000000000565,setl_merchant_2_0043,bnk_000000000045,3992.37,wallet,83.84,15.09,39.92,2025-12-03,test,0
pay_00000000000566,setl_merchant_2_0043,bnk_000000000045,27371.57,netbanking,12.00,2.16,273.72,2025-12-03,test,0
pay_00000000000642,setl_merchant_2_0043,bnk_000000000045,228726.00,card,4002.71,720.49,2287.26,2025-12-03,test,0
pay_00000000000661,setl_merchant_2_0043,bnk_000000000045,6867.54,upi,0.00,0.00,68.68,2025-12-03,test,0
pay_00000000000688,setl_merchant_2_0043,bnk_000000000045,158591.72,card,2775.36,499.56,1585.92,2025-12-03,test,0
pay_00000000000723,setl_merchant_2_0043,bnk_000000000045,38394.00,netbanking,12.00,2.16,383.94,2025-12-03,test,0
pay_00000000000767,setl_merchant_2_0043,bnk_000000000045,2834.00,card,49.60,8.93,0.00,2025-12-03,test,0
pay_00000000000894,setl_merchant_2_0043,bnk_000000000045,24359.18,wallet,511.54,92.08,243.59,2025-12-03,test,0
pay_00000000000961,setl_merchant_2_0043,bnk_000000000045,185117.18,netbanking,12.00,2.16,1851.17,2025-12-03,test,0
pay_00000000000976,setl_merchant_2_0043,bnk_000000000045,30349.97,netbanking,12.00,2.16,303.50,2025-12-03,test,0
pay_00000000000995,setl_merchant_2_0043,bnk_000000000045,206664.69,wallet,4339.96,781.19,2066.65,2025-12-03,test,0
pay_00000000001004,setl_merchant_2_0043,bnk_000000000045,5758.90,upi,0.00,0.00,57.59,2025-12-03,test,0
pay_00000000001018,setl_merchant_2_0043,bnk_000000000045,3244.92,wallet,68.14,12.27,32.45,2025-12-03,test,0
pay_00000000001037,setl_merchant_2_0043,bnk_000000000045,198764.00,upi,0.00,0.00,1987.64,2025-12-03,test,0
pay_00000000001042,setl_merchant_2_0043,bnk_000000000045,13065.05,netbanking,12.00,2.16,130.65,2025-12-03,test,0
pay_00000000001080,setl_merchant_2_0043,bnk_000000000045,43674.32,wallet,917.16,165.09,436.74,2025-12-03,test,0
pay_00000000001087,setl_merchant_2_0043,bnk_000000000045,22757.23,wallet,477.90,86.02,227.57,2025-12-03,test,0
pay_00000000001111,setl_merchant_2_0043,bnk_000000000045,5793.01,netbanking,12.00,2.16,57.93,2025-12-03,test,0
pay_00000000001183,setl_merchant_2_0043,bnk_000000000045,24746.89,card,433.07,77.95,247.47,2025-12-03,test,0
pay_00000000001236,setl_merchant_2_0043,bnk_000000000045,8338.40,card,145.92,26.27,83.38,2025-12-03,test,0
pay_00000000001292,setl_merchant_2_0043,bnk_000000000045,43082.00,upi,0.00,0.00,430.82,2025-12-03,test,0
pay_00000000001327,setl_merchant_2_0043,bnk_000000000045,157518.71,netbanking,12.00,2.16,1575.19,2025-12-03,test,0
pay_00000000001346,setl_merchant_2_0043,bnk_000000000045,10139.51,netbanking,12.00,2.16,101.40,2025-12-03,test,0
pay_00000000001437,setl_merchant_2_0043,bnk_000000000045,42148.99,wallet,885.13,159.32,421.49,2025-12-03,test,0
pay_00000000001495,setl_merchant_2_0043,bnk_000000000045,6314.50,netbanking,12.00,2.16,0.00,2025-12-03,test,0
pay_00000000001509,setl_merchant_2_0043,bnk_000000000045,219805.00,netbanking,12.00,2.16,2198.05,2025-12-03,test,0
pay_00000000001532,setl_merchant_2_0043,bnk_000000000045,8640.73,upi,0.00,0.00,86.41,2025-12-03,test,0
pay_00000000001552,setl_merchant_2_0043,bnk_000000000045,40915.17,upi,0.00,0.00,409.15,2025-12-03,test,0
pay_00000000001558,setl_merchant_2_0043,bnk_000000000045,30682.99,upi,0.00,0.00,306.83,2025-12-03,test,0
pay_00000000001573,setl_merchant_2_0043,bnk_000000000045,140351.00,card,2456.14,442.11,1403.51,2025-12-03,test,0
pay_00000000001575,setl_merchant_2_0043,bnk_000000000045,190437.64,upi,0.00,0.00,1904.38,2025-12-03,test,0
pay_00000000001629,setl_merchant_2_0043,bnk_000000000045,2891.00,card,50.59,9.11,0.00,2025-12-03,test,0
pay_00000000001631,setl_merchant_2_0043,bnk_000000000045,2676.00,wallet,56.20,10.12,26.76,2025-12-03,test,0
pay_00000000001736,setl_merchant_2_0043,bnk_000000000045,25756.52,card,450.74,81.13,257.57,2025-12-03,test,0
pay_00000000001755,setl_merchant_2_0043,bnk_000000000045,21158.55,netbanking,12.00,2.16,211.59,2025-12-03,test,0
pay_00000000001762,setl_merchant_2_0043,bnk_000000000045,68815.35,netbanking,12.00,2.16,688.15,2025-12-03,test,0
pay_00000000001786,setl_merchant_2_0043,bnk_000000000045,31951.87,card,559.16,100.65,319.52,2025-12-03,test,0
pay_00000000001793,setl_merchant_2_0043,bnk_000000000045,37912.00,netbanking,12.00,2.16,379.12,2025-12-03,test,0
