order_id,customer_id,amount,created_at_utc
order_0000000001,cust_0559,2582.23,2025-11-15T13:45:07+00:00
order_0000000002,cust_0340,813.00,2025-11-07T15:47:52+00:00
order_0000000003,cust_0080,900.58,2025-11-08T14:37:46+00:00
order_0000000004,cust_0466,868.57,2025-11-07T11:21:50+00:00
order_0000000005,cust_0484,2939.58,2025-11-24T07:02:05+00:00
order_0000000006,cust_0550,1011.99,2025-11-06T12:16:55+00:00
order_0000000007,cust_0247,396.07,2025-11-27T11:08:24+00:00
order_0000000008,cust_0081,106.99,2025-11-03T00:56:52+00:00
order_0000000009,cust_0727,712.00,2025-11-15T11:06:07+00:00
order_0000000010,cust_0228,1062.99,2025-11-02T16:20:38+00:00
order_0000000011,cust_0068,3280.00,2025-11-28T10:07:22+00:00
order_0000000012,cust_0412,447.73,2025-11-13T04:51:02+00:00
order_0000000013,cust_0783,529.32,2025-11-26T09:45:25+00:00
order_0000000014,cust_0745,375.99,2025-11-27T11:22:43+00:00
order_0000000015,cust_0876,2878.90,2025-11-12T05:45:24+00:00
order_0000000016,cust_0777,794.19,2025-11-23T12:07:35+00:00
order_0000000017,cust_0818,804.72,2025-11-28T12:10:16+00:00
order_0000000018,cust_0082,2280.00,2025-11-15T04:03:44+00:00
order_0000000019,cust_0256,3132.32,2025-11-06T04:10:39+00:00
order_0000000020,cust_0582,165.92,2025-11-15T00:33:05+00:00
order_0000000021,cust_0475,1075.99,2025-11-26T11:44:07+00:00
order_0000000022,cust_0784,372.00,2025-11-06T08:47:15+00:00
order_0000000023,cust_0285,3433.99,2025-11-09T20:59:34+00:00
order_0000000024,cust_0532,421.11,2025-11-08T14:09:42+00:00
order_0000000025,cust_0785,366.08,2025-11-30T13:38:36+00:00
order_0000000026,cust_0512,3526.00,2025-11-18T17:35:57+00:00
order_0000000027,cust_0175,913.81,2025-11-12T18:16:14+00:00
order_0000000028,cust_0152,588.00,2025-11-26T09:35:02+00:00
order_0000000029,cust_0223,216.00,2025-11-05T17:04:40+00:00
order_0000000030,cust_0367,1913.39,2025-11-08T16:13:59+00:00
order_0000000031,cust_0543,464.46,2025-11-17T09:35:13+00:00
order_0000000032,cust_0162,3367.43,2025-11-07T14:20:02+00:00
order_0000000033,cust_0866,765.99,2025-11-02T21:34:23+00:00
order_0000000034,cust_0022,356.00,2025-11-18T16:15:52+00:00
order_0000000035,cust_0276,816.99,2025-11-01T22:22:16+00:00
order_0000000036,cust_0406,402.00,2025-11-02T09:32:20+00:00
order_0000000037,cust_0189,947.99,2025-11-02T04:28:44+00:00
order_0000000038,cust_0513,114.99,2025-11-21T13:39:28+00:00
order_0000000039,cust_0232,304.54,2025-11-02T11:39:59+00:00
order_0000000040,cust_0737,591.99,2025-11-15T15:10:32+00:00
order_0000000041,cust_0149,716.82,2025-11-16T00:40:34+00:00
order_0000000042,cust_0431,1296.01,2025-11-09T11:48:52+00:00
order_0000000043,cust_0064,2146.74,2025-11-10T13:51:27+00:00
order_0000000044,cust_0780,276.45,2025-11-21T06:51:11+00:00
order_0000000045,cust_0074,3136.99,2025-11-09T01:44:20+00:00
order_0000000046,cust_0680,355.00,2025-11-18T15:55:42+00:00
order_0000000047,cust_0185,386.00,2025-11-24T09:09:03+00:00
order_0000000048,cust_0381,595.88,2025-11-27T14:25:33+00:00
order_0000000049,cust_0722,947.99,2025-11-05T01:51:20+00:00
order_0000000050,cust_0050,545.00,2025-11-25T06:38:03+00:00
order_0000000051,cust_0107,547.48,2025-11-28T03:09:31+00:00
order_0000000052,cust_0477,360.99,2025-11-10T17:13:21+00:00
order_0000000053,cust_0822,204.99,2025-11-15T12:41:23+00:00
order_0000000054,cust_0195,904.89,2025-11-05T13:45:49+00:00
order_0000000055,cust_0349,828.83,2025-11-18T09:33:52+00:00
order_0000000056,cust_0527,3382.17,2025-11-17T02:46:58+00:00
order_0000000057,cust_0039,2667.63,2025-11-20T11:37:41+00:00
order_0000000058,cust_0299,1064.16,2025-11-02T17:49:16+00:00
order_0000000059,cust_0398,836.99,2025-11-21T15:53:17+00:00
order_0000000060,cust_0205,1115.00,2025-11-05T17:34:22+00:00
order_0000000061,cust_0893,958.74,2025-11-06T09:59:16+00:00
order_0000000062,cust_0105,13306.99,2025-11-27T15:55:22+00:00
order_0000000063,cust_0455,187.00,2025-11-27T08:18:32+00:00
order_0000000064,cust_0086,485.94,2025-11-29T06:42:31+00:00
order_0000000065,cust_0236,759.60,2025-11-30T14:04:40+00:00
order_0000000066,cust_0078,4228.00,2025-11-10T00:31:26+00:00
order_0000000067,cust_0629,2820.00,2025-11-09T05:20:44+00:00
order_0000000068,cust_0471,800.00,2025-11-14T11:07:55+00:00
order_0000000069,cust_0847,394.00,2025-11-24T18:50:02+00:00
order_0000000070,cust_0236,740.99,2025-11-30T04:27:35+00:00
order_0000000071,cust_0741,258.99,2025-11-11T16:18:31+00:00
order_0000000072,cust_0083,1027.12,2025-11-12T11:07:58+00:00
order_0000000073,cust_0526,188.99,2025-11-29T14:52:04+00:00
order_0000000074,cust_0413,3339.96,2025-11-07T15:40:42+00:00
order_0000000075,cust_0690,480.95,2025-11-10T11:03:34+00:00
order_0000000076,cust_0118,1776.00,2025-11-03T10:36:19+00:00
order_0000000077,cust_0839,774.44,2025-11-27T09:18:49+00:00
order_0000000078,cust_0670,455.00,2025-11-03T03:34:01+00:00
order_0000000079,cust_0732,308.52,2025-11-11T07:24:37+00:00
order_0000000080,cust_0536,932.13,2025-11-14T11:38:12+00:00
order_0000000081,cust_0136,3467.81,2025-11-10T16:57:56+00:00
order_0000000082,cust_0472,108.00,2025-11-17T01:00:55+00:00
order_0000000083,cust_0661,11104.28,2025-11-17T06:15:04+00:00
order_0000000084,cust_0483,1860.40,2025-11-16T11:29:25+00:00
order_0000000085,cust_0199,2974.62,2025-11-17T12:48:06+00:00
order_0000000086,cust_0199,982.00,2025-11-13T13:22:48+00:00
order_0000000087,cust_0093,906.29,2025-11-01T16:38:31+00:00
order_0000000088,cust_0216,1837.93,2025-11-08T12:43:41+00:00
order_0000000089,cust_0840,703.00,2025-11-30T08:13:59+00:00
order_0000000090,cust_0719,684.99,2025-11-04T08:36:24+00:00
order_0000000091,cust_0391,1612.10,2025-11-07T01:02:24+00:00
order_0000000092,cust_0828,1071.00,2025-11-18T11:43:02+00:00
order_0000000093,cust_0110,957.00,2025-11-30T10:45:10+00:00
order_0000000094,cust_0091,559.00,2025-11-27T10:55:21+00:00
order_0000000095,cust_0556,816.00,2025-11-01T13:10:12+00:00
order_0000000096,cust_0475,787.99,2025-11-22T09:00:19+00:00
order_0000000097,cust_0814,132.89,2025-11-13T17:12:48+00:00
order_0000000098,cust_0386,1054.00,2025-11-01T22:15:31+00:00
order_0000000099,cust_0399,911.00,2025-11-24T04:09:04+00:00
order_0000000100,cust_0644,570.34,2025-11-29T08:08:11+00:00
order_0000000101,cust_0674,155.72,2025-11-18T02:07:52+00:00
order_0000000102,cust_0139,484.00,2025-11-05T23:04:51+00:00
order_0000000103,cust_0148,732.00,2025-11-18T06:55:20+00:00
order_0000000104,cust_0801,1004.12,2025-11-05T16:41:41+00:00
order_0000000105,cust_0646,11829.42,2025-11-18T14:25:27+00:00
order_0000000106,cust_0757,856.30,2025-11-07T17:16:29+00:00
order_0000000107,cust_0682,443.29,2025-11-05T16:59:07+00:00
order_0000000108,cust_0566,837.00,2025-11-14T15:39:24+00:00
order_0000000109,cust_0062,924.99,2025-11-30T14:40:49+00:00
order_0000000110,cust_0611,213.99,2025-11-08T07:05:38+00:00
order_0000000111,cust_0058,598.00,2025-11-22T12:20:49+00:00
order_0000000112,cust_0649,458.27,2025-11-12T11:57:59+00:00
order_0000000113,cust_0478,269.00,2025-11-14T15:08:29+00:00
order_0000000114,cust_0557,670.87,2025-11-22T11:14:32+00:00
order_0000000115,cust_0653,300.32,2025-11-27T03:41:48+00:00
order_0000000116,cust_0794,1371.06,2025-11-24T18:39:52+00:00
order_0000000117,cust_0243,627.72,2025-11-07T08:51:07+00:00
order_0000000118,cust_0433,844.23,2025-11-01T08:47:23+00:00
order_0000000119,cust_0104,920.02,2025-11-15T00:37:38+00:00
order_0000000120,cust_0198,4747.09,2025-11-05T06:24:56+00:00
order_0000000121,cust_0529,1060.78,2025-11-07T03:13:22+00:00
order_0000000122,cust_0787,269.22,2025-11-06T11:15:43+00:00
order_0000000123,cust_0284,1040.00,2025-11-17T17:40:09+00:00
order_0000000124,cust_0254,2111.55,2025-11-06T01:16:21+00:00
order_0000000125,cust_0183,930.90,2025-11-27T11:42:40+00:00
order_0000000126,cust_0487,494.63,2025-11-28T15:28:05+00:00
order_0000000127,cust_0430,533.73,2025-11-22T20:26:16+00:00
order_0000000128,cust_0676,514.00,2025-11-20T01:51:09+00:00
order_0000000129,cust_0458,256.99,2025-11-13T12:45:22+00:00
order_0000000130,cust_0682,117.25,2025-11-17T11:14:04+00:00
order_0000000131,cust_0348,514.69,2025-11-06T19:42:12+00:00
order_0000000132,cust_0144,764.84,2025-11-09T08:39:21+00:00
order_0000000133,cust_0789,2257.28,2025-11-06T08:36:16+00:00
order_0000000134,cust_0361,899.79,2025-11-03T03:27:48+00:00
order_0000000135,cust_0461,991.30,2025-11-13T06:29:10+00:00
order_0000000136,cust_0128,549.29,2025-11-06T10:11:09+00:00
order_0000000137,cust_0597,159.34,2025-11-16T13:05:36+00:00
order_0000000138,cust_0448,216.00,2025-11-20T22:05:07+00:00
order_0000000139,cust_0546,756.00,2025-11-26T11:02:43+00:00
order_0000000140,cust_0561,154.99,2025-11-01T06:11:09+00:00
order_0000000141,cust_0645,253.74,2025-11-23T02:07:51+00:00
order_0000000142,cust_0608,599.52,2025-11-01T03:53:36+00:00
order_0000000143,cust_0478,308.99,2025-11-23T09:38:22+00:00
order_0000000144,cust_0261,2616.00,2025-11-25T08:45:50+00:00
order_0000000145,cust_0138,330.00,2025-11-27T14:34:01+00:00
order_0000000146,cust_0510,118.59,2025-11-05T12:34:56+00:00
order_0000000147,cust_0886,939.99,2025-11-21T11:56:20+00:00
order_0000000148,cust_0197,454.00,2025-11-20T10:24:21+00:00
order_0000000149,cust_0574,1763.97,2025-11-16T20:00:47+00:00
order_0000000150,cust_0526,903.99,2025-11-21T19:49:14+00:00
order_0000000151,cust_0377,314.00,2025-11-24T15:32:18+00:00
order_0000000152,cust_0104,3368.99,2025-11-25T20:00:58+00:00
order_0000000153,cust_0458,672.99,2025-11-27T13:12:03+00:00
order_0000000154,cust_0018,620.40,2025-11-14T10:47:18+00:00
order_0000000155,cust_0823,505.81,2025-11-11T12:42:05+00:00
order_0000000156,cust_0561,3329.74,2025-11-06T08:15:13+00:00
order_0000000157,cust_0018,1053.00,2025-11-21T19:00:28+00:00
order_0000000158,cust_0538,484.05,2025-11-17T02:09:29+00:00
order_0000000159,cust_0126,2393.14,2025-11-18T09:09:17+00:00
order_0000000160,cust_0074,918.99,2025-11-23T06:56:28+00:00
order_0000000161,cust_0106,787.00,2025-11-26T09:04:34+00:00
order_0000000162,cust_0569,1078.19,2025-11-10T07:34:52+00:00
order_0000000163,cust_0355,657.99,2025-11-26T14:50:05+00:00
order_0000000164,cust_0551,570.00,2025-11-25T23:20:51+00:00
order_0000000165,cust_0391,736.83,2025-11-01T17:36:04+00:00
order_0000000166,cust_0191,797.85,2025-11-27T05:17:47+00:00
order_0000000167,cust_0508,454.09,2025-11-19T12:43:13+00:00
order_0000000168,cust_0214,2613.80,2025-11-24T11:16:41+00:00
order_0000000169,cust_0678,879.99,2025-11-18T13:12:06+00:00
order_0000000170,cust_0518,1041.10,2025-11-05T17:00:56+00:00
order_0000000171,cust_0214,5520.52,2025-11-17T00:37:47+00:00
order_0000000172,cust_0594,3397.38,2025-11-18T13:52:25+00:00
order_0000000173,cust_0370,576.00,2025-11-05T15:30:00+00:00
order_0000000174,cust_0647,412.41,2025-11-22T12:53:19+00:00
order_0000000175,cust_0773,395.13,2025-11-19T03:26:35+00:00
order_0000000176,cust_0226,579.20,2025-11-25T16:34:26+00:00
order_0000000177,cust_0896,538.85,2025-11-29T15:42:12+00:00
order_0000000178,cust_0179,248.69,2025-11-29T18:34:39+00:00
order_0000000179,cust_0293,2552.00,2025-11-19T02:14:03+00:00
order_0000000180,cust_0462,215.82,2025-11-15T15:26:59+00:00
order_0000000181,cust_0887,914.48,2025-11-10T10:57:41+00:00
order_0000000182,cust_0732,1022.91,2025-11-03T12:35:25+00:00
order_0000000183,cust_0783,874.62,2025-11-16T12:55:15+00:00
order_0000000184,cust_0276,663.90,2025-11-02T07:39:14+00:00
order_0000000185,cust_0812,568.57,2025-11-24T17:26:23+00:00
order_0000000186,cust_0560,393.37,2025-11-13T08:43:53+00:00
order_0000000187,cust_0553,302.94,2025-11-22T17:11:40+00:00
order_0000000188,cust_0614,337.36,2025-11-14T11:22:20+00:00
order_0000000189,cust_0203,614.99,2025-11-21T08:57:02+00:00
order_0000000190,cust_0085,508.42,2025-11-24T08:08:34+00:00
order_0000000191,cust_0287,861.99,2025-11-23T03:39:37+00:00
order_0000000192,cust_0281,414.97,2025-11-15T15:05:27+00:00
order_0000000193,cust_0731,3036.77,2025-11-29T09:16:21+00:00
order_0000000194,cust_0243,542.83,2025-11-28T09:26:28+00:00
order_0000000195,cust_0787,591.99,2025-11-08T05:17:56+00:00
order_0000000196,cust_0898,179.00,2025-11-09T17:28:59+00:00
order_0000000197,cust_0770,2095.57,2025-11-08T03:25:50+00:00
order_0000000198,cust_0833,314.99,2025-11-02T10:12:07+00:00
order_0000000199,cust_0625,647.00,2025-11-07T01:18:42+00:00
order_0000000200,cust_0240,1060.53,2025-11-05T08:41:19+00:00
order_0000000201,cust_0754,747.06,2025-11-30T09:46:57+00:00
order_0000000202,cust_0312,131.96,2025-11-10T16:31:56+00:00
order_0000000203,cust_0791,400.00,2025-11-19T18:06:34+00:00
order_0000000204,cust_0743,9769.00,2025-11-25T00:12:34+00:00
order_0000000205,cust_0773,1205.21,2025-11-29T00:58:23+00:00
order_0000000206,cust_0227,416.67,2025-11-27T17:55:14+00:00
order_0000000207,cust_0469,680.21,2025-11-15T03:43:00+00:00
order_0000000208,cust_0089,901.99,2025-11-28T10:58:41+00:00
order_0000000209,cust_0044,435.00,2025-11-08T09:03:34+00:00
order_0000000210,cust_0435,226.72,2025-11-11T05:00:56+00:00
order_0000000211,cust_0881,796.86,2025-11-19T17:19:11+00:00
order_0000000212,cust_0374,331.00,2025-11-16T07:12:44+00:00
order_0000000213,cust_0121,598.00,2025-11-03T01:51:58+00:00
order_0000000214,cust_0187,400.26,2025-11-09T13:28:31+00:00
order_0000000215,cust_0163,3148.21,2025-11-11T14:09:20+00:00
order_0000000216,cust_0195,331.69,2025-11-17T17:44:38+00:00
order_0000000217,cust_0733,338.64,2025-11-20T03:25:08+00:00
order_0000000218,cust_0684,959.00,2025-11-03T12:07:01+00:00
order_0000000219,cust_0603,809.52,2025-11-16T21:24:29+00:00
order_0000000220,cust_0814,496.00,2025-11-23T15:14:30+00:00
order_0000000221,cust_0742,516.18,2025-11-16T12:50:10+00:00
order_0000000222,cust_0649,323.83,2025-11-25T07:20:42+00:00
order_0000000223,cust_0343,1065.50,2025-11-27T16:10:25+00:00
order_0000000224,cust_0483,216.00,2025-11-05T06:20:01+00:00
order_0000000225,cust_0648,731.68,2025-11-01T07:51:27+00:00
order_0000000226,cust_0537,578.00,2025-11-18T09:02:20+00:00
order_0000000227,cust_0610,702.00,2025-11-30T15:39:05+00:00
order_0000000228,cust_0052,1050.00,2025-11-16T04:46:18+00:00
order_0000000229,cust_0623,288.93,2025-11-12T13:04:15+00:00
order_0000000230,cust_0120,224.00,2025-11-17T06:24:41+00:00
order_0000000231,cust_0470,5194.21,2025-11-23T17:12:55+00:00
order_0000000232,cust_0831,671.00,2025-11-04T13:25:08+00:00
order_0000000233,cust_0832,510.00,2025-11-16T10:35:07+00:00
order_0000000234,cust_0737,861.31,2025-11-25T09:36:05+00:00
order_0000000235,cust_0454,1928.00,2025-11-16T16:45:41+00:00
order_0000000236,cust_0604,194.61,2025-11-18T14:02:29+00:00
order_0000000237,cust_0766,703.77,2025-11-05T21:58:46+00:00
order_0000000238,cust_0380,460.61,2025-11-30T09:32:43+00:00
order_0000000239,cust_0170,505.00,2025-11-28T06:25:27+00:00
order_0000000240,cust_0132,361.92,2025-11-27T05:01:22+00:00
order_0000000241,cust_0652,719.54,2025-11-28T13:25:16+00:00
order_0000000242,cust_0467,1036.00,2025-11-03T17:16:15+00:00
order_0000000243,cust_0525,161.07,2025-11-07T12:57:47+00:00
order_0000000244,cust_0394,407.00,2025-11-08T12:46:01+00:00
order_0000000245,cust_0102,227.31,2025-11-06T10:26:51+00:00
order_0000000246,cust_0646,849.00,2025-11-17T12:21:37+00:00
order_0000000247,cust_0109,810.47,2025-11-10T04:57:35+00:00
order_0000000248,cust_0743,748.83,2025-11-26T21:30:08+00:00
order_0000000249,cust_0783,538.75,2025-11-27T08:46:31+00:00
order_0000000250,cust_0857,1752.14,2025-11-25T16:52:13+00:00
order_0000000251,cust_0694,816.00,2025-11-29T05:36:11+00:00
order_0000000252,cust_0586,126.00,2025-11-17T13:51:12+00:00
order_0000000253,cust_0138,8512.99,2025-11-14T10:51:22+00:00
order_0000000254,cust_0416,876.28,2025-11-26T16:10:33+00:00
order_0000000255,cust_0870,729.00,2025-11-19T22:49:30+00:00
order_0000000256,cust_0580,367.00,2025-11-09T07:20:15+00:00
order_0000000257,cust_0828,1747.00,2025-11-11T13:16:04+00:00
order_0000000258,cust_0197,518.18,2025-11-20T02:10:50+00:00
order_0000000259,cust_0373,16894.00,2025-11-16T06:07:34+00:00
order_0000000260,cust_0292,844.00,2025-11-22T13:52:54+00:00
order_0000000261,cust_0055,948.99,2025-11-30T11:22:37+00:00
order_0000000262,cust_0401,706.18,2025-11-13T16:10:20+00:00
order_0000000263,cust_0025,921.00,2025-11-22T15:14:16+00:00
order_0000000264,cust_0584,919.66,2025-11-25T17:28:25+00:00
order_0000000265,cust_0092,100.72,2025-11-29T09:37:56+00:00
order_0000000266,cust_0281,929.00,2025-11-01T09:29:06+00:00
order_0000000267,cust_0654,444.32,2025-11-19T20:19:17+00:00
order_0000000268,cust_0065,107.00,2025-11-23T02:46:33+00:00
order_0000000269,cust_0887,1016.89,2025-11-04T04:39:17+00:00
order_0000000270,cust_0604,149.42,2025-11-18T19:56:34+00:00
order_0000000271,cust_0048,111.99,2025-11-04T17:27:41+00:00
order_0000000272,cust_0616,350.00,2025-11-09T02:54:33+00:00
order_0000000273,cust_0663,435.68,2025-11-20T10:39:40+00:00
order_0000000274,cust_0253,733.00,2025-11-21T15:11:28+00:00
order_0000000275,cust_0457,825.99,2025-11-17T08:30:10+00:00
order_0000000276,cust_0304,678.59,2025-11-20T14:23:13+00:00
order_0000000277,cust_0185,712.00,2025-11-26T10:57:52+00:00
order_0000000278,cust_0099,2175.36,2025-11-22T12:22:59+00:00
order_0000000279,cust_0513,475.28,2025-11-01T11:14:48+00:00
order_0000000280,cust_0390,2227.99,2025-11-05T17:14:59+00:00
order_0000000281,cust_0022,924.00,2025-11-04T12:27:43+00:00
order_0000000282,cust_0389,293.99,2025-11-15T09:47:44+00:00
order_0000000283,cust_0357,343.00,2025-11-09T09:51:14+00:00
order_0000000284,cust_0641,380.21,2025-11-03T12:04:31+00:00
order_0000000285,cust_0175,905.07,2025-11-04T14:26:55+00:00
order_0000000286,cust_0436,3242.60,2025-11-30T01:55:42+00:00
order_0000000287,cust_0520,262.00,2025-11-29T16:24:29+00:00
order_0000000288,cust_0859,600.00,2025-11-14T11:37:46+00:00
order_0000000289,cust_0361,971.64,2025-11-12T03:59:21+00:00
order_0000000290,cust_0839,1048.99,2025-11-23T07:00:08+00:00
order_0000000291,cust_0489,1724.00,2025-11-10T12:13:05+00:00
order_0000000292,cust_0803,2377.08,2025-11-12T07:28:11+00:00
order_0000000293,cust_0785,271.51,2025-11-22T08:46:32+00:00
order_0000000294,cust_0228,3286.40,2025-11-11T02:56:14+00:00
order_0000000295,cust_0150,405.82,2025-11-01T12:10:22+00:00
order_0000000296,cust_0887,714.60,2025-11-21T22:12:14+00:00
order_0000000297,cust_0773,389.00,2025-11-29T11:49:52+00:00
order_0000000298,cust_0285,2411.43,2025-11-30T04:03:01+00:00
order_0000000299,cust_0102,426.99,2025-11-22T11:43:07+00:00
order_0000000300,cust_0842,447.59,2025-11-08T12:25:50+00:00
order_0000000301,cust_0830,474.00,2025-11-23T13:30:27+00:00
order_0000000302,cust_0117,335.14,2025-11-02T07:31:00+00:00
order_0000000303,cust_0329,446.00,2025-11-14T11:39:22+00:00
order_0000000304,cust_0297,2760.36,2025-11-05T15:58:41+00:00
order_0000000305,cust_0152,496.49,2025-11-28T08:31:33+00:00
order_0000000306,cust_0245,2307.99,2025-11-19T12:53:32+00:00
order_0000000307,cust_0160,313.00,2025-11-30T12:24:49+00:00
order_0000000308,cust_0224,104.99,2025-11-24T12:25:23+00:00
order_0000000309,cust_0471,861.56,2025-11-19T04:59:28+00:00
order_0000000310,cust_0783,273.96,2025-11-27T13:52:34+00:00
order_0000000311,cust_0608,154.00,2025-11-03T06:29:47+00:00
order_0000000312,cust_0075,496.44,2025-11-15T21:46:34+00:00
order_0000000313,cust_0686,717.09,2025-11-12T12:45:33+00:00
order_0000000314,cust_0373,293.05,2025-11-23T15:28:38+00:00
order_0000000315,cust_0072,817.12,2025-11-28T02:03:52+00:00
order_0000000316,cust_0096,107.16,2025-11-09T22:29:53+00:00
order_0000000317,cust_0765,2224.00,2025-11-29T16:44:53+00:00
order_0000000318,cust_0114,2690.67,2025-11-10T05:30:47+00:00
order_0000000319,cust_0315,958.00,2025-11-12T09:12:28+00:00
order_0000000320,cust_0251,1020.00,2025-11-13T18:01:42+00:00
order_0000000321,cust_0116,1017.33,2025-11-06T15:34:24+00:00
order_0000000322,cust_0363,1049.00,2025-11-28T14:56:35+00:00
order_0000000323,cust_0646,2904.00,2025-11-29T03:52:10+00:00
order_0000000324,cust_0300,1019.00,2025-11-06T12:28:09+00:00
order_0000000325,cust_0194,2170.00,2025-11-25T10:26:52+00:00
order_0000000326,cust_0066,463.96,2025-11-19T14:17:16+00:00
order_0000000327,cust_0477,612.99,2025-11-20T20:57:03+00:00
order_0000000328,cust_0896,1032.28,2025-11-23T21:45:54+00:00
order_0000000329,cust_0679,961.25,2025-11-14T11:26:30+00:00
order_0000000330,cust_0193,241.73,2025-11-19T05:28:50+00:00
order_0000000331,cust_0192,13841.00,2025-11-17T13:08:43+00:00
order_0000000332,cust_0239,133.00,2025-11-14T10:32:14+00:00
order_0000000333,cust_0543,558.00,2025-11-29T09:03:22+00:00
order_0000000334,cust_0141,260.79,2025-11-18T08:40:00+00:00
order_0000000335,cust_0818,850.00,2025-11-30T14:56:08+00:00
order_0000000336,cust_0870,192.31,2025-11-18T16:15:41+00:00
order_0000000337,cust_0631,146.99,2025-11-04T12:31:39+00:00
order_0000000338,cust_0412,659.37,2025-11-16T08:21:30+00:00
order_0000000339,cust_0697,249.59,2025-11-18T12:06:20+00:00
order_0000000340,cust_0264,435.00,2025-11-26T10:36:23+00:00
order_0000000341,cust_0815,1234.29,2025-11-24T02:50:54+00:00
order_0000000342,cust_0504,779.12,2025-11-08T07:43:02+00:00
order_0000000343,cust_0793,15784.31,2025-11-19T02:54:54+00:00
order_0000000344,cust_0098,397.99,2025-11-01T10:10:38+00:00
order_0000000345,cust_0657,193.00,2025-11-29T12:53:36+00:00
order_0000000346,cust_0233,1509.55,2025-11-22T03:10:35+00:00
order_0000000347,cust_0801,638.00,2025-11-24T09:13:29+00:00
order_0000000348,cust_0805,856.06,2025-11-18T18:23:31+00:00
order_0000000349,cust_0807,238.00,2025-11-21T00:25:45+00:00
order_0000000350,cust_0755,740.00,2025-11-19T09:39:56+00:00
order_0000000351,cust_0489,581.99,2025-11-25T17:46:09+00:00
order_0000000352,cust_0090,2051.99,2025-11-13T07:13:06+00:00
order_0000000353,cust_0806,952.31,2025-11-25T04:56:37+00:00
order_0000000354,cust_0611,9272.01,2025-11-02T07:55:24+00:00
order_0000000355,cust_0543,139.29,2025-11-22T17:07:17+00:00
order_0000000356,cust_0267,1086.34,2025-11-03T02:47:18+00:00
order_0000000357,cust_0368,958.00,2025-11-07T11:28:11+00:00
order_0000000358,cust_0844,3385.83,2025-11-01T09:46:36+00:00
order_0000000359,cust_0149,3130.71,2025-11-13T16:55:36+00:00
order_0000000360,cust_0019,303.00,2025-11-23T04:56:39+00:00
order_0000000361,cust_0388,2299.99,2025-11-15T20:39:23+00:00
order_0000000362,cust_0812,3432.99,2025-11-16T06:31:31+00:00
order_0000000363,cust_0827,397.80,2025-11-27T18:29:14+00:00
order_0000000364,cust_0555,427.00,2025-11-25T10:21:49+00:00
order_0000000365,cust_0204,374.00,2025-11-23T03:46:56+00:00
order_0000000366,cust_0384,780.00,2025-11-26T06:42:03+00:00
order_0000000367,cust_0123,3413.00,2025-11-22T06:38:58+00:00
order_0000000368,cust_0412,405.27,2025-11-28T20:04:40+00:00
order_0000000369,cust_0333,519.78,2025-11-24T17:21:40+00:00
order_0000000370,cust_0557,511.63,2025-11-11T18:11:30+00:00
order_0000000371,cust_0010,1989.99,2025-11-08T18:19:03+00:00
order_0000000372,cust_0386,2645.91,2025-11-28T11:54:22+00:00
order_0000000373,cust_0135,561.88,2025-11-22T15:16:12+00:00
order_0000000374,cust_0150,517.14,2025-11-06T17:13:35+00:00
order_0000000375,cust_0742,3136.32,2025-11-03T20:43:33+00:00
order_0000000376,cust_0323,9412.78,2025-11-17T14:44:39+00:00
order_0000000377,cust_0361,870.96,2025-11-08T06:42:16+00:00
order_0000000378,cust_0075,2665.00,2025-11-02T19:17:39+00:00
order_0000000379,cust_0286,561.52,2025-11-27T10:18:30+00:00
order_0000000380,cust_0303,10447.80,2025-11-28T02:57:04+00:00
order_0000000381,cust_0062,671.57,2025-11-06T14:06:17+00:00
order_0000000382,cust_0134,2021.01,2025-11-01T01:45:50+00:00
order_0000000383,cust_0394,3320.99,2025-11-25T05:26:05+00:00
order_0000000384,cust_0544,2923.10,2025-11-06T07:21:59+00:00
order_0000000385,cust_0857,360.99,2025-11-15T17:32:37+00:00
order_0000000386,cust_0437,589.00,2025-11-21T04:59:49+00:00
order_0000000387,cust_0541,834.00,2025-11-08T13:04:28+00:00
order_0000000388,cust_0832,171.99,2025-11-01T12:50:28+00:00
order_0000000389,cust_0254,675.99,2025-11-23T10:39:40+00:00
order_0000000390,cust_0561,885.00,2025-11-04T12:10:19+00:00
order_0000000391,cust_0469,991.00,2025-11-11T07:51:28+00:00
order_0000000392,cust_0052,403.75,2025-11-06T09:12:14+00:00
order_0000000393,cust_0844,205.66,2025-11-10T12:24:34+00:00
order_0000000394,cust_0384,2398.15,2025-11-21T15:38:46+00:00
order_0000000395,cust_0115,649.77,2025-11-25T11:12:03+00:00
order_0000000396,cust_0366,16080.00,2025-11-23T20:38:22+00:00
order_0000000397,cust_0432,3317.67,2025-11-13T08:08:22+00:00
order_0000000398,cust_0610,939.99,2025-11-20T08:38:32+00:00
order_0000000399,cust_0753,561.56,2025-11-28T09:20:29+00:00
order_0000000400,cust_0418,794.99,2025-11-03T15:34:28+00:00
order_0000000401,cust_0671,1346.00,2025-11-14T11:40:36+00:00
order_0000000402,cust_0393,874.99,2025-11-25T05:09:35+00:00
order_0000000403,cust_0362,16637.99,2025-11-04T13:44:13+00:00
order_0000000404,cust_0724,301.99,2025-11-11T07:20:47+00:00
order_0000000405,cust_0397,652.81,2025-11-03T14:25:47+00:00
order_0000000406,cust_0571,598.99,2025-11-10T01:38:39+00:00
order_0000000407,cust_0403,137.06,2025-11-08T09:41:26+00:00
order_0000000408,cust_0637,646.63,2025-11-28T05:15:24+00:00
order_0000000409,cust_0114,581.19,2025-11-13T11:53:27+00:00
order_0000000410,cust_0061,8224.00,2025-11-13T08:48:32+00:00
order_0000000411,cust_0227,670.00,2025-11-04T08:48:46+00:00
order_0000000412,cust_0446,903.99,2025-11-09T03:55:04+00:00
order_0000000413,cust_0233,759.56,2025-11-23T13:24:31+00:00
order_0000000414,cust_0680,169.13,2025-11-21T20:00:39+00:00
order_0000000415,cust_0747,871.99,2025-11-21T14:07:17+00:00
order_0000000416,cust_0854,1008.00,2025-11-15T00:18:15+00:00
order_0000000417,cust_0661,727.99,2025-11-16T05:49:15+00:00
order_0000000418,cust_0129,5032.74,2025-11-20T06:52:52+00:00
order_0000000419,cust_0581,3371.00,2025-11-01T07:01:27+00:00
order_0000000420,cust_0671,830.06,2025-11-06T07:44:15+00:00
order_0000000421,cust_0559,129.18,2025-11-05T14:57:33+00:00
order_0000000422,cust_0412,938.99,2025-11-29T12:44:25+00:00
order_0000000423,cust_0279,257.89,2025-11-08T14:14:14+00:00
order_0000000424,cust_0238,735.00,2025-11-19T13:24:41+00:00
order_0000000425,cust_0849,192.28,2025-11-27T20:46:07+00:00
order_0000000426,cust_0723,648.59,2025-11-03T03:28:00+00:00
order_0000000427,cust_0784,1075.00,2025-11-08T17:33:23+00:00
order_0000000428,cust_0381,366.25,2025-11-29T10:55:36+00:00
order_0000000429,cust_0769,533.17,2025-11-07T07:12:38+00:00
order_0000000430,cust_0636,3265.57,2025-11-06T13:20:48+00:00
order_0000000431,cust_0222,2814.00,2025-11-03T12:26:11+00:00
order_0000000432,cust_0849,443.50,2025-11-27T17:26:37+00:00
order_0000000433,cust_0180,606.00,2025-11-06T12:13:26+00:00
order_0000000434,cust_0149,1379.97,2025-11-23T08:37:31+00:00
order_0000000435,cust_0197,830.02,2025-11-29T17:35:19+00:00
order_0000000436,cust_0602,520.06,2025-11-05T05:42:43+00:00
order_0000000437,cust_0126,3582.52,2025-11-15T11:14:27+00:00
order_0000000438,cust_0883,3390.67,2025-11-25T20:15:47+00:00
order_0000000439,cust_0877,952.00,2025-11-22T07:03:21+00:00
order_0000000440,cust_0700,975.25,2025-11-27T02:59:49+00:00
order_0000000441,cust_0188,238.63,2025-11-08T09:10:42+00:00
order_0000000442,cust_0175,442.00,2025-11-26T06:06:00+00:00
order_0000000443,cust_0381,475.00,2025-11-20T15:50:28+00:00
order_0000000444,cust_0314,247.24,2025-11-02T01:24:59+00:00
order_0000000445,cust_0870,544.99,2025-11-21T12:08:17+00:00
order_0000000446,cust_0707,427.47,2025-11-16T13:59:05+00:00
order_0000000447,cust_0824,202.69,2025-11-22T07:02:02+00:00
order_0000000448,cust_0185,618.00,2025-11-20T14:05:13+00:00
order_0000000449,cust_0275,954.78,2025-11-08T07:04:17+00:00
order_0000000450,cust_0004,2955.17,2025-11-21T16:57:21+00:00
order_0000000451,cust_0203,883.12,2025-11-07T04:40:06+00:00
order_0000000452,cust_0751,4041.99,2025-11-16T09:24:54+00:00
order_0000000453,cust_0351,685.67,2025-11-14T15:01:24+00:00
order_0000000454,cust_0552,275.00,2025-11-08T16:27:00+00:00
order_0000000455,cust_0048,994.00,2025-11-02T13:36:45+00:00
order_0000000456,cust_0622,252.00,2025-11-21T12:27:54+00:00
order_0000000457,cust_0344,527.99,2025-11-06T00:42:23+00:00
order_0000000458,cust_0612,199.00,2025-11-20T15:25:37+00:00
order_0000000459,cust_0112,1028.99,2025-11-03T08:56:23+00:00
order_0000000460,cust_0294,910.42,2025-11-12T07:27:29+00:00
order_0000000461,cust_0123,605.99,2025-11-23T18:41:56+00:00
order_0000000462,cust_0562,580.05,2025-11-04T10:27:56+00:00
order_0000000463,cust_0226,639.00,2025-11-24T02:15:28+00:00
order_0000000464,cust_0022,1743.99,2025-11-14T03:55:41+00:00
order_0000000465,cust_0504,738.00,2025-11-29T08:57:35+00:00
order_0000000466,cust_0662,292.00,2025-11-15T10:08:00+00:00
order_0000000467,cust_0434,665.00,2025-11-05T03:49:55+00:00
order_0000000468,cust_0248,401.89,2025-11-14T09:41:48+00:00
order_0000000469,cust_0407,2116.92,2025-11-24T00:17:10+00:00
order_0000000470,cust_0595,291.99,2025-11-19T12:03:19+00:00
order_0000000471,cust_0667,768.28,2025-11-07T06:24:49+00:00
order_0000000472,cust_0490,351.99,2025-11-05T17:31:45+00:00
order_0000000473,cust_0710,902.68,2025-11-16T17:55:20+00:00
order_0000000474,cust_0401,559.39,2025-11-15T02:16:01+00:00
order_0000000475,cust_0531,729.00,2025-11-07T11:57:32+00:00
order_0000000476,cust_0831,820.99,2025-11-23T09:51:15+00:00
order_0000000477,cust_0882,934.07,2025-11-08T16:23:21+00:00
order_0000000478,cust_0739,418.99,2025-11-06T13:17:49+00:00
order_0000000479,cust_0035,9838.00,2025-11-10T16:05:13+00:00
order_0000000480,cust_0434,357.23,2025-11-07T12:30:33+00:00
order_0000000481,cust_0570,2958.16,2025-11-29T18:22:22+00:00
order_0000000482,cust_0533,273.00,2025-11-02T00:25:36+00:00
order_0000000483,cust_0252,819.97,2025-11-07T08:31:20+00:00
order_0000000484,cust_0559,840.00,2025-11-20T17:02:13+00:00
order_0000000485,cust_0341,2687.00,2025-11-17T12:36:10+00:00
order_0000000486,cust_0326,2459.00,2025-11-12T11:31:47+00:00
order_0000000487,cust_0438,131.67,2025-11-15T15:25:23+00:00
order_0000000488,cust_0756,165.99,2025-11-21T20:58:58+00:00
order_0000000489,cust_0071,1073.99,2025-11-25T09:51:59+00:00
order_0000000490,cust_0731,261.74,2025-11-07T16:24:05+00:00
order_0000000491,cust_0816,1200.92,2025-11-21T01:19:53+00:00
order_0000000492,cust_0410,546.00,2025-11-13T02:25:37+00:00
order_0000000493,cust_0094,141.00,2025-11-22T21:25:12+00:00
order_0000000494,cust_0068,244.00,2025-11-18T10:43:09+00:00
order_0000000495,cust_0458,426.00,2025-11-28T12:11:54+00:00
order_0000000496,cust_0407,956.67,2025-11-28T17:49:12+00:00
order_0000000497,cust_0053,232.15,2025-11-17T01:47:12+00:00
order_0000000498,cust_0285,448.00,2025-11-01T18:11:37+00:00
order_0000000499,cust_0792,249.00,2025-11-25T03:47:06+00:00
order_0000000500,cust_0471,475.99,2025-11-22T13:39:50+00:00
order_0000000501,cust_0734,376.54,2025-11-12T17:35:11+00:00
order_0000000502,cust_0087,461.49,2025-11-24T08:47:35+00:00
order_0000000503,cust_0632,1054.00,2025-11-30T11:41:22+00:00
order_0000000504,cust_0347,324.99,2025-11-14T03:37:12+00:00
order_0000000505,cust_0587,247.35,2025-11-02T15:05:47+00:00
order_0000000506,cust_0383,3311.85,2025-11-29T04:58:09+00:00
order_0000000507,cust_0227,2627.34,2025-11-02T02:19:38+00:00
order_0000000508,cust_0163,401.00,2025-11-14T07:04:04+00:00
order_0000000509,cust_0222,1212.90,2025-11-09T09:46:25+00:00
order_0000000510,cust_0807,164.03,2025-11-24T11:14:16+00:00
order_0000000511,cust_0753,2849.39,2025-11-14T04:55:24+00:00
order_0000000512,cust_0692,661.24,2025-11-26T13:13:45+00:00
order_0000000513,cust_0853,336.99,2025-11-04T15:16:55+00:00
order_0000000514,cust_0601,164.00,2025-11-23T13:33:28+00:00
order_0000000515,cust_0777,266.43,2025-11-03T15:05:47+00:00
order_0000000516,cust_0790,1045.27,2025-11-18T16:38:00+00:00
order_0000000517,cust_0826,1068.96,2025-11-14T11:35:49+00:00
order_0000000518,cust_0719,2258.35,2025-11-27T04:32:08+00:00
order_0000000519,cust_0437,2157.92,2025-11-10T10:51:16+00:00
order_0000000520,cust_0238,495.98,2025-11-22T08:57:55+00:00
order_0000000521,cust_0220,178.92,2025-11-01T23:08:09+00:00
order_0000000522,cust_0286,2580.99,2025-11-10T18:29:44+00:00
order_0000000523,cust_0738,3069.82,2025-11-30T17:33:26+00:00
order_0000000524,cust_0445,936.93,2025-11-16T15:12:29+00:00
order_0000000525,cust_0394,510.75,2025-11-29T11:52:21+00:00
order_0000000526,cust_0608,767.99,2025-11-06T09:53:39+00:00
order_0000000527,cust_0877,634.00,2025-11-23T10:23:44+00:00
order_0000000528,cust_0814,529.00,2025-11-21T06:09:18+00:00
order_0000000529,cust_0685,935.33,2025-11-12T13:42:27+00:00
order_0000000530,cust_0137,912.99,2025-11-23T10:06:12+00:00
order_0000000531,cust_0584,399.69,2025-11-09T12:12:11+00:00
order_0000000532,cust_0109,2975.96,2025-11-26T11:56:59+00:00
order_0000000533,cust_0252,1487.00,2025-11-26T15:38:06+00:00
order_0000000534,cust_0450,689.91,2025-11-14T12:47:09+00:00
order_0000000535,cust_0410,212.57,2025-11-20T21:24:53+00:00
order_0000000536,cust_0767,158.00,2025-11-17T08:20:14+00:00
order_0000000537,cust_0504,346.00,2025-11-06T20:55:58+00:00
order_0000000538,cust_0598,643.00,2025-11-06T17:20:49+00:00
order_0000000539,cust_0380,1345.24,2025-11-17T04:01:05+00:00
order_0000000540,cust_0420,2120.99,2025-11-23T11:08:52+00:00
order_0000000541,cust_0210,332.80,2025-11-30T00:18:43+00:00
order_0000000542,cust_0502,974.00,2025-11-18T00:39:58+00:00
order_0000000543,cust_0755,1349.98,2025-11-08T05:26:00+00:00
order_0000000544,cust_0814,367.31,2025-11-04T14:23:55+00:00
order_0000000545,cust_0487,2500.00,2025-11-22T03:37:25+00:00
order_0000000546,cust_0798,246.99,2025-11-30T08:48:38+00:00
order_0000000547,cust_0240,153.00,2025-11-24T11:47:15+00:00
order_0000000548,cust_0749,2868.26,2025-11-21T10:56:16+00:00
order_0000000549,cust_0334,418.53,2025-11-25T00:12:35+00:00
order_0000000550,cust_0467,1038.70,2025-11-13T03:04:50+00:00
order_0000000551,cust_0419,291.94,2025-11-17T12:41:39+00:00
order_0000000552,cust_0332,3309.35,2025-11-08T08:34:46+00:00
order_0000000553,cust_0104,620.85,2025-11-03T20:30:00+00:00
order_0000000554,cust_0194,265.00,2025-11-15T14:03:21+00:00
order_0000000555,cust_0248,1079.75,2025-11-28T10:28:46+00:00
order_0000000556,cust_0698,1220.40,2025-11-03T03:23:15+00:00
order_0000000557,cust_0646,276.40,2025-11-10T15:56:09+00:00
order_0000000558,cust_0782,617.00,2025-11-23T04:06:45+00:00
order_0000000559,cust_0098,367.53,2025-11-25T08:20:53+00:00
order_0000000560,cust_0328,870.89,2025-11-26T09:35:32+00:00
order_0000000561,cust_0103,972.99,2025-11-03T13:52:27+00:00
order_0000000562,cust_0851,125.52,2025-11-24T12:57:22+00:00
order_0000000563,cust_0008,147.13,2025-11-06T09:23:37+00:00
order_0000000564,cust_0586,755.56,2025-11-28T01:41:08+00:00
order_0000000565,cust_0896,3230.62,2025-11-25T09:03:06+00:00
order_0000000566,cust_0173,793.40,2025-11-28T04:31:50+00:00
order_0000000567,cust_0831,668.00,2025-11-27T04:37:58+00:00
order_0000000568,cust_0749,958.72,2025-11-15T03:24:00+00:00
order_0000000569,cust_0028,566.48,2025-11-25T13:31:52+00:00
order_0000000570,cust_0823,366.12,2025-11-13T18:23:39+00:00
order_0000000571,cust_0114,860.00,2025-11-05T17:54:01+00:00
order_0000000572,cust_0750,563.71,2025-11-11T08:45:51+00:00
order_0000000573,cust_0658,153.05,2025-11-24T15:14:16+00:00
order_0000000574,cust_0883,427.31,2025-11-13T05:57:27+00:00
order_0000000575,cust_0571,913.77,2025-11-21T16:34:54+00:00
order_0000000576,cust_0433,2338.00,2025-11-11T02:29:13+00:00
order_0000000577,cust_0680,643.00,2025-11-01T14:17:00+00:00
order_0000000578,cust_0322,183.00,2025-11-27T09:12:27+00:00
order_0000000579,cust_0276,663.41,2025-11-25T12:41:26+00:00
order_0000000580,cust_0187,341.00,2025-11-03T06:03:54+00:00
order_0000000581,cust_0265,2613.70,2025-11-10T07:25:42+00:00
order_0000000582,cust_0032,695.47,2025-11-19T06:05:13+00:00
order_0000000583,cust_0482,140.99,2025-11-02T11:17:04+00:00
order_0000000584,cust_0058,2156.00,2025-11-25T03:47:26+00:00
order_0000000585,cust_0892,587.49,2025-11-13T00:35:24+00:00
order_0000000586,cust_0167,168.00,2025-11-08T11:16:05+00:00
order_0000000587,cust_0423,2177.99,2025-11-18T05:35:41+00:00
order_0000000588,cust_0646,1054.37,2025-11-18T07:04:35+00:00
order_0000000589,cust_0554,279.47,2025-11-18T17:22:06+00:00
order_0000000590,cust_0798,701.99,2025-11-16T10:06:00+00:00
order_0000000591,cust_0415,1859.99,2025-11-13T08:52:08+00:00
order_0000000592,cust_0332,1041.00,2025-11-19T06:38:13+00:00
order_0000000593,cust_0231,2269.00,2025-11-15T07:23:12+00:00
order_0000000594,cust_0018,329.65,2025-11-04T16:03:15+00:00
order_0000000595,cust_0765,2090.42,2025-11-26T09:48:19+00:00
order_0000000596,cust_0461,923.98,2025-11-16T16:59:46+00:00
order_0000000597,cust_0711,713.83,2025-11-10T18:02:54+00:00
order_0000000598,cust_0618,843.45,2025-11-05T12:30:53+00:00
order_0000000599,cust_0424,271.61,2025-11-04T22:14:24+00:00
order_0000000600,cust_0721,303.14,2025-11-12T02:27:50+00:00
order_0000000601,cust_0183,138.18,2025-11-24T12:35:52+00:00
order_0000000602,cust_0148,8652.99,2025-11-07T03:28:56+00:00
order_0000000603,cust_0830,483.99,2025-11-23T17:05:59+00:00
order_0000000604,cust_0756,6027.99,2025-11-16T00:57:53+00:00
order_0000000605,cust_0741,776.99,2025-11-24T03:48:59+00:00
order_0000000606,cust_0113,187.26,2025-11-10T11:40:09+00:00
order_0000000607,cust_0524,251.66,2025-11-11T06:27:17+00:00
order_0000000608,cust_0430,1045.00,2025-11-07T18:09:44+00:00
order_0000000609,cust_0818,649.36,2025-11-06T19:16:37+00:00
order_0000000610,cust_0806,489.01,2025-11-13T11:48:41+00:00
order_0000000611,cust_0120,884.79,2025-11-30T02:09:39+00:00
order_0000000612,cust_0635,972.00,2025-11-24T07:11:44+00:00
order_0000000613,cust_0079,445.58,2025-11-30T12:12:33+00:00
order_0000000614,cust_0299,798.00,2025-11-03T09:02:31+00:00
order_0000000615,cust_0645,716.45,2025-11-18T12:47:55+00:00
order_0000000616,cust_0705,206.94,2025-11-02T18:13:07+00:00
order_0000000617,cust_0696,170.00,2025-11-14T11:08:10+00:00
order_0000000618,cust_0482,491.71,2025-11-20T08:47:49+00:00
order_0000000619,cust_0241,694.99,2025-11-27T14:14:39+00:00
order_0000000620,cust_0719,1151.00,2025-11-18T15:17:02+00:00
order_0000000621,cust_0501,1029.72,2025-11-30T14:10:56+00:00
order_0000000622,cust_0352,1677.49,2025-11-21T13:47:04+00:00
order_0000000623,cust_0023,742.30,2025-11-27T07:06:55+00:00
order_0000000624,cust_0233,1814.32,2025-11-20T02:15:15+00:00
order_0000000625,cust_0336,1271.00,2025-11-19T10:41:34+00:00
order_0000000626,cust_0358,3444.99,2025-11-05T15:47:52+00:00
order_0000000627,cust_0504,353.54,2025-11-22T23:46:26+00:00
order_0000000628,cust_0478,869.38,2025-11-28T06:39:30+00:00
order_0000000629,cust_0488,623.99,2025-11-13T14:42:44+00:00
order_0000000630,cust_0767,805.00,2025-11-02T20:52:56+00:00
order_0000000631,cust_0528,493.00,2025-10-31T22:09:17+00:00
order_0000000632,cust_0282,714.99,2025-11-07T05:12:54+00:00
order_0000000633,cust_0702,298.07,2025-11-25T07:42:14+00:00
order_0000000634,cust_0513,652.41,2025-11-27T16:16:58+00:00
order_0000000635,cust_0061,114.01,2025-11-15T08:13:11+00:00
order_0000000636,cust_0864,469.00,2025-11-09T06:57:57+00:00
order_0000000637,cust_0372,301.05,2025-11-29T06:34:19+00:00
order_0000000638,cust_0249,1231.22,2025-11-01T07:24:51+00:00
order_0000000639,cust_0466,178.00,2025-11-05T16:25:17+00:00
order_0000000640,cust_0310,361.99,2025-11-19T08:32:20+00:00
order_0000000641,cust_0157,211.88,2025-11-02T03:40:36+00:00
order_0000000642,cust_0225,903.58,2025-11-08T09:06:40+00:00
order_0000000643,cust_0877,473.00,2025-11-23T08:59:07+00:00
order_0000000644,cust_0192,376.00,2025-11-06T18:13:12+00:00
order_0000000645,cust_0318,2253.63,2025-11-08T08:54:00+00:00
order_0000000646,cust_0401,664.00,2025-11-05T07:15:59+00:00
order_0000000647,cust_0762,138.01,2025-11-15T07:00:26+00:00
order_0000000648,cust_0086,1978.00,2025-11-07T16:47:51+00:00
order_0000000649,cust_0592,345.99,2025-11-20T07:18:12+00:00
order_0000000650,cust_0380,3395.02,2025-11-10T10:20:35+00:00
order_0000000651,cust_0561,655.62,2025-11-17T12:46:12+00:00
order_0000000652,cust_0379,349.00,2025-11-06T16:08:26+00:00
order_0000000653,cust_0881,911.00,2025-11-13T20:12:05+00:00
order_0000000654,cust_0858,663.99,2025-11-26T08:21:40+00:00
order_0000000655,cust_0164,2345.75,2025-11-24T09:57:12+00:00
order_0000000656,cust_0322,3503.95,2025-11-07T12:30:17+00:00
order_0000000657,cust_0218,172.99,2025-11-10T22:46:16+00:00
order_0000000658,cust_0833,144.00,2025-11-14T09:53:20+00:00
order_0000000659,cust_0697,1064.24,2025-11-13T13:04:38+00:00
order_0000000660,cust_0861,708.00,2025-11-15T10:12:02+00:00
order_0000000661,cust_0276,401.86,2025-11-14T09:04:16+00:00
order_0000000662,cust_0788,370.58,2025-11-04T11:14:05+00:00
order_0000000663,cust_0549,754.99,2025-11-11T19:38:20+00:00
order_0000000664,cust_0005,635.51,2025-11-25T16:55:13+00:00
order_0000000665,cust_0745,3276.55,2025-11-01T11:19:21+00:00
order_0000000666,cust_0410,884.99,2025-11-02T10:40:37+00:00
order_0000000667,cust_0123,371.00,2025-11-21T07:27:05+00:00
order_0000000668,cust_0702,992.99,2025-11-20T17:42:41+00:00
order_0000000669,cust_0874,306.00,2025-11-09T09:22:25+00:00
order_0000000670,cust_0697,120.00,2025-11-17T14:50:33+00:00
order_0000000671,cust_0862,520.99,2025-11-07T17:30:11+00:00
order_0000000672,cust_0754,2200.00,2025-11-09T08:26:13+00:00
order_0000000673,cust_0551,510.15,2025-11-02T02:55:48+00:00
order_0000000674,cust_0459,814.85,2025-11-27T12:04:39+00:00
order_0000000675,cust_0798,472.00,2025-11-15T14:59:13+00:00
order_0000000676,cust_0013,875.99,2025-11-19T17:20:13+00:00
order_0000000677,cust_0029,3508.00,2025-11-04T06:35:03+00:00
order_0000000678,cust_0154,200.07,2025-11-27T10:26:50+00:00
order_0000000679,cust_0729,470.67,2025-11-18T14:00:44+00:00
order_0000000680,cust_0844,1018.99,2025-11-14T11:53:17+00:00
order_0000000681,cust_0293,956.99,2025-11-12T13:24:28+00:00
order_0000000682,cust_0721,1706.10,2025-11-07T04:25:50+00:00
order_0000000683,cust_0813,2135.39,2025-11-07T14:41:13+00:00
order_0000000684,cust_0576,2783.00,2025-11-01T19:35:50+00:00
order_0000000685,cust_0406,622.12,2025-11-18T09:58:11+00:00
order_0000000686,cust_0135,553.00,2025-11-05T11:18:39+00:00
order_0000000687,cust_0213,382.00,2025-11-19T13:40:54+00:00
order_0000000688,cust_0096,388.00,2025-11-14T13:13:24+00:00
order_0000000689,cust_0848,1012.99,2025-11-20T14:21:42+00:00
order_0000000690,cust_0040,170.47,2025-11-05T05:01:11+00:00
order_0000000691,cust_0553,868.99,2025-11-08T12:57:38+00:00
order_0000000692,cust_0125,933.48,2025-11-25T16:48:05+00:00
order_0000000693,cust_0675,374.49,2025-11-02T16:24:19+00:00
order_0000000694,cust_0245,509.16,2025-11-30T14:38:28+00:00
order_0000000695,cust_0755,129.99,2025-11-09T10:05:24+00:00
order_0000000696,cust_0164,2188.86,2025-11-18T12:19:16+00:00
order_0000000697,cust_0465,207.81,2025-11-10T08:35:00+00:00
order_0000000698,cust_0620,640.00,2025-11-09T09:28:25+00:00
order_0000000699,cust_0600,125.60,2025-11-14T12:50:09+00:00
order_0000000700,cust_0521,698.13,2025-11-08T19:07:37+00:00
order_0000000701,cust_0273,368.13,2025-11-10T07:06:56+00:00
order_0000000702,cust_0103,2479.52,2025-11-28T07:27:50+00:00
order_0000000703,cust_0694,2202.89,2025-11-19T13:06:38+00:00
order_0000000704,cust_0266,683.59,2025-11-28T11:51:15+00:00
order_0000000705,cust_0625,1066.31,2025-11-17T14:13:50+00:00
order_0000000706,cust_0657,2601.61,2025-11-15T10:37:20+00:00
order_0000000707,cust_0709,935.99,2025-11-22T15:12:40+00:00
order_0000000708,cust_0419,121.94,2025-11-06T08:00:29+00:00
order_0000000709,cust_0851,1728.59,2025-11-21T15:25:44+00:00
order_0000000710,cust_0789,1072.06,2025-11-27T03:38:42+00:00
order_0000000711,cust_0621,4558.87,2025-11-13T12:29:23+00:00
order_0000000712,cust_0575,683.00,2025-11-29T03:02:14+00:00
order_0000000713,cust_0199,284.00,2025-11-22T16:55:15+00:00
order_0000000714,cust_0009,854.99,2025-11-24T19:32:32+00:00
order_0000000715,cust_0870,1023.00,2025-11-18T06:57:19+00:00
order_0000000716,cust_0569,287.72,2025-11-22T12:30:03+00:00
order_0000000717,cust_0508,541.12,2025-11-16T14:50:47+00:00
order_0000000718,cust_0752,855.75,2025-11-02T05:16:39+00:00
order_0000000719,cust_0809,605.00,2025-11-06T01:10:15+00:00
order_0000000720,cust_0450,160.01,2025-11-21T14:45:32+00:00
order_0000000721,cust_0152,302.00,2025-11-07T12:07:05+00:00
order_0000000722,cust_0055,3544.86,2025-11-23T12:46:45+00:00
order_0000000723,cust_0141,2602.99,2025-11-17T03:54:27+00:00
order_0000000724,cust_0363,380.85,2025-11-16T02:00:03+00:00
order_0000000725,cust_0411,622.19,2025-11-14T00:42:20+00:00
order_0000000726,cust_0277,225.07,2025-11-10T04:54:20+00:00
order_0000000727,cust_0860,1048.19,2025-11-15T04:57:16+00:00
order_0000000728,cust_0598,1885.32,2025-11-05T08:43:07+00:00
order_0000000729,cust_0895,829.55,2025-11-18T22:37:53+00:00
order_0000000730,cust_0561,475.00,2025-11-13T09:41:06+00:00
order_0000000731,cust_0073,531.99,2025-11-17T12:04:39+00:00
order_0000000732,cust_0805,322.00,2025-11-22T17:43:03+00:00
order_0000000733,cust_0500,268.57,2025-11-06T15:20:01+00:00
order_0000000734,cust_0414,1037.92,2025-11-13T17:54:53+00:00
order_0000000735,cust_0337,631.99,2025-11-16T20:44:13+00:00
order_0000000736,cust_0256,413.67,2025-11-15T22:12:26+00:00
order_0000000737,cust_0729,722.09,2025-11-21T05:00:05+00:00
order_0000000738,cust_0310,1986.90,2025-11-15T10:06:16+00:00
order_0000000739,cust_0792,825.71,2025-11-20T10:21:20+00:00
order_0000000740,cust_0280,634.99,2025-11-13T15:09:28+00:00
order_0000000741,cust_0488,798.74,2025-11-12T09:51:28+00:00
order_0000000742,cust_0130,486.01,2025-11-07T15:51:55+00:00
order_0000000743,cust_0786,1030.00,2025-11-03T18:57:27+00:00
order_0000000744,cust_0603,825.88,2025-11-25T16:02:24+00:00
order_0000000745,cust_0660,394.76,2025-11-16T04:29:13+00:00
order_0000000746,cust_0888,937.00,2025-11-12T07:43:02+00:00
order_0000000747,cust_0696,924.63,2025-11-06T13:36:08+00:00
order_0000000748,cust_0779,1201.99,2025-11-20T18:07:25+00:00
order_0000000749,cust_0248,709.52,2025-11-20T11:10:48+00:00
order_0000000750,cust_0645,766.87,2025-11-17T02:47:37+00:00
order_0000000751,cust_0380,545.00,2025-11-18T07:15:50+00:00
order_0000000752,cust_0363,153.00,2025-11-14T01:27:25+00:00
order_0000000753,cust_0411,203.00,2025-11-01T15:07:38+00:00
order_0000000754,cust_0438,1012.89,2025-11-04T14:40:14+00:00
order_0000000755,cust_0714,938.15,2025-11-27T17:35:30+00:00
order_0000000756,cust_0809,912.33,2025-11-10T04:57:54+00:00
order_0000000757,cust_0739,3429.60,2025-11-16T17:35:42+00:00
order_0000000758,cust_0142,883.11,2025-11-01T03:03:33+00:00
order_0000000759,cust_0642,3122.00,2025-11-28T14:22:30+00:00
order_0000000760,cust_0679,7163.67,2025-11-30T16:41:33+00:00
order_0000000761,cust_0304,3297.00,2025-11-21T15:10:58+00:00
order_0000000762,cust_0685,1058.00,2025-11-04T11:18:22+00:00
order_0000000763,cust_0713,840.19,2025-11-06T12:07:39+00:00
order_0000000764,cust_0597,677.94,2025-11-05T13:27:52+00:00
order_0000000765,cust_0571,840.15,2025-11-11T23:47:13+00:00
order_0000000766,cust_0387,1340.00,2025-11-11T11:41:06+00:00
order_0000000767,cust_0441,433.00,2025-11-02T08:39:08+00:00
order_0000000768,cust_0007,566.81,2025-11-04T06:32:11+00:00
order_0000000769,cust_0073,2482.72,2025-11-10T11:54:04+00:00
order_0000000770,cust_0171,837.00,2025-11-16T02:50:32+00:00
order_0000000771,cust_0303,3335.10,2025-11-02T14:54:56+00:00
order_0000000772,cust_0815,407.00,2025-11-01T16:06:58+00:00
order_0000000773,cust_0013,492.99,2025-11-08T16:41:57+00:00
order_0000000774,cust_0352,382.88,2025-11-18T17:56:31+00:00
order_0000000775,cust_0784,629.57,2025-11-13T19:41:52+00:00
order_0000000776,cust_0045,721.50,2025-11-11T08:34:46+00:00
order_0000000777,cust_0126,524.99,2025-11-04T09:21:06+00:00
order_0000000778,cust_0087,498.00,2025-11-02T11:42:26+00:00
order_0000000779,cust_0879,198.76,2025-11-24T06:32:31+00:00
order_0000000780,cust_0176,616.34,2025-11-11T09:07:59+00:00
order_0000000781,cust_0425,312.00,2025-11-22T10:02:35+00:00
order_0000000782,cust_0603,766.85,2025-11-27T13:57:28+00:00
order_0000000783,cust_0897,395.90,2025-11-03T20:31:27+00:00
order_0000000784,cust_0556,2980.00,2025-11-23T07:36:43+00:00
order_0000000785,cust_0684,157.00,2025-11-29T16:04:07+00:00
order_0000000786,cust_0387,948.01,2025-11-26T20:45:03+00:00
order_0000000787,cust_0346,2022.82,2025-11-08T02:33:08+00:00
order_0000000788,cust_0478,2872.00,2025-11-24T03:24:48+00:00
order_0000000789,cust_0616,472.14,2025-11-17T03:42:15+00:00
order_0000000790,cust_0344,356.89,2025-11-03T07:01:47+00:00
order_0000000791,cust_0504,362.55,2025-11-02T04:23:44+00:00
order_0000000792,cust_0484,2280.00,2025-11-04T01:36:40+00:00
order_0000000793,cust_0122,964.02,2025-11-29T17:46:23+00:00
order_0000000794,cust_0159,183.99,2025-11-14T19:59:39+00:00
order_0000000795,cust_0079,2711.15,2025-11-23T07:22:47+00:00
order_0000000796,cust_0680,200.18,2025-11-03T16:09:44+00:00
order_0000000797,cust_0301,1062.00,2025-11-13T02:04:02+00:00
order_0000000798,cust_0474,164.99,2025-11-27T04:46:56+00:00
order_0000000799,cust_0173,716.00,2025-11-29T00:19:17+00:00
order_0000000800,cust_0747,394.89,2025-11-26T07:55:27+00:00
order_0000000801,cust_0788,119.12,2025-11-18T03:56:46+00:00
order_0000000802,cust_0650,831.58,2025-11-02T06:58:04+00:00
order_0000000803,cust_0754,165.00,2025-11-13T08:10:13+00:00
order_0000000804,cust_0326,1733.91,2025-11-19T07:43:15+00:00
order_0000000805,cust_0205,494.57,2025-11-18T01:30:30+00:00
order_0000000806,cust_0880,162.12,2025-11-11T00:05:33+00:00
order_0000000807,cust_0314,160.17,2025-11-07T07:22:55+00:00
order_0000000808,cust_0824,669.30,2025-11-05T14:48:15+00:00
order_0000000809,cust_0669,411.01,2025-11-04T20:54:21+00:00
order_0000000810,cust_0338,491.00,2025-11-26T12:02:04+00:00
order_0000000811,cust_0526,486.00,2025-11-06T01:27:22+00:00
order_0000000812,cust_0165,404.00,2025-11-27T10:01:43+00:00
order_0000000813,cust_0280,187.00,2025-11-15T12:52:57+00:00
order_0000000814,cust_0133,311.03,2025-11-08T03:09:18+00:00
order_0000000815,cust_0776,2211.39,2025-11-11T17:57:27+00:00
order_0000000816,cust_0474,546.00,2025-11-03T11:23:43+00:00
order_0000000817,cust_0525,13737.45,2025-11-04T01:08:43+00:00
order_0000000818,cust_0484,387.22,2025-11-07T17:28:17+00:00
order_0000000819,cust_0880,620.90,2025-11-22T12:49:16+00:00
order_0000000820,cust_0857,946.00,2025-11-08T01:47:26+00:00
order_0000000821,cust_0600,974.99,2025-11-30T09:04:34+00:00
order_0000000822,cust_0777,385.00,2025-11-27T13:03:17+00:00
order_0000000823,cust_0667,2773.04,2025-11-18T05:52:34+00:00
order_0000000824,cust_0657,640.00,2025-11-13T11:34:07+00:00
order_0000000825,cust_0165,408.25,2025-11-02T13:00:52+00:00
order_0000000826,cust_0829,379.68,2025-11-30T14:19:27+00:00
order_0000000827,cust_0880,806.00,2025-11-23T09:22:18+00:00
order_0000000828,cust_0099,1367.99,2025-11-23T11:08:01+00:00
order_0000000829,cust_0321,1020.00,2025-11-22T16:19:20+00:00
order_0000000830,cust_0307,824.88,2025-11-18T04:28:22+00:00
order_0000000831,cust_0078,708.41,2025-11-04T00:34:45+00:00
order_0000000832,cust_0806,904.13,2025-11-13T11:08:01+00:00
order_0000000833,cust_0778,507.99,2025-11-26T08:11:52+00:00
order_0000000834,cust_0861,621.70,2025-11-17T05:41:01+00:00
order_0000000835,cust_0183,635.00,2025-11-13T12:25:06+00:00
order_0000000836,cust_0360,934.05,2025-11-06T15:53:09+00:00
order_0000000837,cust_0893,1721.00,2025-11-20T15:01:56+00:00
order_0000000838,cust_0392,256.00,2025-11-15T20:35:55+00:00
order_0000000839,cust_0525,574.80,2025-11-04T08:36:03+00:00
order_0000000840,cust_0220,246.45,2025-11-12T18:18:23+00:00
order_0000000841,cust_0731,322.03,2025-11-26T13:50:41+00:00
order_0000000842,cust_0802,461.99,2025-11-06T12:53:02+00:00
order_0000000843,cust_0584,394.99,2025-11-25T07:46:54+00:00
order_0000000844,cust_0770,1801.17,2025-11-14T01:36:26+00:00
order_0000000845,cust_0652,772.33,2025-11-30T09:19:29+00:00
order_0000000846,cust_0243,440.99,2025-11-23T14:06:00+00:00
order_0000000847,cust_0687,760.00,2025-11-22T08:23:45+00:00
order_0000000848,cust_0471,887.13,2025-11-02T19:45:11+00:00
order_0000000849,cust_0094,495.69,2025-11-13T02:32:10+00:00
order_0000000850,cust_0493,1336.00,2025-11-24T06:12:39+00:00
order_0000000851,cust_0693,572.81,2025-11-10T18:05:46+00:00
order_0000000852,cust_0013,571.00,2025-11-14T13:59:15+00:00
order_0000000853,cust_0837,3220.52,2025-11-10T08:56:24+00:00
order_0000000854,cust_0789,510.00,2025-11-22T15:11:21+00:00
order_0000000855,cust_0512,4248.64,2025-11-06T09:47:14+00:00
order_0000000856,cust_0122,3415.00,2025-11-12T11:26:42+00:00
order_0000000857,cust_0780,540.20,2025-11-08T01:52:39+00:00
order_0000000858,cust_0682,498.00,2025-11-18T13:30:51+00:00
order_0000000859,cust_0521,212.30,2025-11-21T16:57:20+00:00
order_0000000860,cust_0170,244.03,2025-11-27T11:15:52+00:00
order_0000000861,cust_0484,856.83,2025-11-22T13:05:06+00:00
order_0000000862,cust_0757,919.67,2025-11-24T16:39:36+00:00
order_0000000863,cust_0447,1070.31,2025-11-28T10:43:23+00:00
order_0000000864,cust_0596,706.76,2025-11-28T09:20:33+00:00
order_0000000865,cust_0037,968.99,2025-11-06T14:29:17+00:00
order_0000000866,cust_0399,824.19,2025-11-20T05:54:19+00:00
order_0000000867,cust_0019,358.00,2025-11-19T08:29:30+00:00
order_0000000868,cust_0661,492.78,2025-11-09T11:44:09+00:00
order_0000000869,cust_0157,881.00,2025-11-28T08:14:42+00:00
order_0000000870,cust_0013,482.89,2025-11-13T21:25:22+00:00
order_0000000871,cust_0428,293.00,2025-11-28T01:38:28+00:00
order_0000000872,cust_0624,1155.99,2025-11-19T06:08:43+00:00
order_0000000873,cust_0239,495.00,2025-11-07T18:54:50+00:00
order_0000000874,cust_0319,625.63,2025-11-28T06:01:04+00:00
order_0000000875,cust_0136,852.81,2025-11-18T01:40:19+00:00
order_0000000876,cust_0473,641.99,2025-11-03T07:22:33+00:00
order_0000000877,cust_0834,868.00,2025-11-15T17:24:56+00:00
order_0000000878,cust_0274,638.36,2025-11-21T06:32:07+00:00
order_0000000879,cust_0729,2593.56,2025-11-25T03:03:22+00:00
order_0000000880,cust_0278,720.47,2025-11-04T00:25:15+00:00
order_0000000881,cust_0741,1544.00,2025-11-01T16:02:45+00:00
order_0000000882,cust_0492,984.99,2025-11-24T02:09:34+00:00
order_0000000883,cust_0174,8158.99,2025-11-23T02:58:47+00:00
order_0000000884,cust_0768,597.00,2025-11-14T08:22:42+00:00
order_0000000885,cust_0320,782.85,2025-11-20T07:07:33+00:00
order_0000000886,cust_0771,845.00,2025-11-09T16:10:46+00:00
order_0000000887,cust_0475,8735.00,2025-11-03T07:36:40+00:00
order_0000000888,cust_0648,1066.46,2025-11-13T23:37:21+00:00
order_0000000889,cust_0596,136.99,2025-11-27T12:02:44+00:00
order_0000000890,cust_0413,234.77,2025-11-22T11:24:54+00:00
order_0000000891,cust_0394,811.00,2025-11-17T16:28:55+00:00
order_0000000892,cust_0526,747.76,2025-11-15T14:44:13+00:00
order_0000000893,cust_0708,194.00,2025-11-16T05:11:10+00:00
order_0000000894,cust_0560,1054.99,2025-11-24T13:55:53+00:00
order_0000000895,cust_0455,224.99,2025-11-29T05:35:49+00:00
order_0000000896,cust_0890,2946.00,2025-11-25T09:33:51+00:00
order_0000000897,cust_0611,1781.00,2025-11-06T01:27:03+00:00
order_0000000898,cust_0232,967.99,2025-11-13T12:39:23+00:00
order_0000000899,cust_0264,900.79,2025-11-24T17:32:39+00:00
order_0000000900,cust_0351,335.66,2025-11-03T11:57:21+00:00
order_0000000901,cust_0183,166.50,2025-11-19T16:03:18+00:00
order_0000000902,cust_0886,250.14,2025-11-03T10:03:57+00:00
order_0000000903,cust_0894,13057.00,2025-11-15T19:15:53+00:00
order_0000000904,cust_0216,295.63,2025-11-19T05:46:30+00:00
order_0000000905,cust_0074,712.20,2025-11-04T14:45:50+00:00
order_0000000906,cust_0485,2014.87,2025-11-26T05:35:48+00:00
order_0000000907,cust_0079,632.72,2025-11-20T16:28:25+00:00
order_0000000908,cust_0570,3131.99,2025-11-21T01:20:24+00:00
order_0000000909,cust_0699,1072.99,2025-11-08T02:05:58+00:00
order_0000000910,cust_0869,1056.55,2025-11-12T09:47:44+00:00
order_0000000911,cust_0070,1010.00,2025-11-30T13:22:28+00:00
order_0000000912,cust_0121,918.54,2025-11-29T12:03:49+00:00
order_0000000913,cust_0836,388.00,2025-11-13T18:13:57+00:00
order_0000000914,cust_0667,943.82,2025-11-21T15:22:32+00:00
order_0000000915,cust_0445,2971.00,2025-11-19T09:00:02+00:00
order_0000000916,cust_0700,178.00,2025-11-06T17:29:05+00:00
order_0000000917,cust_0486,2692.63,2025-11-30T12:37:56+00:00
order_0000000918,cust_0224,317.43,2025-11-28T05:29:10+00:00
order_0000000919,cust_0388,3393.71,2025-11-11T06:07:51+00:00
order_0000000920,cust_0579,858.81,2025-11-19T06:11:59+00:00
order_0000000921,cust_0273,285.14,2025-11-10T09:10:32+00:00
order_0000000922,cust_0680,3177.00,2025-11-08T15:33:17+00:00
order_0000000923,cust_0476,1921.95,2025-11-03T12:26:32+00:00
order_0000000924,cust_0029,924.00,2025-11-06T09:20:23+00:00
order_0000000925,cust_0423,2350.99,2025-11-23T08:45:47+00:00
order_0000000926,cust_0021,612.00,2025-11-09T07:51:07+00:00
order_0000000927,cust_0268,425.59,2025-11-02T02:39:46+00:00
order_0000000928,cust_0620,5860.55,2025-11-13T02:03:20+00:00
order_0000000929,cust_0011,677.99,2025-11-06T02:46:57+00:00
order_0000000930,cust_0131,458.15,2025-11-28T13:42:13+00:00
order_0000000931,cust_0278,3207.00,2025-11-25T07:20:19+00:00
order_0000000932,cust_0799,935.12,2025-11-02T17:50:02+00:00
order_0000000933,cust_0818,7185.07,2025-11-17T03:42:23+00:00
order_0000000934,cust_0020,298.74,2025-11-15T20:06:10+00:00
order_0000000935,cust_0121,376.99,2025-11-12T11:21:34+00:00
order_0000000936,cust_0262,2767.06,2025-11-25T17:35:25+00:00
order_0000000937,cust_0860,568.51,2025-11-29T14:52:49+00:00
order_0000000938,cust_0340,451.99,2025-11-08T09:17:20+00:00
order_0000000939,cust_0390,447.11,2025-11-15T04:20:14+00:00
order_0000000940,cust_0075,296.00,2025-11-10T09:53:44+00:00
order_0000000941,cust_0152,856.99,2025-11-24T15:08:18+00:00
order_0000000942,cust_0579,789.00,2025-11-24T05:14:35+00:00
order_0000000943,cust_0376,686.13,2025-11-21T23:30:46+00:00
order_0000000944,cust_0140,3373.00,2025-11-22T09:06:28+00:00
order_0000000945,cust_0583,3475.00,2025-11-21T15:03:59+00:00
order_0000000946,cust_0558,2894.99,2025-11-26T15:40:00+00:00
order_0000000947,cust_0646,200.00,2025-11-29T11:07:50+00:00
order_0000000948,cust_0835,364.99,2025-11-16T05:00:08+00:00
order_0000000949,cust_0857,682.99,2025-11-09T11:48:10+00:00
order_0000000950,cust_0793,3172.22,2025-11-30T00:25:16+00:00
order_0000000951,cust_0690,1077.05,2025-11-09T11:58:03+00:00
order_0000000952,cust_0448,784.00,2025-11-14T01:25:12+00:00
order_0000000953,cust_0572,1585.99,2025-11-23T00:22:32+00:00
order_0000000954,cust_0502,928.00,2025-11-09T19:33:12+00:00
order_0000000955,cust_0441,683.61,2025-11-12T10:53:59+00:00
order_0000000956,cust_0714,3598.77,2025-11-02T15:51:23+00:00
order_0000000957,cust_0515,262.00,2025-11-17T10:50:46+00:00
order_0000000958,cust_0517,887.63,2025-11-30T08:22:35+00:00
order_0000000959,cust_0479,933.30,2025-11-12T09:36:16+00:00
order_0000000960,cust_0091,4172.99,2025-11-08T03:42:39+00:00
order_0000000961,cust_0154,965.76,2025-11-30T10:06:57+00:00
order_0000000962,cust_0048,1003.00,2025-11-27T11:26:53+00:00
order_0000000963,cust_0258,2880.00,2025-11-04T01:20:04+00:00
order_0000000964,cust_0742,852.05,2025-11-14T13:55:27+00:00
order_0000000965,cust_0364,984.47,2025-11-30T05:49:17+00:00
order_0000000966,cust_0847,739.85,2025-11-16T06:10:44+00:00
order_0000000967,cust_0643,855.34,2025-11-26T16:30:55+00:00
order_0000000968,cust_0051,1037.33,2025-11-01T14:21:13+00:00
order_0000000969,cust_0117,473.00,2025-11-14T11:55:22+00:00
order_0000000970,cust_0724,3190.11,2025-11-07T03:48:15+00:00
order_0000000971,cust_0872,729.00,2025-11-15T14:37:17+00:00
order_0000000972,cust_0727,800.00,2025-11-17T07:09:46+00:00
order_0000000973,cust_0362,267.16,2025-11-03T12:07:31+00:00
order_0000000974,cust_0385,243.35,2025-11-07T14:40:49+00:00
order_0000000975,cust_0719,139.07,2025-11-04T07:45:00+00:00
order_0000000976,cust_0141,473.99,2025-11-04T06:37:04+00:00
order_0000000977,cust_0819,424.00,2025-11-11T21:07:12+00:00
order_0000000978,cust_0218,661.24,2025-11-25T11:22:53+00:00
order_0000000979,cust_0585,404.99,2025-11-17T11:00:48+00:00
order_0000000980,cust_0284,3452.17,2025-11-28T18:21:33+00:00
order_0000000981,cust_0010,591.00,2025-11-24T11:40:13+00:00
order_0000000982,cust_0095,856.04,2025-11-10T09:27:59+00:00
order_0000000983,cust_0721,623.31,2025-11-01T13:31:22+00:00
order_0000000984,cust_0548,383.82,2025-11-04T04:45:28+00:00
order_0000000985,cust_0235,946.65,2025-11-17T09:07:05+00:00
order_0000000986,cust_0144,738.00,2025-11-06T20:27:01+00:00
order_0000000987,cust_0590,298.15,2025-11-07T06:54:58+00:00
order_0000000988,cust_0295,743.00,2025-11-07T15:01:06+00:00
order_0000000989,cust_0261,327.00,2025-11-04T03:06:20+00:00
order_0000000990,cust_0099,3515.00,2025-11-24T23:14:33+00:00
order_0000000991,cust_0453,489.00,2025-11-18T09:01:31+00:00
order_0000000992,cust_0221,1001.99,2025-11-25T11:29:08+00:00
order_0000000993,cust_0541,1056.00,2025-11-14T06:26:04+00:00
order_0000000994,cust_0355,2801.27,2025-11-26T22:10:15+00:00
order_0000000995,cust_0339,861.99,2025-11-10T17:28:55+00:00
order_0000000996,cust_0402,774.00,2025-11-10T14:10:13+00:00
order_0000000997,cust_0714,1848.43,2025-11-28T23:17:04+00:00
order_0000000998,cust_0096,3205.61,2025-11-24T11:40:12+00:00
order_0000000999,cust_0244,856.47,2025-11-25T04:43:15+00:00
order_0000001000,cust_0424,608.99,2025-11-28T14:00:17+00:00
order_0000001001,cust_0535,380.91,2025-11-02T02:50:01+00:00
order_0000001002,cust_0369,559.00,2025-11-29T17:47:27+00:00
order_0000001003,cust_0263,527.45,2025-11-01T13:40:59+00:00
order_0000001004,cust_0235,116.72,2025-11-01T13:57:37+00:00
order_0000001005,cust_0384,864.00,2025-11-28T11:09:49+00:00
order_0000001006,cust_0843,778.00,2025-11-27T06:29:44+00:00
order_0000001007,cust_0866,227.00,2025-11-24T09:47:48+00:00
order_0000001008,cust_0851,298.21,2025-11-20T05:19:25+00:00
order_0000001009,cust_0126,740.00,2025-10-31T22:19:08+00:00
order_0000001010,cust_0231,1605.99,2025-11-19T07:20:57+00:00
order_0000001011,cust_0794,629.05,2025-11-27T08:19:36+00:00
order_0000001012,cust_0382,343.41,2025-11-07T05:34:18+00:00
order_0000001013,cust_0718,929.22,2025-11-02T23:14:22+00:00
order_0000001014,cust_0487,3481.35,2025-11-16T17:53:14+00:00
order_0000001015,cust_0145,580.00,2025-11-02T02:03:16+00:00
order_0000001016,cust_0033,282.03,2025-11-18T08:39:54+00:00
order_0000001017,cust_0469,728.00,2025-11-19T13:43:31+00:00
order_0000001018,cust_0464,478.28,2025-11-06T10:52:28+00:00
order_0000001019,cust_0792,2175.08,2025-11-25T11:44:04+00:00
order_0000001020,cust_0496,1325.00,2025-11-11T04:23:56+00:00
order_0000001021,cust_0469,709.73,2025-11-24T18:57:17+00:00
order_0000001022,cust_0041,606.00,2025-11-30T13:47:03+00:00
order_0000001023,cust_0232,231.70,2025-11-21T06:39:56+00:00
order_0000001024,cust_0750,685.47,2025-11-26T16:28:57+00:00
order_0000001025,cust_0783,211.85,2025-11-05T06:18:05+00:00
order_0000001026,cust_0599,531.99,2025-11-30T16:15:31+00:00
order_0000001027,cust_0293,935.00,2025-11-08T12:15:31+00:00
order_0000001028,cust_0617,575.28,2025-11-07T05:25:31+00:00
order_0000001029,cust_0716,255.84,2025-11-01T21:04:49+00:00
order_0000001030,cust_0006,523.58,2025-11-23T10:38:31+00:00
order_0000001031,cust_0854,546.31,2025-11-28T09:08:11+00:00
order_0000001032,cust_0770,489.00,2025-11-10T09:20:08+00:00
order_0000001033,cust_0371,477.00,2025-11-04T08:34:31+00:00
order_0000001034,cust_0763,411.20,2025-11-22T13:50:54+00:00
order_0000001035,cust_0486,9560.51,2025-11-18T17:50:29+00:00
order_0000001036,cust_0150,569.98,2025-11-18T12:38:44+00:00
order_0000001037,cust_0805,747.77,2025-11-18T11:25:25+00:00
order_0000001038,cust_0022,124.91,2025-11-16T12:17:27+00:00
order_0000001039,cust_0065,2390.81,2025-11-13T21:25:18+00:00
order_0000001040,cust_0355,1512.00,2025-11-16T13:30:38+00:00
order_0000001041,cust_0432,2224.00,2025-11-07T14:48:12+00:00
order_0000001042,cust_0125,445.63,2025-11-27T11:28:21+00:00
order_0000001043,cust_0399,502.00,2025-11-27T09:35:28+00:00
order_0000001044,cust_0520,3341.91,2025-11-17T12:19:12+00:00
order_0000001045,cust_0684,3398.00,2025-11-19T14:55:46+00:00
order_0000001046,cust_0469,354.42,2025-11-10T16:29:22+00:00
order_0000001047,cust_0751,432.61,2025-11-09T07:42:48+00:00
order_0000001048,cust_0007,586.00,2025-11-03T12:55:34+00:00
order_0000001049,cust_0595,645.00,2025-11-27T07:26:35+00:00
order_0000001050,cust_0098,440.00,2025-11-11T18:20:39+00:00
order_0000001051,cust_0644,152.99,2025-11-13T04:58:01+00:00
order_0000001052,cust_0755,258.81,2025-11-19T14:29:17+00:00
order_0000001053,cust_0894,423.99,2025-11-10T06:45:16+00:00
order_0000001054,cust_0420,137.40,2025-11-13T17:20:18+00:00
order_0000001055,cust_0402,1130.19,2025-11-13T08:59:29+00:00
order_0000001056,cust_0723,997.00,2025-11-21T14:46:04+00:00
order_0000001057,cust_0519,551.34,2025-11-10T17:54:41+00:00
order_0000001058,cust_0380,386.99,2025-11-05T23:06:45+00:00
order_0000001059,cust_0772,937.00,2025-11-27T11:42:48+00:00
order_0000001060,cust_0147,482.29,2025-11-29T09:54:42+00:00
order_0000001061,cust_0101,2716.99,2025-11-30T18:19:05+00:00
order_0000001062,cust_0433,1381.00,2025-11-14T09:50:39+00:00
order_0000001063,cust_0541,1001.99,2025-11-25T11:44:24+00:00
order_0000001064,cust_0169,14002.00,2025-11-01T08:31:50+00:00
order_0000001065,cust_0641,604.52,2025-11-13T14:34:10+00:00
order_0000001066,cust_0888,743.00,2025-11-04T13:22:30+00:00
order_0000001067,cust_0452,876.28,2025-11-29T07:32:17+00:00
order_0000001068,cust_0677,734.65,2025-11-03T11:38:40+00:00
order_0000001069,cust_0291,463.74,2025-11-25T17:10:58+00:00
order_0000001070,cust_0609,447.61,2025-11-23T08:36:02+00:00
order_0000001071,cust_0017,855.00,2025-11-01T23:36:45+00:00
order_0000001072,cust_0259,119.00,2025-11-23T12:22:43+00:00
order_0000001073,cust_0161,136.00,2025-11-14T06:36:50+00:00
order_0000001074,cust_0360,605.62,2025-11-09T07:43:12+00:00
order_0000001075,cust_0391,423.64,2025-11-05T10:02:59+00:00
order_0000001076,cust_0899,16272.45,2025-11-16T11:57:35+00:00
order_0000001077,cust_0478,608.86,2025-11-28T06:55:24+00:00
order_0000001078,cust_0594,755.00,2025-11-08T18:02:08+00:00
order_0000001079,cust_0646,979.00,2025-11-16T09:36:41+00:00
order_0000001080,cust_0644,16548.99,2025-11-17T17:03:12+00:00
order_0000001081,cust_0110,631.00,2025-11-07T15:50:48+00:00
order_0000001082,cust_0596,2302.29,2025-11-22T18:08:59+00:00
order_0000001083,cust_0726,239.41,2025-11-03T10:36:35+00:00
order_0000001084,cust_0246,1609.58,2025-11-20T04:45:02+00:00
order_0000001085,cust_0167,676.94,2025-11-18T05:29:40+00:00
order_0000001086,cust_0489,344.00,2025-11-15T16:59:26+00:00
order_0000001087,cust_0188,338.71,2025-11-05T09:22:48+00:00
order_0000001088,cust_0091,799.00,2025-11-11T09:52:36+00:00
order_0000001089,cust_0375,392.46,2025-11-19T03:25:41+00:00
order_0000001090,cust_0110,344.99,2025-11-23T01:27:01+00:00
order_0000001091,cust_0522,272.13,2025-11-28T13:31:01+00:00
order_0000001092,cust_0365,474.70,2025-11-26T12:45:30+00:00
order_0000001093,cust_0182,3004.13,2025-11-05T10:07:56+00:00
order_0000001094,cust_0882,1597.41,2025-11-02T12:02:28+00:00
order_0000001095,cust_0278,697.00,2025-11-10T11:04:16+00:00
order_0000001096,cust_0460,2131.00,2025-11-01T18:19:11+00:00
order_0000001097,cust_0834,584.99,2025-11-02T10:05:26+00:00
order_0000001098,cust_0198,406.36,2025-11-01T18:29:08+00:00
order_0000001099,cust_0823,1023.95,2025-11-05T10:36:52+00:00
order_0000001100,cust_0209,1057.55,2025-11-08T17:10:17+00:00
order_0000001101,cust_0380,1057.00,2025-11-04T01:00:04+00:00
order_0000001102,cust_0603,1797.79,2025-11-30T15:45:41+00:00
order_0000001103,cust_0576,198.90,2025-11-07T08:03:15+00:00
order_0000001104,cust_0821,685.99,2025-11-09T04:34:13+00:00
order_0000001105,cust_0141,244.00,2025-11-20T07:33:44+00:00
order_0000001106,cust_0690,414.00,2025-11-21T07:10:38+00:00
order_0000001107,cust_0390,2332.00,2025-11-14T00:01:46+00:00
order_0000001108,cust_0449,205.99,2025-11-17T17:31:27+00:00
order_0000001109,cust_0107,1065.99,2025-11-18T01:36:43+00:00
order_0000001110,cust_0654,202.38,2025-11-21T19:36:31+00:00
order_0000001111,cust_0399,2760.32,2025-11-18T11:40:30+00:00
order_0000001112,cust_0201,964.00,2025-11-28T03:09:40+00:00
order_0000001113,cust_0376,3457.00,2025-11-08T12:01:18+00:00
order_0000001114,cust_0339,3463.00,2025-11-18T12:12:02+00:00
order_0000001115,cust_0686,1005.00,2025-11-07T14:47:40+00:00
order_0000001116,cust_0016,648.16,2025-11-18T17:47:26+00:00
order_0000001117,cust_0310,666.52,2025-11-08T15:53:47+00:00
order_0000001118,cust_0555,2693.39,2025-11-25T14:34:49+00:00
order_0000001119,cust_0228,717.00,2025-11-30T10:37:33+00:00
order_0000001120,cust_0602,243.60,2025-11-10T08:14:59+00:00
order_0000001121,cust_0104,313.09,2025-11-08T07:28:27+00:00
order_0000001122,cust_0412,1651.76,2025-11-14T11:39:13+00:00
order_0000001123,cust_0122,558.43,2025-11-06T00:52:45+00:00
order_0000001124,cust_0618,122.99,2025-11-18T06:36:33+00:00
order_0000001125,cust_0538,718.26,2025-11-07T16:11:25+00:00
order_0000001126,cust_0431,691.00,2025-11-16T08:39:57+00:00
order_0000001127,cust_0076,696.66,2025-11-22T16:26:32+00:00
order_0000001128,cust_0280,352.10,2025-11-29T04:04:37+00:00
order_0000001129,cust_0388,864.00,2025-11-20T14:07:08+00:00
order_0000001130,cust_0652,874.95,2025-11-06T08:20:22+00:00
order_0000001131,cust_0792,877.09,2025-11-06T15:13:01+00:00
order_0000001132,cust_0678,421.67,2025-11-11T09:17:30+00:00
order_0000001133,cust_0351,226.35,2025-11-02T12:38:22+00:00
order_0000001134,cust_0013,866.00,2025-11-11T12:23:50+00:00
order_0000001135,cust_0178,2363.01,2025-11-12T08:41:49+00:00
order_0000001136,cust_0642,858.18,2025-11-16T18:17:18+00:00
order_0000001137,cust_0672,726.17,2025-11-22T07:47:42+00:00
order_0000001138,cust_0666,995.15,2025-11-11T03:06:31+00:00
order_0000001139,cust_0096,597.00,2025-11-04T01:34:02+00:00
order_0000001140,cust_0624,899.00,2025-11-10T22:49:36+00:00
order_0000001141,cust_0211,152.00,2025-11-11T10:52:25+00:00
order_0000001142,cust_0051,4955.00,2025-11-17T06:50:09+00:00
order_0000001143,cust_0542,634.10,2025-11-20T03:31:02+00:00
order_0000001144,cust_0060,3495.00,2025-11-22T14:46:23+00:00
order_0000001145,cust_0623,864.79,2025-11-14T16:34:37+00:00
order_0000001146,cust_0816,392.03,2025-11-30T17:32:05+00:00
order_0000001147,cust_0630,179.48,2025-11-16T00:32:12+00:00
order_0000001148,cust_0199,607.95,2025-11-25T18:34:04+00:00
order_0000001149,cust_0165,1354.61,2025-11-27T01:01:43+00:00
order_0000001150,cust_0850,256.98,2025-11-12T08:51:18+00:00
order_0000001151,cust_0444,198.00,2025-11-01T07:41:33+00:00
order_0000001152,cust_0009,629.00,2025-11-08T22:55:00+00:00
order_0000001153,cust_0809,380.47,2025-11-13T16:13:38+00:00
order_0000001154,cust_0517,2053.89,2025-11-02T09:58:55+00:00
order_0000001155,cust_0701,896.00,2025-11-18T10:06:09+00:00
order_0000001156,cust_0271,1935.76,2025-11-22T12:15:47+00:00
order_0000001157,cust_0261,741.84,2025-11-19T17:35:51+00:00
order_0000001158,cust_0477,137.00,2025-11-26T12:20:59+00:00
order_0000001159,cust_0760,1068.20,2025-11-08T12:48:29+00:00
order_0000001160,cust_0345,248.99,2025-11-30T15:19:10+00:00
order_0000001161,cust_0118,1031.00,2025-11-08T21:43:02+00:00
order_0000001162,cust_0506,416.37,2025-11-05T08:34:10+00:00
order_0000001163,cust_0736,745.81,2025-11-05T02:16:04+00:00
order_0000001164,cust_0663,863.00,2025-11-03T01:34:27+00:00
order_0000001165,cust_0020,151.15,2025-11-09T12:28:26+00:00
order_0000001166,cust_0661,944.00,2025-11-19T17:44:09+00:00
order_0000001167,cust_0638,606.99,2025-11-09T03:38:58+00:00
order_0000001168,cust_0734,884.00,2025-11-05T05:32:27+00:00
order_0000001169,cust_0022,868.99,2025-11-13T18:15:27+00:00
order_0000001170,cust_0257,415.00,2025-11-29T20:29:18+00:00
order_0000001171,cust_0230,663.09,2025-11-15T09:09:21+00:00
order_0000001172,cust_0079,492.01,2025-11-14T21:46:17+00:00
order_0000001173,cust_0423,994.76,2025-11-07T11:01:54+00:00
order_0000001174,cust_0855,238.62,2025-11-30T00:26:28+00:00
order_0000001175,cust_0182,2170.26,2025-11-15T07:04:24+00:00
order_0000001176,cust_0769,334.35,2025-11-14T13:21:52+00:00
order_0000001177,cust_0428,1045.00,2025-11-13T17:01:58+00:00
order_0000001178,cust_0888,800.69,2025-11-15T08:45:29+00:00
order_0000001179,cust_0462,1069.00,2025-11-06T00:19:15+00:00
order_0000001180,cust_0512,836.99,2025-11-10T02:44:46+00:00
order_0000001181,cust_0364,1077.00,2025-11-20T03:51:27+00:00
order_0000001182,cust_0745,162.26,2025-11-16T03:47:10+00:00
order_0000001183,cust_0217,887.00,2025-11-26T06:41:19+00:00
order_0000001184,cust_0283,852.85,2025-11-06T01:19:47+00:00
order_0000001185,cust_0390,827.00,2025-11-15T02:55:39+00:00
order_0000001186,cust_0499,2349.99,2025-11-13T00:29:27+00:00
order_0000001187,cust_0698,2429.95,2025-11-08T05:05:22+00:00
order_0000001188,cust_0484,1060.64,2025-11-14T20:10:18+00:00
order_0000001189,cust_0144,815.00,2025-11-05T04:37:04+00:00
order_0000001190,cust_0219,886.56,2025-11-29T19:43:37+00:00
order_0000001191,cust_0443,2544.62,2025-11-16T16:08:53+00:00
order_0000001192,cust_0594,559.99,2025-11-24T06:21:40+00:00
order_0000001193,cust_0657,917.77,2025-11-04T23:05:07+00:00
order_0000001194,cust_0373,678.52,2025-11-22T08:00:51+00:00
order_0000001195,cust_0655,925.82,2025-11-16T15:55:41+00:00
order_0000001196,cust_0481,1889.93,2025-11-18T16:34:59+00:00
order_0000001197,cust_0386,550.00,2025-11-17T15:55:58+00:00
order_0000001198,cust_0889,880.34,2025-11-08T19:41:48+00:00
order_0000001199,cust_0451,957.56,2025-11-27T17:48:37+00:00
order_0000001200,cust_0619,730.00,2025-11-23T07:17:10+00:00
order_0000001201,cust_0385,630.00,2025-11-05T00:51:35+00:00
order_0000001202,cust_0782,137.88,2025-11-28T16:51:08+00:00
order_0000001203,cust_0422,2443.27,2025-11-15T05:00:21+00:00
order_0000001204,cust_0143,679.00,2025-11-03T13:48:54+00:00
order_0000001205,cust_0166,982.00,2025-11-30T04:44:42+00:00
order_0000001206,cust_0871,522.00,2025-11-21T06:11:00+00:00
order_0000001207,cust_0447,15636.00,2025-11-22T16:36:03+00:00
order_0000001208,cust_0283,416.00,2025-11-17T12:31:13+00:00
order_0000001209,cust_0138,1408.00,2025-11-06T16:51:10+00:00
order_0000001210,cust_0679,1759.99,2025-11-07T16:25:58+00:00
order_0000001211,cust_0518,1980.84,2025-11-11T09:34:09+00:00
order_0000001212,cust_0535,913.99,2025-11-20T08:20:53+00:00
order_0000001213,cust_0512,1363.15,2025-11-04T11:41:46+00:00
order_0000001214,cust_0443,815.63,2025-11-29T15:21:07+00:00
order_0000001215,cust_0663,366.97,2025-11-12T09:47:24+00:00
order_0000001216,cust_0045,982.89,2025-11-06T00:46:06+00:00
order_0000001217,cust_0153,563.00,2025-11-23T17:07:38+00:00
order_0000001218,cust_0223,2436.00,2025-11-12T11:57:47+00:00
order_0000001219,cust_0533,983.00,2025-11-24T08:31:47+00:00
order_0000001220,cust_0334,831.67,2025-11-30T16:56:06+00:00
order_0000001221,cust_0716,935.00,2025-11-20T08:34:44+00:00
order_0000001222,cust_0415,15336.00,2025-11-03T01:19:42+00:00
order_0000001223,cust_0008,1065.76,2025-11-07T05:46:33+00:00
order_0000001224,cust_0409,3072.85,2025-11-13T15:31:37+00:00
order_0000001225,cust_0589,723.00,2025-11-08T12:39:02+00:00
order_0000001226,cust_0072,173.99,2025-11-22T06:36:54+00:00
order_0000001227,cust_0803,225.99,2025-11-25T17:47:00+00:00
order_0000001228,cust_0782,245.90,2025-11-05T12:36:44+00:00
order_0000001229,cust_0859,12147.60,2025-11-07T15:42:56+00:00
order_0000001230,cust_0339,158.00,2025-11-21T13:47:27+00:00
order_0000001231,cust_0783,372.80,2025-11-17T10:34:01+00:00
order_0000001232,cust_0594,373.00,2025-11-12T15:22:04+00:00
order_0000001233,cust_0769,659.85,2025-11-21T11:44:02+00:00
order_0000001234,cust_0460,618.48,2025-11-08T19:52:25+00:00
order_0000001235,cust_0299,577.92,2025-11-28T13:25:47+00:00
order_0000001236,cust_0384,976.52,2025-11-22T02:56:06+00:00
order_0000001237,cust_0580,525.29,2025-11-03T18:12:06+00:00
order_0000001238,cust_0159,584.07,2025-11-12T16:12:40+00:00
order_0000001239,cust_0773,2341.00,2025-11-26T02:37:07+00:00
order_0000001240,cust_0034,108.05,2025-11-08T12:44:32+00:00
order_0000001241,cust_0367,594.00,2025-11-04T22:48:45+00:00
order_0000001242,cust_0788,102.47,2025-11-06T11:21:45+00:00
order_0000001243,cust_0857,2840.00,2025-11-22T03:26:51+00:00
order_0000001244,cust_0058,940.42,2025-11-06T06:51:38+00:00
order_0000001245,cust_0091,1013.00,2025-11-02T17:34:25+00:00
order_0000001246,cust_0380,467.72,2025-11-25T14:10:52+00:00
order_0000001247,cust_0514,722.07,2025-11-08T07:18:47+00:00
order_0000001248,cust_0116,2882.99,2025-11-22T07:43:39+00:00
order_0000001249,cust_0266,346.99,2025-11-16T13:07:38+00:00
order_0000001250,cust_0233,432.81,2025-11-25T03:47:14+00:00
order_0000001251,cust_0471,954.98,2025-11-22T09:11:08+00:00
order_0000001252,cust_0182,202.80,2025-11-25T21:21:45+00:00
order_0000001253,cust_0702,724.00,2025-11-17T18:45:18+00:00
order_0000001254,cust_0499,2906.11,2025-11-01T17:39:33+00:00
order_0000001255,cust_0671,2745.00,2025-11-12T11:45:57+00:00
order_0000001256,cust_0311,189.00,2025-11-23T05:54:27+00:00
order_0000001257,cust_0562,109.21,2025-11-14T13:48:33+00:00
order_0000001258,cust_0463,598.01,2025-11-20T14:27:12+00:00
order_0000001259,cust_0478,814.99,2025-11-08T11:15:13+00:00
order_0000001260,cust_0081,663.99,2025-11-15T13:10:00+00:00
order_0000001261,cust_0424,13151.00,2025-11-17T12:09:12+00:00
order_0000001262,cust_0668,2088.76,2025-11-18T20:00:46+00:00
order_0000001263,cust_0072,2093.53,2025-11-01T10:32:07+00:00
order_0000001264,cust_0399,3560.29,2025-11-11T13:42:23+00:00
order_0000001265,cust_0782,8262.00,2025-11-30T12:30:28+00:00
order_0000001266,cust_0218,1467.19,2025-11-28T18:08:26+00:00
order_0000001267,cust_0031,510.00,2025-11-02T08:18:05+00:00
order_0000001268,cust_0218,1978.10,2025-11-20T02:17:46+00:00
order_0000001269,cust_0526,622.00,2025-11-10T08:18:12+00:00
order_0000001270,cust_0170,518.00,2025-11-16T12:29:57+00:00
order_0000001271,cust_0484,3554.98,2025-11-20T09:58:26+00:00
order_0000001272,cust_0281,1988.41,2025-11-14T08:57:07+00:00
order_0000001273,cust_0069,2990.99,2025-11-23T13:18:22+00:00
order_0000001274,cust_0649,6010.35,2025-11-01T11:43:53+00:00
order_0000001275,cust_0383,139.99,2025-11-16T09:13:21+00:00
order_0000001276,cust_0868,847.00,2025-11-16T09:01:13+00:00
order_0000001277,cust_0891,436.06,2025-11-08T15:01:14+00:00
order_0000001278,cust_0127,478.00,2025-11-24T10:27:20+00:00
order_0000001279,cust_0499,2526.77,2025-11-17T06:59:32+00:00
order_0000001280,cust_0025,1750.00,2025-11-07T16:33:41+00:00
order_0000001281,cust_0693,209.00,2025-11-01T21:10:48+00:00
order_0000001282,cust_0545,1598.99,2025-11-15T03:57:16+00:00
order_0000001283,cust_0148,2403.00,2025-11-06T10:37:48+00:00
order_0000001284,cust_0554,204.46,2025-11-29T08:45:07+00:00
order_0000001285,cust_0024,9898.00,2025-11-03T08:54:51+00:00
order_0000001286,cust_0270,1369.99,2025-11-30T11:09:38+00:00
order_0000001287,cust_0381,3597.98,2025-11-07T12:33:52+00:00
order_0000001288,cust_0309,1024.00,2025-11-25T13:55:04+00:00
order_0000001289,cust_0078,5785.00,2025-11-19T12:50:21+00:00
order_0000001290,cust_0595,649.00,2025-11-26T04:08:35+00:00
order_0000001291,cust_0601,119.99,2025-11-25T06:38:16+00:00
order_0000001292,cust_0204,401.00,2025-11-15T09:19:47+00:00
order_0000001293,cust_0211,377.00,2025-11-26T10:29:01+00:00
order_0000001294,cust_0724,626.00,2025-11-16T09:12:14+00:00
order_0000001295,cust_0067,2452.33,2025-11-02T07:17:16+00:00
order_0000001296,cust_0748,860.26,2025-11-14T08:30:32+00:00
order_0000001297,cust_0256,983.54,2025-11-17T17:39:22+00:00
order_0000001298,cust_0632,782.99,2025-11-21T14:06:47+00:00
order_0000001299,cust_0125,585.49,2025-11-21T03:34:43+00:00
order_0000001300,cust_0897,878.45,2025-11-05T05:26:27+00:00
order_0000001301,cust_0191,795.99,2025-11-04T12:47:34+00:00
order_0000001302,cust_0123,741.12,2025-11-08T16:20:13+00:00
order_0000001303,cust_0790,935.53,2025-11-29T02:19:16+00:00
order_0000001304,cust_0583,2688.00,2025-11-16T01:08:01+00:00
order_0000001305,cust_0518,1545.26,2025-11-08T10:56:57+00:00
order_0000001306,cust_0877,615.00,2025-11-14T17:11:47+00:00
order_0000001307,cust_0362,233.99,2025-11-10T06:13:19+00:00
order_0000001308,cust_0163,323.00,2025-11-21T06:06:32+00:00
order_0000001309,cust_0625,626.00,2025-11-22T09:13:11+00:00
order_0000001310,cust_0431,384.00,2025-11-15T17:01:34+00:00
order_0000001311,cust_0576,1050.99,2025-11-13T06:48:15+00:00
order_0000001312,cust_0203,1017.10,2025-11-18T22:05:27+00:00
order_0000001313,cust_0048,648.93,2025-11-26T13:11:35+00:00
order_0000001314,cust_0147,249.68,2025-11-14T10:13:35+00:00
order_0000001315,cust_0245,183.22,2025-11-14T10:35:16+00:00
order_0000001316,cust_0411,950.98,2025-11-27T16:20:46+00:00
order_0000001317,cust_0474,132.89,2025-11-08T17:19:23+00:00
order_0000001318,cust_0174,322.00,2025-11-29T12:20:11+00:00
order_0000001319,cust_0440,947.04,2025-11-23T04:29:56+00:00
order_0000001320,cust_0422,223.00,2025-11-02T10:32:36+00:00
order_0000001321,cust_0250,629.00,2025-11-15T15:32:48+00:00
order_0000001322,cust_0364,11795.20,2025-11-03T14:56:42+00:00
order_0000001323,cust_0817,184.44,2025-11-11T07:28:07+00:00
order_0000001324,cust_0511,1518.99,2025-11-23T11:41:42+00:00
order_0000001325,cust_0713,1853.00,2025-11-28T02:30:23+00:00
order_0000001326,cust_0516,810.99,2025-11-05T15:16:55+00:00
order_0000001327,cust_0404,2258.45,2025-11-11T15:42:35+00:00
order_0000001328,cust_0147,905.52,2025-11-24T10:02:50+00:00
order_0000001329,cust_0696,8192.99,2025-11-20T14:41:26+00:00
order_0000001330,cust_0109,1024.69,2025-11-10T07:54:39+00:00
order_0000001331,cust_0295,437.34,2025-11-01T02:55:36+00:00
order_0000001332,cust_0850,311.62,2025-11-21T08:35:22+00:00
order_0000001333,cust_0047,908.94,2025-11-09T21:08:05+00:00
order_0000001334,cust_0241,1020.04,2025-11-15T04:45:42+00:00
order_0000001335,cust_0226,423.99,2025-11-28T16:52:02+00:00
order_0000001336,cust_0261,1554.91,2025-10-31T20:43:55+00:00
order_0000001337,cust_0611,888.23,2025-11-28T07:18:41+00:00
order_0000001338,cust_0832,410.41,2025-11-26T09:53:37+00:00
order_0000001339,cust_0461,2577.99,2025-11-13T18:56:55+00:00
order_0000001340,cust_0562,361.49,2025-11-22T21:07:10+00:00
order_0000001341,cust_0326,304.02,2025-11-04T10:11:48+00:00
order_0000001342,cust_0029,434.00,2025-11-24T02:11:38+00:00
order_0000001343,cust_0093,717.00,2025-11-21T03:13:17+00:00
order_0000001344,cust_0719,704.00,2025-11-14T13:02:12+00:00
order_0000001345,cust_0890,459.61,2025-11-04T08:31:28+00:00
order_0000001346,cust_0578,339.98,2025-11-19T07:12:38+00:00
order_0000001347,cust_0824,3050.01,2025-11-15T09:34:24+00:00
order_0000001348,cust_0190,454.17,2025-11-20T17:44:20+00:00
order_0000001349,cust_0847,143.16,2025-11-29T08:39:46+00:00
order_0000001350,cust_0410,1014.99,2025-11-10T02:05:07+00:00
order_0000001351,cust_0535,566.52,2025-11-02T09:20:24+00:00
order_0000001352,cust_0639,1542.00,2025-11-12T05:30:05+00:00
order_0000001353,cust_0298,2658.47,2025-11-20T21:45:59+00:00
order_0000001354,cust_0526,291.00,2025-11-19T21:39:12+00:00
order_0000001355,cust_0301,297.00,2025-11-13T13:42:12+00:00
order_0000001356,cust_0559,805.00,2025-11-17T16:05:46+00:00
order_0000001357,cust_0390,634.00,2025-11-07T14:23:05+00:00
order_0000001358,cust_0339,878.35,2025-11-19T11:40:03+00:00
order_0000001359,cust_0163,660.84,2025-11-29T14:17:59+00:00
order_0000001360,cust_0859,808.76,2025-11-18T14:38:44+00:00
order_0000001361,cust_0413,845.31,2025-11-18T08:56:18+00:00
order_0000001362,cust_0008,507.00,2025-11-08T16:49:29+00:00
order_0000001363,cust_0879,246.99,2025-11-10T17:08:33+00:00
order_0000001364,cust_0589,655.00,2025-11-03T05:53:18+00:00
order_0000001365,cust_0438,190.15,2025-11-20T18:19:46+00:00
order_0000001366,cust_0120,602.90,2025-11-04T21:14:19+00:00
order_0000001367,cust_0121,2632.99,2025-11-14T07:08:10+00:00
order_0000001368,cust_0447,2962.01,2025-11-08T13:56:48+00:00
order_0000001369,cust_0042,215.70,2025-11-01T02:22:50+00:00
order_0000001370,cust_0122,1258.10,2025-11-12T01:25:52+00:00
order_0000001371,cust_0351,2258.99,2025-11-15T11:25:18+00:00
order_0000001372,cust_0844,351.34,2025-11-03T07:58:00+00:00
order_0000001373,cust_0752,560.00,2025-11-23T15:31:41+00:00
order_0000001374,cust_0843,633.11,2025-11-19T22:49:52+00:00
order_0000001375,cust_0270,954.82,2025-11-07T08:18:42+00:00
order_0000001376,cust_0217,696.00,2025-11-03T08:40:48+00:00
order_0000001377,cust_0755,1830.00,2025-11-03T17:45:56+00:00
order_0000001378,cust_0754,571.00,2025-11-08T15:40:09+00:00
order_0000001379,cust_0571,1026.14,2025-11-04T04:13:13+00:00
order_0000001380,cust_0285,170.02,2025-11-20T07:15:19+00:00
order_0000001381,cust_0628,2306.00,2025-11-13T14:31:03+00:00
order_0000001382,cust_0355,800.00,2025-11-06T08:05:15+00:00
order_0000001383,cust_0408,908.00,2025-11-01T14:40:39+00:00
order_0000001384,cust_0431,892.27,2025-11-14T07:16:33+00:00
order_0000001385,cust_0328,340.00,2025-11-02T01:40:32+00:00
order_0000001386,cust_0047,1048.45,2025-11-23T07:21:21+00:00
order_0000001387,cust_0335,773.98,2025-11-11T12:17:16+00:00
order_0000001388,cust_0448,395.12,2025-11-12T13:02:29+00:00
order_0000001389,cust_0317,324.19,2025-11-29T18:10:12+00:00
order_0000001390,cust_0061,287.99,2025-11-18T17:12:00+00:00
order_0000001391,cust_0832,3523.70,2025-11-15T00:46:17+00:00
order_0000001392,cust_0398,259.79,2025-11-02T09:34:15+00:00
order_0000001393,cust_0755,1722.00,2025-11-02T01:37:00+00:00
order_0000001394,cust_0229,750.00,2025-11-30T11:00:03+00:00
order_0000001395,cust_0751,878.69,2025-11-13T13:37:10+00:00
order_0000001396,cust_0079,458.99,2025-11-18T13:32:47+00:00
order_0000001397,cust_0259,275.99,2025-11-11T17:04:33+00:00
order_0000001398,cust_0813,1823.78,2025-11-29T13:33:39+00:00
order_0000001399,cust_0394,710.99,2025-11-14T04:30:33+00:00
order_0000001400,cust_0598,1017.23,2025-11-07T07:30:11+00:00
order_0000001401,cust_0145,265.03,2025-11-19T09:21:39+00:00
order_0000001402,cust_0701,155.00,2025-11-20T10:16:17+00:00
order_0000001403,cust_0859,901.21,2025-11-05T14:09:35+00:00
order_0000001404,cust_0192,853.00,2025-11-22T08:57:41+00:00
order_0000001405,cust_0124,324.82,2025-11-28T16:31:43+00:00
order_0000001406,cust_0692,485.99,2025-11-25T14:48:00+00:00
order_0000001407,cust_0552,1438.99,2025-11-30T13:33:16+00:00
order_0000001408,cust_0130,1754.00,2025-11-25T17:16:01+00:00
order_0000001409,cust_0890,324.72,2025-11-21T06:28:57+00:00
order_0000001410,cust_0484,645.87,2025-11-08T02:01:44+00:00
order_0000001411,cust_0093,2559.30,2025-11-05T13:20:43+00:00
order_0000001412,cust_0664,332.00,2025-11-07T12:31:53+00:00
order_0000001413,cust_0868,2865.23,2025-11-06T01:23:04+00:00
order_0000001414,cust_0452,863.00,2025-11-12T11:29:49+00:00
order_0000001415,cust_0030,111.79,2025-11-08T19:53:09+00:00
order_0000001416,cust_0135,436.33,2025-11-10T20:15:03+00:00
order_0000001417,cust_0019,320.00,2025-11-15T01:07:29+00:00
order_0000001418,cust_0074,3435.99,2025-11-20T07:39:37+00:00
order_0000001419,cust_0098,1000.99,2025-11-19T08:15:50+00:00
order_0000001420,cust_0641,2976.99,2025-11-06T06:31:12+00:00
order_0000001421,cust_0129,244.99,2025-11-08T10:24:48+00:00
order_0000001422,cust_0768,852.00,2025-11-09T09:17:58+00:00
order_0000001423,cust_0070,2687.00,2025-11-07T09:27:16+00:00
order_0000001424,cust_0551,2925.14,2025-11-21T12:45:05+00:00
order_0000001425,cust_0071,721.87,2025-11-08T22:41:10+00:00
order_0000001426,cust_0560,1438.98,2025-11-22T14:31:32+00:00
order_0000001427,cust_0655,453.75,2025-11-19T06:44:52+00:00
order_0000001428,cust_0057,134.00,2025-11-03T10:12:56+00:00
order_0000001429,cust_0196,784.00,2025-11-05T10:30:22+00:00
order_0000001430,cust_0891,426.78,2025-11-21T08:50:40+00:00
order_0000001431,cust_0589,3394.00,2025-11-14T06:15:25+00:00
order_0000001432,cust_0590,759.51,2025-11-20T02:54:33+00:00
order_0000001433,cust_0625,205.60,2025-11-24T14:48:18+00:00
order_0000001434,cust_0047,650.43,2025-11-03T07:33:28+00:00
order_0000001435,cust_0790,786.06,2025-11-28T08:53:12+00:00
order_0000001436,cust_0807,11852.19,2025-11-08T16:31:54+00:00
order_0000001437,cust_0538,508.97,2025-11-18T11:00:57+00:00
order_0000001438,cust_0240,519.00,2025-11-26T11:39:41+00:00
order_0000001439,cust_0415,277.47,2025-11-14T10:57:50+00:00
order_0000001440,cust_0035,401.46,2025-11-26T05:43:22+00:00
order_0000001441,cust_0660,244.41,2025-11-26T03:08:23+00:00
order_0000001442,cust_0572,1019.37,2025-11-12T00:50:01+00:00
order_0000001443,cust_0447,892.00,2025-11-09T03:55:09+00:00
order_0000001444,cust_0358,2893.99,2025-11-21T17:37:56+00:00
order_0000001445,cust_0203,848.00,2025-11-04T00:30:35+00:00
order_0000001446,cust_0607,421.99,2025-11-05T22:12:36+00:00
order_0000001447,cust_0488,3157.99,2025-11-28T02:57:46+00:00
order_0000001448,cust_0759,341.00,2025-11-01T08:33:38+00:00
order_0000001449,cust_0078,1023.45,2025-11-02T09:45:23+00:00
order_0000001450,cust_0621,1976.99,2025-11-15T09:07:29+00:00
order_0000001451,cust_0456,745.38,2025-11-22T09:37:44+00:00
order_0000001452,cust_0503,2256.00,2025-11-10T14:51:01+00:00
order_0000001453,cust_0161,821.23,2025-11-16T08:18:37+00:00
order_0000001454,cust_0490,2406.75,2025-11-09T10:59:09+00:00
order_0000001455,cust_0519,13679.96,2025-11-28T19:20:19+00:00
order_0000001456,cust_0452,700.00,2025-11-01T17:46:43+00:00
order_0000001457,cust_0654,793.63,2025-11-16T17:35:42+00:00
order_0000001458,cust_0569,660.99,2025-11-27T08:37:51+00:00
order_0000001459,cust_0531,710.32,2025-11-30T15:48:41+00:00
order_0000001460,cust_0054,1035.98,2025-11-25T12:30:56+00:00
order_0000001461,cust_0899,336.48,2025-11-09T10:22:56+00:00
order_0000001462,cust_0674,591.00,2025-11-25T00:16:43+00:00
order_0000001463,cust_0857,456.38,2025-11-15T18:13:52+00:00
order_0000001464,cust_0449,177.99,2025-11-05T15:49:39+00:00
order_0000001465,cust_0879,1469.09,2025-11-13T02:52:19+00:00
order_0000001466,cust_0795,1261.52,2025-11-20T14:36:16+00:00
order_0000001467,cust_0021,717.27,2025-11-06T23:16:28+00:00
order_0000001468,cust_0814,1636.48,2025-11-27T05:26:37+00:00
order_0000001469,cust_0885,705.00,2025-11-07T10:22:25+00:00
order_0000001470,cust_0153,992.00,2025-11-24T09:57:29+00:00
order_0000001471,cust_0356,701.00,2025-11-26T00:30:06+00:00
order_0000001472,cust_0461,897.00,2025-11-26T17:24:59+00:00
order_0000001473,cust_0261,4468.99,2025-11-29T03:11:53+00:00
order_0000001474,cust_0097,16532.00,2025-11-25T09:46:54+00:00
order_0000001475,cust_0750,3329.79,2025-11-03T06:46:45+00:00
order_0000001476,cust_0797,1076.00,2025-11-04T14:19:07+00:00
order_0000001477,cust_0714,930.95,2025-11-06T04:05:03+00:00
order_0000001478,cust_0125,1292.95,2025-11-23T12:38:11+00:00
order_0000001479,cust_0313,2993.99,2025-11-27T16:26:09+00:00
order_0000001480,cust_0170,837.96,2025-11-30T01:53:43+00:00
order_0000001481,cust_0446,581.00,2025-11-04T06:54:20+00:00
order_0000001482,cust_0003,783.00,2025-11-01T02:53:22+00:00
order_0000001483,cust_0654,3531.71,2025-11-25T17:20:52+00:00
order_0000001484,cust_0593,3558.00,2025-11-27T15:33:46+00:00
order_0000001485,cust_0735,976.00,2025-11-05T10:23:45+00:00
order_0000001486,cust_0891,147.55,2025-11-17T07:45:47+00:00
order_0000001487,cust_0688,722.55,2025-11-25T06:02:42+00:00
order_0000001488,cust_0414,379.47,2025-11-28T05:11:13+00:00
order_0000001489,cust_0172,259.42,2025-11-08T13:08:32+00:00
order_0000001490,cust_0335,169.70,2025-11-07T12:46:24+00:00
order_0000001491,cust_0692,575.21,2025-11-30T12:51:56+00:00
order_0000001492,cust_0435,937.23,2025-11-01T10:37:26+00:00
order_0000001493,cust_0605,462.00,2025-11-22T23:07:52+00:00
order_0000001494,cust_0189,1003.00,2025-11-19T02:58:26+00:00
order_0000001495,cust_0445,223.00,2025-11-22T09:10:38+00:00
order_0000001496,cust_0081,588.72,2025-11-14T15:37:41+00:00
order_0000001497,cust_0628,2754.04,2025-11-06T13:04:04+00:00
order_0000001498,cust_0211,914.22,2025-11-06T10:23:28+00:00
order_0000001499,cust_0467,487.83,2025-11-23T22:11:22+00:00
order_0000001500,cust_0874,252.49,2025-11-21T22:57:44+00:00
order_0000001501,cust_0630,292.00,2025-11-11T00:56:54+00:00
order_0000001502,cust_0631,1045.37,2025-11-24T16:06:06+00:00
order_0000001503,cust_0006,2427.95,2025-11-12T07:49:34+00:00
order_0000001504,cust_0348,566.01,2025-11-07T16:38:37+00:00
order_0000001505,cust_0326,469.72,2025-11-09T02:06:07+00:00
order_0000001506,cust_0714,3256.33,2025-11-30T18:05:22+00:00
order_0000001507,cust_0295,7689.99,2025-11-12T14:36:46+00:00
order_0000001508,cust_0197,3067.00,2025-11-14T21:59:54+00:00
order_0000001509,cust_0011,1990.21,2025-11-04T14:40:28+00:00
order_0000001510,cust_0644,12580.00,2025-11-09T06:49:29+00:00
order_0000001511,cust_0053,540.89,2025-11-05T06:43:01+00:00
order_0000001512,cust_0240,386.24,2025-11-01T13:43:59+00:00
order_0000001513,cust_0021,801.07,2025-11-13T09:54:38+00:00
order_0000001514,cust_0241,791.30,2025-11-20T13:52:03+00:00
order_0000001515,cust_0247,923.99,2025-11-03T06:43:33+00:00
order_0000001516,cust_0569,359.74,2025-11-25T12:10:50+00:00
order_0000001517,cust_0111,653.00,2025-11-24T01:35:21+00:00
order_0000001518,cust_0180,402.99,2025-11-05T14:08:04+00:00
order_0000001519,cust_0824,713.10,2025-11-12T05:30:55+00:00
order_0000001520,cust_0497,559.99,2025-11-27T05:35:49+00:00
order_0000001521,cust_0752,988.11,2025-11-10T05:56:34+00:00
order_0000001522,cust_0352,841.99,2025-11-10T14:27:12+00:00
order_0000001523,cust_0571,531.99,2025-11-12T17:43:44+00:00
order_0000001524,cust_0394,712.99,2025-11-08T20:12:54+00:00
order_0000001525,cust_0794,1041.94,2025-11-25T02:57:05+00:00
order_0000001526,cust_0053,2003.00,2025-11-13T08:15:45+00:00
order_0000001527,cust_0519,465.79,2025-11-03T07:48:34+00:00
order_0000001528,cust_0436,718.00,2025-11-18T14:04:31+00:00
order_0000001529,cust_0235,795.67,2025-11-10T01:03:17+00:00
order_0000001530,cust_0879,500.71,2025-11-28T12:06:38+00:00
order_0000001531,cust_0487,629.00,2025-11-04T14:57:39+00:00
order_0000001532,cust_0590,621.87,2025-11-12T17:57:51+00:00
order_0000001533,cust_0292,691.00,2025-11-20T03:47:57+00:00
order_0000001534,cust_0578,663.96,2025-11-28T18:09:36+00:00
order_0000001535,cust_0147,745.27,2025-11-02T09:13:12+00:00
order_0000001536,cust_0525,372.23,2025-11-13T00:13:42+00:00
order_0000001537,cust_0697,561.00,2025-11-03T11:31:24+00:00
order_0000001538,cust_0359,182.00,2025-11-14T17:00:52+00:00
order_0000001539,cust_0085,140.99,2025-11-09T07:31:44+00:00
order_0000001540,cust_0633,844.99,2025-11-20T08:46:07+00:00
order_0000001541,cust_0388,766.76,2025-11-28T08:12:04+00:00
order_0000001542,cust_0833,443.54,2025-11-13T07:31:41+00:00
order_0000001543,cust_0482,591.36,2025-11-05T15:11:18+00:00
order_0000001544,cust_0728,706.09,2025-11-27T19:02:56+00:00
order_0000001545,cust_0370,309.00,2025-11-10T04:12:01+00:00
order_0000001546,cust_0733,1349.99,2025-11-28T15:44:39+00:00
order_0000001547,cust_0618,2843.69,2025-11-01T16:42:10+00:00
order_0000001548,cust_0653,464.01,2025-11-30T12:30:35+00:00
order_0000001549,cust_0341,441.95,2025-11-03T02:27:54+00:00
order_0000001550,cust_0615,13118.00,2025-11-21T17:22:05+00:00
order_0000001551,cust_0114,2301.27,2025-11-14T13:34:40+00:00
order_0000001552,cust_0754,610.73,2025-11-22T17:42:22+00:00
order_0000001553,cust_0427,843.73,2025-11-11T17:05:13+00:00
order_0000001554,cust_0013,1068.00,2025-11-11T14:51:47+00:00
order_0000001555,cust_0504,12991.00,2025-11-16T10:34:03+00:00
order_0000001556,cust_0431,354.03,2025-11-29T10:12:51+00:00
order_0000001557,cust_0148,684.55,2025-11-27T04:52:23+00:00
order_0000001558,cust_0493,932.99,2025-11-23T04:54:13+00:00
order_0000001559,cust_0071,2812.99,2025-11-03T14:37:03+00:00
order_0000001560,cust_0742,258.52,2025-11-25T04:00:39+00:00
order_0000001561,cust_0664,13625.99,2025-11-27T10:25:22+00:00
order_0000001562,cust_0376,357.34,2025-11-08T13:04:48+00:00
order_0000001563,cust_0392,877.92,2025-11-21T01:08:00+00:00
order_0000001564,cust_0246,607.58,2025-11-21T16:04:10+00:00
order_0000001565,cust_0560,628.91,2025-11-01T11:41:34+00:00
order_0000001566,cust_0250,1065.99,2025-11-13T18:45:47+00:00
order_0000001567,cust_0387,397.25,2025-11-27T17:39:01+00:00
order_0000001568,cust_0861,579.00,2025-11-25T03:36:46+00:00
order_0000001569,cust_0776,9248.00,2025-11-23T16:28:28+00:00
order_0000001570,cust_0437,133.00,2025-11-30T13:59:30+00:00
order_0000001571,cust_0156,980.24,2025-11-16T22:15:43+00:00
order_0000001572,cust_0251,379.82,2025-11-22T17:34:05+00:00
order_0000001573,cust_0673,826.58,2025-11-26T02:54:48+00:00
order_0000001574,cust_0379,622.16,2025-11-11T08:39:19+00:00
order_0000001575,cust_0424,390.00,2025-11-02T19:37:42+00:00
order_0000001576,cust_0489,891.00,2025-11-28T18:12:15+00:00
order_0000001577,cust_0547,7003.99,2025-11-16T17:50:33+00:00
order_0000001578,cust_0588,699.00,2025-11-07T20:18:18+00:00
order_0000001579,cust_0088,988.71,2025-11-05T05:25:56+00:00
order_0000001580,cust_0214,896.63,2025-11-04T14:40:45+00:00
order_0000001581,cust_0071,537.18,2025-11-03T02:21:46+00:00
order_0000001582,cust_0032,410.00,2025-11-06T02:49:48+00:00
order_0000001583,cust_0202,510.90,2025-11-18T22:26:53+00:00
order_0000001584,cust_0856,427.00,2025-11-18T19:46:47+00:00
order_0000001585,cust_0701,851.00,2025-11-08T02:43:56+00:00
order_0000001586,cust_0880,2589.99,2025-11-10T10:42:19+00:00
order_0000001587,cust_0061,245.00,2025-11-06T02:04:22+00:00
order_0000001588,cust_0628,478.69,2025-11-20T08:59:20+00:00
order_0000001589,cust_0305,899.57,2025-11-11T11:10:35+00:00
order_0000001590,cust_0204,163.00,2025-11-15T09:52:47+00:00
order_0000001591,cust_0208,505.00,2025-11-21T05:48:33+00:00
order_0000001592,cust_0217,246.00,2025-11-24T09:53:04+00:00
order_0000001593,cust_0892,569.99,2025-11-15T07:02:55+00:00
order_0000001594,cust_0138,402.00,2025-11-25T22:48:18+00:00
order_0000001595,cust_0868,990.99,2025-11-10T06:14:22+00:00
order_0000001596,cust_0777,763.00,2025-11-22T10:08:27+00:00
order_0000001597,cust_0470,2454.00,2025-11-24T02:26:34+00:00
order_0000001598,cust_0606,737.99,2025-11-10T11:00:34+00:00
order_0000001599,cust_0463,283.99,2025-11-18T17:28:32+00:00
order_0000001600,cust_0294,567.00,2025-11-15T14:48:19+00:00
order_0000001601,cust_0407,822.99,2025-11-23T07:25:57+00:00
order_0000001602,cust_0633,3307.89,2025-11-18T14:01:29+00:00
order_0000001603,cust_0279,6043.23,2025-11-08T13:14:43+00:00
order_0000001604,cust_0854,676.25,2025-11-10T10:51:35+00:00
order_0000001605,cust_0569,2758.00,2025-11-30T14:45:52+00:00
order_0000001606,cust_0499,912.00,2025-11-05T07:36:37+00:00
order_0000001607,cust_0850,476.00,2025-11-29T17:58:55+00:00
order_0000001608,cust_0457,431.99,2025-11-07T06:39:40+00:00
order_0000001609,cust_0753,149.46,2025-11-06T02:15:54+00:00
order_0000001610,cust_0691,352.45,2025-11-07T20:57:48+00:00
order_0000001611,cust_0721,925.67,2025-11-26T00:33:54+00:00
order_0000001612,cust_0103,619.92,2025-11-16T14:17:33+00:00
order_0000001613,cust_0767,694.00,2025-11-17T12:01:09+00:00
order_0000001614,cust_0835,3325.95,2025-11-21T12:24:17+00:00
order_0000001615,cust_0654,2049.41,2025-11-17T12:55:07+00:00
order_0000001616,cust_0538,3152.90,2025-11-10T13:23:22+00:00
order_0000001617,cust_0742,2722.99,2025-11-13T16:13:00+00:00
order_0000001618,cust_0028,248.99,2025-11-04T05:29:23+00:00
order_0000001619,cust_0523,1064.00,2025-10-31T23:37:04+00:00
order_0000001620,cust_0054,119.66,2025-11-20T16:01:39+00:00
order_0000001621,cust_0136,273.11,2025-11-26T14:23:43+00:00
order_0000001622,cust_0768,985.00,2025-11-03T04:48:35+00:00
order_0000001623,cust_0277,415.00,2025-11-17T14:08:13+00:00
order_0000001624,cust_0582,275.29,2025-11-20T11:44:02+00:00
order_0000001625,cust_0157,339.94,2025-11-03T12:48:31+00:00
order_0000001626,cust_0801,1827.99,2025-11-23T14:33:49+00:00
order_0000001627,cust_0169,828.96,2025-11-08T17:07:54+00:00
order_0000001628,cust_0404,956.00,2025-11-20T15:16:10+00:00
order_0000001629,cust_0842,700.00,2025-11-05T07:24:45+00:00
order_0000001630,cust_0880,1324.75,2025-11-13T15:13:46+00:00
order_0000001631,cust_0189,233.40,2025-11-08T12:54:00+00:00
order_0000001632,cust_0320,1798.00,2025-11-15T06:30:33+00:00
order_0000001633,cust_0676,875.00,2025-11-22T12:59:05+00:00
order_0000001634,cust_0080,2338.00,2025-11-09T14:51:47+00:00
order_0000001635,cust_0811,3309.99,2025-11-17T17:43:16+00:00
order_0000001636,cust_0584,1022.61,2025-11-22T08:15:22+00:00
order_0000001637,cust_0653,521.80,2025-11-24T16:18:28+00:00
order_0000001638,cust_0140,2722.03,2025-11-14T14:55:04+00:00
order_0000001639,cust_0681,709.44,2025-11-08T14:36:29+00:00
order_0000001640,cust_0217,625.41,2025-11-03T09:28:17+00:00
order_0000001641,cust_0727,455.00,2025-11-04T08:19:08+00:00
order_0000001642,cust_0610,732.00,2025-11-23T23:49:48+00:00
order_0000001643,cust_0592,2208.00,2025-11-09T03:06:52+00:00
order_0000001644,cust_0305,1004.00,2025-11-20T09:53:09+00:00
order_0000001645,cust_0518,3311.00,2025-11-03T06:53:44+00:00
order_0000001646,cust_0107,218.58,2025-11-16T06:14:55+00:00
order_0000001647,cust_0550,215.00,2025-11-21T21:19:41+00:00
order_0000001648,cust_0775,2389.00,2025-11-20T03:20:29+00:00
order_0000001649,cust_0171,476.65,2025-11-21T03:32:56+00:00
order_0000001650,cust_0366,579.04,2025-11-28T09:10:55+00:00
order_0000001651,cust_0879,1890.81,2025-11-20T06:30:53+00:00
order_0000001652,cust_0433,645.99,2025-11-18T13:13:30+00:00
order_0000001653,cust_0129,807.99,2025-11-01T15:58:09+00:00
order_0000001654,cust_0501,791.00,2025-11-29T16:54:44+00:00
order_0000001655,cust_0378,662.99,2025-11-16T13:18:54+00:00
order_0000001656,cust_0899,1011.74,2025-11-04T11:34:59+00:00
order_0000001657,cust_0109,553.55,2025-11-06T07:40:18+00:00
order_0000001658,cust_0587,526.00,2025-11-20T19:08:28+00:00
order_0000001659,cust_0298,159.72,2025-11-15T20:06:26+00:00
order_0000001660,cust_0442,716.99,2025-11-08T06:19:58+00:00
order_0000001661,cust_0099,458.55,2025-11-16T14:07:14+00:00
order_0000001662,cust_0474,977.00,2025-11-20T02:02:20+00:00
order_0000001663,cust_0037,805.00,2025-11-30T07:15:32+00:00
order_0000001664,cust_0671,720.92,2025-11-26T01:17:17+00:00
order_0000001665,cust_0043,811.00,2025-11-03T05:37:54+00:00
order_0000001666,cust_0476,1861.99,2025-11-08T06:57:42+00:00
order_0000001667,cust_0127,1010.75,2025-11-09T17:09:56+00:00
order_0000001668,cust_0050,259.79,2025-11-04T17:13:51+00:00
order_0000001669,cust_0560,392.16,2025-11-09T20:39:44+00:00
order_0000001670,cust_0281,2060.00,2025-11-05T12:07:18+00:00
order_0000001671,cust_0004,1057.00,2025-11-03T08:20:58+00:00
order_0000001672,cust_0342,397.02,2025-11-22T17:29:49+00:00
order_0000001673,cust_0782,1024.30,2025-11-05T10:00:26+00:00
order_0000001674,cust_0073,1054.99,2025-11-07T17:43:31+00:00
order_0000001675,cust_0150,785.34,2025-11-04T08:53:53+00:00
order_0000001676,cust_0282,870.05,2025-11-13T02:41:54+00:00
order_0000001677,cust_0603,1029.99,2025-11-02T10:44:40+00:00
order_0000001678,cust_0007,611.46,2025-11-27T00:39:19+00:00
order_0000001679,cust_0001,513.38,2025-11-10T14:55:02+00:00
order_0000001680,cust_0410,3307.99,2025-11-21T17:33:56+00:00
order_0000001681,cust_0627,13932.00,2025-11-07T12:12:29+00:00
order_0000001682,cust_0073,1054.99,2025-11-20T08:09:07+00:00
order_0000001683,cust_0249,226.00,2025-11-02T01:09:52+00:00
order_0000001684,cust_0302,517.37,2025-11-06T08:32:21+00:00
order_0000001685,cust_0567,2904.00,2025-11-17T22:56:46+00:00
order_0000001686,cust_0877,2028.00,2025-11-28T17:50:52+00:00
order_0000001687,cust_0779,16642.99,2025-11-09T10:36:33+00:00
order_0000001688,cust_0347,650.42,2025-11-07T02:28:41+00:00
order_0000001689,cust_0683,1624.00,2025-11-06T13:08:54+00:00
order_0000001690,cust_0688,1040.36,2025-11-11T15:47:17+00:00
order_0000001691,cust_0212,396.11,2025-11-25T14:05:50+00:00
order_0000001692,cust_0144,845.64,2025-11-25T19:55:03+00:00
order_0000001693,cust_0315,320.46,2025-11-23T07:20:17+00:00
order_0000001694,cust_0267,639.77,2025-11-27T11:53:12+00:00
order_0000001695,cust_0171,2760.00,2025-11-03T17:03:57+00:00
order_0000001696,cust_0374,934.00,2025-11-20T12:45:24+00:00
order_0000001697,cust_0800,1046.00,2025-11-08T06:30:35+00:00
order_0000001698,cust_0413,1883.84,2025-11-18T04:39:24+00:00
order_0000001699,cust_0555,388.38,2025-11-16T03:28:43+00:00
order_0000001700,cust_0576,2673.99,2025-11-07T13:19:08+00:00
order_0000001701,cust_0464,453.84,2025-11-07T15:35:58+00:00
order_0000001702,cust_0894,497.11,2025-11-18T17:44:18+00:00
order_0000001703,cust_0524,765.48,2025-11-21T03:08:44+00:00
order_0000001704,cust_0842,848.00,2025-11-01T07:18:22+00:00
order_0000001705,cust_0041,136.51,2025-11-17T15:30:22+00:00
order_0000001706,cust_0779,7730.00,2025-11-29T10:58:55+00:00
order_0000001707,cust_0084,1010.99,2025-11-16T16:28:30+00:00
order_0000001708,cust_0438,463.77,2025-11-07T17:09:19+00:00
order_0000001709,cust_0235,1699.38,2025-11-15T05:08:28+00:00
order_0000001710,cust_0651,1021.19,2025-11-09T16:56:18+00:00
order_0000001711,cust_0726,3591.00,2025-11-06T15:32:32+00:00
order_0000001712,cust_0040,440.00,2025-11-05T06:25:25+00:00
order_0000001713,cust_0897,738.00,2025-11-18T13:51:39+00:00
order_0000001714,cust_0211,561.99,2025-11-07T13:31:49+00:00
order_0000001715,cust_0530,128.99,2025-11-16T17:03:47+00:00
order_0000001716,cust_0639,925.71,2025-11-30T11:43:35+00:00
order_0000001717,cust_0433,627.83,2025-11-14T16:39:03+00:00
order_0000001718,cust_0430,740.13,2025-11-14T11:37:48+00:00
order_0000001719,cust_0350,719.78,2025-11-06T05:23:13+00:00
order_0000001720,cust_0441,1548.68,2025-11-25T04:08:40+00:00
order_0000001721,cust_0453,464.10,2025-11-29T18:29:15+00:00
order_0000001722,cust_0108,1134.84,2025-11-28T15:13:12+00:00
order_0000001723,cust_0822,1007.41,2025-11-01T06:39:44+00:00
order_0000001724,cust_0181,588.00,2025-11-12T11:57:49+00:00
order_0000001725,cust_0197,1019.11,2025-11-22T10:03:11+00:00
order_0000001726,cust_0885,374.00,2025-11-25T00:48:05+00:00
order_0000001727,cust_0006,1002.89,2025-11-29T09:29:01+00:00
order_0000001728,cust_0244,598.41,2025-11-29T08:35:59+00:00
order_0000001729,cust_0080,757.00,2025-11-07T02:11:35+00:00
order_0000001730,cust_0492,2298.99,2025-11-06T05:39:41+00:00
order_0000001731,cust_0724,764.00,2025-11-14T18:17:00+00:00
order_0000001732,cust_0056,2244.50,2025-11-09T20:09:12+00:00
order_0000001733,cust_0435,3441.55,2025-11-18T10:24:58+00:00
order_0000001734,cust_0054,331.19,2025-11-03T08:33:29+00:00
order_0000001735,cust_0214,410.96,2025-11-26T20:49:30+00:00
order_0000001736,cust_0355,368.00,2025-11-10T20:52:07+00:00
order_0000001737,cust_0478,1019.29,2025-11-06T07:03:19+00:00
order_0000001738,cust_0257,201.00,2025-11-14T09:25:29+00:00
order_0000001739,cust_0440,2041.43,2025-11-15T15:24:34+00:00
order_0000001740,cust_0320,105.00,2025-11-12T09:10:12+00:00
order_0000001741,cust_0276,1216.00,2025-11-01T10:44:17+00:00
order_0000001742,cust_0032,642.00,2025-11-03T17:15:59+00:00
order_0000001743,cust_0522,2734.00,2025-11-30T15:38:22+00:00
order_0000001744,cust_0444,533.42,2025-11-23T21:32:27+00:00
order_0000001745,cust_0019,1300.00,2025-11-05T10:22:34+00:00
order_0000001746,cust_0064,569.74,2025-11-11T15:31:06+00:00
order_0000001747,cust_0888,766.00,2025-11-05T18:25:03+00:00
order_0000001748,cust_0689,322.99,2025-11-02T14:13:26+00:00
order_0000001749,cust_0581,657.29,2025-11-21T08:35:37+00:00
order_0000001750,cust_0150,118.00,2025-11-13T11:14:58+00:00
order_0000001751,cust_0287,13287.00,2025-11-04T10:27:41+00:00
order_0000001752,cust_0231,482.99,2025-11-16T11:20:52+00:00
order_0000001753,cust_0012,772.61,2025-11-21T07:22:21+00:00
order_0000001754,cust_0216,625.14,2025-11-12T15:58:50+00:00
order_0000001755,cust_0340,252.95,2025-11-26T08:06:54+00:00
order_0000001756,cust_0236,535.98,2025-11-02T06:55:46+00:00
order_0000001757,cust_0872,184.00,2025-11-03T14:24:48+00:00
order_0000001758,cust_0107,996.99,2025-11-07T04:27:02+00:00
order_0000001759,cust_0655,823.00,2025-11-20T08:14:24+00:00
order_0000001760,cust_0734,1042.97,2025-11-10T03:32:40+00:00
order_0000001761,cust_0484,101.27,2025-11-09T12:49:20+00:00
order_0000001762,cust_0517,848.00,2025-11-28T06:36:18+00:00
order_0000001763,cust_0583,377.78,2025-11-27T08:27:33+00:00
order_0000001764,cust_0593,881.00,2025-11-24T01:08:47+00:00
order_0000001765,cust_0471,883.57,2025-11-04T01:17:37+00:00
order_0000001766,cust_0552,129.00,2025-11-27T09:13:47+00:00
order_0000001767,cust_0437,1226.99,2025-11-17T07:52:05+00:00
order_0000001768,cust_0548,587.20,2025-11-14T09:15:56+00:00
order_0000001769,cust_0856,305.99,2025-11-20T14:51:02+00:00
order_0000001770,cust_0829,519.00,2025-11-04T15:37:49+00:00
order_0000001771,cust_0060,847.60,2025-11-28T17:13:59+00:00
order_0000001772,cust_0788,1026.95,2025-11-16T07:32:36+00:00
order_0000001773,cust_0213,955.88,2025-11-11T13:29:44+00:00
order_0000001774,cust_0788,1833.29,2025-11-27T03:03:35+00:00
order_0000001775,cust_0399,693.50,2025-11-24T11:37:50+00:00
order_0000001776,cust_0482,3334.71,2025-11-17T16:28:47+00:00
order_0000001777,cust_0050,916.75,2025-11-16T02:42:04+00:00
order_0000001778,cust_0585,725.83,2025-11-12T22:40:05+00:00
order_0000001779,cust_0815,3028.00,2025-11-10T10:17:24+00:00
order_0000001780,cust_0666,948.99,2025-11-27T09:50:31+00:00
order_0000001781,cust_0197,1538.31,2025-11-23T08:23:43+00:00
order_0000001782,cust_0463,682.99,2025-11-09T01:21:17+00:00
order_0000001783,cust_0354,1623.09,2025-11-21T06:41:05+00:00
order_0000001784,cust_0419,402.55,2025-11-06T04:48:47+00:00
order_0000001785,cust_0775,329.59,2025-11-20T05:53:18+00:00
order_0000001786,cust_0871,1004.84,2025-11-07T11:10:53+00:00
order_0000001787,cust_0189,734.00,2025-11-22T20:03:03+00:00
order_0000001788,cust_0485,672.99,2025-11-25T11:53:50+00:00
order_0000001789,cust_0769,919.97,2025-11-05T18:11:57+00:00
order_0000001790,cust_0729,270.34,2025-11-08T05:02:23+00:00
order_0000001791,cust_0493,2760.45,2025-11-05T11:58:14+00:00
order_0000001792,cust_0384,235.99,2025-11-10T18:17:18+00:00
order_0000001793,cust_0660,1001.99,2025-11-06T09:16:36+00:00
order_0000001794,cust_0240,926.45,2025-11-23T17:58:42+00:00
order_0000001795,cust_0498,1861.23,2025-11-08T07:15:27+00:00
order_0000001796,cust_0237,797.30,2025-11-26T08:54:55+00:00
order_0000001797,cust_0601,248.81,2025-11-17T14:43:57+00:00
order_0000001798,cust_0580,547.95,2025-11-09T05:30:23+00:00
order_0000001799,cust_0527,166.00,2025-11-05T08:33:41+00:00
order_0000001800,cust_0332,8566.00,2025-11-03T00:28:19+00:00
order_0000001801,cust_0814,318.66,2025-11-16T10:55:12+00:00
order_0000001802,cust_0336,463.21,2025-11-14T02:47:27+00:00
order_0000001803,cust_0596,621.00,2025-11-10T04:36:52+00:00
order_0000001804,cust_0400,427.55,2025-11-08T01:37:35+00:00
order_0000001805,cust_0726,2127.58,2025-11-23T03:03:03+00:00
order_0000001806,cust_0185,958.03,2025-11-05T12:50:12+00:00
order_0000001807,cust_0376,787.99,2025-11-09T18:00:31+00:00
order_0000001808,cust_0306,129.64,2025-11-20T11:29:31+00:00
order_0000001809,cust_0872,385.42,2025-11-20T16:08:59+00:00
order_0000001810,cust_0584,339.00,2025-11-23T10:27:42+00:00
order_0000001811,cust_0378,333.71,2025-11-04T15:47:43+00:00
order_0000001812,cust_0798,891.26,2025-11-10T22:51:37+00:00
order_0000001813,cust_0603,167.52,2025-11-26T10:47:05+00:00
order_0000001814,cust_0636,383.00,2025-11-03T06:40:13+00:00
order_0000001815,cust_0450,3453.82,2025-11-30T01:57:17+00:00
order_0000001816,cust_0635,3473.93,2025-11-10T10:32:55+00:00
order_0000001817,cust_0173,726.00,2025-11-27T08:31:00+00:00
order_0000001818,cust_0310,254.00,2025-11-05T03:47:24+00:00
order_0000001819,cust_0523,526.00,2025-11-01T06:15:14+00:00
order_0000001820,cust_0136,921.28,2025-11-22T13:34:55+00:00
order_0000001821,cust_0575,914.54,2025-11-17T03:58:22+00:00
order_0000001822,cust_0106,206.47,2025-11-16T11:10:55+00:00
order_0000001823,cust_0780,254.88,2025-11-25T00:20:05+00:00
order_0000001824,cust_0191,512.24,2025-11-18T19:49:31+00:00
order_0000001825,cust_0525,3302.18,2025-11-24T05:55:48+00:00
order_0000001826,cust_0432,549.81,2025-11-19T01:36:36+00:00
order_0000001827,cust_0380,1074.79,2025-11-11T00:05:09+00:00
order_0000001828,cust_0324,133.64,2025-11-01T13:04:10+00:00
order_0000001829,cust_0848,133.71,2025-11-05T12:06:53+00:00
order_0000001830,cust_0664,983.27,2025-11-22T00:33:28+00:00
order_0000001831,cust_0070,554.50,2025-11-10T16:01:31+00:00
order_0000001832,cust_0685,168.00,2025-11-10T02:45:37+00:00
order_0000001833,cust_0226,321.99,2025-11-07T18:00:06+00:00
order_0000001834,cust_0225,1658.00,2025-11-21T16:41:05+00:00
order_0000001835,cust_0705,834.99,2025-11-29T06:30:45+00:00
order_0000001836,cust_0610,557.03,2025-11-19T09:15:25+00:00
order_0000001837,cust_0436,1475.18,2025-11-15T00:37:45+00:00
order_0000001838,cust_0467,1813.00,2025-11-12T00:13:06+00:00
order_0000001839,cust_0620,695.65,2025-11-05T15:25:24+00:00
order_0000001840,cust_0025,785.87,2025-11-25T09:40:21+00:00
order_0000001841,cust_0616,195.51,2025-11-17T10:33:30+00:00
order_0000001842,cust_0162,10540.52,2025-11-15T16:01:30+00:00
order_0000001843,cust_0655,715.73,2025-11-24T10:03:39+00:00
order_0000001844,cust_0036,165.69,2025-11-26T03:30:33+00:00
order_0000001845,cust_0815,702.00,2025-11-26T03:30:12+00:00
order_0000001846,cust_0511,1036.00,2025-11-09T17:26:01+00:00
order_0000001847,cust_0147,748.05,2025-11-11T04:01:33+00:00
order_0000001848,cust_0203,178.73,2025-11-10T17:06:29+00:00
order_0000001849,cust_0282,1579.99,2025-11-13T11:11:14+00:00
order_0000001850,cust_0087,552.00,2025-11-27T13:48:20+00:00
order_0000001851,cust_0027,633.99,2025-11-05T09:47:43+00:00
order_0000001852,cust_0707,5266.50,2025-11-07T06:11:23+00:00
order_0000001853,cust_0001,912.36,2025-11-15T17:38:04+00:00
order_0000001854,cust_0419,3387.49,2025-11-22T06:31:36+00:00
order_0000001855,cust_0210,3718.00,2025-11-03T07:47:38+00:00
order_0000001856,cust_0753,560.00,2025-11-28T01:11:02+00:00
order_0000001857,cust_0182,754.00,2025-11-24T08:42:48+00:00
order_0000001858,cust_0506,346.56,2025-11-02T07:14:01+00:00
order_0000001859,cust_0421,177.46,2025-11-30T17:48:46+00:00
order_0000001860,cust_0133,419.07,2025-11-23T13:16:52+00:00
order_0000001861,cust_0088,15086.10,2025-11-16T12:38:01+00:00
order_0000001862,cust_0779,657.04,2025-11-09T14:46:25+00:00
order_0000001863,cust_0149,2573.69,2025-11-09T04:39:51+00:00
order_0000001864,cust_0758,16108.00,2025-11-06T08:59:13+00:00
order_0000001865,cust_0468,413.93,2025-11-08T00:42:13+00:00
order_0000001866,cust_0474,602.99,2025-11-03T04:02:47+00:00
order_0000001867,cust_0225,1986.00,2025-11-10T12:36:54+00:00
order_0000001868,cust_0680,384.48,2025-11-25T06:30:38+00:00
order_0000001869,cust_0820,1051.99,2025-11-30T05:58:37+00:00
order_0000001870,cust_0311,2867.00,2025-11-04T19:56:12+00:00
order_0000001871,cust_0714,892.84,2025-11-29T08:06:35+00:00
order_0000001872,cust_0515,804.32,2025-11-29T10:55:54+00:00
order_0000001873,cust_0429,214.99,2025-11-10T10:35:59+00:00
order_0000001874,cust_0593,1261.99,2025-11-08T19:03:44+00:00
order_0000001875,cust_0829,1237.80,2025-11-14T16:42:45+00:00
order_0000001876,cust_0046,587.01,2025-11-07T13:47:09+00:00
order_0000001877,cust_0390,259.03,2025-11-15T00:26:47+00:00
order_0000001878,cust_0130,129.00,2025-11-21T13:48:17+00:00
order_0000001879,cust_0433,827.41,2025-11-19T09:27:45+00:00
order_0000001880,cust_0232,671.57,2025-11-10T12:08:22+00:00
order_0000001881,cust_0787,225.52,2025-11-03T07:46:40+00:00
order_0000001882,cust_0357,443.47,2025-11-30T04:34:13+00:00
order_0000001883,cust_0095,838.00,2025-11-24T06:30:02+00:00
order_0000001884,cust_0135,107.00,2025-11-06T23:10:24+00:00
order_0000001885,cust_0563,601.98,2025-11-16T22:11:26+00:00
order_0000001886,cust_0521,1007.99,2025-11-21T14:52:23+00:00
order_0000001887,cust_0425,490.00,2025-11-09T21:25:59+00:00
order_0000001888,cust_0649,264.75,2025-11-16T07:19:12+00:00
order_0000001889,cust_0734,15820.11,2025-11-07T22:24:10+00:00
order_0000001890,cust_0847,398.52,2025-11-25T09:09:13+00:00
order_0000001891,cust_0589,332.60,2025-11-26T02:03:02+00:00
order_0000001892,cust_0569,5965.00,2025-11-30T06:45:14+00:00
order_0000001893,cust_0468,1024.01,2025-11-29T10:45:36+00:00
order_0000001894,cust_0658,624.24,2025-11-11T18:02:32+00:00
order_0000001895,cust_0779,2581.99,2025-11-15T16:41:44+00:00
order_0000001896,cust_0748,318.00,2025-11-30T17:20:25+00:00
order_0000001897,cust_0704,643.64,2025-11-14T04:26:39+00:00
order_0000001898,cust_0110,210.35,2025-11-11T01:49:35+00:00
order_0000001899,cust_0408,550.56,2025-11-27T11:51:33+00:00
order_0000001900,cust_0480,322.00,2025-11-27T12:12:41+00:00
order_0000001901,cust_0232,425.00,2025-11-24T01:53:16+00:00
order_0000001902,cust_0195,1770.65,2025-11-10T09:55:40+00:00
order_0000001903,cust_0399,288.99,2025-11-03T07:48:49+00:00
order_0000001904,cust_0888,938.03,2025-11-19T01:24:20+00:00
order_0000001905,cust_0708,640.00,2025-11-01T11:02:13+00:00
order_0000001906,cust_0648,301.00,2025-11-27T15:40:30+00:00
order_0000001907,cust_0005,2987.50,2025-11-25T00:37:07+00:00
order_0000001908,cust_0163,367.99,2025-11-19T13:09:09+00:00
order_0000001909,cust_0803,765.15,2025-10-31T22:38:03+00:00
order_0000001910,cust_0865,849.00,2025-11-06T19:27:10+00:00
order_0000001911,cust_0794,417.81,2025-11-22T07:44:23+00:00
order_0000001912,cust_0884,991.99,2025-11-03T23:45:11+00:00
order_0000001913,cust_0685,182.53,2025-11-09T06:27:57+00:00
order_0000001914,cust_0170,970.95,2025-11-24T08:05:32+00:00
order_0000001915,cust_0202,632.99,2025-11-17T13:30:45+00:00
order_0000001916,cust_0159,3219.00,2025-11-20T01:22:07+00:00
order_0000001917,cust_0005,549.18,2025-11-12T06:58:58+00:00
order_0000001918,cust_0616,224.00,2025-11-15T15:09:02+00:00
order_0000001919,cust_0262,453.00,2025-11-27T14:40:20+00:00
order_0000001920,cust_0874,1019.09,2025-11-03T12:29:32+00:00
order_0000001921,cust_0569,1468.97,2025-11-08T10:50:28+00:00
order_0000001922,cust_0020,7964.00,2025-11-05T15:56:09+00:00
order_0000001923,cust_0190,981.00,2025-11-05T13:42:33+00:00
order_0000001924,cust_0053,409.00,2025-11-24T07:12:34+00:00
order_0000001925,cust_0273,3138.20,2025-11-21T17:58:34+00:00
order_0000001926,cust_0354,286.06,2025-11-16T09:46:34+00:00
order_0000001927,cust_0647,613.99,2025-11-27T03:11:04+00:00
order_0000001928,cust_0778,1037.21,2025-11-12T18:55:00+00:00
order_0000001929,cust_0328,563.05,2025-11-24T04:25:08+00:00
order_0000001930,cust_0505,9214.00,2025-11-03T11:06:01+00:00
order_0000001931,cust_0883,495.99,2025-11-12T07:53:39+00:00
order_0000001932,cust_0655,259.25,2025-11-06T07:09:49+00:00
order_0000001933,cust_0392,313.99,2025-11-19T01:33:25+00:00
order_0000001934,cust_0819,754.00,2025-11-12T09:05:35+00:00
order_0000001935,cust_0894,1846.27,2025-11-10T10:17:26+00:00
order_0000001936,cust_0508,263.00,2025-11-11T13:04:21+00:00
order_0000001937,cust_0469,3422.60,2025-11-25T05:34:47+00:00
order_0000001938,cust_0316,1140.45,2025-11-16T11:49:58+00:00
order_0000001939,cust_0788,1648.34,2025-11-11T13:24:39+00:00
order_0000001940,cust_0039,980.14,2025-11-22T07:43:15+00:00
order_0000001941,cust_0488,844.15,2025-11-29T10:21:55+00:00
order_0000001942,cust_0755,283.55,2025-11-13T12:29:09+00:00
order_0000001943,cust_0619,202.99,2025-11-01T19:39:00+00:00
order_0000001944,cust_0415,335.00,2025-11-15T14:04:49+00:00
order_0000001945,cust_0303,504.00,2025-11-19T02:46:51+00:00
order_0000001946,cust_0894,624.00,2025-11-22T04:22:25+00:00
order_0000001947,cust_0002,996.99,2025-11-29T16:06:35+00:00
order_0000001948,cust_0782,261.80,2025-11-18T15:22:42+00:00
order_0000001949,cust_0431,672.00,2025-11-25T03:12:54+00:00
order_0000001950,cust_0121,1545.00,2025-11-07T13:54:48+00:00
order_0000001951,cust_0458,1053.38,2025-11-08T14:28:34+00:00
order_0000001952,cust_0081,339.63,2025-11-02T09:56:24+00:00
order_0000001953,cust_0293,299.64,2025-11-01T05:02:56+00:00
order_0000001954,cust_0137,1650.19,2025-11-02T06:11:02+00:00
order_0000001955,cust_0664,14753.82,2025-11-27T21:45:33+00:00
order_0000001956,cust_0474,457.13,2025-11-26T13:46:21+00:00
order_0000001957,cust_0458,557.92,2025-11-18T12:54:13+00:00
order_0000001958,cust_0508,333.99,2025-11-25T10:59:16+00:00
order_0000001959,cust_0423,1028.99,2025-11-10T09:19:02+00:00
order_0000001960,cust_0147,897.04,2025-11-09T05:49:29+00:00
order_0000001961,cust_0078,879.99,2025-11-20T02:56:06+00:00
order_0000001962,cust_0097,410.61,2025-11-07T11:43:37+00:00
order_0000001963,cust_0560,135.00,2025-11-19T17:20:00+00:00
order_0000001964,cust_0218,3424.52,2025-11-10T05:58:56+00:00
order_0000001965,cust_0581,262.99,2025-11-04T09:27:19+00:00
order_0000001966,cust_0037,899.26,2025-11-29T06:48:59+00:00
order_0000001967,cust_0589,3542.82,2025-11-27T10:33:33+00:00
order_0000001968,cust_0079,550.65,2025-11-18T09:53:34+00:00
order_0000001969,cust_0318,614.00,2025-11-04T11:56:40+00:00
order_0000001970,cust_0496,16868.99,2025-11-25T13:01:06+00:00
order_0000001971,cust_0884,185.00,2025-11-02T21:32:58+00:00
order_0000001972,cust_0635,2926.00,2025-11-20T04:27:36+00:00
order_0000001973,cust_0044,349.00,2025-11-18T19:00:50+00:00
order_0000001974,cust_0113,313.56,2025-11-23T00:53:00+00:00
order_0000001975,cust_0548,166.00,2025-11-21T11:32:04+00:00
order_0000001976,cust_0578,158.29,2025-11-25T02:59:17+00:00
order_0000001977,cust_0407,549.27,2025-11-03T07:01:00+00:00
order_0000001978,cust_0119,638.00,2025-11-03T08:02:08+00:00
order_0000001979,cust_0592,1353.85,2025-11-02T04:02:12+00:00
order_0000001980,cust_0212,1025.00,2025-11-21T00:28:09+00:00
order_0000001981,cust_0214,938.78,2025-11-10T15:51:02+00:00
order_0000001982,cust_0751,408.25,2025-11-18T14:13:25+00:00
order_0000001983,cust_0856,218.00,2025-11-27T14:29:04+00:00
order_0000001984,cust_0471,464.49,2025-11-17T07:35:00+00:00
order_0000001985,cust_0654,360.54,2025-11-23T05:19:18+00:00
order_0000001986,cust_0768,9499.55,2025-11-30T07:09:59+00:00
order_0000001987,cust_0002,420.72,2025-11-19T06:34:10+00:00
order_0000001988,cust_0279,113.87,2025-11-10T13:22:35+00:00
order_0000001989,cust_0609,572.58,2025-11-05T02:29:24+00:00
order_0000001990,cust_0422,374.00,2025-11-01T00:35:39+00:00
order_0000001991,cust_0040,168.66,2025-11-15T04:57:38+00:00
order_0000001992,cust_0010,114.00,2025-11-13T10:02:44+00:00
order_0000001993,cust_0481,375.58,2025-11-06T09:27:34+00:00
order_0000001994,cust_0428,942.00,2025-11-09T07:20:26+00:00
order_0000001995,cust_0239,913.99,2025-11-10T01:22:03+00:00
order_0000001996,cust_0734,1076.31,2025-11-17T12:49:02+00:00
order_0000001997,cust_0528,358.03,2025-11-10T10:09:44+00:00
order_0000001998,cust_0580,1765.72,2025-11-22T20:51:21+00:00
order_0000001999,cust_0548,694.53,2025-11-14T00:40:16+00:00
order_0000002000,cust_0582,959.81,2025-11-18T08:08:38+00:00
order_0000002001,cust_0807,488.00,2025-11-15T10:06:59+00:00
order_0000002002,cust_0350,756.16,2025-11-22T18:01:25+00:00
order_0000002003,cust_0186,508.70,2025-11-11T17:01:28+00:00
order_0000002004,cust_0842,316.93,2025-11-03T08:07:03+00:00
order_0000002005,cust_0001,1579.78,2025-11-04T15:09:37+00:00
order_0000002006,cust_0380,13821.99,2025-11-17T08:58:06+00:00
order_0000002007,cust_0278,550.93,2025-11-14T10:29:54+00:00
order_0000002008,cust_0531,990.00,2025-11-09T18:33:07+00:00
order_0000002009,cust_0082,196.59,2025-11-29T10:07:41+00:00
order_0000002010,cust_0269,724.00,2025-11-05T10:38:29+00:00
order_0000002011,cust_0187,636.99,2025-11-23T23:03:28+00:00
order_0000002012,cust_0199,3053.81,2025-11-08T09:30:15+00:00
order_0000002013,cust_0612,2100.10,2025-11-22T09:15:50+00:00
order_0000002014,cust_0827,645.71,2025-11-12T17:38:11+00:00
order_0000002015,cust_0006,849.73,2025-11-11T23:38:50+00:00
order_0000002016,cust_0434,3163.25,2025-11-23T09:50:45+00:00
order_0000002017,cust_0366,1022.22,2025-11-17T12:12:09+00:00
order_0000002018,cust_0592,109.49,2025-11-12T00:45:48+00:00
order_0000002019,cust_0295,1886.27,2025-11-26T03:23:24+00:00
order_0000002020,cust_0234,560.92,2025-11-16T13:21:36+00:00
order_0000002021,cust_0076,407.99,2025-11-23T16:22:50+00:00
order_0000002022,cust_0051,131.00,2025-11-14T11:17:17+00:00
order_0000002023,cust_0614,417.00,2025-11-19T21:29:35+00:00
order_0000002024,cust_0457,226.38,2025-11-04T02:50:28+00:00
order_0000002025,cust_0403,1046.00,2025-11-11T13:20:54+00:00
order_0000002026,cust_0339,378.00,2025-11-04T00:09:15+00:00
order_0000002027,cust_0785,218.00,2025-11-24T13:32:40+00:00
order_0000002028,cust_0851,1709.00,2025-11-14T15:26:00+00:00
order_0000002029,cust_0115,465.99,2025-11-22T06:02:51+00:00
order_0000002030,cust_0304,1067.00,2025-11-29T07:59:34+00:00
order_0000002031,cust_0006,736.03,2025-11-01T08:38:56+00:00
order_0000002032,cust_0880,484.94,2025-11-17T05:56:01+00:00
order_0000002033,cust_0012,773.31,2025-11-08T16:41:28+00:00
order_0000002034,cust_0255,3474.99,2025-11-22T12:40:12+00:00
order_0000002035,cust_0111,550.00,2025-11-23T17:45:09+00:00
order_0000002036,cust_0249,1407.85,2025-11-22T11:30:13+00:00
order_0000002037,cust_0606,2994.00,2025-11-23T15:09:58+00:00
order_0000002038,cust_0878,593.64,2025-11-26T21:02:13+00:00
order_0000002039,cust_0025,727.96,2025-11-16T09:17:42+00:00
order_0000002040,cust_0663,328.11,2025-11-12T14:58:28+00:00
order_0000002041,cust_0830,695.99,2025-11-12T12:36:59+00:00
order_0000002042,cust_0222,999.00,2025-11-23T03:57:29+00:00
order_0000002043,cust_0876,803.31,2025-11-08T13:11:20+00:00
order_0000002044,cust_0631,598.32,2025-11-26T17:40:18+00:00
order_0000002045,cust_0753,1021.99,2025-11-15T13:17:15+00:00
order_0000002046,cust_0819,123.02,2025-11-20T12:15:19+00:00
order_0000002047,cust_0641,637.00,2025-11-15T14:13:37+00:00
order_0000002048,cust_0252,872.00,2025-11-15T07:10:59+00:00
order_0000002049,cust_0607,424.84,2025-11-07T00:51:58+00:00
order_0000002050,cust_0729,737.00,2025-11-10T04:54:25+00:00
order_0000002051,cust_0127,2253.30,2025-11-04T09:16:04+00:00
order_0000002052,cust_0786,329.08,2025-11-18T12:34:28+00:00
order_0000002053,cust_0556,710.48,2025-11-29T08:22:33+00:00
order_0000002054,cust_0107,286.00,2025-11-13T17:18:33+00:00
order_0000002055,cust_0064,854.60,2025-11-01T04:57:24+00:00
order_0000002056,cust_0476,837.42,2025-11-03T00:08:53+00:00
order_0000002057,cust_0895,3308.00,2025-11-28T09:30:43+00:00
order_0000002058,cust_0268,267.00,2025-11-09T07:47:36+00:00
order_0000002059,cust_0044,406.00,2025-11-11T14:55:35+00:00
order_0000002060,cust_0433,1863.44,2025-11-30T08:51:32+00:00
order_0000002061,cust_0815,1072.94,2025-11-24T03:40:35+00:00
order_0000002062,cust_0134,666.00,2025-11-27T03:44:24+00:00
order_0000002063,cust_0559,8743.31,2025-11-28T00:48:35+00:00
order_0000002064,cust_0085,160.52,2025-11-29T19:22:07+00:00
order_0000002065,cust_0759,435.66,2025-11-14T10:25:50+00:00
order_0000002066,cust_0091,202.00,2025-11-21T08:07:01+00:00
order_0000002067,cust_0646,117.66,2025-11-15T04:44:04+00:00
order_0000002068,cust_0522,559.60,2025-11-18T12:56:26+00:00
order_0000002069,cust_0319,792.68,2025-11-30T10:35:36+00:00
order_0000002070,cust_0745,374.00,2025-11-29T12:29:12+00:00
order_0000002071,cust_0141,777.99,2025-11-15T13:49:20+00:00
order_0000002072,cust_0351,653.76,2025-11-14T07:54:16+00:00
order_0000002073,cust_0038,1532.99,2025-11-05T13:41:39+00:00
order_0000002074,cust_0030,1025.12,2025-11-07T08:10:24+00:00
order_0000002075,cust_0343,1781.00,2025-11-23T00:49:13+00:00
order_0000002076,cust_0410,10320.00,2025-11-27T21:51:27+00:00
order_0000002077,cust_0456,696.99,2025-11-20T09:43:30+00:00
order_0000002078,cust_0774,616.70,2025-11-24T06:46:08+00:00
order_0000002079,cust_0454,949.02,2025-11-20T19:26:37+00:00
order_0000002080,cust_0525,219.33,2025-11-21T11:42:13+00:00
order_0000002081,cust_0009,1007.90,2025-11-13T15:30:58+00:00
order_0000002082,cust_0458,239.00,2025-11-12T11:11:51+00:00
order_0000002083,cust_0718,711.00,2025-11-18T11:25:39+00:00
order_0000002084,cust_0867,1211.74,2025-11-20T15:44:54+00:00
order_0000002085,cust_0114,171.44,2025-11-21T12:29:42+00:00
order_0000002086,cust_0179,804.05,2025-11-12T03:27:47+00:00
order_0000002087,cust_0689,253.79,2025-11-23T05:08:45+00:00
order_0000002088,cust_0024,264.22,2025-11-29T22:36:32+00:00
order_0000002089,cust_0734,1979.63,2025-11-22T06:55:28+00:00
order_0000002090,cust_0537,276.95,2025-11-10T08:45:05+00:00
order_0000002091,cust_0071,1050.04,2025-11-27T02:21:28+00:00
order_0000002092,cust_0427,260.00,2025-11-23T03:17:27+00:00
order_0000002093,cust_0462,797.00,2025-11-18T12:22:00+00:00
order_0000002094,cust_0662,739.00,2025-11-27T18:19:29+00:00
order_0000002095,cust_0274,2398.15,2025-11-21T14:33:28+00:00
order_0000002096,cust_0225,265.70,2025-11-21T06:05:30+00:00
order_0000002097,cust_0892,964.00,2025-11-27T05:52:07+00:00
order_0000002098,cust_0504,883.00,2025-11-23T16:47:26+00:00
order_0000002099,cust_0047,1385.96,2025-11-03T13:28:09+00:00
order_0000002100,cust_0323,538.00,2025-11-07T17:22:40+00:00
order_0000002101,cust_0468,376.72,2025-11-14T13:02:40+00:00
order_0000002102,cust_0713,1751.69,2025-11-20T15:16:32+00:00
order_0000002103,cust_0835,192.86,2025-11-17T02:41:59+00:00
order_0000002104,cust_0298,428.00,2025-11-17T04:48:25+00:00
order_0000002105,cust_0160,603.99,2025-11-06T11:24:34+00:00
order_0000002106,cust_0737,887.00,2025-11-18T10:58:53+00:00
order_0000002107,cust_0600,184.00,2025-11-20T16:23:52+00:00
order_0000002108,cust_0093,951.00,2025-11-08T11:33:09+00:00
order_0000002109,cust_0179,1051.00,2025-11-03T12:02:56+00:00
order_0000002110,cust_0300,233.99,2025-11-24T05:11:32+00:00
order_0000002111,cust_0774,905.31,2025-11-23T13:37:12+00:00
order_0000002112,cust_0785,165.00,2025-11-03T01:21:25+00:00
order_0000002113,cust_0518,768.02,2025-11-08T09:43:37+00:00
order_0000002114,cust_0098,2765.93,2025-11-22T10:26:50+00:00
order_0000002115,cust_0781,990.00,2025-11-17T14:05:58+00:00
order_0000002116,cust_0105,427.00,2025-11-08T11:02:47+00:00
order_0000002117,cust_0311,14998.99,2025-11-18T09:03:46+00:00
order_0000002118,cust_0855,2287.99,2025-11-21T16:12:03+00:00
order_0000002119,cust_0634,476.00,2025-11-15T18:53:45+00:00
order_0000002120,cust_0648,1018.15,2025-11-19T16:11:17+00:00
order_0000002121,cust_0468,246.62,2025-11-20T09:58:06+00:00
order_0000002122,cust_0214,1871.00,2025-11-07T05:23:15+00:00
order_0000002123,cust_0118,3134.99,2025-11-01T07:46:25+00:00
order_0000002124,cust_0462,620.00,2025-11-30T11:57:11+00:00
order_0000002125,cust_0752,577.00,2025-11-11T15:29:32+00:00
order_0000002126,cust_0549,777.00,2025-11-11T16:26:47+00:00
order_0000002127,cust_0056,200.00,2025-11-06T09:17:40+00:00
order_0000002128,cust_0403,800.79,2025-11-04T09:31:53+00:00
order_0000002129,cust_0716,1258.92,2025-11-27T12:16:32+00:00
order_0000002130,cust_0591,474.96,2025-11-16T13:41:30+00:00
order_0000002131,cust_0052,825.00,2025-11-06T04:19:03+00:00
order_0000002132,cust_0869,111.06,2025-11-29T07:51:08+00:00
order_0000002133,cust_0507,146.08,2025-11-17T06:39:50+00:00
order_0000002134,cust_0532,438.29,2025-11-22T00:31:46+00:00
order_0000002135,cust_0859,887.82,2025-11-02T05:12:25+00:00
order_0000002136,cust_0137,975.99,2025-11-27T06:53:04+00:00
order_0000002137,cust_0653,328.00,2025-11-09T05:18:40+00:00
order_0000002138,cust_0773,1007.21,2025-11-29T16:48:36+00:00
order_0000002139,cust_0860,809.68,2025-11-09T02:05:37+00:00
order_0000002140,cust_0359,581.00,2025-11-17T16:41:21+00:00
order_0000002141,cust_0740,1545.00,2025-11-18T05:50:06+00:00
order_0000002142,cust_0762,484.31,2025-11-29T17:12:20+00:00
order_0000002143,cust_0309,190.99,2025-11-30T13:14:07+00:00
order_0000002144,cust_0295,1471.00,2025-11-07T03:00:50+00:00
order_0000002145,cust_0301,576.00,2025-11-18T14:10:04+00:00
order_0000002146,cust_0593,2086.74,2025-11-01T10:33:29+00:00
order_0000002147,cust_0778,1222.00,2025-11-25T09:59:41+00:00
order_0000002148,cust_0533,446.03,2025-11-21T21:25:27+00:00
order_0000002149,cust_0112,923.00,2025-11-10T13:08:03+00:00
order_0000002150,cust_0391,693.10,2025-11-23T11:39:18+00:00
order_0000002151,cust_0848,3589.12,2025-11-21T07:45:47+00:00
order_0000002152,cust_0513,147.35,2025-11-21T06:49:44+00:00
order_0000002153,cust_0549,2308.72,2025-11-28T12:03:36+00:00
order_0000002154,cust_0437,509.00,2025-11-02T10:21:46+00:00
order_0000002155,cust_0314,2778.99,2025-11-28T20:12:41+00:00
order_0000002156,cust_0362,704.99,2025-11-23T04:24:40+00:00
order_0000002157,cust_0023,1241.00,2025-11-26T01:03:45+00:00
order_0000002158,cust_0265,596.00,2025-11-16T01:18:51+00:00
order_0000002159,cust_0819,355.89,2025-11-08T08:38:39+00:00
order_0000002160,cust_0371,772.99,2025-11-29T11:41:16+00:00
order_0000002161,cust_0789,1544.87,2025-11-18T17:53:46+00:00
order_0000002162,cust_0592,521.76,2025-11-30T07:26:12+00:00
order_0000002163,cust_0432,967.82,2025-11-22T13:58:17+00:00
order_0000002164,cust_0228,598.00,2025-11-22T12:02:04+00:00
order_0000002165,cust_0161,691.12,2025-11-09T09:34:19+00:00
order_0000002166,cust_0090,838.99,2025-11-03T17:45:18+00:00
order_0000002167,cust_0415,811.99,2025-11-06T19:15:38+00:00
order_0000002168,cust_0256,238.26,2025-11-18T13:03:27+00:00
order_0000002169,cust_0301,543.23,2025-11-28T19:50:42+00:00
order_0000002170,cust_0699,12126.00,2025-11-06T04:30:26+00:00
order_0000002171,cust_0115,9417.73,2025-11-14T11:00:20+00:00
order_0000002172,cust_0664,8290.93,2025-11-21T08:27:07+00:00
order_0000002173,cust_0290,790.74,2025-11-10T02:25:27+00:00
order_0000002174,cust_0859,621.00,2025-11-02T08:22:57+00:00
order_0000002175,cust_0286,353.72,2025-11-23T10:40:36+00:00
order_0000002176,cust_0129,429.75,2025-11-01T14:56:41+00:00
order_0000002177,cust_0462,664.00,2025-11-16T11:27:53+00:00
order_0000002178,cust_0368,332.04,2025-11-25T03:00:23+00:00
order_0000002179,cust_0039,1040.00,2025-11-02T10:36:39+00:00
order_0000002180,cust_0142,1129.93,2025-11-27T14:03:15+00:00
order_0000002181,cust_0374,13422.97,2025-11-10T09:15:50+00:00
order_0000002182,cust_0202,541.99,2025-11-12T12:50:45+00:00
order_0000002183,cust_0578,1755.00,2025-11-04T09:55:31+00:00
order_0000002184,cust_0833,1061.00,2025-11-16T10:46:22+00:00
order_0000002185,cust_0091,1078.00,2025-11-12T09:54:04+00:00
order_0000002186,cust_0806,573.00,2025-11-10T03:55:58+00:00
order_0000002187,cust_0376,626.99,2025-11-15T06:20:19+00:00
order_0000002188,cust_0691,635.16,2025-11-23T10:11:32+00:00
order_0000002189,cust_0172,575.00,2025-11-19T13:09:58+00:00
order_0000002190,cust_0138,726.90,2025-11-19T16:09:53+00:00
order_0000002191,cust_0243,367.99,2025-11-06T03:00:36+00:00
order_0000002192,cust_0631,357.81,2025-11-23T13:30:03+00:00
order_0000002193,cust_0013,931.00,2025-11-05T15:56:11+00:00
order_0000002194,cust_0367,1042.99,2025-11-23T09:54:13+00:00
order_0000002195,cust_0016,373.30,2025-11-02T08:55:40+00:00
order_0000002196,cust_0875,273.03,2025-11-15T08:02:34+00:00
order_0000002197,cust_0328,331.99,2025-11-14T14:29:14+00:00
order_0000002198,cust_0419,9304.31,2025-11-03T15:30:09+00:00
order_0000002199,cust_0049,111.61,2025-11-12T06:25:41+00:00
order_0000002200,cust_0498,582.99,2025-11-15T04:25:45+00:00
order_0000002201,cust_0163,863.66,2025-11-23T16:10:42+00:00
order_0000002202,cust_0196,664.67,2025-11-19T13:56:15+00:00
order_0000002203,cust_0763,519.00,2025-11-08T11:05:41+00:00
order_0000002204,cust_0511,740.00,2025-11-10T05:40:06+00:00
order_0000002205,cust_0582,227.54,2025-11-21T14:31:27+00:00
order_0000002206,cust_0441,1004.99,2025-11-29T00:32:43+00:00
order_0000002207,cust_0148,520.16,2025-11-06T18:12:47+00:00
order_0000002208,cust_0136,347.74,2025-11-16T13:08:45+00:00
order_0000002209,cust_0831,218.00,2025-11-22T09:47:32+00:00
order_0000002210,cust_0053,479.00,2025-11-17T10:01:54+00:00
order_0000002211,cust_0194,355.00,2025-11-21T08:13:12+00:00
order_0000002212,cust_0101,453.00,2025-10-31T21:25:45+00:00
order_0000002213,cust_0183,1030.00,2025-11-14T13:06:02+00:00
order_0000002214,cust_0439,669.00,2025-11-29T11:21:44+00:00
order_0000002215,cust_0838,202.47,2025-11-04T14:34:16+00:00
order_0000002216,cust_0326,382.99,2025-11-02T21:11:34+00:00
order_0000002217,cust_0785,592.99,2025-11-08T19:38:23+00:00
order_0000002218,cust_0058,354.00,2025-11-16T08:39:49+00:00
order_0000002219,cust_0546,128.16,2025-11-18T05:16:31+00:00
order_0000002220,cust_0794,1359.71,2025-11-02T01:34:44+00:00
order_0000002221,cust_0043,10077.67,2025-11-16T02:07:33+00:00
order_0000002222,cust_0462,328.00,2025-11-08T17:56:59+00:00
order_0000002223,cust_0729,841.43,2025-11-10T03:08:54+00:00
order_0000002224,cust_0439,161.00,2025-11-27T22:40:11+00:00
order_0000002225,cust_0435,2770.98,2025-11-05T06:53:45+00:00
order_0000002226,cust_0032,160.14,2025-11-24T04:23:24+00:00
order_0000002227,cust_0114,366.30,2025-11-29T11:52:00+00:00
order_0000002228,cust_0843,2292.34,2025-11-21T14:04:40+00:00
order_0000002229,cust_0023,2635.57,2025-11-07T11:12:59+00:00
order_0000002230,cust_0333,437.52,2025-11-30T08:24:27+00:00
order_0000002231,cust_0070,670.00,2025-11-26T06:54:52+00:00
order_0000002232,cust_0503,676.86,2025-11-21T11:37:16+00:00
order_0000002233,cust_0402,149.99,2025-11-23T16:56:28+00:00
order_0000002234,cust_0405,158.99,2025-11-05T16:26:10+00:00
order_0000002235,cust_0190,13733.56,2025-11-17T11:00:08+00:00
order_0000002236,cust_0799,528.99,2025-11-07T14:46:00+00:00
order_0000002237,cust_0656,327.99,2025-11-24T18:41:48+00:00
order_0000002238,cust_0098,690.00,2025-11-29T05:52:11+00:00
order_0000002239,cust_0870,593.00,2025-11-20T05:19:16+00:00
order_0000002240,cust_0115,237.00,2025-11-10T13:49:34+00:00
order_0000002241,cust_0326,2682.99,2025-11-02T01:33:08+00:00
order_0000002242,cust_0457,675.00,2025-11-04T16:14:21+00:00
order_0000002243,cust_0491,879.15,2025-11-09T08:16:12+00:00
order_0000002244,cust_0286,671.00,2025-11-03T18:26:48+00:00
order_0000002245,cust_0877,116.48,2025-11-30T07:04:45+00:00
order_0000002246,cust_0132,863.99,2025-11-05T15:50:40+00:00
order_0000002247,cust_0445,154.25,2025-11-26T14:59:34+00:00
order_0000002248,cust_0235,957.70,2025-11-26T20:03:59+00:00
order_0000002249,cust_0500,538.77,2025-11-17T04:37:47+00:00
order_0000002250,cust_0427,784.30,2025-11-06T11:49:21+00:00
order_0000002251,cust_0432,3358.00,2025-11-05T11:11:26+00:00
order_0000002252,cust_0833,923.00,2025-11-03T13:09:31+00:00
order_0000002253,cust_0016,572.99,2025-11-14T12:58:34+00:00
order_0000002254,cust_0361,264.71,2025-11-25T09:24:22+00:00
order_0000002255,cust_0477,3022.00,2025-11-03T17:13:50+00:00
order_0000002256,cust_0049,2145.93,2025-11-18T17:35:35+00:00
order_0000002257,cust_0873,289.00,2025-11-25T15:17:38+00:00
order_0000002258,cust_0394,750.62,2025-11-14T05:38:29+00:00
order_0000002259,cust_0473,557.86,2025-11-10T15:36:01+00:00
order_0000002260,cust_0126,861.21,2025-11-13T06:38:31+00:00
order_0000002261,cust_0612,9829.84,2025-11-02T14:56:09+00:00
order_0000002262,cust_0073,708.00,2025-11-18T07:24:58+00:00
order_0000002263,cust_0612,444.24,2025-11-12T17:38:55+00:00
order_0000002264,cust_0806,336.86,2025-11-08T07:57:41+00:00
order_0000002265,cust_0181,184.01,2025-11-20T13:26:09+00:00
order_0000002266,cust_0810,659.99,2025-11-14T16:19:59+00:00
order_0000002267,cust_0274,2027.00,2025-11-11T14:39:13+00:00
order_0000002268,cust_0573,1057.04,2025-11-04T15:46:57+00:00
order_0000002269,cust_0549,101.58,2025-11-05T02:49:25+00:00
order_0000002270,cust_0636,324.97,2025-11-15T08:20:03+00:00
order_0000002271,cust_0018,948.00,2025-11-01T12:29:56+00:00
order_0000002272,cust_0264,1038.75,2025-11-22T14:06:06+00:00
order_0000002273,cust_0337,884.99,2025-11-11T18:05:26+00:00
order_0000002274,cust_0272,823.72,2025-11-19T07:50:58+00:00
order_0000002275,cust_0663,148.00,2025-11-07T09:54:15+00:00
order_0000002276,cust_0112,1900.62,2025-11-15T16:50:14+00:00
order_0000002277,cust_0451,688.47,2025-11-09T06:18:58+00:00
order_0000002278,cust_0294,857.00,2025-11-22T10:45:49+00:00
order_0000002279,cust_0105,302.55,2025-11-02T08:46:22+00:00
order_0000002280,cust_0443,506.91,2025-11-23T11:36:26+00:00
order_0000002281,cust_0883,3312.65,2025-11-01T23:45:39+00:00
order_0000002282,cust_0122,1119.99,2025-11-03T09:36:05+00:00
order_0000002283,cust_0805,757.00,2025-11-17T15:46:04+00:00
order_0000002284,cust_0728,530.03,2025-11-04T09:28:03+00:00
order_0000002285,cust_0588,881.00,2025-11-28T07:38:57+00:00
order_0000002286,cust_0144,1044.00,2025-11-16T10:56:07+00:00
order_0000002287,cust_0604,641.07,2025-11-18T09:44:42+00:00
order_0000002288,cust_0677,1076.99,2025-11-28T05:48:28+00:00
order_0000002289,cust_0187,1601.00,2025-11-02T17:11:47+00:00
order_0000002290,cust_0253,613.62,2025-11-20T09:16:04+00:00
order_0000002291,cust_0810,7868.99,2025-11-29T16:45:27+00:00
order_0000002292,cust_0340,429.92,2025-11-09T13:27:13+00:00
order_0000002293,cust_0466,3520.99,2025-11-29T10:16:13+00:00
order_0000002294,cust_0383,368.07,2025-11-17T09:52:27+00:00
order_0000002295,cust_0877,758.00,2025-11-18T17:24:02+00:00
order_0000002296,cust_0208,283.00,2025-11-30T08:49:35+00:00
order_0000002297,cust_0384,478.02,2025-11-17T01:37:37+00:00
order_0000002298,cust_0183,774.05,2025-11-28T15:07:34+00:00
order_0000002299,cust_0407,682.00,2025-11-11T07:35:11+00:00
order_0000002300,cust_0592,337.00,2025-11-05T11:13:47+00:00
order_0000002301,cust_0095,2077.99,2025-11-10T04:21:13+00:00
order_0000002302,cust_0827,260.99,2025-11-10T18:15:01+00:00
order_0000002303,cust_0792,638.00,2025-11-04T22:00:14+00:00
order_0000002304,cust_0547,384.99,2025-11-23T21:24:58+00:00
order_0000002305,cust_0372,299.00,2025-11-25T15:08:00+00:00
order_0000002306,cust_0093,947.38,2025-11-15T02:02:52+00:00
order_0000002307,cust_0567,337.99,2025-11-21T17:51:31+00:00
order_0000002308,cust_0874,583.97,2025-11-28T08:01:07+00:00
order_0000002309,cust_0889,930.70,2025-11-15T17:27:33+00:00
order_0000002310,cust_0347,999.99,2025-11-14T01:31:17+00:00
order_0000002311,cust_0388,729.99,2025-11-12T11:39:26+00:00
order_0000002312,cust_0310,759.06,2025-11-13T10:35:02+00:00
order_0000002313,cust_0332,4915.50,2025-11-25T07:15:04+00:00
order_0000002314,cust_0307,1026.20,2025-11-19T08:44:17+00:00
order_0000002315,cust_0407,725.99,2025-11-09T07:40:04+00:00
order_0000002316,cust_0513,356.71,2025-11-12T06:35:56+00:00
order_0000002317,cust_0748,1823.53,2025-11-26T23:17:59+00:00
order_0000002318,cust_0809,180.00,2025-11-10T05:25:22+00:00
order_0000002319,cust_0625,1050.07,2025-11-01T10:24:02+00:00
order_0000002320,cust_0888,413.00,2025-11-20T10:14:52+00:00
order_0000002321,cust_0179,659.78,2025-11-07T12:42:41+00:00
order_0000002322,cust_0008,1957.00,2025-11-13T11:28:46+00:00
order_0000002323,cust_0543,2165.00,2025-11-06T13:54:19+00:00
order_0000002324,cust_0777,177.58,2025-11-18T06:51:41+00:00
order_0000002325,cust_0874,3413.20,2025-11-22T00:42:13+00:00
order_0000002326,cust_0557,1040.00,2025-11-25T17:53:02+00:00
order_0000002327,cust_0837,1171.65,2025-11-16T06:07:18+00:00
order_0000002328,cust_0479,7545.44,2025-11-30T10:36:53+00:00
order_0000002329,cust_0887,112.99,2025-11-23T13:43:17+00:00
order_0000002330,cust_0294,872.16,2025-11-12T07:42:13+00:00
order_0000002331,cust_0191,1026.54,2025-11-27T03:44:52+00:00
order_0000002332,cust_0534,944.99,2025-11-29T09:10:18+00:00
order_0000002333,cust_0700,725.87,2025-11-06T06:41:06+00:00
order_0000002334,cust_0643,442.21,2025-11-04T09:17:36+00:00
order_0000002335,cust_0168,223.09,2025-11-03T02:21:07+00:00
order_0000002336,cust_0183,108.18,2025-11-09T05:34:33+00:00
order_0000002337,cust_0846,472.03,2025-11-11T07:04:24+00:00
order_0000002338,cust_0205,822.75,2025-11-12T16:03:17+00:00
order_0000002339,cust_0315,528.75,2025-11-29T15:46:44+00:00
order_0000002340,cust_0162,1742.00,2025-11-14T02:30:53+00:00
order_0000002341,cust_0819,641.42,2025-11-20T15:53:25+00:00
order_0000002342,cust_0348,205.00,2025-11-10T15:32:44+00:00
order_0000002343,cust_0325,936.00,2025-11-10T05:57:02+00:00
order_0000002344,cust_0768,562.54,2025-11-22T04:26:14+00:00
order_0000002345,cust_0562,7329.00,2025-11-01T10:58:45+00:00
order_0000002346,cust_0770,508.41,2025-11-24T10:36:58+00:00
order_0000002347,cust_0038,2861.74,2025-11-22T13:54:20+00:00
order_0000002348,cust_0549,335.69,2025-11-24T15:55:46+00:00
order_0000002349,cust_0710,15786.37,2025-11-23T13:49:25+00:00
order_0000002350,cust_0143,469.99,2025-11-30T16:33:44+00:00
order_0000002351,cust_0014,535.00,2025-11-18T17:46:38+00:00
order_0000002352,cust_0033,409.33,2025-11-22T18:14:50+00:00
order_0000002353,cust_0750,3548.00,2025-11-12T14:22:32+00:00
order_0000002354,cust_0711,2731.99,2025-11-10T17:12:48+00:00
order_0000002355,cust_0729,1119.44,2025-11-18T21:22:22+00:00
order_0000002356,cust_0764,538.00,2025-11-04T17:56:25+00:00
order_0000002357,cust_0191,186.91,2025-11-13T14:14:52+00:00
order_0000002358,cust_0605,731.99,2025-11-09T09:02:42+00:00
order_0000002359,cust_0076,179.00,2025-11-14T17:25:23+00:00
order_0000002360,cust_0874,1389.81,2025-11-12T14:36:45+00:00
order_0000002361,cust_0033,934.00,2025-11-04T03:15:31+00:00
order_0000002362,cust_0448,397.25,2025-11-08T12:40:12+00:00
order_0000002363,cust_0625,665.03,2025-11-13T07:11:54+00:00
order_0000002364,cust_0399,522.58,2025-11-05T00:53:28+00:00
order_0000002365,cust_0109,2084.03,2025-11-09T16:23:55+00:00
order_0000002366,cust_0199,3255.26,2025-11-03T03:07:16+00:00
order_0000002367,cust_0005,3146.12,2025-11-11T14:53:52+00:00
order_0000002368,cust_0399,1006.16,2025-11-19T10:32:13+00:00
order_0000002369,cust_0577,2501.99,2025-11-07T16:08:32+00:00
order_0000002370,cust_0603,330.71,2025-11-26T06:32:30+00:00
order_0000002371,cust_0270,236.99,2025-11-04T06:52:29+00:00
order_0000002372,cust_0777,1131.54,2025-11-17T13:33:15+00:00
order_0000002373,cust_0097,699.00,2025-11-15T07:20:51+00:00
order_0000002374,cust_0833,1065.04,2025-11-19T15:57:34+00:00
order_0000002375,cust_0604,832.00,2025-11-01T03:18:27+00:00
order_0000002376,cust_0022,1016.17,2025-11-12T15:43:21+00:00
order_0000002377,cust_0368,242.99,2025-11-18T16:05:24+00:00
order_0000002378,cust_0385,2262.00,2025-11-25T04:24:17+00:00
order_0000002379,cust_0439,783.15,2025-11-01T13:48:02+00:00
order_0000002380,cust_0609,5504.00,2025-11-28T01:37:46+00:00
order_0000002381,cust_0234,1007.99,2025-11-16T09:21:14+00:00
order_0000002382,cust_0034,291.00,2025-11-16T11:33:58+00:00
order_0000002383,cust_0375,731.99,2025-11-12T07:22:38+00:00
order_0000002384,cust_0085,167.99,2025-11-18T16:34:54+00:00
order_0000002385,cust_0372,444.00,2025-11-28T13:18:02+00:00
order_0000002386,cust_0362,2563.08,2025-11-27T10:39:22+00:00
order_0000002387,cust_0820,161.22,2025-11-15T13:53:08+00:00
order_0000002388,cust_0161,169.41,2025-11-17T20:13:28+00:00
order_0000002389,cust_0633,122.83,2025-11-19T08:15:18+00:00
order_0000002390,cust_0892,935.80,2025-11-14T10:01:26+00:00
order_0000002391,cust_0604,1738.87,2025-11-21T05:22:33+00:00
order_0000002392,cust_0439,499.13,2025-11-10T10:09:31+00:00
order_0000002393,cust_0176,224.35,2025-11-12T01:27:17+00:00
order_0000002394,cust_0794,807.99,2025-11-22T03:13:34+00:00
order_0000002395,cust_0703,874.99,2025-11-06T10:45:36+00:00
order_0000002396,cust_0070,380.24,2025-11-15T04:45:04+00:00
order_0000002397,cust_0779,862.99,2025-11-07T15:31:15+00:00
order_0000002398,cust_0774,1783.63,2025-11-17T10:27:35+00:00
order_0000002399,cust_0898,9188.00,2025-11-23T05:03:33+00:00
order_0000002400,cust_0147,470.99,2025-11-20T15:21:10+00:00
order_0000002401,cust_0425,177.00,2025-11-20T13:08:01+00:00
order_0000002402,cust_0627,3367.00,2025-11-05T07:27:36+00:00
order_0000002403,cust_0621,952.43,2025-11-27T18:09:35+00:00
order_0000002404,cust_0650,402.00,2025-11-04T04:03:29+00:00
order_0000002405,cust_0258,153.99,2025-11-04T05:19:16+00:00
order_0000002406,cust_0656,707.12,2025-11-18T09:55:46+00:00
order_0000002407,cust_0211,533.71,2025-11-25T11:45:47+00:00
order_0000002408,cust_0891,750.59,2025-11-06T12:42:07+00:00
order_0000002409,cust_0762,948.16,2025-11-03T09:49:16+00:00
order_0000002410,cust_0055,303.08,2025-11-15T00:40:05+00:00
order_0000002411,cust_0458,890.53,2025-11-04T15:16:25+00:00
order_0000002412,cust_0591,160.02,2025-11-17T23:23:59+00:00
order_0000002413,cust_0127,824.33,2025-11-17T12:19:46+00:00
order_0000002414,cust_0302,805.00,2025-11-23T09:57:08+00:00
order_0000002415,cust_0843,659.00,2025-11-13T11:35:19+00:00
order_0000002416,cust_0821,396.64,2025-11-17T15:38:43+00:00
order_0000002417,cust_0009,441.07,2025-11-19T20:56:47+00:00
order_0000002418,cust_0604,3340.43,2025-11-09T06:02:45+00:00
order_0000002419,cust_0286,455.00,2025-11-21T07:52:54+00:00
order_0000002420,cust_0156,615.29,2025-11-23T13:10:32+00:00
order_0000002421,cust_0048,1165.00,2025-11-18T03:41:38+00:00
order_0000002422,cust_0306,453.00,2025-11-10T09:48:40+00:00
order_0000002423,cust_0290,708.12,2025-11-05T17:55:06+00:00
order_0000002424,cust_0395,662.78,2025-11-10T08:22:04+00:00
order_0000002425,cust_0063,822.78,2025-11-02T22:12:31+00:00
order_0000002426,cust_0343,3395.00,2025-11-06T06:43:19+00:00
order_0000002427,cust_0670,435.46,2025-11-30T09:30:06+00:00
order_0000002428,cust_0738,1138.90,2025-11-10T06:40:01+00:00
order_0000002429,cust_0761,399.99,2025-11-08T07:16:46+00:00
order_0000002430,cust_0761,966.00,2025-11-03T14:11:57+00:00
order_0000002431,cust_0230,3081.00,2025-11-09T10:22:35+00:00
order_0000002432,cust_0162,895.00,2025-11-02T01:10:23+00:00
order_0000002433,cust_0125,741.00,2025-11-01T12:36:00+00:00
order_0000002434,cust_0020,976.00,2025-11-21T08:14:17+00:00
order_0000002435,cust_0328,814.13,2025-11-26T01:29:26+00:00
order_0000002436,cust_0137,805.00,2025-11-01T17:16:22+00:00
order_0000002437,cust_0042,375.90,2025-11-18T02:04:45+00:00
order_0000002438,cust_0448,230.99,2025-11-16T08:48:41+00:00
order_0000002439,cust_0358,1076.00,2025-11-29T12:41:05+00:00
order_0000002440,cust_0667,952.99,2025-11-22T10:55:59+00:00
order_0000002441,cust_0824,496.60,2025-11-05T07:31:54+00:00
order_0000002442,cust_0010,478.00,2025-11-26T10:58:31+00:00
order_0000002443,cust_0451,2219.02,2025-11-01T14:35:44+00:00
order_0000002444,cust_0646,139.22,2025-11-17T20:44:54+00:00
order_0000002445,cust_0800,2285.90,2025-11-03T18:08:14+00:00
order_0000002446,cust_0226,718.96,2025-11-21T16:52:26+00:00
order_0000002447,cust_0696,527.00,2025-11-08T18:54:23+00:00
order_0000002448,cust_0475,535.00,2025-11-08T04:23:45+00:00
order_0000002449,cust_0636,3536.00,2025-11-24T12:23:29+00:00
order_0000002450,cust_0240,170.20,2025-11-30T18:09:17+00:00
order_0000002451,cust_0733,755.99,2025-11-02T21:56:21+00:00
order_0000002452,cust_0520,946.11,2025-11-21T08:32:16+00:00
order_0000002453,cust_0333,764.12,2025-11-05T09:27:09+00:00
order_0000002454,cust_0529,2201.49,2025-11-12T11:44:56+00:00
order_0000002455,cust_0769,853.00,2025-11-27T02:10:24+00:00
order_0000002456,cust_0002,749.99,2025-11-04T14:38:00+00:00
order_0000002457,cust_0531,928.06,2025-11-20T15:22:11+00:00
order_0000002458,cust_0119,276.99,2025-11-29T13:46:09+00:00
order_0000002459,cust_0596,258.86,2025-11-22T11:39:18+00:00
order_0000002460,cust_0601,570.01,2025-11-12T14:25:56+00:00
order_0000002461,cust_0397,1461.92,2025-11-24T02:51:48+00:00
order_0000002462,cust_0444,782.16,2025-11-23T09:10:29+00:00
order_0000002463,cust_0177,863.35,2025-11-30T08:10:44+00:00
order_0000002464,cust_0787,462.06,2025-11-28T01:54:40+00:00
order_0000002465,cust_0888,115.00,2025-11-04T15:44:10+00:00
order_0000002466,cust_0308,1240.00,2025-11-19T06:23:38+00:00
order_0000002467,cust_0534,269.00,2025-11-15T11:11:51+00:00
order_0000002468,cust_0173,934.86,2025-11-02T11:34:24+00:00
order_0000002469,cust_0747,115.58,2025-11-14T06:42:29+00:00
order_0000002470,cust_0216,879.45,2025-11-16T08:13:23+00:00
order_0000002471,cust_0302,985.03,2025-11-25T07:10:39+00:00
order_0000002472,cust_0713,809.06,2025-11-01T15:25:38+00:00
order_0000002473,cust_0290,1765.24,2025-11-25T03:05:41+00:00
order_0000002474,cust_0104,664.00,2025-11-14T17:34:26+00:00
order_0000002475,cust_0675,2416.88,2025-11-30T04:13:57+00:00
order_0000002476,cust_0639,1043.04,2025-11-28T10:37:30+00:00
order_0000002477,cust_0811,567.00,2025-11-04T01:26:34+00:00
order_0000002478,cust_0570,806.56,2025-11-20T07:28:51+00:00
order_0000002479,cust_0059,507.65,2025-11-11T13:20:28+00:00
order_0000002480,cust_0128,445.00,2025-11-19T07:52:54+00:00
order_0000002481,cust_0199,465.99,2025-11-25T18:57:57+00:00
order_0000002482,cust_0427,769.16,2025-11-25T03:57:11+00:00
order_0000002483,cust_0680,362.00,2025-11-03T10:49:02+00:00
order_0000002484,cust_0486,3042.00,2025-11-14T15:41:39+00:00
order_0000002485,cust_0259,2179.11,2025-11-08T11:22:19+00:00
order_0000002486,cust_0314,1062.00,2025-10-31T19:49:31+00:00
order_0000002487,cust_0069,1015.00,2025-11-01T00:30:49+00:00
order_0000002488,cust_0481,781.00,2025-11-23T14:07:24+00:00
order_0000002489,cust_0610,217.81,2025-11-07T00:59:18+00:00
order_0000002490,cust_0884,1425.63,2025-11-05T06:43:28+00:00
order_0000002491,cust_0386,922.00,2025-11-01T21:15:40+00:00
order_0000002492,cust_0574,1066.69,2025-11-18T13:11:13+00:00
order_0000002493,cust_0454,326.31,2025-11-10T23:41:26+00:00
order_0000002494,cust_0223,1040.22,2025-11-17T08:22:29+00:00
order_0000002495,cust_0277,10264.56,2025-11-27T00:23:55+00:00
order_0000002496,cust_0710,280.00,2025-11-01T17:02:40+00:00
order_0000002497,cust_0022,505.72,2025-11-30T11:55:49+00:00
order_0000002498,cust_0259,10575.00,2025-11-10T19:13:07+00:00
order_0000002499,cust_0442,959.31,2025-11-16T14:05:31+00:00
order_0000002500,cust_0307,9157.00,2025-11-06T10:31:12+00:00
order_0000002501,cust_0597,3053.58,2025-11-09T09:50:35+00:00
order_0000002502,cust_0671,3209.67,2025-11-18T23:50:13+00:00
order_0000002503,cust_0553,152.00,2025-11-19T14:27:48+00:00
order_0000002504,cust_0803,960.75,2025-11-30T07:48:07+00:00
order_0000002505,cust_0639,929.84,2025-11-29T02:48:22+00:00
order_0000002506,cust_0347,2203.49,2025-11-30T15:27:05+00:00
order_0000002507,cust_0282,953.44,2025-11-06T07:36:37+00:00
order_0000002508,cust_0112,584.00,2025-11-18T14:16:52+00:00
order_0000002509,cust_0869,161.56,2025-11-01T16:09:23+00:00
order_0000002510,cust_0383,919.00,2025-11-19T05:36:24+00:00
order_0000002511,cust_0832,1012.07,2025-11-29T14:27:36+00:00
order_0000002512,cust_0884,957.99,2025-11-06T17:19:12+00:00
order_0000002513,cust_0578,1259.82,2025-11-24T11:47:49+00:00
order_0000002514,cust_0440,192.00,2025-11-14T13:31:46+00:00
order_0000002515,cust_0426,3282.44,2025-11-13T09:12:49+00:00
order_0000002516,cust_0840,1011.00,2025-11-11T04:03:37+00:00
order_0000002517,cust_0166,804.14,2025-11-29T11:14:24+00:00
order_0000002518,cust_0506,216.83,2025-11-26T12:34:51+00:00
order_0000002519,cust_0533,256.99,2025-11-17T18:12:03+00:00
order_0000002520,cust_0172,896.77,2025-11-30T00:11:47+00:00
order_0000002521,cust_0212,251.00,2025-11-11T02:09:31+00:00
order_0000002522,cust_0315,180.00,2025-11-05T11:05:42+00:00
order_0000002523,cust_0229,11216.00,2025-11-23T07:48:49+00:00
order_0000002524,cust_0428,342.56,2025-11-02T15:10:14+00:00
order_0000002525,cust_0781,332.00,2025-11-06T21:13:00+00:00
order_0000002526,cust_0361,3303.00,2025-11-29T13:50:03+00:00
order_0000002527,cust_0431,780.00,2025-11-01T13:25:22+00:00
order_0000002528,cust_0675,201.11,2025-11-28T09:34:10+00:00
order_0000002529,cust_0443,484.76,2025-11-22T03:40:34+00:00
order_0000002530,cust_0825,282.18,2025-11-02T06:58:49+00:00
order_0000002531,cust_0896,1064.00,2025-11-09T07:11:40+00:00
order_0000002532,cust_0779,332.00,2025-11-13T11:02:33+00:00
order_0000002533,cust_0060,134.99,2025-11-01T14:34:22+00:00
order_0000002534,cust_0699,803.00,2025-11-25T12:13:52+00:00
order_0000002535,cust_0770,3172.52,2025-11-09T13:40:24+00:00
order_0000002536,cust_0620,7535.97,2025-11-23T08:38:14+00:00
order_0000002537,cust_0709,173.99,2025-11-05T02:35:53+00:00
order_0000002538,cust_0800,802.39,2025-11-14T02:34:59+00:00
order_0000002539,cust_0522,337.84,2025-11-20T11:56:29+00:00
order_0000002540,cust_0457,1447.97,2025-11-20T03:04:25+00:00
order_0000002541,cust_0154,667.00,2025-11-24T10:07:25+00:00
order_0000002542,cust_0017,431.29,2025-11-09T13:53:04+00:00
order_0000002543,cust_0599,744.00,2025-11-15T02:26:41+00:00
order_0000002544,cust_0598,2632.53,2025-11-15T16:26:49+00:00
order_0000002545,cust_0257,381.25,2025-11-13T00:27:23+00:00
order_0000002546,cust_0823,329.51,2025-11-05T00:28:00+00:00
order_0000002547,cust_0267,2711.00,2025-11-20T07:53:39+00:00
order_0000002548,cust_0565,1048.18,2025-11-21T07:37:49+00:00
order_0000002549,cust_0295,1309.00,2025-11-04T14:57:23+00:00
order_0000002550,cust_0517,969.00,2025-11-15T13:09:48+00:00
order_0000002551,cust_0862,3390.46,2025-11-20T06:27:35+00:00
order_0000002552,cust_0075,291.00,2025-11-18T10:38:06+00:00
order_0000002553,cust_0092,3352.71,2025-11-03T09:23:30+00:00
order_0000002554,cust_0452,2106.00,2025-11-08T14:49:46+00:00
order_0000002555,cust_0214,839.99,2025-11-12T23:23:56+00:00
order_0000002556,cust_0034,102.00,2025-11-18T14:14:17+00:00
order_0000002557,cust_0585,782.70,2025-11-08T09:46:47+00:00
order_0000002558,cust_0519,186.99,2025-11-04T05:06:47+00:00
order_0000002559,cust_0331,3259.32,2025-11-28T08:44:59+00:00
order_0000002560,cust_0171,457.99,2025-11-01T20:25:35+00:00
order_0000002561,cust_0028,538.99,2025-11-10T10:03:48+00:00
order_0000002562,cust_0656,373.00,2025-11-19T11:02:09+00:00
order_0000002563,cust_0452,632.99,2025-11-18T13:26:49+00:00
order_0000002564,cust_0049,886.99,2025-11-07T22:59:51+00:00
order_0000002565,cust_0335,335.95,2025-11-28T15:04:53+00:00
order_0000002566,cust_0754,3292.03,2025-11-15T17:26:45+00:00
order_0000002567,cust_0380,793.42,2025-11-01T04:56:38+00:00
order_0000002568,cust_0537,661.15,2025-11-20T12:29:53+00:00
order_0000002569,cust_0056,1197.00,2025-11-14T16:03:49+00:00
order_0000002570,cust_0293,362.45,2025-11-05T16:58:35+00:00
order_0000002571,cust_0050,879.08,2025-11-20T13:49:29+00:00
order_0000002572,cust_0867,858.99,2025-11-04T01:00:11+00:00
order_0000002573,cust_0452,502.99,2025-11-22T11:11:51+00:00
order_0000002574,cust_0833,710.99,2025-11-10T20:33:11+00:00
order_0000002575,cust_0452,290.99,2025-11-28T18:20:15+00:00
order_0000002576,cust_0635,935.99,2025-11-05T05:34:02+00:00
order_0000002577,cust_0725,206.03,2025-11-18T00:27:44+00:00
order_0000002578,cust_0592,511.99,2025-11-18T18:22:04+00:00
order_0000002579,cust_0475,1078.97,2025-11-06T12:10:47+00:00
order_0000002580,cust_0574,2659.00,2025-11-19T13:31:20+00:00
order_0000002581,cust_0629,1058.00,2025-11-21T03:16:09+00:00
order_0000002582,cust_0042,933.73,2025-11-13T13:33:28+00:00
order_0000002583,cust_0256,925.22,2025-11-23T13:51:22+00:00
order_0000002584,cust_0664,211.77,2025-11-28T17:25:22+00:00
order_0000002585,cust_0148,472.26,2025-11-24T01:21:40+00:00
order_0000002586,cust_0016,284.00,2025-11-25T11:54:36+00:00
order_0000002587,cust_0237,670.04,2025-11-28T02:26:51+00:00
order_0000002588,cust_0230,965.36,2025-11-06T04:20:41+00:00
order_0000002589,cust_0078,535.00,2025-11-04T18:35:51+00:00
order_0000002590,cust_0331,672.00,2025-11-04T12:21:09+00:00
order_0000002591,cust_0139,897.10,2025-11-03T03:48:38+00:00
order_0000002592,cust_0543,800.95,2025-11-03T00:38:14+00:00
order_0000002593,cust_0436,607.37,2025-11-07T10:57:43+00:00
order_0000002594,cust_0507,10886.43,2025-11-15T20:16:11+00:00
order_0000002595,cust_0576,685.99,2025-11-11T23:47:41+00:00
order_0000002596,cust_0062,435.00,2025-11-22T06:55:17+00:00
order_0000002597,cust_0682,374.99,2025-11-10T09:10:07+00:00
order_0000002598,cust_0297,120.00,2025-11-24T19:45:57+00:00
order_0000002599,cust_0292,1005.99,2025-11-18T01:49:53+00:00
order_0000002600,cust_0190,224.47,2025-11-25T09:18:34+00:00
order_0000002601,cust_0424,732.99,2025-11-25T00:02:23+00:00
order_0000002602,cust_0197,451.40,2025-11-05T16:55:40+00:00
order_0000002603,cust_0367,667.45,2025-11-08T17:00:15+00:00
order_0000002604,cust_0470,1078.00,2025-11-19T12:34:16+00:00
order_0000002605,cust_0450,373.96,2025-11-26T22:52:26+00:00
order_0000002606,cust_0545,694.26,2025-11-17T15:11:49+00:00
order_0000002607,cust_0746,884.62,2025-11-01T18:24:29+00:00
order_0000002608,cust_0247,1902.97,2025-11-15T12:46:54+00:00
order_0000002609,cust_0064,925.44,2025-11-10T03:55:35+00:00
order_0000002610,cust_0690,1188.04,2025-11-26T13:30:28+00:00
order_0000002611,cust_0641,864.99,2025-11-12T17:46:36+00:00
order_0000002612,cust_0229,811.92,2025-11-08T12:29:44+00:00
order_0000002613,cust_0383,1976.18,2025-11-11T12:47:44+00:00
order_0000002614,cust_0246,1119.87,2025-11-11T06:40:53+00:00
order_0000002615,cust_0849,573.99,2025-11-11T00:52:44+00:00
order_0000002616,cust_0053,360.00,2025-11-20T09:11:35+00:00
order_0000002617,cust_0181,356.06,2025-11-03T14:14:52+00:00
order_0000002618,cust_0038,115.75,2025-11-05T07:41:15+00:00
order_0000002619,cust_0738,220.00,2025-11-04T02:30:35+00:00
order_0000002620,cust_0372,686.00,2025-11-06T20:42:48+00:00
order_0000002621,cust_0819,462.00,2025-11-17T11:13:14+00:00
order_0000002622,cust_0541,5131.29,2025-11-26T09:52:54+00:00
order_0000002623,cust_0136,2524.27,2025-11-25T10:31:14+00:00
order_0000002624,cust_0212,659.03,2025-11-16T06:08:10+00:00
order_0000002625,cust_0074,2965.17,2025-11-17T15:45:00+00:00
order_0000002626,cust_0563,1061.00,2025-11-03T13:02:23+00:00
order_0000002627,cust_0300,482.99,2025-11-21T02:16:59+00:00
order_0000002628,cust_0486,2718.09,2025-11-19T06:35:13+00:00
order_0000002629,cust_0292,1380.00,2025-11-30T14:29:36+00:00
order_0000002630,cust_0211,3487.99,2025-11-04T14:19:16+00:00
order_0000002631,cust_0860,280.00,2025-11-13T15:44:43+00:00
order_0000002632,cust_0261,552.99,2025-11-21T11:16:09+00:00
order_0000002633,cust_0269,251.00,2025-11-01T06:27:51+00:00
order_0000002634,cust_0719,163.99,2025-11-04T10:54:47+00:00
order_0000002635,cust_0092,151.82,2025-11-21T08:49:35+00:00
order_0000002636,cust_0807,2815.00,2025-11-11T07:04:50+00:00
order_0000002637,cust_0587,504.00,2025-11-01T00:21:53+00:00
order_0000002638,cust_0408,2375.99,2025-11-20T15:52:36+00:00
order_0000002639,cust_0605,2521.00,2025-11-06T18:14:43+00:00
order_0000002640,cust_0111,990.65,2025-11-29T21:21:54+00:00
order_0000002641,cust_0441,798.08,2025-11-18T16:40:41+00:00
order_0000002642,cust_0439,322.00,2025-11-16T02:57:49+00:00
order_0000002643,cust_0580,855.00,2025-11-17T05:50:46+00:00
order_0000002644,cust_0285,947.00,2025-11-19T09:27:54+00:00
order_0000002645,cust_0121,120.19,2025-11-14T11:12:45+00:00
order_0000002646,cust_0522,3052.44,2025-11-14T04:04:22+00:00
order_0000002647,cust_0592,431.07,2025-11-30T06:15:12+00:00
order_0000002648,cust_0580,133.99,2025-11-09T02:01:43+00:00
order_0000002649,cust_0829,182.00,2025-11-26T16:34:30+00:00
order_0000002650,cust_0354,9965.70,2025-11-17T06:36:06+00:00
order_0000002651,cust_0079,134.00,2025-11-20T11:18:15+00:00
order_0000002652,cust_0070,674.91,2025-11-30T02:31:52+00:00
order_0000002653,cust_0319,1179.99,2025-11-10T00:44:32+00:00
order_0000002654,cust_0720,339.00,2025-11-30T16:04:13+00:00
order_0000002655,cust_0523,1047.48,2025-11-19T23:24:07+00:00
order_0000002656,cust_0098,841.90,2025-11-09T06:24:32+00:00
order_0000002657,cust_0287,3167.70,2025-11-15T12:59:09+00:00
order_0000002658,cust_0796,1642.00,2025-11-21T17:06:41+00:00
order_0000002659,cust_0784,780.00,2025-11-07T22:55:43+00:00
order_0000002660,cust_0778,893.29,2025-11-11T12:48:45+00:00
order_0000002661,cust_0591,506.99,2025-11-15T02:52:59+00:00
order_0000002662,cust_0200,3417.69,2025-11-18T22:45:36+00:00
order_0000002663,cust_0258,340.68,2025-11-03T00:38:57+00:00
order_0000002664,cust_0897,446.05,2025-11-06T06:30:52+00:00
order_0000002665,cust_0546,6853.87,2025-11-14T16:06:57+00:00
order_0000002666,cust_0477,514.33,2025-11-10T02:20:26+00:00
order_0000002667,cust_0699,3295.86,2025-11-17T18:35:35+00:00
order_0000002668,cust_0700,761.99,2025-11-27T19:58:10+00:00
order_0000002669,cust_0209,423.99,2025-11-13T06:25:50+00:00
order_0000002670,cust_0838,281.80,2025-11-29T22:51:01+00:00
order_0000002671,cust_0562,281.00,2025-11-10T17:58:15+00:00
order_0000002672,cust_0217,898.73,2025-11-29T06:42:14+00:00
order_0000002673,cust_0353,668.00,2025-11-13T09:08:00+00:00
order_0000002674,cust_0774,835.99,2025-11-21T10:04:47+00:00
order_0000002675,cust_0858,502.99,2025-11-13T06:57:26+00:00
order_0000002676,cust_0118,358.44,2025-11-26T15:28:57+00:00
order_0000002677,cust_0694,338.74,2025-11-24T18:06:38+00:00
order_0000002678,cust_0648,580.31,2025-11-20T05:36:34+00:00
order_0000002679,cust_0595,8591.80,2025-11-11T08:20:45+00:00
order_0000002680,cust_0613,1338.00,2025-11-08T11:04:43+00:00
order_0000002681,cust_0268,892.51,2025-11-22T08:47:30+00:00
order_0000002682,cust_0378,982.00,2025-11-09T04:46:34+00:00
order_0000002683,cust_0730,2375.99,2025-11-25T12:56:40+00:00
order_0000002684,cust_0804,431.00,2025-11-10T08:07:19+00:00
order_0000002685,cust_0760,12189.94,2025-11-15T00:37:58+00:00
order_0000002686,cust_0566,443.81,2025-11-30T16:07:17+00:00
order_0000002687,cust_0831,794.68,2025-11-20T16:56:19+00:00
order_0000002688,cust_0882,885.57,2025-11-10T17:28:09+00:00
order_0000002689,cust_0367,395.00,2025-11-26T09:46:20+00:00
order_0000002690,cust_0863,677.65,2025-11-17T07:17:10+00:00
order_0000002691,cust_0117,1078.49,2025-11-24T16:36:18+00:00
order_0000002692,cust_0857,382.00,2025-11-21T08:41:09+00:00
order_0000002693,cust_0535,1537.00,2025-11-23T19:25:01+00:00
order_0000002694,cust_0145,672.20,2025-11-27T15:30:42+00:00
order_0000002695,cust_0083,316.00,2025-11-24T05:37:19+00:00
order_0000002696,cust_0440,861.25,2025-11-07T03:16:14+00:00
order_0000002697,cust_0211,345.99,2025-11-12T08:18:02+00:00
order_0000002698,cust_0619,1742.84,2025-11-16T08:22:46+00:00
order_0000002699,cust_0686,1053.57,2025-11-21T16:11:52+00:00
order_0000002700,cust_0071,2490.00,2025-11-05T22:57:34+00:00
order_0000002701,cust_0560,595.67,2025-11-16T17:26:53+00:00
order_0000002702,cust_0088,473.00,2025-11-05T19:35:31+00:00
order_0000002703,cust_0461,575.99,2025-11-14T17:43:12+00:00
order_0000002704,cust_0749,1006.14,2025-11-18T03:27:51+00:00
order_0000002705,cust_0107,693.00,2025-11-10T07:25:37+00:00
order_0000002706,cust_0532,15560.51,2025-11-12T11:07:11+00:00
order_0000002707,cust_0170,1972.00,2025-11-27T13:06:09+00:00
order_0000002708,cust_0258,194.85,2025-11-11T23:12:41+00:00
order_0000002709,cust_0851,574.93,2025-11-19T03:50:41+00:00
order_0000002710,cust_0800,760.41,2025-11-28T10:48:39+00:00
order_0000002711,cust_0880,965.53,2025-11-02T09:40:14+00:00
order_0000002712,cust_0761,988.26,2025-11-06T12:46:01+00:00
order_0000002713,cust_0235,1134.87,2025-11-16T15:45:55+00:00
order_0000002714,cust_0036,231.63,2025-11-10T15:17:49+00:00
order_0000002715,cust_0434,498.57,2025-11-09T06:37:10+00:00
order_0000002716,cust_0726,296.00,2025-11-06T01:07:39+00:00
order_0000002717,cust_0159,108.71,2025-11-20T08:41:27+00:00
order_0000002718,cust_0316,3523.30,2025-11-20T00:05:15+00:00
order_0000002719,cust_0893,900.00,2025-11-15T12:15:48+00:00
order_0000002720,cust_0823,405.10,2025-11-07T08:39:34+00:00
order_0000002721,cust_0354,625.59,2025-11-02T20:50:59+00:00
order_0000002722,cust_0307,560.61,2025-11-19T07:11:39+00:00
order_0000002723,cust_0200,661.00,2025-11-14T18:15:53+00:00
order_0000002724,cust_0604,2634.00,2025-11-26T04:14:29+00:00
order_0000002725,cust_0212,1034.00,2025-11-06T01:45:28+00:00
order_0000002726,cust_0408,553.17,2025-11-14T12:58:54+00:00
order_0000002727,cust_0053,370.16,2025-11-29T00:27:25+00:00
order_0000002728,cust_0263,7999.00,2025-11-22T01:41:38+00:00
order_0000002729,cust_0665,891.87,2025-11-22T14:42:01+00:00
order_0000002730,cust_0025,351.99,2025-11-26T15:06:17+00:00
order_0000002731,cust_0710,423.16,2025-11-28T02:24:43+00:00
order_0000002732,cust_0022,796.23,2025-11-22T09:11:02+00:00
order_0000002733,cust_0702,1031.82,2025-11-15T07:10:11+00:00
order_0000002734,cust_0323,729.00,2025-11-09T18:00:24+00:00
order_0000002735,cust_0672,841.05,2025-11-19T12:44:28+00:00
order_0000002736,cust_0206,680.00,2025-11-19T08:12:30+00:00
order_0000002737,cust_0023,488.99,2025-11-01T11:38:13+00:00
order_0000002738,cust_0797,4956.00,2025-11-15T11:55:06+00:00
order_0000002739,cust_0415,651.99,2025-11-27T18:14:51+00:00
order_0000002740,cust_0649,2503.08,2025-11-19T07:51:19+00:00
order_0000002741,cust_0762,108.40,2025-11-26T13:15:49+00:00
order_0000002742,cust_0089,737.39,2025-11-08T18:04:31+00:00
order_0000002743,cust_0112,119.95,2025-11-11T07:40:04+00:00
order_0000002744,cust_0293,832.00,2025-11-21T06:45:35+00:00
order_0000002745,cust_0483,787.10,2025-11-25T04:09:29+00:00
order_0000002746,cust_0212,1036.19,2025-11-28T21:06:14+00:00
order_0000002747,cust_0466,347.99,2025-11-07T04:17:31+00:00
order_0000002748,cust_0012,3370.00,2025-11-22T15:44:13+00:00
order_0000002749,cust_0615,496.00,2025-11-30T12:37:37+00:00
order_0000002750,cust_0100,1042.99,2025-11-08T09:26:17+00:00
order_0000002751,cust_0011,3073.40,2025-11-13T07:43:10+00:00
order_0000002752,cust_0053,783.08,2025-11-06T20:31:46+00:00
order_0000002753,cust_0043,805.57,2025-11-03T08:26:14+00:00
order_0000002754,cust_0740,722.85,2025-11-21T23:17:43+00:00
order_0000002755,cust_0482,864.76,2025-11-08T11:22:48+00:00
order_0000002756,cust_0181,134.99,2025-11-24T09:57:43+00:00
order_0000002757,cust_0703,922.99,2025-11-21T01:56:42+00:00
order_0000002758,cust_0114,2841.99,2025-11-15T02:14:50+00:00
order_0000002759,cust_0194,575.44,2025-11-06T10:20:57+00:00
order_0000002760,cust_0591,196.99,2025-11-14T18:03:59+00:00
order_0000002761,cust_0149,447.82,2025-11-26T09:36:53+00:00
order_0000002762,cust_0743,987.00,2025-11-17T12:38:20+00:00
order_0000002763,cust_0689,189.60,2025-11-12T06:14:23+00:00
order_0000002764,cust_0505,778.99,2025-11-14T16:14:54+00:00
order_0000002765,cust_0569,9370.93,2025-11-30T11:11:43+00:00
order_0000002766,cust_0203,3225.51,2025-11-03T00:18:29+00:00
order_0000002767,cust_0483,297.00,2025-11-25T08:42:19+00:00
order_0000002768,cust_0422,3096.62,2025-11-26T12:23:20+00:00
order_0000002769,cust_0159,589.94,2025-11-16T15:54:39+00:00
order_0000002770,cust_0288,192.99,2025-11-11T08:34:24+00:00
order_0000002771,cust_0774,1020.93,2025-11-02T22:21:10+00:00
order_0000002772,cust_0121,535.97,2025-11-05T14:22:40+00:00
order_0000002773,cust_0437,560.64,2025-11-10T11:24:24+00:00
order_0000002774,cust_0042,946.56,2025-11-13T08:05:38+00:00
order_0000002775,cust_0619,500.00,2025-11-22T00:21:47+00:00
order_0000002776,cust_0856,15713.00,2025-11-01T15:41:51+00:00
order_0000002777,cust_0822,897.00,2025-11-11T01:03:44+00:00
order_0000002778,cust_0577,682.00,2025-11-24T17:20:58+00:00
order_0000002779,cust_0054,163.76,2025-11-04T03:56:43+00:00
order_0000002780,cust_0083,714.41,2025-11-13T11:31:58+00:00
order_0000002781,cust_0316,16417.00,2025-11-14T12:45:54+00:00
order_0000002782,cust_0121,1113.43,2025-11-09T16:18:25+00:00
order_0000002783,cust_0847,882.00,2025-11-24T02:41:14+00:00
order_0000002784,cust_0262,1038.97,2025-11-23T17:54:54+00:00
order_0000002785,cust_0036,649.24,2025-11-09T00:47:20+00:00
order_0000002786,cust_0045,726.14,2025-11-13T19:11:22+00:00
order_0000002787,cust_0027,655.84,2025-11-01T02:53:30+00:00
order_0000002788,cust_0092,1578.10,2025-11-17T10:00:35+00:00
order_0000002789,cust_0467,665.99,2025-11-10T08:03:01+00:00
order_0000002790,cust_0235,934.00,2025-11-22T06:45:39+00:00
order_0000002791,cust_0564,680.99,2025-11-16T07:30:14+00:00
order_0000002792,cust_0254,780.11,2025-11-22T18:49:44+00:00
order_0000002793,cust_0792,739.00,2025-11-23T18:23:25+00:00
order_0000002794,cust_0322,859.99,2025-11-23T11:59:52+00:00
order_0000002795,cust_0310,482.00,2025-11-20T14:19:01+00:00
order_0000002796,cust_0244,1997.99,2025-11-01T16:49:44+00:00
order_0000002797,cust_0104,679.49,2025-11-05T17:47:09+00:00
order_0000002798,cust_0814,608.99,2025-11-07T15:24:29+00:00
order_0000002799,cust_0868,652.73,2025-11-28T12:00:55+00:00
order_0000002800,cust_0380,773.99,2025-10-31T18:28:52+00:00
order_0000002801,cust_0897,1534.99,2025-11-08T09:34:50+00:00
order_0000002802,cust_0475,153.89,2025-11-23T13:26:04+00:00
order_0000002803,cust_0257,688.54,2025-11-13T15:26:18+00:00
order_0000002804,cust_0481,5371.99,2025-11-13T16:08:21+00:00
order_0000002805,cust_0487,1346.00,2025-11-10T06:04:43+00:00
order_0000002806,cust_0177,1066.84,2025-11-13T10:56:40+00:00
order_0000002807,cust_0081,436.41,2025-11-01T14:21:52+00:00
order_0000002808,cust_0726,12917.00,2025-11-12T01:47:00+00:00
order_0000002809,cust_0554,247.00,2025-11-12T12:27:06+00:00
order_0000002810,cust_0028,1053.00,2025-11-03T07:52:43+00:00
order_0000002811,cust_0234,502.75,2025-11-21T07:50:06+00:00
order_0000002812,cust_0833,285.99,2025-11-10T05:47:55+00:00
order_0000002813,cust_0485,401.33,2025-11-27T03:18:06+00:00
order_0000002814,cust_0379,879.14,2025-11-09T16:01:14+00:00
order_0000002815,cust_0687,805.00,2025-11-03T12:29:51+00:00
order_0000002816,cust_0809,2326.65,2025-11-12T20:19:06+00:00
order_0000002817,cust_0372,1984.49,2025-11-29T15:09:47+00:00
order_0000002818,cust_0457,2995.67,2025-11-20T14:15:15+00:00
order_0000002819,cust_0235,3026.99,2025-11-20T14:27:13+00:00
order_0000002820,cust_0866,10900.58,2025-11-05T11:25:08+00:00
order_0000002821,cust_0385,2658.00,2025-11-27T10:22:32+00:00
order_0000002822,cust_0125,309.37,2025-11-07T13:13:22+00:00
order_0000002823,cust_0782,148.90,2025-11-13T09:35:07+00:00
order_0000002824,cust_0012,417.99,2025-11-21T08:24:45+00:00
order_0000002825,cust_0350,16458.99,2025-11-25T15:17:11+00:00
order_0000002826,cust_0300,2160.00,2025-11-15T19:01:25+00:00
order_0000002827,cust_0853,2346.99,2025-11-06T09:36:00+00:00
order_0000002828,cust_0156,922.68,2025-11-08T08:23:31+00:00
order_0000002829,cust_0769,880.45,2025-11-18T04:52:25+00:00
order_0000002830,cust_0755,654.05,2025-11-20T07:58:49+00:00
order_0000002831,cust_0398,1956.00,2025-11-08T13:12:27+00:00
order_0000002832,cust_0301,336.71,2025-11-14T12:25:43+00:00
order_0000002833,cust_0598,614.55,2025-11-27T15:06:23+00:00
order_0000002834,cust_0844,204.00,2025-11-28T14:35:15+00:00
order_0000002835,cust_0468,1021.81,2025-11-23T16:23:28+00:00
order_0000002836,cust_0629,245.02,2025-11-16T08:41:38+00:00
order_0000002837,cust_0733,3381.00,2025-11-25T05:42:19+00:00
order_0000002838,cust_0440,151.03,2025-11-16T01:42:48+00:00
order_0000002839,cust_0877,465.35,2025-11-18T06:58:30+00:00
order_0000002840,cust_0299,3021.65,2025-11-07T13:48:12+00:00
order_0000002841,cust_0530,827.82,2025-11-17T02:45:37+00:00
order_0000002842,cust_0594,919.00,2025-11-02T16:13:03+00:00
order_0000002843,cust_0428,220.07,2025-11-12T13:43:52+00:00
order_0000002844,cust_0038,913.99,2025-11-20T06:57:29+00:00
order_0000002845,cust_0658,2081.99,2025-11-15T19:28:53+00:00
order_0000002846,cust_0703,190.99,2025-11-30T14:02:29+00:00
order_0000002847,cust_0739,959.54,2025-11-29T06:15:18+00:00
order_0000002848,cust_0824,1459.00,2025-11-05T13:54:08+00:00
order_0000002849,cust_0287,341.70,2025-11-30T09:43:43+00:00
order_0000002850,cust_0586,3133.00,2025-11-09T17:48:11+00:00
order_0000002851,cust_0166,776.00,2025-11-08T14:58:07+00:00
order_0000002852,cust_0672,1060.00,2025-11-05T07:34:07+00:00
order_0000002853,cust_0477,561.00,2025-11-07T09:54:38+00:00
order_0000002854,cust_0036,976.67,2025-11-05T17:57:47+00:00
order_0000002855,cust_0390,655.00,2025-11-21T03:36:35+00:00
order_0000002856,cust_0661,859.76,2025-11-23T17:57:54+00:00
order_0000002857,cust_0366,1045.61,2025-11-12T17:56:21+00:00
order_0000002858,cust_0306,1029.83,2025-11-07T05:52:14+00:00
order_0000002859,cust_0118,246.00,2025-11-07T12:09:40+00:00
order_0000002860,cust_0866,995.00,2025-11-03T07:05:17+00:00
order_0000002861,cust_0402,1597.69,2025-11-29T08:42:51+00:00
order_0000002862,cust_0209,436.00,2025-11-11T08:10:18+00:00
order_0000002863,cust_0657,929.61,2025-11-21T14:06:56+00:00
order_0000002864,cust_0520,357.84,2025-11-16T10:08:12+00:00
order_0000002865,cust_0743,853.00,2025-11-18T00:47:11+00:00
order_0000002866,cust_0794,3508.00,2025-11-20T10:56:05+00:00
order_0000002867,cust_0465,386.25,2025-11-21T10:12:18+00:00
order_0000002868,cust_0331,618.98,2025-11-27T04:11:11+00:00
order_0000002869,cust_0012,895.73,2025-11-06T01:56:47+00:00
order_0000002870,cust_0398,760.99,2025-11-05T08:53:24+00:00
order_0000002871,cust_0518,1621.48,2025-11-04T17:12:10+00:00
order_0000002872,cust_0836,3174.07,2025-11-08T17:31:41+00:00
order_0000002873,cust_0858,1005.08,2025-11-13T10:19:05+00:00
order_0000002874,cust_0413,13521.00,2025-11-14T10:43:26+00:00
order_0000002875,cust_0214,280.00,2025-11-11T17:54:13+00:00
order_0000002876,cust_0368,624.00,2025-11-22T01:52:53+00:00
order_0000002877,cust_0786,1012.00,2025-11-08T12:55:27+00:00
order_0000002878,cust_0290,125.00,2025-11-19T07:39:53+00:00
order_0000002879,cust_0844,646.00,2025-11-23T07:39:41+00:00
order_0000002880,cust_0229,104.00,2025-11-05T18:15:05+00:00
order_0000002881,cust_0380,1048.99,2025-11-22T16:01:51+00:00
order_0000002882,cust_0108,713.00,2025-11-11T08:21:40+00:00
order_0000002883,cust_0162,1007.00,2025-11-21T10:50:17+00:00
order_0000002884,cust_0242,947.00,2025-11-26T11:23:22+00:00
order_0000002885,cust_0255,107.58,2025-11-02T06:51:21+00:00
order_0000002886,cust_0263,161.00,2025-11-06T10:43:56+00:00
order_0000002887,cust_0839,12887.80,2025-11-27T11:00:50+00:00
order_0000002888,cust_0662,2571.08,2025-11-03T00:27:45+00:00
order_0000002889,cust_0540,435.00,2025-11-13T08:25:34+00:00
order_0000002890,cust_0454,828.11,2025-11-05T06:10:48+00:00
order_0000002891,cust_0094,137.00,2025-11-11T01:40:43+00:00
order_0000002892,cust_0374,971.00,2025-11-13T11:35:03+00:00
order_0000002893,cust_0286,803.77,2025-11-16T00:38:12+00:00
order_0000002894,cust_0622,192.15,2025-11-20T15:09:25+00:00
order_0000002895,cust_0598,3514.62,2025-11-25T14:31:29+00:00
order_0000002896,cust_0451,2574.00,2025-11-13T09:09:47+00:00
order_0000002897,cust_0630,1019.29,2025-11-13T06:48:39+00:00
order_0000002898,cust_0019,1032.46,2025-11-11T07:27:03+00:00
order_0000002899,cust_0231,102.33,2025-11-24T21:08:04+00:00
order_0000002900,cust_0139,977.00,2025-11-12T08:33:36+00:00
order_0000002901,cust_0222,844.99,2025-11-09T15:28:39+00:00
order_0000002902,cust_0015,2309.85,2025-11-19T17:25:25+00:00
order_0000002903,cust_0510,1849.22,2025-11-14T09:06:56+00:00
order_0000002904,cust_0268,462.97,2025-11-28T21:01:47+00:00
order_0000002905,cust_0126,600.99,2025-11-17T16:00:21+00:00
order_0000002906,cust_0442,2954.99,2025-11-02T23:03:30+00:00
order_0000002907,cust_0380,856.51,2025-11-16T02:55:22+00:00
order_0000002908,cust_0152,280.03,2025-11-19T08:00:31+00:00
order_0000002909,cust_0175,707.00,2025-11-02T15:36:12+00:00
order_0000002910,cust_0515,2830.99,2025-11-22T22:33:21+00:00
order_0000002911,cust_0319,1383.12,2025-11-20T18:09:47+00:00
order_0000002912,cust_0281,246.00,2025-11-12T10:22:31+00:00
order_0000002913,cust_0419,333.10,2025-11-28T10:47:47+00:00
order_0000002914,cust_0072,2982.00,2025-11-11T01:11:36+00:00
order_0000002915,cust_0825,654.54,2025-11-13T11:16:42+00:00
order_0000002916,cust_0685,252.00,2025-11-07T11:27:23+00:00
order_0000002917,cust_0294,778.92,2025-11-04T10:32:05+00:00
order_0000002918,cust_0102,9600.00,2025-11-06T00:40:38+00:00
order_0000002919,cust_0123,405.11,2025-11-29T13:16:24+00:00
order_0000002920,cust_0416,536.00,2025-11-04T01:33:22+00:00
order_0000002921,cust_0698,581.54,2025-11-30T05:59:35+00:00
order_0000002922,cust_0124,187.99,2025-11-23T15:50:13+00:00
order_0000002923,cust_0144,690.20,2025-11-17T07:51:43+00:00
order_0000002924,cust_0159,2966.39,2025-11-02T02:08:34+00:00
order_0000002925,cust_0397,1044.37,2025-11-24T12:03:26+00:00
order_0000002926,cust_0347,14479.00,2025-11-30T09:07:04+00:00
order_0000002927,cust_0473,292.00,2025-11-24T18:06:47+00:00
order_0000002928,cust_0262,110.32,2025-11-16T06:21:59+00:00
order_0000002929,cust_0802,4950.72,2025-11-26T14:59:16+00:00
order_0000002930,cust_0661,126.00,2025-11-08T11:12:17+00:00
order_0000002931,cust_0113,791.15,2025-11-10T07:44:28+00:00
order_0000002932,cust_0205,607.99,2025-11-20T06:34:40+00:00
order_0000002933,cust_0724,370.73,2025-11-25T12:28:37+00:00
order_0000002934,cust_0274,3299.00,2025-11-30T03:44:39+00:00
order_0000002935,cust_0042,727.59,2025-11-14T09:34:35+00:00
order_0000002936,cust_0444,123.97,2025-11-24T06:09:44+00:00
order_0000002937,cust_0172,144.28,2025-11-03T14:42:50+00:00
order_0000002938,cust_0894,579.00,2025-11-12T10:53:58+00:00
order_0000002939,cust_0859,246.00,2025-11-21T13:07:03+00:00
order_0000002940,cust_0147,449.56,2025-11-09T01:06:53+00:00
order_0000002941,cust_0396,358.00,2025-11-18T02:25:32+00:00
order_0000002942,cust_0114,539.52,2025-11-16T15:18:06+00:00
order_0000002943,cust_0064,605.00,2025-11-04T18:38:39+00:00
order_0000002944,cust_0818,177.99,2025-11-10T08:12:58+00:00
order_0000002945,cust_0834,362.00,2025-11-13T06:51:06+00:00
order_0000002946,cust_0675,639.02,2025-11-14T08:53:34+00:00
order_0000002947,cust_0518,905.27,2025-11-26T09:27:05+00:00
order_0000002948,cust_0204,1585.15,2025-11-13T12:32:32+00:00
order_0000002949,cust_0757,2201.16,2025-11-12T02:30:43+00:00
order_0000002950,cust_0612,330.99,2025-11-07T14:21:02+00:00
order_0000002951,cust_0348,676.32,2025-11-22T16:52:45+00:00
order_0000002952,cust_0246,559.14,2025-11-13T15:16:38+00:00
order_0000002953,cust_0798,1888.37,2025-11-06T08:09:58+00:00
order_0000002954,cust_0557,3489.00,2025-11-11T16:10:26+00:00
order_0000002955,cust_0602,389.00,2025-11-13T06:45:51+00:00
order_0000002956,cust_0222,128.00,2025-11-22T11:26:55+00:00
order_0000002957,cust_0436,256.99,2025-11-29T10:36:05+00:00
order_0000002958,cust_0221,653.78,2025-11-07T11:29:39+00:00
order_0000002959,cust_0506,921.78,2025-11-18T12:24:47+00:00
order_0000002960,cust_0266,275.00,2025-11-12T07:50:27+00:00
order_0000002961,cust_0754,1126.61,2025-11-30T05:18:14+00:00
order_0000002962,cust_0720,837.45,2025-11-03T11:16:34+00:00
order_0000002963,cust_0073,765.00,2025-11-14T16:03:55+00:00
order_0000002964,cust_0847,937.44,2025-11-06T16:03:19+00:00
order_0000002965,cust_0153,254.00,2025-11-14T10:28:06+00:00
order_0000002966,cust_0107,4500.78,2025-11-11T15:14:07+00:00
order_0000002967,cust_0464,859.51,2025-11-16T13:23:23+00:00
order_0000002968,cust_0027,693.69,2025-11-22T07:35:06+00:00
order_0000002969,cust_0745,1070.00,2025-11-11T10:12:43+00:00
order_0000002970,cust_0234,1938.00,2025-11-07T05:46:18+00:00
order_0000002971,cust_0327,128.99,2025-11-08T14:04:33+00:00
order_0000002972,cust_0208,812.86,2025-11-14T06:21:31+00:00
order_0000002973,cust_0102,1002.60,2025-11-19T10:12:18+00:00
order_0000002974,cust_0364,1027.29,2025-11-10T12:46:24+00:00
order_0000002975,cust_0895,1013.89,2025-11-01T14:08:12+00:00
order_0000002976,cust_0048,532.96,2025-11-05T15:37:24+00:00
order_0000002977,cust_0464,441.89,2025-11-24T13:47:20+00:00
order_0000002978,cust_0066,664.99,2025-11-25T10:48:14+00:00
order_0000002979,cust_0373,304.00,2025-11-15T11:27:05+00:00
order_0000002980,cust_0346,935.00,2025-11-04T03:22:52+00:00
order_0000002981,cust_0748,3101.00,2025-11-09T03:24:53+00:00
order_0000002982,cust_0003,2193.32,2025-11-22T10:19:21+00:00
order_0000002983,cust_0876,386.13,2025-11-23T04:54:15+00:00
order_0000002984,cust_0028,938.34,2025-11-06T10:49:44+00:00
order_0000002985,cust_0704,984.20,2025-11-01T15:23:45+00:00
order_0000002986,cust_0387,3486.77,2025-11-27T03:17:28+00:00
order_0000002987,cust_0677,132.99,2025-11-18T14:06:36+00:00
order_0000002988,cust_0272,14255.16,2025-11-20T05:30:10+00:00
order_0000002989,cust_0492,332.00,2025-11-24T15:01:25+00:00
order_0000002990,cust_0662,2560.43,2025-11-02T00:47:33+00:00
order_0000002991,cust_0008,150.70,2025-11-18T06:21:21+00:00
order_0000002992,cust_0705,500.00,2025-11-10T17:51:52+00:00
order_0000002993,cust_0839,557.21,2025-11-11T09:04:49+00:00
order_0000002994,cust_0880,3281.53,2025-11-22T10:44:15+00:00
order_0000002995,cust_0448,939.87,2025-11-09T06:10:32+00:00
order_0000002996,cust_0800,620.00,2025-11-16T08:18:55+00:00
order_0000002997,cust_0502,673.00,2025-11-01T08:36:30+00:00
order_0000002998,cust_0605,222.24,2025-11-01T13:19:01+00:00
order_0000002999,cust_0610,950.60,2025-11-03T15:54:19+00:00
order_0000003000,cust_0017,321.18,2025-11-23T09:28:18+00:00
order_0000003001,cust_0033,151.40,2025-11-03T09:21:21+00:00
order_0000003002,cust_0393,285.00,2025-11-14T15:12:07+00:00
order_0000003003,cust_0792,314.31,2025-11-03T00:16:41+00:00
order_0000003004,cust_0813,1185.71,2025-11-30T15:08:36+00:00
order_0000003005,cust_0397,945.61,2025-11-17T23:39:02+00:00
order_0000003006,cust_0164,300.00,2025-11-25T11:40:49+00:00
order_0000003007,cust_0552,1013.00,2025-11-10T17:00:03+00:00
order_0000003008,cust_0564,106.99,2025-11-02T14:13:40+00:00
order_0000003009,cust_0463,1032.00,2025-11-02T17:56:22+00:00
order_0000003010,cust_0881,1033.00,2025-11-14T00:38:26+00:00
order_0000003011,cust_0836,891.24,2025-11-18T14:11:03+00:00
order_0000003012,cust_0877,544.15,2025-11-30T07:22:36+00:00
order_0000003013,cust_0065,424.99,2025-11-09T15:25:42+00:00
order_0000003014,cust_0065,738.54,2025-11-26T03:19:43+00:00
order_0000003015,cust_0671,871.61,2025-11-09T12:30:09+00:00
order_0000003016,cust_0474,1744.00,2025-11-03T06:58:50+00:00
order_0000003017,cust_0518,641.50,2025-11-21T15:43:58+00:00
order_0000003018,cust_0312,652.86,2025-11-10T08:34:38+00:00
order_0000003019,cust_0531,277.00,2025-11-03T05:28:29+00:00
order_0000003020,cust_0661,615.75,2025-11-25T13:11:08+00:00
order_0000003021,cust_0849,977.59,2025-11-01T20:51:54+00:00
order_0000003022,cust_0204,656.99,2025-11-07T08:29:25+00:00
order_0000003023,cust_0739,1658.76,2025-11-16T17:07:07+00:00
order_0000003024,cust_0154,931.67,2025-11-10T13:06:43+00:00
order_0000003025,cust_0810,482.26,2025-11-27T18:21:28+00:00
order_0000003026,cust_0842,3574.51,2025-11-21T13:40:39+00:00
order_0000003027,cust_0561,2651.25,2025-11-02T01:53:46+00:00
order_0000003028,cust_0083,196.70,2025-11-01T12:43:12+00:00
order_0000003029,cust_0533,1042.00,2025-11-15T16:22:19+00:00
order_0000003030,cust_0147,940.39,2025-11-30T14:03:54+00:00
order_0000003031,cust_0075,472.52,2025-11-24T17:24:21+00:00
order_0000003032,cust_0560,1022.40,2025-11-10T06:48:18+00:00
order_0000003033,cust_0572,291.00,2025-11-21T16:44:21+00:00
order_0000003034,cust_0165,332.33,2025-11-28T21:12:01+00:00
order_0000003035,cust_0789,594.99,2025-11-29T09:43:26+00:00
order_0000003036,cust_0646,1048.18,2025-11-15T14:56:13+00:00
order_0000003037,cust_0764,881.00,2025-11-01T03:36:37+00:00
order_0000003038,cust_0844,708.00,2025-11-09T08:44:36+00:00
order_0000003039,cust_0796,2753.99,2025-11-20T13:46:41+00:00
order_0000003040,cust_0134,859.00,2025-11-19T06:38:42+00:00
order_0000003041,cust_0565,930.00,2025-11-29T17:39:32+00:00
order_0000003042,cust_0878,13244.00,2025-11-12T17:01:36+00:00
order_0000003043,cust_0217,228.12,2025-11-21T12:54:57+00:00
order_0000003044,cust_0835,514.90,2025-11-27T17:24:07+00:00
order_0000003045,cust_0090,562.57,2025-11-21T05:32:10+00:00
order_0000003046,cust_0405,14345.00,2025-11-15T09:38:15+00:00
order_0000003047,cust_0577,5890.79,2025-11-20T14:09:50+00:00
order_0000003048,cust_0301,673.00,2025-11-28T07:39:30+00:00
order_0000003049,cust_0421,2249.71,2025-11-20T18:39:14+00:00
order_0000003050,cust_0270,678.57,2025-11-15T07:02:29+00:00
order_0000003051,cust_0867,814.00,2025-11-21T10:21:23+00:00
order_0000003052,cust_0288,663.04,2025-11-20T00:45:27+00:00
order_0000003053,cust_0089,1056.99,2025-11-14T16:59:14+00:00
order_0000003054,cust_0196,672.18,2025-11-09T08:07:04+00:00
order_0000003055,cust_0391,111.45,2025-11-21T04:36:16+00:00
order_0000003056,cust_0696,1244.99,2025-11-06T01:56:15+00:00
order_0000003057,cust_0499,894.56,2025-11-25T14:35:42+00:00
order_0000003058,cust_0590,377.00,2025-11-22T02:47:12+00:00
order_0000003059,cust_0133,302.99,2025-11-27T16:22:32+00:00
order_0000003060,cust_0865,2180.00,2025-11-24T13:14:14+00:00
order_0000003061,cust_0493,1756.00,2025-11-03T12:00:50+00:00
order_0000003062,cust_0289,3463.48,2025-11-27T23:59:02+00:00
order_0000003063,cust_0874,444.75,2025-11-15T17:07:20+00:00
order_0000003064,cust_0014,3180.06,2025-11-09T08:34:50+00:00
order_0000003065,cust_0663,2920.99,2025-11-09T03:03:53+00:00
order_0000003066,cust_0070,774.00,2025-11-21T13:45:26+00:00
order_0000003067,cust_0457,695.10,2025-11-05T14:52:35+00:00
order_0000003068,cust_0108,2300.16,2025-11-12T10:41:17+00:00
order_0000003069,cust_0639,428.65,2025-11-24T09:24:46+00:00
order_0000003070,cust_0466,418.00,2025-11-06T09:03:37+00:00
order_0000003071,cust_0014,486.94,2025-11-18T01:33:08+00:00
order_0000003072,cust_0433,780.99,2025-11-07T12:23:39+00:00
order_0000003073,cust_0459,210.00,2025-11-19T17:52:01+00:00
order_0000003074,cust_0809,262.44,2025-11-20T01:59:10+00:00
order_0000003075,cust_0723,986.00,2025-11-11T11:46:08+00:00
order_0000003076,cust_0003,1018.69,2025-11-14T16:22:38+00:00
order_0000003077,cust_0072,960.00,2025-11-21T15:49:59+00:00
order_0000003078,cust_0875,349.82,2025-11-25T09:57:11+00:00
order_0000003079,cust_0162,490.99,2025-11-23T00:28:31+00:00
order_0000003080,cust_0246,852.20,2025-11-15T23:55:51+00:00
order_0000003081,cust_0748,967.00,2025-11-09T17:06:38+00:00
order_0000003082,cust_0131,672.00,2025-11-17T11:08:10+00:00
order_0000003083,cust_0299,244.86,2025-11-18T13:39:30+00:00
order_0000003084,cust_0435,912.30,2025-11-28T16:30:51+00:00
order_0000003085,cust_0028,125.78,2025-11-03T01:56:44+00:00
order_0000003086,cust_0038,279.00,2025-11-08T16:52:03+00:00
order_0000003087,cust_0182,1493.00,2025-11-23T18:26:24+00:00
order_0000003088,cust_0356,1516.00,2025-11-22T03:24:49+00:00
order_0000003089,cust_0152,16373.82,2025-11-10T04:37:39+00:00
order_0000003090,cust_0557,294.85,2025-11-05T16:49:39+00:00
order_0000003091,cust_0533,988.73,2025-11-30T13:00:03+00:00
order_0000003092,cust_0841,772.46,2025-11-23T12:57:58+00:00
order_0000003093,cust_0656,768.00,2025-11-16T03:33:03+00:00
order_0000003094,cust_0697,721.35,2025-11-20T12:39:29+00:00
order_0000003095,cust_0015,879.23,2025-11-12T17:03:31+00:00
order_0000003096,cust_0822,1503.39,2025-11-12T10:02:10+00:00
order_0000003097,cust_0504,1031.99,2025-11-27T07:26:34+00:00
order_0000003098,cust_0510,978.46,2025-11-14T10:09:49+00:00
order_0000003099,cust_0284,866.82,2025-11-13T10:25:29+00:00
order_0000003100,cust_0678,660.17,2025-11-28T06:53:10+00:00
order_0000003101,cust_0642,952.00,2025-11-19T17:36:41+00:00
order_0000003102,cust_0080,115.46,2025-11-02T20:52:12+00:00
order_0000003103,cust_0307,1036.00,2025-11-16T20:58:00+00:00
order_0000003104,cust_0301,316.11,2025-11-24T07:26:25+00:00
order_0000003105,cust_0450,1014.55,2025-11-08T06:53:32+00:00
order_0000003106,cust_0814,1858.00,2025-11-04T12:58:17+00:00
order_0000003107,cust_0565,178.00,2025-11-22T12:11:44+00:00
order_0000003108,cust_0314,2020.00,2025-11-08T11:06:47+00:00
order_0000003109,cust_0696,660.00,2025-11-06T13:42:37+00:00
order_0000003110,cust_0340,920.00,2025-11-08T04:40:32+00:00
order_0000003111,cust_0622,979.62,2025-11-22T13:12:02+00:00
order_0000003112,cust_0830,348.85,2025-11-11T11:23:44+00:00
order_0000003113,cust_0482,140.02,2025-11-22T18:18:40+00:00
order_0000003114,cust_0814,605.44,2025-11-30T01:03:55+00:00
order_0000003115,cust_0761,759.75,2025-11-08T15:14:48+00:00
order_0000003116,cust_0849,2946.58,2025-11-13T08:23:17+00:00
order_0000003117,cust_0025,3436.71,2025-11-08T09:32:37+00:00
order_0000003118,cust_0852,379.00,2025-11-25T03:59:41+00:00
order_0000003119,cust_0830,1174.50,2025-11-01T15:35:36+00:00
order_0000003120,cust_0342,641.15,2025-11-18T03:05:00+00:00
order_0000003121,cust_0271,925.97,2025-11-16T08:04:19+00:00
order_0000003122,cust_0849,973.11,2025-11-13T06:51:48+00:00
order_0000003123,cust_0713,353.81,2025-11-20T09:34:44+00:00
order_0000003124,cust_0258,370.00,2025-11-06T09:30:50+00:00
order_0000003125,cust_0710,984.00,2025-11-30T15:35:41+00:00
order_0000003126,cust_0837,665.00,2025-11-17T10:46:15+00:00
order_0000003127,cust_0166,245.00,2025-11-02T02:01:22+00:00
order_0000003128,cust_0745,629.14,2025-11-09T11:16:37+00:00
order_0000003129,cust_0411,500.63,2025-11-23T10:02:32+00:00
order_0000003130,cust_0516,890.99,2025-11-25T08:55:37+00:00
order_0000003131,cust_0313,948.00,2025-11-01T08:05:19+00:00
order_0000003132,cust_0634,486.75,2025-11-19T08:16:27+00:00
order_0000003133,cust_0810,15373.99,2025-11-07T10:15:41+00:00
order_0000003134,cust_0482,234.49,2025-11-28T16:13:29+00:00
order_0000003135,cust_0424,296.99,2025-11-15T17:07:06+00:00
order_0000003136,cust_0326,952.00,2025-11-10T08:38:32+00:00
order_0000003137,cust_0267,116.99,2025-11-15T14:43:57+00:00
order_0000003138,cust_0803,2734.00,2025-11-09T22:21:00+00:00
order_0000003139,cust_0371,115.00,2025-11-04T23:56:35+00:00
order_0000003140,cust_0652,560.53,2025-11-06T06:03:30+00:00
order_0000003141,cust_0097,987.00,2025-11-27T03:47:43+00:00
order_0000003142,cust_0292,322.00,2025-11-09T05:16:26+00:00
order_0000003143,cust_0411,245.20,2025-11-26T02:00:49+00:00
order_0000003144,cust_0794,6105.31,2025-11-25T14:30:50+00:00
order_0000003145,cust_0730,2273.00,2025-11-19T03:42:47+00:00
order_0000003146,cust_0385,759.00,2025-11-29T08:08:52+00:00
order_0000003147,cust_0451,1074.95,2025-11-26T09:01:57+00:00
order_0000003148,cust_0451,3527.00,2025-11-26T23:31:34+00:00
order_0000003149,cust_0223,275.00,2025-11-29T16:15:45+00:00
order_0000003150,cust_0659,358.88,2025-11-13T17:34:16+00:00
order_0000003151,cust_0851,11745.99,2025-11-22T14:52:57+00:00
order_0000003152,cust_0854,827.00,2025-11-23T01:16:12+00:00
order_0000003153,cust_0336,776.99,2025-11-17T15:24:18+00:00
order_0000003154,cust_0106,700.00,2025-11-04T01:29:00+00:00
order_0000003155,cust_0823,1553.59,2025-11-19T10:51:18+00:00
order_0000003156,cust_0765,949.00,2025-11-13T04:09:53+00:00
order_0000003157,cust_0847,169.85,2025-11-03T20:49:52+00:00
order_0000003158,cust_0747,684.50,2025-11-11T05:57:22+00:00
order_0000003159,cust_0486,408.32,2025-11-18T08:49:38+00:00
order_0000003160,cust_0004,203.98,2025-11-28T02:46:03+00:00
order_0000003161,cust_0733,964.41,2025-11-27T11:29:47+00:00
order_0000003162,cust_0138,1065.99,2025-11-02T06:11:44+00:00
order_0000003163,cust_0047,3262.99,2025-11-05T04:41:12+00:00
order_0000003164,cust_0658,730.99,2025-11-15T06:46:23+00:00
order_0000003165,cust_0145,787.20,2025-11-21T16:08:47+00:00
order_0000003166,cust_0626,423.00,2025-11-05T17:55:10+00:00
order_0000003167,cust_0045,252.00,2025-11-03T14:16:20+00:00
order_0000003168,cust_0078,897.62,2025-11-20T15:26:38+00:00
order_0000003169,cust_0224,1462.00,2025-11-03T10:44:05+00:00
order_0000003170,cust_0032,315.00,2025-11-10T02:32:22+00:00
order_0000003171,cust_0430,3145.00,2025-11-06T13:22:31+00:00
order_0000003172,cust_0289,640.35,2025-11-03T11:24:57+00:00
order_0000003173,cust_0745,1874.14,2025-11-19T00:40:59+00:00
order_0000003174,cust_0308,889.99,2025-11-23T02:11:47+00:00
order_0000003175,cust_0600,392.99,2025-11-13T09:51:16+00:00
order_0000003176,cust_0244,2695.56,2025-11-09T16:45:25+00:00
order_0000003177,cust_0086,231.99,2025-11-08T16:01:12+00:00
order_0000003178,cust_0106,309.17,2025-11-12T04:45:26+00:00
order_0000003179,cust_0654,170.87,2025-11-22T02:58:08+00:00
order_0000003180,cust_0799,898.00,2025-11-03T03:58:04+00:00
order_0000003181,cust_0234,524.09,2025-11-20T13:38:34+00:00
order_0000003182,cust_0337,940.72,2025-11-20T10:35:09+00:00
order_0000003183,cust_0164,126.89,2025-11-20T15:38:26+00:00
order_0000003184,cust_0258,451.57,2025-11-12T07:54:24+00:00
order_0000003185,cust_0498,203.88,2025-11-06T00:37:21+00:00
order_0000003186,cust_0319,284.99,2025-11-15T05:55:43+00:00
order_0000003187,cust_0620,206.67,2025-11-30T17:11:11+00:00
order_0000003188,cust_0765,438.47,2025-11-27T16:56:16+00:00
order_0000003189,cust_0386,911.00,2025-11-19T21:56:09+00:00
order_0000003190,cust_0392,595.43,2025-11-16T20:03:31+00:00
order_0000003191,cust_0732,541.97,2025-11-03T17:22:20+00:00
order_0000003192,cust_0467,782.00,2025-11-09T14:16:22+00:00
order_0000003193,cust_0592,1013.32,2025-11-19T08:06:29+00:00
order_0000003194,cust_0504,1724.00,2025-11-27T16:55:18+00:00
order_0000003195,cust_0794,16473.99,2025-11-15T06:14:11+00:00
order_0000003196,cust_0759,7564.00,2025-11-10T08:06:41+00:00
order_0000003197,cust_0672,525.19,2025-11-25T15:18:38+00:00
order_0000003198,cust_0827,1659.28,2025-11-16T16:37:49+00:00
order_0000003199,cust_0285,442.39,2025-11-20T19:53:41+00:00
order_0000003200,cust_0579,999.45,2025-11-21T11:58:02+00:00
order_0000003201,cust_0459,326.26,2025-11-26T12:47:46+00:00
order_0000003202,cust_0015,312.41,2025-11-02T16:13:23+00:00
order_0000003203,cust_0150,110.00,2025-11-04T10:48:13+00:00
order_0000003204,cust_0550,935.00,2025-11-04T05:11:27+00:00
order_0000003205,cust_0293,238.53,2025-11-25T04:44:03+00:00
order_0000003206,cust_0832,321.00,2025-11-14T11:55:48+00:00
order_0000003207,cust_0185,202.00,2025-11-17T23:19:30+00:00
order_0000003208,cust_0165,755.94,2025-11-19T22:27:38+00:00
order_0000003209,cust_0634,455.00,2025-11-12T03:02:24+00:00
order_0000003210,cust_0314,17329.42,2025-11-21T19:22:53+00:00
order_0000003211,cust_0560,493.99,2025-11-29T23:07:06+00:00
order_0000003212,cust_0154,984.00,2025-11-28T07:14:46+00:00
order_0000003213,cust_0725,976.70,2025-11-03T07:23:39+00:00
order_0000003214,cust_0876,2959.00,2025-11-19T07:52:59+00:00
order_0000003215,cust_0763,1034.57,2025-11-10T23:57:45+00:00
order_0000003216,cust_0336,2055.99,2025-11-03T21:56:14+00:00
order_0000003217,cust_0460,230.00,2025-11-23T17:25:24+00:00
order_0000003218,cust_0214,183.99,2025-11-05T12:29:49+00:00
order_0000003219,cust_0751,314.50,2025-11-18T13:25:12+00:00
order_0000003220,cust_0691,15939.99,2025-11-04T09:22:36+00:00
order_0000003221,cust_0295,2746.99,2025-11-21T07:19:11+00:00
order_0000003222,cust_0142,184.38,2025-11-08T14:47:26+00:00
order_0000003223,cust_0148,524.99,2025-11-08T13:08:20+00:00
order_0000003224,cust_0771,126.49,2025-11-18T12:06:14+00:00
order_0000003225,cust_0727,909.29,2025-11-03T13:38:06+00:00
order_0000003226,cust_0294,857.99,2025-11-21T16:57:00+00:00
order_0000003227,cust_0487,868.00,2025-11-07T07:27:32+00:00
order_0000003228,cust_0069,163.04,2025-11-21T14:57:55+00:00
order_0000003229,cust_0066,992.66,2025-11-16T11:37:17+00:00
order_0000003230,cust_0784,487.00,2025-11-10T12:40:11+00:00
order_0000003231,cust_0503,391.28,2025-11-09T03:16:14+00:00
order_0000003232,cust_0794,847.08,2025-11-19T10:39:24+00:00
order_0000003233,cust_0768,857.99,2025-11-17T11:23:10+00:00
order_0000003234,cust_0494,752.65,2025-11-11T07:22:50+00:00
order_0000003235,cust_0862,209.15,2025-11-10T19:20:32+00:00
order_0000003236,cust_0427,510.00,2025-11-20T00:50:59+00:00
order_0000003237,cust_0629,327.16,2025-11-19T08:56:24+00:00
order_0000003238,cust_0653,1035.27,2025-11-02T18:23:28+00:00
order_0000003239,cust_0883,788.91,2025-11-01T09:09:12+00:00
order_0000003240,cust_0815,796.76,2025-11-02T03:30:15+00:00
order_0000003241,cust_0227,603.99,2025-11-04T15:33:47+00:00
order_0000003242,cust_0850,925.00,2025-11-07T08:53:00+00:00
order_0000003243,cust_0718,720.75,2025-11-17T07:51:29+00:00
order_0000003244,cust_0664,491.00,2025-11-04T08:38:45+00:00
order_0000003245,cust_0691,316.35,2025-11-26T04:53:43+00:00
order_0000003246,cust_0477,3369.00,2025-11-24T14:03:23+00:00
order_0000003247,cust_0080,580.16,2025-11-09T11:32:40+00:00
order_0000003248,cust_0374,754.00,2025-11-30T10:00:52+00:00
order_0000003249,cust_0191,500.50,2025-11-10T15:12:31+00:00
order_0000003250,cust_0443,1065.79,2025-11-19T07:00:36+00:00
order_0000003251,cust_0690,828.00,2025-11-01T14:39:37+00:00
order_0000003252,cust_0275,880.00,2025-11-11T12:52:38+00:00
order_0000003253,cust_0187,777.20,2025-11-23T09:02:26+00:00
order_0000003254,cust_0795,366.99,2025-11-22T00:32:38+00:00
order_0000003255,cust_0305,2536.00,2025-11-16T17:01:47+00:00
order_0000003256,cust_0365,146.37,2025-11-18T02:41:04+00:00
order_0000003257,cust_0325,1050.48,2025-11-12T01:05:19+00:00
order_0000003258,cust_0123,276.85,2025-11-28T15:52:00+00:00
order_0000003259,cust_0139,350.22,2025-11-11T08:49:19+00:00
order_0000003260,cust_0887,3474.07,2025-11-13T19:14:02+00:00
order_0000003261,cust_0248,553.43,2025-11-28T10:10:56+00:00
order_0000003262,cust_0290,704.00,2025-11-25T16:41:30+00:00
order_0000003263,cust_0585,783.99,2025-11-01T06:28:08+00:00
order_0000003264,cust_0511,663.49,2025-11-19T12:49:03+00:00
order_0000003265,cust_0187,526.65,2025-11-10T14:59:16+00:00
order_0000003266,cust_0718,674.23,2025-11-14T16:07:49+00:00
order_0000003267,cust_0736,762.30,2025-11-01T09:50:43+00:00
order_0000003268,cust_0737,199.99,2025-11-04T02:13:56+00:00
order_0000003269,cust_0408,304.42,2025-11-17T18:19:45+00:00
order_0000003270,cust_0591,109.99,2025-11-26T12:23:19+00:00
order_0000003271,cust_0537,1051.61,2025-11-17T07:39:10+00:00
order_0000003272,cust_0459,1013.00,2025-11-20T08:49:06+00:00
order_0000003273,cust_0426,987.00,2025-11-24T04:14:32+00:00
order_0000003274,cust_0700,739.00,2025-11-09T17:27:34+00:00
order_0000003275,cust_0871,3510.99,2025-11-02T17:55:05+00:00
order_0000003276,cust_0095,491.23,2025-11-14T10:26:16+00:00
order_0000003277,cust_0383,1069.44,2025-11-30T01:46:27+00:00
order_0000003278,cust_0356,496.80,2025-11-04T13:54:27+00:00
order_0000003279,cust_0584,544.99,2025-11-07T00:57:44+00:00
order_0000003280,cust_0873,487.76,2025-11-02T08:00:48+00:00
order_0000003281,cust_0891,1560.46,2025-11-20T08:24:21+00:00
order_0000003282,cust_0694,588.99,2025-11-26T08:07:32+00:00
order_0000003283,cust_0603,998.00,2025-11-17T15:49:13+00:00
order_0000003284,cust_0614,881.00,2025-11-06T02:23:36+00:00
order_0000003285,cust_0010,2593.00,2025-11-25T05:42:30+00:00
order_0000003286,cust_0029,574.83,2025-11-25T06:01:07+00:00
order_0000003287,cust_0894,362.99,2025-11-27T00:09:50+00:00
order_0000003288,cust_0300,2074.84,2025-11-07T17:33:02+00:00
order_0000003289,cust_0839,399.37,2025-11-17T09:25:06+00:00
order_0000003290,cust_0376,782.99,2025-11-16T08:58:09+00:00
order_0000003291,cust_0512,2439.66,2025-11-19T19:03:15+00:00
order_0000003292,cust_0624,279.42,2025-11-28T13:17:12+00:00
order_0000003293,cust_0109,976.99,2025-11-16T16:41:25+00:00
order_0000003294,cust_0886,985.50,2025-11-28T17:23:04+00:00
order_0000003295,cust_0674,570.97,2025-11-17T11:24:09+00:00
order_0000003296,cust_0599,635.51,2025-11-08T16:39:33+00:00
order_0000003297,cust_0123,781.31,2025-11-02T04:16:12+00:00
order_0000003298,cust_0701,249.00,2025-11-06T14:05:37+00:00
order_0000003299,cust_0186,101.00,2025-11-07T07:05:48+00:00
order_0000003300,cust_0120,1745.00,2025-11-28T01:27:40+00:00
order_0000003301,cust_0530,185.44,2025-11-18T05:32:20+00:00
order_0000003302,cust_0788,754.00,2025-11-27T08:51:04+00:00
order_0000003303,cust_0245,599.99,2025-11-08T13:58:32+00:00
order_0000003304,cust_0321,1299.49,2025-11-01T09:37:56+00:00
order_0000003305,cust_0574,499.39,2025-11-02T00:35:19+00:00
order_0000003306,cust_0511,219.00,2025-11-16T13:24:00+00:00
order_0000003307,cust_0812,846.00,2025-11-03T05:46:23+00:00
order_0000003308,cust_0715,802.31,2025-11-07T18:28:14+00:00
order_0000003309,cust_0610,656.99,2025-11-13T18:31:25+00:00
order_0000003310,cust_0803,284.55,2025-11-14T08:33:41+00:00
order_0000003311,cust_0598,198.00,2025-11-17T14:33:03+00:00
order_0000003312,cust_0315,11924.29,2025-11-13T10:18:21+00:00
order_0000003313,cust_0666,892.50,2025-11-13T00:38:06+00:00
order_0000003314,cust_0738,307.99,2025-11-12T05:38:35+00:00
order_0000003315,cust_0142,137.55,2025-11-25T10:26:25+00:00
order_0000003316,cust_0607,374.96,2025-11-05T22:56:20+00:00
order_0000003317,cust_0757,1039.00,2025-11-30T08:16:02+00:00
order_0000003318,cust_0870,503.00,2025-11-22T05:45:32+00:00
order_0000003319,cust_0811,915.66,2025-11-13T20:52:20+00:00
order_0000003320,cust_0672,454.25,2025-11-04T11:58:17+00:00
order_0000003321,cust_0520,628.05,2025-11-29T08:42:39+00:00
order_0000003322,cust_0070,2377.02,2025-11-04T14:01:53+00:00
order_0000003323,cust_0019,7685.00,2025-11-17T13:17:31+00:00
order_0000003324,cust_0684,546.00,2025-11-25T12:59:55+00:00
order_0000003325,cust_0760,120.99,2025-11-18T05:05:30+00:00
order_0000003326,cust_0018,464.99,2025-11-22T11:11:03+00:00
order_0000003327,cust_0089,972.00,2025-11-28T13:29:40+00:00
order_0000003328,cust_0155,1071.57,2025-11-05T11:38:35+00:00
order_0000003329,cust_0521,326.82,2025-11-25T16:38:47+00:00
order_0000003330,cust_0123,11090.39,2025-11-13T11:43:54+00:00
order_0000003331,cust_0370,132.00,2025-11-12T08:56:44+00:00
order_0000003332,cust_0423,609.26,2025-11-05T09:52:28+00:00
order_0000003333,cust_0827,446.18,2025-11-05T13:19:17+00:00
order_0000003334,cust_0034,4097.54,2025-11-30T07:08:53+00:00
order_0000003335,cust_0768,320.29,2025-11-12T00:02:00+00:00
order_0000003336,cust_0355,234.00,2025-11-10T15:19:23+00:00
order_0000003337,cust_0093,3529.00,2025-11-17T09:30:59+00:00
order_0000003338,cust_0896,453.99,2025-11-13T01:21:03+00:00
order_0000003339,cust_0520,974.86,2025-11-18T15:46:24+00:00
order_0000003340,cust_0884,14851.00,2025-11-14T01:27:01+00:00
order_0000003341,cust_0178,266.99,2025-11-02T19:34:08+00:00
order_0000003342,cust_0268,611.15,2025-11-29T04:03:51+00:00
order_0000003343,cust_0840,468.02,2025-11-02T16:23:56+00:00
order_0000003344,cust_0322,761.37,2025-11-05T18:28:05+00:00
order_0000003345,cust_0486,3932.00,2025-11-12T22:49:16+00:00
order_0000003346,cust_0845,318.90,2025-11-21T15:22:58+00:00
order_0000003347,cust_0386,15249.26,2025-11-09T11:35:07+00:00
order_0000003348,cust_0843,370.32,2025-11-14T04:44:22+00:00
order_0000003349,cust_0722,3335.65,2025-11-30T06:47:53+00:00
order_0000003350,cust_0431,1022.99,2025-11-02T09:48:00+00:00
order_0000003351,cust_0018,764.00,2025-11-15T08:59:44+00:00
order_0000003352,cust_0554,739.28,2025-11-23T18:16:16+00:00
order_0000003353,cust_0455,600.84,2025-11-16T11:24:23+00:00
order_0000003354,cust_0551,390.01,2025-11-25T08:27:49+00:00
order_0000003355,cust_0009,731.00,2025-11-09T13:50:13+00:00
order_0000003356,cust_0263,2912.99,2025-11-29T13:17:39+00:00
order_0000003357,cust_0801,829.00,2025-11-18T11:06:06+00:00
order_0000003358,cust_0102,11887.21,2025-11-24T13:34:39+00:00
order_0000003359,cust_0331,2107.00,2025-11-02T01:58:22+00:00
order_0000003360,cust_0879,257.27,2025-11-26T11:18:10+00:00
order_0000003361,cust_0301,336.64,2025-11-23T14:28:16+00:00
order_0000003362,cust_0785,1404.75,2025-11-25T09:20:10+00:00
order_0000003363,cust_0760,1586.90,2025-11-07T04:30:29+00:00
order_0000003364,cust_0744,693.00,2025-11-22T11:42:55+00:00
order_0000003365,cust_0161,433.00,2025-11-05T00:26:21+00:00
order_0000003366,cust_0157,985.99,2025-11-06T14:35:09+00:00
order_0000003367,cust_0055,859.00,2025-11-13T03:24:34+00:00
order_0000003368,cust_0345,1258.00,2025-11-06T15:31:34+00:00
order_0000003369,cust_0554,313.88,2025-11-04T06:15:35+00:00
order_0000003370,cust_0405,558.99,2025-11-10T10:50:28+00:00
order_0000003371,cust_0125,171.86,2025-11-21T14:08:53+00:00
order_0000003372,cust_0347,255.99,2025-11-22T01:42:13+00:00
order_0000003373,cust_0865,348.90,2025-11-24T09:00:18+00:00
order_0000003374,cust_0118,2795.26,2025-11-07T17:36:54+00:00
order_0000003375,cust_0165,997.00,2025-11-02T10:44:48+00:00
order_0000003376,cust_0455,595.24,2025-11-05T22:06:35+00:00
order_0000003377,cust_0836,475.81,2025-11-09T09:47:38+00:00
order_0000003378,cust_0850,3466.54,2025-11-27T07:29:31+00:00
order_0000003379,cust_0592,1526.93,2025-11-17T16:06:30+00:00
order_0000003380,cust_0479,707.11,2025-11-21T06:33:37+00:00
order_0000003381,cust_0889,902.68,2025-11-11T17:31:20+00:00
order_0000003382,cust_0011,1071.00,2025-11-13T09:53:15+00:00
order_0000003383,cust_0149,359.99,2025-11-26T07:24:06+00:00
order_0000003384,cust_0462,1079.93,2025-11-01T07:20:42+00:00
order_0000003385,cust_0229,643.00,2025-11-14T12:12:19+00:00
order_0000003386,cust_0101,3158.54,2025-11-20T10:03:49+00:00
order_0000003387,cust_0639,550.78,2025-11-14T11:07:42+00:00
order_0000003388,cust_0124,322.99,2025-11-10T00:21:37+00:00
order_0000003389,cust_0553,666.64,2025-11-27T14:42:50+00:00
order_0000003390,cust_0807,243.91,2025-11-27T04:09:19+00:00
order_0000003391,cust_0694,11546.32,2025-11-03T15:40:53+00:00
order_0000003392,cust_0629,315.99,2025-11-23T09:45:48+00:00
order_0000003393,cust_0144,737.96,2025-11-26T14:33:49+00:00
order_0000003394,cust_0790,151.63,2025-11-21T02:19:41+00:00
order_0000003395,cust_0596,1173.49,2025-11-05T03:06:16+00:00
order_0000003396,cust_0617,455.46,2025-11-01T08:20:00+00:00
order_0000003397,cust_0804,474.17,2025-11-09T16:37:08+00:00
order_0000003398,cust_0133,692.00,2025-11-08T11:42:32+00:00
order_0000003399,cust_0150,957.00,2025-11-30T12:13:14+00:00
order_0000003400,cust_0133,262.93,2025-11-19T12:44:58+00:00
order_0000003401,cust_0101,574.00,2025-11-30T10:09:55+00:00
order_0000003402,cust_0493,342.00,2025-11-21T19:33:09+00:00
order_0000003403,cust_0005,377.00,2025-11-27T03:01:49+00:00
order_0000003404,cust_0639,794.36,2025-11-09T13:29:17+00:00
order_0000003405,cust_0232,510.00,2025-11-11T08:39:53+00:00
order_0000003406,cust_0153,624.98,2025-11-25T12:39:26+00:00
order_0000003407,cust_0666,712.00,2025-11-06T08:25:43+00:00
order_0000003408,cust_0649,260.60,2025-11-27T18:08:26+00:00
order_0000003409,cust_0349,803.99,2025-11-29T08:57:40+00:00
order_0000003410,cust_0549,2779.99,2025-11-14T12:03:08+00:00
order_0000003411,cust_0476,1046.29,2025-11-25T08:15:22+00:00
order_0000003412,cust_0493,501.47,2025-11-18T00:51:29+00:00
order_0000003413,cust_0084,3424.99,2025-11-26T02:39:11+00:00
order_0000003414,cust_0423,657.49,2025-11-22T11:07:51+00:00
order_0000003415,cust_0882,532.99,2025-11-25T07:48:53+00:00
order_0000003416,cust_0226,637.36,2025-11-25T12:55:48+00:00
order_0000003417,cust_0156,884.48,2025-11-15T17:31:24+00:00
order_0000003418,cust_0081,3549.99,2025-11-14T22:25:48+00:00
order_0000003419,cust_0643,404.00,2025-11-15T13:30:28+00:00
order_0000003420,cust_0762,410.00,2025-11-12T10:35:01+00:00
order_0000003421,cust_0529,463.73,2025-11-12T23:06:59+00:00
order_0000003422,cust_0005,771.99,2025-11-20T13:09:50+00:00
order_0000003423,cust_0323,397.42,2025-11-07T06:42:06+00:00
order_0000003424,cust_0837,617.99,2025-11-11T12:26:30+00:00
order_0000003425,cust_0196,358.87,2025-11-27T06:47:09+00:00
order_0000003426,cust_0890,1034.00,2025-11-18T03:02:52+00:00
order_0000003427,cust_0443,650.39,2025-11-05T09:53:04+00:00
order_0000003428,cust_0742,548.21,2025-11-10T02:32:56+00:00
order_0000003429,cust_0211,1051.86,2025-11-01T07:49:46+00:00
order_0000003430,cust_0631,166.85,2025-11-13T09:57:34+00:00
order_0000003431,cust_0527,753.00,2025-11-20T14:05:45+00:00
order_0000003432,cust_0881,935.99,2025-11-18T01:44:11+00:00
order_0000003433,cust_0560,2811.99,2025-11-19T14:39:32+00:00
order_0000003434,cust_0105,902.99,2025-11-20T01:02:51+00:00
order_0000003435,cust_0865,119.96,2025-11-20T17:13:04+00:00
order_0000003436,cust_0817,435.00,2025-11-23T01:14:45+00:00
order_0000003437,cust_0813,889.00,2025-11-24T07:03:36+00:00
order_0000003438,cust_0898,1356.00,2025-11-17T09:23:29+00:00
order_0000003439,cust_0696,178.00,2025-11-02T17:50:41+00:00
order_0000003440,cust_0619,736.08,2025-11-24T09:36:14+00:00
order_0000003441,cust_0758,103.99,2025-11-09T22:37:29+00:00
order_0000003442,cust_0872,850.00,2025-11-25T09:58:50+00:00
order_0000003443,cust_0246,1014.46,2025-11-25T13:14:45+00:00
order_0000003444,cust_0060,239.99,2025-11-10T14:28:14+00:00
order_0000003445,cust_0341,367.33,2025-11-26T05:46:45+00:00
order_0000003446,cust_0464,162.29,2025-11-02T10:01:55+00:00
order_0000003447,cust_0679,398.99,2025-11-25T11:47:46+00:00
order_0000003448,cust_0185,238.77,2025-11-07T12:20:48+00:00
order_0000003449,cust_0286,706.99,2025-11-15T02:48:23+00:00
order_0000003450,cust_0270,14488.00,2025-11-17T19:50:43+00:00
order_0000003451,cust_0625,730.00,2025-11-26T07:26:28+00:00
order_0000003452,cust_0549,2378.96,2025-11-01T07:58:29+00:00
order_0000003453,cust_0851,2571.37,2025-11-15T07:16:30+00:00
order_0000003454,cust_0168,1064.00,2025-11-23T15:24:03+00:00
order_0000003455,cust_0381,2285.27,2025-11-14T22:25:20+00:00
order_0000003456,cust_0594,228.45,2025-11-17T08:44:21+00:00
order_0000003457,cust_0650,342.31,2025-11-01T00:23:45+00:00
order_0000003458,cust_0031,971.00,2025-11-01T13:22:51+00:00
order_0000003459,cust_0137,492.07,2025-11-16T07:14:16+00:00
order_0000003460,cust_0861,857.72,2025-11-22T09:55:26+00:00
order_0000003461,cust_0616,1524.00,2025-11-28T05:07:29+00:00
order_0000003462,cust_0623,1532.89,2025-11-28T09:51:47+00:00
order_0000003463,cust_0086,2802.60,2025-11-24T02:24:02+00:00
order_0000003464,cust_0749,332.99,2025-11-16T10:13:13+00:00
order_0000003465,cust_0715,2328.13,2025-11-04T16:26:49+00:00
order_0000003466,cust_0697,2430.63,2025-11-16T02:25:32+00:00
order_0000003467,cust_0882,713.23,2025-11-22T16:26:58+00:00
order_0000003468,cust_0666,1038.00,2025-11-21T08:42:52+00:00
order_0000003469,cust_0493,119.00,2025-11-04T06:35:59+00:00
order_0000003470,cust_0279,860.00,2025-11-18T10:39:54+00:00
order_0000003471,cust_0853,127.00,2025-11-24T07:35:26+00:00
order_0000003472,cust_0584,2533.40,2025-11-08T00:44:47+00:00
order_0000003473,cust_0817,351.94,2025-11-16T13:01:40+00:00
order_0000003474,cust_0675,1203.97,2025-11-22T10:21:46+00:00
order_0000003475,cust_0436,3088.85,2025-11-24T01:52:37+00:00
order_0000003476,cust_0623,2910.00,2025-11-24T14:50:53+00:00
order_0000003477,cust_0200,1069.39,2025-11-05T06:15:46+00:00
order_0000003478,cust_0077,177.79,2025-11-12T05:28:13+00:00
order_0000003479,cust_0606,1068.52,2025-11-17T17:01:59+00:00
order_0000003480,cust_0797,1143.12,2025-11-12T09:12:47+00:00
order_0000003481,cust_0606,282.00,2025-11-04T01:42:17+00:00
order_0000003482,cust_0860,552.56,2025-11-14T20:16:11+00:00
order_0000003483,cust_0162,524.99,2025-11-20T17:59:53+00:00
order_0000003484,cust_0222,746.00,2025-11-18T04:56:43+00:00
order_0000003485,cust_0734,2855.87,2025-11-11T16:32:42+00:00
order_0000003486,cust_0076,849.99,2025-11-04T13:53:02+00:00
order_0000003487,cust_0087,655.00,2025-11-11T16:25:57+00:00
order_0000003488,cust_0499,12833.00,2025-11-15T08:20:12+00:00
order_0000003489,cust_0809,451.00,2025-11-18T12:54:06+00:00
order_0000003490,cust_0847,224.00,2025-11-04T10:17:32+00:00
order_0000003491,cust_0381,863.99,2025-11-08T13:55:40+00:00
order_0000003492,cust_0131,506.45,2025-11-26T02:30:33+00:00
order_0000003493,cust_0649,191.00,2025-11-15T12:16:19+00:00
order_0000003494,cust_0519,867.74,2025-11-07T16:08:50+00:00
order_0000003495,cust_0699,275.00,2025-11-20T15:56:58+00:00
order_0000003496,cust_0707,678.11,2025-11-16T20:12:33+00:00
order_0000003497,cust_0056,766.00,2025-11-01T11:57:01+00:00
order_0000003498,cust_0284,154.23,2025-11-29T09:48:34+00:00
order_0000003499,cust_0527,778.47,2025-11-23T13:46:12+00:00
order_0000003500,cust_0888,131.00,2025-11-12T02:26:03+00:00
order_0000003501,cust_0649,381.99,2025-11-11T02:36:52+00:00
order_0000003502,cust_0474,1170.01,2025-11-08T12:44:57+00:00
order_0000003503,cust_0517,594.68,2025-11-13T12:37:08+00:00
order_0000003504,cust_0569,607.20,2025-11-21T07:40:07+00:00
order_0000003505,cust_0111,234.00,2025-11-09T09:15:27+00:00
order_0000003506,cust_0491,3077.31,2025-11-08T18:04:24+00:00
order_0000003507,cust_0375,763.13,2025-11-16T18:06:05+00:00
order_0000003508,cust_0893,524.00,2025-11-10T15:49:30+00:00
order_0000003509,cust_0276,607.03,2025-11-23T23:46:20+00:00
order_0000003510,cust_0514,173.99,2025-11-07T08:18:46+00:00
order_0000003511,cust_0152,1047.99,2025-11-03T18:02:08+00:00
order_0000003512,cust_0576,245.00,2025-11-29T14:08:26+00:00
order_0000003513,cust_0035,804.30,2025-11-16T21:59:04+00:00
order_0000003514,cust_0589,748.09,2025-11-06T22:26:46+00:00
order_0000003515,cust_0420,2667.99,2025-11-23T09:33:16+00:00
order_0000003516,cust_0862,496.99,2025-11-09T08:20:28+00:00
order_0000003517,cust_0803,1017.83,2025-11-07T14:17:23+00:00
order_0000003518,cust_0391,332.64,2025-11-27T09:15:35+00:00
order_0000003519,cust_0813,584.18,2025-11-05T11:49:15+00:00
order_0000003520,cust_0121,17287.61,2025-11-01T17:31:56+00:00
order_0000003521,cust_0436,346.99,2025-11-14T17:12:20+00:00
order_0000003522,cust_0507,926.36,2025-11-08T07:40:41+00:00
order_0000003523,cust_0470,667.85,2025-11-23T13:42:41+00:00
order_0000003524,cust_0292,2745.34,2025-11-08T08:54:54+00:00
order_0000003525,cust_0220,1031.51,2025-11-26T21:52:12+00:00
order_0000003526,cust_0419,315.23,2025-11-01T08:46:57+00:00
order_0000003527,cust_0620,3266.00,2025-11-21T20:27:55+00:00
order_0000003528,cust_0746,694.66,2025-11-17T14:55:44+00:00
order_0000003529,cust_0190,323.99,2025-11-20T13:32:07+00:00
order_0000003530,cust_0002,983.20,2025-11-27T08:36:05+00:00
order_0000003531,cust_0363,260.52,2025-11-20T15:45:18+00:00
order_0000003532,cust_0484,1115.22,2025-11-28T12:17:45+00:00
order_0000003533,cust_0783,651.00,2025-11-07T15:11:11+00:00
order_0000003534,cust_0184,834.54,2025-11-19T12:57:09+00:00
order_0000003535,cust_0316,1166.00,2025-11-08T04:03:56+00:00
order_0000003536,cust_0661,726.52,2025-11-01T23:59:45+00:00
order_0000003537,cust_0369,644.00,2025-11-30T16:01:29+00:00
order_0000003538,cust_0804,970.88,2025-11-28T09:28:32+00:00
order_0000003539,cust_0355,341.00,2025-11-22T10:58:27+00:00
order_0000003540,cust_0002,671.47,2025-11-28T17:36:34+00:00
order_0000003541,cust_0034,13655.00,2025-11-06T06:54:50+00:00
order_0000003542,cust_0789,815.99,2025-11-06T17:17:33+00:00
order_0000003543,cust_0326,1745.99,2025-11-15T13:31:09+00:00
order_0000003544,cust_0757,1043.11,2025-11-07T15:06:56+00:00
order_0000003545,cust_0333,925.76,2025-11-27T09:19:18+00:00
order_0000003546,cust_0322,303.98,2025-11-04T19:26:23+00:00
order_0000003547,cust_0426,785.00,2025-11-18T18:28:35+00:00
order_0000003548,cust_0727,905.00,2025-11-16T20:17:55+00:00
order_0000003549,cust_0877,1975.00,2025-11-09T14:38:00+00:00
order_0000003550,cust_0677,538.00,2025-11-06T07:53:12+00:00
order_0000003551,cust_0720,1865.00,2025-11-18T18:11:09+00:00
order_0000003552,cust_0509,3558.00,2025-11-27T04:48:03+00:00
order_0000003553,cust_0306,943.30,2025-11-06T06:48:30+00:00
order_0000003554,cust_0581,682.00,2025-11-28T01:12:22+00:00
order_0000003555,cust_0126,765.99,2025-11-22T00:28:51+00:00
order_0000003556,cust_0713,715.17,2025-11-29T16:19:42+00:00
order_0000003557,cust_0064,1051.88,2025-11-05T21:45:29+00:00
order_0000003558,cust_0533,363.54,2025-11-30T12:36:21+00:00
order_0000003559,cust_0321,761.00,2025-11-23T17:03:26+00:00
order_0000003560,cust_0835,1512.00,2025-11-02T05:32:53+00:00
order_0000003561,cust_0262,816.99,2025-11-22T04:03:53+00:00
order_0000003562,cust_0242,3132.00,2025-11-15T08:31:05+00:00
order_0000003563,cust_0364,2229.05,2025-11-13T14:02:37+00:00
order_0000003564,cust_0607,322.66,2025-11-16T13:16:16+00:00
order_0000003565,cust_0478,450.95,2025-11-23T09:07:29+00:00
order_0000003566,cust_0443,3397.00,2025-11-11T03:04:04+00:00
order_0000003567,cust_0115,1689.87,2025-11-24T01:26:16+00:00
order_0000003568,cust_0028,976.75,2025-11-24T03:51:35+00:00
order_0000003569,cust_0221,1639.67,2025-11-26T05:01:48+00:00
order_0000003570,cust_0085,607.28,2025-11-18T06:42:06+00:00
order_0000003571,cust_0031,275.36,2025-11-30T14:04:21+00:00
order_0000003572,cust_0761,521.13,2025-11-06T11:22:46+00:00
order_0000003573,cust_0275,760.43,2025-11-03T11:32:02+00:00
order_0000003574,cust_0254,312.00,2025-11-28T00:28:44+00:00
order_0000003575,cust_0036,979.99,2025-11-25T07:59:06+00:00
order_0000003576,cust_0634,2401.00,2025-11-05T09:40:16+00:00
order_0000003577,cust_0101,941.00,2025-11-30T11:05:52+00:00
order_0000003578,cust_0041,140.00,2025-11-25T07:12:00+00:00
order_0000003579,cust_0162,305.55,2025-11-13T04:42:51+00:00
order_0000003580,cust_0826,17047.50,2025-11-10T08:35:21+00:00
order_0000003581,cust_0166,7017.00,2025-11-04T06:23:32+00:00
order_0000003582,cust_0566,1467.02,2025-11-17T06:24:02+00:00
order_0000003583,cust_0562,297.00,2025-11-01T03:32:22+00:00
order_0000003584,cust_0603,283.99,2025-11-13T15:22:41+00:00
order_0000003585,cust_0669,457.78,2025-11-29T06:03:32+00:00
order_0000003586,cust_0673,882.61,2025-11-17T05:57:10+00:00
order_0000003587,cust_0762,933.99,2025-11-19T17:59:22+00:00
order_0000003588,cust_0425,508.83,2025-11-10T12:31:05+00:00
order_0000003589,cust_0065,730.65,2025-11-06T12:50:28+00:00
order_0000003590,cust_0510,362.00,2025-11-16T18:07:21+00:00
order_0000003591,cust_0216,419.47,2025-11-15T11:58:57+00:00
order_0000003592,cust_0368,850.00,2025-11-27T04:35:37+00:00
order_0000003593,cust_0756,697.99,2025-11-22T05:29:26+00:00
order_0000003594,cust_0870,807.98,2025-11-12T23:17:58+00:00
order_0000003595,cust_0338,831.58,2025-11-17T17:45:10+00:00
order_0000003596,cust_0724,3571.29,2025-11-24T09:07:00+00:00
order_0000003597,cust_0373,551.38,2025-11-29T02:57:52+00:00
order_0000003598,cust_0613,136.00,2025-10-31T22:05:33+00:00
order_0000003599,cust_0354,690.99,2025-11-18T11:04:05+00:00
order_0000003600,cust_0564,369.21,2025-11-01T14:56:17+00:00
order_0000003601,cust_0500,193.00,2025-11-08T23:13:55+00:00
order_0000003602,cust_0540,403.64,2025-11-26T11:07:06+00:00
order_0000003603,cust_0529,264.99,2025-11-24T18:13:32+00:00
order_0000003604,cust_0130,1015.00,2025-11-05T12:05:53+00:00
order_0000003605,cust_0473,2719.99,2025-11-05T14:11:03+00:00
order_0000003606,cust_0172,1902.67,2025-11-04T05:56:33+00:00
order_0000003607,cust_0609,437.99,2025-11-27T13:24:29+00:00
order_0000003608,cust_0452,486.99,2025-11-23T18:22:13+00:00
order_0000003609,cust_0089,179.55,2025-11-27T13:20:14+00:00
order_0000003610,cust_0836,12053.79,2025-11-25T15:17:54+00:00
order_0000003611,cust_0104,678.89,2025-11-11T06:52:34+00:00
order_0000003612,cust_0090,13719.99,2025-11-27T15:55:49+00:00
order_0000003613,cust_0522,113.66,2025-11-07T03:33:16+00:00
order_0000003614,cust_0527,1587.20,2025-11-05T16:18:27+00:00
order_0000003615,cust_0453,206.99,2025-11-12T13:39:10+00:00
order_0000003616,cust_0076,103.58,2025-11-04T12:43:46+00:00
order_0000003617,cust_0849,2134.99,2025-11-08T00:47:50+00:00
order_0000003618,cust_0237,843.59,2025-11-30T15:09:54+00:00
order_0000003619,cust_0546,647.41,2025-11-13T04:24:47+00:00
order_0000003620,cust_0205,770.99,2025-11-22T12:26:39+00:00
order_0000003621,cust_0418,843.00,2025-11-15T19:26:20+00:00
order_0000003622,cust_0522,2796.12,2025-11-04T11:20:27+00:00
order_0000003623,cust_0401,1971.94,2025-11-14T17:38:29+00:00
order_0000003624,cust_0193,746.86,2025-11-28T04:33:39+00:00
order_0000003625,cust_0731,263.00,2025-11-17T00:03:33+00:00
order_0000003626,cust_0581,1252.00,2025-11-14T02:13:01+00:00
order_0000003627,cust_0697,211.00,2025-11-09T12:47:14+00:00
order_0000003628,cust_0211,338.00,2025-11-21T04:00:10+00:00
order_0000003629,cust_0888,735.59,2025-11-24T13:05:59+00:00
order_0000003630,cust_0866,1028.00,2025-11-27T00:25:44+00:00
order_0000003631,cust_0580,811.00,2025-11-19T18:17:33+00:00
order_0000003632,cust_0009,2206.52,2025-11-22T17:15:28+00:00
order_0000003633,cust_0826,225.67,2025-11-18T20:41:44+00:00
order_0000003634,cust_0177,318.00,2025-11-06T12:47:58+00:00
order_0000003635,cust_0443,385.61,2025-11-02T07:53:02+00:00
order_0000003636,cust_0647,317.68,2025-11-23T06:49:11+00:00
order_0000003637,cust_0585,1502.99,2025-11-30T15:01:20+00:00
order_0000003638,cust_0888,811.75,2025-11-17T12:24:26+00:00
order_0000003639,cust_0873,783.56,2025-11-07T15:07:50+00:00
order_0000003640,cust_0696,3221.03,2025-11-29T17:15:42+00:00
order_0000003641,cust_0142,137.85,2025-11-12T23:08:45+00:00
order_0000003642,cust_0008,736.00,2025-11-02T02:49:05+00:00
order_0000003643,cust_0347,471.00,2025-11-25T11:15:07+00:00
order_0000003644,cust_0721,271.00,2025-11-21T15:52:58+00:00
order_0000003645,cust_0735,165.80,2025-11-13T07:33:40+00:00
order_0000003646,cust_0880,896.00,2025-11-13T12:00:18+00:00
order_0000003647,cust_0883,2354.15,2025-11-14T16:54:32+00:00
order_0000003648,cust_0104,735.05,2025-11-02T12:48:50+00:00
order_0000003649,cust_0735,2961.99,2025-11-04T17:25:27+00:00
order_0000003650,cust_0873,3198.00,2025-11-17T07:02:36+00:00
order_0000003651,cust_0780,121.99,2025-11-26T11:06:56+00:00
order_0000003652,cust_0577,120.98,2025-11-08T17:15:50+00:00
order_0000003653,cust_0759,2405.00,2025-11-14T19:50:54+00:00
order_0000003654,cust_0554,374.00,2025-11-30T12:11:46+00:00
order_0000003655,cust_0663,1753.62,2025-11-07T03:31:42+00:00
order_0000003656,cust_0786,430.86,2025-11-21T06:39:01+00:00
order_0000003657,cust_0203,967.94,2025-11-02T11:49:01+00:00
order_0000003658,cust_0298,2714.00,2025-11-28T12:42:07+00:00
order_0000003659,cust_0844,389.00,2025-11-04T08:48:39+00:00
order_0000003660,cust_0220,553.20,2025-11-09T12:53:39+00:00
order_0000003661,cust_0068,101.00,2025-11-24T22:54:24+00:00
order_0000003662,cust_0119,1743.01,2025-11-07T11:37:32+00:00
order_0000003663,cust_0185,881.08,2025-11-02T08:02:42+00:00
order_0000003664,cust_0727,447.89,2025-11-30T07:02:12+00:00
order_0000003665,cust_0403,515.99,2025-11-06T11:25:10+00:00
order_0000003666,cust_0401,3080.99,2025-11-09T20:21:53+00:00
order_0000003667,cust_0711,954.92,2025-11-10T07:21:17+00:00
order_0000003668,cust_0174,847.07,2025-11-10T03:12:03+00:00
order_0000003669,cust_0852,1503.99,2025-11-01T11:42:53+00:00
order_0000003670,cust_0261,133.99,2025-11-12T07:13:26+00:00
order_0000003671,cust_0856,271.00,2025-11-13T08:17:37+00:00
order_0000003672,cust_0612,830.08,2025-11-01T08:32:42+00:00
order_0000003673,cust_0151,212.00,2025-11-04T00:53:29+00:00
order_0000003674,cust_0471,1079.30,2025-11-07T12:37:44+00:00
order_0000003675,cust_0236,862.93,2025-11-10T23:42:20+00:00
order_0000003676,cust_0436,757.48,2025-11-07T09:59:29+00:00
order_0000003677,cust_0259,3216.69,2025-11-22T17:43:35+00:00
order_0000003678,cust_0663,1077.99,2025-11-04T14:38:26+00:00
order_0000003679,cust_0435,491.22,2025-11-10T18:16:47+00:00
order_0000003680,cust_0064,124.00,2025-11-22T01:54:03+00:00
order_0000003681,cust_0248,214.57,2025-11-11T14:37:53+00:00
order_0000003682,cust_0189,935.44,2025-11-30T16:18:45+00:00
order_0000003683,cust_0151,730.99,2025-11-14T13:04:11+00:00
order_0000003684,cust_0570,771.00,2025-11-19T18:37:08+00:00
order_0000003685,cust_0780,941.00,2025-11-08T11:27:50+00:00
order_0000003686,cust_0775,459.99,2025-11-12T03:44:48+00:00
order_0000003687,cust_0467,2099.00,2025-11-27T13:38:15+00:00
order_0000003688,cust_0321,1306.00,2025-11-27T16:33:56+00:00
order_0000003689,cust_0513,654.81,2025-11-13T15:15:58+00:00
order_0000003690,cust_0311,303.25,2025-11-18T13:48:16+00:00
order_0000003691,cust_0546,6070.00,2025-11-01T02:04:05+00:00
order_0000003692,cust_0830,1301.99,2025-11-14T13:13:01+00:00
order_0000003693,cust_0538,855.63,2025-11-20T12:35:13+00:00
order_0000003694,cust_0504,861.00,2025-11-23T10:08:41+00:00
order_0000003695,cust_0231,3233.92,2025-11-29T02:57:35+00:00
order_0000003696,cust_0770,2262.79,2025-11-04T07:09:45+00:00
order_0000003697,cust_0425,652.00,2025-11-20T02:34:00+00:00
order_0000003698,cust_0557,1730.00,2025-11-26T21:51:42+00:00
order_0000003699,cust_0737,228.73,2025-11-06T12:11:22+00:00
order_0000003700,cust_0638,355.31,2025-11-27T14:43:34+00:00
order_0000003701,cust_0235,240.99,2025-11-04T05:08:13+00:00
order_0000003702,cust_0058,553.22,2025-11-13T04:15:04+00:00
order_0000003703,cust_0558,906.00,2025-11-12T08:05:52+00:00
order_0000003704,cust_0694,794.62,2025-11-24T18:17:44+00:00
order_0000003705,cust_0305,1001.04,2025-11-26T14:57:19+00:00
order_0000003706,cust_0666,511.56,2025-11-12T15:44:23+00:00
order_0000003707,cust_0661,139.99,2025-11-21T13:19:06+00:00
order_0000003708,cust_0202,982.80,2025-11-06T06:39:15+00:00
order_0000003709,cust_0507,706.49,2025-11-15T08:57:04+00:00
order_0000003710,cust_0757,270.00,2025-11-05T01:18:44+00:00
order_0000003711,cust_0663,765.20,2025-11-03T06:20:22+00:00
order_0000003712,cust_0472,1020.00,2025-11-18T16:09:08+00:00
order_0000003713,cust_0048,980.87,2025-11-30T04:31:03+00:00
order_0000003714,cust_0293,1061.17,2025-11-27T17:25:39+00:00
order_0000003715,cust_0629,595.75,2025-11-15T17:04:16+00:00
order_0000003716,cust_0337,1076.00,2025-11-12T16:30:17+00:00
order_0000003717,cust_0716,915.00,2025-11-19T03:08:00+00:00
order_0000003718,cust_0326,937.99,2025-11-30T10:32:06+00:00
order_0000003719,cust_0041,599.00,2025-11-25T12:09:56+00:00
order_0000003720,cust_0603,811.63,2025-11-05T04:56:25+00:00
order_0000003721,cust_0049,1016.10,2025-11-26T16:19:10+00:00
order_0000003722,cust_0358,2913.90,2025-11-07T15:14:50+00:00
order_0000003723,cust_0669,2113.35,2025-11-06T15:59:35+00:00
order_0000003724,cust_0222,983.92,2025-11-17T16:43:18+00:00
order_0000003725,cust_0249,455.17,2025-11-02T13:53:00+00:00
order_0000003726,cust_0242,483.09,2025-11-03T14:44:07+00:00
order_0000003727,cust_0216,3074.62,2025-11-12T17:40:15+00:00
order_0000003728,cust_0544,455.00,2025-11-20T05:03:13+00:00
order_0000003729,cust_0577,1077.36,2025-11-12T18:21:32+00:00
order_0000003730,cust_0603,762.00,2025-11-22T01:48:28+00:00
order_0000003731,cust_0348,1003.99,2025-11-16T04:04:06+00:00
order_0000003732,cust_0508,132.80,2025-11-12T13:50:00+00:00
order_0000003733,cust_0829,418.00,2025-11-27T21:14:16+00:00
order_0000003734,cust_0748,11249.50,2025-11-19T17:24:59+00:00
order_0000003735,cust_0623,1044.00,2025-11-15T10:24:15+00:00
order_0000003736,cust_0043,1058.00,2025-11-23T15:23:48+00:00
order_0000003737,cust_0248,783.00,2025-11-29T10:24:52+00:00
order_0000003738,cust_0137,901.64,2025-11-02T16:12:03+00:00
order_0000003739,cust_0543,376.99,2025-11-26T23:05:51+00:00
order_0000003740,cust_0607,8791.99,2025-11-13T16:34:09+00:00
order_0000003741,cust_0479,634.95,2025-11-09T11:31:01+00:00
order_0000003742,cust_0267,366.00,2025-11-17T12:14:53+00:00
order_0000003743,cust_0298,849.88,2025-11-08T01:18:25+00:00
order_0000003744,cust_0078,765.16,2025-11-26T12:02:14+00:00
order_0000003745,cust_0001,815.45,2025-11-16T22:28:54+00:00
order_0000003746,cust_0066,515.00,2025-11-28T08:51:03+00:00
order_0000003747,cust_0133,1467.99,2025-11-08T00:33:39+00:00
order_0000003748,cust_0359,2007.00,2025-11-10T04:14:07+00:00
order_0000003749,cust_0766,1057.41,2025-11-15T14:07:58+00:00
order_0000003750,cust_0712,3378.00,2025-11-09T04:51:54+00:00
order_0000003751,cust_0645,651.99,2025-11-12T05:05:15+00:00
order_0000003752,cust_0120,935.67,2025-11-24T11:02:06+00:00
order_0000003753,cust_0369,233.58,2025-11-12T02:56:14+00:00
order_0000003754,cust_0847,112.00,2025-11-24T18:15:26+00:00
order_0000003755,cust_0572,811.00,2025-11-19T21:49:04+00:00
order_0000003756,cust_0292,362.50,2025-11-17T15:51:35+00:00
order_0000003757,cust_0539,1005.03,2025-11-29T11:02:05+00:00
order_0000003758,cust_0661,1067.71,2025-11-14T13:14:33+00:00
order_0000003759,cust_0692,315.18,2025-11-20T06:47:55+00:00
order_0000003760,cust_0600,1022.00,2025-11-14T08:13:31+00:00
order_0000003761,cust_0482,559.48,2025-11-20T12:11:55+00:00
order_0000003762,cust_0752,2847.99,2025-11-26T10:13:11+00:00
order_0000003763,cust_0307,162.73,2025-11-06T03:39:09+00:00
order_0000003764,cust_0404,793.00,2025-11-12T06:48:56+00:00
order_0000003765,cust_0752,363.99,2025-11-17T11:28:05+00:00
order_0000003766,cust_0674,2537.99,2025-11-03T18:02:35+00:00
order_0000003767,cust_0428,2452.05,2025-11-13T05:11:24+00:00
order_0000003768,cust_0486,2453.00,2025-11-02T11:15:02+00:00
order_0000003769,cust_0195,3156.27,2025-11-02T14:48:31+00:00
order_0000003770,cust_0771,228.12,2025-11-26T10:54:31+00:00
order_0000003771,cust_0687,1791.44,2025-11-02T13:47:21+00:00
order_0000003772,cust_0841,329.90,2025-11-04T03:16:57+00:00
order_0000003773,cust_0066,1702.99,2025-11-08T06:41:38+00:00
order_0000003774,cust_0473,689.00,2025-11-11T01:08:18+00:00
order_0000003775,cust_0697,508.00,2025-11-20T11:24:48+00:00
order_0000003776,cust_0860,136.00,2025-11-02T16:08:07+00:00
order_0000003777,cust_0120,598.00,2025-11-04T21:21:33+00:00
order_0000003778,cust_0234,577.77,2025-11-06T11:50:55+00:00
order_0000003779,cust_0456,442.65,2025-11-06T05:33:26+00:00
order_0000003780,cust_0469,822.00,2025-11-23T15:53:53+00:00
order_0000003781,cust_0006,1028.95,2025-11-05T09:04:07+00:00
order_0000003782,cust_0044,159.64,2025-11-29T02:22:52+00:00
order_0000003783,cust_0783,1045.87,2025-11-03T23:31:29+00:00
order_0000003784,cust_0769,459.75,2025-11-25T19:44:31+00:00
order_0000003785,cust_0836,2718.00,2025-11-11T16:57:56+00:00
order_0000003786,cust_0715,1303.32,2025-11-23T14:48:44+00:00
order_0000003787,cust_0483,250.24,2025-11-08T09:30:41+00:00
order_0000003788,cust_0638,717.96,2025-11-27T03:49:42+00:00
order_0000003789,cust_0827,3350.12,2025-11-20T11:16:09+00:00
order_0000003790,cust_0393,1893.99,2025-11-12T04:48:26+00:00
order_0000003791,cust_0622,13792.00,2025-11-28T10:33:34+00:00
order_0000003792,cust_0060,246.64,2025-11-24T18:12:07+00:00
order_0000003793,cust_0438,1687.99,2025-11-22T07:23:12+00:00
order_0000003794,cust_0346,584.00,2025-11-03T00:20:25+00:00
order_0000003795,cust_0836,5977.04,2025-11-19T22:18:02+00:00
order_0000003796,cust_0017,942.00,2025-11-17T07:30:27+00:00
order_0000003797,cust_0194,374.99,2025-11-11T05:05:57+00:00
order_0000003798,cust_0223,2367.88,2025-11-25T11:04:03+00:00
order_0000003799,cust_0558,550.00,2025-11-09T08:42:14+00:00
order_0000003800,cust_0319,810.95,2025-11-08T02:34:43+00:00
order_0000003801,cust_0144,218.00,2025-11-26T08:02:13+00:00
order_0000003802,cust_0642,1487.80,2025-11-04T16:46:31+00:00
order_0000003803,cust_0518,1051.00,2025-11-10T13:54:39+00:00
order_0000003804,cust_0627,1410.00,2025-11-11T19:40:16+00:00
order_0000003805,cust_0784,6270.81,2025-11-05T16:04:51+00:00
order_0000003806,cust_0087,1051.99,2025-11-30T14:47:56+00:00
order_0000003807,cust_0856,113.00,2025-11-21T03:30:04+00:00
order_0000003808,cust_0299,3274.18,2025-11-16T08:51:25+00:00
order_0000003809,cust_0275,797.09,2025-11-12T07:07:39+00:00
order_0000003810,cust_0181,509.68,2025-11-21T11:02:49+00:00
order_0000003811,cust_0879,171.11,2025-11-09T02:41:54+00:00
order_0000003812,cust_0441,186.00,2025-11-20T11:24:33+00:00
order_0000003813,cust_0392,814.02,2025-11-30T12:14:02+00:00
order_0000003814,cust_0052,312.00,2025-11-11T08:34:28+00:00
order_0000003815,cust_0612,736.17,2025-11-15T06:37:22+00:00
order_0000003816,cust_0858,841.26,2025-11-07T13:37:37+00:00
order_0000003817,cust_0228,281.00,2025-11-09T23:49:35+00:00
order_0000003818,cust_0039,2701.00,2025-11-22T10:12:58+00:00
order_0000003819,cust_0232,588.00,2025-11-08T11:30:54+00:00
order_0000003820,cust_0157,1029.99,2025-11-21T01:11:10+00:00
order_0000003821,cust_0896,430.99,2025-11-19T04:15:54+00:00
order_0000003822,cust_0767,1008.21,2025-11-07T16:55:10+00:00
order_0000003823,cust_0696,541.00,2025-11-04T11:42:43+00:00
order_0000003824,cust_0895,854.89,2025-11-09T06:49:21+00:00
order_0000003825,cust_0753,204.27,2025-11-14T20:01:09+00:00
order_0000003826,cust_0364,394.69,2025-11-03T06:28:26+00:00
order_0000003827,cust_0249,527.99,2025-11-19T10:46:46+00:00
order_0000003828,cust_0752,1036.61,2025-11-27T10:00:29+00:00
order_0000003829,cust_0887,245.18,2025-11-22T09:03:20+00:00
order_0000003830,cust_0262,962.97,2025-11-05T07:29:26+00:00
order_0000003831,cust_0149,187.99,2025-11-05T17:09:49+00:00
order_0000003832,cust_0775,335.00,2025-11-17T14:06:41+00:00
order_0000003833,cust_0620,435.24,2025-11-09T16:58:51+00:00
order_0000003834,cust_0710,964.99,2025-11-29T10:44:11+00:00
order_0000003835,cust_0693,3700.99,2025-11-17T16:50:09+00:00
order_0000003836,cust_0634,636.99,2025-11-11T11:06:05+00:00
order_0000003837,cust_0619,3295.99,2025-11-09T14:43:08+00:00
order_0000003838,cust_0415,761.00,2025-11-14T07:24:05+00:00
order_0000003839,cust_0035,383.20,2025-11-03T13:17:19+00:00
order_0000003840,cust_0103,188.00,2025-11-28T12:43:25+00:00
order_0000003841,cust_0333,1067.48,2025-11-07T14:21:35+00:00
order_0000003842,cust_0170,972.99,2025-11-18T18:03:08+00:00
order_0000003843,cust_0899,188.99,2025-11-07T08:25:36+00:00
order_0000003844,cust_0390,365.00,2025-11-07T03:21:17+00:00
order_0000003845,cust_0142,711.99,2025-11-06T11:35:55+00:00
order_0000003846,cust_0647,708.70,2025-11-16T04:27:15+00:00
order_0000003847,cust_0821,791.00,2025-11-09T17:04:18+00:00
order_0000003848,cust_0377,9839.76,2025-11-14T21:50:18+00:00
order_0000003849,cust_0582,271.57,2025-11-11T09:59:32+00:00
order_0000003850,cust_0218,115.94,2025-11-06T18:52:50+00:00
order_0000003851,cust_0684,15317.88,2025-11-25T18:13:42+00:00
order_0000003852,cust_0118,440.93,2025-11-29T09:28:20+00:00
order_0000003853,cust_0880,495.32,2025-11-05T22:27:53+00:00
order_0000003854,cust_0430,480.29,2025-11-29T08:54:02+00:00
order_0000003855,cust_0835,771.83,2025-11-21T17:26:43+00:00
order_0000003856,cust_0600,284.48,2025-11-24T10:49:59+00:00
order_0000003857,cust_0829,703.00,2025-11-14T11:45:00+00:00
order_0000003858,cust_0490,1046.99,2025-11-29T09:32:11+00:00
order_0000003859,cust_0245,135.55,2025-11-07T14:14:02+00:00
order_0000003860,cust_0136,3343.01,2025-11-30T07:06:03+00:00
order_0000003861,cust_0889,3217.99,2025-11-06T07:26:41+00:00
order_0000003862,cust_0854,952.56,2025-11-12T01:36:24+00:00
order_0000003863,cust_0468,2197.68,2025-11-29T06:04:49+00:00
order_0000003864,cust_0267,16295.36,2025-11-24T11:01:07+00:00
order_0000003865,cust_0524,150.00,2025-11-17T15:11:04+00:00
order_0000003866,cust_0123,642.99,2025-11-26T02:36:36+00:00
order_0000003867,cust_0304,901.99,2025-11-15T18:14:06+00:00
order_0000003868,cust_0646,1004.00,2025-11-19T20:09:57+00:00
order_0000003869,cust_0618,773.00,2025-11-16T11:29:29+00:00
order_0000003870,cust_0669,230.60,2025-11-01T10:40:41+00:00
order_0000003871,cust_0656,970.62,2025-11-26T03:30:51+00:00
order_0000003872,cust_0881,154.34,2025-11-11T18:24:52+00:00
order_0000003873,cust_0005,1871.00,2025-11-10T21:08:48+00:00
order_0000003874,cust_0833,100.99,2025-11-03T01:07:29+00:00
order_0000003875,cust_0555,377.76,2025-11-08T08:27:17+00:00
order_0000003876,cust_0064,375.00,2025-11-17T04:33:49+00:00
order_0000003877,cust_0610,917.19,2025-11-08T14:31:33+00:00
order_0000003878,cust_0590,2482.00,2025-11-05T13:26:51+00:00
order_0000003879,cust_0675,931.57,2025-11-17T10:46:41+00:00
order_0000003880,cust_0855,2155.33,2025-11-04T10:43:50+00:00
order_0000003881,cust_0633,823.99,2025-11-03T12:56:09+00:00
order_0000003882,cust_0201,664.00,2025-11-01T13:47:03+00:00
order_0000003883,cust_0395,268.00,2025-11-14T09:19:35+00:00
order_0000003884,cust_0099,491.77,2025-11-11T14:24:38+00:00
order_0000003885,cust_0505,424.99,2025-11-28T09:52:54+00:00
order_0000003886,cust_0607,2702.00,2025-11-12T16:24:46+00:00
order_0000003887,cust_0230,690.99,2025-11-14T11:48:53+00:00
order_0000003888,cust_0090,128.94,2025-11-03T11:32:24+00:00
order_0000003889,cust_0122,484.85,2025-11-03T15:45:50+00:00
order_0000003890,cust_0755,103.93,2025-11-06T18:33:59+00:00
order_0000003891,cust_0387,361.00,2025-11-05T15:49:24+00:00
order_0000003892,cust_0497,438.02,2025-11-30T05:33:38+00:00
order_0000003893,cust_0744,519.00,2025-11-28T08:31:01+00:00
order_0000003894,cust_0147,3512.28,2025-11-16T05:47:12+00:00
order_0000003895,cust_0649,241.64,2025-11-23T07:41:42+00:00
order_0000003896,cust_0688,312.56,2025-11-29T06:16:23+00:00
order_0000003897,cust_0379,107.01,2025-11-02T14:52:38+00:00
order_0000003898,cust_0441,327.53,2025-11-19T11:54:18+00:00
order_0000003899,cust_0195,2941.00,2025-11-14T10:26:09+00:00
order_0000003900,cust_0712,805.99,2025-11-19T13:24:04+00:00
order_0000003901,cust_0894,1070.00,2025-11-19T01:38:14+00:00
order_0000003902,cust_0317,175.99,2025-11-17T04:48:07+00:00
order_0000003903,cust_0046,922.99,2025-11-19T16:10:45+00:00
order_0000003904,cust_0156,470.99,2025-11-18T19:24:05+00:00
order_0000003905,cust_0293,350.99,2025-11-20T18:20:17+00:00
order_0000003906,cust_0174,794.47,2025-11-13T04:48:24+00:00
order_0000003907,cust_0490,333.19,2025-11-07T14:52:36+00:00
order_0000003908,cust_0169,612.00,2025-11-13T13:54:31+00:00
order_0000003909,cust_0544,2608.99,2025-11-21T11:24:56+00:00
order_0000003910,cust_0878,925.83,2025-11-18T17:45:11+00:00
order_0000003911,cust_0428,314.00,2025-11-27T20:33:56+00:00
order_0000003912,cust_0653,611.66,2025-11-11T08:32:45+00:00
order_0000003913,cust_0701,914.00,2025-11-20T08:48:36+00:00
order_0000003914,cust_0703,555.23,2025-11-03T07:38:25+00:00
order_0000003915,cust_0273,292.87,2025-11-20T16:52:42+00:00
order_0000003916,cust_0835,2671.27,2025-11-11T16:15:30+00:00
order_0000003917,cust_0051,660.23,2025-11-02T15:29:22+00:00
order_0000003918,cust_0715,918.18,2025-11-09T12:47:30+00:00
order_0000003919,cust_0541,704.00,2025-11-03T07:45:53+00:00
order_0000003920,cust_0855,443.00,2025-11-26T16:52:32+00:00
order_0000003921,cust_0382,263.99,2025-11-01T08:03:10+00:00
order_0000003922,cust_0095,161.45,2025-11-06T15:16:46+00:00
order_0000003923,cust_0685,653.64,2025-11-24T04:43:38+00:00
order_0000003924,cust_0197,853.86,2025-11-17T05:55:24+00:00
order_0000003925,cust_0472,933.00,2025-11-23T15:43:26+00:00
order_0000003926,cust_0798,598.00,2025-11-01T11:25:40+00:00
order_0000003927,cust_0060,738.99,2025-11-02T09:28:00+00:00
order_0000003928,cust_0054,2335.00,2025-11-19T15:18:06+00:00
order_0000003929,cust_0362,302.00,2025-11-23T23:15:13+00:00
order_0000003930,cust_0177,470.00,2025-11-25T17:09:33+00:00
order_0000003931,cust_0794,523.99,2025-11-18T09:08:24+00:00
order_0000003932,cust_0416,783.63,2025-11-23T12:41:33+00:00
order_0000003933,cust_0552,1069.14,2025-11-24T16:29:01+00:00
order_0000003934,cust_0085,3032.99,2025-11-21T14:13:06+00:00
order_0000003935,cust_0209,646.00,2025-11-11T13:35:46+00:00
order_0000003936,cust_0019,529.00,2025-11-10T05:25:30+00:00
order_0000003937,cust_0153,705.99,2025-11-01T10:18:56+00:00
order_0000003938,cust_0161,904.71,2025-11-21T07:20:11+00:00
order_0000003939,cust_0064,828.44,2025-11-24T15:13:31+00:00
order_0000003940,cust_0212,908.12,2025-11-03T10:12:38+00:00
order_0000003941,cust_0122,704.00,2025-11-30T02:24:14+00:00
order_0000003942,cust_0048,355.00,2025-11-07T08:09:14+00:00
order_0000003943,cust_0554,529.17,2025-11-09T23:29:23+00:00
order_0000003944,cust_0374,658.99,2025-11-01T00:00:54+00:00
order_0000003945,cust_0170,856.99,2025-11-12T14:57:03+00:00
order_0000003946,cust_0847,3023.00,2025-11-08T12:26:28+00:00
order_0000003947,cust_0535,617.18,2025-11-16T14:13:13+00:00
order_0000003948,cust_0639,663.95,2025-11-03T08:46:50+00:00
order_0000003949,cust_0560,123.99,2025-11-30T10:10:31+00:00
order_0000003950,cust_0776,218.00,2025-11-01T16:52:45+00:00
order_0000003951,cust_0409,861.00,2025-11-28T10:09:29+00:00
order_0000003952,cust_0402,709.99,2025-11-15T14:08:16+00:00
order_0000003953,cust_0084,1510.89,2025-11-10T13:34:52+00:00
order_0000003954,cust_0306,509.60,2025-11-14T13:27:53+00:00
order_0000003955,cust_0854,160.87,2025-11-08T08:49:00+00:00
order_0000003956,cust_0249,564.99,2025-11-27T20:27:35+00:00
order_0000003957,cust_0860,374.63,2025-11-20T22:05:03+00:00
order_0000003958,cust_0727,101.00,2025-11-15T04:34:02+00:00
order_0000003959,cust_0386,824.99,2025-11-09T10:57:11+00:00
order_0000003960,cust_0424,2875.95,2025-10-31T21:21:24+00:00
order_0000003961,cust_0499,184.48,2025-11-22T10:27:09+00:00
order_0000003962,cust_0523,245.54,2025-11-27T01:15:23+00:00
order_0000003963,cust_0217,194.00,2025-11-05T12:31:59+00:00
order_0000003964,cust_0461,481.00,2025-11-06T08:42:56+00:00
order_0000003965,cust_0518,237.99,2025-11-19T16:46:30+00:00
order_0000003966,cust_0261,294.24,2025-11-06T16:36:50+00:00
order_0000003967,cust_0617,472.27,2025-11-07T09:27:25+00:00
order_0000003968,cust_0247,991.00,2025-11-11T04:57:39+00:00
order_0000003969,cust_0496,231.12,2025-11-12T10:32:56+00:00
order_0000003970,cust_0260,439.19,2025-11-08T05:46:53+00:00
order_0000003971,cust_0368,343.00,2025-11-03T09:10:56+00:00
order_0000003972,cust_0307,2151.00,2025-11-25T09:13:07+00:00
order_0000003973,cust_0109,716.99,2025-11-04T14:52:13+00:00
order_0000003974,cust_0185,595.00,2025-11-08T07:38:26+00:00
order_0000003975,cust_0470,1003.00,2025-11-04T03:18:33+00:00
order_0000003976,cust_0268,190.00,2025-11-14T18:25:13+00:00
order_0000003977,cust_0261,15483.97,2025-11-30T18:00:52+00:00
order_0000003978,cust_0177,228.46,2025-11-12T04:43:21+00:00
order_0000003979,cust_0278,323.09,2025-11-19T12:56:38+00:00
order_0000003980,cust_0465,419.45,2025-11-06T13:16:44+00:00
order_0000003981,cust_0638,1930.00,2025-11-09T17:57:43+00:00
order_0000003982,cust_0686,166.41,2025-11-05T02:39:57+00:00
order_0000003983,cust_0389,999.64,2025-11-19T19:54:33+00:00
order_0000003984,cust_0434,1205.00,2025-11-13T13:45:19+00:00
order_0000003985,cust_0324,842.16,2025-11-04T01:02:24+00:00
order_0000003986,cust_0154,615.00,2025-11-13T13:45:07+00:00
order_0000003987,cust_0677,440.06,2025-10-31T23:34:00+00:00
order_0000003988,cust_0616,3231.10,2025-11-29T07:31:06+00:00
order_0000003989,cust_0237,1399.51,2025-11-09T12:54:43+00:00
order_0000003990,cust_0518,170.99,2025-11-26T21:11:49+00:00
order_0000003991,cust_0343,373.00,2025-11-25T00:55:41+00:00
order_0000003992,cust_0828,134.99,2025-11-03T12:14:50+00:00
order_0000003993,cust_0690,241.06,2025-11-20T13:15:20+00:00
order_0000003994,cust_0385,430.99,2025-11-23T14:55:24+00:00
order_0000003995,cust_0884,2439.99,2025-11-21T10:54:52+00:00
order_0000003996,cust_0617,367.00,2025-11-04T16:27:23+00:00
order_0000003997,cust_0189,336.17,2025-11-13T17:41:25+00:00
order_0000003998,cust_0861,2649.00,2025-11-04T05:38:17+00:00
order_0000003999,cust_0074,276.53,2025-11-26T10:28:46+00:00
order_0000004000,cust_0732,961.00,2025-11-14T06:37:17+00:00
order_0000004001,cust_0210,833.24,2025-11-12T04:59:22+00:00
order_0000004002,cust_0167,654.00,2025-11-13T11:47:18+00:00
order_0000004003,cust_0767,848.32,2025-11-30T04:05:15+00:00
order_0000004004,cust_0706,665.99,2025-11-06T07:07:34+00:00
order_0000004005,cust_0336,562.00,2025-11-08T10:13:06+00:00
order_0000004006,cust_0293,690.14,2025-11-14T23:02:08+00:00
order_0000004007,cust_0415,243.56,2025-11-12T04:16:09+00:00
order_0000004008,cust_0240,2082.45,2025-11-15T14:17:16+00:00
order_0000004009,cust_0213,948.00,2025-11-20T15:11:26+00:00
order_0000004010,cust_0436,230.31,2025-11-15T08:53:51+00:00
order_0000004011,cust_0315,275.87,2025-11-09T22:22:15+00:00
order_0000004012,cust_0687,2540.03,2025-11-26T17:54:01+00:00
order_0000004013,cust_0600,239.66,2025-11-05T10:37:14+00:00
order_0000004014,cust_0498,3206.00,2025-11-03T13:16:17+00:00
order_0000004015,cust_0028,536.76,2025-11-18T14:38:44+00:00
order_0000004016,cust_0123,490.09,2025-11-14T02:45:48+00:00
order_0000004017,cust_0754,863.03,2025-11-17T08:08:56+00:00
order_0000004018,cust_0277,398.89,2025-11-08T17:41:30+00:00
order_0000004019,cust_0635,6485.00,2025-11-26T10:42:51+00:00
order_0000004020,cust_0125,3054.00,2025-11-24T07:32:06+00:00
order_0000004021,cust_0088,783.27,2025-11-08T01:33:27+00:00
order_0000004022,cust_0659,841.00,2025-11-28T17:44:55+00:00
order_0000004023,cust_0807,1171.50,2025-11-12T10:18:02+00:00
order_0000004024,cust_0018,159.80,2025-11-04T09:26:33+00:00
order_0000004025,cust_0695,379.00,2025-11-05T06:20:57+00:00
order_0000004026,cust_0506,619.44,2025-11-14T21:15:10+00:00
order_0000004027,cust_0306,925.77,2025-11-12T13:48:59+00:00
order_0000004028,cust_0002,601.16,2025-11-03T15:39:49+00:00
order_0000004029,cust_0024,173.00,2025-11-21T16:29:00+00:00
order_0000004030,cust_0713,1014.95,2025-11-16T22:12:07+00:00
order_0000004031,cust_0569,796.99,2025-11-01T15:13:06+00:00
order_0000004032,cust_0745,540.00,2025-11-04T12:32:35+00:00
order_0000004033,cust_0411,980.00,2025-11-14T10:39:45+00:00
order_0000004034,cust_0155,201.74,2025-11-12T18:10:00+00:00
order_0000004035,cust_0697,486.07,2025-11-18T16:19:57+00:00
order_0000004036,cust_0524,107.65,2025-11-03T10:49:51+00:00
order_0000004037,cust_0568,1011.83,2025-11-23T05:23:07+00:00
order_0000004038,cust_0243,2963.12,2025-11-07T02:58:24+00:00
order_0000004039,cust_0189,12156.00,2025-11-23T18:04:02+00:00
order_0000004040,cust_0242,619.00,2025-11-25T15:48:05+00:00
order_0000004041,cust_0739,946.84,2025-11-12T08:30:38+00:00
order_0000004042,cust_0898,3018.70,2025-11-20T08:12:44+00:00
order_0000004043,cust_0228,764.86,2025-11-22T13:20:18+00:00
order_0000004044,cust_0457,406.00,2025-11-06T12:39:07+00:00
order_0000004045,cust_0545,811.00,2025-11-30T17:42:31+00:00
order_0000004046,cust_0660,14511.01,2025-11-12T07:25:16+00:00
order_0000004047,cust_0435,2005.63,2025-11-05T15:14:19+00:00
order_0000004048,cust_0378,698.06,2025-11-28T17:36:32+00:00
order_0000004049,cust_0478,350.78,2025-11-26T20:12:54+00:00
order_0000004050,cust_0828,122.97,2025-11-13T08:08:52+00:00
order_0000004051,cust_0221,197.00,2025-11-15T14:18:45+00:00
order_0000004052,cust_0277,751.99,2025-11-08T04:17:17+00:00
order_0000004053,cust_0810,1929.99,2025-11-09T15:36:04+00:00
order_0000004054,cust_0555,420.00,2025-11-14T16:45:21+00:00
order_0000004055,cust_0440,409.46,2025-11-04T12:26:02+00:00
order_0000004056,cust_0211,2115.50,2025-11-11T02:39:21+00:00
order_0000004057,cust_0643,996.00,2025-11-06T22:15:32+00:00
order_0000004058,cust_0356,760.15,2025-11-12T19:45:50+00:00
order_0000004059,cust_0753,740.78,2025-11-28T15:39:11+00:00
order_0000004060,cust_0782,524.25,2025-11-22T15:24:12+00:00
order_0000004061,cust_0597,313.00,2025-11-19T16:52:07+00:00
order_0000004062,cust_0725,1014.65,2025-11-08T04:17:35+00:00
order_0000004063,cust_0100,205.19,2025-11-22T09:24:50+00:00
order_0000004064,cust_0865,2526.10,2025-11-05T14:19:53+00:00
order_0000004065,cust_0747,274.66,2025-11-05T23:54:26+00:00
order_0000004066,cust_0159,3468.56,2025-11-01T06:48:27+00:00
order_0000004067,cust_0686,803.25,2025-11-17T10:44:12+00:00
order_0000004068,cust_0865,7393.60,2025-11-12T08:25:44+00:00
order_0000004069,cust_0650,3197.00,2025-11-07T03:20:09+00:00
order_0000004070,cust_0189,139.00,2025-11-11T04:38:19+00:00
order_0000004071,cust_0791,708.82,2025-11-05T12:07:05+00:00
order_0000004072,cust_0851,922.42,2025-11-04T11:11:54+00:00
order_0000004073,cust_0681,748.99,2025-11-19T06:05:36+00:00
order_0000004074,cust_0497,839.26,2025-11-01T08:50:05+00:00
order_0000004075,cust_0290,139.00,2025-11-10T05:11:42+00:00
order_0000004076,cust_0242,169.00,2025-11-17T18:16:20+00:00
order_0000004077,cust_0404,443.20,2025-11-22T20:40:16+00:00
order_0000004078,cust_0437,992.00,2025-11-30T16:25:17+00:00
order_0000004079,cust_0360,720.03,2025-11-18T07:35:07+00:00
order_0000004080,cust_0594,437.00,2025-11-12T13:50:45+00:00
order_0000004081,cust_0458,883.89,2025-11-22T09:28:52+00:00
order_0000004082,cust_0854,217.00,2025-11-03T08:42:30+00:00
order_0000004083,cust_0195,412.99,2025-11-02T06:31:43+00:00
order_0000004084,cust_0760,812.00,2025-11-04T10:47:01+00:00
order_0000004085,cust_0838,194.00,2025-11-27T13:45:47+00:00
order_0000004086,cust_0626,482.00,2025-11-20T09:28:10+00:00
order_0000004087,cust_0151,606.02,2025-11-10T18:59:04+00:00
order_0000004088,cust_0567,182.00,2025-11-04T16:02:15+00:00
order_0000004089,cust_0377,1841.43,2025-11-04T14:40:22+00:00
order_0000004090,cust_0469,14974.83,2025-11-05T07:35:40+00:00
order_0000004091,cust_0520,841.35,2025-11-16T11:36:29+00:00
order_0000004092,cust_0389,606.95,2025-11-10T08:03:34+00:00
order_0000004093,cust_0081,860.00,2025-11-25T11:17:10+00:00
order_0000004094,cust_0263,2261.92,2025-11-27T00:37:24+00:00
order_0000004095,cust_0533,419.00,2025-11-25T15:53:30+00:00
order_0000004096,cust_0775,885.00,2025-11-12T17:59:27+00:00
order_0000004097,cust_0862,1069.59,2025-11-16T05:57:14+00:00
order_0000004098,cust_0510,134.14,2025-11-02T17:09:10+00:00
order_0000004099,cust_0836,3523.99,2025-11-17T00:04:21+00:00
order_0000004100,cust_0073,3582.74,2025-11-17T04:19:36+00:00
order_0000004101,cust_0713,160.47,2025-11-25T09:17:57+00:00
order_0000004102,cust_0417,822.98,2025-11-07T06:27:14+00:00
order_0000004103,cust_0735,1056.00,2025-11-02T10:48:17+00:00
order_0000004104,cust_0122,757.99,2025-11-18T09:12:39+00:00
order_0000004105,cust_0407,231.43,2025-11-12T15:30:54+00:00
order_0000004106,cust_0295,664.03,2025-11-22T02:26:38+00:00
order_0000004107,cust_0824,365.17,2025-11-30T03:52:23+00:00
order_0000004108,cust_0821,605.00,2025-11-14T08:45:29+00:00
order_0000004109,cust_0445,243.99,2025-11-23T19:35:35+00:00
order_0000004110,cust_0503,6086.38,2025-11-09T18:30:16+00:00
order_0000004111,cust_0472,3400.04,2025-11-15T04:23:55+00:00
order_0000004112,cust_0748,576.99,2025-11-02T08:49:21+00:00
order_0000004113,cust_0354,993.19,2025-11-22T14:09:53+00:00
order_0000004114,cust_0134,1022.83,2025-11-24T17:50:32+00:00
order_0000004115,cust_0645,676.42,2025-11-09T14:24:00+00:00
order_0000004116,cust_0139,270.53,2025-11-08T07:45:56+00:00
order_0000004117,cust_0461,503.44,2025-11-22T02:11:17+00:00
order_0000004118,cust_0312,557.69,2025-11-02T04:59:09+00:00
order_0000004119,cust_0830,606.39,2025-11-21T09:32:36+00:00
order_0000004120,cust_0201,458.30,2025-11-21T10:03:37+00:00
order_0000004121,cust_0626,823.76,2025-11-30T17:49:02+00:00
order_0000004122,cust_0802,206.26,2025-11-10T17:10:12+00:00
order_0000004123,cust_0335,825.58,2025-11-18T15:55:49+00:00
order_0000004124,cust_0290,417.33,2025-11-18T15:57:56+00:00
order_0000004125,cust_0345,2724.20,2025-11-12T17:02:50+00:00
order_0000004126,cust_0490,881.35,2025-11-07T00:09:39+00:00
order_0000004127,cust_0608,147.00,2025-11-08T11:04:10+00:00
order_0000004128,cust_0525,734.01,2025-11-13T06:26:26+00:00
order_0000004129,cust_0413,694.95,2025-11-15T17:25:19+00:00
order_0000004130,cust_0492,459.70,2025-11-05T08:36:30+00:00
order_0000004131,cust_0834,229.56,2025-11-14T16:11:40+00:00
order_0000004132,cust_0603,2577.68,2025-11-10T05:03:16+00:00
order_0000004133,cust_0437,799.22,2025-11-17T15:09:35+00:00
order_0000004134,cust_0691,419.54,2025-11-05T23:03:09+00:00
order_0000004135,cust_0666,610.99,2025-11-28T04:05:46+00:00
order_0000004136,cust_0433,255.99,2025-11-10T09:21:43+00:00
order_0000004137,cust_0618,1068.99,2025-11-02T05:14:50+00:00
order_0000004138,cust_0036,2774.99,2025-11-01T16:37:52+00:00
order_0000004139,cust_0083,304.17,2025-11-18T09:58:56+00:00
order_0000004140,cust_0329,1028.95,2025-11-18T21:57:33+00:00
order_0000004141,cust_0069,15756.00,2025-11-03T03:23:36+00:00
order_0000004142,cust_0674,2489.99,2025-11-27T02:26:13+00:00
order_0000004143,cust_0435,214.32,2025-11-17T02:26:26+00:00
order_0000004144,cust_0040,489.00,2025-11-23T08:22:14+00:00
order_0000004145,cust_0572,288.44,2025-11-09T13:43:23+00:00
order_0000004146,cust_0655,663.65,2025-11-01T12:50:14+00:00
order_0000004147,cust_0394,12816.00,2025-11-23T06:46:02+00:00
order_0000004148,cust_0477,125.37,2025-11-06T07:15:30+00:00
order_0000004149,cust_0870,283.90,2025-11-24T01:58:28+00:00
order_0000004150,cust_0096,870.10,2025-11-05T10:56:58+00:00
order_0000004151,cust_0863,522.12,2025-11-27T10:41:02+00:00
order_0000004152,cust_0415,803.77,2025-11-21T02:34:12+00:00
order_0000004153,cust_0898,950.10,2025-11-02T04:46:51+00:00
order_0000004154,cust_0093,419.27,2025-11-11T06:55:16+00:00
order_0000004155,cust_0642,2109.63,2025-11-09T17:15:16+00:00
order_0000004156,cust_0215,188.00,2025-11-22T15:00:56+00:00
order_0000004157,cust_0424,2597.97,2025-11-26T18:24:10+00:00
order_0000004158,cust_0026,339.66,2025-11-03T15:58:16+00:00
order_0000004159,cust_0181,1704.93,2025-11-14T12:02:45+00:00
order_0000004160,cust_0317,1064.26,2025-11-05T06:59:36+00:00
order_0000004161,cust_0200,12311.99,2025-11-07T10:28:55+00:00
order_0000004162,cust_0380,410.01,2025-11-07T10:15:46+00:00
order_0000004163,cust_0898,190.08,2025-11-26T08:05:00+00:00
order_0000004164,cust_0601,597.13,2025-11-09T22:21:48+00:00
order_0000004165,cust_0005,3908.99,2025-11-01T07:12:34+00:00
order_0000004166,cust_0045,1016.00,2025-11-08T10:31:23+00:00
order_0000004167,cust_0532,3271.56,2025-11-23T04:53:55+00:00
order_0000004168,cust_0887,3590.05,2025-11-28T12:46:17+00:00
order_0000004169,cust_0642,1079.00,2025-11-02T00:38:10+00:00
order_0000004170,cust_0666,128.70,2025-11-03T12:59:24+00:00
order_0000004171,cust_0326,290.93,2025-11-16T11:44:19+00:00
order_0000004172,cust_0856,260.99,2025-11-18T16:49:21+00:00
order_0000004173,cust_0355,1421.47,2025-11-07T07:33:55+00:00
order_0000004174,cust_0559,817.38,2025-11-21T00:29:57+00:00
order_0000004175,cust_0496,1027.33,2025-11-06T18:06:38+00:00
order_0000004176,cust_0291,2418.00,2025-11-10T15:43:01+00:00
order_0000004177,cust_0876,375.58,2025-11-04T23:16:20+00:00
order_0000004178,cust_0047,1016.60,2025-11-10T09:49:16+00:00
order_0000004179,cust_0414,216.00,2025-11-19T23:19:14+00:00
order_0000004180,cust_0274,933.94,2025-11-14T07:04:24+00:00
order_0000004181,cust_0898,771.00,2025-11-23T13:11:32+00:00
order_0000004182,cust_0185,696.99,2025-11-25T07:55:20+00:00
order_0000004183,cust_0564,669.91,2025-11-13T01:27:04+00:00
order_0000004184,cust_0474,179.03,2025-11-09T09:34:58+00:00
order_0000004185,cust_0296,562.00,2025-11-19T01:19:47+00:00
order_0000004186,cust_0230,2961.00,2025-11-26T15:24:29+00:00
order_0000004187,cust_0868,127.00,2025-11-18T08:28:10+00:00
order_0000004188,cust_0156,712.00,2025-11-08T08:08:47+00:00
order_0000004189,cust_0596,934.54,2025-11-17T14:59:17+00:00
order_0000004190,cust_0343,655.39,2025-11-08T02:35:43+00:00
order_0000004191,cust_0466,1008.00,2025-11-05T17:05:37+00:00
order_0000004192,cust_0230,1570.73,2025-11-14T16:21:56+00:00
order_0000004193,cust_0005,691.99,2025-11-01T16:21:50+00:00
order_0000004194,cust_0582,3267.41,2025-11-12T06:15:15+00:00
order_0000004195,cust_0837,1436.41,2025-11-01T03:31:45+00:00
order_0000004196,cust_0895,809.16,2025-11-22T02:36:13+00:00
order_0000004197,cust_0240,280.00,2025-11-18T10:54:31+00:00
order_0000004198,cust_0771,2556.14,2025-11-28T13:04:26+00:00
order_0000004199,cust_0376,630.99,2025-11-14T10:55:02+00:00
order_0000004200,cust_0646,1506.99,2025-11-24T14:56:50+00:00
order_0000004201,cust_0263,863.03,2025-11-17T12:27:59+00:00
order_0000004202,cust_0340,863.03,2025-11-17T12:27:59+00:00
order_0000004203,cust_0250,879.15,2025-11-09T12:27:59+00:00
order_0000004204,cust_0405,879.15,2025-11-09T12:27:59+00:00
order_0000004205,cust_0840,522.12,2025-11-27T12:27:59+00:00
order_0000004206,cust_0355,522.12,2025-11-27T12:27:59+00:00
order_0000004207,cust_0731,375.90,2025-11-18T06:27:59+00:00
order_0000004208,cust_0257,375.90,2025-11-18T06:27:59+00:00
order_0000004209,cust_0239,13679.96,2025-11-29T00:27:59+00:00
order_0000004210,cust_0557,13679.96,2025-11-29T00:27:59+00:00
order_0000004211,cust_0511,512.24,2025-11-19T00:27:59+00:00
order_0000004212,cust_0029,512.24,2025-11-19T00:27:59+00:00
