payment_id,order_id,amount,method,status,created_at_ist
pay_00000000000001,order_0000000001,2582.23,card,captured,2025-11-15T19:16:41+05:30
pay_00000000000002,order_0000000002,813.00,card,captured,2025-11-07T21:26:01+05:30
pay_00000000000003,order_0000000003,900.58,upi,captured,2025-11-08T20:09:31+05:30
pay_00000000000004,order_0000000004,868.57,wallet,captured,2025-11-07T16:58:31+05:30
pay_00000000000005,order_0000000005,2939.58,card,failed,2025-11-24T12:37:04+05:30
pay_00000000000006,order_0000000006,1011.99,upi,captured,2025-11-06T17:50:37+05:30
pay_00000000000007,order_0000000007,396.07,wallet,captured,2025-11-27T16:50:27+05:30
pay_00000000000008,order_0000000008,106.99,card,captured,2025-11-03T06:30:44+05:30
pay_00000000000009,order_0000000009,712.00,wallet,captured,2025-11-15T16:48:52+05:30
pay_00000000000010,order_0000000010,1062.99,card,captured,2025-11-02T21:56:07+05:30
pay_00000000000011,order_0000000011,3280.00,upi,captured,2025-11-28T15:52:12+05:30
pay_00000000000012,order_0000000012,447.73,wallet,captured,2025-11-13T10:21:52+05:30
pay_00000000000013,order_0000000013,529.32,wallet,captured,2025-11-26T15:25:53+05:30
pay_00000000000014,order_0000000014,375.99,upi,captured,2025-11-27T16:53:43+05:30
pay_00000000000015,order_0000000015,2878.90,netbanking,captured,2025-11-12T11:28:50+05:30
pay_00000000000016,order_0000000016,794.19,upi,captured,2025-11-23T17:48:20+05:30
pay_00000000000017,order_0000000017,804.72,upi,captured,2025-11-28T17:49:31+05:30
pay_00000000000018,order_0000000018,2280.00,upi,captured,2025-11-15T09:48:41+05:30
pay_00000000000019,order_0000000019,3132.32,card,captured,2025-11-06T09:46:02+05:30
pay_00000000000020,order_0000000020,165.92,wallet,captured,2025-11-15T06:11:44+05:30
pay_00000000000021,order_0000000021,1075.99,upi,captured,2025-11-26T17:29:00+05:30
pay_00000000000022,order_0000000022,372.00,upi,captured,2025-11-06T14:20:15+05:30
pay_00000000000023,order_0000000023,3433.99,card,failed,2025-11-10T02:42:50+05:30
pay_00000000000024,order_0000000024,421.11,upi,captured,2025-11-08T19:54:14+05:30
pay_00000000000025,order_0000000025,366.08,upi,captured,2025-11-30T19:13:43+05:30
pay_00000000000026,order_0000000026,3526.00,card,captured,2025-11-18T23:07:32+05:30
pay_00000000000027,order_0000000027,913.81,netbanking,captured,2025-11-12T23:54:57+05:30
pay_00000000000028,order_0000000028,588.00,upi,captured,2025-11-26T15:15:27+05:30
pay_00000000000029,order_0000000029,216.00,upi,captured,2025-11-05T22:43:02+05:30
pay_00000000000030,order_0000000030,1913.39,upi,captured,2025-11-08T21:54:36+05:30
pay_00000000000031,order_0000000031,464.46,upi,failed,2025-11-17T15:09:34+05:30
pay_00000000000032,order_0000000032,3367.43,card,captured,2025-11-07T20:00:52+05:30
pay_00000000000033,order_0000000033,765.99,upi,captured,2025-11-03T03:14:56+05:30
pay_00000000000034,order_0000000034,356.00,card,captured,2025-11-18T21:48:42+05:30
pay_00000000000035,order_0000000035,816.99,upi,captured,2025-11-02T03:56:03+05:30
pay_00000000000036,order_0000000036,402.00,upi,captured,2025-11-02T15:14:51+05:30
pay_00000000000037,order_0000000037,947.99,card,captured,2025-11-02T09:59:36+05:30
pay_00000000000038,order_0000000038,114.99,netbanking,captured,2025-11-21T19:12:37+05:30
pay_00000000000039,order_0000000039,304.54,upi,captured,2025-11-02T17:13:43+05:30
pay_00000000000040,order_0000000040,591.99,card,captured,2025-11-15T20:52:01+05:30
pay_00000000000041,order_0000000041,716.82,card,captured,2025-11-16T06:17:54+05:30
pay_00000000000042,order_0000000042,1296.01,upi,captured,2025-11-09T17:23:59+05:30
pay_00000000000043,order_0000000043,2146.74,upi,captured,2025-11-10T19:34:18+05:30
pay_00000000000044,order_0000000044,276.45,upi,captured,2025-11-21T12:23:59+05:30
pay_00000000000045,order_0000000045,3136.99,card,captured,2025-11-09T07:19:52+05:30
pay_00000000000046,order_0000000046,355.00,wallet,captured,2025-11-18T21:32:28+05:30
pay_00000000000047,order_0000000047,386.00,card,captured,2025-11-24T14:41:34+05:30
pay_00000000000048,order_0000000048,595.88,upi,captured,2025-11-27T20:00:04+05:30
pay_00000000000049,order_0000000049,947.99,upi,captured,2025-11-05T07:30:18+05:30
pay_00000000000050,order_0000000050,545.00,upi,captured,2025-11-25T12:17:55+05:30
pay_00000000000051,order_0000000051,547.48,card,captured,2025-11-28T08:49:57+05:30
pay_00000000000052,order_0000000052,360.99,wallet,captured,2025-11-10T22:52:46+05:30
pay_00000000000053,order_0000000053,204.99,netbanking,captured,2025-11-15T18:13:26+05:30
pay_00000000000054,order_0000000054,904.89,netbanking,captured,2025-11-05T19:30:38+05:30
pay_00000000000055,order_0000000055,828.83,wallet,captured,2025-11-18T15:10:37+05:30
pay_00000000000056,order_0000000056,3382.17,upi,captured,2025-11-17T08:25:10+05:30
pay_00000000000057,order_0000000057,2667.63,card,captured,2025-11-20T17:19:30+05:30
pay_00000000000058,order_0000000058,1064.16,wallet,captured,2025-11-02T23:28:14+05:30
pay_00000000000059,order_0000000059,836.99,card,captured,2025-11-21T21:24:59+05:30
pay_00000000000060,order_0000000060,1115.00,netbanking,captured,2025-11-05T23:12:21+05:30
pay_00000000000061,order_0000000061,958.74,wallet,captured,2025-11-06T15:31:19+05:30
pay_00000000000062,order_0000000062,13306.99,upi,captured,2025-11-27T21:27:06+05:30
pay_00000000000063,order_0000000063,187.00,card,captured,2025-11-27T13:57:14+05:30
pay_00000000000064,order_0000000064,485.94,upi,captured,2025-11-29T12:18:52+05:30
pay_00000000000065,order_0000000065,759.60,upi,captured,2025-11-30T19:42:25+05:30
pay_00000000000066,order_0000000066,4228.00,upi,captured,2025-11-10T06:03:50+05:30
pay_00000000000067,order_0000000067,2820.00,upi,captured,2025-11-09T10:58:18+05:30
pay_00000000000068,order_0000000068,800.00,wallet,captured,2025-11-14T16:45:36+05:30
pay_00000000000069,order_0000000069,394.00,card,captured,2025-11-25T00:31:20+05:30
pay_00000000000070,order_0000000070,740.99,card,captured,2025-11-30T10:10:33+05:30
pay_00000000000071,order_0000000071,258.99,wallet,captured,2025-11-11T21:51:06+05:30
pay_00000000000072,order_0000000072,1027.12,card,captured,2025-11-12T16:40:18+05:30
pay_00000000000073,order_0000000073,188.99,card,captured,2025-11-29T20:26:32+05:30
pay_00000000000074,order_0000000074,3339.96,netbanking,captured,2025-11-07T21:23:12+05:30
pay_00000000000075,order_0000000075,480.95,card,captured,2025-11-10T16:42:36+05:30
pay_00000000000076,order_0000000076,1776.00,upi,captured,2025-11-03T16:15:20+05:30
pay_00000000000077,order_0000000077,774.44,card,captured,2025-11-27T14:53:05+05:30
pay_00000000000078,order_0000000078,455.00,card,captured,2025-11-03T09:09:25+05:30
pay_00000000000079,order_0000000079,308.52,card,captured,2025-11-11T12:55:31+05:30
pay_00000000000080,order_0000000080,932.13,card,captured,2025-11-14T17:18:56+05:30
pay_00000000000081,order_0000000081,3467.81,upi,captured,2025-11-10T22:32:51+05:30
pay_00000000000082,order_0000000082,108.00,card,captured,2025-11-17T06:32:33+05:30
pay_00000000000083,order_0000000083,11104.28,wallet,captured,2025-11-17T11:51:48+05:30
pay_00000000000084,order_0000000084,1860.40,upi,captured,2025-11-16T17:07:50+05:30
pay_00000000000085,order_0000000085,2974.62,upi,captured,2025-11-17T18:23:18+05:30
pay_00000000000086,order_0000000086,982.00,upi,captured,2025-11-13T18:56:42+05:30
pay_00000000000087,order_0000000087,906.29,card,failed,2025-11-01T22:20:07+05:30
pay_00000000000088,order_0000000088,1837.93,card,captured,2025-11-08T18:19:33+05:30
pay_00000000000089,order_0000000089,703.00,card,captured,2025-11-30T13:51:12+05:30
pay_00000000000090,order_0000000090,684.99,upi,captured,2025-11-04T14:18:37+05:30
pay_00000000000091,order_0000000091,1612.10,card,captured,2025-11-07T06:36:25+05:30
pay_00000000000092,order_0000000092,1071.00,card,captured,2025-11-18T17:17:06+05:30
pay_00000000000093,order_0000000093,957.00,upi,captured,2025-11-30T16:23:15+05:30
pay_00000000000094,order_0000000094,559.00,wallet,captured,2025-11-27T16:39:11+05:30
pay_00000000000095,order_0000000095,816.00,wallet,captured,2025-11-01T18:41:30+05:30
pay_00000000000096,order_0000000096,787.99,upi,captured,2025-11-22T14:34:41+05:30
pay_00000000000097,order_0000000097,132.89,card,captured,2025-11-13T22:51:00+05:30
pay_00000000000098,order_0000000098,1054.00,wallet,captured,2025-11-02T03:48:35+05:30
pay_00000000000099,order_0000000099,911.00,netbanking,captured,2025-11-24T09:48:19+05:30
pay_00000000000100,order_0000000100,570.34,upi,captured,2025-11-29T13:42:52+05:30
pay_00000000000101,order_0000000101,155.72,upi,captured,2025-11-18T07:40:11+05:30
pay_00000000000102,order_0000000102,484.00,card,captured,2025-11-06T04:37:04+05:30
pay_00000000000103,order_0000000103,732.00,upi,captured,2025-11-18T12:33:35+05:30
pay_00000000000104,order_0000000104,1004.12,upi,captured,2025-11-05T22:25:42+05:30
pay_00000000000105,order_0000000105,11829.42,card,captured,2025-11-18T20:02:57+05:30
pay_00000000000106,order_0000000106,856.30,upi,failed,2025-11-07T22:57:11+05:30
pay_00000000000107,order_0000000107,443.29,card,captured,2025-11-05T22:34:54+05:30
pay_00000000000108,order_0000000108,837.00,upi,captured,2025-11-14T21:10:39+05:30
pay_00000000000109,order_0000000109,924.99,card,captured,2025-11-30T20:13:45+05:30
pay_00000000000110,order_0000000110,213.99,upi,captured,2025-11-08T12:45:49+05:30
pay_00000000000111,order_0000000111,598.00,card,captured,2025-11-22T17:53:57+05:30
pay_00000000000112,order_0000000112,458.27,netbanking,captured,2025-11-12T17:38:10+05:30
pay_00000000000113,order_0000000113,269.00,upi,captured,2025-11-14T20:47:54+05:30
pay_00000000000114,order_0000000114,670.87,upi,captured,2025-11-22T16:46:53+05:30
pay_00000000000115,order_0000000115,300.32,upi,captured,2025-11-27T09:19:14+05:30
pay_00000000000116,order_0000000116,1371.06,card,captured,2025-11-25T00:22:56+05:30
pay_00000000000117,order_0000000117,627.72,card,captured,2025-11-07T14:29:46+05:30
pay_00000000000118,order_0000000118,844.23,netbanking,captured,2025-11-01T14:26:57+05:30
pay_00000000000119,order_0000000119,920.02,netbanking,captured,2025-11-15T06:18:25+05:30
pay_00000000000120,order_0000000120,4747.09,upi,captured,2025-11-05T12:02:30+05:30
pay_00000000000121,order_0000000121,1060.78,upi,captured,2025-11-07T08:55:34+05:30
pay_00000000000122,order_0000000122,269.22,wallet,captured,2025-11-06T16:57:32+05:30
pay_00000000000123,order_0000000123,1040.00,card,captured,2025-11-17T23:22:13+05:30
pay_00000000000124,order_0000000124,2111.55,wallet,captured,2025-11-06T07:01:20+05:30
pay_00000000000125,order_0000000125,930.90,wallet,failed,2025-11-27T17:18:18+05:30
pay_00000000000126,order_0000000126,494.63,netbanking,captured,2025-11-28T21:03:40+05:30
pay_00000000000127,order_0000000127,533.73,card,captured,2025-11-23T02:01:00+05:30
pay_00000000000128,order_0000000128,514.00,card,captured,2025-11-20T07:27:37+05:30
pay_00000000000129,order_0000000129,256.99,upi,captured,2025-11-13T18:18:07+05:30
pay_00000000000130,order_0000000130,117.25,upi,captured,2025-11-17T16:51:27+05:30
pay_00000000000131,order_0000000131,514.69,upi,captured,2025-11-07T01:17:25+05:30
pay_00000000000132,order_0000000132,764.84,card,captured,2025-11-09T14:23:32+05:30
pay_00000000000133,order_0000000133,2257.28,card,captured,2025-11-06T14:19:15+05:30
pay_00000000000134,order_0000000134,899.79,wallet,captured,2025-11-03T09:08:25+05:30
pay_00000000000135,order_0000000135,991.30,upi,captured,2025-11-13T12:04:40+05:30
pay_00000000000136,order_0000000136,549.29,upi,captured,2025-11-06T15:44:50+05:30
pay_00000000000137,order_0000000137,159.34,upi,captured,2025-11-16T18:36:20+05:30
pay_00000000000138,order_0000000138,216.00,upi,captured,2025-11-21T03:36:48+05:30
pay_00000000000139,order_0000000139,756.00,card,captured,2025-11-26T16:41:32+05:30
pay_00000000000140,order_0000000140,154.99,card,captured,2025-11-01T11:53:51+05:30
pay_00000000000141,order_0000000141,253.74,wallet,captured,2025-11-23T07:45:30+05:30
pay_00000000000142,order_0000000142,599.52,netbanking,failed,2025-11-01T09:28:26+05:30
pay_00000000000143,order_0000000143,308.99,upi,captured,2025-11-23T15:17:46+05:30
pay_00000000000144,order_0000000144,2616.00,card,captured,2025-11-25T14:26:38+05:30
pay_00000000000145,order_0000000145,330.00,upi,captured,2025-11-27T20:12:35+05:30
pay_00000000000146,order_0000000146,118.59,card,captured,2025-11-05T18:18:36+05:30
pay_00000000000147,order_0000000147,939.99,card,captured,2025-11-21T17:33:28+05:30
pay_00000000000148,order_0000000148,454.00,upi,captured,2025-11-20T16:06:40+05:30
pay_00000000000149,order_0000000149,1763.97,upi,captured,2025-11-17T01:41:43+05:30
pay_00000000000150,order_0000000150,903.99,card,captured,2025-11-22T01:24:46+05:30
pay_00000000000151,order_0000000151,314.00,card,captured,2025-11-24T21:11:35+05:30
pay_00000000000152,order_0000000152,3368.99,upi,captured,2025-11-26T01:44:19+05:30
pay_00000000000153,order_0000000153,672.99,upi,captured,2025-11-27T18:48:11+05:30
pay_00000000000154,order_0000000154,620.40,card,captured,2025-11-14T16:27:54+05:30
pay_00000000000155,order_0000000155,505.81,upi,captured,2025-11-11T18:14:02+05:30
pay_00000000000156,order_0000000156,3329.74,card,captured,2025-11-06T13:53:35+05:30
pay_00000000000157,order_0000000157,1053.00,upi,captured,2025-11-22T00:40:58+05:30
pay_00000000000158,order_0000000158,484.05,card,captured,2025-11-17T07:50:35+05:30
pay_00000000000159,order_0000000159,2393.14,upi,captured,2025-11-18T14:48:50+05:30
pay_00000000000160,order_0000000160,918.99,upi,captured,2025-11-23T12:27:01+05:30
pay_00000000000161,order_0000000161,787.00,upi,captured,2025-11-26T14:41:55+05:30
pay_00000000000162,order_0000000162,1078.19,upi,captured,2025-11-10T13:13:03+05:30
pay_00000000000163,order_0000000163,657.99,upi,failed,2025-11-26T20:22:23+05:30
pay_00000000000164,order_0000000164,570.00,upi,captured,2025-11-26T05:01:55+05:30
pay_00000000000165,order_0000000165,736.83,wallet,failed,2025-11-01T23:09:54+05:30
pay_00000000000166,order_0000000166,797.85,card,captured,2025-11-27T11:00:27+05:30
pay_00000000000167,order_0000000167,454.09,upi,captured,2025-11-19T18:23:31+05:30
pay_00000000000168,order_0000000168,2613.80,upi,captured,2025-11-24T16:58:03+05:30
pay_00000000000169,order_0000000169,879.99,card,captured,2025-11-18T18:52:27+05:30
pay_00000000000170,order_0000000170,1041.10,card,captured,2025-11-05T22:34:03+05:30
pay_00000000000171,order_0000000171,5520.52,card,captured,2025-11-17T06:19:54+05:30
pay_00000000000172,order_0000000172,3397.38,wallet,failed,2025-11-18T19:24:20+05:30
pay_00000000000173,order_0000000173,576.00,wallet,captured,2025-11-05T21:04:56+05:30
pay_00000000000174,order_0000000174,412.41,upi,captured,2025-11-22T18:31:01+05:30
pay_00000000000175,order_0000000175,395.13,upi,failed,2025-11-19T08:59:26+05:30
pay_00000000000176,order_0000000176,579.20,netbanking,captured,2025-11-25T22:16:36+05:30
pay_00000000000177,order_0000000177,538.85,wallet,captured,2025-11-29T21:14:10+05:30
pay_00000000000178,order_0000000178,248.69,wallet,captured,2025-11-30T00:06:08+05:30
pay_00000000000179,order_0000000179,2552.00,wallet,captured,2025-11-19T07:46:24+05:30
pay_00000000000180,order_0000000180,215.82,netbanking,captured,2025-11-15T21:07:14+05:30
pay_00000000000181,order_0000000181,914.48,card,captured,2025-11-10T16:36:13+05:30
pay_00000000000182,order_0000000182,1022.91,wallet,captured,2025-11-03T18:05:59+05:30
pay_00000000000183,order_0000000183,874.62,upi,captured,2025-11-16T18:27:06+05:30
pay_00000000000184,order_0000000184,663.90,netbanking,captured,2025-11-02T13:21:41+05:30
pay_00000000000185,order_0000000185,568.57,wallet,captured,2025-11-24T23:06:50+05:30
pay_00000000000186,order_0000000186,393.37,upi,captured,2025-11-13T14:15:06+05:30
pay_00000000000187,order_0000000187,302.94,upi,captured,2025-11-22T22:53:02+05:30
pay_00000000000188,order_0000000188,337.36,upi,captured,2025-11-14T17:06:19+05:30
pay_00000000000189,order_0000000189,614.99,wallet,captured,2025-11-21T14:34:41+05:30
pay_00000000000190,order_0000000190,508.42,card,captured,2025-11-24T13:44:07+05:30
pay_00000000000191,order_0000000191,861.99,card,captured,2025-11-23T09:14:40+05:30
pay_00000000000192,order_0000000192,414.97,upi,captured,2025-11-15T20:49:24+05:30
pay_00000000000193,order_0000000193,3036.77,wallet,captured,2025-11-29T14:50:01+05:30
pay_00000000000194,order_0000000194,542.83,upi,captured,2025-11-28T15:05:16+05:30
pay_00000000000195,order_0000000195,591.99,upi,captured,2025-11-08T11:00:36+05:30
pay_00000000000196,order_0000000196,179.00,upi,captured,2025-11-09T23:00:38+05:30
pay_00000000000197,order_0000000197,2095.57,card,captured,2025-11-08T09:09:16+05:30
pay_00000000000198,order_0000000198,314.99,wallet,captured,2025-11-02T15:49:50+05:30
pay_00000000000199,order_0000000199,647.00,card,captured,2025-11-07T06:56:18+05:30
pay_00000000000200,order_0000000200,1060.53,upi,captured,2025-11-05T14:15:32+05:30
pay_00000000000201,order_0000000201,747.06,card,captured,2025-11-30T15:21:40+05:30
pay_00000000000202,order_0000000202,131.96,upi,captured,2025-11-10T22:12:55+05:30
pay_00000000000203,order_0000000203,400.00,upi,captured,2025-11-19T23:44:34+05:30
pay_00000000000204,order_0000000204,9769.00,card,failed,2025-11-25T05:54:45+05:30
pay_00000000000205,order_0000000205,1205.21,upi,captured,2025-11-29T06:34:32+05:30
pay_00000000000206,order_0000000206,416.67,wallet,captured,2025-11-27T23:25:59+05:30
pay_00000000000207,order_0000000207,680.21,upi,failed,2025-11-15T09:18:19+05:30
pay_00000000000208,order_0000000208,901.99,netbanking,captured,2025-11-28T16:35:03+05:30
pay_00000000000209,order_0000000209,435.00,wallet,captured,2025-11-08T14:41:53+05:30
pay_00000000000210,order_0000000210,226.72,netbanking,captured,2025-11-11T10:37:52+05:30
pay_00000000000211,order_0000000211,796.86,upi,captured,2025-11-19T22:57:14+05:30
pay_00000000000212,order_0000000212,331.00,card,failed,2025-11-16T12:50:30+05:30
pay_00000000000213,order_0000000213,598.00,upi,captured,2025-11-03T07:35:43+05:30
pay_00000000000214,order_0000000214,400.26,upi,failed,2025-11-09T19:07:49+05:30
pay_00000000000215,order_0000000215,3148.21,netbanking,captured,2025-11-11T19:49:41+05:30
pay_00000000000216,order_0000000216,331.69,upi,captured,2025-11-17T23:25:06+05:30
pay_00000000000217,order_0000000217,338.64,card,captured,2025-11-20T09:01:44+05:30
pay_00000000000218,order_0000000218,959.00,card,captured,2025-11-03T17:44:19+05:30
pay_00000000000219,order_0000000219,809.52,wallet,captured,2025-11-17T03:05:47+05:30
pay_00000000000220,order_0000000220,496.00,card,captured,2025-11-23T20:52:32+05:30
pay_00000000000221,order_0000000221,516.18,upi,captured,2025-11-16T18:28:19+05:30
pay_00000000000222,order_0000000222,323.83,upi,captured,2025-11-25T12:54:17+05:30
pay_00000000000223,order_0000000223,1065.50,upi,captured,2025-11-27T21:48:43+05:30
pay_00000000000224,order_0000000224,216.00,upi,captured,2025-11-05T12:03:40+05:30
pay_00000000000225,order_0000000225,731.68,card,captured,2025-11-01T13:30:39+05:30
pay_00000000000226,order_0000000226,578.00,card,captured,2025-11-18T14:46:02+05:30
pay_00000000000227,order_0000000227,702.00,upi,captured,2025-11-30T21:18:58+05:30
pay_00000000000228,order_0000000228,1050.00,card,captured,2025-11-16T10:19:21+05:30
pay_00000000000229,order_0000000229,288.93,upi,captured,2025-11-12T18:35:18+05:30
pay_00000000000230,order_0000000230,224.00,upi,captured,2025-11-17T11:55:29+05:30
pay_00000000000231,order_0000000231,5194.21,upi,captured,2025-11-23T22:48:49+05:30
pay_00000000000232,order_0000000232,671.00,upi,captured,2025-11-04T19:05:22+05:30
pay_00000000000233,order_0000000233,510.00,netbanking,captured,2025-11-16T16:07:36+05:30
pay_00000000000234,order_0000000234,861.31,card,captured,2025-11-25T15:06:52+05:30
pay_00000000000235,order_0000000235,1928.00,wallet,captured,2025-11-16T22:21:30+05:30
pay_00000000000236,order_0000000236,194.61,wallet,captured,2025-11-18T19:33:01+05:30
pay_00000000000237,order_0000000237,703.77,upi,captured,2025-11-06T03:39:27+05:30
pay_00000000000238,order_0000000238,460.61,upi,captured,2025-11-30T15:07:28+05:30
pay_00000000000239,order_0000000239,505.00,upi,captured,2025-11-28T12:05:44+05:30
pay_00000000000240,order_0000000240,361.92,upi,captured,2025-11-27T10:34:37+05:30
pay_00000000000241,order_0000000241,719.54,upi,captured,2025-11-28T19:07:08+05:30
pay_00000000000242,order_0000000242,1036.00,upi,captured,2025-11-03T22:53:29+05:30
pay_00000000000243,order_0000000243,161.07,card,captured,2025-11-07T18:41:47+05:30
pay_00000000000244,order_0000000244,407.00,upi,captured,2025-11-08T18:16:34+05:30
pay_00000000000245,order_0000000245,227.31,upi,captured,2025-11-06T16:10:34+05:30
pay_00000000000246,order_0000000246,849.00,upi,captured,2025-11-17T18:01:42+05:30
pay_00000000000247,order_0000000247,810.47,upi,captured,2025-11-10T10:37:07+05:30
pay_00000000000248,order_0000000248,748.83,wallet,captured,2025-11-27T03:06:45+05:30
pay_00000000000249,order_0000000249,538.75,wallet,captured,2025-11-27T14:27:21+05:30
pay_00000000000250,order_0000000250,1752.14,card,failed,2025-11-25T22:30:21+05:30
pay_00000000000251,order_0000000251,816.00,upi,captured,2025-11-29T11:16:06+05:30
pay_00000000000252,order_0000000252,126.00,wallet,captured,2025-11-17T19:29:27+05:30
pay_00000000000253,order_0000000253,8512.99,upi,captured,2025-11-14T16:26:53+05:30
pay_00000000000254,order_0000000254,876.28,wallet,captured,2025-11-26T21:54:37+05:30
pay_00000000000255,order_0000000255,729.00,upi,captured,2025-11-20T04:34:27+05:30
pay_00000000000256,order_0000000256,367.00,upi,captured,2025-11-09T12:59:37+05:30
pay_00000000000257,order_0000000257,1747.00,card,captured,2025-11-11T18:59:50+05:30
pay_00000000000258,order_0000000258,518.18,upi,captured,2025-11-20T07:41:38+05:30
pay_00000000000259,order_0000000259,16894.00,upi,captured,2025-11-16T11:45:06+05:30
pay_00000000000260,order_0000000260,844.00,card,captured,2025-11-22T19:28:32+05:30
pay_00000000000261,order_0000000261,948.99,netbanking,captured,2025-11-30T17:00:38+05:30
pay_00000000000262,order_0000000262,706.18,upi,captured,2025-11-13T21:44:36+05:30
pay_00000000000263,order_0000000263,921.00,card,captured,2025-11-22T20:47:42+05:30
pay_00000000000264,order_0000000264,919.66,upi,captured,2025-11-25T23:11:17+05:30
pay_00000000000265,order_0000000265,100.72,netbanking,captured,2025-11-29T15:18:18+05:30
pay_00000000000266,order_0000000266,929.00,card,captured,2025-11-01T15:08:32+05:30
pay_00000000000267,order_0000000267,444.32,card,captured,2025-11-20T01:59:35+05:30
pay_00000000000268,order_0000000268,107.00,netbanking,captured,2025-11-23T08:22:42+05:30
pay_00000000000269,order_0000000269,1016.89,upi,captured,2025-11-04T10:15:18+05:30
pay_00000000000270,order_0000000270,149.42,upi,captured,2025-11-19T01:32:27+05:30
pay_00000000000271,order_0000000271,111.99,upi,captured,2025-11-04T23:12:22+05:30
pay_00000000000272,order_0000000272,350.00,netbanking,failed,2025-11-09T08:33:23+05:30
pay_00000000000273,order_0000000273,435.68,upi,captured,2025-11-20T16:21:37+05:30
pay_00000000000274,order_0000000274,733.00,upi,captured,2025-11-21T20:49:41+05:30
pay_00000000000275,order_0000000275,825.99,card,captured,2025-11-17T14:09:06+05:30
pay_00000000000276,order_0000000276,678.59,wallet,captured,2025-11-20T20:03:04+05:30
pay_00000000000277,order_0000000277,712.00,card,captured,2025-11-26T16:36:48+05:30
pay_00000000000278,order_0000000278,2175.36,netbanking,captured,2025-11-22T17:57:17+05:30
pay_00000000000279,order_0000000279,475.28,card,captured,2025-11-01T16:59:28+05:30
pay_00000000000280,order_0000000280,2227.99,card,captured,2025-11-05T22:49:02+05:30
pay_00000000000281,order_0000000281,924.00,wallet,captured,2025-11-04T18:06:17+05:30
pay_00000000000282,order_0000000282,293.99,upi,captured,2025-11-15T15:24:11+05:30
pay_00000000000283,order_0000000283,343.00,upi,captured,2025-11-09T15:29:31+05:30
pay_00000000000284,order_0000000284,380.21,card,captured,2025-11-03T17:37:10+05:30
pay_00000000000285,order_0000000285,905.07,upi,captured,2025-11-04T20:00:26+05:30
pay_00000000000286,order_0000000286,3242.60,wallet,captured,2025-11-30T07:32:36+05:30
pay_00000000000287,order_0000000287,262.00,upi,captured,2025-11-29T22:05:19+05:30
pay_00000000000288,order_0000000288,600.00,upi,captured,2025-11-14T17:12:39+05:30
pay_00000000000289,order_0000000289,971.64,upi,captured,2025-11-12T09:35:54+05:30
pay_00000000000290,order_0000000290,1048.99,wallet,captured,2025-11-23T12:42:30+05:30
pay_00000000000291,order_0000000291,1724.00,upi,captured,2025-11-10T17:49:50+05:30
pay_00000000000292,order_0000000292,2377.08,upi,captured,2025-11-12T13:11:45+05:30
pay_00000000000293,order_0000000293,271.51,wallet,captured,2025-11-22T14:29:14+05:30
pay_00000000000294,order_0000000294,3286.40,upi,captured,2025-11-11T08:33:00+05:30
pay_00000000000295,order_0000000295,405.82,upi,captured,2025-11-01T17:50:00+05:30
pay_00000000000296,order_0000000296,714.60,netbanking,captured,2025-11-22T03:49:01+05:30
pay_00000000000297,order_0000000297,389.00,upi,captured,2025-11-29T17:23:02+05:30
pay_00000000000298,order_0000000298,2411.43,upi,captured,2025-11-30T09:40:54+05:30
pay_00000000000299,order_0000000299,426.99,netbanking,captured,2025-11-22T17:20:10+05:30
pay_00000000000300,order_0000000300,447.59,card,captured,2025-11-08T17:56:37+05:30
pay_00000000000301,order_0000000301,474.00,upi,captured,2025-11-23T19:06:16+05:30
pay_00000000000302,order_0000000302,335.14,upi,captured,2025-11-02T13:02:48+05:30
pay_00000000000303,order_0000000303,446.00,upi,captured,2025-11-14T17:18:41+05:30
pay_00000000000304,order_0000000304,2760.36,upi,failed,2025-11-05T21:34:18+05:30
pay_00000000000305,order_0000000305,496.49,card,captured,2025-11-28T14:05:02+05:30
pay_00000000000306,order_0000000306,2307.99,card,captured,2025-11-19T18:36:07+05:30
pay_00000000000307,order_0000000307,313.00,netbanking,captured,2025-11-30T18:02:13+05:30
pay_00000000000308,order_0000000308,104.99,upi,captured,2025-11-24T18:04:05+05:30
pay_00000000000309,order_0000000309,861.56,upi,captured,2025-11-19T10:36:15+05:30
pay_00000000000310,order_0000000310,273.96,netbanking,captured,2025-11-27T19:24:15+05:30
pay_00000000000311,order_0000000311,154.00,upi,captured,2025-11-03T12:13:21+05:30
pay_00000000000312,order_0000000312,496.44,upi,captured,2025-11-16T03:26:28+05:30
pay_00000000000313,order_0000000313,717.09,wallet,captured,2025-11-12T18:24:40+05:30
pay_00000000000314,order_0000000314,293.05,netbanking,captured,2025-11-23T21:04:49+05:30
pay_00000000000315,order_0000000315,817.12,card,captured,2025-11-28T07:35:16+05:30
pay_00000000000316,order_0000000316,107.16,upi,captured,2025-11-10T04:14:19+05:30
pay_00000000000317,order_0000000317,2224.00,netbanking,captured,2025-11-29T22:25:11+05:30
pay_00000000000318,order_0000000318,2690.67,upi,captured,2025-11-10T11:10:55+05:30
pay_00000000000319,order_0000000319,958.00,card,captured,2025-11-12T14:45:57+05:30
pay_00000000000320,order_0000000320,1020.00,card,captured,2025-11-13T23:41:32+05:30
pay_00000000000321,order_0000000321,1017.33,upi,captured,2025-11-06T21:13:34+05:30
pay_00000000000322,order_0000000322,1049.00,netbanking,captured,2025-11-28T20:30:30+05:30
pay_00000000000323,order_0000000323,2904.00,upi,captured,2025-11-29T09:33:14+05:30
pay_00000000000324,order_0000000324,1019.00,upi,captured,2025-11-06T17:59:22+05:30
pay_00000000000325,order_0000000325,2170.00,upi,captured,2025-11-25T16:06:27+05:30
pay_00000000000326,order_0000000326,463.96,upi,captured,2025-11-19T20:01:49+05:30
pay_00000000000327,order_0000000327,612.99,upi,captured,2025-11-21T02:37:32+05:30
pay_00000000000328,order_0000000328,1032.28,netbanking,captured,2025-11-24T03:19:42+05:30
pay_00000000000329,order_0000000329,961.25,card,captured,2025-11-14T17:07:42+05:30
pay_00000000000330,order_0000000330,241.73,wallet,failed,2025-11-19T11:12:16+05:30
pay_00000000000331,order_0000000331,13841.00,upi,captured,2025-11-17T18:43:01+05:30
pay_00000000000332,order_0000000332,133.00,upi,captured,2025-11-14T16:03:45+05:30
pay_00000000000333,order_0000000333,558.00,wallet,captured,2025-11-29T14:40:20+05:30
pay_00000000000334,order_0000000334,260.79,wallet,captured,2025-11-18T14:16:19+05:30
pay_00000000000335,order_0000000335,850.00,card,captured,2025-11-30T20:31:42+05:30
pay_00000000000336,order_0000000336,192.31,upi,captured,2025-11-18T21:49:38+05:30
pay_00000000000337,order_0000000337,146.99,upi,captured,2025-11-04T18:10:29+05:30
pay_00000000000338,order_0000000338,659.37,upi,captured,2025-11-16T13:54:55+05:30
pay_00000000000339,order_0000000339,249.59,upi,captured,2025-11-18T17:40:36+05:30
pay_00000000000340,order_0000000340,435.00,upi,captured,2025-11-26T16:19:37+05:30
pay_00000000000341,order_0000000341,1234.29,upi,captured,2025-11-24T08:27:01+05:30
pay_00000000000342,order_0000000342,779.12,netbanking,captured,2025-11-08T13:17:10+05:30
pay_00000000000343,order_0000000343,15784.31,card,captured,2025-11-19T08:35:44+05:30
pay_00000000000344,order_0000000344,397.99,card,captured,2025-11-01T15:52:26+05:30
pay_00000000000345,order_0000000345,193.00,upi,captured,2025-11-29T18:37:48+05:30
pay_00000000000346,order_0000000346,1509.55,upi,captured,2025-11-22T08:50:49+05:30
pay_00000000000347,order_0000000347,638.00,wallet,captured,2025-11-24T14:54:04+05:30
pay_00000000000348,order_0000000348,856.06,card,captured,2025-11-18T23:58:32+05:30
pay_00000000000349,order_0000000349,238.00,upi,captured,2025-11-21T06:01:12+05:30
pay_00000000000350,order_0000000350,740.00,card,captured,2025-11-19T15:13:16+05:30
pay_00000000000351,order_0000000351,581.99,wallet,captured,2025-11-25T23:17:13+05:30
pay_00000000000352,order_0000000352,2051.99,upi,captured,2025-11-13T12:52:12+05:30
pay_00000000000353,order_0000000353,952.31,upi,captured,2025-11-25T10:27:49+05:30
pay_00000000000354,order_0000000354,9272.01,card,captured,2025-11-02T13:25:59+05:30
pay_00000000000355,order_0000000355,139.29,card,captured,2025-11-22T22:42:28+05:30
pay_00000000000356,order_0000000356,1086.34,upi,captured,2025-11-03T08:21:51+05:30
pay_00000000000357,order_0000000357,958.00,netbanking,captured,2025-11-07T17:08:17+05:30
pay_00000000000358,order_0000000358,3385.83,upi,captured,2025-11-01T15:18:27+05:30
pay_00000000000359,order_0000000359,3130.71,card,captured,2025-11-13T22:33:47+05:30
pay_00000000000360,order_0000000360,303.00,card,captured,2025-11-23T10:28:01+05:30
pay_00000000000361,order_0000000361,2299.99,upi,captured,2025-11-16T02:22:58+05:30
pay_00000000000362,order_0000000362,3432.99,wallet,captured,2025-11-16T12:13:17+05:30
pay_00000000000363,order_0000000363,397.80,wallet,captured,2025-11-28T00:11:40+05:30
pay_00000000000364,order_0000000364,427.00,card,captured,2025-11-25T16:02:21+05:30
pay_00000000000365,order_0000000365,374.00,upi,captured,2025-11-23T09:19:11+05:30
pay_00000000000366,order_0000000366,780.00,upi,failed,2025-11-26T12:15:42+05:30
pay_00000000000367,order_0000000367,3413.00,upi,captured,2025-11-22T12:15:39+05:30
pay_00000000000368,order_0000000368,405.27,card,captured,2025-11-29T01:49:08+05:30
pay_00000000000369,order_0000000369,519.78,netbanking,failed,2025-11-24T23:03:41+05:30
pay_00000000000370,order_0000000370,511.63,upi,captured,2025-11-11T23:42:45+05:30
pay_00000000000371,order_0000000371,1989.99,card,captured,2025-11-08T23:58:27+05:30
pay_00000000000372,order_0000000372,2645.91,upi,captured,2025-11-28T17:32:27+05:30
pay_00000000000373,order_0000000373,561.88,upi,captured,2025-11-22T20:59:19+05:30
pay_00000000000374,order_0000000374,517.14,card,captured,2025-11-06T22:46:20+05:30
pay_00000000000375,order_0000000375,3136.32,card,captured,2025-11-04T02:27:01+05:30
pay_00000000000376,order_0000000376,9412.78,upi,captured,2025-11-17T20:24:39+05:30
pay_00000000000377,order_0000000377,870.96,upi,captured,2025-11-08T12:20:15+05:30
pay_00000000000378,order_0000000378,2665.00,netbanking,captured,2025-11-03T00:49:41+05:30
pay_00000000000379,order_0000000379,561.52,upi,captured,2025-11-27T15:51:58+05:30
pay_00000000000380,order_0000000380,10447.80,netbanking,captured,2025-11-28T08:35:49+05:30
pay_00000000000381,order_0000000381,671.57,card,captured,2025-11-06T19:45:37+05:30
pay_00000000000382,order_0000000382,2021.01,upi,captured,2025-11-01T07:20:28+05:30
pay_00000000000383,order_0000000383,3320.99,card,captured,2025-11-25T11:07:27+05:30
pay_00000000000384,order_0000000384,2923.10,upi,captured,2025-11-06T13:05:42+05:30
pay_00000000000385,order_0000000385,360.99,wallet,captured,2025-11-15T23:16:19+05:30
pay_00000000000386,order_0000000386,589.00,wallet,captured,2025-11-21T10:36:20+05:30
pay_00000000000387,order_0000000387,834.00,card,captured,2025-11-08T18:41:04+05:30
pay_00000000000388,order_0000000388,171.99,upi,captured,2025-11-01T18:22:59+05:30
pay_00000000000389,order_0000000389,675.99,upi,captured,2025-11-23T16:24:32+05:30
pay_00000000000390,order_0000000390,885.00,card,captured,2025-11-04T17:44:37+05:30
pay_00000000000391,order_0000000391,991.00,netbanking,captured,2025-11-11T13:28:00+05:30
pay_00000000000392,order_0000000392,403.75,wallet,captured,2025-11-06T14:51:35+05:30
pay_00000000000393,order_0000000393,205.66,upi,captured,2025-11-10T18:06:57+05:30
pay_00000000000394,order_0000000394,2398.15,netbanking,captured,2025-11-21T21:13:05+05:30
pay_00000000000395,order_0000000395,649.77,upi,captured,2025-11-25T16:53:59+05:30
pay_00000000000396,order_0000000396,16080.00,card,captured,2025-11-24T02:17:20+05:30
pay_00000000000397,order_0000000397,3317.67,upi,captured,2025-11-13T13:42:46+05:30
pay_00000000000398,order_0000000398,939.99,netbanking,captured,2025-11-20T14:17:21+05:30
pay_00000000000399,order_0000000399,561.56,wallet,captured,2025-11-28T14:54:49+05:30
pay_00000000000400,order_0000000400,794.99,card,captured,2025-11-03T21:18:39+05:30
pay_00000000000401,order_0000000401,1346.00,card,captured,2025-11-14T17:22:29+05:30
pay_00000000000402,order_0000000402,874.99,netbanking,captured,2025-11-25T10:43:58+05:30
pay_00000000000403,order_0000000403,16637.99,upi,captured,2025-11-04T19:25:07+05:30
pay_00000000000404,order_0000000404,301.99,wallet,captured,2025-11-11T13:05:32+05:30
pay_00000000000405,order_0000000405,652.81,netbanking,captured,2025-11-03T20:02:02+05:30
pay_00000000000406,order_0000000406,598.99,upi,captured,2025-11-10T07:18:34+05:30
pay_00000000000407,order_0000000407,137.06,card,captured,2025-11-08T15:19:22+05:30
pay_00000000000408,order_0000000408,646.63,netbanking,captured,2025-11-28T10:49:32+05:30
pay_00000000000409,order_0000000409,581.19,upi,captured,2025-11-13T17:26:10+05:30
pay_00000000000410,order_0000000410,8224.00,wallet,captured,2025-11-13T14:32:28+05:30
pay_00000000000411,order_0000000411,670.00,card,captured,2025-11-04T14:30:20+05:30
pay_00000000000412,order_0000000412,903.99,card,captured,2025-11-09T09:36:59+05:30
pay_00000000000413,order_0000000413,759.56,card,captured,2025-11-23T19:03:06+05:30
pay_00000000000414,order_0000000414,169.13,card,captured,2025-11-22T01:38:35+05:30
pay_00000000000415,order_0000000415,871.99,wallet,captured,2025-11-21T19:51:21+05:30
pay_00000000000416,order_0000000416,1008.00,upi,captured,2025-11-15T06:02:53+05:30
pay_00000000000417,order_0000000417,727.99,card,failed,2025-11-16T11:30:07+05:30
pay_00000000000418,order_0000000418,5032.74,card,captured,2025-11-20T12:31:31+05:30
pay_00000000000419,order_0000000419,3371.00,card,captured,2025-11-01T12:41:45+05:30
pay_00000000000420,order_0000000420,830.06,card,captured,2025-11-06T13:25:52+05:30
pay_00000000000421,order_0000000421,129.18,upi,captured,2025-11-05T20:30:13+05:30
pay_00000000000422,order_0000000422,938.99,card,captured,2025-11-29T18:28:56+05:30
pay_00000000000423,order_0000000423,257.89,upi,failed,2025-11-08T19:48:30+05:30
pay_00000000000424,order_0000000424,735.00,card,captured,2025-11-19T19:00:34+05:30
pay_00000000000425,order_0000000425,192.28,card,captured,2025-11-28T02:26:53+05:30
pay_00000000000426,order_0000000426,648.59,card,captured,2025-11-03T09:07:10+05:30
pay_00000000000427,order_0000000427,1075.00,upi,captured,2025-11-08T23:05:44+05:30
pay_00000000000428,order_0000000428,366.25,card,captured,2025-11-29T16:31:14+05:30
pay_00000000000429,order_0000000429,533.17,upi,captured,2025-11-07T12:50:52+05:30
pay_00000000000430,order_0000000430,3265.57,wallet,captured,2025-11-06T18:58:47+05:30
pay_00000000000431,order_0000000431,2814.00,card,captured,2025-11-03T18:11:02+05:30
pay_00000000000432,order_0000000432,443.50,upi,captured,2025-11-27T22:59:44+05:30
pay_00000000000433,order_0000000433,606.00,upi,captured,2025-11-06T17:57:34+05:30
pay_00000000000434,order_0000000434,1379.97,upi,captured,2025-11-23T14:12:31+05:30
pay_00000000000435,order_0000000435,830.02,upi,captured,2025-11-29T23:15:37+05:30
pay_00000000000436,order_0000000436,520.06,card,captured,2025-11-05T11:23:38+05:30
pay_00000000000437,order_0000000437,3582.52,card,captured,2025-11-15T16:46:00+05:30
pay_00000000000438,order_0000000438,3390.67,upi,captured,2025-11-26T01:53:30+05:30
pay_00000000000439,order_0000000439,952.00,upi,captured,2025-11-22T12:38:53+05:30
pay_00000000000440,order_0000000440,975.25,upi,captured,2025-11-27T08:37:09+05:30
pay_00000000000441,order_0000000441,238.63,netbanking,captured,2025-11-08T14:49:35+05:30
pay_00000000000442,order_0000000442,442.00,upi,captured,2025-11-26T11:48:03+05:30
pay_00000000000443,order_0000000443,475.00,netbanking,captured,2025-11-20T21:31:44+05:30
pay_00000000000444,order_0000000444,247.24,upi,captured,2025-11-02T07:06:33+05:30
pay_00000000000445,order_0000000445,544.99,upi,captured,2025-11-21T17:52:45+05:30
pay_00000000000446,order_0000000446,427.47,upi,captured,2025-11-16T19:38:51+05:30
pay_00000000000447,order_0000000447,202.69,upi,captured,2025-11-22T12:36:30+05:30
pay_00000000000448,order_0000000448,618.00,upi,captured,2025-11-20T19:40:28+05:30
pay_00000000000449,order_0000000449,954.78,upi,captured,2025-11-08T12:42:58+05:30
pay_00000000000450,order_0000000450,2955.17,wallet,captured,2025-11-21T22:31:47+05:30
pay_00000000000451,order_0000000451,883.12,card,captured,2025-11-07T10:13:45+05:30
pay_00000000000452,order_0000000452,4041.99,card,captured,2025-11-16T15:05:37+05:30
pay_00000000000453,order_0000000453,685.67,upi,captured,2025-11-14T20:35:58+05:30
pay_00000000000454,order_0000000454,275.00,upi,captured,2025-11-08T22:00:45+05:30
pay_00000000000455,order_0000000455,994.00,upi,captured,2025-11-02T19:21:18+05:30
pay_00000000000456,order_0000000456,252.00,netbanking,captured,2025-11-21T18:02:17+05:30
pay_00000000000457,order_0000000457,527.99,card,captured,2025-11-06T06:21:21+05:30
pay_00000000000458,order_0000000458,199.00,card,captured,2025-11-20T21:06:30+05:30
pay_00000000000459,order_0000000459,1028.99,upi,captured,2025-11-03T14:27:16+05:30
pay_00000000000460,order_0000000460,910.42,upi,captured,2025-11-12T13:01:34+05:30
pay_00000000000461,order_0000000461,605.99,upi,captured,2025-11-24T00:14:11+05:30
pay_00000000000462,order_0000000462,580.05,netbanking,captured,2025-11-04T16:04:04+05:30
pay_00000000000463,order_0000000463,639.00,upi,captured,2025-11-24T07:53:48+05:30
pay_00000000000464,order_0000000464,1743.99,card,captured,2025-11-14T09:27:08+05:30
pay_00000000000465,order_0000000465,738.00,card,captured,2025-11-29T14:40:12+05:30
pay_00000000000466,order_0000000466,292.00,upi,captured,2025-11-15T15:51:44+05:30
pay_00000000000467,order_0000000467,665.00,card,captured,2025-11-05T09:28:50+05:30
pay_00000000000468,order_0000000468,401.89,upi,failed,2025-11-14T15:24:30+05:30
pay_00000000000469,order_0000000469,2116.92,wallet,captured,2025-11-24T05:53:48+05:30
pay_00000000000470,order_0000000470,291.99,upi,captured,2025-11-19T17:41:05+05:30
pay_00000000000471,order_0000000471,768.28,upi,captured,2025-11-07T12:01:22+05:30
pay_00000000000472,order_0000000472,351.99,upi,captured,2025-11-05T23:02:24+05:30
pay_00000000000473,order_0000000473,902.68,upi,captured,2025-11-16T23:30:16+05:30
pay_00000000000474,order_0000000474,559.39,upi,captured,2025-11-15T07:56:30+05:30
pay_00000000000475,order_0000000475,729.00,upi,captured,2025-11-07T17:31:48+05:30
pay_00000000000476,order_0000000476,820.99,upi,captured,2025-11-23T15:32:28+05:30
pay_00000000000477,order_0000000477,934.07,upi,captured,2025-11-08T22:04:06+05:30
pay_00000000000478,order_0000000478,418.99,upi,captured,2025-11-06T18:51:15+05:30
pay_00000000000479,order_0000000479,9838.00,netbanking,captured,2025-11-10T21:46:28+05:30
pay_00000000000480,order_0000000480,357.23,netbanking,captured,2025-11-07T18:06:16+05:30
pay_00000000000481,order_0000000481,2958.16,upi,captured,2025-11-29T23:56:26+05:30
pay_00000000000482,order_0000000482,273.00,wallet,captured,2025-11-02T05:59:55+05:30
pay_00000000000483,order_0000000483,819.97,upi,captured,2025-11-07T14:08:27+05:30
pay_00000000000484,order_0000000484,840.00,wallet,captured,2025-11-20T22:34:40+05:30
pay_00000000000485,order_0000000485,2687.00,wallet,failed,2025-11-17T18:14:24+05:30
pay_00000000000486,order_0000000486,2459.00,netbanking,captured,2025-11-12T17:15:12+05:30
pay_00000000000487,order_0000000487,131.67,upi,captured,2025-11-15T20:56:14+05:30
pay_00000000000488,order_0000000488,165.99,upi,captured,2025-11-22T02:41:06+05:30
pay_00000000000489,order_0000000489,1073.99,wallet,failed,2025-11-25T15:22:53+05:30
pay_00000000000490,order_0000000490,261.74,upi,captured,2025-11-07T22:02:12+05:30
pay_00000000000491,order_0000000491,1200.92,wallet,captured,2025-11-21T06:56:28+05:30
pay_00000000000492,order_0000000492,546.00,card,captured,2025-11-13T07:58:51+05:30
pay_00000000000493,order_0000000493,141.00,upi,captured,2025-11-23T03:02:49+05:30
pay_00000000000494,order_0000000494,244.00,card,captured,2025-11-18T16:18:56+05:30
pay_00000000000495,order_0000000495,426.00,upi,captured,2025-11-28T17:47:29+05:30
pay_00000000000496,order_0000000496,956.67,netbanking,captured,2025-11-28T23:28:30+05:30
pay_00000000000497,order_0000000497,232.15,card,captured,2025-11-17T07:29:27+05:30
pay_00000000000498,order_0000000498,448.00,upi,captured,2025-11-01T23:45:48+05:30
pay_00000000000499,order_0000000499,249.00,netbanking,captured,2025-11-25T09:22:48+05:30
pay_00000000000500,order_0000000500,475.99,upi,failed,2025-11-22T19:14:41+05:30
pay_00000000000501,order_0000000501,376.54,card,captured,2025-11-12T23:06:01+05:30
pay_00000000000502,order_0000000502,461.49,card,captured,2025-11-24T14:21:11+05:30
pay_00000000000503,order_0000000503,1054.00,wallet,captured,2025-11-30T17:22:54+05:30
pay_00000000000504,order_0000000504,324.99,card,captured,2025-11-14T09:11:02+05:30
pay_00000000000505,order_0000000505,247.35,upi,captured,2025-11-02T20:46:39+05:30
pay_00000000000506,order_0000000506,3311.85,upi,captured,2025-11-29T10:42:32+05:30
pay_00000000000507,order_0000000507,2627.34,card,captured,2025-11-02T07:58:16+05:30
pay_00000000000508,order_0000000508,401.00,upi,captured,2025-11-14T12:45:01+05:30
pay_00000000000509,order_0000000509,1212.90,upi,captured,2025-11-09T15:25:41+05:30
pay_00000000000510,order_0000000510,164.03,card,captured,2025-11-24T16:57:25+05:30
pay_00000000000511,order_0000000511,2849.39,card,captured,2025-11-14T10:36:34+05:30
pay_00000000000512,order_0000000512,661.24,upi,captured,2025-11-26T18:49:21+05:30
pay_00000000000513,order_0000000513,336.99,card,captured,2025-11-04T20:55:24+05:30
pay_00000000000514,order_0000000514,164.00,upi,captured,2025-11-23T19:14:39+05:30
pay_00000000000515,order_0000000515,266.43,upi,captured,2025-11-03T20:47:49+05:30
pay_00000000000516,order_0000000516,1045.27,upi,captured,2025-11-18T22:22:40+05:30
pay_00000000000517,order_0000000517,1068.96,card,failed,2025-11-14T17:15:05+05:30
pay_00000000000518,order_0000000518,2258.35,card,captured,2025-11-27T10:09:31+05:30
pay_00000000000519,order_0000000519,2157.92,upi,captured,2025-11-10T16:35:14+05:30
pay_00000000000520,order_0000000520,495.98,upi,captured,2025-11-22T14:33:55+05:30
pay_00000000000521,order_0000000521,178.92,upi,captured,2025-11-02T04:51:30+05:30
pay_00000000000522,order_0000000522,2580.99,upi,captured,2025-11-11T00:06:19+05:30
pay_00000000000523,order_0000000523,3069.82,card,captured,2025-11-30T23:10:35+05:30
pay_00000000000524,order_0000000524,936.93,upi,captured,2025-11-16T20:55:09+05:30
pay_00000000000525,order_0000000525,510.75,upi,captured,2025-11-29T17:33:44+05:30
pay_00000000000526,order_0000000526,767.99,upi,captured,2025-11-06T15:37:31+05:30
pay_00000000000527,order_0000000527,634.00,upi,captured,2025-11-23T16:02:59+05:30
pay_00000000000528,order_0000000528,529.00,netbanking,captured,2025-11-21T11:40:11+05:30
pay_00000000000529,order_0000000529,935.33,upi,captured,2025-11-12T19:20:18+05:30
pay_00000000000530,order_0000000530,912.99,upi,captured,2025-11-23T15:50:10+05:30
pay_00000000000531,order_0000000531,399.69,upi,captured,2025-11-09T17:46:35+05:30
pay_00000000000532,order_0000000532,2975.96,upi,failed,2025-11-26T17:29:47+05:30
pay_00000000000533,order_0000000533,1487.00,card,captured,2025-11-26T21:17:03+05:30
pay_00000000000534,order_0000000534,689.91,upi,captured,2025-11-14T18:30:42+05:30
pay_00000000000535,order_0000000535,212.57,netbanking,captured,2025-11-21T03:08:20+05:30
pay_00000000000536,order_0000000536,158.00,upi,captured,2025-11-17T13:52:09+05:30
pay_00000000000537,order_0000000537,346.00,wallet,captured,2025-11-07T02:33:33+05:30
pay_00000000000538,order_0000000538,643.00,card,captured,2025-11-06T23:00:45+05:30
pay_00000000000539,order_0000000539,1345.24,upi,captured,2025-11-17T09:34:54+05:30
pay_00000000000540,order_0000000540,2120.99,upi,failed,2025-11-23T16:49:15+05:30
pay_00000000000541,order_0000000541,332.80,card,captured,2025-11-30T05:49:40+05:30
pay_00000000000542,order_0000000542,974.00,upi,captured,2025-11-18T06:13:04+05:30
pay_00000000000543,order_0000000543,1349.98,upi,captured,2025-11-08T10:56:41+05:30
pay_00000000000544,order_0000000544,367.31,card,captured,2025-11-04T19:56:53+05:30
pay_00000000000545,order_0000000545,2500.00,card,captured,2025-11-22T09:13:33+05:30
pay_00000000000546,order_0000000546,246.99,card,captured,2025-11-30T14:32:30+05:30
pay_00000000000547,order_0000000547,153.00,upi,captured,2025-11-24T17:19:19+05:30
pay_00000000000548,order_0000000548,2868.26,card,captured,2025-11-21T16:34:21+05:30
pay_00000000000549,order_0000000549,418.53,upi,captured,2025-11-25T05:49:52+05:30
pay_00000000000550,order_0000000550,1038.70,upi,captured,2025-11-13T08:44:02+05:30
pay_00000000000551,order_0000000551,291.94,upi,captured,2025-11-17T18:14:43+05:30
pay_00000000000552,order_0000000552,3309.35,netbanking,captured,2025-11-08T14:05:46+05:30
pay_00000000000553,order_0000000553,620.85,netbanking,captured,2025-11-04T02:07:29+05:30
pay_00000000000554,order_0000000554,265.00,card,captured,2025-11-15T19:44:23+05:30
pay_00000000000555,order_0000000555,1079.75,upi,captured,2025-11-28T16:02:42+05:30
pay_00000000000556,order_0000000556,1220.40,upi,captured,2025-11-03T08:55:52+05:30
pay_00000000000557,order_0000000557,276.40,netbanking,captured,2025-11-10T21:35:47+05:30
pay_00000000000558,order_0000000558,617.00,card,captured,2025-11-23T09:38:39+05:30
pay_00000000000559,order_0000000559,367.53,upi,captured,2025-11-25T13:52:55+05:30
pay_00000000000560,order_0000000560,870.89,upi,captured,2025-11-26T15:16:39+05:30
pay_00000000000561,order_0000000561,972.99,card,captured,2025-11-03T19:26:30+05:30
pay_00000000000562,order_0000000562,125.52,upi,captured,2025-11-24T18:28:06+05:30
pay_00000000000563,order_0000000563,147.13,upi,captured,2025-11-06T14:56:52+05:30
pay_00000000000564,order_0000000564,755.56,upi,captured,2025-11-28T07:25:43+05:30
pay_00000000000565,order_0000000565,3230.62,upi,captured,2025-11-25T14:40:56+05:30
pay_00000000000566,order_0000000566,793.40,upi,captured,2025-11-28T10:14:37+05:30
pay_00000000000567,order_0000000567,668.00,upi,captured,2025-11-27T10:17:18+05:30
pay_00000000000568,order_0000000568,958.72,wallet,captured,2025-11-15T08:55:59+05:30
pay_00000000000569,order_0000000569,566.48,upi,captured,2025-11-25T19:14:22+05:30
pay_00000000000570,order_0000000570,366.12,upi,captured,2025-11-13T23:57:25+05:30
pay_00000000000571,order_0000000571,860.00,upi,captured,2025-11-05T23:32:32+05:30
pay_00000000000572,order_0000000572,563.71,upi,captured,2025-11-11T14:23:25+05:30
pay_00000000000573,order_0000000573,153.05,card,captured,2025-11-24T20:56:13+05:30
pay_00000000000574,order_0000000574,427.31,upi,captured,2025-11-13T11:37:06+05:30
pay_00000000000575,order_0000000575,913.77,wallet,captured,2025-11-21T22:16:52+05:30
pay_00000000000576,order_0000000576,2338.00,upi,captured,2025-11-11T08:07:16+05:30
pay_00000000000577,order_0000000577,643.00,card,captured,2025-11-01T19:47:38+05:30
pay_00000000000578,order_0000000578,183.00,upi,captured,2025-11-27T14:49:32+05:30
pay_00000000000579,order_0000000579,663.41,wallet,captured,2025-11-25T18:17:58+05:30
pay_00000000000580,order_0000000580,341.00,card,captured,2025-11-03T11:47:47+05:30
pay_00000000000581,order_0000000581,2613.70,card,captured,2025-11-10T13:06:12+05:30
pay_00000000000582,order_0000000582,695.47,upi,failed,2025-11-19T11:49:44+05:30
pay_00000000000583,order_0000000583,140.99,card,failed,2025-11-02T16:59:50+05:30
pay_00000000000584,order_0000000584,2156.00,upi,captured,2025-11-25T09:25:24+05:30
pay_00000000000585,order_0000000585,587.49,netbanking,captured,2025-11-13T06:08:34+05:30
pay_00000000000586,order_0000000586,168.00,upi,captured,2025-11-08T16:48:42+05:30
pay_00000000000587,order_0000000587,2177.99,upi,captured,2025-11-18T11:16:03+05:30
pay_00000000000588,order_0000000588,1054.37,upi,captured,2025-11-18T12:37:28+05:30
pay_00000000000589,order_0000000589,279.47,upi,captured,2025-11-18T22:55:18+05:30
pay_00000000000590,order_0000000590,701.99,card,captured,2025-11-16T15:38:14+05:30
pay_00000000000591,order_0000000591,1859.99,netbanking,captured,2025-11-13T14:25:32+05:30
pay_00000000000592,order_0000000592,1041.00,upi,captured,2025-11-19T12:23:08+05:30
pay_00000000000593,order_0000000593,2269.00,upi,captured,2025-11-15T12:58:13+05:30
pay_00000000000594,order_0000000594,329.65,card,captured,2025-11-04T21:44:00+05:30
pay_00000000000595,order_0000000595,2090.42,upi,captured,2025-11-26T15:24:24+05:30
pay_00000000000596,order_0000000596,923.98,netbanking,captured,2025-11-16T22:30:29+05:30
pay_00000000000597,order_0000000597,713.83,upi,captured,2025-11-10T23:45:15+05:30
pay_00000000000598,order_0000000598,843.45,card,captured,2025-11-05T18:09:16+05:30
pay_00000000000599,order_0000000599,271.61,card,captured,2025-11-05T03:58:51+05:30
pay_00000000000600,order_0000000600,303.14,upi,captured,2025-11-12T08:01:18+05:30
pay_00000000000601,order_0000000601,138.18,card,captured,2025-11-24T18:12:52+05:30
pay_00000000000602,order_0000000602,8652.99,card,captured,2025-11-07T09:05:09+05:30
pay_00000000000603,order_0000000603,483.99,upi,captured,2025-11-23T22:50:08+05:30
pay_00000000000604,order_0000000604,6027.99,upi,captured,2025-11-16T06:33:18+05:30
pay_00000000000605,order_0000000605,776.99,upi,captured,2025-11-24T09:31:15+05:30
pay_00000000000606,order_0000000606,187.26,card,captured,2025-11-10T17:21:31+05:30
pay_00000000000607,order_0000000607,251.66,card,captured,2025-11-11T12:03:19+05:30
pay_00000000000608,order_0000000608,1045.00,card,captured,2025-11-07T23:53:02+05:30
pay_00000000000609,order_0000000609,649.36,netbanking,captured,2025-11-07T00:53:39+05:30
pay_00000000000610,order_0000000610,489.01,upi,captured,2025-11-13T17:19:36+05:30
pay_00000000000611,order_0000000611,884.79,wallet,captured,2025-11-30T07:47:06+05:30
pay_00000000000612,order_0000000612,972.00,upi,failed,2025-11-24T12:56:24+05:30
pay_00000000000613,order_0000000613,445.58,upi,captured,2025-11-30T17:46:21+05:30
pay_00000000000614,order_0000000614,798.00,upi,captured,2025-11-03T14:39:51+05:30
pay_00000000000615,order_0000000615,716.45,upi,failed,2025-11-18T18:27:48+05:30
pay_00000000000616,order_0000000616,206.94,card,captured,2025-11-02T23:46:39+05:30
pay_00000000000617,order_0000000617,170.00,upi,failed,2025-11-14T16:52:46+05:30
pay_00000000000618,order_0000000618,491.71,upi,captured,2025-11-20T14:24:20+05:30
pay_00000000000619,order_0000000619,694.99,card,captured,2025-11-27T19:57:31+05:30
pay_00000000000620,order_0000000620,1151.00,upi,captured,2025-11-18T20:48:08+05:30
pay_00000000000621,order_0000000621,1029.72,upi,captured,2025-11-30T19:42:45+05:30
pay_00000000000622,order_0000000622,1677.49,card,captured,2025-11-21T19:29:03+05:30
pay_00000000000623,order_0000000623,742.30,card,captured,2025-11-27T12:50:36+05:30
pay_00000000000624,order_0000000624,1814.32,upi,captured,2025-11-20T07:52:25+05:30
pay_00000000000625,order_0000000625,1271.00,netbanking,captured,2025-11-19T16:12:57+05:30
pay_00000000000626,order_0000000626,3444.99,upi,captured,2025-11-05T21:25:01+05:30
pay_00000000000627,order_0000000627,353.54,netbanking,captured,2025-11-23T05:24:19+05:30
pay_00000000000628,order_0000000628,869.38,upi,captured,2025-11-28T12:16:05+05:30
pay_00000000000629,order_0000000629,623.99,upi,captured,2025-11-13T20:19:37+05:30
pay_00000000000630,order_0000000630,805.00,upi,captured,2025-11-03T02:27:30+05:30
pay_00000000000631,order_0000000631,493.00,upi,captured,2025-11-01T03:52:30+05:30
pay_00000000000632,order_0000000632,714.99,upi,captured,2025-11-07T10:52:10+05:30
pay_00000000000633,order_0000000633,298.07,wallet,captured,2025-11-25T13:26:09+05:30
pay_00000000000634,order_0000000634,652.41,card,captured,2025-11-27T21:58:13+05:30
pay_00000000000635,order_0000000635,114.01,upi,captured,2025-11-15T13:45:36+05:30
pay_00000000000636,order_0000000636,469.00,card,captured,2025-11-09T12:42:06+05:30
pay_00000000000637,order_0000000637,301.05,card,captured,2025-11-29T12:16:48+05:30
pay_00000000000638,order_0000000638,1231.22,upi,captured,2025-11-01T13:06:16+05:30
pay_00000000000639,order_0000000639,178.00,upi,captured,2025-11-05T21:59:04+05:30
pay_00000000000640,order_0000000640,361.99,card,captured,2025-11-19T14:04:39+05:30
pay_00000000000641,order_0000000641,211.88,upi,captured,2025-11-02T09:12:47+05:30
pay_00000000000642,order_0000000642,903.58,upi,captured,2025-11-08T14:45:41+05:30
pay_00000000000643,order_0000000643,473.00,card,captured,2025-11-23T14:31:10+05:30
pay_00000000000644,order_0000000644,376.00,upi,captured,2025-11-06T23:49:30+05:30
pay_00000000000645,order_0000000645,2253.63,card,captured,2025-11-08T14:33:17+05:30
pay_00000000000646,order_0000000646,664.00,upi,captured,2025-11-05T12:48:34+05:30
pay_00000000000647,order_0000000647,138.01,upi,captured,2025-11-15T12:32:56+05:30
pay_00000000000648,order_0000000648,1978.00,card,captured,2025-11-07T22:23:38+05:30
pay_00000000000649,order_0000000649,345.99,upi,captured,2025-11-20T13:00:46+05:30
pay_00000000000650,order_0000000650,3395.02,upi,captured,2025-11-10T15:55:10+05:30
pay_00000000000651,order_0000000651,655.62,upi,failed,2025-11-17T18:24:02+05:30
pay_00000000000652,order_0000000652,349.00,upi,captured,2025-11-06T21:49:18+05:30
pay_00000000000653,order_0000000653,911.00,card,captured,2025-11-14T01:51:29+05:30
pay_00000000000654,order_0000000654,663.99,upi,captured,2025-11-26T13:59:34+05:30
pay_00000000000655,order_0000000655,2345.75,card,captured,2025-11-24T15:41:56+05:30
pay_00000000000656,order_0000000656,3503.95,wallet,captured,2025-11-07T18:08:34+05:30
pay_00000000000657,order_0000000657,172.99,upi,captured,2025-11-11T04:28:22+05:30
pay_00000000000658,order_0000000658,144.00,upi,captured,2025-11-14T15:34:45+05:30
pay_00000000000659,order_0000000659,1064.24,wallet,captured,2025-11-13T18:42:15+05:30
pay_00000000000660,order_0000000660,708.00,card,captured,2025-11-15T15:53:21+05:30
pay_00000000000661,order_0000000661,401.86,card,captured,2025-11-14T14:47:07+05:30
pay_00000000000662,order_0000000662,370.58,upi,captured,2025-11-04T16:55:43+05:30
pay_00000000000663,order_0000000663,754.99,upi,captured,2025-11-12T01:09:00+05:30
pay_00000000000664,order_0000000664,635.51,upi,captured,2025-11-25T22:30:37+05:30
pay_00000000000665,order_0000000665,3276.55,upi,captured,2025-11-01T16:56:59+05:30
pay_00000000000666,order_0000000666,884.99,upi,captured,2025-11-02T16:15:51+05:30
pay_00000000000667,order_0000000667,371.00,card,captured,2025-11-21T13:08:31+05:30
pay_00000000000668,order_0000000668,992.99,upi,captured,2025-11-20T23:22:08+05:30
pay_00000000000669,order_0000000669,306.00,card,failed,2025-11-09T14:59:28+05:30
pay_00000000000670,order_0000000670,120.00,card,captured,2025-11-17T20:22:52+05:30
pay_00000000000671,order_0000000671,520.99,upi,captured,2025-11-07T23:12:00+05:30
pay_00000000000672,order_0000000672,2200.00,upi,captured,2025-11-09T13:58:54+05:30
pay_00000000000673,order_0000000673,510.15,upi,captured,2025-11-02T08:31:18+05:30
pay_00000000000674,order_0000000674,814.85,card,failed,2025-11-27T17:40:21+05:30
pay_00000000000675,order_0000000675,472.00,card,captured,2025-11-15T20:39:56+05:30
pay_00000000000676,order_0000000676,875.99,wallet,captured,2025-11-19T22:57:04+05:30
pay_00000000000677,order_0000000677,3508.00,card,captured,2025-11-04T12:14:07+05:30
pay_00000000000678,order_0000000678,200.07,card,captured,2025-11-27T16:08:30+05:30
pay_00000000000679,order_0000000679,470.67,card,captured,2025-11-18T19:34:41+05:30
pay_00000000000680,order_0000000680,1018.99,upi,captured,2025-11-14T17:34:01+05:30
pay_00000000000681,order_0000000681,956.99,upi,captured,2025-11-12T19:09:21+05:30
pay_00000000000682,order_0000000682,1706.10,upi,captured,2025-11-07T10:10:07+05:30
pay_00000000000683,order_0000000683,2135.39,card,captured,2025-11-07T20:22:29+05:30
pay_00000000000684,order_0000000684,2783.00,upi,captured,2025-11-02T01:16:17+05:30
pay_00000000000685,order_0000000685,622.12,card,captured,2025-11-18T15:30:19+05:30
pay_00000000000686,order_0000000686,553.00,wallet,captured,2025-11-05T16:57:54+05:30
pay_00000000000687,order_0000000687,382.00,card,captured,2025-11-19T19:17:35+05:30
pay_00000000000688,order_0000000688,388.00,upi,captured,2025-11-14T18:47:11+05:30
pay_00000000000689,order_0000000689,1012.99,upi,captured,2025-11-20T20:05:01+05:30
pay_00000000000690,order_0000000690,170.47,netbanking,captured,2025-11-05T10:36:46+05:30
pay_00000000000691,order_0000000691,868.99,upi,captured,2025-11-08T18:30:43+05:30
pay_00000000000692,order_0000000692,933.48,upi,captured,2025-11-25T22:32:35+05:30
pay_00000000000693,order_0000000693,374.49,upi,captured,2025-11-02T22:07:33+05:30
pay_00000000000694,order_0000000694,509.16,upi,captured,2025-11-30T20:15:42+05:30
pay_00000000000695,order_0000000695,129.99,upi,captured,2025-11-09T15:49:34+05:30
pay_00000000000696,order_0000000696,2188.86,card,captured,2025-11-18T17:56:00+05:30
pay_00000000000697,order_0000000697,207.81,card,failed,2025-11-10T14:08:23+05:30
pay_00000000000698,order_0000000698,640.00,card,captured,2025-11-09T15:03:49+05:30
pay_00000000000699,order_0000000699,125.60,card,captured,2025-11-14T18:21:52+05:30
pay_00000000000700,order_0000000700,698.13,upi,captured,2025-11-09T00:47:21+05:30
pay_00000000000701,order_0000000701,368.13,upi,captured,2025-11-10T12:42:08+05:30
pay_00000000000702,order_0000000702,2479.52,card,captured,2025-11-28T13:08:24+05:30
pay_00000000000703,order_0000000703,2202.89,card,captured,2025-11-19T18:46:25+05:30
pay_00000000000704,order_0000000704,683.59,upi,captured,2025-11-28T17:26:03+05:30
pay_00000000000705,order_0000000705,1066.31,upi,captured,2025-11-17T19:57:31+05:30
pay_00000000000706,order_0000000706,2601.61,card,captured,2025-11-15T16:08:39+05:30
pay_00000000000707,order_0000000707,935.99,card,captured,2025-11-22T20:53:39+05:30
pay_00000000000708,order_0000000708,121.94,upi,captured,2025-11-06T13:41:08+05:30
pay_00000000000709,order_0000000709,1728.59,upi,captured,2025-11-21T21:04:51+05:30
pay_00000000000710,order_0000000710,1072.06,upi,captured,2025-11-27T09:10:32+05:30
pay_00000000000711,order_0000000711,4558.87,upi,captured,2025-11-13T18:06:50+05:30
pay_00000000000712,order_0000000712,683.00,wallet,captured,2025-11-29T08:43:03+05:30
pay_00000000000713,order_0000000713,284.00,upi,captured,2025-11-22T22:29:16+05:30
pay_00000000000714,order_0000000714,854.99,upi,captured,2025-11-25T01:11:41+05:30
pay_00000000000715,order_0000000715,1023.00,card,captured,2025-11-18T12:34:58+05:30
pay_00000000000716,order_0000000716,287.72,card,captured,2025-11-22T18:08:14+05:30
pay_00000000000717,order_0000000717,541.12,netbanking,captured,2025-11-16T20:21:51+05:30
pay_00000000000718,order_0000000718,855.75,netbanking,captured,2025-11-02T10:53:03+05:30
pay_00000000000719,order_0000000719,605.00,upi,captured,2025-11-06T06:44:04+05:30
pay_00000000000720,order_0000000720,160.01,card,captured,2025-11-21T20:17:36+05:30
pay_00000000000721,order_0000000721,302.00,card,failed,2025-11-07T17:41:26+05:30
pay_00000000000722,order_0000000722,3544.86,wallet,captured,2025-11-23T18:25:48+05:30
pay_00000000000723,order_0000000723,2602.99,card,captured,2025-11-17T09:27:28+05:30
pay_00000000000724,order_0000000724,380.85,netbanking,captured,2025-11-16T07:42:08+05:30
pay_00000000000725,order_0000000725,622.19,netbanking,captured,2025-11-14T06:26:33+05:30
pay_00000000000726,order_0000000726,225.07,netbanking,captured,2025-11-10T10:27:25+05:30
pay_00000000000727,order_0000000727,1048.19,netbanking,captured,2025-11-15T10:32:31+05:30
pay_00000000000728,order_0000000728,1885.32,card,captured,2025-11-05T14:18:48+05:30
pay_00000000000729,order_0000000729,829.55,card,captured,2025-11-19T04:21:25+05:30
pay_00000000000730,order_0000000730,475.00,upi,captured,2025-11-13T15:16:04+05:30
pay_00000000000731,order_0000000731,531.99,upi,failed,2025-11-17T17:42:58+05:30
pay_00000000000732,order_0000000732,322.00,card,captured,2025-11-22T23:23:56+05:30
pay_00000000000733,order_0000000733,268.57,upi,captured,2025-11-06T20:50:47+05:30
pay_00000000000734,order_0000000734,1037.92,card,captured,2025-11-13T23:38:44+05:30
pay_00000000000735,order_0000000735,631.99,upi,captured,2025-11-17T02:19:19+05:30
pay_00000000000736,order_0000000736,413.67,card,captured,2025-11-16T03:48:00+05:30
pay_00000000000737,order_0000000737,722.09,upi,captured,2025-11-21T10:39:46+05:30
pay_00000000000738,order_0000000738,1986.90,upi,captured,2025-11-15T15:44:22+05:30
pay_00000000000739,order_0000000739,825.71,upi,captured,2025-11-20T15:57:35+05:30
pay_00000000000740,order_0000000740,634.99,netbanking,captured,2025-11-13T20:52:09+05:30
pay_00000000000741,order_0000000741,798.74,upi,captured,2025-11-12T15:23:23+05:30
pay_00000000000742,order_0000000742,486.01,upi,captured,2025-11-07T21:29:16+05:30
pay_00000000000743,order_0000000743,1030.00,upi,captured,2025-11-04T00:34:07+05:30
pay_00000000000744,order_0000000744,825.88,upi,captured,2025-11-25T21:34:24+05:30
pay_00000000000745,order_0000000745,394.76,upi,captured,2025-11-16T10:05:02+05:30
pay_00000000000746,order_0000000746,937.00,upi,captured,2025-11-12T13:24:33+05:30
pay_00000000000747,order_0000000747,924.63,card,captured,2025-11-06T19:13:22+05:30
pay_00000000000748,order_0000000748,1201.99,card,captured,2025-11-20T23:42:35+05:30
pay_00000000000749,order_0000000749,709.52,upi,captured,2025-11-20T16:46:10+05:30
pay_00000000000750,order_0000000750,766.87,upi,captured,2025-11-17T08:22:29+05:30
pay_00000000000751,order_0000000751,545.00,netbanking,captured,2025-11-18T12:56:28+05:30
pay_00000000000752,order_0000000752,153.00,upi,captured,2025-11-14T06:59:59+05:30
pay_00000000000753,order_0000000753,203.00,upi,captured,2025-11-01T20:46:43+05:30
pay_00000000000754,order_0000000754,1012.89,card,captured,2025-11-04T20:22:30+05:30
pay_00000000000755,order_0000000755,938.15,card,captured,2025-11-27T23:18:29+05:30
pay_00000000000756,order_0000000756,912.33,upi,captured,2025-11-10T10:40:20+05:30
pay_00000000000757,order_0000000757,3429.60,wallet,captured,2025-11-16T23:07:41+05:30
pay_00000000000758,order_0000000758,883.11,upi,captured,2025-11-01T08:37:46+05:30
pay_00000000000759,order_0000000759,3122.00,upi,captured,2025-11-28T20:02:04+05:30
pay_00000000000760,order_0000000760,7163.67,upi,failed,2025-11-30T22:15:33+05:30
pay_00000000000761,order_0000000761,3297.00,upi,captured,2025-11-21T20:55:43+05:30
pay_00000000000762,order_0000000762,1058.00,upi,captured,2025-11-04T16:49:54+05:30
pay_00000000000763,order_0000000763,840.19,upi,captured,2025-11-06T17:39:47+05:30
pay_00000000000764,order_0000000764,677.94,card,captured,2025-11-05T19:06:43+05:30
pay_00000000000765,order_0000000765,840.15,card,captured,2025-11-12T05:19:45+05:30
pay_00000000000766,order_0000000766,1340.00,upi,captured,2025-11-11T17:23:57+05:30
pay_00000000000767,order_0000000767,433.00,upi,captured,2025-11-02T14:16:45+05:30
pay_00000000000768,order_0000000768,566.81,wallet,captured,2025-11-04T12:08:19+05:30
pay_00000000000769,order_0000000769,2482.72,netbanking,captured,2025-11-10T17:33:39+05:30
pay_00000000000770,order_0000000770,837.00,card,captured,2025-11-16T08:27:57+05:30
pay_00000000000771,order_0000000771,3335.10,upi,captured,2025-11-02T20:27:47+05:30
pay_00000000000772,order_0000000772,407.00,upi,failed,2025-11-01T21:42:35+05:30
pay_00000000000773,order_0000000773,492.99,card,captured,2025-11-08T22:23:22+05:30
pay_00000000000774,order_0000000774,382.88,card,captured,2025-11-18T23:33:57+05:30
pay_00000000000775,order_0000000775,629.57,card,captured,2025-11-14T01:12:45+05:30
pay_00000000000776,order_0000000776,721.50,card,failed,2025-11-11T14:15:16+05:30
pay_00000000000777,order_0000000777,524.99,upi,captured,2025-11-04T14:59:20+05:30
pay_00000000000778,order_0000000778,498.00,upi,captured,2025-11-02T17:14:22+05:30
pay_00000000000779,order_0000000779,198.76,upi,captured,2025-11-24T12:10:39+05:30
pay_00000000000780,order_0000000780,616.34,netbanking,captured,2025-11-11T14:46:58+05:30
pay_00000000000781,order_0000000781,312.00,card,captured,2025-11-22T15:45:41+05:30
pay_00000000000782,order_0000000782,766.85,card,captured,2025-11-27T19:30:36+05:30
pay_00000000000783,order_0000000783,395.90,upi,captured,2025-11-04T02:09:31+05:30
pay_00000000000784,order_0000000784,2980.00,upi,captured,2025-11-23T13:21:26+05:30
pay_00000000000785,order_0000000785,157.00,netbanking,captured,2025-11-29T21:47:39+05:30
pay_00000000000786,order_0000000786,948.01,card,captured,2025-11-27T02:18:22+05:30
pay_00000000000787,order_0000000787,2022.82,netbanking,captured,2025-11-08T08:06:21+05:30
pay_00000000000788,order_0000000788,2872.00,wallet,captured,2025-11-24T09:00:29+05:30
pay_00000000000789,order_0000000789,472.14,upi,captured,2025-11-17T09:21:26+05:30
pay_00000000000790,order_0000000790,356.89,card,captured,2025-11-03T12:44:39+05:30
pay_00000000000791,order_0000000791,362.55,upi,captured,2025-11-02T10:06:14+05:30
pay_00000000000792,order_0000000792,2280.00,upi,captured,2025-11-04T07:19:32+05:30
pay_00000000000793,order_0000000793,964.02,card,captured,2025-11-29T23:22:57+05:30
pay_00000000000794,order_0000000794,183.99,card,captured,2025-11-15T01:41:19+05:30
pay_00000000000795,order_0000000795,2711.15,upi,captured,2025-11-23T13:03:08+05:30
pay_00000000000796,order_0000000796,200.18,card,captured,2025-11-03T21:41:13+05:30
pay_00000000000797,order_0000000797,1062.00,upi,captured,2025-11-13T07:46:31+05:30
pay_00000000000798,order_0000000798,164.99,netbanking,captured,2025-11-27T10:30:42+05:30
pay_00000000000799,order_0000000799,716.00,card,captured,2025-11-29T06:00:37+05:30
pay_00000000000800,order_0000000800,394.89,card,captured,2025-11-26T13:32:22+05:30
pay_00000000000801,order_0000000801,119.12,card,captured,2025-11-18T09:31:52+05:30
pay_00000000000802,order_0000000802,831.58,upi,captured,2025-11-02T12:30:54+05:30
pay_00000000000803,order_0000000803,165.00,card,captured,2025-11-13T13:52:59+05:30
pay_00000000000804,order_0000000804,1733.91,card,captured,2025-11-19T13:24:57+05:30
pay_00000000000805,order_0000000805,494.57,upi,captured,2025-11-18T07:07:34+05:30
pay_00000000000806,order_0000000806,162.12,upi,failed,2025-11-11T05:44:45+05:30
pay_00000000000807,order_0000000807,160.17,card,captured,2025-11-07T12:55:07+05:30
pay_00000000000808,order_0000000808,669.30,wallet,captured,2025-11-05T20:28:33+05:30
pay_00000000000809,order_0000000809,411.01,card,captured,2025-11-05T02:25:31+05:30
pay_00000000000810,order_0000000810,491.00,card,captured,2025-11-26T17:43:19+05:30
pay_00000000000811,order_0000000811,486.00,upi,captured,2025-11-06T06:59:25+05:30
pay_00000000000812,order_0000000812,404.00,netbanking,captured,2025-11-27T15:37:23+05:30
pay_00000000000813,order_0000000813,187.00,upi,captured,2025-11-15T18:26:19+05:30
pay_00000000000814,order_0000000814,311.03,upi,captured,2025-11-08T08:51:53+05:30
pay_00000000000815,order_0000000815,2211.39,wallet,captured,2025-11-11T23:29:57+05:30
pay_00000000000816,order_0000000816,546.00,card,captured,2025-11-03T17:02:26+05:30
pay_00000000000817,order_0000000817,13737.45,netbanking,captured,2025-11-04T06:40:35+05:30
pay_00000000000818,order_0000000818,387.22,upi,captured,2025-11-07T23:00:52+05:30
pay_00000000000819,order_0000000819,620.90,wallet,captured,2025-11-22T18:28:01+05:30
pay_00000000000820,order_0000000820,946.00,upi,captured,2025-11-08T07:22:06+05:30
pay_00000000000821,order_0000000821,974.99,card,captured,2025-11-30T14:43:15+05:30
pay_00000000000822,order_0000000822,385.00,card,captured,2025-11-27T18:47:28+05:30
pay_00000000000823,order_0000000823,2773.04,upi,captured,2025-11-18T11:27:06+05:30
pay_00000000000824,order_0000000824,640.00,upi,captured,2025-11-13T17:10:42+05:30
pay_00000000000825,order_0000000825,408.25,card,captured,2025-11-02T18:37:10+05:30
pay_00000000000826,order_0000000826,379.68,netbanking,captured,2025-11-30T20:00:06+05:30
pay_00000000000827,order_0000000827,806.00,card,captured,2025-11-23T14:57:41+05:30
pay_00000000000828,order_0000000828,1367.99,card,captured,2025-11-23T16:40:19+05:30
pay_00000000000829,order_0000000829,1020.00,card,captured,2025-11-22T21:55:27+05:30
pay_00000000000830,order_0000000830,824.88,wallet,captured,2025-11-18T10:09:37+05:30
pay_00000000000831,order_0000000831,708.41,card,captured,2025-11-04T06:08:37+05:30
pay_00000000000832,order_0000000832,904.13,upi,captured,2025-11-13T16:51:09+05:30
pay_00000000000833,order_0000000833,507.99,upi,captured,2025-11-26T13:51:54+05:30
pay_00000000000834,order_0000000834,621.70,upi,captured,2025-11-17T11:14:39+05:30
pay_00000000000835,order_0000000835,635.00,netbanking,captured,2025-11-13T17:57:37+05:30
pay_00000000000836,order_0000000836,934.05,card,captured,2025-11-06T21:30:19+05:30
pay_00000000000837,order_0000000837,1721.00,upi,captured,2025-11-20T20:35:45+05:30
pay_00000000000838,order_0000000838,256.00,upi,captured,2025-11-16T02:19:24+05:30
pay_00000000000839,order_0000000839,574.80,upi,captured,2025-11-04T14:14:59+05:30
pay_00000000000840,order_0000000840,246.45,card,captured,2025-11-12T23:49:30+05:30
pay_00000000000841,order_0000000841,322.03,card,captured,2025-11-26T19:35:35+05:30
pay_00000000000842,order_0000000842,461.99,upi,captured,2025-11-06T18:27:11+05:30
pay_00000000000843,order_0000000843,394.99,wallet,captured,2025-11-25T13:22:44+05:30
pay_00000000000844,order_0000000844,1801.17,wallet,captured,2025-11-14T07:08:55+05:30
pay_00000000000845,order_0000000845,772.33,netbanking,captured,2025-11-30T14:50:40+05:30
pay_00000000000846,order_0000000846,440.99,upi,captured,2025-11-23T19:48:43+05:30
pay_00000000000847,order_0000000847,760.00,upi,captured,2025-11-22T14:07:44+05:30
pay_00000000000848,order_0000000848,887.13,wallet,captured,2025-11-03T01:24:58+05:30
pay_00000000000849,order_0000000849,495.69,card,captured,2025-11-13T08:05:37+05:30
pay_00000000000850,order_0000000850,1336.00,upi,captured,2025-11-24T11:43:40+05:30
pay_00000000000851,order_0000000851,572.81,card,captured,2025-11-10T23:45:20+05:30
pay_00000000000852,order_0000000852,571.00,upi,captured,2025-11-14T19:43:37+05:30
pay_00000000000853,order_0000000853,3220.52,wallet,captured,2025-11-10T14:32:10+05:30
pay_00000000000854,order_0000000854,510.00,upi,captured,2025-11-22T20:44:10+05:30
pay_00000000000855,order_0000000855,4248.64,card,captured,2025-11-06T15:21:58+05:30
pay_00000000000856,order_0000000856,3415.00,upi,captured,2025-11-12T17:01:17+05:30
pay_00000000000857,order_0000000857,540.20,upi,captured,2025-11-08T07:33:09+05:30
pay_00000000000858,order_0000000858,498.00,upi,captured,2025-11-18T19:08:53+05:30
pay_00000000000859,order_0000000859,212.30,upi,failed,2025-11-21T22:31:04+05:30
pay_00000000000860,order_0000000860,244.03,card,captured,2025-11-27T16:53:54+05:30
pay_00000000000861,order_0000000861,856.83,card,captured,2025-11-22T18:47:25+05:30
pay_00000000000862,order_0000000862,919.67,card,captured,2025-11-24T22:16:41+05:30
pay_00000000000863,order_0000000863,1070.31,upi,captured,2025-11-28T16:18:43+05:30
pay_00000000000864,order_0000000864,706.76,card,captured,2025-11-28T14:51:49+05:30
pay_00000000000865,order_0000000865,968.99,upi,captured,2025-11-06T20:06:06+05:30
pay_00000000000866,order_0000000866,824.19,card,captured,2025-11-20T11:35:14+05:30
pay_00000000000867,order_0000000867,358.00,upi,captured,2025-11-19T14:08:45+05:30
pay_00000000000868,order_0000000868,492.78,upi,captured,2025-11-09T17:15:10+05:30
pay_00000000000869,order_0000000869,881.00,upi,captured,2025-11-28T13:49:54+05:30
pay_00000000000870,order_0000000870,482.89,upi,captured,2025-11-14T02:56:19+05:30
pay_00000000000871,order_0000000871,293.00,upi,captured,2025-11-28T07:21:08+05:30
pay_00000000000872,order_0000000872,1155.99,upi,captured,2025-11-19T11:39:34+05:30
pay_00000000000873,order_0000000873,495.00,card,captured,2025-11-08T00:37:19+05:30
pay_00000000000874,order_0000000874,625.63,card,captured,2025-11-28T11:45:30+05:30
pay_00000000000875,order_0000000875,852.81,upi,captured,2025-11-18T07:11:01+05:30
pay_00000000000876,order_0000000876,641.99,card,captured,2025-11-03T13:01:22+05:30
pay_00000000000877,order_0000000877,868.00,card,captured,2025-11-15T22:59:40+05:30
pay_00000000000878,order_0000000878,638.36,upi,captured,2025-11-21T12:11:57+05:30
pay_00000000000879,order_0000000879,2593.56,upi,captured,2025-11-25T08:34:12+05:30
pay_00000000000880,order_0000000880,720.47,card,captured,2025-11-04T06:08:33+05:30
pay_00000000000881,order_0000000881,1544.00,upi,captured,2025-11-01T21:42:15+05:30
pay_00000000000882,order_0000000882,984.99,upi,captured,2025-11-24T07:48:04+05:30
pay_00000000000883,order_0000000883,8158.99,wallet,captured,2025-11-23T08:41:50+05:30
pay_00000000000884,order_0000000884,597.00,card,captured,2025-11-14T14:00:53+05:30
pay_00000000000885,order_0000000885,782.85,card,captured,2025-11-20T12:47:01+05:30
pay_00000000000886,order_0000000886,845.00,upi,captured,2025-11-09T21:44:22+05:30
pay_00000000000887,order_0000000887,8735.00,upi,captured,2025-11-03T13:17:18+05:30
pay_00000000000888,order_0000000888,1066.46,card,captured,2025-11-14T05:15:14+05:30
pay_00000000000889,order_0000000889,136.99,upi,captured,2025-11-27T17:34:13+05:30
pay_00000000000890,order_0000000890,234.77,card,captured,2025-11-22T17:08:38+05:30
pay_00000000000891,order_0000000891,811.00,netbanking,captured,2025-11-17T22:13:37+05:30
pay_00000000000892,order_0000000892,747.76,upi,captured,2025-11-15T20:15:53+05:30
pay_00000000000893,order_0000000893,194.00,upi,captured,2025-11-16T10:54:00+05:30
pay_00000000000894,order_0000000894,1054.99,wallet,captured,2025-11-24T19:37:31+05:30
pay_00000000000895,order_0000000895,224.99,upi,captured,2025-11-29T11:15:04+05:30
pay_00000000000896,order_0000000896,2946.00,upi,captured,2025-11-25T15:05:43+05:30
pay_00000000000897,order_0000000897,1781.00,upi,failed,2025-11-06T07:07:38+05:30
pay_00000000000898,order_0000000898,967.99,upi,captured,2025-11-13T18:23:57+05:30
pay_00000000000899,order_0000000899,900.79,netbanking,captured,2025-11-24T23:13:58+05:30
pay_00000000000900,order_0000000900,335.66,netbanking,captured,2025-11-03T17:34:26+05:30
pay_00000000000901,order_0000000901,166.50,card,captured,2025-11-19T21:35:11+05:30
pay_00000000000902,order_0000000902,250.14,netbanking,captured,2025-11-03T15:36:21+05:30
pay_00000000000903,order_0000000903,13057.00,card,captured,2025-11-16T00:59:06+05:30
pay_00000000000904,order_0000000904,295.63,upi,captured,2025-11-19T11:29:30+05:30
pay_00000000000905,order_0000000905,712.20,netbanking,captured,2025-11-04T20:24:40+05:30
pay_00000000000906,order_0000000906,2014.87,netbanking,captured,2025-11-26T11:13:03+05:30
pay_00000000000907,order_0000000907,632.72,card,captured,2025-11-20T22:08:40+05:30
pay_00000000000908,order_0000000908,3131.99,upi,captured,2025-11-21T06:52:06+05:30
pay_00000000000909,order_0000000909,1072.99,card,captured,2025-11-08T07:38:09+05:30
pay_00000000000910,order_0000000910,1056.55,upi,captured,2025-11-12T15:24:27+05:30
pay_00000000000911,order_0000000911,1010.00,upi,captured,2025-11-30T19:06:52+05:30
pay_00000000000912,order_0000000912,918.54,upi,captured,2025-11-29T17:35:27+05:30
pay_00000000000913,order_0000000913,388.00,upi,captured,2025-11-13T23:56:23+05:30
pay_00000000000914,order_0000000914,943.82,card,captured,2025-11-21T20:55:46+05:30
pay_00000000000915,order_0000000915,2971.00,upi,captured,2025-11-19T14:39:16+05:30
pay_00000000000916,order_0000000916,178.00,netbanking,captured,2025-11-06T23:12:01+05:30
pay_00000000000917,order_0000000917,2692.63,netbanking,captured,2025-11-30T18:17:18+05:30
pay_00000000000918,order_0000000918,317.43,wallet,captured,2025-11-28T11:12:08+05:30
pay_00000000000919,order_0000000919,3393.71,netbanking,captured,2025-11-11T11:40:14+05:30
pay_00000000000920,order_0000000920,858.81,upi,failed,2025-11-19T11:48:08+05:30
pay_00000000000921,order_0000000921,285.14,wallet,captured,2025-11-10T14:51:20+05:30
pay_00000000000922,order_0000000922,3177.00,card,captured,2025-11-08T21:06:18+05:30
pay_00000000000923,order_0000000923,1921.95,upi,captured,2025-11-03T17:58:20+05:30
pay_00000000000924,order_0000000924,924.00,upi,captured,2025-11-06T14:52:52+05:30
pay_00000000000925,order_0000000925,2350.99,upi,captured,2025-11-23T14:21:48+05:30
pay_00000000000926,order_0000000926,612.00,upi,captured,2025-11-09T13:22:14+05:30
pay_00000000000927,order_0000000927,425.59,upi,captured,2025-11-02T08:15:02+05:30
pay_00000000000928,order_0000000928,5860.55,upi,captured,2025-11-13T07:36:38+05:30
pay_00000000000929,order_0000000929,677.99,upi,captured,2025-11-06T08:29:38+05:30
pay_00000000000930,order_0000000930,458.15,upi,captured,2025-11-28T19:25:18+05:30
pay_00000000000931,order_0000000931,3207.00,card,captured,2025-11-25T12:57:52+05:30
pay_00000000000932,order_0000000932,935.12,upi,captured,2025-11-02T23:25:52+05:30
pay_00000000000933,order_0000000933,7185.07,upi,captured,2025-11-17T09:15:49+05:30
pay_00000000000934,order_0000000934,298.74,netbanking,captured,2025-11-16T01:37:42+05:30
pay_00000000000935,order_0000000935,376.99,card,captured,2025-11-12T16:59:25+05:30
pay_00000000000936,order_0000000936,2767.06,upi,captured,2025-11-25T23:20:20+05:30
pay_00000000000937,order_0000000937,568.51,netbanking,captured,2025-11-29T20:27:08+05:30
pay_00000000000938,order_0000000938,451.99,upi,captured,2025-11-08T14:53:41+05:30
pay_00000000000939,order_0000000939,447.11,upi,captured,2025-11-15T09:58:30+05:30
pay_00000000000940,order_0000000940,296.00,netbanking,captured,2025-11-10T15:35:22+05:30
pay_00000000000941,order_0000000941,856.99,upi,captured,2025-11-24T20:45:11+05:30
pay_00000000000942,order_0000000942,789.00,card,captured,2025-11-24T10:50:32+05:30
pay_00000000000943,order_0000000943,686.13,card,captured,2025-11-22T05:02:12+05:30
pay_00000000000944,order_0000000944,3373.00,upi,captured,2025-11-22T14:44:48+05:30
pay_00000000000945,order_0000000945,3475.00,netbanking,captured,2025-11-21T20:41:33+05:30
pay_00000000000946,order_0000000946,2894.99,card,captured,2025-11-26T21:19:30+05:30
pay_00000000000947,order_0000000947,200.00,card,captured,2025-11-29T16:41:51+05:30
pay_00000000000948,order_0000000948,364.99,card,captured,2025-11-16T10:38:16+05:30
pay_00000000000949,order_0000000949,682.99,upi,captured,2025-11-09T17:18:59+05:30
pay_00000000000950,order_0000000950,3172.22,upi,captured,2025-11-30T06:08:19+05:30
pay_00000000000951,order_0000000951,1077.05,upi,captured,2025-11-09T17:33:07+05:30
pay_00000000000952,order_0000000952,784.00,netbanking,captured,2025-11-14T07:00:49+05:30
pay_00000000000953,order_0000000953,1585.99,upi,captured,2025-11-23T06:02:48+05:30
pay_00000000000954,order_0000000954,928.00,card,captured,2025-11-10T01:05:13+05:30
pay_00000000000955,order_0000000955,683.61,wallet,captured,2025-11-12T16:25:22+05:30
pay_00000000000956,order_0000000956,3598.77,wallet,captured,2025-11-02T21:31:08+05:30
pay_00000000000957,order_0000000957,262.00,upi,captured,2025-11-17T16:26:08+05:30
pay_00000000000958,order_0000000958,887.63,card,captured,2025-11-30T14:05:56+05:30
pay_00000000000959,order_0000000959,933.30,card,captured,2025-11-12T15:16:03+05:30
pay_00000000000960,order_0000000960,4172.99,card,captured,2025-11-08T09:21:33+05:30
pay_00000000000961,order_0000000961,965.76,upi,captured,2025-11-30T15:46:42+05:30
pay_00000000000962,order_0000000962,1003.00,upi,captured,2025-11-27T17:03:33+05:30
pay_00000000000963,order_0000000963,2880.00,upi,captured,2025-11-04T07:04:03+05:30
pay_00000000000964,order_0000000964,852.05,netbanking,captured,2025-11-14T19:30:48+05:30
pay_00000000000965,order_0000000965,984.47,netbanking,captured,2025-11-30T11:22:42+05:30
pay_00000000000966,order_0000000966,739.85,upi,captured,2025-11-16T11:49:59+05:30
pay_00000000000967,order_0000000967,855.34,netbanking,captured,2025-11-26T22:05:11+05:30
pay_00000000000968,order_0000000968,1037.33,wallet,failed,2025-11-01T19:54:08+05:30
pay_00000000000969,order_0000000969,473.00,upi,captured,2025-11-14T17:38:30+05:30
pay_00000000000970,order_0000000970,3190.11,upi,captured,2025-11-07T09:27:54+05:30
pay_00000000000971,order_0000000971,729.00,netbanking,captured,2025-11-15T20:12:20+05:30
pay_00000000000972,order_0000000972,800.00,upi,captured,2025-11-17T12:49:07+05:30
pay_00000000000973,order_0000000973,267.16,upi,captured,2025-11-03T17:40:17+05:30
pay_00000000000974,order_0000000974,243.35,card,captured,2025-11-07T20:13:13+05:30
pay_00000000000975,order_0000000975,139.07,card,captured,2025-11-04T13:23:51+05:30
pay_00000000000976,order_0000000976,473.99,upi,failed,2025-11-04T12:12:09+05:30
pay_00000000000977,order_0000000977,424.00,upi,captured,2025-11-12T02:44:03+05:30
pay_00000000000978,order_0000000978,661.24,card,captured,2025-11-25T17:03:17+05:30
pay_00000000000979,order_0000000979,404.99,upi,captured,2025-11-17T16:31:23+05:30
pay_00000000000980,order_0000000980,3452.17,upi,captured,2025-11-28T23:54:24+05:30
pay_00000000000981,order_0000000981,591.00,upi,captured,2025-11-24T17:17:22+05:30
pay_00000000000982,order_0000000982,856.04,card,captured,2025-11-10T15:01:05+05:30
pay_00000000000983,order_0000000983,623.31,card,captured,2025-11-01T19:08:41+05:30
pay_00000000000984,order_0000000984,383.82,upi,captured,2025-11-04T10:26:22+05:30
pay_00000000000985,order_0000000985,946.65,upi,captured,2025-11-17T14:45:37+05:30
pay_00000000000986,order_0000000986,738.00,upi,captured,2025-11-07T02:03:50+05:30
pay_00000000000987,order_0000000987,298.15,upi,captured,2025-11-07T12:32:56+05:30
pay_00000000000988,order_0000000988,743.00,card,captured,2025-11-07T20:32:45+05:30
pay_00000000000989,order_0000000989,327.00,netbanking,captured,2025-11-04T08:44:05+05:30
pay_00000000000990,order_0000000990,3515.00,wallet,captured,2025-11-25T04:53:09+05:30
pay_00000000000991,order_0000000991,489.00,netbanking,captured,2025-11-18T14:39:28+05:30
pay_00000000000992,order_0000000992,1001.99,upi,captured,2025-11-25T17:00:04+05:30
pay_00000000000993,order_0000000993,1056.00,wallet,captured,2025-11-14T12:01:33+05:30
pay_00000000000994,order_0000000994,2801.27,card,captured,2025-11-27T03:51:09+05:30
pay_00000000000995,order_0000000995,861.99,upi,captured,2025-11-10T23:09:43+05:30
pay_00000000000996,order_0000000996,774.00,card,captured,2025-11-10T19:53:22+05:30
pay_00000000000997,order_0000000997,1848.43,netbanking,captured,2025-11-29T04:49:37+05:30
pay_00000000000998,order_0000000998,3205.61,upi,captured,2025-11-24T17:19:49+05:30
pay_00000000000999,order_0000000999,856.47,card,captured,2025-11-25T10:28:12+05:30
pay_00000000001000,order_0000001000,608.99,wallet,captured,2025-11-28T19:34:20+05:30
pay_00000000001001,order_0000001001,380.91,wallet,captured,2025-11-02T08:24:19+05:30
pay_00000000001002,order_0000001002,559.00,netbanking,captured,2025-11-29T23:32:13+05:30
pay_00000000001003,order_0000001003,527.45,card,captured,2025-11-01T19:20:02+05:30
pay_00000000001004,order_0000001004,116.72,netbanking,captured,2025-11-01T19:28:39+05:30
pay_00000000001005,order_0000001005,864.00,card,captured,2025-11-28T16:40:40+05:30
pay_00000000001006,order_0000001006,778.00,card,captured,2025-11-27T12:07:16+05:30
pay_00000000001007,order_0000001007,227.00,upi,captured,2025-11-24T15:23:12+05:30
pay_00000000001008,order_0000001008,298.21,upi,captured,2025-11-20T10:57:31+05:30
pay_00000000001009,order_0000001009,740.00,upi,captured,2025-11-01T03:57:33+05:30
pay_00000000001010,order_0000001010,1605.99,upi,failed,2025-11-19T13:03:53+05:30
pay_00000000001011,order_0000001011,629.05,netbanking,captured,2025-11-27T14:02:15+05:30
pay_00000000001012,order_0000001012,343.41,netbanking,failed,2025-11-07T11:18:23+05:30
pay_00000000001013,order_0000001013,929.22,wallet,captured,2025-11-03T04:54:01+05:30
pay_00000000001014,order_0000001014,3481.35,wallet,captured,2025-11-16T23:23:49+05:30
pay_00000000001015,order_0000001015,580.00,upi,captured,2025-11-02T07:41:02+05:30
pay_00000000001016,order_0000001016,282.03,upi,captured,2025-11-18T14:15:29+05:30
pay_00000000001017,order_0000001017,728.00,upi,captured,2025-11-19T19:26:09+05:30
pay_00000000001018,order_0000001018,478.28,card,captured,2025-11-06T16:32:26+05:30
pay_00000000001019,order_0000001019,2175.08,upi,captured,2025-11-25T17:19:40+05:30
pay_00000000001020,order_0000001020,1325.00,card,captured,2025-11-11T09:55:11+05:30
pay_00000000001021,order_0000001021,709.73,card,captured,2025-11-25T00:32:52+05:30
pay_00000000001022,order_0000001022,606.00,upi,failed,2025-11-30T19:20:02+05:30
pay_00000000001023,order_0000001023,231.70,card,captured,2025-11-21T12:19:10+05:30
pay_00000000001024,order_0000001024,685.47,wallet,captured,2025-11-26T22:05:36+05:30
pay_00000000001025,order_0000001025,211.85,upi,captured,2025-11-05T11:56:21+05:30
pay_00000000001026,order_0000001026,531.99,upi,captured,2025-11-30T21:56:38+05:30
pay_00000000001027,order_0000001027,935.00,upi,captured,2025-11-08T17:55:04+05:30
pay_00000000001028,order_0000001028,575.28,netbanking,captured,2025-11-07T11:03:35+05:30
pay_00000000001029,order_0000001029,255.84,upi,captured,2025-11-02T02:39:53+05:30
pay_00000000001030,order_0000001030,523.58,upi,captured,2025-11-23T16:15:20+05:30
pay_00000000001031,order_0000001031,546.31,upi,captured,2025-11-28T14:40:22+05:30
pay_00000000001032,order_0000001032,489.00,upi,captured,2025-11-10T14:58:56+05:30
pay_00000000001033,order_0000001033,477.00,upi,captured,2025-11-04T14:16:34+05:30
pay_00000000001034,order_0000001034,411.20,card,captured,2025-11-22T19:23:01+05:30
pay_00000000001035,order_0000001035,9560.51,upi,captured,2025-11-18T23:32:59+05:30
pay_00000000001036,order_0000001036,569.98,upi,failed,2025-11-18T18:17:41+05:30
pay_00000000001037,order_0000001037,747.77,card,captured,2025-11-18T17:03:00+05:30
pay_00000000001038,order_0000001038,124.91,card,captured,2025-11-16T17:52:47+05:30
pay_00000000001039,order_0000001039,2390.81,upi,captured,2025-11-14T02:59:15+05:30
pay_00000000001040,order_0000001040,1512.00,card,captured,2025-11-16T19:05:15+05:30
pay_00000000001041,order_0000001041,2224.00,upi,captured,2025-11-07T20:22:46+05:30
pay_00000000001042,order_0000001042,445.63,upi,captured,2025-11-27T17:11:14+05:30
pay_00000000001043,order_0000001043,502.00,wallet,captured,2025-11-27T15:08:56+05:30
pay_00000000001044,order_0000001044,3341.91,card,captured,2025-11-17T17:55:38+05:30
pay_00000000001045,order_0000001045,3398.00,card,captured,2025-11-19T20:26:20+05:30
pay_00000000001046,order_0000001046,354.42,upi,captured,2025-11-10T22:08:43+05:30
pay_00000000001047,order_0000001047,432.61,netbanking,failed,2025-11-09T13:26:27+05:30
pay_00000000001048,order_0000001048,586.00,wallet,captured,2025-11-03T18:32:44+05:30
pay_00000000001049,order_0000001049,645.00,upi,failed,2025-11-27T13:08:52+05:30
pay_00000000001050,order_0000001050,440.00,card,captured,2025-11-11T23:51:21+05:30
pay_00000000001051,order_0000001051,152.99,card,captured,2025-11-13T10:29:32+05:30
pay_00000000001052,order_0000001052,258.81,upi,captured,2025-11-19T20:01:50+05:30
pay_00000000001053,order_0000001053,423.99,netbanking,captured,2025-11-10T12:23:45+05:30
pay_00000000001054,order_0000001054,137.40,card,captured,2025-11-13T22:55:38+05:30
pay_00000000001055,order_0000001055,1130.19,upi,captured,2025-11-13T14:31:22+05:30
pay_00000000001056,order_0000001056,997.00,card,captured,2025-11-21T20:16:47+05:30
pay_00000000001057,order_0000001057,551.34,upi,captured,2025-11-10T23:30:59+05:30
pay_00000000001058,order_0000001058,386.99,netbanking,captured,2025-11-06T04:40:36+05:30
pay_00000000001059,order_0000001059,937.00,card,captured,2025-11-27T17:14:08+05:30
pay_00000000001060,order_0000001060,482.29,card,captured,2025-11-29T15:33:18+05:30
pay_00000000001061,order_0000001061,2716.99,upi,captured,2025-11-30T23:54:56+05:30
pay_00000000001062,order_0000001062,1381.00,upi,failed,2025-11-14T15:29:46+05:30
pay_00000000001063,order_0000001063,1001.99,netbanking,captured,2025-11-25T17:21:58+05:30
pay_00000000001064,order_0000001064,14002.00,upi,captured,2025-11-01T14:06:49+05:30
pay_00000000001065,order_0000001065,604.52,wallet,captured,2025-11-13T20:14:16+05:30
pay_00000000001066,order_0000001066,743.00,upi,captured,2025-11-04T19:03:49+05:30
pay_00000000001067,order_0000001067,876.28,netbanking,captured,2025-11-29T13:06:07+05:30
pay_00000000001068,order_0000001068,734.65,card,captured,2025-11-03T17:13:22+05:30
pay_00000000001069,order_0000001069,463.74,card,captured,2025-11-25T22:52:32+05:30
pay_00000000001070,order_0000001070,447.61,upi,captured,2025-11-23T14:14:19+05:30
pay_00000000001071,order_0000001071,855.00,card,captured,2025-11-02T05:13:01+05:30
pay_00000000001072,order_0000001072,119.00,upi,captured,2025-11-23T17:57:50+05:30
pay_00000000001073,order_0000001073,136.00,netbanking,captured,2025-11-14T12:20:02+05:30
pay_00000000001074,order_0000001074,605.62,wallet,captured,2025-11-09T13:19:41+05:30
pay_00000000001075,order_0000001075,423.64,upi,captured,2025-11-05T15:36:41+05:30
pay_00000000001076,order_0000001076,16272.45,upi,captured,2025-11-16T17:32:51+05:30
pay_00000000001077,order_0000001077,608.86,card,captured,2025-11-28T12:38:56+05:30
pay_00000000001078,order_0000001078,755.00,upi,captured,2025-11-08T23:40:25+05:30
pay_00000000001079,order_0000001079,979.00,card,failed,2025-11-16T15:12:30+05:30
pay_00000000001080,order_0000001080,16548.99,card,captured,2025-11-17T22:43:50+05:30
pay_00000000001081,order_0000001081,631.00,upi,captured,2025-11-07T21:31:43+05:30
pay_00000000001082,order_0000001082,2302.29,upi,captured,2025-11-22T23:46:58+05:30
pay_00000000001083,order_0000001083,239.41,upi,captured,2025-11-03T16:09:50+05:30
pay_00000000001084,order_0000001084,1609.58,wallet,captured,2025-11-20T10:30:01+05:30
pay_00000000001085,order_0000001085,676.94,card,captured,2025-11-18T11:05:22+05:30
pay_00000000001086,order_0000001086,344.00,upi,captured,2025-11-15T22:35:42+05:30
pay_00000000001087,order_0000001087,338.71,card,captured,2025-11-05T14:53:25+05:30
pay_00000000001088,order_0000001088,799.00,upi,captured,2025-11-11T15:29:20+05:30
pay_00000000001089,order_0000001089,392.46,upi,captured,2025-11-19T09:06:01+05:30
pay_00000000001090,order_0000001090,344.99,card,captured,2025-11-23T07:01:05+05:30
pay_00000000001091,order_0000001091,272.13,card,captured,2025-11-28T19:14:48+05:30
pay_00000000001092,order_0000001092,474.70,card,captured,2025-11-26T18:21:47+05:30
pay_00000000001093,order_0000001093,3004.13,upi,failed,2025-11-05T15:51:30+05:30
pay_00000000001094,order_0000001094,1597.41,upi,captured,2025-11-02T17:35:26+05:30
pay_00000000001095,order_0000001095,697.00,wallet,captured,2025-11-10T16:39:37+05:30
pay_00000000001096,order_0000001096,2131.00,card,captured,2025-11-01T23:52:57+05:30
pay_00000000001097,order_0000001097,584.99,netbanking,captured,2025-11-02T15:42:26+05:30
pay_00000000001098,order_0000001098,406.36,card,captured,2025-11-02T00:01:12+05:30
pay_00000000001099,order_0000001099,1023.95,upi,captured,2025-11-05T16:20:49+05:30
pay_00000000001100,order_0000001100,1057.55,wallet,captured,2025-11-08T22:53:56+05:30
pay_00000000001101,order_0000001101,1057.00,netbanking,captured,2025-11-04T06:31:50+05:30
pay_00000000001102,order_0000001102,1797.79,upi,captured,2025-11-30T21:21:17+05:30
pay_00000000001103,order_0000001103,198.90,wallet,captured,2025-11-07T13:37:29+05:30
pay_00000000001104,order_0000001104,685.99,wallet,captured,2025-11-09T10:09:22+05:30
pay_00000000001105,order_0000001105,244.00,upi,captured,2025-11-20T13:09:48+05:30
pay_00000000001106,order_0000001106,414.00,upi,captured,2025-11-21T12:44:24+05:30
pay_00000000001107,order_0000001107,2332.00,netbanking,captured,2025-11-14T05:33:51+05:30
pay_00000000001108,order_0000001108,205.99,card,captured,2025-11-17T23:03:12+05:30
pay_00000000001109,order_0000001109,1065.99,upi,captured,2025-11-18T07:18:10+05:30
pay_00000000001110,order_0000001110,202.38,upi,captured,2025-11-22T01:18:50+05:30
pay_00000000001111,order_0000001111,2760.32,card,captured,2025-11-18T17:17:46+05:30
pay_00000000001112,order_0000001112,964.00,upi,captured,2025-11-28T08:50:56+05:30
pay_00000000001113,order_0000001113,3457.00,upi,captured,2025-11-08T17:31:49+05:30
pay_00000000001114,order_0000001114,3463.00,wallet,captured,2025-11-18T17:43:14+05:30
pay_00000000001115,order_0000001115,1005.00,card,captured,2025-11-07T20:27:37+05:30
pay_00000000001116,order_0000001116,648.16,card,captured,2025-11-18T23:25:58+05:30
pay_00000000001117,order_0000001117,666.52,upi,captured,2025-11-08T21:26:06+05:30
pay_00000000001118,order_0000001118,2693.39,upi,captured,2025-11-25T20:10:54+05:30
pay_00000000001119,order_0000001119,717.00,card,captured,2025-11-30T16:19:22+05:30
pay_00000000001120,order_0000001120,243.60,card,captured,2025-11-10T13:57:38+05:30
pay_00000000001121,order_0000001121,313.09,wallet,captured,2025-11-08T13:09:54+05:30
pay_00000000001122,order_0000001122,1651.76,netbanking,captured,2025-11-14T17:16:03+05:30
pay_00000000001123,order_0000001123,558.43,upi,captured,2025-11-06T06:26:11+05:30
pay_00000000001124,order_0000001124,122.99,card,captured,2025-11-18T12:16:37+05:30
pay_00000000001125,order_0000001125,718.26,card,captured,2025-11-07T21:50:43+05:30
pay_00000000001126,order_0000001126,691.00,wallet,captured,2025-11-16T14:10:40+05:30
pay_00000000001127,order_0000001127,696.66,upi,captured,2025-11-22T22:10:49+05:30
pay_00000000001128,order_0000001128,352.10,wallet,captured,2025-11-29T09:37:24+05:30
pay_00000000001129,order_0000001129,864.00,upi,captured,2025-11-20T19:51:57+05:30
pay_00000000001130,order_0000001130,874.95,card,failed,2025-11-06T13:53:14+05:30
pay_00000000001131,order_0000001131,877.09,upi,captured,2025-11-06T20:47:43+05:30
pay_00000000001132,order_0000001132,421.67,wallet,captured,2025-11-11T15:01:12+05:30
pay_00000000001133,order_0000001133,226.35,upi,captured,2025-11-02T18:10:32+05:30
pay_00000000001134,order_0000001134,866.00,upi,captured,2025-11-11T18:05:45+05:30
pay_00000000001135,order_0000001135,2363.01,netbanking,captured,2025-11-12T14:21:57+05:30
pay_00000000001136,order_0000001136,858.18,netbanking,captured,2025-11-16T23:56:23+05:30
pay_00000000001137,order_0000001137,726.17,upi,captured,2025-11-22T13:25:06+05:30
pay_00000000001138,order_0000001138,995.15,wallet,captured,2025-11-11T08:43:19+05:30
pay_00000000001139,order_0000001139,597.00,wallet,captured,2025-11-04T07:06:19+05:30
pay_00000000001140,order_0000001140,899.00,upi,captured,2025-11-11T04:27:56+05:30
pay_00000000001141,order_0000001141,152.00,card,captured,2025-11-11T16:35:20+05:30
pay_00000000001142,order_0000001142,4955.00,upi,captured,2025-11-17T12:25:06+05:30
pay_00000000001143,order_0000001143,634.10,card,captured,2025-11-20T09:13:39+05:30
pay_00000000001144,order_0000001144,3495.00,upi,captured,2025-11-22T20:29:52+05:30
pay_00000000001145,order_0000001145,864.79,card,captured,2025-11-14T22:19:06+05:30
pay_00000000001146,order_0000001146,392.03,upi,captured,2025-11-30T23:06:25+05:30
pay_00000000001147,order_0000001147,179.48,wallet,captured,2025-11-16T06:12:00+05:30
pay_00000000001148,order_0000001148,607.95,card,captured,2025-11-26T00:06:51+05:30
pay_00000000001149,order_0000001149,1354.61,upi,captured,2025-11-27T06:40:17+05:30
pay_00000000001150,order_0000001150,256.98,upi,captured,2025-11-12T14:24:35+05:30
pay_00000000001151,order_0000001151,198.00,upi,captured,2025-11-01T13:18:09+05:30
pay_00000000001152,order_0000001152,629.00,card,captured,2025-11-09T04:39:17+05:30
pay_00000000001153,order_0000001153,380.47,upi,captured,2025-11-13T21:44:38+05:30
pay_00000000001154,order_0000001154,2053.89,upi,captured,2025-11-02T15:38:24+05:30
pay_00000000001155,order_0000001155,896.00,upi,captured,2025-11-18T15:49:26+05:30
pay_00000000001156,order_0000001156,1935.76,card,captured,2025-11-22T17:52:38+05:30
pay_00000000001157,order_0000001157,741.84,upi,captured,2025-11-19T23:16:16+05:30
pay_00000000001158,order_0000001158,137.00,card,captured,2025-11-26T18:02:38+05:30
pay_00000000001159,order_0000001159,1068.20,upi,captured,2025-11-08T18:25:37+05:30
pay_00000000001160,order_0000001160,248.99,upi,captured,2025-11-30T21:02:28+05:30
pay_00000000001161,order_0000001161,1031.00,upi,captured,2025-11-09T03:13:43+05:30
pay_00000000001162,order_0000001162,416.37,upi,captured,2025-11-05T14:05:30+05:30
pay_00000000001163,order_0000001163,745.81,card,failed,2025-11-05T07:59:04+05:30
pay_00000000001164,order_0000001164,863.00,upi,captured,2025-11-03T07:07:26+05:30
pay_00000000001165,order_0000001165,151.15,upi,captured,2025-11-09T18:03:43+05:30
pay_00000000001166,order_0000001166,944.00,netbanking,captured,2025-11-19T23:15:08+05:30
pay_00000000001167,order_0000001167,606.99,upi,captured,2025-11-09T09:12:39+05:30
pay_00000000001168,order_0000001168,884.00,upi,captured,2025-11-05T11:07:07+05:30
pay_00000000001169,order_0000001169,868.99,card,captured,2025-11-13T23:48:41+05:30
pay_00000000001170,order_0000001170,415.00,card,captured,2025-11-30T02:00:49+05:30
pay_00000000001171,order_0000001171,663.09,wallet,captured,2025-11-15T14:48:59+05:30
pay_00000000001172,order_0000001172,492.01,card,captured,2025-11-15T03:28:34+05:30
pay_00000000001173,order_0000001173,994.76,upi,captured,2025-11-07T16:41:33+05:30
pay_00000000001174,order_0000001174,238.62,upi,captured,2025-11-30T06:01:40+05:30
pay_00000000001175,order_0000001175,2170.26,upi,captured,2025-11-15T12:46:59+05:30
pay_00000000001176,order_0000001176,334.35,upi,captured,2025-11-14T18:53:32+05:30
pay_00000000001177,order_0000001177,1045.00,upi,captured,2025-11-13T22:33:33+05:30
pay_00000000001178,order_0000001178,800.69,card,captured,2025-11-15T14:22:29+05:30
pay_00000000001179,order_0000001179,1069.00,card,captured,2025-11-06T05:57:11+05:30
pay_00000000001180,order_0000001180,836.99,netbanking,captured,2025-11-10T08:22:26+05:30
pay_00000000001181,order_0000001181,1077.00,card,captured,2025-11-20T09:28:30+05:30
pay_00000000001182,order_0000001182,162.26,card,captured,2025-11-16T09:25:56+05:30
pay_00000000001183,order_0000001183,887.00,card,captured,2025-11-26T12:18:17+05:30
pay_00000000001184,order_0000001184,852.85,upi,captured,2025-11-06T06:56:23+05:30
pay_00000000001185,order_0000001185,827.00,upi,captured,2025-11-15T08:27:31+05:30
pay_00000000001186,order_0000001186,2349.99,netbanking,captured,2025-11-13T06:02:53+05:30
pay_00000000001187,order_0000001187,2429.95,upi,captured,2025-11-08T10:39:59+05:30
pay_00000000001188,order_0000001188,1060.64,card,captured,2025-11-15T01:51:11+05:30
pay_00000000001189,order_0000001189,815.00,card,captured,2025-11-05T10:14:28+05:30
pay_00000000001190,order_0000001190,886.56,card,captured,2025-11-30T01:19:24+05:30
pay_00000000001191,order_0000001191,2544.62,card,captured,2025-11-16T21:51:27+05:30
pay_00000000001192,order_0000001192,559.99,netbanking,captured,2025-11-24T11:54:41+05:30
pay_00000000001193,order_0000001193,917.77,card,captured,2025-11-05T04:42:12+05:30
pay_00000000001194,order_0000001194,678.52,upi,captured,2025-11-22T13:45:21+05:30
pay_00000000001195,order_0000001195,925.82,card,captured,2025-11-16T21:28:27+05:30
pay_00000000001196,order_0000001196,1889.93,upi,captured,2025-11-18T22:11:18+05:30
pay_00000000001197,order_0000001197,550.00,upi,captured,2025-11-17T21:39:03+05:30
pay_00000000001198,order_0000001198,880.34,card,captured,2025-11-09T01:16:45+05:30
pay_00000000001199,order_0000001199,957.56,upi,captured,2025-11-27T23:21:33+05:30
pay_00000000001200,order_0000001200,730.00,wallet,failed,2025-11-23T12:52:21+05:30
pay_00000000001201,order_0000001201,630.00,upi,captured,2025-11-05T06:30:08+05:30
pay_00000000001202,order_0000001202,137.88,upi,captured,2025-11-28T22:24:26+05:30
pay_00000000001203,order_0000001203,2443.27,upi,captured,2025-11-15T10:45:08+05:30
pay_00000000001204,order_0000001204,679.00,card,captured,2025-11-03T19:26:28+05:30
pay_00000000001205,order_0000001205,982.00,upi,captured,2025-11-30T10:28:18+05:30
pay_00000000001206,order_0000001206,522.00,netbanking,captured,2025-11-21T11:44:24+05:30
pay_00000000001207,order_0000001207,15636.00,upi,captured,2025-11-22T22:11:11+05:30
pay_00000000001208,order_0000001208,416.00,card,captured,2025-11-17T18:02:15+05:30
pay_00000000001209,order_0000001209,1408.00,wallet,captured,2025-11-06T22:23:57+05:30
pay_00000000001210,order_0000001210,1759.99,upi,captured,2025-11-07T22:03:29+05:30
pay_00000000001211,order_0000001211,1980.84,netbanking,captured,2025-11-11T15:16:23+05:30
pay_00000000001212,order_0000001212,913.99,card,captured,2025-11-20T13:55:08+05:30
pay_00000000001213,order_0000001213,1363.15,netbanking,captured,2025-11-04T17:23:23+05:30
pay_00000000001214,order_0000001214,815.63,upi,captured,2025-11-29T20:58:49+05:30
pay_00000000001215,order_0000001215,366.97,card,captured,2025-11-12T15:25:05+05:30
pay_00000000001216,order_0000001216,982.89,upi,captured,2025-11-06T06:24:29+05:30
pay_00000000001217,order_0000001217,563.00,netbanking,captured,2025-11-23T22:47:35+05:30
pay_00000000001218,order_0000001218,2436.00,upi,captured,2025-11-12T17:42:42+05:30
pay_00000000001219,order_0000001219,983.00,card,captured,2025-11-24T14:04:48+05:30
pay_00000000001220,order_0000001220,831.67,upi,captured,2025-11-30T22:38:56+05:30
pay_00000000001221,order_0000001221,935.00,upi,captured,2025-11-20T14:11:28+05:30
pay_00000000001222,order_0000001222,15336.00,card,captured,2025-11-03T06:57:53+05:30
pay_00000000001223,order_0000001223,1065.76,card,captured,2025-11-07T11:23:51+05:30
pay_00000000001224,order_0000001224,3072.85,upi,captured,2025-11-13T21:02:49+05:30
pay_00000000001225,order_0000001225,723.00,netbanking,captured,2025-11-08T18:22:42+05:30
pay_00000000001226,order_0000001226,173.99,wallet,captured,2025-11-22T12:09:27+05:30
pay_00000000001227,order_0000001227,225.99,card,failed,2025-11-25T23:24:16+05:30
pay_00000000001228,order_0000001228,245.90,upi,captured,2025-11-05T18:18:57+05:30
pay_00000000001229,order_0000001229,12147.60,upi,captured,2025-11-07T21:26:05+05:30
pay_00000000001230,order_0000001230,158.00,netbanking,captured,2025-11-21T19:29:33+05:30
pay_00000000001231,order_0000001231,372.80,wallet,captured,2025-11-17T16:09:39+05:30
pay_00000000001232,order_0000001232,373.00,upi,captured,2025-11-12T21:03:40+05:30
pay_00000000001233,order_0000001233,659.85,upi,captured,2025-11-21T17:26:20+05:30
pay_00000000001234,order_0000001234,618.48,card,captured,2025-11-09T01:31:15+05:30
pay_00000000001235,order_0000001235,577.92,card,captured,2025-11-28T19:00:56+05:30
pay_00000000001236,order_0000001236,976.52,upi,captured,2025-11-22T08:33:43+05:30
pay_00000000001237,order_0000001237,525.29,upi,captured,2025-11-03T23:56:21+05:30
pay_00000000001238,order_0000001238,584.07,netbanking,captured,2025-11-12T21:57:34+05:30
pay_00000000001239,order_0000001239,2341.00,upi,captured,2025-11-26T08:13:59+05:30
pay_00000000001240,order_0000001240,108.05,upi,failed,2025-11-08T18:21:52+05:30
pay_00000000001241,order_0000001241,594.00,netbanking,captured,2025-11-05T04:29:45+05:30
pay_00000000001242,order_0000001242,102.47,upi,captured,2025-11-06T16:55:58+05:30
pay_00000000001243,order_0000001243,2840.00,netbanking,captured,2025-11-22T09:11:05+05:30
pay_00000000001244,order_0000001244,940.42,upi,captured,2025-11-06T12:26:37+05:30
pay_00000000001245,order_0000001245,1013.00,upi,captured,2025-11-02T23:08:00+05:30
pay_00000000001246,order_0000001246,467.72,upi,captured,2025-11-25T19:55:33+05:30
pay_00000000001247,order_0000001247,722.07,upi,captured,2025-11-08T12:53:15+05:30
pay_00000000001248,order_0000001248,2882.99,upi,captured,2025-11-22T13:19:41+05:30
pay_00000000001249,order_0000001249,346.99,card,captured,2025-11-16T18:47:26+05:30
pay_00000000001250,order_0000001250,432.81,card,captured,2025-11-25T09:26:36+05:30
pay_00000000001251,order_0000001251,954.98,upi,captured,2025-11-22T14:54:38+05:30
pay_00000000001252,order_0000001252,202.80,card,captured,2025-11-26T03:03:55+05:30
pay_00000000001253,order_0000001253,724.00,card,captured,2025-11-18T00:29:15+05:30
pay_00000000001254,order_0000001254,2906.11,upi,captured,2025-11-01T23:16:51+05:30
pay_00000000001255,order_0000001255,2745.00,upi,captured,2025-11-12T17:20:40+05:30
pay_00000000001256,order_0000001256,189.00,card,captured,2025-11-23T11:34:05+05:30
pay_00000000001257,order_0000001257,109.21,upi,captured,2025-11-14T19:26:16+05:30
pay_00000000001258,order_0000001258,598.01,card,captured,2025-11-20T20:03:10+05:30
pay_00000000001259,order_0000001259,814.99,card,captured,2025-11-08T16:57:22+05:30
pay_00000000001260,order_0000001260,663.99,card,captured,2025-11-15T18:54:08+05:30
pay_00000000001261,order_0000001261,13151.00,upi,captured,2025-11-17T17:42:28+05:30
pay_00000000001262,order_0000001262,2088.76,upi,captured,2025-11-19T01:31:59+05:30
pay_00000000001263,order_0000001263,2093.53,card,captured,2025-11-01T16:09:38+05:30
pay_00000000001264,order_0000001264,3560.29,upi,captured,2025-11-11T19:26:25+05:30
pay_00000000001265,order_0000001265,8262.00,upi,captured,2025-11-30T18:10:32+05:30
pay_00000000001266,order_0000001266,1467.19,card,captured,2025-11-28T23:44:07+05:30
pay_00000000001267,order_0000001267,510.00,wallet,captured,2025-11-02T13:58:31+05:30
pay_00000000001268,order_0000001268,1978.10,upi,captured,2025-11-20T07:58:15+05:30
pay_00000000001269,order_0000001269,622.00,card,captured,2025-11-10T13:49:04+05:30
pay_00000000001270,order_0000001270,518.00,upi,failed,2025-11-16T18:02:22+05:30
pay_00000000001271,order_0000001271,3554.98,card,captured,2025-11-20T15:29:18+05:30
pay_00000000001272,order_0000001272,1988.41,upi,captured,2025-11-14T14:30:00+05:30
pay_00000000001273,order_0000001273,2990.99,card,captured,2025-11-23T18:55:41+05:30
pay_00000000001274,order_0000001274,6010.35,wallet,captured,2025-11-01T17:25:49+05:30
pay_00000000001275,order_0000001275,139.99,netbanking,captured,2025-11-16T14:57:59+05:30
pay_00000000001276,order_0000001276,847.00,card,captured,2025-11-16T14:39:11+05:30
pay_00000000001277,order_0000001277,436.06,card,captured,2025-11-08T20:34:23+05:30
pay_00000000001278,order_0000001278,478.00,wallet,captured,2025-11-24T16:08:05+05:30
pay_00000000001279,order_0000001279,2526.77,netbanking,captured,2025-11-17T12:41:50+05:30
pay_00000000001280,order_0000001280,1750.00,upi,captured,2025-11-07T22:05:02+05:30
pay_00000000001281,order_0000001281,209.00,upi,captured,2025-11-02T02:55:29+05:30
pay_00000000001282,order_0000001282,1598.99,card,captured,2025-11-15T09:37:39+05:30
pay_00000000001283,order_0000001283,2403.00,upi,captured,2025-11-06T16:13:54+05:30
pay_00000000001284,order_0000001284,204.46,card,captured,2025-11-29T14:20:10+05:30
pay_00000000001285,order_0000001285,9898.00,upi,captured,2025-11-03T14:30:09+05:30
pay_00000000001286,order_0000001286,1369.99,card,captured,2025-11-30T16:48:38+05:30
pay_00000000001287,order_0000001287,3597.98,upi,failed,2025-11-07T18:18:09+05:30
pay_00000000001288,order_0000001288,1024.00,netbanking,captured,2025-11-25T19:31:25+05:30
pay_00000000001289,order_0000001289,5785.00,card,captured,2025-11-19T18:30:17+05:30
pay_00000000001290,order_0000001290,649.00,upi,captured,2025-11-26T09:47:19+05:30
pay_00000000001291,order_0000001291,119.99,upi,captured,2025-11-25T12:22:49+05:30
pay_00000000001292,order_0000001292,401.00,netbanking,captured,2025-11-15T14:52:22+05:30
pay_00000000001293,order_0000001293,377.00,upi,captured,2025-11-26T16:12:54+05:30
pay_00000000001294,order_0000001294,626.00,card,captured,2025-11-16T14:56:36+05:30
pay_00000000001295,order_0000001295,2452.33,card,captured,2025-11-02T12:54:43+05:30
pay_00000000001296,order_0000001296,860.26,card,captured,2025-11-14T14:06:07+05:30
pay_00000000001297,order_0000001297,983.54,netbanking,captured,2025-11-17T23:12:41+05:30
pay_00000000001298,order_0000001298,782.99,card,failed,2025-11-21T19:41:58+05:30
pay_00000000001299,order_0000001299,585.49,upi,captured,2025-11-21T09:09:05+05:30
pay_00000000001300,order_0000001300,878.45,wallet,captured,2025-11-05T11:01:54+05:30
pay_00000000001301,order_0000001301,795.99,upi,captured,2025-11-04T18:21:58+05:30
pay_00000000001302,order_0000001302,741.12,upi,captured,2025-11-08T21:51:40+05:30
pay_00000000001303,order_0000001303,935.53,upi,captured,2025-11-29T07:58:30+05:30
pay_00000000001304,order_0000001304,2688.00,upi,captured,2025-11-16T06:48:35+05:30
pay_00000000001305,order_0000001305,1545.26,card,captured,2025-11-08T16:33:18+05:30
pay_00000000001306,order_0000001306,615.00,wallet,captured,2025-11-14T22:51:08+05:30
pay_00000000001307,order_0000001307,233.99,upi,captured,2025-11-10T11:56:05+05:30
pay_00000000001308,order_0000001308,323.00,upi,captured,2025-11-21T11:44:50+05:30
pay_00000000001309,order_0000001309,626.00,card,captured,2025-11-22T14:54:29+05:30
pay_00000000001310,order_0000001310,384.00,card,captured,2025-11-15T22:36:31+05:30
pay_00000000001311,order_0000001311,1050.99,upi,captured,2025-11-13T12:30:01+05:30
pay_00000000001312,order_0000001312,1017.10,upi,captured,2025-11-19T03:47:11+05:30
pay_00000000001313,order_0000001313,648.93,card,captured,2025-11-26T18:44:09+05:30
pay_00000000001314,order_0000001314,249.68,card,captured,2025-11-14T15:47:04+05:30
pay_00000000001315,order_0000001315,183.22,card,captured,2025-11-14T16:09:18+05:30
pay_00000000001316,order_0000001316,950.98,upi,captured,2025-11-27T21:54:11+05:30
pay_00000000001317,order_0000001317,132.89,upi,captured,2025-11-08T22:52:01+05:30
pay_00000000001318,order_0000001318,322.00,wallet,captured,2025-11-29T17:55:39+05:30
pay_00000000001319,order_0000001319,947.04,upi,captured,2025-11-23T10:08:58+05:30
pay_00000000001320,order_0000001320,223.00,upi,captured,2025-11-02T16:16:24+05:30
pay_00000000001321,order_0000001321,629.00,upi,captured,2025-11-15T21:04:41+05:30
pay_00000000001322,order_0000001322,11795.20,card,captured,2025-11-03T20:38:08+05:30
pay_00000000001323,order_0000001323,184.44,upi,failed,2025-11-11T13:01:57+05:30
pay_00000000001324,order_0000001324,1518.99,card,captured,2025-11-23T17:21:07+05:30
pay_00000000001325,order_0000001325,1853.00,upi,captured,2025-11-28T08:11:45+05:30
pay_00000000001326,order_0000001326,810.99,card,failed,2025-11-05T20:47:47+05:30
pay_00000000001327,order_0000001327,2258.45,card,captured,2025-11-11T21:14:09+05:30
pay_00000000001328,order_0000001328,905.52,upi,captured,2025-11-24T15:34:52+05:30
pay_00000000001329,order_0000001329,8192.99,upi,captured,2025-11-20T20:17:01+05:30
pay_00000000001330,order_0000001330,1024.69,upi,captured,2025-11-10T13:29:23+05:30
pay_00000000001331,order_0000001331,437.34,upi,captured,2025-11-01T08:26:18+05:30
pay_00000000001332,order_0000001332,311.62,upi,failed,2025-11-21T14:20:18+05:30
pay_00000000001333,order_0000001333,908.94,card,captured,2025-11-10T02:50:37+05:30
pay_00000000001334,order_0000001334,1020.04,upi,captured,2025-11-15T10:23:30+05:30
pay_00000000001335,order_0000001335,423.99,upi,captured,2025-11-28T22:28:11+05:30
pay_00000000001336,order_0000001336,1554.91,card,failed,2025-11-01T02:25:08+05:30
pay_00000000001337,order_0000001337,888.23,upi,captured,2025-11-28T13:02:31+05:30
pay_00000000001338,order_0000001338,410.41,upi,captured,2025-11-26T15:32:27+05:30
pay_00000000001339,order_0000001339,2577.99,wallet,failed,2025-11-14T00:27:25+05:30
pay_00000000001340,order_0000001340,361.49,upi,captured,2025-11-23T02:50:35+05:30
pay_00000000001341,order_0000001341,304.02,card,failed,2025-11-04T15:45:53+05:30
pay_00000000001342,order_0000001342,434.00,card,captured,2025-11-24T07:52:38+05:30
pay_00000000001343,order_0000001343,717.00,upi,captured,2025-11-21T08:47:27+05:30
pay_00000000001344,order_0000001344,704.00,wallet,captured,2025-11-14T18:36:38+05:30
pay_00000000001345,order_0000001345,459.61,upi,captured,2025-11-04T14:06:04+05:30
pay_00000000001346,order_0000001346,339.98,wallet,failed,2025-11-19T12:50:19+05:30
pay_00000000001347,order_0000001347,3050.01,wallet,captured,2025-11-15T15:09:26+05:30
pay_00000000001348,order_0000001348,454.17,upi,captured,2025-11-20T23:27:13+05:30
pay_00000000001349,order_0000001349,143.16,netbanking,captured,2025-11-29T14:16:33+05:30
pay_00000000001350,order_0000001350,1014.99,upi,captured,2025-11-10T07:42:01+05:30
pay_00000000001351,order_0000001351,566.52,card,captured,2025-11-02T15:04:57+05:30
pay_00000000001352,order_0000001352,1542.00,wallet,captured,2025-11-12T11:12:43+05:30
pay_00000000001353,order_0000001353,2658.47,card,captured,2025-11-21T03:26:37+05:30
pay_00000000001354,order_0000001354,291.00,upi,captured,2025-11-20T03:15:18+05:30
pay_00000000001355,order_0000001355,297.00,upi,captured,2025-11-13T19:23:13+05:30
pay_00000000001356,order_0000001356,805.00,card,captured,2025-11-17T21:42:48+05:30
pay_00000000001357,order_0000001357,634.00,card,captured,2025-11-07T20:04:28+05:30
pay_00000000001358,order_0000001358,878.35,netbanking,captured,2025-11-19T17:18:54+05:30
pay_00000000001359,order_0000001359,660.84,upi,captured,2025-11-29T19:48:48+05:30
pay_00000000001360,order_0000001360,808.76,card,captured,2025-11-18T20:13:43+05:30
pay_00000000001361,order_0000001361,845.31,card,captured,2025-11-18T14:33:12+05:30
pay_00000000001362,order_0000001362,507.00,card,captured,2025-11-08T22:28:36+05:30
pay_00000000001363,order_0000001363,246.99,card,captured,2025-11-10T22:49:20+05:30
pay_00000000001364,order_0000001364,655.00,upi,captured,2025-11-03T11:25:56+05:30
pay_00000000001365,order_0000001365,190.15,upi,captured,2025-11-20T23:52:56+05:30
pay_00000000001366,order_0000001366,602.90,upi,captured,2025-11-05T02:57:17+05:30
pay_00000000001367,order_0000001367,2632.99,upi,captured,2025-11-14T12:40:18+05:30
pay_00000000001368,order_0000001368,2962.01,wallet,captured,2025-11-08T19:29:09+05:30
pay_00000000001369,order_0000001369,215.70,upi,captured,2025-11-01T08:02:08+05:30
pay_00000000001370,order_0000001370,1258.10,card,captured,2025-11-12T07:07:02+05:30
pay_00000000001371,order_0000001371,2258.99,card,captured,2025-11-15T17:05:33+05:30
pay_00000000001372,order_0000001372,351.34,card,captured,2025-11-03T13:40:20+05:30
pay_00000000001373,order_0000001373,560.00,upi,captured,2025-11-23T21:03:17+05:30
pay_00000000001374,order_0000001374,633.11,upi,captured,2025-11-20T04:27:33+05:30
pay_00000000001375,order_0000001375,954.82,card,captured,2025-11-07T13:57:19+05:30
pay_00000000001376,order_0000001376,696.00,card,captured,2025-11-03T14:23:56+05:30
pay_00000000001377,order_0000001377,1830.00,card,captured,2025-11-03T23:24:50+05:30
pay_00000000001378,order_0000001378,571.00,card,captured,2025-11-08T21:23:22+05:30
pay_00000000001379,order_0000001379,1026.14,upi,captured,2025-11-04T09:55:51+05:30
pay_00000000001380,order_0000001380,170.02,upi,captured,2025-11-20T12:57:04+05:30
pay_00000000001381,order_0000001381,2306.00,card,captured,2025-11-13T20:12:37+05:30
pay_00000000001382,order_0000001382,800.00,card,captured,2025-11-06T13:36:10+05:30
pay_00000000001383,order_0000001383,908.00,upi,captured,2025-11-01T20:15:53+05:30
pay_00000000001384,order_0000001384,892.27,upi,captured,2025-11-14T12:56:20+05:30
pay_00000000001385,order_0000001385,340.00,netbanking,captured,2025-11-02T07:11:48+05:30
pay_00000000001386,order_0000001386,1048.45,card,captured,2025-11-23T12:55:41+05:30
pay_00000000001387,order_0000001387,773.98,upi,captured,2025-11-11T17:54:02+05:30
pay_00000000001388,order_0000001388,395.12,upi,captured,2025-11-12T18:46:31+05:30
pay_00000000001389,order_0000001389,324.19,upi,captured,2025-11-29T23:43:09+05:30
pay_00000000001390,order_0000001390,287.99,upi,captured,2025-11-18T22:44:14+05:30
pay_00000000001391,order_0000001391,3523.70,upi,captured,2025-11-15T06:24:19+05:30
pay_00000000001392,order_0000001392,259.79,card,captured,2025-11-02T15:18:38+05:30
pay_00000000001393,order_0000001393,1722.00,upi,captured,2025-11-02T07:08:03+05:30
pay_00000000001394,order_0000001394,750.00,card,captured,2025-11-30T16:32:32+05:30
pay_00000000001395,order_0000001395,878.69,upi,captured,2025-11-13T19:13:25+05:30
pay_00000000001396,order_0000001396,458.99,upi,captured,2025-11-18T19:08:48+05:30
pay_00000000001397,order_0000001397,275.99,card,captured,2025-11-11T22:41:09+05:30
pay_00000000001398,order_0000001398,1823.78,wallet,captured,2025-11-29T19:11:49+05:30
pay_00000000001399,order_0000001399,710.99,upi,captured,2025-11-14T10:14:24+05:30
pay_00000000001400,order_0000001400,1017.23,upi,captured,2025-11-07T13:12:35+05:30
pay_00000000001401,order_0000001401,265.03,upi,captured,2025-11-19T15:06:21+05:30
pay_00000000001402,order_0000001402,155.00,upi,captured,2025-11-20T15:50:02+05:30
pay_00000000001403,order_0000001403,901.21,upi,captured,2025-11-05T19:45:16+05:30
pay_00000000001404,order_0000001404,853.00,upi,captured,2025-11-22T14:33:10+05:30
pay_00000000001405,order_0000001405,324.82,wallet,captured,2025-11-28T22:03:44+05:30
pay_00000000001406,order_0000001406,485.99,upi,captured,2025-11-25T20:30:56+05:30
pay_00000000001407,order_0000001407,1438.99,card,captured,2025-11-30T19:17:23+05:30
pay_00000000001408,order_0000001408,1754.00,wallet,failed,2025-11-25T22:49:44+05:30
pay_00000000001409,order_0000001409,324.72,card,captured,2025-11-21T12:09:54+05:30
pay_00000000001410,order_0000001410,645.87,card,captured,2025-11-08T07:40:55+05:30
pay_00000000001411,order_0000001411,2559.30,upi,captured,2025-11-05T19:03:36+05:30
pay_00000000001412,order_0000001412,332.00,wallet,captured,2025-11-07T18:11:58+05:30
pay_00000000001413,order_0000001413,2865.23,upi,captured,2025-11-06T06:58:44+05:30
pay_00000000001414,order_0000001414,863.00,upi,captured,2025-11-12T17:07:41+05:30
pay_00000000001415,order_0000001415,111.79,upi,failed,2025-11-09T01:25:15+05:30
pay_00000000001416,order_0000001416,436.33,upi,captured,2025-11-11T01:59:29+05:30
pay_00000000001417,order_0000001417,320.00,card,captured,2025-11-15T06:49:19+05:30
pay_00000000001418,order_0000001418,3435.99,upi,captured,2025-11-20T13:24:13+05:30
pay_00000000001419,order_0000001419,1000.99,upi,captured,2025-11-19T13:56:20+05:30
pay_00000000001420,order_0000001420,2976.99,card,captured,2025-11-06T12:10:31+05:30
pay_00000000001421,order_0000001421,244.99,upi,captured,2025-11-08T16:00:47+05:30
pay_00000000001422,order_0000001422,852.00,card,captured,2025-11-09T14:56:48+05:30
pay_00000000001423,order_0000001423,2687.00,upi,captured,2025-11-07T15:04:53+05:30
pay_00000000001424,order_0000001424,2925.14,card,captured,2025-11-21T18:21:37+05:30
pay_00000000001425,order_0000001425,721.87,upi,captured,2025-11-09T04:15:27+05:30
pay_00000000001426,order_0000001426,1438.98,upi,captured,2025-11-22T20:07:52+05:30
pay_00000000001427,order_0000001427,453.75,wallet,captured,2025-11-19T12:29:14+05:30
pay_00000000001428,order_0000001428,134.00,upi,captured,2025-11-03T15:45:14+05:30
pay_00000000001429,order_0000001429,784.00,wallet,captured,2025-11-05T16:07:20+05:30
pay_00000000001430,order_0000001430,426.78,upi,captured,2025-11-21T14:25:56+05:30
pay_00000000001431,order_0000001431,3394.00,card,captured,2025-11-14T11:56:37+05:30
pay_00000000001432,order_0000001432,759.51,upi,captured,2025-11-20T08:27:58+05:30
pay_00000000001433,order_0000001433,205.60,upi,captured,2025-11-24T20:28:06+05:30
pay_00000000001434,order_0000001434,650.43,card,captured,2025-11-03T13:10:25+05:30
pay_00000000001435,order_0000001435,786.06,wallet,captured,2025-11-28T14:30:25+05:30
pay_00000000001436,order_0000001436,11852.19,card,captured,2025-11-08T22:12:23+05:30
pay_00000000001437,order_0000001437,508.97,upi,captured,2025-11-18T16:40:27+05:30
pay_00000000001438,order_0000001438,519.00,upi,captured,2025-11-26T17:14:54+05:30
pay_00000000001439,order_0000001439,277.47,card,captured,2025-11-14T16:35:59+05:30
pay_00000000001440,order_0000001440,401.46,upi,captured,2025-11-26T11:22:16+05:30
pay_00000000001441,order_0000001441,244.41,upi,captured,2025-11-26T08:53:05+05:30
pay_00000000001442,order_0000001442,1019.37,card,captured,2025-11-12T06:30:50+05:30
pay_00000000001443,order_0000001443,892.00,netbanking,captured,2025-11-09T09:32:36+05:30
pay_00000000001444,order_0000001444,2893.99,card,captured,2025-11-21T23:20:29+05:30
pay_00000000001445,order_0000001445,848.00,card,captured,2025-11-04T06:05:48+05:30
pay_00000000001446,order_0000001446,421.99,card,captured,2025-11-06T03:54:41+05:30
pay_00000000001447,order_0000001447,3157.99,card,captured,2025-11-28T08:35:59+05:30
pay_00000000001448,order_0000001448,341.00,upi,captured,2025-11-01T14:11:30+05:30
pay_00000000001449,order_0000001449,1023.45,upi,captured,2025-11-02T15:22:31+05:30
pay_00000000001450,order_0000001450,1976.99,upi,captured,2025-11-15T14:46:18+05:30
pay_00000000001451,order_0000001451,745.38,netbanking,captured,2025-11-22T15:18:42+05:30
pay_00000000001452,order_0000001452,2256.00,card,captured,2025-11-10T20:23:21+05:30
pay_00000000001453,order_0000001453,821.23,upi,captured,2025-11-16T13:59:14+05:30
pay_00000000001454,order_0000001454,2406.75,upi,captured,2025-11-09T16:38:10+05:30
pay_00000000001455,order_0000001455,13679.96,upi,captured,2025-11-29T01:00:38+05:30
pay_00000000001456,order_0000001456,700.00,netbanking,captured,2025-11-01T23:28:11+05:30
pay_00000000001457,order_0000001457,793.63,card,failed,2025-11-16T23:16:15+05:30
pay_00000000001458,order_0000001458,660.99,card,captured,2025-11-27T14:19:13+05:30
pay_00000000001459,order_0000001459,710.32,card,captured,2025-11-30T21:30:14+05:30
pay_00000000001460,order_0000001460,1035.98,wallet,captured,2025-11-25T18:11:51+05:30
pay_00000000001461,order_0000001461,336.48,wallet,captured,2025-11-09T16:06:22+05:30
pay_00000000001462,order_0000001462,591.00,card,captured,2025-11-25T05:49:08+05:30
pay_00000000001463,order_0000001463,456.38,wallet,captured,2025-11-15T23:44:32+05:30
pay_00000000001464,order_0000001464,177.99,upi,failed,2025-11-05T21:22:58+05:30
pay_00000000001465,order_0000001465,1469.09,netbanking,captured,2025-11-13T08:25:51+05:30
pay_00000000001466,order_0000001466,1261.52,wallet,failed,2025-11-20T20:17:34+05:30
pay_00000000001467,order_0000001467,717.27,upi,captured,2025-11-07T05:00:20+05:30
pay_00000000001468,order_0000001468,1636.48,wallet,captured,2025-11-27T11:02:34+05:30
pay_00000000001469,order_0000001469,705.00,wallet,captured,2025-11-07T16:05:40+05:30
pay_00000000001470,order_0000001470,992.00,card,captured,2025-11-24T15:38:31+05:30
pay_00000000001471,order_0000001471,701.00,netbanking,captured,2025-11-26T06:09:48+05:30
pay_00000000001472,order_0000001472,897.00,wallet,captured,2025-11-26T23:08:43+05:30
pay_00000000001473,order_0000001473,4468.99,upi,captured,2025-11-29T08:43:37+05:30
pay_00000000001474,order_0000001474,16532.00,upi,captured,2025-11-25T15:25:38+05:30
pay_00000000001475,order_0000001475,3329.79,netbanking,captured,2025-11-03T12:24:17+05:30
pay_00000000001476,order_0000001476,1076.00,card,captured,2025-11-04T20:00:42+05:30
pay_00000000001477,order_0000001477,930.95,netbanking,captured,2025-11-06T09:47:48+05:30
pay_00000000001478,order_0000001478,1292.95,card,captured,2025-11-23T18:10:12+05:30
pay_00000000001479,order_0000001479,2993.99,card,captured,2025-11-27T21:57:56+05:30
pay_00000000001480,order_0000001480,837.96,upi,captured,2025-11-30T07:24:33+05:30
pay_00000000001481,order_0000001481,581.00,upi,captured,2025-11-04T12:25:54+05:30
pay_00000000001482,order_0000001482,783.00,wallet,captured,2025-11-01T08:27:15+05:30
pay_00000000001483,order_0000001483,3531.71,upi,captured,2025-11-25T23:02:12+05:30
pay_00000000001484,order_0000001484,3558.00,netbanking,captured,2025-11-27T21:16:16+05:30
pay_00000000001485,order_0000001485,976.00,upi,captured,2025-11-05T16:06:20+05:30
pay_00000000001486,order_0000001486,147.55,upi,captured,2025-11-17T13:24:56+05:30
pay_00000000001487,order_0000001487,722.55,card,captured,2025-11-25T11:42:15+05:30
pay_00000000001488,order_0000001488,379.47,card,captured,2025-11-28T10:42:22+05:30
pay_00000000001489,order_0000001489,259.42,upi,captured,2025-11-08T18:49:24+05:30
pay_00000000001490,order_0000001490,169.70,card,captured,2025-11-07T18:29:16+05:30
pay_00000000001491,order_0000001491,575.21,upi,captured,2025-11-30T18:27:53+05:30
pay_00000000001492,order_0000001492,937.23,upi,captured,2025-11-01T16:10:12+05:30
pay_00000000001493,order_0000001493,462.00,card,captured,2025-11-23T04:51:32+05:30
pay_00000000001494,order_0000001494,1003.00,upi,failed,2025-11-19T08:37:59+05:30
pay_00000000001495,order_0000001495,223.00,wallet,captured,2025-11-22T14:49:52+05:30
pay_00000000001496,order_0000001496,588.72,wallet,captured,2025-11-14T21:11:33+05:30
pay_00000000001497,order_0000001497,2754.04,wallet,captured,2025-11-06T18:48:58+05:30
pay_00000000001498,order_0000001498,914.22,card,captured,2025-11-06T16:00:45+05:30
pay_00000000001499,order_0000001499,487.83,wallet,captured,2025-11-24T03:52:05+05:30
pay_00000000001500,order_0000001500,252.49,upi,failed,2025-11-22T04:37:46+05:30
pay_00000000001501,order_0000001501,292.00,card,captured,2025-11-11T06:28:26+05:30
pay_00000000001502,order_0000001502,1045.37,upi,failed,2025-11-24T21:50:41+05:30
pay_00000000001503,order_0000001503,2427.95,upi,captured,2025-11-12T13:31:12+05:30
pay_00000000001504,order_0000001504,566.01,upi,captured,2025-11-07T22:17:14+05:30
pay_00000000001505,order_0000001505,469.72,netbanking,captured,2025-11-09T07:49:08+05:30
pay_00000000001506,order_0000001506,3256.33,wallet,captured,2025-11-30T23:42:15+05:30
pay_00000000001507,order_0000001507,7689.99,upi,captured,2025-11-12T20:14:06+05:30
pay_00000000001508,order_0000001508,3067.00,netbanking,captured,2025-11-15T03:42:39+05:30
pay_00000000001509,order_0000001509,1990.21,upi,captured,2025-11-04T20:17:36+05:30
pay_00000000001510,order_0000001510,12580.00,upi,captured,2025-11-09T12:31:55+05:30
pay_00000000001511,order_0000001511,540.89,upi,captured,2025-11-05T12:25:41+05:30
pay_00000000001512,order_0000001512,386.24,upi,captured,2025-11-01T19:24:30+05:30
pay_00000000001513,order_0000001513,801.07,upi,captured,2025-11-13T15:30:54+05:30
pay_00000000001514,order_0000001514,791.30,upi,captured,2025-11-20T19:36:47+05:30
pay_00000000001515,order_0000001515,923.99,card,captured,2025-11-03T12:21:01+05:30
pay_00000000001516,order_0000001516,359.74,card,captured,2025-11-25T17:48:32+05:30
pay_00000000001517,order_0000001517,653.00,upi,captured,2025-11-24T07:07:37+05:30
pay_00000000001518,order_0000001518,402.99,card,captured,2025-11-05T19:46:12+05:30
pay_00000000001519,order_0000001519,713.10,netbanking,captured,2025-11-12T11:05:52+05:30
pay_00000000001520,order_0000001520,559.99,upi,captured,2025-11-27T11:06:20+05:30
pay_00000000001521,order_0000001521,988.11,upi,captured,2025-11-10T11:38:45+05:30
pay_00000000001522,order_0000001522,841.99,card,captured,2025-11-10T19:58:20+05:30
pay_00000000001523,order_0000001523,531.99,upi,captured,2025-11-12T23:15:29+05:30
pay_00000000001524,order_0000001524,712.99,upi,captured,2025-11-09T01:48:01+05:30
pay_00000000001525,order_0000001525,1041.94,upi,captured,2025-11-25T08:32:10+05:30
pay_00000000001526,order_0000001526,2003.00,wallet,captured,2025-11-13T13:50:34+05:30
pay_00000000001527,order_0000001527,465.79,wallet,captured,2025-11-03T13:29:47+05:30
pay_00000000001528,order_0000001528,718.00,netbanking,captured,2025-11-18T19:36:52+05:30
pay_00000000001529,order_0000001529,795.67,card,captured,2025-11-10T06:46:40+05:30
pay_00000000001530,order_0000001530,500.71,upi,captured,2025-11-28T17:37:45+05:30
pay_00000000001531,order_0000001531,629.00,upi,captured,2025-11-04T20:34:02+05:30
pay_00000000001532,order_0000001532,621.87,upi,captured,2025-11-12T23:31:31+05:30
pay_00000000001533,order_0000001533,691.00,upi,captured,2025-11-20T09:24:10+05:30
pay_00000000001534,order_0000001534,663.96,upi,captured,2025-11-28T23:46:38+05:30
pay_00000000001535,order_0000001535,745.27,upi,captured,2025-11-02T14:43:47+05:30
pay_00000000001536,order_0000001536,372.23,upi,captured,2025-11-13T05:57:22+05:30
pay_00000000001537,order_0000001537,561.00,card,captured,2025-11-03T17:14:42+05:30
pay_00000000001538,order_0000001538,182.00,card,captured,2025-11-14T22:44:06+05:30
pay_00000000001539,order_0000001539,140.99,wallet,captured,2025-11-09T13:06:54+05:30
pay_00000000001540,order_0000001540,844.99,upi,captured,2025-11-20T14:18:22+05:30
pay_00000000001541,order_0000001541,766.76,wallet,captured,2025-11-28T13:44:27+05:30
pay_00000000001542,order_0000001542,443.54,netbanking,captured,2025-11-13T13:03:49+05:30
pay_00000000001543,order_0000001543,591.36,card,captured,2025-11-05T20:54:25+05:30
pay_00000000001544,order_0000001544,706.09,upi,failed,2025-11-28T00:47:41+05:30
pay_00000000001545,order_0000001545,309.00,netbanking,captured,2025-11-10T09:48:47+05:30
pay_00000000001546,order_0000001546,1349.99,upi,captured,2025-11-28T21:18:45+05:30
pay_00000000001547,order_0000001547,2843.69,wallet,captured,2025-11-01T22:26:45+05:30
pay_00000000001548,order_0000001548,464.01,upi,captured,2025-11-30T18:13:36+05:30
pay_00000000001549,order_0000001549,441.95,upi,captured,2025-11-03T08:11:57+05:30
pay_00000000001550,order_0000001550,13118.00,upi,captured,2025-11-21T22:58:38+05:30
pay_00000000001551,order_0000001551,2301.27,netbanking,failed,2025-11-14T19:19:33+05:30
pay_00000000001552,order_0000001552,610.73,upi,captured,2025-11-22T23:18:14+05:30
pay_00000000001553,order_0000001553,843.73,netbanking,captured,2025-11-11T22:48:46+05:30
pay_00000000001554,order_0000001554,1068.00,wallet,captured,2025-11-11T20:25:52+05:30
pay_00000000001555,order_0000001555,12991.00,card,captured,2025-11-16T16:10:39+05:30
pay_00000000001556,order_0000001556,354.03,card,captured,2025-11-29T15:57:27+05:30
pay_00000000001557,order_0000001557,684.55,upi,captured,2025-11-27T10:34:16+05:30
pay_00000000001558,order_0000001558,932.99,card,captured,2025-11-23T10:30:14+05:30
pay_00000000001559,order_0000001559,2812.99,upi,captured,2025-11-03T20:16:52+05:30
pay_00000000001560,order_0000001560,258.52,upi,captured,2025-11-25T09:33:38+05:30
pay_00000000001561,order_0000001561,13625.99,wallet,captured,2025-11-27T16:10:11+05:30
pay_00000000001562,order_0000001562,357.34,upi,captured,2025-11-08T18:47:13+05:30
pay_00000000001563,order_0000001563,877.92,upi,failed,2025-11-21T06:52:04+05:30
pay_00000000001564,order_0000001564,607.58,upi,captured,2025-11-21T21:43:54+05:30
pay_00000000001565,order_0000001565,628.91,netbanking,captured,2025-11-01T17:18:57+05:30
pay_00000000001566,order_0000001566,1065.99,upi,captured,2025-11-14T00:18:40+05:30
pay_00000000001567,order_0000001567,397.25,netbanking,captured,2025-11-27T23:14:11+05:30
pay_00000000001568,order_0000001568,579.00,upi,captured,2025-11-25T09:10:46+05:30
pay_00000000001569,order_0000001569,9248.00,netbanking,captured,2025-11-23T22:11:31+05:30
pay_00000000001570,order_0000001570,133.00,wallet,captured,2025-11-30T19:42:28+05:30
pay_00000000001571,order_0000001571,980.24,upi,captured,2025-11-17T03:49:25+05:30
pay_00000000001572,order_0000001572,379.82,upi,captured,2025-11-22T23:09:03+05:30
pay_00000000001573,order_0000001573,826.58,upi,captured,2025-11-26T08:33:38+05:30
pay_00000000001574,order_0000001574,622.16,netbanking,captured,2025-11-11T14:13:28+05:30
pay_00000000001575,order_0000001575,390.00,card,captured,2025-11-03T01:16:17+05:30
pay_00000000001576,order_0000001576,891.00,card,captured,2025-11-28T23:45:18+05:30
pay_00000000001577,order_0000001577,7003.99,card,captured,2025-11-16T23:31:05+05:30
pay_00000000001578,order_0000001578,699.00,wallet,captured,2025-11-08T01:53:30+05:30
pay_00000000001579,order_0000001579,988.71,card,failed,2025-11-05T10:59:24+05:30
pay_00000000001580,order_0000001580,896.63,upi,captured,2025-11-04T20:18:06+05:30
pay_00000000001581,order_0000001581,537.18,upi,captured,2025-11-03T08:02:10+05:30
pay_00000000001582,order_0000001582,410.00,upi,captured,2025-11-06T08:31:38+05:30
pay_00000000001583,order_0000001583,510.90,card,captured,2025-11-19T04:05:54+05:30
pay_00000000001584,order_0000001584,427.00,wallet,failed,2025-11-19T01:26:40+05:30
pay_00000000001585,order_0000001585,851.00,upi,failed,2025-11-08T08:17:33+05:30
pay_00000000001586,order_0000001586,2589.99,upi,captured,2025-11-10T16:15:27+05:30
pay_00000000001587,order_0000001587,245.00,upi,captured,2025-11-06T07:40:15+05:30
pay_00000000001588,order_0000001588,478.69,upi,captured,2025-11-20T14:39:38+05:30
pay_00000000001589,order_0000001589,899.57,card,captured,2025-11-11T16:48:07+05:30
pay_00000000001590,order_0000001590,163.00,upi,captured,2025-11-15T15:27:41+05:30
pay_00000000001591,order_0000001591,505.00,upi,captured,2025-11-21T11:32:27+05:30
pay_00000000001592,order_0000001592,246.00,upi,captured,2025-11-24T15:32:59+05:30
pay_00000000001593,order_0000001593,569.99,upi,captured,2025-11-15T12:36:13+05:30
pay_00000000001594,order_0000001594,402.00,netbanking,captured,2025-11-26T04:27:16+05:30
pay_00000000001595,order_0000001595,990.99,upi,captured,2025-11-10T11:51:18+05:30
pay_00000000001596,order_0000001596,763.00,card,captured,2025-11-22T15:45:12+05:30
pay_00000000001597,order_0000001597,2454.00,upi,captured,2025-11-24T08:03:43+05:30
pay_00000000001598,order_0000001598,737.99,netbanking,captured,2025-11-10T16:42:59+05:30
pay_00000000001599,order_0000001599,283.99,upi,captured,2025-11-18T23:12:14+05:30
pay_00000000001600,order_0000001600,567.00,upi,captured,2025-11-15T20:26:14+05:30
pay_00000000001601,order_0000001601,822.99,upi,captured,2025-11-23T13:00:35+05:30
pay_00000000001602,order_0000001602,3307.89,upi,captured,2025-11-18T19:45:38+05:30
pay_00000000001603,order_0000001603,6043.23,upi,captured,2025-11-08T18:57:36+05:30
pay_00000000001604,order_0000001604,676.25,card,captured,2025-11-10T16:24:55+05:30
pay_00000000001605,order_0000001605,2758.00,card,captured,2025-11-30T20:28:12+05:30
pay_00000000001606,order_0000001606,912.00,upi,captured,2025-11-05T13:13:46+05:30
pay_00000000001607,order_0000001607,476.00,wallet,captured,2025-11-29T23:31:53+05:30
pay_00000000001608,order_0000001608,431.99,card,captured,2025-11-07T12:16:44+05:30
pay_00000000001609,order_0000001609,149.46,upi,captured,2025-11-06T07:47:30+05:30
pay_00000000001610,order_0000001610,352.45,upi,captured,2025-11-08T02:31:53+05:30
pay_00000000001611,order_0000001611,925.67,wallet,captured,2025-11-26T06:15:06+05:30
pay_00000000001612,order_0000001612,619.92,upi,captured,2025-11-16T19:51:48+05:30
pay_00000000001613,order_0000001613,694.00,card,captured,2025-11-17T17:33:26+05:30
pay_00000000001614,order_0000001614,3325.95,upi,captured,2025-11-21T18:06:30+05:30
pay_00000000001615,order_0000001615,2049.41,wallet,captured,2025-11-17T18:35:05+05:30
pay_00000000001616,order_0000001616,3152.90,card,captured,2025-11-10T18:57:07+05:30
pay_00000000001617,order_0000001617,2722.99,upi,captured,2025-11-13T21:56:54+05:30
pay_00000000001618,order_0000001618,248.99,upi,captured,2025-11-04T11:08:09+05:30
pay_00000000001619,order_0000001619,1064.00,wallet,captured,2025-11-01T05:15:13+05:30
pay_00000000001620,order_0000001620,119.66,card,captured,2025-11-20T21:45:53+05:30
pay_00000000001621,order_0000001621,273.11,upi,captured,2025-11-26T20:03:16+05:30
pay_00000000001622,order_0000001622,985.00,upi,captured,2025-11-03T10:22:04+05:30
pay_00000000001623,order_0000001623,415.00,upi,captured,2025-11-17T19:40:59+05:30
pay_00000000001624,order_0000001624,275.29,upi,captured,2025-11-20T17:25:36+05:30
pay_00000000001625,order_0000001625,339.94,card,captured,2025-11-03T18:30:07+05:30
pay_00000000001626,order_0000001626,1827.99,upi,captured,2025-11-23T20:09:19+05:30
pay_00000000001627,order_0000001627,828.96,upi,captured,2025-11-08T22:38:57+05:30
pay_00000000001628,order_0000001628,956.00,upi,captured,2025-11-20T20:59:55+05:30
pay_00000000001629,order_0000001629,700.00,card,failed,2025-11-05T13:07:05+05:30
pay_00000000001630,order_0000001630,1324.75,card,captured,2025-11-13T20:50:28+05:30
pay_00000000001631,order_0000001631,233.40,card,captured,2025-11-08T18:31:31+05:30
pay_00000000001632,order_0000001632,1798.00,card,captured,2025-11-15T12:07:58+05:30
pay_00000000001633,order_0000001633,875.00,netbanking,captured,2025-11-22T18:44:04+05:30
pay_00000000001634,order_0000001634,2338.00,upi,captured,2025-11-09T20:32:37+05:30
pay_00000000001635,order_0000001635,3309.99,netbanking,captured,2025-11-17T23:27:12+05:30
pay_00000000001636,order_0000001636,1022.61,upi,captured,2025-11-22T13:46:51+05:30
pay_00000000001637,order_0000001637,521.80,upi,captured,2025-11-24T22:01:30+05:30
pay_00000000001638,order_0000001638,2722.03,upi,captured,2025-11-14T20:34:10+05:30
pay_00000000001639,order_0000001639,709.44,upi,captured,2025-11-08T20:12:12+05:30
pay_00000000001640,order_0000001640,625.41,card,captured,2025-11-03T15:03:59+05:30
pay_00000000001641,order_0000001641,455.00,upi,captured,2025-11-04T13:58:42+05:30
pay_00000000001642,order_0000001642,732.00,upi,captured,2025-11-24T05:29:52+05:30
pay_00000000001643,order_0000001643,2208.00,card,captured,2025-11-09T08:42:25+05:30
pay_00000000001644,order_0000001644,1004.00,netbanking,failed,2025-11-20T15:27:26+05:30
pay_00000000001645,order_0000001645,3311.00,card,captured,2025-11-03T12:36:27+05:30
pay_00000000001646,order_0000001646,218.58,card,captured,2025-11-16T11:52:49+05:30
pay_00000000001647,order_0000001647,215.00,card,captured,2025-11-22T03:03:09+05:30
pay_00000000001648,order_0000001648,2389.00,upi,captured,2025-11-20T09:04:18+05:30
pay_00000000001649,order_0000001649,476.65,card,captured,2025-11-21T09:10:36+05:30
pay_00000000001650,order_0000001650,579.04,upi,captured,2025-11-28T14:42:33+05:30
pay_00000000001651,order_0000001651,1890.81,card,captured,2025-11-20T12:10:38+05:30
pay_00000000001652,order_0000001652,645.99,upi,failed,2025-11-18T18:57:49+05:30
pay_00000000001653,order_0000001653,807.99,wallet,captured,2025-11-01T21:39:10+05:30
pay_00000000001654,order_0000001654,791.00,upi,captured,2025-11-29T22:30:50+05:30
pay_00000000001655,order_0000001655,662.99,netbanking,captured,2025-11-16T18:50:12+05:30
pay_00000000001656,order_0000001656,1011.74,upi,captured,2025-11-04T17:14:16+05:30
pay_00000000001657,order_0000001657,553.55,upi,captured,2025-11-06T13:19:45+05:30
pay_00000000001658,order_0000001658,526.00,card,captured,2025-11-21T00:51:39+05:30
pay_00000000001659,order_0000001659,159.72,wallet,captured,2025-11-16T01:40:16+05:30
pay_00000000001660,order_0000001660,716.99,netbanking,captured,2025-11-08T11:57:22+05:30
pay_00000000001661,order_0000001661,458.55,upi,captured,2025-11-16T19:46:14+05:30
pay_00000000001662,order_0000001662,977.00,card,failed,2025-11-20T07:39:50+05:30
pay_00000000001663,order_0000001663,805.00,card,captured,2025-11-30T12:46:24+05:30
pay_00000000001664,order_0000001664,720.92,card,captured,2025-11-26T06:59:54+05:30
pay_00000000001665,order_0000001665,811.00,netbanking,captured,2025-11-03T11:15:05+05:30
pay_00000000001666,order_0000001666,1861.99,card,captured,2025-11-08T12:34:20+05:30
pay_00000000001667,order_0000001667,1010.75,card,captured,2025-11-09T22:54:01+05:30
pay_00000000001668,order_0000001668,259.79,card,captured,2025-11-04T22:57:24+05:30
pay_00000000001669,order_0000001669,392.16,upi,captured,2025-11-10T02:21:22+05:30
pay_00000000001670,order_0000001670,2060.00,upi,captured,2025-11-05T17:49:18+05:30
pay_00000000001671,order_0000001671,1057.00,upi,captured,2025-11-03T13:52:52+05:30
pay_00000000001672,order_0000001672,397.02,card,captured,2025-11-22T23:07:48+05:30
pay_00000000001673,order_0000001673,1024.30,upi,captured,2025-11-05T15:36:29+05:30
pay_00000000001674,order_0000001674,1054.99,netbanking,captured,2025-11-07T23:20:48+05:30
pay_00000000001675,order_0000001675,785.34,upi,captured,2025-11-04T14:25:14+05:30
pay_00000000001676,order_0000001676,870.05,wallet,captured,2025-11-13T08:23:49+05:30
pay_00000000001677,order_0000001677,1029.99,card,captured,2025-11-02T16:27:50+05:30
pay_00000000001678,order_0000001678,611.46,upi,captured,2025-11-27T06:13:45+05:30
pay_00000000001679,order_0000001679,513.38,upi,captured,2025-11-10T20:26:02+05:30
pay_00000000001680,order_0000001680,3307.99,upi,captured,2025-11-21T23:07:17+05:30
pay_00000000001681,order_0000001681,13932.00,upi,captured,2025-11-07T17:56:54+05:30
pay_00000000001682,order_0000001682,1054.99,upi,captured,2025-11-20T13:47:40+05:30
pay_00000000001683,order_0000001683,226.00,upi,captured,2025-11-02T06:49:19+05:30
pay_00000000001684,order_0000001684,517.37,upi,captured,2025-11-06T14:03:12+05:30
pay_00000000001685,order_0000001685,2904.00,upi,captured,2025-11-18T04:28:32+05:30
pay_00000000001686,order_0000001686,2028.00,upi,captured,2025-11-28T23:29:18+05:30
pay_00000000001687,order_0000001687,16642.99,card,failed,2025-11-09T16:13:17+05:30
pay_00000000001688,order_0000001688,650.42,upi,captured,2025-11-07T08:08:30+05:30
pay_00000000001689,order_0000001689,1624.00,wallet,captured,2025-11-06T18:43:04+05:30
pay_00000000001690,order_0000001690,1040.36,upi,captured,2025-11-11T21:21:52+05:30
pay_00000000001691,order_0000001691,396.11,card,captured,2025-11-25T19:49:41+05:30
pay_00000000001692,order_0000001692,845.64,upi,captured,2025-11-26T01:26:29+05:30
pay_00000000001693,order_0000001693,320.46,upi,captured,2025-11-23T12:58:03+05:30
pay_00000000001694,order_0000001694,639.77,upi,captured,2025-11-27T17:29:27+05:30
pay_00000000001695,order_0000001695,2760.00,upi,captured,2025-11-03T22:37:25+05:30
pay_00000000001696,order_0000001696,934.00,upi,captured,2025-11-20T18:29:10+05:30
pay_00000000001697,order_0000001697,1046.00,netbanking,captured,2025-11-08T12:08:00+05:30
pay_00000000001698,order_0000001698,1883.84,upi,captured,2025-11-18T10:19:04+05:30
pay_00000000001699,order_0000001699,388.38,upi,captured,2025-11-16T09:08:04+05:30
pay_00000000001700,order_0000001700,2673.99,card,captured,2025-11-07T18:50:22+05:30
pay_00000000001701,order_0000001701,453.84,card,failed,2025-11-07T21:11:39+05:30
pay_00000000001702,order_0000001702,497.11,netbanking,captured,2025-11-18T23:16:55+05:30
pay_00000000001703,order_0000001703,765.48,netbanking,captured,2025-11-21T08:45:18+05:30
pay_00000000001704,order_0000001704,848.00,netbanking,captured,2025-11-01T12:53:41+05:30
pay_00000000001705,order_0000001705,136.51,upi,captured,2025-11-17T21:14:09+05:30
pay_00000000001706,order_0000001706,7730.00,card,captured,2025-11-29T16:39:44+05:30
pay_00000000001707,order_0000001707,1010.99,card,failed,2025-11-16T22:11:33+05:30
pay_00000000001708,order_0000001708,463.77,upi,captured,2025-11-07T22:51:24+05:30
pay_00000000001709,order_0000001709,1699.38,card,captured,2025-11-15T10:39:16+05:30
pay_00000000001710,order_0000001710,1021.19,upi,captured,2025-11-09T22:26:49+05:30
pay_00000000001711,order_0000001711,3591.00,netbanking,captured,2025-11-06T21:06:12+05:30
pay_00000000001712,order_0000001712,440.00,card,captured,2025-11-05T12:02:26+05:30
pay_00000000001713,order_0000001713,738.00,card,captured,2025-11-18T19:26:13+05:30
pay_00000000001714,order_0000001714,561.99,upi,captured,2025-11-07T19:07:05+05:30
pay_00000000001715,order_0000001715,128.99,upi,captured,2025-11-16T22:48:42+05:30
pay_00000000001716,order_0000001716,925.71,upi,captured,2025-11-30T17:23:26+05:30
pay_00000000001717,order_0000001717,627.83,card,captured,2025-11-14T22:23:54+05:30
pay_00000000001718,order_0000001718,740.13,upi,captured,2025-11-14T17:15:56+05:30
pay_00000000001719,order_0000001719,719.78,upi,captured,2025-11-06T10:56:46+05:30
pay_00000000001720,order_0000001720,1548.68,upi,captured,2025-11-25T09:41:57+05:30
pay_00000000001721,order_0000001721,464.10,card,captured,2025-11-30T00:05:49+05:30
pay_00000000001722,order_0000001722,1134.84,upi,captured,2025-11-28T20:54:19+05:30
pay_00000000001723,order_0000001723,1007.41,upi,captured,2025-11-01T12:19:47+05:30
pay_00000000001724,order_0000001724,588.00,card,captured,2025-11-12T17:33:35+05:30
pay_00000000001725,order_0000001725,1019.11,netbanking,captured,2025-11-22T15:42:43+05:30
pay_00000000001726,order_0000001726,374.00,card,captured,2025-11-25T06:25:14+05:30
pay_00000000001727,order_0000001727,1002.89,upi,captured,2025-11-29T15:13:43+05:30
pay_00000000001728,order_0000001728,598.41,wallet,captured,2025-11-29T14:07:05+05:30
pay_00000000001729,order_0000001729,757.00,wallet,captured,2025-11-07T07:50:13+05:30
pay_00000000001730,order_0000001730,2298.99,card,captured,2025-11-06T11:20:26+05:30
pay_00000000001731,order_0000001731,764.00,upi,captured,2025-11-14T23:51:29+05:30
pay_00000000001732,order_0000001732,2244.50,upi,captured,2025-11-10T01:50:14+05:30
pay_00000000001733,order_0000001733,3441.55,wallet,captured,2025-11-18T16:04:00+05:30
pay_00000000001734,order_0000001734,331.19,netbanking,captured,2025-11-03T14:07:33+05:30
pay_00000000001735,order_0000001735,410.96,upi,captured,2025-11-27T02:22:57+05:30
pay_00000000001736,order_0000001736,368.00,netbanking,captured,2025-11-11T02:26:18+05:30
pay_00000000001737,order_0000001737,1019.29,upi,captured,2025-11-06T12:34:46+05:30
pay_00000000001738,order_0000001738,201.00,upi,captured,2025-11-14T15:02:18+05:30
pay_00000000001739,order_0000001739,2041.43,card,captured,2025-11-15T21:08:00+05:30
pay_00000000001740,order_0000001740,105.00,wallet,captured,2025-11-12T14:40:51+05:30
pay_00000000001741,order_0000001741,1216.00,card,captured,2025-11-01T16:21:48+05:30
pay_00000000001742,order_0000001742,642.00,upi,captured,2025-11-03T22:51:42+05:30
pay_00000000001743,order_0000001743,2734.00,upi,captured,2025-11-30T21:22:17+05:30
pay_00000000001744,order_0000001744,533.42,card,captured,2025-11-24T03:03:44+05:30
pay_00000000001745,order_0000001745,1300.00,upi,captured,2025-11-05T15:57:34+05:30
pay_00000000001746,order_0000001746,569.74,wallet,captured,2025-11-11T21:14:24+05:30
pay_00000000001747,order_0000001747,766.00,upi,captured,2025-11-05T23:56:36+05:30
pay_00000000001748,order_0000001748,322.99,upi,captured,2025-11-02T19:56:16+05:30
pay_00000000001749,order_0000001749,657.29,card,captured,2025-11-21T14:06:55+05:30
pay_00000000001750,order_0000001750,118.00,upi,captured,2025-11-13T16:49:38+05:30
pay_00000000001751,order_0000001751,13287.00,upi,captured,2025-11-04T16:11:15+05:30
pay_00000000001752,order_0000001752,482.99,upi,captured,2025-11-16T16:59:12+05:30
pay_00000000001753,order_0000001753,772.61,upi,captured,2025-11-21T13:01:57+05:30
pay_00000000001754,order_0000001754,625.14,netbanking,captured,2025-11-12T21:37:36+05:30
pay_00000000001755,order_0000001755,252.95,upi,captured,2025-11-26T13:38:25+05:30
pay_00000000001756,order_0000001756,535.98,card,captured,2025-11-02T12:34:38+05:30
pay_00000000001757,order_0000001757,184.00,upi,captured,2025-11-03T20:07:11+05:30
pay_00000000001758,order_0000001758,996.99,wallet,captured,2025-11-07T10:01:22+05:30
pay_00000000001759,order_0000001759,823.00,card,captured,2025-11-20T13:58:35+05:30
pay_00000000001760,order_0000001760,1042.97,upi,captured,2025-11-10T09:12:32+05:30
pay_00000000001761,order_0000001761,101.27,card,captured,2025-11-09T18:20:43+05:30
pay_00000000001762,order_0000001762,848.00,card,captured,2025-11-28T12:16:02+05:30
pay_00000000001763,order_0000001763,377.78,upi,captured,2025-11-27T14:05:00+05:30
pay_00000000001764,order_0000001764,881.00,wallet,captured,2025-11-24T06:52:39+05:30
pay_00000000001765,order_0000001765,883.57,card,captured,2025-11-04T06:49:55+05:30
pay_00000000001766,order_0000001766,129.00,upi,captured,2025-11-27T14:52:22+05:30
pay_00000000001767,order_0000001767,1226.99,card,failed,2025-11-17T13:27:02+05:30
pay_00000000001768,order_0000001768,587.20,card,captured,2025-11-14T14:51:43+05:30
pay_00000000001769,order_0000001769,305.99,netbanking,captured,2025-11-20T20:22:51+05:30
pay_00000000001770,order_0000001770,519.00,upi,captured,2025-11-04T21:18:49+05:30
pay_00000000001771,order_0000001771,847.60,upi,captured,2025-11-28T22:51:06+05:30
pay_00000000001772,order_0000001772,1026.95,upi,captured,2025-11-16T13:11:40+05:30
pay_00000000001773,order_0000001773,955.88,upi,captured,2025-11-11T19:03:05+05:30
pay_00000000001774,order_0000001774,1833.29,upi,failed,2025-11-27T08:35:47+05:30
pay_00000000001775,order_0000001775,693.50,card,captured,2025-11-24T17:21:23+05:30
pay_00000000001776,order_0000001776,3334.71,upi,captured,2025-11-17T22:09:04+05:30
pay_00000000001777,order_0000001777,916.75,card,captured,2025-11-16T08:24:40+05:30
pay_00000000001778,order_0000001778,725.83,upi,captured,2025-11-13T04:13:27+05:30
pay_00000000001779,order_0000001779,3028.00,upi,captured,2025-11-10T15:59:47+05:30
pay_00000000001780,order_0000001780,948.99,card,captured,2025-11-27T15:32:02+05:30
pay_00000000001781,order_0000001781,1538.31,upi,captured,2025-11-23T14:01:57+05:30
pay_00000000001782,order_0000001782,682.99,upi,captured,2025-11-09T06:55:09+05:30
pay_00000000001783,order_0000001783,1623.09,card,captured,2025-11-21T12:19:58+05:30
pay_00000000001784,order_0000001784,402.55,card,captured,2025-11-06T10:25:19+05:30
pay_00000000001785,order_0000001785,329.59,upi,captured,2025-11-20T11:29:11+05:30
pay_00000000001786,order_0000001786,1004.84,card,captured,2025-11-07T16:53:51+05:30
pay_00000000001787,order_0000001787,734.00,upi,captured,2025-11-23T01:35:00+05:30
pay_00000000001788,order_0000001788,672.99,card,captured,2025-11-25T17:37:38+05:30
pay_00000000001789,order_0000001789,919.97,upi,captured,2025-11-05T23:55:32+05:30
pay_00000000001790,order_0000001790,270.34,card,captured,2025-11-08T10:44:43+05:30
pay_00000000001791,order_0000001791,2760.45,card,captured,2025-11-05T17:34:10+05:30
pay_00000000001792,order_0000001792,235.99,card,captured,2025-11-10T23:58:47+05:30
pay_00000000001793,order_0000001793,1001.99,card,captured,2025-11-06T14:57:16+05:30
pay_00000000001794,order_0000001794,926.45,card,captured,2025-11-23T23:37:46+05:30
pay_00000000001795,order_0000001795,1861.23,upi,captured,2025-11-08T12:47:58+05:30
pay_00000000001796,order_0000001796,797.30,upi,captured,2025-11-26T14:26:35+05:30
pay_00000000001797,order_0000001797,248.81,upi,captured,2025-11-17T20:24:17+05:30
pay_00000000001798,order_0000001798,547.95,upi,captured,2025-11-09T11:01:37+05:30
pay_00000000001799,order_0000001799,166.00,upi,captured,2025-11-05T14:15:59+05:30
pay_00000000001800,order_0000001800,8566.00,upi,captured,2025-11-03T06:02:28+05:30
pay_00000000001801,order_0000001801,318.66,netbanking,captured,2025-11-16T16:28:04+05:30
pay_00000000001802,order_0000001802,463.21,upi,captured,2025-11-14T08:24:15+05:30
pay_00000000001803,order_0000001803,621.00,card,captured,2025-11-10T10:07:39+05:30
pay_00000000001804,order_0000001804,427.55,upi,captured,2025-11-08T07:10:48+05:30
pay_00000000001805,order_0000001805,2127.58,upi,captured,2025-11-23T08:34:44+05:30
pay_00000000001806,order_0000001806,958.03,netbanking,captured,2025-11-05T18:25:58+05:30
pay_00000000001807,order_0000001807,787.99,upi,captured,2025-11-09T23:34:53+05:30
pay_00000000001808,order_0000001808,129.64,upi,captured,2025-11-20T17:06:28+05:30
pay_00000000001809,order_0000001809,385.42,upi,captured,2025-11-20T21:47:16+05:30
pay_00000000001810,order_0000001810,339.00,card,captured,2025-11-23T16:01:20+05:30
pay_00000000001811,order_0000001811,333.71,upi,captured,2025-11-04T21:19:07+05:30
pay_00000000001812,order_0000001812,891.26,upi,captured,2025-11-11T04:34:38+05:30
pay_00000000001813,order_0000001813,167.52,upi,captured,2025-11-26T16:20:34+05:30
pay_00000000001814,order_0000001814,383.00,upi,failed,2025-11-03T12:17:07+05:30
pay_00000000001815,order_0000001815,3453.82,card,captured,2025-11-30T07:28:13+05:30
pay_00000000001816,order_0000001816,3473.93,netbanking,captured,2025-11-10T16:07:50+05:30
pay_00000000001817,order_0000001817,726.00,upi,captured,2025-11-27T14:13:53+05:30
pay_00000000001818,order_0000001818,254.00,card,failed,2025-11-05T09:25:52+05:30
pay_00000000001819,order_0000001819,526.00,upi,captured,2025-11-01T11:47:10+05:30
pay_00000000001820,order_0000001820,921.28,upi,captured,2025-11-22T19:11:24+05:30
pay_00000000001821,order_0000001821,914.54,upi,captured,2025-11-17T09:42:55+05:30
pay_00000000001822,order_0000001822,206.47,card,captured,2025-11-16T16:44:36+05:30
pay_00000000001823,order_0000001823,254.88,upi,captured,2025-11-25T05:51:36+05:30
pay_00000000001824,order_0000001824,512.24,wallet,captured,2025-11-19T01:20:18+05:30
pay_00000000001825,order_0000001825,3302.18,upi,captured,2025-11-24T11:27:11+05:30
pay_00000000001826,order_0000001826,549.81,upi,captured,2025-11-19T07:20:21+05:30
pay_00000000001827,order_0000001827,1074.79,upi,captured,2025-11-11T05:48:32+05:30
pay_00000000001828,order_0000001828,133.64,card,captured,2025-11-01T18:47:59+05:30
pay_00000000001829,order_0000001829,133.71,upi,captured,2025-11-05T17:39:30+05:30
pay_00000000001830,order_0000001830,983.27,netbanking,captured,2025-11-22T06:04:20+05:30
pay_00000000001831,order_0000001831,554.50,card,captured,2025-11-10T21:42:23+05:30
pay_00000000001832,order_0000001832,168.00,upi,failed,2025-11-10T08:27:24+05:30
pay_00000000001833,order_0000001833,321.99,upi,captured,2025-11-07T23:42:28+05:30
pay_00000000001834,order_0000001834,1658.00,card,captured,2025-11-21T22:14:21+05:30
pay_00000000001835,order_0000001835,834.99,upi,captured,2025-11-29T12:07:29+05:30
pay_00000000001836,order_0000001836,557.03,card,captured,2025-11-19T14:46:50+05:30
pay_00000000001837,order_0000001837,1475.18,wallet,captured,2025-11-15T06:16:24+05:30
pay_00000000001838,order_0000001838,1813.00,card,captured,2025-11-12T05:53:49+05:30
pay_00000000001839,order_0000001839,695.65,upi,captured,2025-11-05T21:05:21+05:30
pay_00000000001840,order_0000001840,785.87,upi,captured,2025-11-25T15:14:05+05:30
pay_00000000001841,order_0000001841,195.51,wallet,captured,2025-11-17T16:07:15+05:30
pay_00000000001842,order_0000001842,10540.52,card,captured,2025-11-15T21:40:25+05:30
pay_00000000001843,order_0000001843,715.73,upi,captured,2025-11-24T15:41:21+05:30
pay_00000000001844,order_0000001844,165.69,card,captured,2025-11-26T09:04:05+05:30
pay_00000000001845,order_0000001845,702.00,upi,captured,2025-11-26T09:02:55+05:30
pay_00000000001846,order_0000001846,1036.00,upi,captured,2025-11-09T23:01:35+05:30
pay_00000000001847,order_0000001847,748.05,netbanking,captured,2025-11-11T09:45:49+05:30
pay_00000000001848,order_0000001848,178.73,upi,captured,2025-11-10T22:40:38+05:30
pay_00000000001849,order_0000001849,1579.99,card,captured,2025-11-13T16:56:08+05:30
pay_00000000001850,order_0000001850,552.00,card,failed,2025-11-27T19:29:55+05:30
pay_00000000001851,order_0000001851,633.99,upi,captured,2025-11-05T15:19:31+05:30
pay_00000000001852,order_0000001852,5266.50,upi,captured,2025-11-07T11:50:12+05:30
pay_00000000001853,order_0000001853,912.36,upi,captured,2025-11-15T23:12:18+05:30
pay_00000000001854,order_0000001854,3387.49,upi,captured,2025-11-22T12:14:15+05:30
pay_00000000001855,order_0000001855,3718.00,upi,captured,2025-11-03T13:28:30+05:30
pay_00000000001856,order_0000001856,560.00,upi,captured,2025-11-28T06:42:34+05:30
pay_00000000001857,order_0000001857,754.00,card,captured,2025-11-24T14:17:41+05:30
pay_00000000001858,order_0000001858,346.56,wallet,captured,2025-11-02T12:52:05+05:30
pay_00000000001859,order_0000001859,177.46,card,captured,2025-11-30T23:28:12+05:30
pay_00000000001860,order_0000001860,419.07,upi,captured,2025-11-23T18:54:31+05:30
pay_00000000001861,order_0000001861,15086.10,card,captured,2025-11-16T18:13:11+05:30
pay_00000000001862,order_0000001862,657.04,upi,captured,2025-11-09T20:26:52+05:30
pay_00000000001863,order_0000001863,2573.69,upi,captured,2025-11-09T10:12:29+05:30
pay_00000000001864,order_0000001864,16108.00,card,captured,2025-11-06T14:35:44+05:30
pay_00000000001865,order_0000001865,413.93,netbanking,captured,2025-11-08T06:19:03+05:30
pay_00000000001866,order_0000001866,602.99,upi,captured,2025-11-03T09:36:46+05:30
pay_00000000001867,order_0000001867,1986.00,upi,captured,2025-11-10T18:09:32+05:30
pay_00000000001868,order_0000001868,384.48,upi,captured,2025-11-25T12:02:57+05:30
pay_00000000001869,order_0000001869,1051.99,upi,captured,2025-11-30T11:30:32+05:30
pay_00000000001870,order_0000001870,2867.00,wallet,captured,2025-11-05T01:27:41+05:30
pay_00000000001871,order_0000001871,892.84,card,captured,2025-11-29T13:42:48+05:30
pay_00000000001872,order_0000001872,804.32,wallet,captured,2025-11-29T16:27:47+05:30
pay_00000000001873,order_0000001873,214.99,upi,captured,2025-11-10T16:08:41+05:30
pay_00000000001874,order_0000001874,1261.99,netbanking,captured,2025-11-09T00:44:59+05:30
pay_00000000001875,order_0000001875,1237.80,card,captured,2025-11-14T22:19:59+05:30
pay_00000000001876,order_0000001876,587.01,card,captured,2025-11-07T19:21:19+05:30
pay_00000000001877,order_0000001877,259.03,upi,captured,2025-11-15T05:58:33+05:30
pay_00000000001878,order_0000001878,129.00,card,captured,2025-11-21T19:30:57+05:30
pay_00000000001879,order_0000001879,827.41,card,captured,2025-11-19T15:05:07+05:30
pay_00000000001880,order_0000001880,671.57,upi,captured,2025-11-10T17:50:56+05:30
pay_00000000001881,order_0000001881,225.52,upi,captured,2025-11-03T13:28:52+05:30
pay_00000000001882,order_0000001882,443.47,card,captured,2025-11-30T10:19:05+05:30
pay_00000000001883,order_0000001883,838.00,card,captured,2025-11-24T12:06:42+05:30
pay_00000000001884,order_0000001884,107.00,upi,captured,2025-11-07T04:52:27+05:30
pay_00000000001885,order_0000001885,601.98,upi,captured,2025-11-17T03:43:45+05:30
pay_00000000001886,order_0000001886,1007.99,netbanking,captured,2025-11-21T20:31:09+05:30
pay_00000000001887,order_0000001887,490.00,wallet,captured,2025-11-10T03:03:13+05:30
pay_00000000001888,order_0000001888,264.75,card,captured,2025-11-16T12:55:20+05:30
pay_00000000001889,order_0000001889,15820.11,upi,captured,2025-11-08T04:05:16+05:30
pay_00000000001890,order_0000001890,398.52,card,captured,2025-11-25T14:44:40+05:30
pay_00000000001891,order_0000001891,332.60,card,captured,2025-11-26T07:44:49+05:30
pay_00000000001892,order_0000001892,5965.00,card,captured,2025-11-30T12:25:22+05:30
pay_00000000001893,order_0000001893,1024.01,wallet,captured,2025-11-29T16:27:19+05:30
pay_00000000001894,order_0000001894,624.24,upi,captured,2025-11-11T23:46:18+05:30
pay_00000000001895,order_0000001895,2581.99,wallet,captured,2025-11-15T22:12:38+05:30
pay_00000000001896,order_0000001896,318.00,card,captured,2025-11-30T23:01:12+05:30
pay_00000000001897,order_0000001897,643.64,card,failed,2025-11-14T10:03:47+05:30
pay_00000000001898,order_0000001898,210.35,card,captured,2025-11-11T07:23:29+05:30
pay_00000000001899,order_0000001899,550.56,upi,captured,2025-11-27T17:29:02+05:30
pay_00000000001900,order_0000001900,322.00,upi,captured,2025-11-27T17:44:32+05:30
pay_00000000001901,order_0000001901,425.00,upi,captured,2025-11-24T07:34:39+05:30
pay_00000000001902,order_0000001902,1770.65,upi,captured,2025-11-10T15:38:15+05:30
pay_00000000001903,order_0000001903,288.99,upi,captured,2025-11-03T13:25:31+05:30
pay_00000000001904,order_0000001904,938.03,upi,captured,2025-11-19T07:01:23+05:30
pay_00000000001905,order_0000001905,640.00,netbanking,captured,2025-11-01T16:40:34+05:30
pay_00000000001906,order_0000001906,301.00,upi,captured,2025-11-27T21:16:56+05:30
pay_00000000001907,order_0000001907,2987.50,card,captured,2025-11-25T06:11:02+05:30
pay_00000000001908,order_0000001908,367.99,wallet,captured,2025-11-19T18:45:21+05:30
pay_00000000001909,order_0000001909,765.15,wallet,captured,2025-11-01T04:16:29+05:30
pay_00000000001910,order_0000001910,849.00,card,captured,2025-11-07T01:01:44+05:30
pay_00000000001911,order_0000001911,417.81,upi,captured,2025-11-22T13:28:58+05:30
pay_00000000001912,order_0000001912,991.99,card,captured,2025-11-04T05:18:00+05:30
pay_00000000001913,order_0000001913,182.53,netbanking,captured,2025-11-09T12:06:59+05:30
pay_00000000001914,order_0000001914,970.95,upi,captured,2025-11-24T13:40:39+05:30
pay_00000000001915,order_0000001915,632.99,netbanking,captured,2025-11-17T19:04:22+05:30
pay_00000000001916,order_0000001916,3219.00,upi,captured,2025-11-20T06:56:04+05:30
pay_00000000001917,order_0000001917,549.18,netbanking,captured,2025-11-12T12:40:36+05:30
pay_00000000001918,order_0000001918,224.00,upi,captured,2025-11-15T20:50:21+05:30
pay_00000000001919,order_0000001919,453.00,upi,captured,2025-11-27T20:12:22+05:30
pay_00000000001920,order_0000001920,1019.09,card,captured,2025-11-03T18:09:42+05:30
pay_00000000001921,order_0000001921,1468.97,upi,captured,2025-11-08T16:21:36+05:30
pay_00000000001922,order_0000001922,7964.00,upi,captured,2025-11-05T21:40:10+05:30
pay_00000000001923,order_0000001923,981.00,wallet,captured,2025-11-05T19:24:33+05:30
pay_00000000001924,order_0000001924,409.00,netbanking,captured,2025-11-24T12:45:57+05:30
pay_00000000001925,order_0000001925,3138.20,card,captured,2025-11-21T23:32:36+05:30
pay_00000000001926,order_0000001926,286.06,wallet,captured,2025-11-16T15:25:31+05:30
pay_00000000001927,order_0000001927,613.99,netbanking,captured,2025-11-27T08:41:34+05:30
pay_00000000001928,order_0000001928,1037.21,card,captured,2025-11-13T00:34:14+05:30
pay_00000000001929,order_0000001929,563.05,wallet,captured,2025-11-24T09:57:00+05:30
pay_00000000001930,order_0000001930,9214.00,upi,captured,2025-11-03T16:43:39+05:30
pay_00000000001931,order_0000001931,495.99,upi,captured,2025-11-12T13:32:02+05:30
pay_00000000001932,order_0000001932,259.25,upi,captured,2025-11-06T12:46:39+05:30
pay_00000000001933,order_0000001933,313.99,upi,captured,2025-11-19T07:15:54+05:30
pay_00000000001934,order_0000001934,754.00,netbanking,captured,2025-11-12T14:39:12+05:30
pay_00000000001935,order_0000001935,1846.27,upi,captured,2025-11-10T15:59:56+05:30
pay_00000000001936,order_0000001936,263.00,card,captured,2025-11-11T18:44:30+05:30
pay_00000000001937,order_0000001937,3422.60,upi,captured,2025-11-25T11:19:24+05:30
pay_00000000001938,order_0000001938,1140.45,card,captured,2025-11-16T17:32:05+05:30
pay_00000000001939,order_0000001939,1648.34,netbanking,captured,2025-11-11T18:57:23+05:30
pay_00000000001940,order_0000001940,980.14,netbanking,captured,2025-11-22T13:23:46+05:30
pay_00000000001941,order_0000001941,844.15,card,captured,2025-11-29T15:58:35+05:30
pay_00000000001942,order_0000001942,283.55,card,captured,2025-11-13T18:10:20+05:30
pay_00000000001943,order_0000001943,202.99,card,captured,2025-11-02T01:19:16+05:30
pay_00000000001944,order_0000001944,335.00,upi,captured,2025-11-15T19:38:45+05:30
pay_00000000001945,order_0000001945,504.00,upi,captured,2025-11-19T08:23:21+05:30
pay_00000000001946,order_0000001946,624.00,upi,captured,2025-11-22T10:01:51+05:30
pay_00000000001947,order_0000001947,996.99,card,captured,2025-11-29T21:48:55+05:30
pay_00000000001948,order_0000001948,261.80,wallet,captured,2025-11-18T20:55:15+05:30
pay_00000000001949,order_0000001949,672.00,card,failed,2025-11-25T08:45:21+05:30
pay_00000000001950,order_0000001950,1545.00,upi,captured,2025-11-07T19:29:02+05:30
pay_00000000001951,order_0000001951,1053.38,card,captured,2025-11-08T20:07:15+05:30
pay_00000000001952,order_0000001952,339.63,netbanking,captured,2025-11-02T15:27:15+05:30
pay_00000000001953,order_0000001953,299.64,upi,captured,2025-11-01T10:38:51+05:30
pay_00000000001954,order_0000001954,1650.19,upi,captured,2025-11-02T11:53:43+05:30
pay_00000000001955,order_0000001955,14753.82,upi,captured,2025-11-28T03:19:56+05:30
pay_00000000001956,order_0000001956,457.13,card,captured,2025-11-26T19:22:56+05:30
pay_00000000001957,order_0000001957,557.92,card,captured,2025-11-18T18:36:31+05:30
pay_00000000001958,order_0000001958,333.99,card,captured,2025-11-25T16:35:32+05:30
pay_00000000001959,order_0000001959,1028.99,wallet,captured,2025-11-10T14:57:26+05:30
pay_00000000001960,order_0000001960,897.04,upi,captured,2025-11-09T11:21:44+05:30
pay_00000000001961,order_0000001961,879.99,card,captured,2025-11-20T08:29:44+05:30
pay_00000000001962,order_0000001962,410.61,wallet,captured,2025-11-07T17:18:16+05:30
pay_00000000001963,order_0000001963,135.00,netbanking,failed,2025-11-19T23:02:42+05:30
pay_00000000001964,order_0000001964,3424.52,card,captured,2025-11-10T11:30:19+05:30
pay_00000000001965,order_0000001965,262.99,card,captured,2025-11-04T15:10:39+05:30
pay_00000000001966,order_0000001966,899.26,upi,captured,2025-11-29T12:19:40+05:30
pay_00000000001967,order_0000001967,3542.82,upi,captured,2025-11-27T16:10:12+05:30
pay_00000000001968,order_0000001968,550.65,upi,captured,2025-11-18T15:28:24+05:30
pay_00000000001969,order_0000001969,614.00,card,captured,2025-11-04T17:30:06+05:30
pay_00000000001970,order_0000001970,16868.99,upi,captured,2025-11-25T18:38:11+05:30
pay_00000000001971,order_0000001971,185.00,upi,captured,2025-11-03T03:06:09+05:30
pay_00000000001972,order_0000001972,2926.00,upi,captured,2025-11-20T10:08:37+05:30
pay_00000000001973,order_0000001973,349.00,upi,captured,2025-11-19T00:38:56+05:30
pay_00000000001974,order_0000001974,313.56,card,captured,2025-11-23T06:34:23+05:30
pay_00000000001975,order_0000001975,166.00,upi,captured,2025-11-21T17:07:42+05:30
pay_00000000001976,order_0000001976,158.29,card,captured,2025-11-25T08:32:17+05:30
pay_00000000001977,order_0000001977,549.27,netbanking,captured,2025-11-03T12:32:01+05:30
pay_00000000001978,order_0000001978,638.00,card,failed,2025-11-03T13:33:48+05:30
pay_00000000001979,order_0000001979,1353.85,upi,captured,2025-11-02T09:38:47+05:30
pay_00000000001980,order_0000001980,1025.00,upi,captured,2025-11-21T06:08:02+05:30
pay_00000000001981,order_0000001981,938.78,wallet,captured,2025-11-10T21:29:24+05:30
pay_00000000001982,order_0000001982,408.25,upi,captured,2025-11-18T19:53:48+05:30
pay_00000000001983,order_0000001983,218.00,upi,captured,2025-11-27T20:03:05+05:30
pay_00000000001984,order_0000001984,464.49,upi,captured,2025-11-17T13:14:43+05:30
pay_00000000001985,order_0000001985,360.54,card,captured,2025-11-23T11:04:12+05:30
pay_00000000001986,order_0000001986,9499.55,upi,captured,2025-11-30T12:48:32+05:30
pay_00000000001987,order_0000001987,420.72,upi,captured,2025-11-19T12:16:58+05:30
pay_00000000001988,order_0000001988,113.87,upi,captured,2025-11-10T19:03:59+05:30
pay_00000000001989,order_0000001989,572.58,wallet,captured,2025-11-05T08:10:23+05:30
pay_00000000001990,order_0000001990,374.00,wallet,failed,2025-11-01T06:06:52+05:30
pay_00000000001991,order_0000001991,168.66,card,captured,2025-11-15T10:39:48+05:30
pay_00000000001992,order_0000001992,114.00,card,captured,2025-11-13T15:37:50+05:30
pay_00000000001993,order_0000001993,375.58,card,captured,2025-11-06T14:58:08+05:30
pay_00000000001994,order_0000001994,942.00,card,captured,2025-11-09T12:51:16+05:30
pay_00000000001995,order_0000001995,913.99,upi,captured,2025-11-10T07:04:18+05:30
pay_00000000001996,order_0000001996,1076.31,upi,captured,2025-11-17T18:32:27+05:30
pay_00000000001997,order_0000001997,358.03,wallet,captured,2025-11-10T15:53:03+05:30
pay_00000000001998,order_0000001998,1765.72,upi,captured,2025-11-23T02:29:25+05:30
pay_00000000001999,order_0000001999,694.53,upi,captured,2025-11-14T06:21:27+05:30
pay_00000000002000,order_0000002000,959.81,upi,captured,2025-11-18T13:51:43+05:30
pay_00000000002001,order_0000002001,488.00,upi,failed,2025-11-15T15:45:21+05:30
pay_00000000002002,order_0000002002,756.16,card,captured,2025-11-22T23:35:52+05:30
pay_00000000002003,order_0000002003,508.70,upi,captured,2025-11-11T22:44:02+05:30
pay_00000000002004,order_0000002004,316.93,upi,captured,2025-11-03T13:46:21+05:30
pay_00000000002005,order_0000002005,1579.78,upi,captured,2025-11-04T20:44:35+05:30
pay_00000000002006,order_0000002006,13821.99,upi,captured,2025-11-17T14:37:00+05:30
pay_00000000002007,order_0000002007,550.93,upi,captured,2025-11-14T16:12:05+05:30
pay_00000000002008,order_0000002008,990.00,upi,captured,2025-11-10T00:15:18+05:30
pay_00000000002009,order_0000002009,196.59,upi,captured,2025-11-29T15:38:25+05:30
pay_00000000002010,order_0000002010,724.00,card,captured,2025-11-05T16:13:37+05:30
pay_00000000002011,order_0000002011,636.99,card,captured,2025-11-24T04:45:41+05:30
pay_00000000002012,order_0000002012,3053.81,upi,captured,2025-11-08T15:03:35+05:30
pay_00000000002013,order_0000002013,2100.10,upi,captured,2025-11-22T14:54:56+05:30
pay_00000000002014,order_0000002014,645.71,upi,captured,2025-11-12T23:11:29+05:30
pay_00000000002015,order_0000002015,849.73,card,captured,2025-11-12T05:15:57+05:30
pay_00000000002016,order_0000002016,3163.25,card,captured,2025-11-23T15:31:16+05:30
pay_00000000002017,order_0000002017,1022.22,upi,captured,2025-11-17T17:54:42+05:30
pay_00000000002018,order_0000002018,109.49,upi,failed,2025-11-12T06:27:45+05:30
pay_00000000002019,order_0000002019,1886.27,wallet,captured,2025-11-26T09:03:15+05:30
pay_00000000002020,order_0000002020,560.92,upi,captured,2025-11-16T18:58:59+05:30
pay_00000000002021,order_0000002021,407.99,upi,captured,2025-11-23T21:55:46+05:30
pay_00000000002022,order_0000002022,131.00,upi,captured,2025-11-14T16:57:05+05:30
pay_00000000002023,order_0000002023,417.00,wallet,captured,2025-11-20T03:06:48+05:30
pay_00000000002024,order_0000002024,226.38,upi,failed,2025-11-04T08:25:58+05:30
pay_00000000002025,order_0000002025,1046.00,card,captured,2025-11-11T19:00:04+05:30
pay_00000000002026,order_0000002026,378.00,upi,captured,2025-11-04T05:53:40+05:30
pay_00000000002027,order_0000002027,218.00,upi,captured,2025-11-24T19:17:06+05:30
pay_00000000002028,order_0000002028,1709.00,card,captured,2025-11-14T21:08:46+05:30
pay_00000000002029,order_0000002029,465.99,netbanking,captured,2025-11-22T11:43:38+05:30
pay_00000000002030,order_0000002030,1067.00,card,captured,2025-11-29T13:33:23+05:30
pay_00000000002031,order_0000002031,736.03,card,captured,2025-11-01T14:12:11+05:30
pay_00000000002032,order_0000002032,484.94,card,captured,2025-11-17T11:29:29+05:30
pay_00000000002033,order_0000002033,773.31,upi,captured,2025-11-08T22:15:34+05:30
pay_00000000002034,order_0000002034,3474.99,upi,captured,2025-11-22T18:17:41+05:30
pay_00000000002035,order_0000002035,550.00,upi,captured,2025-11-23T23:21:24+05:30
pay_00000000002036,order_0000002036,1407.85,upi,captured,2025-11-22T17:13:38+05:30
pay_00000000002037,order_0000002037,2994.00,upi,captured,2025-11-23T20:50:33+05:30
pay_00000000002038,order_0000002038,593.64,upi,captured,2025-11-27T02:33:58+05:30
pay_00000000002039,order_0000002039,727.96,upi,captured,2025-11-16T15:00:08+05:30
pay_00000000002040,order_0000002040,328.11,card,captured,2025-11-12T20:35:08+05:30
pay_00000000002041,order_0000002041,695.99,card,captured,2025-11-12T18:10:57+05:30
pay_00000000002042,order_0000002042,999.00,upi,captured,2025-11-23T09:32:25+05:30
pay_00000000002043,order_0000002043,803.31,card,captured,2025-11-08T18:44:57+05:30
pay_00000000002044,order_0000002044,598.32,card,captured,2025-11-26T23:24:43+05:30
pay_00000000002045,order_0000002045,1021.99,card,captured,2025-11-15T18:49:53+05:30
pay_00000000002046,order_0000002046,123.02,upi,captured,2025-11-20T17:54:53+05:30
pay_00000000002047,order_0000002047,637.00,upi,captured,2025-11-15T19:53:25+05:30
pay_00000000002048,order_0000002048,872.00,card,captured,2025-11-15T12:51:47+05:30
pay_00000000002049,order_0000002049,424.84,wallet,captured,2025-11-07T06:27:13+05:30
pay_00000000002050,order_0000002050,737.00,upi,captured,2025-11-10T10:27:09+05:30
pay_00000000002051,order_0000002051,2253.30,upi,captured,2025-11-04T14:56:16+05:30
pay_00000000002052,order_0000002052,329.08,card,captured,2025-11-18T18:09:08+05:30
pay_00000000002053,order_0000002053,710.48,upi,captured,2025-11-29T13:59:59+05:30
pay_00000000002054,order_0000002054,286.00,card,captured,2025-11-13T23:02:29+05:30
pay_00000000002055,order_0000002055,854.60,upi,captured,2025-11-01T10:32:22+05:30
pay_00000000002056,order_0000002056,837.42,card,captured,2025-11-03T05:48:28+05:30
pay_00000000002057,order_0000002057,3308.00,card,captured,2025-11-28T15:06:29+05:30
pay_00000000002058,order_0000002058,267.00,upi,captured,2025-11-09T13:26:40+05:30
pay_00000000002059,order_0000002059,406.00,netbanking,captured,2025-11-11T20:30:11+05:30
pay_00000000002060,order_0000002060,1863.44,upi,failed,2025-11-30T14:26:33+05:30
pay_00000000002061,order_0000002061,1072.94,upi,captured,2025-11-24T09:22:38+05:30
pay_00000000002062,order_0000002062,666.00,wallet,captured,2025-11-27T09:22:41+05:30
pay_00000000002063,order_0000002063,8743.31,upi,captured,2025-11-28T06:20:29+05:30
pay_00000000002064,order_0000002064,160.52,upi,captured,2025-11-30T01:06:41+05:30
pay_00000000002065,order_0000002065,435.66,upi,captured,2025-11-14T16:10:13+05:30
pay_00000000002066,order_0000002066,202.00,upi,failed,2025-11-21T13:49:58+05:30
pay_00000000002067,order_0000002067,117.66,upi,captured,2025-11-15T10:18:49+05:30
pay_00000000002068,order_0000002068,559.60,upi,captured,2025-11-18T18:37:49+05:30
pay_00000000002069,order_0000002069,792.68,card,failed,2025-11-30T16:10:48+05:30
pay_00000000002070,order_0000002070,374.00,card,captured,2025-11-29T18:00:01+05:30
pay_00000000002071,order_0000002071,777.99,card,captured,2025-11-15T19:30:17+05:30
pay_00000000002072,order_0000002072,653.76,card,captured,2025-11-14T13:27:08+05:30
pay_00000000002073,order_0000002073,1532.99,card,captured,2025-11-05T19:12:48+05:30
pay_00000000002074,order_0000002074,1025.12,netbanking,captured,2025-11-07T13:41:22+05:30
pay_00000000002075,order_0000002075,1781.00,card,failed,2025-11-23T06:22:56+05:30
pay_00000000002076,order_0000002076,10320.00,card,captured,2025-11-28T03:32:41+05:30
pay_00000000002077,order_0000002077,696.99,card,captured,2025-11-20T15:23:54+05:30
pay_00000000002078,order_0000002078,616.70,upi,captured,2025-11-24T12:17:09+05:30
pay_00000000002079,order_0000002079,949.02,wallet,captured,2025-11-21T01:04:55+05:30
pay_00000000002080,order_0000002080,219.33,netbanking,captured,2025-11-21T17:19:33+05:30
pay_00000000002081,order_0000002081,1007.90,wallet,captured,2025-11-13T21:12:44+05:30
pay_00000000002082,order_0000002082,239.00,upi,captured,2025-11-12T16:47:26+05:30
pay_00000000002083,order_0000002083,711.00,wallet,failed,2025-11-18T17:03:17+05:30
pay_00000000002084,order_0000002084,1211.74,card,captured,2025-11-20T21:24:33+05:30
pay_00000000002085,order_0000002085,171.44,card,captured,2025-11-21T18:14:14+05:30
pay_00000000002086,order_0000002086,804.05,card,captured,2025-11-12T08:59:52+05:30
pay_00000000002087,order_0000002087,253.79,wallet,captured,2025-11-23T10:45:08+05:30
pay_00000000002088,order_0000002088,264.22,upi,captured,2025-11-30T04:16:00+05:30
pay_00000000002089,order_0000002089,1979.63,upi,captured,2025-11-22T12:36:16+05:30
pay_00000000002090,order_0000002090,276.95,upi,captured,2025-11-10T14:19:00+05:30
pay_00000000002091,order_0000002091,1050.04,card,captured,2025-11-27T07:55:45+05:30
pay_00000000002092,order_0000002092,260.00,card,captured,2025-11-23T08:59:11+05:30
pay_00000000002093,order_0000002093,797.00,card,captured,2025-11-18T17:57:33+05:30
pay_00000000002094,order_0000002094,739.00,card,captured,2025-11-27T23:53:50+05:30
pay_00000000002095,order_0000002095,2398.15,upi,captured,2025-11-21T20:10:35+05:30
pay_00000000002096,order_0000002096,265.70,upi,captured,2025-11-21T11:40:08+05:30
pay_00000000002097,order_0000002097,964.00,upi,captured,2025-11-27T11:28:04+05:30
pay_00000000002098,order_0000002098,883.00,upi,captured,2025-11-23T22:29:59+05:30
pay_00000000002099,order_0000002099,1385.96,upi,captured,2025-11-03T19:03:19+05:30
pay_00000000002100,order_0000002100,538.00,card,captured,2025-11-07T22:56:33+05:30
pay_00000000002101,order_0000002101,376.72,upi,captured,2025-11-14T18:34:02+05:30
pay_00000000002102,order_0000002102,1751.69,upi,captured,2025-11-20T20:49:25+05:30
pay_00000000002103,order_0000002103,192.86,card,captured,2025-11-17T08:20:04+05:30
pay_00000000002104,order_0000002104,428.00,upi,captured,2025-11-17T10:22:33+05:30
pay_00000000002105,order_0000002105,603.99,upi,captured,2025-11-06T17:08:23+05:30
pay_00000000002106,order_0000002106,887.00,card,captured,2025-11-18T16:34:30+05:30
pay_00000000002107,order_0000002107,184.00,card,captured,2025-11-20T22:05:06+05:30
pay_00000000002108,order_0000002108,951.00,wallet,captured,2025-11-08T17:10:44+05:30
pay_00000000002109,order_0000002109,1051.00,wallet,captured,2025-11-03T17:41:52+05:30
pay_00000000002110,order_0000002110,233.99,card,captured,2025-11-24T10:55:13+05:30
pay_00000000002111,order_0000002111,905.31,card,captured,2025-11-23T19:22:00+05:30
pay_00000000002112,order_0000002112,165.00,upi,captured,2025-11-03T07:06:08+05:30
pay_00000000002113,order_0000002113,768.02,card,captured,2025-11-08T15:14:48+05:30
pay_00000000002114,order_0000002114,2765.93,card,captured,2025-11-22T16:08:10+05:30
pay_00000000002115,order_0000002115,990.00,wallet,captured,2025-11-17T19:50:08+05:30
pay_00000000002116,order_0000002116,427.00,wallet,captured,2025-11-08T16:35:25+05:30
pay_00000000002117,order_0000002117,14998.99,upi,captured,2025-11-18T14:45:41+05:30
pay_00000000002118,order_0000002118,2287.99,card,captured,2025-11-21T21:48:44+05:30
pay_00000000002119,order_0000002119,476.00,upi,captured,2025-11-16T00:25:16+05:30
pay_00000000002120,order_0000002120,1018.15,card,captured,2025-11-19T21:54:22+05:30
pay_00000000002121,order_0000002121,246.62,wallet,captured,2025-11-20T15:29:04+05:30
pay_00000000002122,order_0000002122,1871.00,upi,captured,2025-11-07T11:06:29+05:30
pay_00000000002123,order_0000002123,3134.99,card,captured,2025-11-01T13:22:39+05:30
pay_00000000002124,order_0000002124,620.00,upi,captured,2025-11-30T17:29:11+05:30
pay_00000000002125,order_0000002125,577.00,card,captured,2025-11-11T21:08:22+05:30
pay_00000000002126,order_0000002126,777.00,upi,captured,2025-11-11T22:04:26+05:30
pay_00000000002127,order_0000002127,200.00,upi,failed,2025-11-06T14:49:50+05:30
pay_00000000002128,order_0000002128,800.79,netbanking,captured,2025-11-04T15:14:06+05:30
pay_00000000002129,order_0000002129,1258.92,upi,captured,2025-11-27T17:54:09+05:30
pay_00000000002130,order_0000002130,474.96,upi,captured,2025-11-16T19:20:29+05:30
pay_00000000002131,order_0000002131,825.00,wallet,captured,2025-11-06T09:55:16+05:30
pay_00000000002132,order_0000002132,111.06,upi,captured,2025-11-29T13:31:52+05:30
pay_00000000002133,order_0000002133,146.08,upi,captured,2025-11-17T12:19:27+05:30
pay_00000000002134,order_0000002134,438.29,card,captured,2025-11-22T06:11:15+05:30
pay_00000000002135,order_0000002135,887.82,card,captured,2025-11-02T10:44:45+05:30
pay_00000000002136,order_0000002136,975.99,upi,captured,2025-11-27T12:33:14+05:30
pay_00000000002137,order_0000002137,328.00,upi,captured,2025-11-09T10:53:06+05:30
pay_00000000002138,order_0000002138,1007.21,upi,captured,2025-11-29T22:27:32+05:30
pay_00000000002139,order_0000002139,809.68,card,captured,2025-11-09T07:46:59+05:30
pay_00000000002140,order_0000002140,581.00,netbanking,captured,2025-11-17T22:24:32+05:30
pay_00000000002141,order_0000002141,1545.00,netbanking,captured,2025-11-18T11:23:07+05:30
pay_00000000002142,order_0000002142,484.31,upi,captured,2025-11-29T22:51:50+05:30
pay_00000000002143,order_0000002143,190.99,upi,captured,2025-11-30T18:54:56+05:30
pay_00000000002144,order_0000002144,1471.00,upi,captured,2025-11-07T08:35:14+05:30
pay_00000000002145,order_0000002145,576.00,upi,captured,2025-11-18T19:52:03+05:30
pay_00000000002146,order_0000002146,2086.74,card,captured,2025-11-01T16:15:36+05:30
pay_00000000002147,order_0000002147,1222.00,wallet,captured,2025-11-25T15:36:37+05:30
pay_00000000002148,order_0000002148,446.03,upi,captured,2025-11-22T03:10:26+05:30
pay_00000000002149,order_0000002149,923.00,upi,captured,2025-11-10T18:43:59+05:30
pay_00000000002150,order_0000002150,693.10,netbanking,captured,2025-11-23T17:21:57+05:30
pay_00000000002151,order_0000002151,3589.12,upi,captured,2025-11-21T13:19:18+05:30
pay_00000000002152,order_0000002152,147.35,card,captured,2025-11-21T12:27:48+05:30
pay_00000000002153,order_0000002153,2308.72,card,captured,2025-11-28T17:45:52+05:30
pay_00000000002154,order_0000002154,509.00,upi,captured,2025-11-02T15:58:02+05:30
pay_00000000002155,order_0000002155,2778.99,wallet,captured,2025-11-29T01:47:41+05:30
pay_00000000002156,order_0000002156,704.99,upi,captured,2025-11-23T10:08:20+05:30
pay_00000000002157,order_0000002157,1241.00,upi,captured,2025-11-26T06:38:11+05:30
pay_00000000002158,order_0000002158,596.00,card,captured,2025-11-16T07:01:38+05:30
pay_00000000002159,order_0000002159,355.89,upi,captured,2025-11-08T14:18:41+05:30
pay_00000000002160,order_0000002160,772.99,upi,captured,2025-11-29T17:17:23+05:30
pay_00000000002161,order_0000002161,1544.87,upi,captured,2025-11-18T23:24:18+05:30
pay_00000000002162,order_0000002162,521.76,upi,captured,2025-11-30T12:57:42+05:30
pay_00000000002163,order_0000002163,967.82,card,captured,2025-11-22T19:42:39+05:30
pay_00000000002164,order_0000002164,598.00,wallet,captured,2025-11-22T17:33:58+05:30
pay_00000000002165,order_0000002165,691.12,upi,captured,2025-11-09T15:16:14+05:30
pay_00000000002166,order_0000002166,838.99,card,captured,2025-11-03T23:17:16+05:30
pay_00000000002167,order_0000002167,811.99,upi,captured,2025-11-07T00:58:49+05:30
pay_00000000002168,order_0000002168,238.26,upi,captured,2025-11-18T18:40:49+05:30
pay_00000000002169,order_0000002169,543.23,card,captured,2025-11-29T01:35:38+05:30
pay_00000000002170,order_0000002170,12126.00,upi,captured,2025-11-06T10:05:33+05:30
pay_00000000002171,order_0000002171,9417.73,upi,captured,2025-11-14T16:36:48+05:30
pay_00000000002172,order_0000002172,8290.93,netbanking,captured,2025-11-21T14:01:57+05:30
pay_00000000002173,order_0000002173,790.74,wallet,captured,2025-11-10T07:58:20+05:30
pay_00000000002174,order_0000002174,621.00,netbanking,captured,2025-11-02T13:56:36+05:30
pay_00000000002175,order_0000002175,353.72,upi,captured,2025-11-23T16:19:38+05:30
pay_00000000002176,order_0000002176,429.75,upi,captured,2025-11-01T20:38:04+05:30
pay_00000000002177,order_0000002177,664.00,card,failed,2025-11-16T17:01:33+05:30
pay_00000000002178,order_0000002178,332.04,upi,captured,2025-11-25T08:43:23+05:30
pay_00000000002179,order_0000002179,1040.00,wallet,captured,2025-11-02T16:09:19+05:30
pay_00000000002180,order_0000002180,1129.93,upi,captured,2025-11-27T19:42:38+05:30
pay_00000000002181,order_0000002181,13422.97,netbanking,captured,2025-11-10T14:51:13+05:30
pay_00000000002182,order_0000002182,541.99,card,captured,2025-11-12T18:24:51+05:30
pay_00000000002183,order_0000002183,1755.00,upi,captured,2025-11-04T15:33:00+05:30
pay_00000000002184,order_0000002184,1061.00,upi,captured,2025-11-16T16:29:36+05:30
pay_00000000002185,order_0000002185,1078.00,upi,captured,2025-11-12T15:25:18+05:30
pay_00000000002186,order_0000002186,573.00,upi,captured,2025-11-10T09:37:00+05:30
pay_00000000002187,order_0000002187,626.99,upi,captured,2025-11-15T12:02:44+05:30
pay_00000000002188,order_0000002188,635.16,upi,captured,2025-11-23T15:47:56+05:30
pay_00000000002189,order_0000002189,575.00,upi,captured,2025-11-19T18:44:46+05:30
pay_00000000002190,order_0000002190,726.90,card,failed,2025-11-19T21:54:09+05:30
pay_00000000002191,order_0000002191,367.99,wallet,captured,2025-11-06T08:42:43+05:30
pay_00000000002192,order_0000002192,357.81,upi,captured,2025-11-23T19:01:28+05:30
pay_00000000002193,order_0000002193,931.00,card,captured,2025-11-05T21:30:49+05:30
pay_00000000002194,order_0000002194,1042.99,upi,captured,2025-11-23T15:27:50+05:30
pay_00000000002195,order_0000002195,373.30,card,captured,2025-11-02T14:29:16+05:30
pay_00000000002196,order_0000002196,273.03,upi,captured,2025-11-15T13:47:26+05:30
pay_00000000002197,order_0000002197,331.99,upi,captured,2025-11-14T20:00:00+05:30
pay_00000000002198,order_0000002198,9304.31,upi,captured,2025-11-03T21:07:57+05:30
pay_00000000002199,order_0000002199,111.61,upi,captured,2025-11-12T12:05:13+05:30
pay_00000000002200,order_0000002200,582.99,upi,captured,2025-11-15T10:05:19+05:30
pay_00000000002201,order_0000002201,863.66,upi,captured,2025-11-23T21:44:39+05:30
pay_00000000002202,order_0000002202,664.67,wallet,captured,2025-11-19T19:27:37+05:30
pay_00000000002203,order_0000002203,519.00,upi,captured,2025-11-08T16:37:58+05:30
pay_00000000002204,order_0000002204,740.00,upi,captured,2025-11-10T11:16:11+05:30
pay_00000000002205,order_0000002205,227.54,upi,captured,2025-11-21T20:07:14+05:30
pay_00000000002206,order_0000002206,1004.99,netbanking,captured,2025-11-29T06:09:01+05:30
pay_00000000002207,order_0000002207,520.16,card,captured,2025-11-06T23:55:52+05:30
pay_00000000002208,order_0000002208,347.74,upi,captured,2025-11-16T18:46:35+05:30
pay_00000000002209,order_0000002209,218.00,upi,captured,2025-11-22T15:31:24+05:30
pay_00000000002210,order_0000002210,479.00,card,captured,2025-11-17T15:33:22+05:30
pay_00000000002211,order_0000002211,355.00,netbanking,failed,2025-11-21T13:44:21+05:30
pay_00000000002212,order_0000002212,453.00,wallet,captured,2025-11-01T02:56:33+05:30
pay_00000000002213,order_0000002213,1030.00,upi,captured,2025-11-14T18:39:56+05:30
pay_00000000002214,order_0000002214,669.00,upi,captured,2025-11-29T16:59:40+05:30
pay_00000000002215,order_0000002215,202.47,upi,captured,2025-11-04T20:11:09+05:30
pay_00000000002216,order_0000002216,382.99,upi,captured,2025-11-03T02:52:11+05:30
pay_00000000002217,order_0000002217,592.99,upi,captured,2025-11-09T01:18:25+05:30
pay_00000000002218,order_0000002218,354.00,upi,captured,2025-11-16T14:10:43+05:30
pay_00000000002219,order_0000002219,128.16,card,captured,2025-11-18T10:51:51+05:30
pay_00000000002220,order_0000002220,1359.71,upi,captured,2025-11-02T07:08:43+05:30
pay_00000000002221,order_0000002221,10077.67,upi,captured,2025-11-16T07:39:07+05:30
pay_00000000002222,order_0000002222,328.00,upi,captured,2025-11-08T23:30:20+05:30
pay_00000000002223,order_0000002223,841.43,upi,captured,2025-11-10T08:51:03+05:30
pay_00000000002224,order_0000002224,161.00,upi,captured,2025-11-28T04:13:39+05:30
pay_00000000002225,order_0000002225,2770.98,upi,captured,2025-11-05T12:24:39+05:30
pay_00000000002226,order_0000002226,160.14,card,captured,2025-11-24T10:03:50+05:30
pay_00000000002227,order_0000002227,366.30,netbanking,captured,2025-11-29T17:23:19+05:30
pay_00000000002228,order_0000002228,2292.34,upi,captured,2025-11-21T19:47:58+05:30
pay_00000000002229,order_0000002229,2635.57,card,captured,2025-11-07T16:47:53+05:30
pay_00000000002230,order_0000002230,437.52,card,captured,2025-11-30T14:05:32+05:30
pay_00000000002231,order_0000002231,670.00,upi,captured,2025-11-26T12:30:25+05:30
pay_00000000002232,order_0000002232,676.86,upi,failed,2025-11-21T17:13:33+05:30
pay_00000000002233,order_0000002233,149.99,wallet,captured,2025-11-23T22:29:15+05:30
pay_00000000002234,order_0000002234,158.99,upi,captured,2025-11-05T22:01:24+05:30
pay_00000000002235,order_0000002235,13733.56,upi,captured,2025-11-17T16:32:14+05:30
pay_00000000002236,order_0000002236,528.99,upi,captured,2025-11-07T20:24:19+05:30
pay_00000000002237,order_0000002237,327.99,upi,captured,2025-11-25T00:13:22+05:30
pay_00000000002238,order_0000002238,690.00,card,captured,2025-11-29T11:35:11+05:30
pay_00000000002239,order_0000002239,593.00,upi,captured,2025-11-20T11:02:36+05:30
pay_00000000002240,order_0000002240,237.00,card,captured,2025-11-10T19:30:24+05:30
pay_00000000002241,order_0000002241,2682.99,wallet,captured,2025-11-02T07:15:04+05:30
pay_00000000002242,order_0000002242,675.00,card,captured,2025-11-04T21:45:28+05:30
pay_00000000002243,order_0000002243,879.15,upi,captured,2025-11-09T13:49:08+05:30
pay_00000000002244,order_0000002244,671.00,card,failed,2025-11-04T00:00:04+05:30
pay_00000000002245,order_0000002245,116.48,card,captured,2025-11-30T12:47:33+05:30
pay_00000000002246,order_0000002246,863.99,upi,captured,2025-11-05T21:33:52+05:30
pay_00000000002247,order_0000002247,154.25,upi,captured,2025-11-26T20:41:51+05:30
pay_00000000002248,order_0000002248,957.70,wallet,captured,2025-11-27T01:48:33+05:30
pay_00000000002249,order_0000002249,538.77,netbanking,captured,2025-11-17T10:17:39+05:30
pay_00000000002250,order_0000002250,784.30,upi,captured,2025-11-06T17:25:50+05:30
pay_00000000002251,order_0000002251,3358.00,upi,captured,2025-11-05T16:43:00+05:30
pay_00000000002252,order_0000002252,923.00,upi,captured,2025-11-03T18:45:07+05:30
pay_00000000002253,order_0000002253,572.99,upi,captured,2025-11-14T18:37:42+05:30
pay_00000000002254,order_0000002254,264.71,upi,captured,2025-11-25T15:08:24+05:30
pay_00000000002255,order_0000002255,3022.00,upi,captured,2025-11-03T22:44:47+05:30
pay_00000000002256,order_0000002256,2145.93,netbanking,captured,2025-11-18T23:09:55+05:30
pay_00000000002257,order_0000002257,289.00,upi,captured,2025-11-25T20:49:52+05:30
pay_00000000002258,order_0000002258,750.62,netbanking,captured,2025-11-14T11:13:55+05:30
pay_00000000002259,order_0000002259,557.86,wallet,captured,2025-11-10T21:07:27+05:30
pay_00000000002260,order_0000002260,861.21,card,captured,2025-11-13T12:09:27+05:30
pay_00000000002261,order_0000002261,9829.84,wallet,captured,2025-11-02T20:30:44+05:30
pay_00000000002262,order_0000002262,708.00,wallet,captured,2025-11-18T13:07:25+05:30
pay_00000000002263,order_0000002263,444.24,card,captured,2025-11-12T23:20:26+05:30
pay_00000000002264,order_0000002264,336.86,netbanking,captured,2025-11-08T13:41:10+05:30
pay_00000000002265,order_0000002265,184.01,upi,captured,2025-11-20T19:11:04+05:30
pay_00000000002266,order_0000002266,659.99,netbanking,failed,2025-11-14T21:57:15+05:30
pay_00000000002267,order_0000002267,2027.00,upi,captured,2025-11-11T20:13:37+05:30
pay_00000000002268,order_0000002268,1057.04,wallet,captured,2025-11-04T21:22:58+05:30
pay_00000000002269,order_0000002269,101.58,upi,captured,2025-11-05T08:31:08+05:30
pay_00000000002270,order_0000002270,324.97,upi,captured,2025-11-15T13:55:17+05:30
pay_00000000002271,order_0000002271,948.00,upi,captured,2025-11-01T18:08:13+05:30
pay_00000000002272,order_0000002272,1038.75,upi,captured,2025-11-22T19:47:07+05:30
pay_00000000002273,order_0000002273,884.99,card,captured,2025-11-11T23:47:23+05:30
pay_00000000002274,order_0000002274,823.72,upi,captured,2025-11-19T13:21:41+05:30
pay_00000000002275,order_0000002275,148.00,upi,captured,2025-11-07T15:34:44+05:30
pay_00000000002276,order_0000002276,1900.62,upi,captured,2025-11-15T22:29:23+05:30
pay_00000000002277,order_0000002277,688.47,netbanking,captured,2025-11-09T11:50:07+05:30
pay_00000000002278,order_0000002278,857.00,card,captured,2025-11-22T16:26:13+05:30
pay_00000000002279,order_0000002279,302.55,wallet,captured,2025-11-02T14:27:42+05:30
pay_00000000002280,order_0000002280,506.91,card,captured,2025-11-23T17:11:37+05:30
pay_00000000002281,order_0000002281,3312.65,upi,captured,2025-11-02T05:17:43+05:30
pay_00000000002282,order_0000002282,1119.99,upi,captured,2025-11-03T15:12:57+05:30
pay_00000000002283,order_0000002283,757.00,wallet,captured,2025-11-17T21:20:05+05:30
pay_00000000002284,order_0000002284,530.03,upi,captured,2025-11-04T15:08:35+05:30
pay_00000000002285,order_0000002285,881.00,upi,captured,2025-11-28T13:17:24+05:30
pay_00000000002286,order_0000002286,1044.00,card,captured,2025-11-16T16:39:00+05:30
pay_00000000002287,order_0000002287,641.07,upi,captured,2025-11-18T15:21:48+05:30
pay_00000000002288,order_0000002288,1076.99,wallet,captured,2025-11-28T11:30:18+05:30
pay_00000000002289,order_0000002289,1601.00,upi,captured,2025-11-02T22:55:43+05:30
pay_00000000002290,order_0000002290,613.62,card,captured,2025-11-20T14:47:01+05:30
pay_00000000002291,order_0000002291,7868.99,upi,captured,2025-11-29T22:20:05+05:30
pay_00000000002292,order_0000002292,429.92,upi,captured,2025-11-09T19:07:03+05:30
pay_00000000002293,order_0000002293,3520.99,upi,captured,2025-11-29T15:50:48+05:30
pay_00000000002294,order_0000002294,368.07,upi,captured,2025-11-17T15:31:28+05:30
pay_00000000002295,order_0000002295,758.00,upi,captured,2025-11-18T22:56:58+05:30
pay_00000000002296,order_0000002296,283.00,card,captured,2025-11-30T14:24:28+05:30
pay_00000000002297,order_0000002297,478.02,card,captured,2025-11-17T07:16:31+05:30
pay_00000000002298,order_0000002298,774.05,upi,captured,2025-11-28T20:51:07+05:30
pay_00000000002299,order_0000002299,682.00,netbanking,captured,2025-11-11T13:15:56+05:30
pay_00000000002300,order_0000002300,337.00,wallet,failed,2025-11-05T16:56:52+05:30
pay_00000000002301,order_0000002301,2077.99,netbanking,captured,2025-11-10T09:53:45+05:30
pay_00000000002302,order_0000002302,260.99,card,captured,2025-11-10T23:59:31+05:30
pay_00000000002303,order_0000002303,638.00,netbanking,captured,2025-11-05T03:33:13+05:30
pay_00000000002304,order_0000002304,384.99,card,captured,2025-11-24T03:06:34+05:30
pay_00000000002305,order_0000002305,299.00,upi,captured,2025-11-25T20:38:59+05:30
pay_00000000002306,order_0000002306,947.38,upi,captured,2025-11-15T07:44:09+05:30
pay_00000000002307,order_0000002307,337.99,upi,captured,2025-11-21T23:24:53+05:30
pay_00000000002308,order_0000002308,583.97,card,captured,2025-11-28T13:43:33+05:30
pay_00000000002309,order_0000002309,930.70,upi,captured,2025-11-15T23:02:36+05:30
pay_00000000002310,order_0000002310,999.99,card,failed,2025-11-14T07:12:44+05:30
pay_00000000002311,order_0000002311,729.99,card,captured,2025-11-12T17:16:52+05:30
pay_00000000002312,order_0000002312,759.06,upi,captured,2025-11-13T16:10:20+05:30
pay_00000000002313,order_0000002313,4915.50,upi,captured,2025-11-25T12:59:40+05:30
pay_00000000002314,order_0000002314,1026.20,card,captured,2025-11-19T14:25:58+05:30
pay_00000000002315,order_0000002315,725.99,wallet,captured,2025-11-09T13:14:50+05:30
pay_00000000002316,order_0000002316,356.71,upi,captured,2025-11-12T12:06:32+05:30
pay_00000000002317,order_0000002317,1823.53,card,captured,2025-11-27T04:54:24+05:30
pay_00000000002318,order_0000002318,180.00,upi,captured,2025-11-10T11:05:26+05:30
pay_00000000002319,order_0000002319,1050.07,card,captured,2025-11-01T15:54:51+05:30
pay_00000000002320,order_0000002320,413.00,card,captured,2025-11-20T15:55:37+05:30
pay_00000000002321,order_0000002321,659.78,card,captured,2025-11-07T18:26:21+05:30
pay_00000000002322,order_0000002322,1957.00,wallet,captured,2025-11-13T17:06:23+05:30
pay_00000000002323,order_0000002323,2165.00,netbanking,captured,2025-11-06T19:28:08+05:30
pay_00000000002324,order_0000002324,177.58,card,captured,2025-11-18T12:26:28+05:30
pay_00000000002325,order_0000002325,3413.20,netbanking,captured,2025-11-22T06:20:38+05:30
pay_00000000002326,order_0000002326,1040.00,card,captured,2025-11-25T23:28:33+05:30
pay_00000000002327,order_0000002327,1171.65,card,captured,2025-11-16T11:41:40+05:30
pay_00000000002328,order_0000002328,7545.44,upi,captured,2025-11-30T16:19:43+05:30
pay_00000000002329,order_0000002329,112.99,upi,captured,2025-11-23T19:18:26+05:30
pay_00000000002330,order_0000002330,872.16,netbanking,captured,2025-11-12T13:13:27+05:30
pay_00000000002331,order_0000002331,1026.54,wallet,captured,2025-11-27T09:29:38+05:30
pay_00000000002332,order_0000002332,944.99,wallet,captured,2025-11-29T14:54:35+05:30
pay_00000000002333,order_0000002333,725.87,netbanking,failed,2025-11-06T12:14:26+05:30
pay_00000000002334,order_0000002334,442.21,upi,captured,2025-11-04T14:54:50+05:30
pay_00000000002335,order_0000002335,223.09,card,captured,2025-11-03T07:57:58+05:30
pay_00000000002336,order_0000002336,108.18,netbanking,captured,2025-11-09T11:07:09+05:30
pay_00000000002337,order_0000002337,472.03,upi,captured,2025-11-11T12:46:43+05:30
pay_00000000002338,order_0000002338,822.75,card,captured,2025-11-12T21:45:45+05:30
pay_00000000002339,order_0000002339,528.75,wallet,captured,2025-11-29T21:22:40+05:30
pay_00000000002340,order_0000002340,1742.00,wallet,captured,2025-11-14T08:06:06+05:30
pay_00000000002341,order_0000002341,641.42,card,captured,2025-11-20T21:35:37+05:30
pay_00000000002342,order_0000002342,205.00,card,captured,2025-11-10T21:12:48+05:30
pay_00000000002343,order_0000002343,936.00,upi,captured,2025-11-10T11:41:29+05:30
pay_00000000002344,order_0000002344,562.54,netbanking,captured,2025-11-22T10:08:06+05:30
pay_00000000002345,order_0000002345,7329.00,card,captured,2025-11-01T16:41:50+05:30
pay_00000000002346,order_0000002346,508.41,wallet,captured,2025-11-24T16:17:39+05:30
pay_00000000002347,order_0000002347,2861.74,card,failed,2025-11-22T19:35:33+05:30
pay_00000000002348,order_0000002348,335.69,upi,captured,2025-11-24T21:35:45+05:30
pay_00000000002349,order_0000002349,15786.37,wallet,captured,2025-11-23T19:30:00+05:30
pay_00000000002350,order_0000002350,469.99,upi,captured,2025-11-30T22:09:17+05:30
pay_00000000002351,order_0000002351,535.00,card,captured,2025-11-18T23:22:57+05:30
pay_00000000002352,order_0000002352,409.33,upi,captured,2025-11-22T23:57:42+05:30
pay_00000000002353,order_0000002353,3548.00,upi,captured,2025-11-12T19:59:25+05:30
pay_00000000002354,order_0000002354,2731.99,card,captured,2025-11-10T22:43:23+05:30
pay_00000000002355,order_0000002355,1119.44,card,captured,2025-11-19T02:53:08+05:30
pay_00000000002356,order_0000002356,538.00,wallet,captured,2025-11-04T23:31:50+05:30
pay_00000000002357,order_0000002357,186.91,upi,captured,2025-11-13T19:49:50+05:30
pay_00000000002358,order_0000002358,731.99,upi,captured,2025-11-09T14:42:41+05:30
pay_00000000002359,order_0000002359,179.00,upi,captured,2025-11-14T23:08:32+05:30
pay_00000000002360,order_0000002360,1389.81,upi,captured,2025-11-12T20:19:44+05:30
pay_00000000002361,order_0000002361,934.00,upi,captured,2025-11-04T08:51:45+05:30
pay_00000000002362,order_0000002362,397.25,wallet,captured,2025-11-08T18:13:20+05:30
pay_00000000002363,order_0000002363,665.03,card,captured,2025-11-13T12:55:18+05:30
pay_00000000002364,order_0000002364,522.58,upi,captured,2025-11-05T06:36:56+05:30
pay_00000000002365,order_0000002365,2084.03,card,captured,2025-11-09T22:08:52+05:30
pay_00000000002366,order_0000002366,3255.26,netbanking,failed,2025-11-03T08:41:24+05:30
pay_00000000002367,order_0000002367,3146.12,upi,captured,2025-11-11T20:27:32+05:30
pay_00000000002368,order_0000002368,1006.16,card,captured,2025-11-19T16:03:15+05:30
pay_00000000002369,order_0000002369,2501.99,wallet,captured,2025-11-07T21:42:49+05:30
pay_00000000002370,order_0000002370,330.71,card,captured,2025-11-26T12:11:20+05:30
pay_00000000002371,order_0000002371,236.99,upi,captured,2025-11-04T12:23:25+05:30
pay_00000000002372,order_0000002372,1131.54,upi,captured,2025-11-17T19:10:38+05:30
pay_00000000002373,order_0000002373,699.00,card,captured,2025-11-15T12:51:41+05:30
pay_00000000002374,order_0000002374,1065.04,upi,captured,2025-11-19T21:36:14+05:30
pay_00000000002375,order_0000002375,832.00,upi,captured,2025-11-01T09:01:59+05:30
pay_00000000002376,order_0000002376,1016.17,card,captured,2025-11-12T21:14:04+05:30
pay_00000000002377,order_0000002377,242.99,upi,captured,2025-11-18T21:49:54+05:30
pay_00000000002378,order_0000002378,2262.00,card,captured,2025-11-25T10:09:14+05:30
pay_00000000002379,order_0000002379,783.15,upi,captured,2025-11-01T19:27:20+05:30
pay_00000000002380,order_0000002380,5504.00,wallet,captured,2025-11-28T07:15:22+05:30
pay_00000000002381,order_0000002381,1007.99,upi,captured,2025-11-16T15:04:07+05:30
pay_00000000002382,order_0000002382,291.00,card,captured,2025-11-16T17:06:12+05:30
pay_00000000002383,order_0000002383,731.99,wallet,captured,2025-11-12T13:01:07+05:30
pay_00000000002384,order_0000002384,167.99,upi,captured,2025-11-18T22:17:04+05:30
pay_00000000002385,order_0000002385,444.00,upi,failed,2025-11-28T19:00:06+05:30
pay_00000000002386,order_0000002386,2563.08,netbanking,captured,2025-11-27T16:22:11+05:30
pay_00000000002387,order_0000002387,161.22,upi,captured,2025-11-15T19:37:30+05:30
pay_00000000002388,order_0000002388,169.41,upi,captured,2025-11-18T01:47:37+05:30
pay_00000000002389,order_0000002389,122.83,netbanking,captured,2025-11-19T13:52:51+05:30
pay_00000000002390,order_0000002390,935.80,netbanking,captured,2025-11-14T15:45:28+05:30
pay_00000000002391,order_0000002391,1738.87,upi,captured,2025-11-21T10:54:31+05:30
pay_00000000002392,order_0000002392,499.13,upi,captured,2025-11-10T15:50:02+05:30
pay_00000000002393,order_0000002393,224.35,upi,failed,2025-11-12T07:00:34+05:30
pay_00000000002394,order_0000002394,807.99,upi,captured,2025-11-22T08:49:29+05:30
pay_00000000002395,order_0000002395,874.99,upi,captured,2025-11-06T16:22:41+05:30
pay_00000000002396,order_0000002396,380.24,upi,captured,2025-11-15T10:22:36+05:30
pay_00000000002397,order_0000002397,862.99,upi,captured,2025-11-07T21:12:48+05:30
pay_00000000002398,order_0000002398,1783.63,upi,captured,2025-11-17T16:01:09+05:30
pay_00000000002399,order_0000002399,9188.00,upi,captured,2025-11-23T10:43:44+05:30
pay_00000000002400,order_0000002400,470.99,card,captured,2025-11-20T21:05:00+05:30
pay_00000000002401,order_0000002401,177.00,upi,captured,2025-11-20T18:41:03+05:30
pay_00000000002402,order_0000002402,3367.00,upi,captured,2025-11-05T13:01:01+05:30
pay_00000000002403,order_0000002403,952.43,card,captured,2025-11-27T23:50:46+05:30
pay_00000000002404,order_0000002404,402.00,upi,captured,2025-11-04T09:44:35+05:30
pay_00000000002405,order_0000002405,153.99,wallet,captured,2025-11-04T11:01:25+05:30
pay_00000000002406,order_0000002406,707.12,netbanking,captured,2025-11-18T15:39:06+05:30
pay_00000000002407,order_0000002407,533.71,upi,captured,2025-11-25T17:17:13+05:30
pay_00000000002408,order_0000002408,750.59,upi,captured,2025-11-06T18:14:14+05:30
pay_00000000002409,order_0000002409,948.16,card,captured,2025-11-03T15:22:21+05:30
pay_00000000002410,order_0000002410,303.08,upi,captured,2025-11-15T06:14:03+05:30
pay_00000000002411,order_0000002411,890.53,upi,captured,2025-11-04T20:49:53+05:30
pay_00000000002412,order_0000002412,160.02,upi,captured,2025-11-18T05:06:18+05:30
pay_00000000002413,order_0000002413,824.33,card,failed,2025-11-17T18:04:41+05:30
pay_00000000002414,order_0000002414,805.00,card,captured,2025-11-23T15:40:54+05:30
pay_00000000002415,order_0000002415,659.00,wallet,captured,2025-11-13T17:14:15+05:30
pay_00000000002416,order_0000002416,396.64,card,captured,2025-11-17T21:22:37+05:30
pay_00000000002417,order_0000002417,441.07,card,captured,2025-11-20T02:39:11+05:30
pay_00000000002418,order_0000002418,3340.43,upi,captured,2025-11-09T11:46:05+05:30
pay_00000000002419,order_0000002419,455.00,upi,captured,2025-11-21T13:32:32+05:30
pay_00000000002420,order_0000002420,615.29,netbanking,captured,2025-11-23T18:51:59+05:30
pay_00000000002421,order_0000002421,1165.00,wallet,captured,2025-11-18T09:19:49+05:30
pay_00000000002422,order_0000002422,453.00,upi,captured,2025-11-10T15:32:24+05:30
pay_00000000002423,order_0000002423,708.12,upi,captured,2025-11-05T23:39:01+05:30
pay_00000000002424,order_0000002424,662.78,upi,captured,2025-11-10T13:52:59+05:30
pay_00000000002425,order_0000002425,822.78,upi,captured,2025-11-03T03:44:53+05:30
pay_00000000002426,order_0000002426,3395.00,netbanking,captured,2025-11-06T12:17:12+05:30
pay_00000000002427,order_0000002427,435.46,upi,captured,2025-11-30T15:03:25+05:30
pay_00000000002428,order_0000002428,1138.90,upi,captured,2025-11-10T12:12:08+05:30
pay_00000000002429,order_0000002429,399.99,upi,captured,2025-11-08T13:00:57+05:30
pay_00000000002430,order_0000002430,966.00,wallet,captured,2025-11-03T19:45:36+05:30
pay_00000000002431,order_0000002431,3081.00,upi,captured,2025-11-09T15:57:21+05:30
pay_00000000002432,order_0000002432,895.00,card,captured,2025-11-02T06:41:15+05:30
pay_00000000002433,order_0000002433,741.00,upi,captured,2025-11-01T18:17:47+05:30
pay_00000000002434,order_0000002434,976.00,upi,captured,2025-11-21T13:54:56+05:30
pay_00000000002435,order_0000002435,814.13,upi,captured,2025-11-26T07:00:56+05:30
pay_00000000002436,order_0000002436,805.00,card,captured,2025-11-01T22:53:43+05:30
pay_00000000002437,order_0000002437,375.90,upi,captured,2025-11-18T07:44:27+05:30
pay_00000000002438,order_0000002438,230.99,netbanking,captured,2025-11-16T14:23:29+05:30
pay_00000000002439,order_0000002439,1076.00,netbanking,captured,2025-11-29T18:12:00+05:30
pay_00000000002440,order_0000002440,952.99,card,captured,2025-11-22T16:35:20+05:30
pay_00000000002441,order_0000002441,496.60,upi,captured,2025-11-05T13:14:30+05:30
pay_00000000002442,order_0000002442,478.00,wallet,captured,2025-11-26T16:30:41+05:30
pay_00000000002443,order_0000002443,2219.02,upi,captured,2025-11-01T20:17:57+05:30
pay_00000000002444,order_0000002444,139.22,card,captured,2025-11-18T02:17:00+05:30
pay_00000000002445,order_0000002445,2285.90,card,captured,2025-11-03T23:51:49+05:30
pay_00000000002446,order_0000002446,718.96,upi,captured,2025-11-21T22:36:23+05:30
pay_00000000002447,order_0000002447,527.00,card,captured,2025-11-09T00:38:35+05:30
pay_00000000002448,order_0000002448,535.00,wallet,captured,2025-11-08T10:08:05+05:30
pay_00000000002449,order_0000002449,3536.00,card,captured,2025-11-24T17:59:10+05:30
pay_00000000002450,order_0000002450,170.20,netbanking,captured,2025-11-30T23:41:50+05:30
pay_00000000002451,order_0000002451,755.99,wallet,captured,2025-11-03T03:32:13+05:30
pay_00000000002452,order_0000002452,946.11,netbanking,captured,2025-11-21T14:02:53+05:30
pay_00000000002453,order_0000002453,764.12,netbanking,failed,2025-11-05T15:04:21+05:30
pay_00000000002454,order_0000002454,2201.49,card,captured,2025-11-12T17:28:54+05:30
pay_00000000002455,order_0000002455,853.00,upi,captured,2025-11-27T07:49:17+05:30
pay_00000000002456,order_0000002456,749.99,card,captured,2025-11-04T20:21:03+05:30
pay_00000000002457,order_0000002457,928.06,card,captured,2025-11-20T21:03:00+05:30
pay_00000000002458,order_0000002458,276.99,card,captured,2025-11-29T19:23:57+05:30
pay_00000000002459,order_0000002459,258.86,upi,captured,2025-11-22T17:23:18+05:30
pay_00000000002460,order_0000002460,570.01,card,captured,2025-11-12T19:57:17+05:30
pay_00000000002461,order_0000002461,1461.92,card,failed,2025-11-24T08:36:38+05:30
pay_00000000002462,order_0000002462,782.16,upi,captured,2025-11-23T14:53:34+05:30
pay_00000000002463,order_0000002463,863.35,card,captured,2025-11-30T13:44:12+05:30
pay_00000000002464,order_0000002464,462.06,card,captured,2025-11-28T07:33:37+05:30
pay_00000000002465,order_0000002465,115.00,upi,captured,2025-11-04T21:15:51+05:30
pay_00000000002466,order_0000002466,1240.00,card,captured,2025-11-19T11:55:32+05:30
pay_00000000002467,order_0000002467,269.00,upi,captured,2025-11-15T16:54:19+05:30
pay_00000000002468,order_0000002468,934.86,upi,captured,2025-11-02T17:09:55+05:30
pay_00000000002469,order_0000002469,115.58,upi,captured,2025-11-14T12:24:27+05:30
pay_00000000002470,order_0000002470,879.45,card,captured,2025-11-16T13:49:17+05:30
pay_00000000002471,order_0000002471,985.03,upi,captured,2025-11-25T12:47:57+05:30
pay_00000000002472,order_0000002472,809.06,upi,captured,2025-11-01T21:01:41+05:30
pay_00000000002473,order_0000002473,1765.24,upi,captured,2025-11-25T08:44:03+05:30
pay_00000000002474,order_0000002474,664.00,upi,captured,2025-11-14T23:10:52+05:30
pay_00000000002475,order_0000002475,2416.88,card,captured,2025-11-30T09:53:53+05:30
pay_00000000002476,order_0000002476,1043.04,upi,captured,2025-11-28T16:11:48+05:30
pay_00000000002477,order_0000002477,567.00,upi,captured,2025-11-04T07:08:36+05:30
pay_00000000002478,order_0000002478,806.56,upi,captured,2025-11-20T13:08:07+05:30
pay_00000000002479,order_0000002479,507.65,upi,captured,2025-11-11T18:56:58+05:30
pay_00000000002480,order_0000002480,445.00,card,captured,2025-11-19T13:27:04+05:30
pay_00000000002481,order_0000002481,465.99,upi,captured,2025-11-26T00:30:34+05:30
pay_00000000002482,order_0000002482,769.16,upi,failed,2025-11-25T09:33:27+05:30
pay_00000000002483,order_0000002483,362.00,upi,captured,2025-11-03T16:29:36+05:30
pay_00000000002484,order_0000002484,3042.00,upi,captured,2025-11-14T21:16:33+05:30
pay_00000000002485,order_0000002485,2179.11,upi,captured,2025-11-08T17:05:55+05:30
pay_00000000002486,order_0000002486,1062.00,upi,captured,2025-11-01T01:24:55+05:30
pay_00000000002487,order_0000002487,1015.00,upi,captured,2025-11-01T06:10:37+05:30
pay_00000000002488,order_0000002488,781.00,card,captured,2025-11-23T19:50:04+05:30
pay_00000000002489,order_0000002489,217.81,card,captured,2025-11-07T06:33:52+05:30
pay_00000000002490,order_0000002490,1425.63,upi,captured,2025-11-05T12:17:43+05:30
pay_00000000002491,order_0000002491,922.00,upi,captured,2025-11-02T02:55:14+05:30
pay_00000000002492,order_0000002492,1066.69,upi,captured,2025-11-18T18:50:02+05:30
pay_00000000002493,order_0000002493,326.31,card,captured,2025-11-11T05:18:08+05:30
pay_00000000002494,order_0000002494,1040.22,card,captured,2025-11-17T14:04:07+05:30
pay_00000000002495,order_0000002495,10264.56,upi,captured,2025-11-27T05:57:47+05:30
pay_00000000002496,order_0000002496,280.00,upi,captured,2025-11-01T22:42:39+05:30
pay_00000000002497,order_0000002497,505.72,upi,captured,2025-11-30T17:33:36+05:30
pay_00000000002498,order_0000002498,10575.00,card,captured,2025-11-11T00:51:06+05:30
pay_00000000002499,order_0000002499,959.31,card,captured,2025-11-16T19:48:03+05:30
pay_00000000002500,order_0000002500,9157.00,card,captured,2025-11-06T16:12:33+05:30
pay_00000000002501,order_0000002501,3053.58,wallet,captured,2025-11-09T15:27:47+05:30
pay_00000000002502,order_0000002502,3209.67,upi,captured,2025-11-19T05:31:54+05:30
pay_00000000002503,order_0000002503,152.00,upi,captured,2025-11-19T20:11:42+05:30
pay_00000000002504,order_0000002504,960.75,card,captured,2025-11-30T13:30:20+05:30
pay_00000000002505,order_0000002505,929.84,upi,captured,2025-11-29T08:22:04+05:30
pay_00000000002506,order_0000002506,2203.49,wallet,captured,2025-11-30T20:57:52+05:30
pay_00000000002507,order_0000002507,953.44,upi,captured,2025-11-06T13:07:34+05:30
pay_00000000002508,order_0000002508,584.00,upi,captured,2025-11-18T19:54:30+05:30
pay_00000000002509,order_0000002509,161.56,upi,captured,2025-11-01T21:41:18+05:30
pay_00000000002510,order_0000002510,919.00,wallet,captured,2025-11-19T11:10:26+05:30
pay_00000000002511,order_0000002511,1012.07,netbanking,captured,2025-11-29T19:59:32+05:30
pay_00000000002512,order_0000002512,957.99,card,captured,2025-11-06T22:59:26+05:30
pay_00000000002513,order_0000002513,1259.82,card,captured,2025-11-24T17:31:51+05:30
pay_00000000002514,order_0000002514,192.00,upi,captured,2025-11-14T19:14:16+05:30
pay_00000000002515,order_0000002515,3282.44,upi,captured,2025-11-13T14:51:45+05:30
pay_00000000002516,order_0000002516,1011.00,netbanking,captured,2025-11-11T09:47:17+05:30
pay_00000000002517,order_0000002517,804.14,upi,captured,2025-11-29T16:56:28+05:30
pay_00000000002518,order_0000002518,216.83,card,captured,2025-11-26T18:19:36+05:30
pay_00000000002519,order_0000002519,256.99,card,captured,2025-11-17T23:54:07+05:30
pay_00000000002520,order_0000002520,896.77,upi,captured,2025-11-30T05:45:52+05:30
pay_00000000002521,order_0000002521,251.00,upi,captured,2025-11-11T07:43:23+05:30
pay_00000000002522,order_0000002522,180.00,card,captured,2025-11-05T16:39:01+05:30
pay_00000000002523,order_0000002523,11216.00,upi,captured,2025-11-23T13:30:52+05:30
pay_00000000002524,order_0000002524,342.56,card,captured,2025-11-02T20:53:20+05:30
pay_00000000002525,order_0000002525,332.00,upi,captured,2025-11-07T02:45:02+05:30
pay_00000000002526,order_0000002526,3303.00,upi,captured,2025-11-29T19:30:50+05:30
pay_00000000002527,order_0000002527,780.00,card,captured,2025-11-01T19:02:48+05:30
pay_00000000002528,order_0000002528,201.11,upi,captured,2025-11-28T15:13:34+05:30
pay_00000000002529,order_0000002529,484.76,wallet,captured,2025-11-22T09:22:03+05:30
pay_00000000002530,order_0000002530,282.18,upi,captured,2025-11-02T12:33:10+05:30
pay_00000000002531,order_0000002531,1064.00,card,failed,2025-11-09T12:52:51+05:30
pay_00000000002532,order_0000002532,332.00,upi,captured,2025-11-13T16:34:03+05:30
pay_00000000002533,order_0000002533,134.99,upi,captured,2025-11-01T20:18:44+05:30
pay_00000000002534,order_0000002534,803.00,upi,captured,2025-11-25T17:57:21+05:30
pay_00000000002535,order_0000002535,3172.52,upi,captured,2025-11-09T19:11:51+05:30
pay_00000000002536,order_0000002536,7535.97,upi,captured,2025-11-23T14:12:52+05:30
pay_00000000002537,order_0000002537,173.99,upi,captured,2025-11-05T08:15:31+05:30
pay_00000000002538,order_0000002538,802.39,upi,captured,2025-11-14T08:17:56+05:30
pay_00000000002539,order_0000002539,337.84,netbanking,captured,2025-11-20T17:33:46+05:30
pay_00000000002540,order_0000002540,1447.97,upi,captured,2025-11-20T08:47:32+05:30
pay_00000000002541,order_0000002541,667.00,upi,captured,2025-11-24T15:42:58+05:30
pay_00000000002542,order_0000002542,431.29,wallet,failed,2025-11-09T19:30:32+05:30
pay_00000000002543,order_0000002543,744.00,upi,captured,2025-11-15T08:10:15+05:30
pay_00000000002544,order_0000002544,2632.53,wallet,captured,2025-11-15T22:10:45+05:30
pay_00000000002545,order_0000002545,381.25,netbanking,captured,2025-11-13T06:12:04+05:30
pay_00000000002546,order_0000002546,329.51,upi,captured,2025-11-05T06:10:20+05:30
pay_00000000002547,order_0000002547,2711.00,card,captured,2025-11-20T13:26:01+05:30
pay_00000000002548,order_0000002548,1048.18,wallet,captured,2025-11-21T13:16:35+05:30
pay_00000000002549,order_0000002549,1309.00,card,captured,2025-11-04T20:40:39+05:30
pay_00000000002550,order_0000002550,969.00,card,captured,2025-11-15T18:42:02+05:30
pay_00000000002551,order_0000002551,3390.46,upi,captured,2025-11-20T12:03:43+05:30
pay_00000000002552,order_0000002552,291.00,netbanking,captured,2025-11-18T16:12:41+05:30
pay_00000000002553,order_0000002553,3352.71,card,captured,2025-11-03T14:59:21+05:30
pay_00000000002554,order_0000002554,2106.00,upi,captured,2025-11-08T20:27:29+05:30
pay_00000000002555,order_0000002555,839.99,upi,captured,2025-11-13T05:06:03+05:30
pay_00000000002556,order_0000002556,102.00,upi,failed,2025-11-18T19:48:38+05:30
pay_00000000002557,order_0000002557,782.70,upi,captured,2025-11-08T15:27:42+05:30
pay_00000000002558,order_0000002558,186.99,upi,captured,2025-11-04T10:41:19+05:30
pay_00000000002559,order_0000002559,3259.32,upi,captured,2025-11-28T14:23:26+05:30
pay_00000000002560,order_0000002560,457.99,upi,captured,2025-11-02T02:02:50+05:30
pay_00000000002561,order_0000002561,538.99,card,captured,2025-11-10T15:35:55+05:30
pay_00000000002562,order_0000002562,373.00,card,captured,2025-11-19T16:37:11+05:30
pay_00000000002563,order_0000002563,632.99,card,captured,2025-11-18T19:10:39+05:30
pay_00000000002564,order_0000002564,886.99,upi,captured,2025-11-08T04:33:25+05:30
pay_00000000002565,order_0000002565,335.95,upi,captured,2025-11-28T20:47:47+05:30
pay_00000000002566,order_0000002566,3292.03,upi,captured,2025-11-15T23:02:20+05:30
pay_00000000002567,order_0000002567,793.42,upi,captured,2025-11-01T10:37:03+05:30
pay_00000000002568,order_0000002568,661.15,upi,captured,2025-11-20T18:09:09+05:30
pay_00000000002569,order_0000002569,1197.00,card,captured,2025-11-14T21:44:38+05:30
pay_00000000002570,order_0000002570,362.45,wallet,captured,2025-11-05T22:32:42+05:30
pay_00000000002571,order_0000002571,879.08,upi,captured,2025-11-20T19:33:01+05:30
pay_00000000002572,order_0000002572,858.99,upi,captured,2025-11-04T06:32:01+05:30
pay_00000000002573,order_0000002573,502.99,card,captured,2025-11-22T16:42:41+05:30
pay_00000000002574,order_0000002574,710.99,card,captured,2025-11-11T02:11:51+05:30
pay_00000000002575,order_0000002575,290.99,card,captured,2025-11-28T23:59:17+05:30
pay_00000000002576,order_0000002576,935.99,netbanking,failed,2025-11-05T11:05:19+05:30
pay_00000000002577,order_0000002577,206.03,wallet,captured,2025-11-18T06:09:23+05:30
pay_00000000002578,order_0000002578,511.99,upi,captured,2025-11-18T23:55:56+05:30
pay_00000000002579,order_0000002579,1078.97,card,captured,2025-11-06T17:44:34+05:30
pay_00000000002580,order_0000002580,2659.00,wallet,captured,2025-11-19T19:13:35+05:30
pay_00000000002581,order_0000002581,1058.00,card,captured,2025-11-21T08:52:08+05:30
pay_00000000002582,order_0000002582,933.73,upi,captured,2025-11-13T19:05:55+05:30
pay_00000000002583,order_0000002583,925.22,upi,captured,2025-11-23T19:36:20+05:30
pay_00000000002584,order_0000002584,211.77,upi,failed,2025-11-28T23:08:35+05:30
pay_00000000002585,order_0000002585,472.26,netbanking,captured,2025-11-24T06:52:50+05:30
pay_00000000002586,order_0000002586,284.00,card,captured,2025-11-25T17:28:10+05:30
pay_00000000002587,order_0000002587,670.04,upi,captured,2025-11-28T08:11:07+05:30
pay_00000000002588,order_0000002588,965.36,upi,captured,2025-11-06T09:53:33+05:30
pay_00000000002589,order_0000002589,535.00,card,captured,2025-11-05T00:11:04+05:30
pay_00000000002590,order_0000002590,672.00,card,captured,2025-11-04T18:03:39+05:30
pay_00000000002591,order_0000002591,897.10,upi,captured,2025-11-03T09:21:16+05:30
pay_00000000002592,order_0000002592,800.95,card,captured,2025-11-03T06:08:48+05:30
pay_00000000002593,order_0000002593,607.37,upi,captured,2025-11-07T16:32:33+05:30
pay_00000000002594,order_0000002594,10886.43,upi,captured,2025-11-16T01:47:52+05:30
pay_00000000002595,order_0000002595,685.99,card,captured,2025-11-12T05:30:51+05:30
pay_00000000002596,order_0000002596,435.00,wallet,captured,2025-11-22T12:35:21+05:30
pay_00000000002597,order_0000002597,374.99,upi,captured,2025-11-10T14:50:18+05:30
pay_00000000002598,order_0000002598,120.00,upi,captured,2025-11-25T01:27:10+05:30
pay_00000000002599,order_0000002599,1005.99,card,failed,2025-11-18T07:28:14+05:30
pay_00000000002600,order_0000002600,224.47,upi,captured,2025-11-25T14:56:19+05:30
pay_00000000002601,order_0000002601,732.99,card,captured,2025-11-25T05:40:02+05:30
pay_00000000002602,order_0000002602,451.40,card,captured,2025-11-05T22:28:59+05:30
pay_00000000002603,order_0000002603,667.45,upi,captured,2025-11-08T22:31:54+05:30
pay_00000000002604,order_0000002604,1078.00,upi,captured,2025-11-19T18:07:06+05:30
pay_00000000002605,order_0000002605,373.96,netbanking,captured,2025-11-27T04:24:05+05:30
pay_00000000002606,order_0000002606,694.26,card,captured,2025-11-17T20:49:51+05:30
pay_00000000002607,order_0000002607,884.62,upi,captured,2025-11-01T23:57:35+05:30
pay_00000000002608,order_0000002608,1902.97,upi,captured,2025-11-15T18:23:56+05:30
pay_00000000002609,order_0000002609,925.44,upi,captured,2025-11-10T09:38:50+05:30
pay_00000000002610,order_0000002610,1188.04,upi,captured,2025-11-26T19:12:47+05:30
pay_00000000002611,order_0000002611,864.99,upi,captured,2025-11-12T23:30:48+05:30
pay_00000000002612,order_0000002612,811.92,upi,captured,2025-11-08T18:11:28+05:30
pay_00000000002613,order_0000002613,1976.18,upi,captured,2025-11-11T18:25:32+05:30
pay_00000000002614,order_0000002614,1119.87,card,captured,2025-11-11T12:25:42+05:30
pay_00000000002615,order_0000002615,573.99,upi,captured,2025-11-11T06:37:08+05:30
pay_00000000002616,order_0000002616,360.00,netbanking,captured,2025-11-20T14:54:33+05:30
pay_00000000002617,order_0000002617,356.06,upi,captured,2025-11-03T19:56:29+05:30
pay_00000000002618,order_0000002618,115.75,upi,failed,2025-11-05T13:12:24+05:30
pay_00000000002619,order_0000002619,220.00,netbanking,captured,2025-11-04T08:15:12+05:30
pay_00000000002620,order_0000002620,686.00,upi,captured,2025-11-07T02:21:57+05:30
pay_00000000002621,order_0000002621,462.00,upi,captured,2025-11-17T16:53:15+05:30
pay_00000000002622,order_0000002622,5131.29,wallet,captured,2025-11-26T15:26:49+05:30
pay_00000000002623,order_0000002623,2524.27,card,captured,2025-11-25T16:03:50+05:30
pay_00000000002624,order_0000002624,659.03,upi,captured,2025-11-16T11:43:58+05:30
pay_00000000002625,order_0000002625,2965.17,upi,captured,2025-11-17T21:20:31+05:30
pay_00000000002626,order_0000002626,1061.00,card,captured,2025-11-03T18:41:41+05:30
pay_00000000002627,order_0000002627,482.99,upi,captured,2025-11-21T07:49:38+05:30
pay_00000000002628,order_0000002628,2718.09,wallet,captured,2025-11-19T12:17:19+05:30
pay_00000000002629,order_0000002629,1380.00,upi,captured,2025-11-30T20:06:51+05:30
pay_00000000002630,order_0000002630,3487.99,wallet,captured,2025-11-04T19:52:51+05:30
pay_00000000002631,order_0000002631,280.00,upi,captured,2025-11-13T21:29:33+05:30
pay_00000000002632,order_0000002632,552.99,netbanking,captured,2025-11-21T16:47:53+05:30
pay_00000000002633,order_0000002633,251.00,card,captured,2025-11-01T12:00:53+05:30
pay_00000000002634,order_0000002634,163.99,card,captured,2025-11-04T16:30:53+05:30
pay_00000000002635,order_0000002635,151.82,upi,captured,2025-11-21T14:31:42+05:30
pay_00000000002636,order_0000002636,2815.00,upi,captured,2025-11-11T12:38:04+05:30
pay_00000000002637,order_0000002637,504.00,upi,captured,2025-11-01T06:03:13+05:30
pay_00000000002638,order_0000002638,2375.99,upi,captured,2025-11-20T21:35:09+05:30
pay_00000000002639,order_0000002639,2521.00,card,captured,2025-11-06T23:52:27+05:30
pay_00000000002640,order_0000002640,990.65,upi,failed,2025-11-30T03:03:50+05:30
pay_00000000002641,order_0000002641,798.08,card,captured,2025-11-18T22:22:42+05:30
pay_00000000002642,order_0000002642,322.00,upi,captured,2025-11-16T08:40:43+05:30
pay_00000000002643,order_0000002643,855.00,upi,captured,2025-11-17T11:29:26+05:30
pay_00000000002644,order_0000002644,947.00,card,captured,2025-11-19T15:10:10+05:30
pay_00000000002645,order_0000002645,120.19,upi,captured,2025-11-14T16:57:06+05:30
pay_00000000002646,order_0000002646,3052.44,upi,captured,2025-11-14T09:47:55+05:30
pay_00000000002647,order_0000002647,431.07,upi,captured,2025-11-30T11:59:45+05:30
pay_00000000002648,order_0000002648,133.99,upi,captured,2025-11-09T07:44:16+05:30
pay_00000000002649,order_0000002649,182.00,card,captured,2025-11-26T22:05:36+05:30
pay_00000000002650,order_0000002650,9965.70,upi,captured,2025-11-17T12:09:07+05:30
pay_00000000002651,order_0000002651,134.00,card,captured,2025-11-20T17:01:38+05:30
pay_00000000002652,order_0000002652,674.91,card,captured,2025-11-30T08:05:38+05:30
pay_00000000002653,order_0000002653,1179.99,card,captured,2025-11-10T06:29:22+05:30
pay_00000000002654,order_0000002654,339.00,card,captured,2025-11-30T21:37:33+05:30
pay_00000000002655,order_0000002655,1047.48,wallet,captured,2025-11-20T04:55:15+05:30
pay_00000000002656,order_0000002656,841.90,card,captured,2025-11-09T11:59:14+05:30
pay_00000000002657,order_0000002657,3167.70,upi,captured,2025-11-15T18:39:42+05:30
pay_00000000002658,order_0000002658,1642.00,upi,captured,2025-11-21T22:44:40+05:30
pay_00000000002659,order_0000002659,780.00,upi,captured,2025-11-08T04:37:59+05:30
pay_00000000002660,order_0000002660,893.29,upi,captured,2025-11-11T18:33:06+05:30
pay_00000000002661,order_0000002661,506.99,card,captured,2025-11-15T08:31:55+05:30
pay_00000000002662,order_0000002662,3417.69,upi,captured,2025-11-19T04:23:12+05:30
pay_00000000002663,order_0000002663,340.68,netbanking,captured,2025-11-03T06:11:42+05:30
pay_00000000002664,order_0000002664,446.05,upi,captured,2025-11-06T12:12:01+05:30
pay_00000000002665,order_0000002665,6853.87,netbanking,captured,2025-11-14T21:41:01+05:30
pay_00000000002666,order_0000002666,514.33,upi,captured,2025-11-10T08:04:16+05:30
pay_00000000002667,order_0000002667,3295.86,upi,captured,2025-11-18T00:15:28+05:30
pay_00000000002668,order_0000002668,761.99,upi,captured,2025-11-28T01:32:27+05:30
pay_00000000002669,order_0000002669,423.99,wallet,captured,2025-11-13T11:57:00+05:30
pay_00000000002670,order_0000002670,281.80,card,captured,2025-11-30T04:34:26+05:30
pay_00000000002671,order_0000002671,281.00,wallet,captured,2025-11-10T23:35:04+05:30
pay_00000000002672,order_0000002672,898.73,netbanking,captured,2025-11-29T12:14:07+05:30
pay_00000000002673,order_0000002673,668.00,upi,failed,2025-11-13T14:45:40+05:30
pay_00000000002674,order_0000002674,835.99,upi,captured,2025-11-21T15:37:04+05:30
pay_00000000002675,order_0000002675,502.99,netbanking,captured,2025-11-13T12:30:09+05:30
pay_00000000002676,order_0000002676,358.44,upi,captured,2025-11-26T21:04:20+05:30
pay_00000000002677,order_0000002677,338.74,upi,captured,2025-11-24T23:43:20+05:30
pay_00000000002678,order_0000002678,580.31,upi,captured,2025-11-20T11:07:52+05:30
pay_00000000002679,order_0000002679,8591.80,upi,captured,2025-11-11T14:01:28+05:30
pay_00000000002680,order_0000002680,1338.00,card,captured,2025-11-08T16:47:27+05:30
pay_00000000002681,order_0000002681,892.51,upi,captured,2025-11-22T14:25:49+05:30
pay_00000000002682,order_0000002682,982.00,upi,captured,2025-11-09T10:29:07+05:30
pay_00000000002683,order_0000002683,2375.99,card,failed,2025-11-25T18:40:44+05:30
pay_00000000002684,order_0000002684,431.00,card,captured,2025-11-10T13:43:52+05:30
pay_00000000002685,order_0000002685,12189.94,upi,captured,2025-11-15T06:15:34+05:30
pay_00000000002686,order_0000002686,443.81,card,captured,2025-11-30T21:46:10+05:30
pay_00000000002687,order_0000002687,794.68,wallet,captured,2025-11-20T22:35:08+05:30
pay_00000000002688,order_0000002688,885.57,upi,captured,2025-11-10T23:11:00+05:30
pay_00000000002689,order_0000002689,395.00,netbanking,captured,2025-11-26T15:20:21+05:30
pay_00000000002690,order_0000002690,677.65,upi,captured,2025-11-17T13:01:48+05:30
pay_00000000002691,order_0000002691,1078.49,upi,captured,2025-11-24T22:09:43+05:30
pay_00000000002692,order_0000002692,382.00,upi,captured,2025-11-21T14:17:00+05:30
pay_00000000002693,order_0000002693,1537.00,netbanking,captured,2025-11-24T01:00:46+05:30
pay_00000000002694,order_0000002694,672.20,upi,captured,2025-11-27T21:10:08+05:30
pay_00000000002695,order_0000002695,316.00,upi,captured,2025-11-24T11:21:35+05:30
pay_00000000002696,order_0000002696,861.25,upi,captured,2025-11-07T09:00:21+05:30
pay_00000000002697,order_0000002697,345.99,card,captured,2025-11-12T13:52:55+05:30
pay_00000000002698,order_0000002698,1742.84,card,captured,2025-11-16T14:00:05+05:30
pay_00000000002699,order_0000002699,1053.57,card,captured,2025-11-21T21:43:58+05:30
pay_00000000002700,order_0000002700,2490.00,card,failed,2025-11-06T04:36:35+05:30
pay_00000000002701,order_0000002701,595.67,wallet,captured,2025-11-16T23:04:06+05:30
pay_00000000002702,order_0000002702,473.00,wallet,captured,2025-11-06T01:11:36+05:30
pay_00000000002703,order_0000002703,575.99,card,captured,2025-11-14T23:25:54+05:30
pay_00000000002704,order_0000002704,1006.14,card,captured,2025-11-18T09:07:06+05:30
pay_00000000002705,order_0000002705,693.00,card,captured,2025-11-10T13:09:04+05:30
pay_00000000002706,order_0000002706,15560.51,upi,captured,2025-11-12T16:48:23+05:30
pay_00000000002707,order_0000002707,1972.00,upi,captured,2025-11-27T18:47:05+05:30
pay_00000000002708,order_0000002708,194.85,upi,captured,2025-11-12T04:55:26+05:30
pay_00000000002709,order_0000002709,574.93,upi,captured,2025-11-19T09:34:22+05:30
pay_00000000002710,order_0000002710,760.41,upi,captured,2025-11-28T16:29:52+05:30
pay_00000000002711,order_0000002711,965.53,upi,captured,2025-11-02T15:16:07+05:30
pay_00000000002712,order_0000002712,988.26,upi,captured,2025-11-06T18:18:37+05:30
pay_00000000002713,order_0000002713,1134.87,card,captured,2025-11-16T21:21:04+05:30
pay_00000000002714,order_0000002714,231.63,card,captured,2025-11-10T20:53:12+05:30
pay_00000000002715,order_0000002715,498.57,wallet,captured,2025-11-09T12:14:58+05:30
pay_00000000002716,order_0000002716,296.00,upi,captured,2025-11-06T06:52:20+05:30
pay_00000000002717,order_0000002717,108.71,card,captured,2025-11-20T14:13:17+05:30
pay_00000000002718,order_0000002718,3523.30,upi,captured,2025-11-20T05:49:42+05:30
pay_00000000002719,order_0000002719,900.00,upi,captured,2025-11-15T17:57:46+05:30
pay_00000000002720,order_0000002720,405.10,wallet,captured,2025-11-07T14:18:36+05:30
pay_00000000002721,order_0000002721,625.59,card,captured,2025-11-03T02:25:24+05:30
pay_00000000002722,order_0000002722,560.61,card,captured,2025-11-19T12:51:15+05:30
pay_00000000002723,order_0000002723,661.00,wallet,captured,2025-11-14T23:47:34+05:30
pay_00000000002724,order_0000002724,2634.00,upi,captured,2025-11-26T09:51:52+05:30
pay_00000000002725,order_0000002725,1034.00,netbanking,captured,2025-11-06T07:19:58+05:30
pay_00000000002726,order_0000002726,553.17,upi,failed,2025-11-14T18:41:54+05:30
pay_00000000002727,order_0000002727,370.16,upi,captured,2025-11-29T06:00:18+05:30
pay_00000000002728,order_0000002728,7999.00,upi,captured,2025-11-22T07:16:10+05:30
pay_00000000002729,order_0000002729,891.87,card,captured,2025-11-22T20:17:00+05:30
pay_00000000002730,order_0000002730,351.99,upi,captured,2025-11-26T20:37:33+05:30
pay_00000000002731,order_0000002731,423.16,card,captured,2025-11-28T07:56:41+05:30
pay_00000000002732,order_0000002732,796.23,upi,captured,2025-11-22T14:51:44+05:30
pay_00000000002733,order_0000002733,1031.82,upi,captured,2025-11-15T12:44:17+05:30
pay_00000000002734,order_0000002734,729.00,card,captured,2025-11-09T23:43:15+05:30
pay_00000000002735,order_0000002735,841.05,card,captured,2025-11-19T18:26:32+05:30
pay_00000000002736,order_0000002736,680.00,netbanking,captured,2025-11-19T13:55:13+05:30
pay_00000000002737,order_0000002737,488.99,card,captured,2025-11-01T17:18:03+05:30
pay_00000000002738,order_0000002738,4956.00,wallet,captured,2025-11-15T17:39:28+05:30
pay_00000000002739,order_0000002739,651.99,upi,captured,2025-11-27T23:58:12+05:30
pay_00000000002740,order_0000002740,2503.08,upi,captured,2025-11-19T13:29:18+05:30
pay_00000000002741,order_0000002741,108.40,card,captured,2025-11-26T18:48:44+05:30
pay_00000000002742,order_0000002742,737.39,wallet,captured,2025-11-08T23:37:37+05:30
pay_00000000002743,order_0000002743,119.95,wallet,captured,2025-11-11T13:11:14+05:30
pay_00000000002744,order_0000002744,832.00,card,captured,2025-11-21T12:26:28+05:30
pay_00000000002745,order_0000002745,787.10,upi,captured,2025-11-25T09:41:15+05:30
pay_00000000002746,order_0000002746,1036.19,upi,captured,2025-11-29T02:44:32+05:30
pay_00000000002747,order_0000002747,347.99,wallet,captured,2025-11-07T09:49:18+05:30
pay_00000000002748,order_0000002748,3370.00,upi,captured,2025-11-22T21:16:25+05:30
pay_00000000002749,order_0000002749,496.00,upi,captured,2025-11-30T18:20:26+05:30
pay_00000000002750,order_0000002750,1042.99,card,captured,2025-11-08T15:02:21+05:30
pay_00000000002751,order_0000002751,3073.40,upi,captured,2025-11-13T13:14:55+05:30
pay_00000000002752,order_0000002752,783.08,card,captured,2025-11-07T02:05:38+05:30
pay_00000000002753,order_0000002753,805.57,card,captured,2025-11-03T14:02:54+05:30
pay_00000000002754,order_0000002754,722.85,upi,failed,2025-11-22T04:54:00+05:30
pay_00000000002755,order_0000002755,864.76,card,captured,2025-11-08T16:54:41+05:30
pay_00000000002756,order_0000002756,134.99,upi,captured,2025-11-24T15:33:05+05:30
pay_00000000002757,order_0000002757,922.99,upi,captured,2025-11-21T07:39:15+05:30
pay_00000000002758,order_0000002758,2841.99,wallet,captured,2025-11-15T07:54:41+05:30
pay_00000000002759,order_0000002759,575.44,upi,captured,2025-11-06T16:03:52+05:30
pay_00000000002760,order_0000002760,196.99,netbanking,captured,2025-11-14T23:39:16+05:30
pay_00000000002761,order_0000002761,447.82,card,captured,2025-11-26T15:16:33+05:30
pay_00000000002762,order_0000002762,987.00,upi,captured,2025-11-17T18:11:57+05:30
pay_00000000002763,order_0000002763,189.60,upi,captured,2025-11-12T11:54:28+05:30
pay_00000000002764,order_0000002764,778.99,upi,captured,2025-11-14T21:47:30+05:30
pay_00000000002765,order_0000002765,9370.93,upi,captured,2025-11-30T16:53:37+05:30
pay_00000000002766,order_0000002766,3225.51,upi,captured,2025-11-03T05:49:12+05:30
pay_00000000002767,order_0000002767,297.00,upi,captured,2025-11-25T14:17:18+05:30
pay_00000000002768,order_0000002768,3096.62,upi,captured,2025-11-26T17:55:54+05:30
pay_00000000002769,order_0000002769,589.94,card,captured,2025-11-16T21:26:18+05:30
pay_00000000002770,order_0000002770,192.99,netbanking,captured,2025-11-11T14:11:50+05:30
pay_00000000002771,order_0000002771,1020.93,card,captured,2025-11-03T03:57:01+05:30
pay_00000000002772,order_0000002772,535.97,wallet,captured,2025-11-05T20:07:38+05:30
pay_00000000002773,order_0000002773,560.64,upi,captured,2025-11-10T17:04:05+05:30
pay_00000000002774,order_0000002774,946.56,upi,captured,2025-11-13T13:49:15+05:30
pay_00000000002775,order_0000002775,500.00,upi,captured,2025-11-22T06:03:24+05:30
pay_00000000002776,order_0000002776,15713.00,upi,captured,2025-11-01T21:23:52+05:30
pay_00000000002777,order_0000002777,897.00,upi,captured,2025-11-11T06:46:33+05:30
pay_00000000002778,order_0000002778,682.00,upi,captured,2025-11-24T22:53:12+05:30
pay_00000000002779,order_0000002779,163.76,card,captured,2025-11-04T09:31:33+05:30
pay_00000000002780,order_0000002780,714.41,upi,captured,2025-11-13T17:15:20+05:30
pay_00000000002781,order_0000002781,16417.00,upi,captured,2025-11-14T18:29:04+05:30
pay_00000000002782,order_0000002782,1113.43,upi,captured,2025-11-09T21:54:38+05:30
pay_00000000002783,order_0000002783,882.00,upi,captured,2025-11-24T08:14:24+05:30
pay_00000000002784,order_0000002784,1038.97,upi,captured,2025-11-23T23:33:39+05:30
pay_00000000002785,order_0000002785,649.24,wallet,captured,2025-11-09T06:20:43+05:30
pay_00000000002786,order_0000002786,726.14,upi,captured,2025-11-14T00:45:03+05:30
pay_00000000002787,order_0000002787,655.84,upi,captured,2025-11-01T08:34:33+05:30
pay_00000000002788,order_0000002788,1578.10,upi,captured,2025-11-17T15:40:16+05:30
pay_00000000002789,order_0000002789,665.99,card,captured,2025-11-10T13:45:16+05:30
pay_00000000002790,order_0000002790,934.00,upi,captured,2025-11-22T12:28:51+05:30
pay_00000000002791,order_0000002791,680.99,upi,failed,2025-11-16T13:11:47+05:30
pay_00000000002792,order_0000002792,780.11,upi,failed,2025-11-23T00:30:18+05:30
pay_00000000002793,order_0000002793,739.00,card,captured,2025-11-23T23:58:26+05:30
pay_00000000002794,order_0000002794,859.99,upi,captured,2025-11-23T17:37:04+05:30
pay_00000000002795,order_0000002795,482.00,card,failed,2025-11-20T19:54:05+05:30
pay_00000000002796,order_0000002796,1997.99,upi,captured,2025-11-01T22:29:51+05:30
pay_00000000002797,order_0000002797,679.49,upi,captured,2025-11-05T23:19:32+05:30
pay_00000000002798,order_0000002798,608.99,card,captured,2025-11-07T21:02:40+05:30
pay_00000000002799,order_0000002799,652.73,upi,captured,2025-11-28T17:44:34+05:30
pay_00000000002800,order_0000002800,773.99,upi,captured,2025-11-01T00:03:18+05:30
pay_00000000002801,order_0000002801,1534.99,upi,captured,2025-11-08T15:15:05+05:30
pay_00000000002802,order_0000002802,153.89,upi,captured,2025-11-23T18:59:48+05:30
pay_00000000002803,order_0000002803,688.54,upi,captured,2025-11-13T20:57:15+05:30
pay_00000000002804,order_0000002804,5371.99,card,captured,2025-11-13T21:43:52+05:30
pay_00000000002805,order_0000002805,1346.00,upi,captured,2025-11-10T11:39:35+05:30
pay_00000000002806,order_0000002806,1066.84,upi,captured,2025-11-13T16:38:18+05:30
pay_00000000002807,order_0000002807,436.41,card,captured,2025-11-01T20:00:08+05:30
pay_00000000002808,order_0000002808,12917.00,card,captured,2025-11-12T07:27:23+05:30
pay_00000000002809,order_0000002809,247.00,netbanking,captured,2025-11-12T18:05:51+05:30
pay_00000000002810,order_0000002810,1053.00,upi,captured,2025-11-03T13:31:18+05:30
pay_00000000002811,order_0000002811,502.75,upi,captured,2025-11-21T13:22:53+05:30
pay_00000000002812,order_0000002812,285.99,upi,captured,2025-11-10T11:22:52+05:30
pay_00000000002813,order_0000002813,401.33,card,captured,2025-11-27T08:48:56+05:30
pay_00000000002814,order_0000002814,879.14,card,captured,2025-11-09T21:40:22+05:30
pay_00000000002815,order_0000002815,805.00,card,captured,2025-11-03T18:14:40+05:30
pay_00000000002816,order_0000002816,2326.65,wallet,captured,2025-11-13T01:57:24+05:30
pay_00000000002817,order_0000002817,1984.49,card,captured,2025-11-29T20:52:49+05:30
pay_00000000002818,order_0000002818,2995.67,upi,captured,2025-11-20T19:49:12+05:30
pay_00000000002819,order_0000002819,3026.99,upi,captured,2025-11-20T20:07:49+05:30
pay_00000000002820,order_0000002820,10900.58,netbanking,captured,2025-11-05T17:02:52+05:30
pay_00000000002821,order_0000002821,2658.00,card,captured,2025-11-27T15:59:16+05:30
pay_00000000002822,order_0000002822,309.37,upi,captured,2025-11-07T18:56:08+05:30
pay_00000000002823,order_0000002823,148.90,card,captured,2025-11-13T15:11:57+05:30
pay_00000000002824,order_0000002824,417.99,upi,captured,2025-11-21T14:08:20+05:30
pay_00000000002825,order_0000002825,16458.99,netbanking,captured,2025-11-25T20:55:30+05:30
pay_00000000002826,order_0000002826,2160.00,upi,captured,2025-11-16T00:42:03+05:30
pay_00000000002827,order_0000002827,2346.99,upi,captured,2025-11-06T15:11:19+05:30
pay_00000000002828,order_0000002828,922.68,upi,captured,2025-11-08T14:05:51+05:30
pay_00000000002829,order_0000002829,880.45,netbanking,captured,2025-11-18T10:36:02+05:30
pay_00000000002830,order_0000002830,654.05,upi,captured,2025-11-20T13:32:47+05:30
pay_00000000002831,order_0000002831,1956.00,upi,captured,2025-11-08T18:44:57+05:30
pay_00000000002832,order_0000002832,336.71,wallet,captured,2025-11-14T17:57:03+05:30
pay_00000000002833,order_0000002833,614.55,netbanking,captured,2025-11-27T20:43:18+05:30
pay_00000000002834,order_0000002834,204.00,card,captured,2025-11-28T20:13:23+05:30
pay_00000000002835,order_0000002835,1021.81,netbanking,captured,2025-11-23T21:54:37+05:30
pay_00000000002836,order_0000002836,245.02,upi,captured,2025-11-16T14:22:38+05:30
pay_00000000002837,order_0000002837,3381.00,upi,captured,2025-11-25T11:25:54+05:30
pay_00000000002838,order_0000002838,151.03,upi,captured,2025-11-16T07:24:07+05:30
pay_00000000002839,order_0000002839,465.35,netbanking,captured,2025-11-18T12:32:27+05:30
pay_00000000002840,order_0000002840,3021.65,card,captured,2025-11-07T19:21:44+05:30
pay_00000000002841,order_0000002841,827.82,card,captured,2025-11-17T08:16:20+05:30
pay_00000000002842,order_0000002842,919.00,upi,captured,2025-11-02T21:51:02+05:30
pay_00000000002843,order_0000002843,220.07,card,captured,2025-11-12T19:23:54+05:30
pay_00000000002844,order_0000002844,913.99,wallet,captured,2025-11-20T12:36:07+05:30
pay_00000000002845,order_0000002845,2081.99,upi,captured,2025-11-16T01:13:39+05:30
pay_00000000002846,order_0000002846,190.99,card,captured,2025-11-30T19:40:16+05:30
pay_00000000002847,order_0000002847,959.54,upi,captured,2025-11-29T11:51:29+05:30
pay_00000000002848,order_0000002848,1459.00,wallet,captured,2025-11-05T19:38:24+05:30
pay_00000000002849,order_0000002849,341.70,netbanking,captured,2025-11-30T15:22:48+05:30
pay_00000000002850,order_0000002850,3133.00,card,captured,2025-11-09T23:20:22+05:30
pay_00000000002851,order_0000002851,776.00,card,captured,2025-11-08T20:41:11+05:30
pay_00000000002852,order_0000002852,1060.00,card,captured,2025-11-05T13:11:30+05:30
pay_00000000002853,order_0000002853,561.00,card,captured,2025-11-07T15:28:20+05:30
pay_00000000002854,order_0000002854,976.67,upi,captured,2025-11-05T23:28:50+05:30
pay_00000000002855,order_0000002855,655.00,wallet,captured,2025-11-21T09:11:54+05:30
pay_00000000002856,order_0000002856,859.76,upi,captured,2025-11-23T23:32:40+05:30
pay_00000000002857,order_0000002857,1045.61,upi,failed,2025-11-12T23:31:25+05:30
pay_00000000002858,order_0000002858,1029.83,upi,captured,2025-11-07T11:28:08+05:30
pay_00000000002859,order_0000002859,246.00,wallet,captured,2025-11-07T17:49:17+05:30
pay_00000000002860,order_0000002860,995.00,upi,captured,2025-11-03T12:39:54+05:30
pay_00000000002861,order_0000002861,1597.69,upi,captured,2025-11-29T14:22:28+05:30
pay_00000000002862,order_0000002862,436.00,upi,captured,2025-11-11T13:50:48+05:30
pay_00000000002863,order_0000002863,929.61,upi,captured,2025-11-21T19:46:51+05:30
pay_00000000002864,order_0000002864,357.84,upi,captured,2025-11-16T15:51:09+05:30
pay_00000000002865,order_0000002865,853.00,upi,captured,2025-11-18T06:26:34+05:30
pay_00000000002866,order_0000002866,3508.00,netbanking,captured,2025-11-20T16:29:03+05:30
pay_00000000002867,order_0000002867,386.25,card,captured,2025-11-21T15:46:47+05:30
pay_00000000002868,order_0000002868,618.98,netbanking,captured,2025-11-27T09:42:00+05:30
pay_00000000002869,order_0000002869,895.73,card,captured,2025-11-06T07:35:51+05:30
pay_00000000002870,order_0000002870,760.99,wallet,captured,2025-11-05T14:25:15+05:30
pay_00000000002871,order_0000002871,1621.48,card,captured,2025-11-04T22:55:55+05:30
pay_00000000002872,order_0000002872,3174.07,netbanking,captured,2025-11-08T23:08:12+05:30
pay_00000000002873,order_0000002873,1005.08,upi,captured,2025-11-13T15:58:24+05:30
pay_00000000002874,order_0000002874,13521.00,card,failed,2025-11-14T16:14:28+05:30
pay_00000000002875,order_0000002875,280.00,upi,captured,2025-11-11T23:37:12+05:30
pay_00000000002876,order_0000002876,624.00,upi,captured,2025-11-22T07:29:39+05:30
pay_00000000002877,order_0000002877,1012.00,netbanking,captured,2025-11-08T18:26:34+05:30
pay_00000000002878,order_0000002878,125.00,upi,failed,2025-11-19T13:14:39+05:30
pay_00000000002879,order_0000002879,646.00,upi,captured,2025-11-23T13:13:13+05:30
pay_00000000002880,order_0000002880,104.00,upi,captured,2025-11-05T23:57:35+05:30
pay_00000000002881,order_0000002881,1048.99,card,captured,2025-11-22T21:33:17+05:30
pay_00000000002882,order_0000002882,713.00,card,failed,2025-11-11T14:03:51+05:30
pay_00000000002883,order_0000002883,1007.00,upi,captured,2025-11-21T16:34:22+05:30
pay_00000000002884,order_0000002884,947.00,card,captured,2025-11-26T17:01:20+05:30
pay_00000000002885,order_0000002885,107.58,card,captured,2025-11-02T12:22:48+05:30
pay_00000000002886,order_0000002886,161.00,netbanking,captured,2025-11-06T16:19:29+05:30
pay_00000000002887,order_0000002887,12887.80,upi,captured,2025-11-27T16:43:06+05:30
pay_00000000002888,order_0000002888,2571.08,netbanking,captured,2025-11-03T06:06:58+05:30
pay_00000000002889,order_0000002889,435.00,card,captured,2025-11-13T14:09:31+05:30
pay_00000000002890,order_0000002890,828.11,upi,captured,2025-11-05T11:48:21+05:30
pay_00000000002891,order_0000002891,137.00,wallet,captured,2025-11-11T07:25:41+05:30
pay_00000000002892,order_0000002892,971.00,card,captured,2025-11-13T17:09:09+05:30
pay_00000000002893,order_0000002893,803.77,wallet,captured,2025-11-16T06:19:59+05:30
pay_00000000002894,order_0000002894,192.15,upi,captured,2025-11-20T20:42:30+05:30
pay_00000000002895,order_0000002895,3514.62,upi,captured,2025-11-25T20:03:15+05:30
pay_00000000002896,order_0000002896,2574.00,upi,captured,2025-11-13T14:44:14+05:30
pay_00000000002897,order_0000002897,1019.29,upi,captured,2025-11-13T12:29:31+05:30
pay_00000000002898,order_0000002898,1032.46,netbanking,captured,2025-11-11T13:04:53+05:30
pay_00000000002899,order_0000002899,102.33,card,captured,2025-11-25T02:38:58+05:30
pay_00000000002900,order_0000002900,977.00,card,captured,2025-11-12T14:07:44+05:30
pay_00000000002901,order_0000002901,844.99,card,captured,2025-11-09T20:59:14+05:30
pay_00000000002902,order_0000002902,2309.85,upi,captured,2025-11-19T22:59:16+05:30
pay_00000000002903,order_0000002903,1849.22,card,captured,2025-11-14T14:40:41+05:30
pay_00000000002904,order_0000002904,462.97,card,captured,2025-11-29T02:34:23+05:30
pay_00000000002905,order_0000002905,600.99,upi,captured,2025-11-17T21:37:19+05:30
pay_00000000002906,order_0000002906,2954.99,netbanking,captured,2025-11-03T04:43:34+05:30
pay_00000000002907,order_0000002907,856.51,upi,captured,2025-11-16T08:28:47+05:30
pay_00000000002908,order_0000002908,280.03,card,captured,2025-11-19T13:44:22+05:30
pay_00000000002909,order_0000002909,707.00,wallet,captured,2025-11-02T21:07:06+05:30
pay_00000000002910,order_0000002910,2830.99,card,captured,2025-11-23T04:15:54+05:30
pay_00000000002911,order_0000002911,1383.12,wallet,captured,2025-11-20T23:54:12+05:30
pay_00000000002912,order_0000002912,246.00,upi,captured,2025-11-12T15:53:13+05:30
pay_00000000002913,order_0000002913,333.10,card,captured,2025-11-28T16:29:59+05:30
pay_00000000002914,order_0000002914,2982.00,card,captured,2025-11-11T06:55:52+05:30
pay_00000000002915,order_0000002915,654.54,upi,captured,2025-11-13T16:47:17+05:30
pay_00000000002916,order_0000002916,252.00,card,captured,2025-11-07T16:58:00+05:30
pay_00000000002917,order_0000002917,778.92,card,captured,2025-11-04T16:03:35+05:30
pay_00000000002918,order_0000002918,9600.00,upi,captured,2025-11-06T06:24:55+05:30
pay_00000000002919,order_0000002919,405.11,upi,captured,2025-11-29T18:47:33+05:30
pay_00000000002920,order_0000002920,536.00,upi,captured,2025-11-04T07:07:09+05:30
pay_00000000002921,order_0000002921,581.54,netbanking,failed,2025-11-30T11:32:02+05:30
pay_00000000002922,order_0000002922,187.99,upi,captured,2025-11-23T21:24:42+05:30
pay_00000000002923,order_0000002923,690.20,card,captured,2025-11-17T13:22:51+05:30
pay_00000000002924,order_0000002924,2966.39,upi,captured,2025-11-02T07:51:21+05:30
pay_00000000002925,order_0000002925,1044.37,card,captured,2025-11-24T17:40:37+05:30
pay_00000000002926,order_0000002926,14479.00,upi,captured,2025-11-30T14:44:18+05:30
pay_00000000002927,order_0000002927,292.00,card,captured,2025-11-24T23:42:01+05:30
pay_00000000002928,order_0000002928,110.32,card,captured,2025-11-16T12:01:02+05:30
pay_00000000002929,order_0000002929,4950.72,upi,captured,2025-11-26T20:35:21+05:30
pay_00000000002930,order_0000002930,126.00,upi,captured,2025-11-08T16:48:07+05:30
pay_00000000002931,order_0000002931,791.15,card,captured,2025-11-10T13:24:12+05:30
pay_00000000002932,order_0000002932,607.99,upi,captured,2025-11-20T12:11:47+05:30
pay_00000000002933,order_0000002933,370.73,card,captured,2025-11-25T18:01:52+05:30
pay_00000000002934,order_0000002934,3299.00,card,captured,2025-11-30T09:23:00+05:30
pay_00000000002935,order_0000002935,727.59,upi,captured,2025-11-14T15:17:00+05:30
pay_00000000002936,order_0000002936,123.97,card,captured,2025-11-24T11:50:18+05:30
pay_00000000002937,order_0000002937,144.28,wallet,captured,2025-11-03T20:20:17+05:30
pay_00000000002938,order_0000002938,579.00,upi,captured,2025-11-12T16:26:16+05:30
pay_00000000002939,order_0000002939,246.00,upi,captured,2025-11-21T18:45:01+05:30
pay_00000000002940,order_0000002940,449.56,upi,captured,2025-11-09T06:40:24+05:30
pay_00000000002941,order_0000002941,358.00,upi,captured,2025-11-18T08:04:37+05:30
pay_00000000002942,order_0000002942,539.52,upi,captured,2025-11-16T20:51:39+05:30
pay_00000000002943,order_0000002943,605.00,upi,captured,2025-11-05T00:17:56+05:30
pay_00000000002944,order_0000002944,177.99,upi,captured,2025-11-10T13:53:26+05:30
pay_00000000002945,order_0000002945,362.00,netbanking,captured,2025-11-13T12:22:05+05:30
pay_00000000002946,order_0000002946,639.02,upi,captured,2025-11-14T14:27:05+05:30
pay_00000000002947,order_0000002947,905.27,card,captured,2025-11-26T15:07:41+05:30
pay_00000000002948,order_0000002948,1585.15,upi,captured,2025-11-13T18:13:00+05:30
pay_00000000002949,order_0000002949,2201.16,upi,captured,2025-11-12T08:15:26+05:30
pay_00000000002950,order_0000002950,330.99,netbanking,captured,2025-11-07T19:57:00+05:30
pay_00000000002951,order_0000002951,676.32,wallet,captured,2025-11-22T22:34:40+05:30
pay_00000000002952,order_0000002952,559.14,netbanking,captured,2025-11-13T20:51:55+05:30
pay_00000000002953,order_0000002953,1888.37,wallet,captured,2025-11-06T13:53:02+05:30
pay_00000000002954,order_0000002954,3489.00,wallet,captured,2025-11-11T21:46:46+05:30
pay_00000000002955,order_0000002955,389.00,card,captured,2025-11-13T12:25:57+05:30
pay_00000000002956,order_0000002956,128.00,wallet,captured,2025-11-22T16:58:12+05:30
pay_00000000002957,order_0000002957,256.99,upi,captured,2025-11-29T16:20:55+05:30
pay_00000000002958,order_0000002958,653.78,card,failed,2025-11-07T17:01:22+05:30
pay_00000000002959,order_0000002959,921.78,card,captured,2025-11-18T18:00:22+05:30
pay_00000000002960,order_0000002960,275.00,upi,captured,2025-11-12T13:24:11+05:30
pay_00000000002961,order_0000002961,1126.61,upi,captured,2025-11-30T10:59:24+05:30
pay_00000000002962,order_0000002962,837.45,card,captured,2025-11-03T16:58:47+05:30
pay_00000000002963,order_0000002963,765.00,card,captured,2025-11-14T21:37:10+05:30
pay_00000000002964,order_0000002964,937.44,card,captured,2025-11-06T21:34:48+05:30
pay_00000000002965,order_0000002965,254.00,card,captured,2025-11-14T16:10:35+05:30
pay_00000000002966,order_0000002966,4500.78,upi,captured,2025-11-11T20:54:04+05:30
pay_00000000002967,order_0000002967,859.51,card,captured,2025-11-16T18:57:26+05:30
pay_00000000002968,order_0000002968,693.69,card,captured,2025-11-22T13:10:54+05:30
pay_00000000002969,order_0000002969,1070.00,upi,failed,2025-11-11T15:45:11+05:30
pay_00000000002970,order_0000002970,1938.00,netbanking,captured,2025-11-07T11:17:45+05:30
pay_00000000002971,order_0000002971,128.99,upi,captured,2025-11-08T19:48:00+05:30
pay_00000000002972,order_0000002972,812.86,card,captured,2025-11-14T12:06:03+05:30
pay_00000000002973,order_0000002973,1002.60,netbanking,captured,2025-11-19T15:47:49+05:30
pay_00000000002974,order_0000002974,1027.29,upi,captured,2025-11-10T18:23:01+05:30
pay_00000000002975,order_0000002975,1013.89,upi,captured,2025-11-01T19:47:22+05:30
pay_00000000002976,order_0000002976,532.96,upi,captured,2025-11-05T21:15:36+05:30
pay_00000000002977,order_0000002977,441.89,netbanking,captured,2025-11-24T19:24:37+05:30
pay_00000000002978,order_0000002978,664.99,upi,captured,2025-11-25T16:30:33+05:30
pay_00000000002979,order_0000002979,304.00,upi,captured,2025-11-15T17:11:18+05:30
pay_00000000002980,order_0000002980,935.00,upi,captured,2025-11-04T09:04:50+05:30
pay_00000000002981,order_0000002981,3101.00,wallet,captured,2025-11-09T09:04:43+05:30
pay_00000000002982,order_0000002982,2193.32,upi,captured,2025-11-22T15:56:18+05:30
pay_00000000002983,order_0000002983,386.13,card,captured,2025-11-23T10:27:23+05:30
pay_00000000002984,order_0000002984,938.34,upi,captured,2025-11-06T16:22:39+05:30
pay_00000000002985,order_0000002985,984.20,upi,captured,2025-11-01T21:08:28+05:30
pay_00000000002986,order_0000002986,3486.77,upi,failed,2025-11-27T08:58:47+05:30
pay_00000000002987,order_0000002987,132.99,upi,captured,2025-11-18T19:42:13+05:30
pay_00000000002988,order_0000002988,14255.16,upi,captured,2025-11-20T11:12:52+05:30
pay_00000000002989,order_0000002989,332.00,netbanking,captured,2025-11-24T20:44:50+05:30
pay_00000000002990,order_0000002990,2560.43,upi,failed,2025-11-02T06:28:02+05:30
pay_00000000002991,order_0000002991,150.70,upi,captured,2025-11-18T12:00:07+05:30
pay_00000000002992,order_0000002992,500.00,card,captured,2025-11-10T23:34:08+05:30
pay_00000000002993,order_0000002993,557.21,upi,captured,2025-11-11T14:35:43+05:30
pay_00000000002994,order_0000002994,3281.53,upi,captured,2025-11-22T16:26:01+05:30
pay_00000000002995,order_0000002995,939.87,netbanking,captured,2025-11-09T11:53:13+05:30
pay_00000000002996,order_0000002996,620.00,netbanking,captured,2025-11-16T13:55:00+05:30
pay_00000000002997,order_0000002997,673.00,upi,captured,2025-11-01T14:13:37+05:30
pay_00000000002998,order_0000002998,222.24,wallet,captured,2025-11-01T18:57:36+05:30
pay_00000000002999,order_0000002999,950.60,card,captured,2025-11-03T21:25:33+05:30
pay_00000000003000,order_0000003000,321.18,upi,captured,2025-11-23T15:04:06+05:30
pay_00000000003001,order_0000003001,151.40,netbanking,failed,2025-11-03T14:59:04+05:30
pay_00000000003002,order_0000003002,285.00,upi,captured,2025-11-14T20:53:06+05:30
pay_00000000003003,order_0000003003,314.31,card,captured,2025-11-03T06:00:52+05:30
pay_00000000003004,order_0000003004,1185.71,upi,captured,2025-11-30T20:52:16+05:30
pay_00000000003005,order_0000003005,945.61,upi,failed,2025-11-18T05:16:06+05:30
pay_00000000003006,order_0000003006,300.00,upi,captured,2025-11-25T17:16:41+05:30
pay_00000000003007,order_0000003007,1013.00,card,failed,2025-11-10T22:36:43+05:30
pay_00000000003008,order_0000003008,106.99,upi,failed,2025-11-02T19:57:14+05:30
pay_00000000003009,order_0000003009,1032.00,wallet,captured,2025-11-02T23:28:56+05:30
pay_00000000003010,order_0000003010,1033.00,card,captured,2025-11-14T06:21:30+05:30
pay_00000000003011,order_0000003011,891.24,upi,captured,2025-11-18T19:48:37+05:30
pay_00000000003012,order_0000003012,544.15,card,captured,2025-11-30T13:03:51+05:30
pay_00000000003013,order_0000003013,424.99,card,captured,2025-11-09T21:01:13+05:30
pay_00000000003014,order_0000003014,738.54,netbanking,captured,2025-11-26T08:54:40+05:30
pay_00000000003015,order_0000003015,871.61,upi,failed,2025-11-09T18:10:57+05:30
pay_00000000003016,order_0000003016,1744.00,upi,captured,2025-11-03T12:39:36+05:30
pay_00000000003017,order_0000003017,641.50,wallet,captured,2025-11-21T21:16:50+05:30
pay_00000000003018,order_0000003018,652.86,upi,captured,2025-11-10T14:07:47+05:30
pay_00000000003019,order_0000003019,277.00,upi,captured,2025-11-03T11:02:18+05:30
pay_00000000003020,order_0000003020,615.75,card,captured,2025-11-25T18:47:22+05:30
pay_00000000003021,order_0000003021,977.59,card,captured,2025-11-02T02:33:58+05:30
pay_00000000003022,order_0000003022,656.99,upi,captured,2025-11-07T14:02:16+05:30
pay_00000000003023,order_0000003023,1658.76,upi,captured,2025-11-16T22:50:04+05:30
pay_00000000003024,order_0000003024,931.67,card,captured,2025-11-10T18:42:45+05:30
pay_00000000003025,order_0000003025,482.26,wallet,captured,2025-11-27T23:52:11+05:30
pay_00000000003026,order_0000003026,3574.51,card,captured,2025-11-21T19:14:13+05:30
pay_00000000003027,order_0000003027,2651.25,upi,captured,2025-11-02T07:33:39+05:30
pay_00000000003028,order_0000003028,196.70,upi,captured,2025-11-01T18:24:58+05:30
pay_00000000003029,order_0000003029,1042.00,netbanking,captured,2025-11-15T21:55:17+05:30
pay_00000000003030,order_0000003030,940.39,upi,captured,2025-11-30T19:47:28+05:30
pay_00000000003031,order_0000003031,472.52,card,captured,2025-11-24T23:07:41+05:30
pay_00000000003032,order_0000003032,1022.40,card,captured,2025-11-10T12:22:05+05:30
pay_00000000003033,order_0000003033,291.00,upi,captured,2025-11-21T22:19:54+05:30
pay_00000000003034,order_0000003034,332.33,wallet,failed,2025-11-29T02:50:12+05:30
pay_00000000003035,order_0000003035,594.99,card,failed,2025-11-29T15:27:34+05:30
pay_00000000003036,order_0000003036,1048.18,upi,captured,2025-11-15T20:30:09+05:30
pay_00000000003037,order_0000003037,881.00,upi,captured,2025-11-01T09:20:25+05:30
pay_00000000003038,order_0000003038,708.00,wallet,captured,2025-11-09T14:25:07+05:30
pay_00000000003039,order_0000003039,2753.99,upi,captured,2025-11-20T19:17:47+05:30
pay_00000000003040,order_0000003040,859.00,upi,captured,2025-11-19T12:20:04+05:30
pay_00000000003041,order_0000003041,930.00,upi,captured,2025-11-29T23:14:54+05:30
pay_00000000003042,order_0000003042,13244.00,upi,captured,2025-11-12T22:39:14+05:30
pay_00000000003043,order_0000003043,228.12,upi,captured,2025-11-21T18:35:34+05:30
pay_00000000003044,order_0000003044,514.90,card,captured,2025-11-27T23:08:43+05:30
pay_00000000003045,order_0000003045,562.57,upi,captured,2025-11-21T11:05:14+05:30
pay_00000000003046,order_0000003046,14345.00,upi,captured,2025-11-15T15:18:41+05:30
pay_00000000003047,order_0000003047,5890.79,upi,captured,2025-11-20T19:48:01+05:30
pay_00000000003048,order_0000003048,673.00,card,captured,2025-11-28T13:12:12+05:30
pay_00000000003049,order_0000003049,2249.71,card,captured,2025-11-21T00:15:33+05:30
pay_00000000003050,order_0000003050,678.57,upi,captured,2025-11-15T12:40:17+05:30
pay_00000000003051,order_0000003051,814.00,card,captured,2025-11-21T16:05:23+05:30
pay_00000000003052,order_0000003052,663.04,upi,failed,2025-11-20T06:18:33+05:30
pay_00000000003053,order_0000003053,1056.99,upi,captured,2025-11-14T22:38:08+05:30
pay_00000000003054,order_0000003054,672.18,wallet,captured,2025-11-09T13:38:57+05:30
pay_00000000003055,order_0000003055,111.45,wallet,captured,2025-11-21T10:21:12+05:30
pay_00000000003056,order_0000003056,1244.99,wallet,captured,2025-11-06T07:31:16+05:30
pay_00000000003057,order_0000003057,894.56,upi,captured,2025-11-25T20:10:49+05:30
pay_00000000003058,order_0000003058,377.00,wallet,captured,2025-11-22T08:25:38+05:30
pay_00000000003059,order_0000003059,302.99,upi,captured,2025-11-27T22:07:06+05:30
pay_00000000003060,order_0000003060,2180.00,upi,captured,2025-11-24T18:50:07+05:30
pay_00000000003061,order_0000003061,1756.00,upi,captured,2025-11-03T17:34:50+05:30
pay_00000000003062,order_0000003062,3463.48,upi,failed,2025-11-28T05:30:04+05:30
pay_00000000003063,order_0000003063,444.75,upi,captured,2025-11-15T22:40:44+05:30
pay_00000000003064,order_0000003064,3180.06,upi,captured,2025-11-09T14:11:45+05:30
pay_00000000003065,order_0000003065,2920.99,netbanking,captured,2025-11-09T08:47:05+05:30
pay_00000000003066,order_0000003066,774.00,upi,captured,2025-11-21T19:25:38+05:30
pay_00000000003067,order_0000003067,695.10,netbanking,captured,2025-11-05T20:29:26+05:30
pay_00000000003068,order_0000003068,2300.16,upi,captured,2025-11-12T16:23:09+05:30
pay_00000000003069,order_0000003069,428.65,wallet,captured,2025-11-24T15:03:18+05:30
pay_00000000003070,order_0000003070,418.00,card,captured,2025-11-06T14:34:11+05:30
pay_00000000003071,order_0000003071,486.94,card,captured,2025-11-18T07:06:28+05:30
pay_00000000003072,order_0000003072,780.99,upi,captured,2025-11-07T17:57:39+05:30
pay_00000000003073,order_0000003073,210.00,upi,captured,2025-11-19T23:27:26+05:30
pay_00000000003074,order_0000003074,262.44,upi,captured,2025-11-20T07:29:48+05:30
pay_00000000003075,order_0000003075,986.00,upi,captured,2025-11-11T17:28:43+05:30
pay_00000000003076,order_0000003076,1018.69,upi,captured,2025-11-14T21:58:57+05:30
pay_00000000003077,order_0000003077,960.00,card,captured,2025-11-21T21:32:29+05:30
pay_00000000003078,order_0000003078,349.82,card,captured,2025-11-25T15:33:09+05:30
pay_00000000003079,order_0000003079,490.99,netbanking,captured,2025-11-23T06:07:29+05:30
pay_00000000003080,order_0000003080,852.20,upi,captured,2025-11-16T05:34:21+05:30
pay_00000000003081,order_0000003081,967.00,upi,captured,2025-11-09T22:50:56+05:30
pay_00000000003082,order_0000003082,672.00,wallet,captured,2025-11-17T16:52:36+05:30
pay_00000000003083,order_0000003083,244.86,card,captured,2025-11-18T19:23:36+05:30
pay_00000000003084,order_0000003084,912.30,card,captured,2025-11-28T22:01:48+05:30
pay_00000000003085,order_0000003085,125.78,upi,captured,2025-11-03T07:36:33+05:30
pay_00000000003086,order_0000003086,279.00,upi,captured,2025-11-08T22:30:07+05:30
pay_00000000003087,order_0000003087,1493.00,upi,captured,2025-11-24T00:10:12+05:30
pay_00000000003088,order_0000003088,1516.00,card,captured,2025-11-22T09:08:19+05:30
pay_00000000003089,order_0000003089,16373.82,upi,captured,2025-11-10T10:13:27+05:30
pay_00000000003090,order_0000003090,294.85,card,captured,2025-11-05T22:21:07+05:30
pay_00000000003091,order_0000003091,988.73,upi,captured,2025-11-30T18:33:42+05:30
pay_00000000003092,order_0000003092,772.46,netbanking,captured,2025-11-23T18:36:46+05:30
pay_00000000003093,order_0000003093,768.00,upi,captured,2025-11-16T09:07:35+05:30
pay_00000000003094,order_0000003094,721.35,upi,captured,2025-11-20T18:19:28+05:30
pay_00000000003095,order_0000003095,879.23,upi,captured,2025-11-12T22:37:13+05:30
pay_00000000003096,order_0000003096,1503.39,upi,captured,2025-11-12T15:33:33+05:30
pay_00000000003097,order_0000003097,1031.99,netbanking,captured,2025-11-27T13:01:07+05:30
pay_00000000003098,order_0000003098,978.46,upi,captured,2025-11-14T15:52:04+05:30
pay_00000000003099,order_0000003099,866.82,card,captured,2025-11-13T16:05:42+05:30
pay_00000000003100,order_0000003100,660.17,upi,captured,2025-11-28T12:29:55+05:30
pay_00000000003101,order_0000003101,952.00,wallet,captured,2025-11-19T23:12:51+05:30
pay_00000000003102,order_0000003102,115.46,card,captured,2025-11-03T02:28:41+05:30
pay_00000000003103,order_0000003103,1036.00,card,captured,2025-11-17T02:31:45+05:30
pay_00000000003104,order_0000003104,316.11,card,captured,2025-11-24T13:01:32+05:30
pay_00000000003105,order_0000003105,1014.55,upi,captured,2025-11-08T12:33:50+05:30
pay_00000000003106,order_0000003106,1858.00,netbanking,captured,2025-11-04T18:34:31+05:30
pay_00000000003107,order_0000003107,178.00,upi,captured,2025-11-22T17:45:40+05:30
pay_00000000003108,order_0000003108,2020.00,wallet,failed,2025-11-08T16:50:15+05:30
pay_00000000003109,order_0000003109,660.00,netbanking,captured,2025-11-06T19:22:40+05:30
pay_00000000003110,order_0000003110,920.00,upi,captured,2025-11-08T10:17:47+05:30
pay_00000000003111,order_0000003111,979.62,card,captured,2025-11-22T18:49:27+05:30
pay_00000000003112,order_0000003112,348.85,wallet,captured,2025-11-11T17:06:24+05:30
pay_00000000003113,order_0000003113,140.02,upi,captured,2025-11-22T23:58:05+05:30
pay_00000000003114,order_0000003114,605.44,upi,captured,2025-11-30T06:39:36+05:30
pay_00000000003115,order_0000003115,759.75,upi,captured,2025-11-08T20:55:09+05:30
pay_00000000003116,order_0000003116,2946.58,upi,captured,2025-11-13T13:55:52+05:30
pay_00000000003117,order_0000003117,3436.71,upi,captured,2025-11-08T15:08:12+05:30
pay_00000000003118,order_0000003118,379.00,upi,captured,2025-11-25T09:40:46+05:30
pay_00000000003119,order_0000003119,1174.50,upi,captured,2025-11-01T21:20:09+05:30
pay_00000000003120,order_0000003120,641.15,card,captured,2025-11-18T08:37:35+05:30
pay_00000000003121,order_0000003121,925.97,card,captured,2025-11-16T13:48:22+05:30
pay_00000000003122,order_0000003122,973.11,upi,failed,2025-11-13T12:31:30+05:30
pay_00000000003123,order_0000003123,353.81,wallet,captured,2025-11-20T15:19:38+05:30
pay_00000000003124,order_0000003124,370.00,upi,captured,2025-11-06T15:04:18+05:30
pay_00000000003125,order_0000003125,984.00,upi,captured,2025-11-30T21:17:50+05:30
pay_00000000003126,order_0000003126,665.00,upi,captured,2025-11-17T16:17:50+05:30
pay_00000000003127,order_0000003127,245.00,card,captured,2025-11-02T07:35:07+05:30
pay_00000000003128,order_0000003128,629.14,upi,captured,2025-11-09T16:54:21+05:30
pay_00000000003129,order_0000003129,500.63,upi,captured,2025-11-23T15:36:13+05:30
pay_00000000003130,order_0000003130,890.99,netbanking,captured,2025-11-25T14:34:05+05:30
pay_00000000003131,order_0000003131,948.00,upi,captured,2025-11-01T13:41:03+05:30
pay_00000000003132,order_0000003132,486.75,netbanking,captured,2025-11-19T13:56:06+05:30
pay_00000000003133,order_0000003133,15373.99,upi,captured,2025-11-07T15:57:34+05:30
pay_00000000003134,order_0000003134,234.49,upi,failed,2025-11-28T21:51:07+05:30
pay_00000000003135,order_0000003135,296.99,wallet,captured,2025-11-15T22:40:54+05:30
pay_00000000003136,order_0000003136,952.00,upi,captured,2025-11-10T14:11:32+05:30
pay_00000000003137,order_0000003137,116.99,netbanking,captured,2025-11-15T20:23:56+05:30
pay_00000000003138,order_0000003138,2734.00,upi,captured,2025-11-10T03:53:20+05:30
pay_00000000003139,order_0000003139,115.00,upi,captured,2025-11-05T05:28:59+05:30
pay_00000000003140,order_0000003140,560.53,card,captured,2025-11-06T11:38:46+05:30
pay_00000000003141,order_0000003141,987.00,card,captured,2025-11-27T09:20:03+05:30
pay_00000000003142,order_0000003142,322.00,card,captured,2025-11-09T11:00:25+05:30
pay_00000000003143,order_0000003143,245.20,card,captured,2025-11-26T07:45:12+05:30
pay_00000000003144,order_0000003144,6105.31,netbanking,captured,2025-11-25T20:06:07+05:30
pay_00000000003145,order_0000003145,2273.00,card,captured,2025-11-19T09:20:46+05:30
pay_00000000003146,order_0000003146,759.00,upi,captured,2025-11-29T13:52:24+05:30
pay_00000000003147,order_0000003147,1074.95,netbanking,captured,2025-11-26T14:41:03+05:30
pay_00000000003148,order_0000003148,3527.00,card,captured,2025-11-27T05:14:49+05:30
pay_00000000003149,order_0000003149,275.00,upi,captured,2025-11-29T21:48:53+05:30
pay_00000000003150,order_0000003150,358.88,card,captured,2025-11-13T23:12:56+05:30
pay_00000000003151,order_0000003151,11745.99,card,captured,2025-11-22T20:29:33+05:30
pay_00000000003152,order_0000003152,827.00,netbanking,captured,2025-11-23T06:49:35+05:30
pay_00000000003153,order_0000003153,776.99,upi,captured,2025-11-17T21:08:37+05:30
pay_00000000003154,order_0000003154,700.00,upi,captured,2025-11-04T07:08:43+05:30
pay_00000000003155,order_0000003155,1553.59,upi,captured,2025-11-19T16:32:53+05:30
pay_00000000003156,order_0000003156,949.00,upi,failed,2025-11-13T09:52:25+05:30
pay_00000000003157,order_0000003157,169.85,upi,captured,2025-11-04T02:20:50+05:30
pay_00000000003158,order_0000003158,684.50,netbanking,captured,2025-11-11T11:32:27+05:30
pay_00000000003159,order_0000003159,408.32,upi,captured,2025-11-18T14:22:43+05:30
pay_00000000003160,order_0000003160,203.98,upi,captured,2025-11-28T08:29:52+05:30
pay_00000000003161,order_0000003161,964.41,upi,captured,2025-11-27T17:03:10+05:30
pay_00000000003162,order_0000003162,1065.99,wallet,failed,2025-11-02T11:46:17+05:30
pay_00000000003163,order_0000003163,3262.99,upi,captured,2025-11-05T10:20:59+05:30
pay_00000000003164,order_0000003164,730.99,card,captured,2025-11-15T12:30:51+05:30
pay_00000000003165,order_0000003165,787.20,card,captured,2025-11-21T21:51:48+05:30
pay_00000000003166,order_0000003166,423.00,upi,captured,2025-11-05T23:27:37+05:30
pay_00000000003167,order_0000003167,252.00,netbanking,captured,2025-11-03T19:55:10+05:30
pay_00000000003168,order_0000003168,897.62,card,captured,2025-11-20T21:09:00+05:30
pay_00000000003169,order_0000003169,1462.00,card,failed,2025-11-03T16:18:46+05:30
pay_00000000003170,order_0000003170,315.00,card,captured,2025-11-10T08:03:53+05:30
pay_00000000003171,order_0000003171,3145.00,card,captured,2025-11-06T19:06:31+05:30
pay_00000000003172,order_0000003172,640.35,wallet,failed,2025-11-03T17:08:54+05:30
pay_00000000003173,order_0000003173,1874.14,wallet,captured,2025-11-19T06:20:50+05:30
pay_00000000003174,order_0000003174,889.99,card,captured,2025-11-23T07:54:56+05:30
pay_00000000003175,order_0000003175,392.99,upi,captured,2025-11-13T15:30:02+05:30
pay_00000000003176,order_0000003176,2695.56,card,captured,2025-11-09T22:24:37+05:30
pay_00000000003177,order_0000003177,231.99,upi,captured,2025-11-08T21:44:37+05:30
pay_00000000003178,order_0000003178,309.17,netbanking,captured,2025-11-12T10:29:48+05:30
pay_00000000003179,order_0000003179,170.87,card,captured,2025-11-22T08:39:09+05:30
pay_00000000003180,order_0000003180,898.00,upi,captured,2025-11-03T09:42:04+05:30
pay_00000000003181,order_0000003181,524.09,card,captured,2025-11-20T19:12:24+05:30
pay_00000000003182,order_0000003182,940.72,netbanking,captured,2025-11-20T16:11:37+05:30
pay_00000000003183,order_0000003183,126.89,upi,captured,2025-11-20T21:19:47+05:30
pay_00000000003184,order_0000003184,451.57,card,captured,2025-11-12T13:35:13+05:30
pay_00000000003185,order_0000003185,203.88,netbanking,captured,2025-11-06T06:12:26+05:30
pay_00000000003186,order_0000003186,284.99,upi,captured,2025-11-15T11:35:29+05:30
pay_00000000003187,order_0000003187,206.67,card,captured,2025-11-30T22:48:13+05:30
pay_00000000003188,order_0000003188,438.47,card,captured,2025-11-27T22:27:46+05:30
pay_00000000003189,order_0000003189,911.00,card,captured,2025-11-20T03:28:44+05:30
pay_00000000003190,order_0000003190,595.43,wallet,captured,2025-11-17T01:34:49+05:30
pay_00000000003191,order_0000003191,541.97,upi,captured,2025-11-03T23:06:55+05:30
pay_00000000003192,order_0000003192,782.00,card,captured,2025-11-09T19:49:17+05:30
pay_00000000003193,order_0000003193,1013.32,upi,captured,2025-11-19T13:49:34+05:30
pay_00000000003194,order_0000003194,1724.00,netbanking,captured,2025-11-27T22:29:35+05:30
pay_00000000003195,order_0000003195,16473.99,card,failed,2025-11-15T11:57:41+05:30
pay_00000000003196,order_0000003196,7564.00,netbanking,captured,2025-11-10T13:50:54+05:30
pay_00000000003197,order_0000003197,525.19,upi,captured,2025-11-25T20:58:33+05:30
pay_00000000003198,order_0000003198,1659.28,card,captured,2025-11-16T22:10:12+05:30
pay_00000000003199,order_0000003199,442.39,upi,captured,2025-11-21T01:25:15+05:30
pay_00000000003200,order_0000003200,999.45,upi,captured,2025-11-21T17:33:27+05:30
pay_00000000003201,order_0000003201,326.26,upi,captured,2025-11-26T18:20:39+05:30
pay_00000000003202,order_0000003202,312.41,card,captured,2025-11-02T21:47:20+05:30
pay_00000000003203,order_0000003203,110.00,card,captured,2025-11-04T16:29:14+05:30
pay_00000000003204,order_0000003204,935.00,upi,captured,2025-11-04T10:51:03+05:30
pay_00000000003205,order_0000003205,238.53,card,captured,2025-11-25T10:16:30+05:30
pay_00000000003206,order_0000003206,321.00,upi,captured,2025-11-14T17:30:07+05:30
pay_00000000003207,order_0000003207,202.00,card,captured,2025-11-18T05:00:01+05:30
pay_00000000003208,order_0000003208,755.94,card,captured,2025-11-20T04:07:42+05:30
pay_00000000003209,order_0000003209,455.00,upi,captured,2025-11-12T08:34:00+05:30
pay_00000000003210,order_0000003210,17329.42,upi,captured,2025-11-22T00:56:21+05:30
pay_00000000003211,order_0000003211,493.99,upi,captured,2025-11-30T04:44:32+05:30
pay_00000000003212,order_0000003212,984.00,netbanking,captured,2025-11-28T12:52:07+05:30
pay_00000000003213,order_0000003213,976.70,card,captured,2025-11-03T12:57:29+05:30
pay_00000000003214,order_0000003214,2959.00,wallet,captured,2025-11-19T13:34:47+05:30
pay_00000000003215,order_0000003215,1034.57,upi,captured,2025-11-11T05:34:45+05:30
pay_00000000003216,order_0000003216,2055.99,upi,captured,2025-11-04T03:36:55+05:30
pay_00000000003217,order_0000003217,230.00,upi,captured,2025-11-23T23:08:02+05:30
pay_00000000003218,order_0000003218,183.99,card,captured,2025-11-05T18:14:06+05:30
pay_00000000003219,order_0000003219,314.50,upi,captured,2025-11-18T18:58:44+05:30
pay_00000000003220,order_0000003220,15939.99,upi,captured,2025-11-04T14:54:14+05:30
pay_00000000003221,order_0000003221,2746.99,netbanking,captured,2025-11-21T12:57:29+05:30
pay_00000000003222,order_0000003222,184.38,card,captured,2025-11-08T20:25:02+05:30
pay_00000000003223,order_0000003223,524.99,upi,captured,2025-11-08T18:52:29+05:30
pay_00000000003224,order_0000003224,126.49,upi,captured,2025-11-18T17:42:09+05:30
pay_00000000003225,order_0000003225,909.29,upi,captured,2025-11-03T19:12:34+05:30
pay_00000000003226,order_0000003226,857.99,upi,captured,2025-11-21T22:38:33+05:30
pay_00000000003227,order_0000003227,868.00,card,captured,2025-11-07T13:06:28+05:30
pay_00000000003228,order_0000003228,163.04,wallet,captured,2025-11-21T20:32:50+05:30
pay_00000000003229,order_0000003229,992.66,upi,captured,2025-11-16T17:18:15+05:30
pay_00000000003230,order_0000003230,487.00,upi,captured,2025-11-10T18:24:01+05:30
pay_00000000003231,order_0000003231,391.28,upi,captured,2025-11-09T08:51:07+05:30
pay_00000000003232,order_0000003232,847.08,upi,captured,2025-11-19T16:21:47+05:30
pay_00000000003233,order_0000003233,857.99,wallet,captured,2025-11-17T17:00:44+05:30
pay_00000000003234,order_0000003234,752.65,upi,captured,2025-11-11T13:05:12+05:30
pay_00000000003235,order_0000003235,209.15,upi,captured,2025-11-11T01:04:41+05:30
pay_00000000003236,order_0000003236,510.00,upi,captured,2025-11-20T06:30:39+05:30
pay_00000000003237,order_0000003237,327.16,netbanking,captured,2025-11-19T14:39:47+05:30
pay_00000000003238,order_0000003238,1035.27,card,captured,2025-11-02T23:57:54+05:30
pay_00000000003239,order_0000003239,788.91,card,captured,2025-11-01T14:52:45+05:30
pay_00000000003240,order_0000003240,796.76,upi,captured,2025-11-02T09:10:36+05:30
pay_00000000003241,order_0000003241,603.99,wallet,captured,2025-11-04T21:07:26+05:30
pay_00000000003242,order_0000003242,925.00,card,captured,2025-11-07T14:37:35+05:30
pay_00000000003243,order_0000003243,720.75,netbanking,captured,2025-11-17T13:32:45+05:30
pay_00000000003244,order_0000003244,491.00,upi,failed,2025-11-04T14:20:25+05:30
pay_00000000003245,order_0000003245,316.35,wallet,captured,2025-11-26T10:36:18+05:30
pay_00000000003246,order_0000003246,3369.00,upi,captured,2025-11-24T19:36:22+05:30
pay_00000000003247,order_0000003247,580.16,netbanking,captured,2025-11-09T17:15:43+05:30
pay_00000000003248,order_0000003248,754.00,card,captured,2025-11-30T15:35:17+05:30
pay_00000000003249,order_0000003249,500.50,upi,captured,2025-11-10T20:43:13+05:30
pay_00000000003250,order_0000003250,1065.79,upi,captured,2025-11-19T12:43:00+05:30
pay_00000000003251,order_0000003251,828.00,card,captured,2025-11-01T20:11:59+05:30
pay_00000000003252,order_0000003252,880.00,upi,captured,2025-11-11T18:31:33+05:30
pay_00000000003253,order_0000003253,777.20,upi,captured,2025-11-23T14:35:01+05:30
pay_00000000003254,order_0000003254,366.99,upi,captured,2025-11-22T06:13:33+05:30
pay_00000000003255,order_0000003255,2536.00,card,captured,2025-11-16T22:32:57+05:30
pay_00000000003256,order_0000003256,146.37,upi,captured,2025-11-18T08:12:07+05:30
pay_00000000003257,order_0000003257,1050.48,upi,captured,2025-11-12T06:49:27+05:30
pay_00000000003258,order_0000003258,276.85,upi,captured,2025-11-28T21:23:34+05:30
pay_00000000003259,order_0000003259,350.22,upi,captured,2025-11-11T14:27:17+05:30
pay_00000000003260,order_0000003260,3474.07,upi,captured,2025-11-14T00:48:02+05:30
pay_00000000003261,order_0000003261,553.43,card,captured,2025-11-28T15:51:03+05:30
pay_00000000003262,order_0000003262,704.00,upi,captured,2025-11-25T22:17:35+05:30
pay_00000000003263,order_0000003263,783.99,wallet,captured,2025-11-01T12:00:18+05:30
pay_00000000003264,order_0000003264,663.49,upi,captured,2025-11-19T18:22:15+05:30
pay_00000000003265,order_0000003265,526.65,upi,captured,2025-11-10T20:30:20+05:30
pay_00000000003266,order_0000003266,674.23,upi,captured,2025-11-14T21:43:36+05:30
pay_00000000003267,order_0000003267,762.30,card,captured,2025-11-01T15:21:49+05:30
pay_00000000003268,order_0000003268,199.99,upi,captured,2025-11-04T07:58:13+05:30
pay_00000000003269,order_0000003269,304.42,upi,failed,2025-11-17T23:50:37+05:30
pay_00000000003270,order_0000003270,109.99,upi,captured,2025-11-26T18:02:01+05:30
pay_00000000003271,order_0000003271,1051.61,card,captured,2025-11-17T13:12:28+05:30
pay_00000000003272,order_0000003272,1013.00,upi,captured,2025-11-20T14:30:40+05:30
pay_00000000003273,order_0000003273,987.00,upi,captured,2025-11-24T09:47:08+05:30
pay_00000000003274,order_0000003274,739.00,card,captured,2025-11-09T23:10:08+05:30
pay_00000000003275,order_0000003275,3510.99,wallet,captured,2025-11-02T23:37:14+05:30
pay_00000000003276,order_0000003276,491.23,wallet,captured,2025-11-14T16:00:47+05:30
pay_00000000003277,order_0000003277,1069.44,card,captured,2025-11-30T07:19:09+05:30
pay_00000000003278,order_0000003278,496.80,wallet,captured,2025-11-04T19:35:31+05:30
pay_00000000003279,order_0000003279,544.99,upi,captured,2025-11-07T06:32:34+05:30
pay_00000000003280,order_0000003280,487.76,card,captured,2025-11-02T13:33:02+05:30
pay_00000000003281,order_0000003281,1560.46,card,captured,2025-11-20T13:57:50+05:30
pay_00000000003282,order_0000003282,588.99,upi,captured,2025-11-26T13:38:51+05:30
pay_00000000003283,order_0000003283,998.00,upi,captured,2025-11-17T21:20:28+05:30
pay_00000000003284,order_0000003284,881.00,upi,captured,2025-11-06T08:02:47+05:30
pay_00000000003285,order_0000003285,2593.00,upi,captured,2025-11-25T11:16:57+05:30
pay_00000000003286,order_0000003286,574.83,upi,captured,2025-11-25T11:40:59+05:30
pay_00000000003287,order_0000003287,362.99,upi,captured,2025-11-27T05:51:26+05:30
pay_00000000003288,order_0000003288,2074.84,wallet,captured,2025-11-07T23:10:41+05:30
pay_00000000003289,order_0000003289,399.37,wallet,captured,2025-11-17T15:06:01+05:30
pay_00000000003290,order_0000003290,782.99,upi,captured,2025-11-16T14:39:37+05:30
pay_00000000003291,order_0000003291,2439.66,upi,captured,2025-11-20T00:44:45+05:30
pay_00000000003292,order_0000003292,279.42,upi,failed,2025-11-28T18:59:44+05:30
pay_00000000003293,order_0000003293,976.99,upi,captured,2025-11-16T22:22:55+05:30
pay_00000000003294,order_0000003294,985.50,upi,captured,2025-11-28T22:53:41+05:30
pay_00000000003295,order_0000003295,570.97,upi,captured,2025-11-17T16:57:14+05:30
pay_00000000003296,order_0000003296,635.51,upi,captured,2025-11-08T22:20:35+05:30
pay_00000000003297,order_0000003297,781.31,wallet,captured,2025-11-02T09:48:12+05:30
pay_00000000003298,order_0000003298,249.00,card,captured,2025-11-06T19:38:06+05:30
pay_00000000003299,order_0000003299,101.00,upi,captured,2025-11-07T12:46:49+05:30
pay_00000000003300,order_0000003300,1745.00,netbanking,captured,2025-11-28T07:12:17+05:30
pay_00000000003301,order_0000003301,185.44,netbanking,captured,2025-11-18T11:07:49+05:30
pay_00000000003302,order_0000003302,754.00,card,captured,2025-11-27T14:22:18+05:30
pay_00000000003303,order_0000003303,599.99,upi,captured,2025-11-08T19:39:48+05:30
pay_00000000003304,order_0000003304,1299.49,card,captured,2025-11-01T15:10:25+05:30
pay_00000000003305,order_0000003305,499.39,card,captured,2025-11-02T06:09:45+05:30
pay_00000000003306,order_0000003306,219.00,wallet,captured,2025-11-16T19:06:09+05:30
pay_00000000003307,order_0000003307,846.00,card,captured,2025-11-03T11:18:22+05:30
pay_00000000003308,order_0000003308,802.31,upi,captured,2025-11-07T23:58:48+05:30
pay_00000000003309,order_0000003309,656.99,upi,captured,2025-11-14T00:14:37+05:30
pay_00000000003310,order_0000003310,284.55,wallet,captured,2025-11-14T14:15:17+05:30
pay_00000000003311,order_0000003311,198.00,upi,captured,2025-11-17T20:05:53+05:30
pay_00000000003312,order_0000003312,11924.29,card,captured,2025-11-13T15:49:06+05:30
pay_00000000003313,order_0000003313,892.50,card,captured,2025-11-13T06:18:10+05:30
pay_00000000003314,order_0000003314,307.99,upi,captured,2025-11-12T11:10:17+05:30
pay_00000000003315,order_0000003315,137.55,upi,captured,2025-11-25T16:06:20+05:30
pay_00000000003316,order_0000003316,374.96,upi,captured,2025-11-06T04:31:33+05:30
pay_00000000003317,order_0000003317,1039.00,upi,captured,2025-11-30T13:56:15+05:30
pay_00000000003318,order_0000003318,503.00,upi,captured,2025-11-22T11:19:53+05:30
pay_00000000003319,order_0000003319,915.66,netbanking,captured,2025-11-14T02:30:57+05:30
pay_00000000003320,order_0000003320,454.25,wallet,captured,2025-11-04T17:35:19+05:30
pay_00000000003321,order_0000003321,628.05,upi,captured,2025-11-29T14:14:16+05:30
pay_00000000003322,order_0000003322,2377.02,upi,captured,2025-11-04T19:39:16+05:30
pay_00000000003323,order_0000003323,7685.00,upi,captured,2025-11-17T18:52:22+05:30
pay_00000000003324,order_0000003324,546.00,upi,captured,2025-11-25T18:34:31+05:30
pay_00000000003325,order_0000003325,120.99,upi,captured,2025-11-18T10:39:45+05:30
pay_00000000003326,order_0000003326,464.99,card,captured,2025-11-22T16:49:50+05:30
pay_00000000003327,order_0000003327,972.00,upi,captured,2025-11-28T19:00:21+05:30
pay_00000000003328,order_0000003328,1071.57,upi,captured,2025-11-05T17:23:29+05:30
pay_00000000003329,order_0000003329,326.82,upi,captured,2025-11-25T22:14:16+05:30
pay_00000000003330,order_0000003330,11090.39,upi,captured,2025-11-13T17:27:45+05:30
pay_00000000003331,order_0000003331,132.00,card,captured,2025-11-12T14:36:36+05:30
pay_00000000003332,order_0000003332,609.26,card,captured,2025-11-05T15:35:44+05:30
pay_00000000003333,order_0000003333,446.18,netbanking,captured,2025-11-05T18:53:51+05:30
pay_00000000003334,order_0000003334,4097.54,card,captured,2025-11-30T12:41:59+05:30
pay_00000000003335,order_0000003335,320.29,card,captured,2025-11-12T05:39:58+05:30
pay_00000000003336,order_0000003336,234.00,upi,failed,2025-11-10T21:01:27+05:30
pay_00000000003337,order_0000003337,3529.00,upi,captured,2025-11-17T15:03:56+05:30
pay_00000000003338,order_0000003338,453.99,upi,captured,2025-11-13T06:54:32+05:30
pay_00000000003339,order_0000003339,974.86,upi,captured,2025-11-18T21:28:15+05:30
pay_00000000003340,order_0000003340,14851.00,card,captured,2025-11-14T07:07:49+05:30
pay_00000000003341,order_0000003341,266.99,upi,captured,2025-11-03T01:17:26+05:30
pay_00000000003342,order_0000003342,611.15,card,captured,2025-11-29T09:43:34+05:30
pay_00000000003343,order_0000003343,468.02,card,captured,2025-11-02T21:54:28+05:30
pay_00000000003344,order_0000003344,761.37,netbanking,captured,2025-11-06T00:00:24+05:30
pay_00000000003345,order_0000003345,3932.00,upi,captured,2025-11-13T04:27:30+05:30
pay_00000000003346,order_0000003346,318.90,wallet,captured,2025-11-21T20:57:28+05:30
pay_00000000003347,order_0000003347,15249.26,netbanking,captured,2025-11-09T17:10:40+05:30
pay_00000000003348,order_0000003348,370.32,upi,captured,2025-11-14T10:24:30+05:30
pay_00000000003349,order_0000003349,3335.65,netbanking,captured,2025-11-30T12:31:51+05:30
pay_00000000003350,order_0000003350,1022.99,upi,captured,2025-11-02T15:18:42+05:30
pay_00000000003351,order_0000003351,764.00,netbanking,captured,2025-11-15T14:32:37+05:30
pay_00000000003352,order_0000003352,739.28,upi,captured,2025-11-23T23:49:34+05:30
pay_00000000003353,order_0000003353,600.84,upi,captured,2025-11-16T16:59:23+05:30
pay_00000000003354,order_0000003354,390.01,upi,captured,2025-11-25T14:09:37+05:30
pay_00000000003355,order_0000003355,731.00,upi,captured,2025-11-09T19:24:25+05:30
pay_00000000003356,order_0000003356,2912.99,card,captured,2025-11-29T18:49:53+05:30
pay_00000000003357,order_0000003357,829.00,upi,captured,2025-11-18T16:42:46+05:30
pay_00000000003358,order_0000003358,11887.21,upi,captured,2025-11-24T19:08:17+05:30
pay_00000000003359,order_0000003359,2107.00,upi,captured,2025-11-02T07:32:06+05:30
pay_00000000003360,order_0000003360,257.27,card,captured,2025-11-26T16:58:25+05:30
pay_00000000003361,order_0000003361,336.64,upi,captured,2025-11-23T20:00:39+05:30
pay_00000000003362,order_0000003362,1404.75,wallet,captured,2025-11-25T15:02:40+05:30
pay_00000000003363,order_0000003363,1586.90,upi,captured,2025-11-07T10:04:30+05:30
pay_00000000003364,order_0000003364,693.00,netbanking,captured,2025-11-22T17:27:30+05:30
pay_00000000003365,order_0000003365,433.00,upi,captured,2025-11-05T06:02:03+05:30
pay_00000000003366,order_0000003366,985.99,netbanking,captured,2025-11-06T20:07:29+05:30
pay_00000000003367,order_0000003367,859.00,upi,captured,2025-11-13T09:08:10+05:30
pay_00000000003368,order_0000003368,1258.00,upi,captured,2025-11-06T21:04:08+05:30
pay_00000000003369,order_0000003369,313.88,upi,captured,2025-11-04T11:59:27+05:30
pay_00000000003370,order_0000003370,558.99,upi,captured,2025-11-10T16:22:39+05:30
pay_00000000003371,order_0000003371,171.86,upi,captured,2025-11-21T19:48:48+05:30
pay_00000000003372,order_0000003372,255.99,upi,captured,2025-11-22T07:20:24+05:30
pay_00000000003373,order_0000003373,348.90,card,captured,2025-11-24T14:38:57+05:30
pay_00000000003374,order_0000003374,2795.26,upi,captured,2025-11-07T23:20:20+05:30
pay_00000000003375,order_0000003375,997.00,netbanking,captured,2025-11-02T16:26:41+05:30
pay_00000000003376,order_0000003376,595.24,card,captured,2025-11-06T03:38:46+05:30
pay_00000000003377,order_0000003377,475.81,netbanking,captured,2025-11-09T15:21:06+05:30
pay_00000000003378,order_0000003378,3466.54,upi,captured,2025-11-27T13:02:40+05:30
pay_00000000003379,order_0000003379,1526.93,card,captured,2025-11-17T21:44:01+05:30
pay_00000000003380,order_0000003380,707.11,upi,captured,2025-11-21T12:09:59+05:30
pay_00000000003381,order_0000003381,902.68,wallet,captured,2025-11-11T23:14:28+05:30
pay_00000000003382,order_0000003382,1071.00,upi,failed,2025-11-13T15:30:45+05:30
pay_00000000003383,order_0000003383,359.99,upi,captured,2025-11-26T13:02:22+05:30
pay_00000000003384,order_0000003384,1079.93,wallet,captured,2025-11-01T12:58:37+05:30
pay_00000000003385,order_0000003385,643.00,upi,captured,2025-11-14T17:50:49+05:30
pay_00000000003386,order_0000003386,3158.54,netbanking,captured,2025-11-20T15:37:21+05:30
pay_00000000003387,order_0000003387,550.78,upi,captured,2025-11-14T16:40:40+05:30
pay_00000000003388,order_0000003388,322.99,card,captured,2025-11-10T06:05:11+05:30
pay_00000000003389,order_0000003389,666.64,upi,captured,2025-11-27T20:25:17+05:30
pay_00000000003390,order_0000003390,243.91,card,captured,2025-11-27T09:40:13+05:30
pay_00000000003391,order_0000003391,11546.32,netbanking,captured,2025-11-03T21:14:47+05:30
pay_00000000003392,order_0000003392,315.99,upi,captured,2025-11-23T15:17:37+05:30
pay_00000000003393,order_0000003393,737.96,card,captured,2025-11-26T20:08:14+05:30
pay_00000000003394,order_0000003394,151.63,upi,captured,2025-11-21T07:51:08+05:30
pay_00000000003395,order_0000003395,1173.49,card,captured,2025-11-05T08:48:46+05:30
pay_00000000003396,order_0000003396,455.46,upi,captured,2025-11-01T13:59:31+05:30
pay_00000000003397,order_0000003397,474.17,upi,captured,2025-11-09T22:16:09+05:30
pay_00000000003398,order_0000003398,692.00,netbanking,captured,2025-11-08T17:21:11+05:30
pay_00000000003399,order_0000003399,957.00,upi,captured,2025-11-30T17:50:28+05:30
pay_00000000003400,order_0000003400,262.93,upi,captured,2025-11-19T18:29:15+05:30
pay_00000000003401,order_0000003401,574.00,upi,captured,2025-11-30T15:54:23+05:30
pay_00000000003402,order_0000003402,342.00,wallet,captured,2025-11-22T01:11:12+05:30
pay_00000000003403,order_0000003403,377.00,card,captured,2025-11-27T08:35:22+05:30
pay_00000000003404,order_0000003404,794.36,card,captured,2025-11-09T19:10:06+05:30
pay_00000000003405,order_0000003405,510.00,upi,captured,2025-11-11T14:14:13+05:30
pay_00000000003406,order_0000003406,624.98,card,captured,2025-11-25T18:22:17+05:30
pay_00000000003407,order_0000003407,712.00,upi,captured,2025-11-06T14:03:39+05:30
pay_00000000003408,order_0000003408,260.60,wallet,captured,2025-11-27T23:50:27+05:30
pay_00000000003409,order_0000003409,803.99,upi,captured,2025-11-29T14:37:47+05:30
pay_00000000003410,order_0000003410,2779.99,upi,captured,2025-11-14T17:42:20+05:30
pay_00000000003411,order_0000003411,1046.29,card,captured,2025-11-25T13:52:27+05:30
pay_00000000003412,order_0000003412,501.47,wallet,captured,2025-11-18T06:34:08+05:30
pay_00000000003413,order_0000003413,3424.99,card,captured,2025-11-26T08:22:51+05:30
pay_00000000003414,order_0000003414,657.49,upi,captured,2025-11-22T16:45:38+05:30
pay_00000000003415,order_0000003415,532.99,upi,captured,2025-11-25T13:27:54+05:30
pay_00000000003416,order_0000003416,637.36,upi,captured,2025-11-25T18:39:11+05:30
pay_00000000003417,order_0000003417,884.48,card,captured,2025-11-15T23:12:13+05:30
pay_00000000003418,order_0000003418,3549.99,upi,captured,2025-11-15T04:00:37+05:30
pay_00000000003419,order_0000003419,404.00,card,captured,2025-11-15T19:05:46+05:30
pay_00000000003420,order_0000003420,410.00,card,captured,2025-11-12T16:18:37+05:30
pay_00000000003421,order_0000003421,463.73,card,failed,2025-11-13T04:51:43+05:30
pay_00000000003422,order_0000003422,771.99,upi,captured,2025-11-20T18:48:23+05:30
pay_00000000003423,order_0000003423,397.42,upi,captured,2025-11-07T12:22:23+05:30
pay_00000000003424,order_0000003424,617.99,upi,captured,2025-11-11T18:05:45+05:30
pay_00000000003425,order_0000003425,358.87,wallet,captured,2025-11-27T12:31:49+05:30
pay_00000000003426,order_0000003426,1034.00,netbanking,captured,2025-11-18T08:47:33+05:30
pay_00000000003427,order_0000003427,650.39,card,captured,2025-11-05T15:35:25+05:30
pay_00000000003428,order_0000003428,548.21,upi,captured,2025-11-10T08:13:25+05:30
pay_00000000003429,order_0000003429,1051.86,upi,failed,2025-11-01T13:30:31+05:30
pay_00000000003430,order_0000003430,166.85,card,captured,2025-11-13T15:31:10+05:30
pay_00000000003431,order_0000003431,753.00,upi,failed,2025-11-20T19:44:46+05:30
pay_00000000003432,order_0000003432,935.99,netbanking,captured,2025-11-18T07:28:11+05:30
pay_00000000003433,order_0000003433,2811.99,upi,captured,2025-11-19T20:21:22+05:30
pay_00000000003434,order_0000003434,902.99,card,captured,2025-11-20T06:44:06+05:30
pay_00000000003435,order_0000003435,119.96,upi,captured,2025-11-20T22:50:43+05:30
pay_00000000003436,order_0000003436,435.00,upi,captured,2025-11-23T06:51:45+05:30
pay_00000000003437,order_0000003437,889.00,upi,failed,2025-11-24T12:43:47+05:30
pay_00000000003438,order_0000003438,1356.00,upi,captured,2025-11-17T15:07:21+05:30
pay_00000000003439,order_0000003439,178.00,upi,captured,2025-11-02T23:32:15+05:30
pay_00000000003440,order_0000003440,736.08,upi,captured,2025-11-24T15:09:43+05:30
pay_00000000003441,order_0000003441,103.99,upi,captured,2025-11-10T04:08:00+05:30
pay_00000000003442,order_0000003442,850.00,card,captured,2025-11-25T15:30:56+05:30
pay_00000000003443,order_0000003443,1014.46,netbanking,captured,2025-11-25T18:59:28+05:30
pay_00000000003444,order_0000003444,239.99,netbanking,captured,2025-11-10T19:59:42+05:30
pay_00000000003445,order_0000003445,367.33,card,failed,2025-11-26T11:30:19+05:30
pay_00000000003446,order_0000003446,162.29,upi,captured,2025-11-02T15:37:34+05:30
pay_00000000003447,order_0000003447,398.99,upi,captured,2025-11-25T17:30:44+05:30
pay_00000000003448,order_0000003448,238.77,upi,failed,2025-11-07T18:03:10+05:30
pay_00000000003449,order_0000003449,706.99,upi,captured,2025-11-15T08:20:12+05:30
pay_00000000003450,order_0000003450,14488.00,upi,captured,2025-11-18T01:30:14+05:30
pay_00000000003451,order_0000003451,730.00,upi,captured,2025-11-26T13:11:26+05:30
pay_00000000003452,order_0000003452,2378.96,upi,captured,2025-11-01T13:33:23+05:30
pay_00000000003453,order_0000003453,2571.37,upi,captured,2025-11-15T12:50:22+05:30
pay_00000000003454,order_0000003454,1064.00,upi,captured,2025-11-23T21:01:35+05:30
pay_00000000003455,order_0000003455,2285.27,upi,captured,2025-11-15T04:04:01+05:30
pay_00000000003456,order_0000003456,228.45,wallet,captured,2025-11-17T14:21:24+05:30
pay_00000000003457,order_0000003457,342.31,netbanking,captured,2025-11-01T06:02:19+05:30
pay_00000000003458,order_0000003458,971.00,card,captured,2025-11-01T19:05:31+05:30
pay_00000000003459,order_0000003459,492.07,upi,captured,2025-11-16T12:47:45+05:30
pay_00000000003460,order_0000003460,857.72,netbanking,captured,2025-11-22T15:28:00+05:30
pay_00000000003461,order_0000003461,1524.00,card,captured,2025-11-28T10:49:18+05:30
pay_00000000003462,order_0000003462,1532.89,upi,captured,2025-11-28T15:23:47+05:30
pay_00000000003463,order_0000003463,2802.60,card,captured,2025-11-24T07:54:51+05:30
pay_00000000003464,order_0000003464,332.99,upi,captured,2025-11-16T15:48:17+05:30
pay_00000000003465,order_0000003465,2328.13,upi,captured,2025-11-04T22:11:03+05:30
pay_00000000003466,order_0000003466,2430.63,upi,failed,2025-11-16T08:03:28+05:30
pay_00000000003467,order_0000003467,713.23,upi,captured,2025-11-22T22:05:44+05:30
pay_00000000003468,order_0000003468,1038.00,card,captured,2025-11-21T14:21:13+05:30
pay_00000000003469,order_0000003469,119.00,upi,captured,2025-11-04T12:16:56+05:30
pay_00000000003470,order_0000003470,860.00,card,captured,2025-11-18T16:18:29+05:30
pay_00000000003471,order_0000003471,127.00,wallet,captured,2025-11-24T13:15:10+05:30
pay_00000000003472,order_0000003472,2533.40,upi,captured,2025-11-08T06:25:36+05:30
pay_00000000003473,order_0000003473,351.94,wallet,captured,2025-11-16T18:32:20+05:30
pay_00000000003474,order_0000003474,1203.97,card,captured,2025-11-22T16:05:19+05:30
pay_00000000003475,order_0000003475,3088.85,wallet,captured,2025-11-24T07:36:21+05:30
pay_00000000003476,order_0000003476,2910.00,wallet,captured,2025-11-24T20:35:20+05:30
pay_00000000003477,order_0000003477,1069.39,upi,captured,2025-11-05T11:46:44+05:30
pay_00000000003478,order_0000003478,177.79,card,captured,2025-11-12T11:05:18+05:30
pay_00000000003479,order_0000003479,1068.52,wallet,captured,2025-11-17T22:38:55+05:30
pay_00000000003480,order_0000003480,1143.12,upi,captured,2025-11-12T14:46:15+05:30
pay_00000000003481,order_0000003481,282.00,upi,captured,2025-11-04T07:17:59+05:30
pay_00000000003482,order_0000003482,552.56,upi,captured,2025-11-15T01:54:42+05:30
pay_00000000003483,order_0000003483,524.99,upi,captured,2025-11-20T23:32:37+05:30
pay_00000000003484,order_0000003484,746.00,upi,captured,2025-11-18T10:31:29+05:30
pay_00000000003485,order_0000003485,2855.87,card,captured,2025-11-11T22:11:47+05:30
pay_00000000003486,order_0000003486,849.99,card,captured,2025-11-04T19:36:48+05:30
pay_00000000003487,order_0000003487,655.00,card,captured,2025-11-11T22:09:39+05:30
pay_00000000003488,order_0000003488,12833.00,upi,captured,2025-11-15T13:52:45+05:30
pay_00000000003489,order_0000003489,451.00,wallet,captured,2025-11-18T18:25:34+05:30
pay_00000000003490,order_0000003490,224.00,upi,captured,2025-11-04T15:54:04+05:30
pay_00000000003491,order_0000003491,863.99,upi,captured,2025-11-08T19:36:49+05:30
pay_00000000003492,order_0000003492,506.45,card,captured,2025-11-26T08:08:26+05:30
pay_00000000003493,order_0000003493,191.00,card,captured,2025-11-15T17:48:41+05:30
pay_00000000003494,order_0000003494,867.74,wallet,captured,2025-11-07T21:45:00+05:30
pay_00000000003495,order_0000003495,275.00,card,captured,2025-11-20T21:35:00+05:30
pay_00000000003496,order_0000003496,678.11,upi,captured,2025-11-17T01:51:05+05:30
pay_00000000003497,order_0000003497,766.00,upi,captured,2025-11-01T17:41:42+05:30
pay_00000000003498,order_0000003498,154.23,card,captured,2025-11-29T15:26:56+05:30
pay_00000000003499,order_0000003499,778.47,wallet,captured,2025-11-23T19:26:38+05:30
pay_00000000003500,order_0000003500,131.00,upi,captured,2025-11-12T07:56:43+05:30
pay_00000000003501,order_0000003501,381.99,upi,captured,2025-11-11T08:11:59+05:30
pay_00000000003502,order_0000003502,1170.01,upi,captured,2025-11-08T18:24:44+05:30
pay_00000000003503,order_0000003503,594.68,card,captured,2025-11-13T18:10:14+05:30
pay_00000000003504,order_0000003504,607.20,wallet,captured,2025-11-21T13:20:34+05:30
pay_00000000003505,order_0000003505,234.00,netbanking,failed,2025-11-09T14:56:31+05:30
pay_00000000003506,order_0000003506,3077.31,card,captured,2025-11-08T23:45:25+05:30
pay_00000000003507,order_0000003507,763.13,upi,failed,2025-11-16T23:44:53+05:30
pay_00000000003508,order_0000003508,524.00,wallet,failed,2025-11-10T21:21:56+05:30
pay_00000000003509,order_0000003509,607.03,upi,failed,2025-11-24T05:20:37+05:30
pay_00000000003510,order_0000003510,173.99,upi,captured,2025-11-07T14:03:00+05:30
pay_00000000003511,order_0000003511,1047.99,upi,captured,2025-11-03T23:35:00+05:30
pay_00000000003512,order_0000003512,245.00,upi,captured,2025-11-29T19:46:47+05:30
pay_00000000003513,order_0000003513,804.30,card,captured,2025-11-17T03:38:36+05:30
pay_00000000003514,order_0000003514,748.09,upi,captured,2025-11-07T04:02:10+05:30
pay_00000000003515,order_0000003515,2667.99,card,captured,2025-11-23T15:11:35+05:30
pay_00000000003516,order_0000003516,496.99,upi,captured,2025-11-09T13:53:46+05:30
pay_00000000003517,order_0000003517,1017.83,upi,captured,2025-11-07T19:49:42+05:30
pay_00000000003518,order_0000003518,332.64,card,captured,2025-11-27T14:54:16+05:30
pay_00000000003519,order_0000003519,584.18,upi,captured,2025-11-05T17:19:46+05:30
pay_00000000003520,order_0000003520,17287.61,wallet,captured,2025-11-01T23:02:51+05:30
pay_00000000003521,order_0000003521,346.99,upi,captured,2025-11-14T22:46:07+05:30
pay_00000000003522,order_0000003522,926.36,card,captured,2025-11-08T13:12:52+05:30
pay_00000000003523,order_0000003523,667.85,upi,captured,2025-11-23T19:25:55+05:30
pay_00000000003524,order_0000003524,2745.34,upi,captured,2025-11-08T14:32:34+05:30
pay_00000000003525,order_0000003525,1031.51,upi,captured,2025-11-27T03:25:54+05:30
pay_00000000003526,order_0000003526,315.23,card,captured,2025-11-01T14:31:20+05:30
pay_00000000003527,order_0000003527,3266.00,upi,captured,2025-11-22T02:07:45+05:30
pay_00000000003528,order_0000003528,694.66,netbanking,captured,2025-11-17T20:27:22+05:30
pay_00000000003529,order_0000003529,323.99,wallet,captured,2025-11-20T19:12:54+05:30
pay_00000000003530,order_0000003530,983.20,upi,captured,2025-11-27T14:18:32+05:30
pay_00000000003531,order_0000003531,260.52,upi,captured,2025-11-20T21:29:31+05:30
pay_00000000003532,order_0000003532,1115.22,upi,captured,2025-11-28T17:52:24+05:30
pay_00000000003533,order_0000003533,651.00,upi,captured,2025-11-07T20:47:01+05:30
pay_00000000003534,order_0000003534,834.54,netbanking,captured,2025-11-19T18:40:57+05:30
pay_00000000003535,order_0000003535,1166.00,card,captured,2025-11-08T09:40:18+05:30
pay_00000000003536,order_0000003536,726.52,card,captured,2025-11-02T05:41:37+05:30
pay_00000000003537,order_0000003537,644.00,upi,captured,2025-11-30T21:32:39+05:30
pay_00000000003538,order_0000003538,970.88,upi,captured,2025-11-28T15:01:25+05:30
pay_00000000003539,order_0000003539,341.00,card,captured,2025-11-22T16:38:02+05:30
pay_00000000003540,order_0000003540,671.47,card,captured,2025-11-28T23:12:20+05:30
pay_00000000003541,order_0000003541,13655.00,upi,captured,2025-11-06T12:35:13+05:30
pay_00000000003542,order_0000003542,815.99,card,captured,2025-11-06T22:51:06+05:30
pay_00000000003543,order_0000003543,1745.99,upi,failed,2025-11-15T19:10:35+05:30
pay_00000000003544,order_0000003544,1043.11,upi,captured,2025-11-07T20:46:17+05:30
pay_00000000003545,order_0000003545,925.76,card,captured,2025-11-27T14:53:35+05:30
pay_00000000003546,order_0000003546,303.98,wallet,captured,2025-11-05T01:11:09+05:30
pay_00000000003547,order_0000003547,785.00,wallet,captured,2025-11-19T00:00:47+05:30
pay_00000000003548,order_0000003548,905.00,card,captured,2025-11-17T01:59:27+05:30
pay_00000000003549,order_0000003549,1975.00,upi,captured,2025-11-09T20:17:12+05:30
pay_00000000003550,order_0000003550,538.00,netbanking,captured,2025-11-06T13:37:09+05:30
pay_00000000003551,order_0000003551,1865.00,upi,captured,2025-11-18T23:55:24+05:30
pay_00000000003552,order_0000003552,3558.00,upi,captured,2025-11-27T10:27:29+05:30
pay_00000000003553,order_0000003553,943.30,upi,captured,2025-11-06T12:26:22+05:30
pay_00000000003554,order_0000003554,682.00,upi,failed,2025-11-28T06:45:34+05:30
pay_00000000003555,order_0000003555,765.99,card,captured,2025-11-22T06:12:00+05:30
pay_00000000003556,order_0000003556,715.17,upi,captured,2025-11-29T21:56:44+05:30
pay_00000000003557,order_0000003557,1051.88,netbanking,captured,2025-11-06T03:20:08+05:30
pay_00000000003558,order_0000003558,363.54,wallet,captured,2025-11-30T18:18:42+05:30
pay_00000000003559,order_0000003559,761.00,card,captured,2025-11-23T22:44:37+05:30
pay_00000000003560,order_0000003560,1512.00,upi,captured,2025-11-02T11:12:19+05:30
pay_00000000003561,order_0000003561,816.99,upi,captured,2025-11-22T09:48:50+05:30
pay_00000000003562,order_0000003562,3132.00,upi,captured,2025-11-15T14:05:58+05:30
pay_00000000003563,order_0000003563,2229.05,upi,captured,2025-11-13T19:35:42+05:30
pay_00000000003564,order_0000003564,322.66,upi,captured,2025-11-16T18:52:24+05:30
pay_00000000003565,order_0000003565,450.95,upi,captured,2025-11-23T14:39:38+05:30
pay_00000000003566,order_0000003566,3397.00,card,captured,2025-11-11T08:44:00+05:30
pay_00000000003567,order_0000003567,1689.87,netbanking,captured,2025-11-24T07:04:08+05:30
pay_00000000003568,order_0000003568,976.75,upi,captured,2025-11-24T09:25:20+05:30
pay_00000000003569,order_0000003569,1639.67,upi,captured,2025-11-26T10:41:05+05:30
pay_00000000003570,order_0000003570,607.28,wallet,captured,2025-11-18T12:19:02+05:30
pay_00000000003571,order_0000003571,275.36,upi,captured,2025-11-30T19:35:44+05:30
pay_00000000003572,order_0000003572,521.13,upi,captured,2025-11-06T17:03:37+05:30
pay_00000000003573,order_0000003573,760.43,wallet,captured,2025-11-03T17:13:31+05:30
pay_00000000003574,order_0000003574,312.00,upi,captured,2025-11-28T06:13:00+05:30
pay_00000000003575,order_0000003575,979.99,wallet,captured,2025-11-25T13:34:29+05:30
pay_00000000003576,order_0000003576,2401.00,card,captured,2025-11-05T15:11:30+05:30
pay_00000000003577,order_0000003577,941.00,upi,captured,2025-11-30T16:46:04+05:30
pay_00000000003578,order_0000003578,140.00,card,captured,2025-11-25T12:53:09+05:30
pay_00000000003579,order_0000003579,305.55,upi,captured,2025-11-13T10:13:32+05:30
pay_00000000003580,order_0000003580,17047.50,upi,captured,2025-11-10T14:06:07+05:30
pay_00000000003581,order_0000003581,7017.00,upi,captured,2025-11-04T12:04:24+05:30
pay_00000000003582,order_0000003582,1467.02,upi,captured,2025-11-17T12:02:54+05:30
pay_00000000003583,order_0000003583,297.00,card,captured,2025-11-01T09:07:57+05:30
pay_00000000003584,order_0000003584,283.99,netbanking,captured,2025-11-13T21:06:04+05:30
pay_00000000003585,order_0000003585,457.78,upi,captured,2025-11-29T11:40:57+05:30
pay_00000000003586,order_0000003586,882.61,upi,captured,2025-11-17T11:27:57+05:30
pay_00000000003587,order_0000003587,933.99,upi,captured,2025-11-19T23:37:57+05:30
pay_00000000003588,order_0000003588,508.83,upi,captured,2025-11-10T18:02:16+05:30
pay_00000000003589,order_0000003589,730.65,card,captured,2025-11-06T18:24:58+05:30
pay_00000000003590,order_0000003590,362.00,wallet,captured,2025-11-16T23:46:28+05:30
pay_00000000003591,order_0000003591,419.47,card,failed,2025-11-15T17:43:39+05:30
pay_00000000003592,order_0000003592,850.00,card,captured,2025-11-27T10:16:29+05:30
pay_00000000003593,order_0000003593,697.99,upi,captured,2025-11-22T11:08:04+05:30
pay_00000000003594,order_0000003594,807.98,card,captured,2025-11-13T04:57:54+05:30
pay_00000000003595,order_0000003595,831.58,upi,captured,2025-11-17T23:16:35+05:30
pay_00000000003596,order_0000003596,3571.29,netbanking,captured,2025-11-24T14:47:40+05:30
pay_00000000003597,order_0000003597,551.38,card,captured,2025-11-29T08:39:36+05:30
pay_00000000003598,order_0000003598,136.00,upi,captured,2025-11-01T03:44:30+05:30
pay_00000000003599,order_0000003599,690.99,wallet,captured,2025-11-18T16:46:21+05:30
pay_00000000003600,order_0000003600,369.21,upi,captured,2025-11-01T20:37:10+05:30
pay_00000000003601,order_0000003601,193.00,card,failed,2025-11-09T04:55:45+05:30
pay_00000000003602,order_0000003602,403.64,upi,captured,2025-11-26T16:49:44+05:30
pay_00000000003603,order_0000003603,264.99,card,captured,2025-11-24T23:52:13+05:30
pay_00000000003604,order_0000003604,1015.00,upi,captured,2025-11-05T17:40:20+05:30
pay_00000000003605,order_0000003605,2719.99,upi,captured,2025-11-05T19:49:55+05:30
pay_00000000003606,order_0000003606,1902.67,upi,captured,2025-11-04T11:41:09+05:30
pay_00000000003607,order_0000003607,437.99,upi,captured,2025-11-27T19:03:46+05:30
pay_00000000003608,order_0000003608,486.99,upi,captured,2025-11-23T23:54:08+05:30
pay_00000000003609,order_0000003609,179.55,wallet,captured,2025-11-27T18:56:36+05:30
pay_00000000003610,order_0000003610,12053.79,card,captured,2025-11-25T20:56:57+05:30
pay_00000000003611,order_0000003611,678.89,card,captured,2025-11-11T12:32:34+05:30
pay_00000000003612,order_0000003612,13719.99,wallet,captured,2025-11-27T21:39:28+05:30
pay_00000000003613,order_0000003613,113.66,upi,captured,2025-11-07T09:13:44+05:30
pay_00000000003614,order_0000003614,1587.20,upi,captured,2025-11-05T21:52:03+05:30
pay_00000000003615,order_0000003615,206.99,card,captured,2025-11-12T19:16:03+05:30
pay_00000000003616,order_0000003616,103.58,upi,captured,2025-11-04T18:23:06+05:30
pay_00000000003617,order_0000003617,2134.99,upi,captured,2025-11-08T06:29:11+05:30
pay_00000000003618,order_0000003618,843.59,wallet,captured,2025-11-30T20:54:49+05:30
pay_00000000003619,order_0000003619,647.41,upi,failed,2025-11-13T09:59:36+05:30
pay_00000000003620,order_0000003620,770.99,upi,captured,2025-11-22T17:57:32+05:30
pay_00000000003621,order_0000003621,843.00,upi,captured,2025-11-16T01:01:36+05:30
pay_00000000003622,order_0000003622,2796.12,card,captured,2025-11-04T16:58:32+05:30
pay_00000000003623,order_0000003623,1971.94,card,captured,2025-11-14T23:13:16+05:30
pay_00000000003624,order_0000003624,746.86,upi,captured,2025-11-28T10:18:15+05:30
pay_00000000003625,order_0000003625,263.00,upi,captured,2025-11-17T05:48:25+05:30
pay_00000000003626,order_0000003626,1252.00,upi,captured,2025-11-14T07:57:18+05:30
pay_00000000003627,order_0000003627,211.00,upi,captured,2025-11-09T18:30:57+05:30
pay_00000000003628,order_0000003628,338.00,card,captured,2025-11-21T09:41:50+05:30
pay_00000000003629,order_0000003629,735.59,netbanking,captured,2025-11-24T18:49:25+05:30
pay_00000000003630,order_0000003630,1028.00,upi,captured,2025-11-27T06:01:33+05:30
pay_00000000003631,order_0000003631,811.00,upi,captured,2025-11-19T23:50:35+05:30
pay_00000000003632,order_0000003632,2206.52,card,captured,2025-11-22T22:47:01+05:30
pay_00000000003633,order_0000003633,225.67,upi,captured,2025-11-19T02:24:55+05:30
pay_00000000003634,order_0000003634,318.00,card,captured,2025-11-06T18:21:08+05:30
pay_00000000003635,order_0000003635,385.61,card,captured,2025-11-02T13:30:27+05:30
pay_00000000003636,order_0000003636,317.68,upi,captured,2025-11-23T12:26:27+05:30
pay_00000000003637,order_0000003637,1502.99,upi,captured,2025-11-30T20:33:20+05:30
pay_00000000003638,order_0000003638,811.75,upi,captured,2025-11-17T18:01:19+05:30
pay_00000000003639,order_0000003639,783.56,upi,captured,2025-11-07T20:44:21+05:30
pay_00000000003640,order_0000003640,3221.03,upi,captured,2025-11-29T22:57:20+05:30
pay_00000000003641,order_0000003641,137.85,wallet,captured,2025-11-13T04:49:10+05:30
pay_00000000003642,order_0000003642,736.00,upi,captured,2025-11-02T08:33:44+05:30
pay_00000000003643,order_0000003643,471.00,upi,captured,2025-11-25T16:52:02+05:30
pay_00000000003644,order_0000003644,271.00,upi,captured,2025-11-21T21:29:28+05:30
pay_00000000003645,order_0000003645,165.80,wallet,captured,2025-11-13T13:10:04+05:30
pay_00000000003646,order_0000003646,896.00,upi,failed,2025-11-13T17:32:45+05:30
pay_00000000003647,order_0000003647,2354.15,upi,captured,2025-11-14T22:29:31+05:30
pay_00000000003648,order_0000003648,735.05,upi,captured,2025-11-02T18:23:53+05:30
pay_00000000003649,order_0000003649,2961.99,upi,captured,2025-11-04T23:04:59+05:30
pay_00000000003650,order_0000003650,3198.00,netbanking,captured,2025-11-17T12:46:18+05:30
pay_00000000003651,order_0000003651,121.99,upi,captured,2025-11-26T16:41:17+05:30
pay_00000000003652,order_0000003652,120.98,card,captured,2025-11-08T22:57:46+05:30
pay_00000000003653,order_0000003653,2405.00,card,captured,2025-11-15T01:30:48+05:30
pay_00000000003654,order_0000003654,374.00,netbanking,captured,2025-11-30T17:56:40+05:30
pay_00000000003655,order_0000003655,1753.62,wallet,captured,2025-11-07T09:08:23+05:30
pay_00000000003656,order_0000003656,430.86,netbanking,captured,2025-11-21T12:22:58+05:30
pay_00000000003657,order_0000003657,967.94,upi,captured,2025-11-02T17:28:25+05:30
pay_00000000003658,order_0000003658,2714.00,upi,captured,2025-11-28T18:22:06+05:30
pay_00000000003659,order_0000003659,389.00,upi,captured,2025-11-04T14:32:08+05:30
pay_00000000003660,order_0000003660,553.20,upi,captured,2025-11-09T18:27:13+05:30
pay_00000000003661,order_0000003661,101.00,upi,captured,2025-11-25T04:33:23+05:30
pay_00000000003662,order_0000003662,1743.01,upi,captured,2025-11-07T17:16:00+05:30
pay_00000000003663,order_0000003663,881.08,upi,captured,2025-11-02T13:41:10+05:30
pay_00000000003664,order_0000003664,447.89,wallet,captured,2025-11-30T12:33:13+05:30
pay_00000000003665,order_0000003665,515.99,upi,captured,2025-11-06T17:04:39+05:30
pay_00000000003666,order_0000003666,3080.99,netbanking,captured,2025-11-10T01:52:23+05:30
pay_00000000003667,order_0000003667,954.92,upi,failed,2025-11-10T12:54:46+05:30
pay_00000000003668,order_0000003668,847.07,upi,captured,2025-11-10T08:49:10+05:30
pay_00000000003669,order_0000003669,1503.99,upi,captured,2025-11-01T17:23:03+05:30
pay_00000000003670,order_0000003670,133.99,upi,captured,2025-11-12T12:48:33+05:30
pay_00000000003671,order_0000003671,271.00,card,captured,2025-11-13T13:54:02+05:30
pay_00000000003672,order_0000003672,830.08,card,captured,2025-11-01T14:16:34+05:30
pay_00000000003673,order_0000003673,212.00,upi,captured,2025-11-04T06:29:25+05:30
pay_00000000003674,order_0000003674,1079.30,card,captured,2025-11-07T18:19:32+05:30
pay_00000000003675,order_0000003675,862.93,upi,captured,2025-11-11T05:14:57+05:30
pay_00000000003676,order_0000003676,757.48,wallet,failed,2025-11-07T15:43:07+05:30
pay_00000000003677,order_0000003677,3216.69,card,captured,2025-11-22T23:14:45+05:30
pay_00000000003678,order_0000003678,1077.99,card,captured,2025-11-04T20:13:46+05:30
pay_00000000003679,order_0000003679,491.22,upi,captured,2025-11-10T23:57:50+05:30
pay_00000000003680,order_0000003680,124.00,upi,captured,2025-11-22T07:28:14+05:30
pay_00000000003681,order_0000003681,214.57,upi,captured,2025-11-11T20:19:54+05:30
pay_00000000003682,order_0000003682,935.44,card,captured,2025-11-30T21:55:19+05:30
pay_00000000003683,order_0000003683,730.99,card,failed,2025-11-14T18:41:21+05:30
pay_00000000003684,order_0000003684,771.00,card,captured,2025-11-20T00:13:15+05:30
pay_00000000003685,order_0000003685,941.00,card,captured,2025-11-08T17:09:53+05:30
pay_00000000003686,order_0000003686,459.99,upi,captured,2025-11-12T09:23:30+05:30
pay_00000000003687,order_0000003687,2099.00,wallet,captured,2025-11-27T19:12:19+05:30
pay_00000000003688,order_0000003688,1306.00,card,captured,2025-11-27T22:07:06+05:30
pay_00000000003689,order_0000003689,654.81,upi,captured,2025-11-13T20:55:35+05:30
pay_00000000003690,order_0000003690,303.25,card,failed,2025-11-18T19:24:48+05:30
pay_00000000003691,order_0000003691,6070.00,netbanking,captured,2025-11-01T07:35:42+05:30
pay_00000000003692,order_0000003692,1301.99,upi,captured,2025-11-14T18:52:14+05:30
pay_00000000003693,order_0000003693,855.63,wallet,captured,2025-11-20T18:18:10+05:30
pay_00000000003694,order_0000003694,861.00,upi,captured,2025-11-23T15:42:19+05:30
pay_00000000003695,order_0000003695,3233.92,upi,captured,2025-11-29T08:37:10+05:30
pay_00000000003696,order_0000003696,2262.79,card,captured,2025-11-04T12:52:59+05:30
pay_00000000003697,order_0000003697,652.00,upi,captured,2025-11-20T08:08:35+05:30
pay_00000000003698,order_0000003698,1730.00,upi,captured,2025-11-27T03:35:08+05:30
pay_00000000003699,order_0000003699,228.73,upi,captured,2025-11-06T17:51:05+05:30
pay_00000000003700,order_0000003700,355.31,card,captured,2025-11-27T20:20:08+05:30
pay_00000000003701,order_0000003701,240.99,wallet,captured,2025-11-04T10:51:54+05:30
pay_00000000003702,order_0000003702,553.22,wallet,captured,2025-11-13T09:53:23+05:30
pay_00000000003703,order_0000003703,906.00,upi,captured,2025-11-12T13:38:59+05:30
pay_00000000003704,order_0000003704,794.62,wallet,captured,2025-11-24T23:50:44+05:30
pay_00000000003705,order_0000003705,1001.04,upi,captured,2025-11-26T20:29:59+05:30
pay_00000000003706,order_0000003706,511.56,card,captured,2025-11-12T21:28:14+05:30
pay_00000000003707,order_0000003707,139.99,card,captured,2025-11-21T18:52:16+05:30
pay_00000000003708,order_0000003708,982.80,upi,captured,2025-11-06T12:18:44+05:30
pay_00000000003709,order_0000003709,706.49,upi,captured,2025-11-15T14:39:43+05:30
pay_00000000003710,order_0000003710,270.00,netbanking,captured,2025-11-05T06:56:13+05:30
pay_00000000003711,order_0000003711,765.20,upi,captured,2025-11-03T12:00:04+05:30
pay_00000000003712,order_0000003712,1020.00,upi,captured,2025-11-18T21:40:52+05:30
pay_00000000003713,order_0000003713,980.87,card,captured,2025-11-30T10:14:23+05:30
pay_00000000003714,order_0000003714,1061.17,card,captured,2025-11-27T23:03:33+05:30
pay_00000000003715,order_0000003715,595.75,card,captured,2025-11-15T22:37:48+05:30
pay_00000000003716,order_0000003716,1076.00,wallet,captured,2025-11-12T22:06:32+05:30
pay_00000000003717,order_0000003717,915.00,card,captured,2025-11-19T08:42:44+05:30
pay_00000000003718,order_0000003718,937.99,upi,captured,2025-11-30T16:08:45+05:30
pay_00000000003719,order_0000003719,599.00,card,captured,2025-11-25T17:52:13+05:30
pay_00000000003720,order_0000003720,811.63,upi,captured,2025-11-05T10:37:57+05:30
pay_00000000003721,order_0000003721,1016.10,netbanking,captured,2025-11-26T21:51:08+05:30
pay_00000000003722,order_0000003722,2913.90,upi,captured,2025-11-07T20:53:40+05:30
pay_00000000003723,order_0000003723,2113.35,upi,captured,2025-11-06T21:38:43+05:30
pay_00000000003724,order_0000003724,983.92,upi,captured,2025-11-17T22:26:57+05:30
pay_00000000003725,order_0000003725,455.17,card,captured,2025-11-02T19:33:16+05:30
pay_00000000003726,order_0000003726,483.09,upi,captured,2025-11-03T20:18:23+05:30
pay_00000000003727,order_0000003727,3074.62,wallet,captured,2025-11-12T23:15:14+05:30
pay_00000000003728,order_0000003728,455.00,card,captured,2025-11-20T10:37:29+05:30
pay_00000000003729,order_0000003729,1077.36,netbanking,captured,2025-11-12T23:57:08+05:30
pay_00000000003730,order_0000003730,762.00,upi,captured,2025-11-22T07:23:57+05:30
pay_00000000003731,order_0000003731,1003.99,wallet,captured,2025-11-16T09:40:45+05:30
pay_00000000003732,order_0000003732,132.80,upi,captured,2025-11-12T19:23:44+05:30
pay_00000000003733,order_0000003733,418.00,upi,captured,2025-11-28T02:48:21+05:30
pay_00000000003734,order_0000003734,11249.50,upi,captured,2025-11-19T23:00:53+05:30
pay_00000000003735,order_0000003735,1044.00,card,captured,2025-11-15T15:58:10+05:30
pay_00000000003736,order_0000003736,1058.00,upi,captured,2025-11-23T21:07:02+05:30
pay_00000000003737,order_0000003737,783.00,upi,captured,2025-11-29T15:58:39+05:30
pay_00000000003738,order_0000003738,901.64,card,captured,2025-11-02T21:51:07+05:30
pay_00000000003739,order_0000003739,376.99,upi,captured,2025-11-27T04:47:39+05:30
pay_00000000003740,order_0000003740,8791.99,upi,captured,2025-11-13T22:12:37+05:30
pay_00000000003741,order_0000003741,634.95,netbanking,captured,2025-11-09T17:07:50+05:30
pay_00000000003742,order_0000003742,366.00,upi,captured,2025-11-17T17:45:44+05:30
pay_00000000003743,order_0000003743,849.88,card,captured,2025-11-08T06:50:28+05:30
pay_00000000003744,order_0000003744,765.16,wallet,captured,2025-11-26T17:39:59+05:30
pay_00000000003745,order_0000003745,815.45,upi,captured,2025-11-17T04:10:36+05:30
pay_00000000003746,order_0000003746,515.00,upi,captured,2025-11-28T14:21:33+05:30
pay_00000000003747,order_0000003747,1467.99,wallet,captured,2025-11-08T06:08:26+05:30
pay_00000000003748,order_0000003748,2007.00,upi,captured,2025-11-10T09:50:45+05:30
pay_00000000003749,order_0000003749,1057.41,card,captured,2025-11-15T19:47:50+05:30
pay_00000000003750,order_0000003750,3378.00,upi,captured,2025-11-09T10:28:20+05:30
pay_00000000003751,order_0000003751,651.99,upi,captured,2025-11-12T10:43:58+05:30
pay_00000000003752,order_0000003752,935.67,upi,captured,2025-11-24T16:34:32+05:30
pay_00000000003753,order_0000003753,233.58,upi,captured,2025-11-12T08:36:33+05:30
pay_00000000003754,order_0000003754,112.00,netbanking,captured,2025-11-24T23:49:41+05:30
pay_00000000003755,order_0000003755,811.00,netbanking,captured,2025-11-20T03:33:38+05:30
pay_00000000003756,order_0000003756,362.50,card,captured,2025-11-17T21:33:20+05:30
pay_00000000003757,order_0000003757,1005.03,card,captured,2025-11-29T16:44:59+05:30
pay_00000000003758,order_0000003758,1067.71,upi,captured,2025-11-14T18:51:12+05:30
pay_00000000003759,order_0000003759,315.18,upi,captured,2025-11-20T12:24:44+05:30
pay_00000000003760,order_0000003760,1022.00,upi,captured,2025-11-14T13:49:45+05:30
pay_00000000003761,order_0000003761,559.48,card,captured,2025-11-20T17:53:25+05:30
pay_00000000003762,order_0000003762,2847.99,card,captured,2025-11-26T15:58:05+05:30
pay_00000000003763,order_0000003763,162.73,upi,failed,2025-11-06T09:12:05+05:30
pay_00000000003764,order_0000003764,793.00,wallet,captured,2025-11-12T12:28:02+05:30
pay_00000000003765,order_0000003765,363.99,upi,captured,2025-11-17T16:59:41+05:30
pay_00000000003766,order_0000003766,2537.99,wallet,captured,2025-11-03T23:34:49+05:30
pay_00000000003767,order_0000003767,2452.05,netbanking,captured,2025-11-13T10:51:51+05:30
pay_00000000003768,order_0000003768,2453.00,netbanking,captured,2025-11-02T16:47:00+05:30
pay_00000000003769,order_0000003769,3156.27,upi,captured,2025-11-02T20:29:00+05:30
pay_00000000003770,order_0000003770,228.12,upi,captured,2025-11-26T16:36:16+05:30
pay_00000000003771,order_0000003771,1791.44,upi,captured,2025-11-02T19:30:20+05:30
pay_00000000003772,order_0000003772,329.90,netbanking,captured,2025-11-04T09:01:29+05:30
pay_00000000003773,order_0000003773,1702.99,upi,captured,2025-11-08T12:20:05+05:30
pay_00000000003774,order_0000003774,689.00,upi,captured,2025-11-11T06:45:30+05:30
pay_00000000003775,order_0000003775,508.00,card,captured,2025-11-20T16:55:41+05:30
pay_00000000003776,order_0000003776,136.00,upi,captured,2025-11-02T21:48:14+05:30
pay_00000000003777,order_0000003777,598.00,upi,captured,2025-11-05T03:03:28+05:30
pay_00000000003778,order_0000003778,577.77,card,captured,2025-11-06T17:30:25+05:30
pay_00000000003779,order_0000003779,442.65,card,captured,2025-11-06T11:10:22+05:30
pay_00000000003780,order_0000003780,822.00,wallet,captured,2025-11-23T21:34:31+05:30
pay_00000000003781,order_0000003781,1028.95,upi,captured,2025-11-05T14:49:05+05:30
pay_00000000003782,order_0000003782,159.64,upi,failed,2025-11-29T08:06:38+05:30
pay_00000000003783,order_0000003783,1045.87,upi,captured,2025-11-04T05:02:05+05:30
pay_00000000003784,order_0000003784,459.75,card,captured,2025-11-26T01:25:46+05:30
pay_00000000003785,order_0000003785,2718.00,upi,captured,2025-11-11T22:42:44+05:30
pay_00000000003786,order_0000003786,1303.32,card,captured,2025-11-23T20:24:42+05:30
pay_00000000003787,order_0000003787,250.24,card,captured,2025-11-08T15:07:29+05:30
pay_00000000003788,order_0000003788,717.96,wallet,captured,2025-11-27T09:32:22+05:30
pay_00000000003789,order_0000003789,3350.12,upi,captured,2025-11-20T16:50:53+05:30
pay_00000000003790,order_0000003790,1893.99,upi,captured,2025-11-12T10:23:46+05:30
pay_00000000003791,order_0000003791,13792.00,wallet,captured,2025-11-28T16:09:50+05:30
pay_00000000003792,order_0000003792,246.64,card,captured,2025-11-24T23:49:34+05:30
pay_00000000003793,order_0000003793,1687.99,upi,captured,2025-11-22T13:07:43+05:30
pay_00000000003794,order_0000003794,584.00,upi,captured,2025-11-03T05:56:35+05:30
pay_00000000003795,order_0000003795,5977.04,upi,captured,2025-11-20T04:00:30+05:30
pay_00000000003796,order_0000003796,942.00,upi,failed,2025-11-17T13:14:15+05:30
pay_00000000003797,order_0000003797,374.99,card,captured,2025-11-11T10:39:03+05:30
pay_00000000003798,order_0000003798,2367.88,card,captured,2025-11-25T16:43:08+05:30
pay_00000000003799,order_0000003799,550.00,netbanking,captured,2025-11-09T14:13:45+05:30
pay_00000000003800,order_0000003800,810.95,upi,captured,2025-11-08T08:15:52+05:30
pay_00000000003801,order_0000003801,218.00,card,captured,2025-11-26T13:40:33+05:30
pay_00000000003802,order_0000003802,1487.80,card,captured,2025-11-04T22:28:02+05:30
pay_00000000003803,order_0000003803,1051.00,card,captured,2025-11-10T19:26:05+05:30
pay_00000000003804,order_0000003804,1410.00,card,captured,2025-11-12T01:23:18+05:30
pay_00000000003805,order_0000003805,6270.81,upi,captured,2025-11-05T21:45:04+05:30
pay_00000000003806,order_0000003806,1051.99,upi,captured,2025-11-30T20:25:36+05:30
pay_00000000003807,order_0000003807,113.00,upi,captured,2025-11-21T09:12:36+05:30
pay_00000000003808,order_0000003808,3274.18,wallet,captured,2025-11-16T14:25:25+05:30
pay_00000000003809,order_0000003809,797.09,upi,captured,2025-11-12T12:49:33+05:30
pay_00000000003810,order_0000003810,509.68,upi,captured,2025-11-21T16:45:41+05:30
pay_00000000003811,order_0000003811,171.11,upi,captured,2025-11-09T08:24:20+05:30
pay_00000000003812,order_0000003812,186.00,card,captured,2025-11-20T17:07:19+05:30
pay_00000000003813,order_0000003813,814.02,upi,captured,2025-11-30T17:46:16+05:30
pay_00000000003814,order_0000003814,312.00,card,captured,2025-11-11T14:06:26+05:30
pay_00000000003815,order_0000003815,736.17,card,captured,2025-11-15T12:09:10+05:30
pay_00000000003816,order_0000003816,841.26,upi,captured,2025-11-07T19:11:23+05:30
pay_00000000003817,order_0000003817,281.00,upi,captured,2025-11-10T05:21:28+05:30
pay_00000000003818,order_0000003818,2701.00,upi,captured,2025-11-22T15:54:17+05:30
pay_00000000003819,order_0000003819,588.00,netbanking,captured,2025-11-08T17:11:48+05:30
pay_00000000003820,order_0000003820,1029.99,upi,captured,2025-11-21T06:46:50+05:30
pay_00000000003821,order_0000003821,430.99,upi,captured,2025-11-19T09:52:11+05:30
pay_00000000003822,order_0000003822,1008.21,upi,captured,2025-11-07T22:36:00+05:30
pay_00000000003823,order_0000003823,541.00,upi,captured,2025-11-04T17:25:28+05:30
pay_00000000003824,order_0000003824,854.89,upi,captured,2025-11-09T12:22:29+05:30
pay_00000000003825,order_0000003825,204.27,card,captured,2025-11-15T01:38:23+05:30
pay_00000000003826,order_0000003826,394.69,upi,captured,2025-11-03T12:11:12+05:30
pay_00000000003827,order_0000003827,527.99,upi,captured,2025-11-19T16:25:15+05:30
pay_00000000003828,order_0000003828,1036.61,upi,captured,2025-11-27T15:42:08+05:30
pay_00000000003829,order_0000003829,245.18,card,captured,2025-11-22T14:45:48+05:30
pay_00000000003830,order_0000003830,962.97,card,captured,2025-11-05T13:05:07+05:30
pay_00000000003831,order_0000003831,187.99,upi,captured,2025-11-05T22:47:59+05:30
pay_00000000003832,order_0000003832,335.00,upi,captured,2025-11-17T19:50:55+05:30
pay_00000000003833,order_0000003833,435.24,card,captured,2025-11-09T22:38:27+05:30
pay_00000000003834,order_0000003834,964.99,upi,captured,2025-11-29T16:21:14+05:30
pay_00000000003835,order_0000003835,3700.99,upi,captured,2025-11-17T22:27:19+05:30
pay_00000000003836,order_0000003836,636.99,upi,captured,2025-11-11T16:46:02+05:30
pay_00000000003837,order_0000003837,3295.99,card,captured,2025-11-09T20:16:34+05:30
pay_00000000003838,order_0000003838,761.00,card,captured,2025-11-14T12:57:28+05:30
pay_00000000003839,order_0000003839,383.20,card,captured,2025-11-03T18:59:08+05:30
pay_00000000003840,order_0000003840,188.00,upi,failed,2025-11-28T18:26:18+05:30
pay_00000000003841,order_0000003841,1067.48,upi,captured,2025-11-07T20:02:26+05:30
pay_00000000003842,order_0000003842,972.99,upi,captured,2025-11-18T23:46:45+05:30
pay_00000000003843,order_0000003843,188.99,upi,captured,2025-11-07T14:03:07+05:30
pay_00000000003844,order_0000003844,365.00,netbanking,captured,2025-11-07T08:59:10+05:30
pay_00000000003845,order_0000003845,711.99,upi,captured,2025-11-06T17:18:06+05:30
pay_00000000003846,order_0000003846,708.70,wallet,captured,2025-11-16T10:07:13+05:30
pay_00000000003847,order_0000003847,791.00,upi,captured,2025-11-09T22:36:08+05:30
pay_00000000003848,order_0000003848,9839.76,upi,captured,2025-11-15T03:34:39+05:30
pay_00000000003849,order_0000003849,271.57,upi,captured,2025-11-11T15:39:32+05:30
pay_00000000003850,order_0000003850,115.94,card,captured,2025-11-07T00:29:37+05:30
pay_00000000003851,order_0000003851,15317.88,upi,captured,2025-11-25T23:58:04+05:30
pay_00000000003852,order_0000003852,440.93,upi,captured,2025-11-29T15:01:02+05:30
pay_00000000003853,order_0000003853,495.32,upi,captured,2025-11-06T04:10:22+05:30
pay_00000000003854,order_0000003854,480.29,upi,captured,2025-11-29T14:27:25+05:30
pay_00000000003855,order_0000003855,771.83,upi,captured,2025-11-21T23:03:35+05:30
pay_00000000003856,order_0000003856,284.48,card,captured,2025-11-24T16:27:41+05:30
pay_00000000003857,order_0000003857,703.00,upi,captured,2025-11-14T17:20:37+05:30
pay_00000000003858,order_0000003858,1046.99,upi,captured,2025-11-29T15:12:56+05:30
pay_00000000003859,order_0000003859,135.55,netbanking,captured,2025-11-07T19:47:25+05:30
pay_00000000003860,order_0000003860,3343.01,card,captured,2025-11-30T12:47:08+05:30
pay_00000000003861,order_0000003861,3217.99,wallet,captured,2025-11-06T13:01:37+05:30
pay_00000000003862,order_0000003862,952.56,upi,captured,2025-11-12T07:12:16+05:30
pay_00000000003863,order_0000003863,2197.68,card,captured,2025-11-29T11:38:00+05:30
pay_00000000003864,order_0000003864,16295.36,upi,captured,2025-11-24T16:31:52+05:30
pay_00000000003865,order_0000003865,150.00,card,captured,2025-11-17T20:46:45+05:30
pay_00000000003866,order_0000003866,642.99,upi,captured,2025-11-26T08:19:48+05:30
pay_00000000003867,order_0000003867,901.99,upi,captured,2025-11-15T23:46:30+05:30
pay_00000000003868,order_0000003868,1004.00,upi,captured,2025-11-20T01:42:48+05:30
pay_00000000003869,order_0000003869,773.00,card,captured,2025-11-16T17:07:39+05:30
pay_00000000003870,order_0000003870,230.60,upi,captured,2025-11-01T16:16:37+05:30
pay_00000000003871,order_0000003871,970.62,upi,captured,2025-11-26T09:11:04+05:30
pay_00000000003872,order_0000003872,154.34,wallet,captured,2025-11-11T23:55:27+05:30
pay_00000000003873,order_0000003873,1871.00,upi,captured,2025-11-11T02:40:40+05:30
pay_00000000003874,order_0000003874,100.99,card,captured,2025-11-03T06:44:59+05:30
pay_00000000003875,order_0000003875,377.76,upi,captured,2025-11-08T13:58:02+05:30
pay_00000000003876,order_0000003876,375.00,card,captured,2025-11-17T10:05:26+05:30
pay_00000000003877,order_0000003877,917.19,upi,captured,2025-11-08T20:07:07+05:30
pay_00000000003878,order_0000003878,2482.00,upi,captured,2025-11-05T19:02:14+05:30
pay_00000000003879,order_0000003879,931.57,netbanking,captured,2025-11-17T16:26:12+05:30
pay_00000000003880,order_0000003880,2155.33,upi,captured,2025-11-04T16:14:24+05:30
pay_00000000003881,order_0000003881,823.99,wallet,captured,2025-11-03T18:30:46+05:30
pay_00000000003882,order_0000003882,664.00,upi,captured,2025-11-01T19:24:28+05:30
pay_00000000003883,order_0000003883,268.00,wallet,captured,2025-11-14T15:04:30+05:30
pay_00000000003884,order_0000003884,491.77,upi,captured,2025-11-11T20:02:41+05:30
pay_00000000003885,order_0000003885,424.99,card,captured,2025-11-28T15:29:14+05:30
pay_00000000003886,order_0000003886,2702.00,card,captured,2025-11-12T22:02:27+05:30
pay_00000000003887,order_0000003887,690.99,upi,captured,2025-11-14T17:25:23+05:30
pay_00000000003888,order_0000003888,128.94,card,captured,2025-11-03T17:17:08+05:30
pay_00000000003889,order_0000003889,484.85,upi,captured,2025-11-03T21:30:43+05:30
pay_00000000003890,order_0000003890,103.93,wallet,captured,2025-11-07T00:05:23+05:30
pay_00000000003891,order_0000003891,361.00,upi,captured,2025-11-05T21:24:56+05:30
pay_00000000003892,order_0000003892,438.02,netbanking,captured,2025-11-30T11:17:14+05:30
pay_00000000003893,order_0000003893,519.00,wallet,captured,2025-11-28T14:06:37+05:30
pay_00000000003894,order_0000003894,3512.28,netbanking,captured,2025-11-16T11:23:38+05:30
pay_00000000003895,order_0000003895,241.64,upi,captured,2025-11-23T13:14:01+05:30
pay_00000000003896,order_0000003896,312.56,upi,captured,2025-11-29T11:54:58+05:30
pay_00000000003897,order_0000003897,107.01,upi,captured,2025-11-02T20:30:38+05:30
pay_00000000003898,order_0000003898,327.53,upi,captured,2025-11-19T17:29:50+05:30
pay_00000000003899,order_0000003899,2941.00,upi,captured,2025-11-14T16:06:28+05:30
pay_00000000003900,order_0000003900,805.99,card,captured,2025-11-19T18:56:02+05:30
pay_00000000003901,order_0000003901,1070.00,card,captured,2025-11-19T07:12:13+05:30
pay_00000000003902,order_0000003902,175.99,upi,captured,2025-11-17T10:31:13+05:30
pay_00000000003903,order_0000003903,922.99,upi,captured,2025-11-19T21:47:51+05:30
pay_00000000003904,order_0000003904,470.99,upi,captured,2025-11-19T00:58:39+05:30
pay_00000000003905,order_0000003905,350.99,upi,captured,2025-11-20T23:51:12+05:30
pay_00000000003906,order_0000003906,794.47,upi,failed,2025-11-13T10:26:28+05:30
pay_00000000003907,order_0000003907,333.19,wallet,captured,2025-11-07T20:30:52+05:30
pay_00000000003908,order_0000003908,612.00,wallet,captured,2025-11-13T19:26:56+05:30
pay_00000000003909,order_0000003909,2608.99,card,captured,2025-11-21T17:09:16+05:30
pay_00000000003910,order_0000003910,925.83,upi,captured,2025-11-18T23:26:26+05:30
pay_00000000003911,order_0000003911,314.00,card,captured,2025-11-28T02:18:12+05:30
pay_00000000003912,order_0000003912,611.66,card,captured,2025-11-11T14:08:18+05:30
pay_00000000003913,order_0000003913,914.00,card,captured,2025-11-20T14:21:42+05:30
pay_00000000003914,order_0000003914,555.23,upi,captured,2025-11-03T13:18:37+05:30
pay_00000000003915,order_0000003915,292.87,upi,captured,2025-11-20T22:33:44+05:30
pay_00000000003916,order_0000003916,2671.27,netbanking,captured,2025-11-11T21:49:23+05:30
pay_00000000003917,order_0000003917,660.23,upi,captured,2025-11-02T21:02:46+05:30
pay_00000000003918,order_0000003918,918.18,upi,captured,2025-11-09T18:24:50+05:30
pay_00000000003919,order_0000003919,704.00,upi,captured,2025-11-03T13:24:23+05:30
pay_00000000003920,order_0000003920,443.00,netbanking,failed,2025-11-26T22:33:38+05:30
pay_00000000003921,order_0000003921,263.99,upi,captured,2025-11-01T13:45:53+05:30
pay_00000000003922,order_0000003922,161.45,upi,captured,2025-11-06T20:50:46+05:30
pay_00000000003923,order_0000003923,653.64,netbanking,captured,2025-11-24T10:22:40+05:30
pay_00000000003924,order_0000003924,853.86,card,captured,2025-11-17T11:34:21+05:30
pay_00000000003925,order_0000003925,933.00,upi,captured,2025-11-23T21:16:41+05:30
pay_00000000003926,order_0000003926,598.00,upi,captured,2025-11-01T17:09:41+05:30
pay_00000000003927,order_0000003927,738.99,upi,captured,2025-11-02T15:12:00+05:30
pay_00000000003928,order_0000003928,2335.00,upi,captured,2025-11-19T20:52:11+05:30
pay_00000000003929,order_0000003929,302.00,netbanking,captured,2025-11-24T04:46:28+05:30
pay_00000000003930,order_0000003930,470.00,upi,failed,2025-11-25T22:51:09+05:30
pay_00000000003931,order_0000003931,523.99,card,captured,2025-11-18T14:48:10+05:30
pay_00000000003932,order_0000003932,783.63,upi,captured,2025-11-23T18:24:31+05:30
pay_00000000003933,order_0000003933,1069.14,upi,captured,2025-11-24T22:06:19+05:30
pay_00000000003934,order_0000003934,3032.99,netbanking,captured,2025-11-21T19:46:13+05:30
pay_00000000003935,order_0000003935,646.00,netbanking,captured,2025-11-11T19:16:34+05:30
pay_00000000003936,order_0000003936,529.00,netbanking,captured,2025-11-10T11:05:24+05:30
pay_00000000003937,order_0000003937,705.99,upi,captured,2025-11-01T15:56:32+05:30
pay_00000000003938,order_0000003938,904.71,upi,captured,2025-11-21T13:01:10+05:30
pay_00000000003939,order_0000003939,828.44,upi,captured,2025-11-24T20:54:48+05:30
pay_00000000003940,order_0000003940,908.12,upi,captured,2025-11-03T15:57:30+05:30
pay_00000000003941,order_0000003941,704.00,upi,captured,2025-11-30T08:01:00+05:30
pay_00000000003942,order_0000003942,355.00,upi,captured,2025-11-07T13:46:14+05:30
pay_00000000003943,order_0000003943,529.17,card,captured,2025-11-10T05:09:23+05:30
pay_00000000003944,order_0000003944,658.99,upi,captured,2025-11-01T05:43:03+05:30
pay_00000000003945,order_0000003945,856.99,card,captured,2025-11-12T20:33:10+05:30
pay_00000000003946,order_0000003946,3023.00,card,captured,2025-11-08T18:07:32+05:30
pay_00000000003947,order_0000003947,617.18,netbanking,captured,2025-11-16T19:49:43+05:30
pay_00000000003948,order_0000003948,663.95,netbanking,captured,2025-11-03T14:17:59+05:30
pay_00000000003949,order_0000003949,123.99,card,captured,2025-11-30T15:46:05+05:30
pay_00000000003950,order_0000003950,218.00,upi,captured,2025-11-01T22:35:36+05:30
pay_00000000003951,order_0000003951,861.00,upi,captured,2025-11-28T15:41:42+05:30
pay_00000000003952,order_0000003952,709.99,upi,captured,2025-11-15T19:44:19+05:30
pay_00000000003953,order_0000003953,1510.89,upi,captured,2025-11-10T19:12:48+05:30
pay_00000000003954,order_0000003954,509.60,upi,captured,2025-11-14T19:03:17+05:30
pay_00000000003955,order_0000003955,160.87,card,captured,2025-11-08T14:33:32+05:30
pay_00000000003956,order_0000003956,564.99,card,captured,2025-11-28T02:05:37+05:30
pay_00000000003957,order_0000003957,374.63,wallet,failed,2025-11-21T03:41:24+05:30
pay_00000000003958,order_0000003958,101.00,upi,captured,2025-11-15T10:12:49+05:30
pay_00000000003959,order_0000003959,824.99,wallet,captured,2025-11-09T16:42:10+05:30
pay_00000000003960,order_0000003960,2875.95,upi,captured,2025-11-01T02:52:10+05:30
pay_00000000003961,order_0000003961,184.48,upi,captured,2025-11-22T15:58:38+05:30
pay_00000000003962,order_0000003962,245.54,upi,captured,2025-11-27T06:48:07+05:30
pay_00000000003963,order_0000003963,194.00,card,captured,2025-11-05T18:16:50+05:30
pay_00000000003964,order_0000003964,481.00,upi,captured,2025-11-06T14:21:36+05:30
pay_00000000003965,order_0000003965,237.99,upi,captured,2025-11-19T22:31:04+05:30
pay_00000000003966,order_0000003966,294.24,card,captured,2025-11-06T22:15:43+05:30
pay_00000000003967,order_0000003967,472.27,card,captured,2025-11-07T15:06:41+05:30
pay_00000000003968,order_0000003968,991.00,card,captured,2025-11-11T10:28:54+05:30
pay_00000000003969,order_0000003969,231.12,upi,captured,2025-11-12T16:11:40+05:30
pay_00000000003970,order_0000003970,439.19,upi,captured,2025-11-08T11:28:15+05:30
pay_00000000003971,order_0000003971,343.00,upi,captured,2025-11-03T14:47:22+05:30
pay_00000000003972,order_0000003972,2151.00,upi,captured,2025-11-25T14:53:50+05:30
pay_00000000003973,order_0000003973,716.99,wallet,captured,2025-11-04T20:28:21+05:30
pay_00000000003974,order_0000003974,595.00,netbanking,captured,2025-11-08T13:13:45+05:30
pay_00000000003975,order_0000003975,1003.00,netbanking,captured,2025-11-04T08:50:15+05:30
pay_00000000003976,order_0000003976,190.00,card,captured,2025-11-15T00:03:31+05:30
pay_00000000003977,order_0000003977,15483.97,card,captured,2025-11-30T23:39:04+05:30
pay_00000000003978,order_0000003978,228.46,wallet,captured,2025-11-12T10:23:00+05:30
pay_00000000003979,order_0000003979,323.09,upi,captured,2025-11-19T18:35:59+05:30
pay_00000000003980,order_0000003980,419.45,upi,captured,2025-11-06T18:57:50+05:30
pay_00000000003981,order_0000003981,1930.00,upi,captured,2025-11-09T23:40:16+05:30
pay_00000000003982,order_0000003982,166.41,upi,captured,2025-11-05T08:21:04+05:30
pay_00000000003983,order_0000003983,999.64,upi,captured,2025-11-20T01:33:27+05:30
pay_00000000003984,order_0000003984,1205.00,upi,captured,2025-11-13T19:27:44+05:30
pay_00000000003985,order_0000003985,842.16,upi,captured,2025-11-04T06:34:37+05:30
pay_00000000003986,order_0000003986,615.00,card,captured,2025-11-13T19:24:37+05:30
pay_00000000003987,order_0000003987,440.06,upi,captured,2025-11-01T05:04:51+05:30
pay_00000000003988,order_0000003988,3231.10,card,captured,2025-11-29T13:05:54+05:30
pay_00000000003989,order_0000003989,1399.51,wallet,captured,2025-11-09T18:32:29+05:30
pay_00000000003990,order_0000003990,170.99,wallet,captured,2025-11-27T02:55:09+05:30
pay_00000000003991,order_0000003991,373.00,upi,captured,2025-11-25T06:28:37+05:30
pay_00000000003992,order_0000003992,134.99,upi,failed,2025-11-03T17:57:32+05:30
pay_00000000003993,order_0000003993,241.06,upi,captured,2025-11-20T18:50:38+05:30
pay_00000000003994,order_0000003994,430.99,netbanking,captured,2025-11-23T20:35:12+05:30
pay_00000000003995,order_0000003995,2439.99,upi,captured,2025-11-21T16:28:04+05:30
pay_00000000003996,order_0000003996,367.00,upi,captured,2025-11-04T22:06:49+05:30
pay_00000000003997,order_0000003997,336.17,upi,failed,2025-11-13T23:24:37+05:30
pay_00000000003998,order_0000003998,2649.00,upi,captured,2025-11-04T11:12:15+05:30
pay_00000000003999,order_0000003999,276.53,upi,captured,2025-11-26T16:10:13+05:30
pay_00000000004000,order_0000004000,961.00,upi,captured,2025-11-14T12:19:14+05:30
pay_00000000004001,order_0000004001,833.24,card,captured,2025-11-12T10:37:10+05:30
pay_00000000004002,order_0000004002,654.00,netbanking,captured,2025-11-13T17:30:39+05:30
pay_00000000004003,order_0000004003,848.32,upi,captured,2025-11-30T09:43:16+05:30
pay_00000000004004,order_0000004004,665.99,upi,captured,2025-11-06T12:49:35+05:30
pay_00000000004005,order_0000004005,562.00,wallet,captured,2025-11-08T15:49:54+05:30
pay_00000000004006,order_0000004006,690.14,card,failed,2025-11-15T04:42:51+05:30
pay_00000000004007,order_0000004007,243.56,upi,captured,2025-11-12T09:55:58+05:30
pay_00000000004008,order_0000004008,2082.45,upi,captured,2025-11-15T19:48:58+05:30
pay_00000000004009,order_0000004009,948.00,upi,captured,2025-11-20T20:52:03+05:30
pay_00000000004010,order_0000004010,230.31,upi,captured,2025-11-15T14:33:42+05:30
pay_00000000004011,order_0000004011,275.87,wallet,captured,2025-11-10T04:02:07+05:30
pay_00000000004012,order_0000004012,2540.03,upi,captured,2025-11-26T23:26:10+05:30
pay_00000000004013,order_0000004013,239.66,netbanking,captured,2025-11-05T16:20:37+05:30
pay_00000000004014,order_0000004014,3206.00,upi,captured,2025-11-03T18:55:52+05:30
pay_00000000004015,order_0000004015,536.76,card,captured,2025-11-18T20:22:32+05:30
pay_00000000004016,order_0000004016,490.09,upi,captured,2025-11-14T08:16:31+05:30
pay_00000000004017,order_0000004017,863.03,upi,captured,2025-11-17T13:51:24+05:30
pay_00000000004018,order_0000004018,398.89,upi,captured,2025-11-08T23:25:15+05:30
pay_00000000004019,order_0000004019,6485.00,upi,captured,2025-11-26T16:16:36+05:30
pay_00000000004020,order_0000004020,3054.00,card,captured,2025-11-24T13:05:39+05:30
pay_00000000004021,order_0000004021,783.27,card,captured,2025-11-08T07:17:22+05:30
pay_00000000004022,order_0000004022,841.00,card,captured,2025-11-28T23:28:58+05:30
pay_00000000004023,order_0000004023,1171.50,card,captured,2025-11-12T15:52:43+05:30
pay_00000000004024,order_0000004024,159.80,upi,captured,2025-11-04T15:02:01+05:30
pay_00000000004025,order_0000004025,379.00,upi,captured,2025-11-05T12:02:41+05:30
pay_00000000004026,order_0000004026,619.44,card,captured,2025-11-15T02:52:15+05:30
pay_00000000004027,order_0000004027,925.77,wallet,captured,2025-11-12T19:31:44+05:30
pay_00000000004028,order_0000004028,601.16,upi,captured,2025-11-03T21:14:47+05:30
pay_00000000004029,order_0000004029,173.00,upi,captured,2025-11-21T22:10:06+05:30
pay_00000000004030,order_0000004030,1014.95,upi,captured,2025-11-17T03:53:41+05:30
pay_00000000004031,order_0000004031,796.99,netbanking,captured,2025-11-01T20:45:20+05:30
pay_00000000004032,order_0000004032,540.00,upi,captured,2025-11-04T18:16:22+05:30
pay_00000000004033,order_0000004033,980.00,card,captured,2025-11-14T16:15:40+05:30
pay_00000000004034,order_0000004034,201.74,upi,captured,2025-11-12T23:53:09+05:30
pay_00000000004035,order_0000004035,486.07,card,captured,2025-11-18T21:51:36+05:30
pay_00000000004036,order_0000004036,107.65,card,captured,2025-11-03T16:31:07+05:30
pay_00000000004037,order_0000004037,1011.83,upi,failed,2025-11-23T11:07:44+05:30
pay_00000000004038,order_0000004038,2963.12,upi,captured,2025-11-07T08:39:17+05:30
pay_00000000004039,order_0000004039,12156.00,upi,captured,2025-11-23T23:34:36+05:30
pay_00000000004040,order_0000004040,619.00,wallet,captured,2025-11-25T21:29:48+05:30
pay_00000000004041,order_0000004041,946.84,upi,captured,2025-11-12T14:12:56+05:30
pay_00000000004042,order_0000004042,3018.70,card,captured,2025-11-20T13:50:52+05:30
pay_00000000004043,order_0000004043,764.86,upi,captured,2025-11-22T18:59:00+05:30
pay_00000000004044,order_0000004044,406.00,netbanking,captured,2025-11-06T18:14:38+05:30
pay_00000000004045,order_0000004045,811.00,upi,captured,2025-11-30T23:14:44+05:30
pay_00000000004046,order_0000004046,14511.01,card,captured,2025-11-12T13:03:03+05:30
pay_00000000004047,order_0000004047,2005.63,netbanking,captured,2025-11-05T20:54:52+05:30
pay_00000000004048,order_0000004048,698.06,upi,captured,2025-11-28T23:16:36+05:30
pay_00000000004049,order_0000004049,350.78,wallet,captured,2025-11-27T01:51:19+05:30
pay_00000000004050,order_0000004050,122.97,card,captured,2025-11-13T13:41:24+05:30
pay_00000000004051,order_0000004051,197.00,upi,captured,2025-11-15T20:03:07+05:30
pay_00000000004052,order_0000004052,751.99,upi,captured,2025-11-08T09:57:22+05:30
pay_00000000004053,order_0000004053,1929.99,upi,captured,2025-11-09T21:10:11+05:30
pay_00000000004054,order_0000004054,420.00,upi,captured,2025-11-14T22:20:15+05:30
pay_00000000004055,order_0000004055,409.46,card,captured,2025-11-04T18:00:40+05:30
pay_00000000004056,order_0000004056,2115.50,card,captured,2025-11-11T08:19:40+05:30
pay_00000000004057,order_0000004057,996.00,upi,captured,2025-11-07T03:51:03+05:30
pay_00000000004058,order_0000004058,760.15,netbanking,captured,2025-11-13T01:25:22+05:30
pay_00000000004059,order_0000004059,740.78,card,captured,2025-11-28T21:23:07+05:30
pay_00000000004060,order_0000004060,524.25,wallet,captured,2025-11-22T20:57:41+05:30
pay_00000000004061,order_0000004061,313.00,upi,captured,2025-11-19T22:35:42+05:30
pay_00000000004062,order_0000004062,1014.65,upi,captured,2025-11-08T09:50:20+05:30
pay_00000000004063,order_0000004063,205.19,card,captured,2025-11-22T15:00:33+05:30
pay_00000000004064,order_0000004064,2526.10,upi,captured,2025-11-05T19:57:47+05:30
pay_00000000004065,order_0000004065,274.66,upi,captured,2025-11-06T05:30:09+05:30
pay_00000000004066,order_0000004066,3468.56,netbanking,failed,2025-11-01T12:23:40+05:30
pay_00000000004067,order_0000004067,803.25,upi,captured,2025-11-17T16:23:01+05:30
pay_00000000004068,order_0000004068,7393.60,upi,captured,2025-11-12T13:58:15+05:30
pay_00000000004069,order_0000004069,3197.00,card,captured,2025-11-07T08:59:33+05:30
pay_00000000004070,order_0000004070,139.00,card,captured,2025-11-11T10:17:29+05:30
pay_00000000004071,order_0000004071,708.82,card,captured,2025-11-05T17:46:26+05:30
pay_00000000004072,order_0000004072,922.42,wallet,failed,2025-11-04T16:47:15+05:30
pay_00000000004073,order_0000004073,748.99,wallet,captured,2025-11-19T11:50:04+05:30
pay_00000000004074,order_0000004074,839.26,wallet,captured,2025-11-01T14:31:52+05:30
pay_00000000004075,order_0000004075,139.00,upi,captured,2025-11-10T10:51:13+05:30
pay_00000000004076,order_0000004076,169.00,upi,captured,2025-11-17T23:49:05+05:30
pay_00000000004077,order_0000004077,443.20,card,captured,2025-11-23T02:22:17+05:30
pay_00000000004078,order_0000004078,992.00,wallet,captured,2025-11-30T22:02:19+05:30
pay_00000000004079,order_0000004079,720.03,upi,captured,2025-11-18T13:15:36+05:30
pay_00000000004080,order_0000004080,437.00,wallet,failed,2025-11-12T19:28:56+05:30
pay_00000000004081,order_0000004081,883.89,wallet,captured,2025-11-22T15:05:02+05:30
pay_00000000004082,order_0000004082,217.00,wallet,captured,2025-11-03T14:17:49+05:30
pay_00000000004083,order_0000004083,412.99,upi,captured,2025-11-02T12:03:37+05:30
pay_00000000004084,order_0000004084,812.00,netbanking,captured,2025-11-04T16:31:34+05:30
pay_00000000004085,order_0000004085,194.00,wallet,captured,2025-11-27T19:28:33+05:30
pay_00000000004086,order_0000004086,482.00,upi,captured,2025-11-20T15:06:53+05:30
pay_00000000004087,order_0000004087,606.02,wallet,captured,2025-11-11T00:40:59+05:30
pay_00000000004088,order_0000004088,182.00,card,captured,2025-11-04T21:36:37+05:30
pay_00000000004089,order_0000004089,1841.43,card,captured,2025-11-04T20:12:02+05:30
pay_00000000004090,order_0000004090,14974.83,upi,captured,2025-11-05T13:18:46+05:30
pay_00000000004091,order_0000004091,841.35,upi,captured,2025-11-16T17:19:15+05:30
pay_00000000004092,order_0000004092,606.95,upi,captured,2025-11-10T13:40:50+05:30
pay_00000000004093,order_0000004093,860.00,upi,failed,2025-11-25T16:51:39+05:30
pay_00000000004094,order_0000004094,2261.92,card,captured,2025-11-27T06:16:21+05:30
pay_00000000004095,order_0000004095,419.00,upi,captured,2025-11-25T21:32:45+05:30
pay_00000000004096,order_0000004096,885.00,upi,captured,2025-11-12T23:41:39+05:30
pay_00000000004097,order_0000004097,1069.59,netbanking,captured,2025-11-16T11:27:50+05:30
pay_00000000004098,order_0000004098,134.14,upi,captured,2025-11-02T22:44:53+05:30
pay_00000000004099,order_0000004099,3523.99,upi,captured,2025-11-17T05:40:53+05:30
pay_00000000004100,order_0000004100,3582.74,upi,captured,2025-11-17T09:51:43+05:30
pay_00000000004101,order_0000004101,160.47,wallet,captured,2025-11-25T15:00:01+05:30
pay_00000000004102,order_0000004102,822.98,netbanking,captured,2025-11-07T12:00:45+05:30
pay_00000000004103,order_0000004103,1056.00,upi,captured,2025-11-02T16:28:51+05:30
pay_00000000004104,order_0000004104,757.99,upi,captured,2025-11-18T14:54:17+05:30
pay_00000000004105,order_0000004105,231.43,netbanking,captured,2025-11-12T21:01:27+05:30
pay_00000000004106,order_0000004106,664.03,wallet,captured,2025-11-22T08:01:11+05:30
pay_00000000004107,order_0000004107,365.17,card,captured,2025-11-30T09:26:38+05:30
pay_00000000004108,order_0000004108,605.00,upi,captured,2025-11-14T14:29:28+05:30
pay_00000000004109,order_0000004109,243.99,upi,captured,2025-11-24T01:11:28+05:30
pay_00000000004110,order_0000004110,6086.38,card,captured,2025-11-10T00:01:05+05:30
pay_00000000004111,order_0000004111,3400.04,upi,captured,2025-11-15T09:57:34+05:30
pay_00000000004112,order_0000004112,576.99,upi,captured,2025-11-02T14:26:26+05:30
pay_00000000004113,order_0000004113,993.19,upi,captured,2025-11-22T19:47:10+05:30
pay_00000000004114,order_0000004114,1022.83,wallet,captured,2025-11-24T23:22:28+05:30
pay_00000000004115,order_0000004115,676.42,card,captured,2025-11-09T19:54:44+05:30
pay_00000000004116,order_0000004116,270.53,upi,captured,2025-11-08T13:21:36+05:30
pay_00000000004117,order_0000004117,503.44,upi,captured,2025-11-22T07:43:15+05:30
pay_00000000004118,order_0000004118,557.69,card,captured,2025-11-02T10:36:00+05:30
pay_00000000004119,order_0000004119,606.39,upi,captured,2025-11-21T15:08:57+05:30
pay_00000000004120,order_0000004120,458.30,netbanking,captured,2025-11-21T15:42:05+05:30
pay_00000000004121,order_0000004121,823.76,upi,captured,2025-11-30T23:31:40+05:30
pay_00000000004122,order_0000004122,206.26,upi,captured,2025-11-10T22:54:50+05:30
pay_00000000004123,order_0000004123,825.58,card,captured,2025-11-18T21:33:47+05:30
pay_00000000004124,order_0000004124,417.33,card,captured,2025-11-18T21:42:34+05:30
pay_00000000004125,order_0000004125,2724.20,upi,captured,2025-11-12T22:38:50+05:30
pay_00000000004126,order_0000004126,881.35,upi,captured,2025-11-07T05:48:45+05:30
pay_00000000004127,order_0000004127,147.00,card,captured,2025-11-08T16:39:09+05:30
pay_00000000004128,order_0000004128,734.01,card,captured,2025-11-13T12:08:53+05:30
pay_00000000004129,order_0000004129,694.95,card,captured,2025-11-15T22:56:12+05:30
pay_00000000004130,order_0000004130,459.70,wallet,captured,2025-11-05T14:15:12+05:30
pay_00000000004131,order_0000004131,229.56,upi,captured,2025-11-14T21:44:30+05:30
pay_00000000004132,order_0000004132,2577.68,card,captured,2025-11-10T10:41:05+05:30
pay_00000000004133,order_0000004133,799.22,card,captured,2025-11-17T20:42:16+05:30
pay_00000000004134,order_0000004134,419.54,upi,captured,2025-11-06T04:33:40+05:30
pay_00000000004135,order_0000004135,610.99,card,captured,2025-11-28T09:40:36+05:30
pay_00000000004136,order_0000004136,255.99,card,captured,2025-11-10T15:03:46+05:30
pay_00000000004137,order_0000004137,1068.99,card,captured,2025-11-02T10:57:31+05:30
pay_00000000004138,order_0000004138,2774.99,card,captured,2025-11-01T22:12:44+05:30
pay_00000000004139,order_0000004139,304.17,wallet,captured,2025-11-18T15:31:58+05:30
pay_00000000004140,order_0000004140,1028.95,upi,captured,2025-11-19T03:41:19+05:30
pay_00000000004141,order_0000004141,15756.00,upi,captured,2025-11-03T08:54:08+05:30
pay_00000000004142,order_0000004142,2489.99,wallet,captured,2025-11-27T08:01:13+05:30
pay_00000000004143,order_0000004143,214.32,card,captured,2025-11-17T08:01:26+05:30
pay_00000000004144,order_0000004144,489.00,upi,captured,2025-11-23T13:58:15+05:30
pay_00000000004145,order_0000004145,288.44,card,captured,2025-11-09T19:22:55+05:30
pay_00000000004146,order_0000004146,663.65,card,captured,2025-11-01T18:24:42+05:30
pay_00000000004147,order_0000004147,12816.00,card,captured,2025-11-23T12:29:18+05:30
pay_00000000004148,order_0000004148,125.37,upi,captured,2025-11-06T12:47:23+05:30
pay_00000000004149,order_0000004149,283.90,card,captured,2025-11-24T07:42:35+05:30
pay_00000000004150,order_0000004150,870.10,wallet,captured,2025-11-05T16:32:38+05:30
pay_00000000004151,order_0000004151,522.12,card,captured,2025-11-27T16:12:19+05:30
pay_00000000004152,order_0000004152,803.77,card,captured,2025-11-21T08:08:05+05:30
pay_00000000004153,order_0000004153,950.10,upi,captured,2025-11-02T10:21:03+05:30
pay_00000000004154,order_0000004154,419.27,netbanking,captured,2025-11-11T12:35:47+05:30
pay_00000000004155,order_0000004155,2109.63,upi,captured,2025-11-09T22:55:18+05:30
pay_00000000004156,order_0000004156,188.00,card,captured,2025-11-22T20:45:22+05:30
pay_00000000004157,order_0000004157,2597.97,card,captured,2025-11-27T00:01:56+05:30
pay_00000000004158,order_0000004158,339.66,upi,captured,2025-11-03T21:31:28+05:30
pay_00000000004159,order_0000004159,1704.93,wallet,captured,2025-11-14T17:35:12+05:30
pay_00000000004160,order_0000004160,1064.26,wallet,captured,2025-11-05T12:44:32+05:30
pay_00000000004161,order_0000004161,12311.99,wallet,captured,2025-11-07T16:08:57+05:30
pay_00000000004162,order_0000004162,410.01,upi,captured,2025-11-07T16:00:22+05:30
pay_00000000004163,order_0000004163,190.08,netbanking,captured,2025-11-26T13:37:39+05:30
pay_00000000004164,order_0000004164,597.13,upi,captured,2025-11-10T03:52:56+05:30
pay_00000000004165,order_0000004165,3908.99,upi,captured,2025-11-01T12:53:12+05:30
pay_00000000004166,order_0000004166,1016.00,netbanking,captured,2025-11-08T16:10:37+05:30
pay_00000000004167,order_0000004167,3271.56,wallet,captured,2025-11-23T10:31:23+05:30
pay_00000000004168,order_0000004168,3590.05,upi,captured,2025-11-28T18:29:28+05:30
pay_00000000004169,order_0000004169,1079.00,card,captured,2025-11-02T06:09:44+05:30
pay_00000000004170,order_0000004170,128.70,upi,captured,2025-11-03T18:30:04+05:30
pay_00000000004171,order_0000004171,290.93,upi,captured,2025-11-16T17:24:06+05:30
pay_00000000004172,order_0000004172,260.99,upi,captured,2025-11-18T22:27:33+05:30
pay_00000000004173,order_0000004173,1421.47,card,captured,2025-11-07T13:18:22+05:30
pay_00000000004174,order_0000004174,817.38,card,captured,2025-11-21T06:01:15+05:30
pay_00000000004175,order_0000004175,1027.33,wallet,captured,2025-11-06T23:48:47+05:30
pay_00000000004176,order_0000004176,2418.00,upi,captured,2025-11-10T21:17:40+05:30
pay_00000000004177,order_0000004177,375.58,upi,captured,2025-11-05T05:00:38+05:30
pay_00000000004178,order_0000004178,1016.60,upi,captured,2025-11-10T15:32:21+05:30
pay_00000000004179,order_0000004179,216.00,wallet,captured,2025-11-20T04:55:01+05:30
pay_00000000004180,order_0000004180,933.94,wallet,captured,2025-11-14T12:37:51+05:30
pay_00000000004181,order_0000004181,771.00,wallet,captured,2025-11-23T18:55:24+05:30
pay_00000000004182,order_0000004182,696.99,upi,captured,2025-11-25T13:38:21+05:30
pay_00000000004183,order_0000004183,669.91,wallet,captured,2025-11-13T07:05:16+05:30
pay_00000000004184,order_0000004184,179.03,wallet,captured,2025-11-09T15:10:30+05:30
pay_00000000004185,order_0000004185,562.00,upi,captured,2025-11-19T06:52:45+05:30
pay_00000000004186,order_0000004186,2961.00,upi,captured,2025-11-26T21:02:04+05:30
pay_00000000004187,order_0000004187,127.00,upi,captured,2025-11-18T14:01:28+05:30
pay_00000000004188,order_0000004188,712.00,card,captured,2025-11-08T13:40:20+05:30
pay_00000000004189,order_0000004189,934.54,card,captured,2025-11-17T20:39:02+05:30
pay_00000000004190,order_0000004190,655.39,card,captured,2025-11-08T08:19:23+05:30
pay_00000000004191,order_0000004191,1008.00,netbanking,captured,2025-11-05T22:46:26+05:30
pay_00000000004192,order_0000004192,1570.73,upi,captured,2025-11-14T21:57:48+05:30
pay_00000000004193,order_0000004193,691.99,upi,captured,2025-11-01T21:58:23+05:30
pay_00000000004194,order_0000004194,3267.41,upi,captured,2025-11-12T11:52:54+05:30
pay_00000000004195,order_0000004195,1436.41,card,captured,2025-11-01T09:02:20+05:30
pay_00000000004196,order_0000004196,809.16,upi,captured,2025-11-22T08:08:55+05:30
pay_00000000004197,order_0000004197,280.00,card,captured,2025-11-18T16:35:43+05:30
pay_00000000004198,order_0000004198,2556.14,card,captured,2025-11-28T18:48:43+05:30
pay_00000000004199,order_0000004199,630.99,upi,captured,2025-11-14T16:26:47+05:30
pay_00000000004200,order_0000004200,1506.99,wallet,captured,2025-11-24T20:30:42+05:30
pay_00000000004201,order_0000004201,863.03,upi,captured,2025-11-17T17:59:59+05:30
pay_00000000004202,order_0000004202,863.03,upi,captured,2025-11-17T17:59:59+05:30
pay_00000000004203,order_0000004203,879.15,upi,captured,2025-11-09T17:59:59+05:30
pay_00000000004204,order_0000004204,879.15,upi,captured,2025-11-09T17:59:59+05:30
pay_00000000004205,order_0000004205,522.12,card,captured,2025-11-27T17:59:59+05:30
pay_00000000004206,order_0000004206,522.12,card,captured,2025-11-27T17:59:59+05:30
pay_00000000004207,order_0000004207,375.90,upi,captured,2025-11-18T11:59:59+05:30
pay_00000000004208,order_0000004208,375.90,upi,captured,2025-11-18T11:59:59+05:30
pay_00000000004209,order_0000004209,13679.96,upi,captured,2025-11-29T05:59:59+05:30
pay_00000000004210,order_0000004210,13679.96,upi,captured,2025-11-29T05:59:59+05:30
pay_00000000004211,order_0000004211,512.24,wallet,captured,2025-11-19T05:59:59+05:30
pay_00000000004212,order_0000004212,512.24,wallet,captured,2025-11-19T05:59:59+05:30
