order_id,customer_id,amount,created_at_utc
order_0000000001,cust_0754,9859.99,2025-11-22T02:00:44+00:00
order_0000000002,cust_0877,31056.00,2025-11-14T15:36:37+00:00
order_0000000003,cust_0822,8569.27,2025-11-12T04:50:40+00:00
order_0000000004,cust_0221,144861.14,2025-11-18T13:01:28+00:00
order_0000000005,cust_0183,17011.00,2025-11-18T07:51:45+00:00
order_0000000006,cust_0289,118315.00,2025-11-13T13:36:29+00:00
order_0000000007,cust_0799,23327.99,2025-11-01T21:30:50+00:00
order_0000000008,cust_0295,40296.49,2025-11-03T01:43:53+00:00
order_0000000009,cust_0681,6411.00,2025-11-17T06:28:48+00:00
order_0000000010,cust_0488,17311.64,2025-11-06T03:20:21+00:00
order_0000000011,cust_0892,74273.12,2025-11-11T12:18:26+00:00
order_0000000012,cust_0556,34080.99,2025-11-15T07:35:18+00:00
order_0000000013,cust_0726,9279.45,2025-11-07T17:17:43+00:00
order_0000000014,cust_0870,35962.66,2025-11-02T08:04:50+00:00
order_0000000015,cust_0804,4909.40,2025-11-15T10:26:57+00:00
order_0000000016,cust_0823,14230.91,2025-11-13T01:53:47+00:00
order_0000000017,cust_0338,39551.18,2025-11-05T17:38:00+00:00
order_0000000018,cust_0602,39054.00,2025-11-06T04:37:50+00:00
order_0000000019,cust_0340,3678.07,2025-11-28T06:09:05+00:00
order_0000000020,cust_0676,37998.00,2025-11-04T19:32:13+00:00
order_0000000021,cust_0643,6672.00,2025-11-02T06:43:13+00:00
order_0000000022,cust_0780,2377.48,2025-11-29T14:46:22+00:00
order_0000000023,cust_0551,73313.67,2025-11-26T18:26:54+00:00
order_0000000024,cust_0120,25994.44,2025-11-11T16:02:41+00:00
order_0000000025,cust_0302,6471.21,2025-11-11T04:04:57+00:00
order_0000000026,cust_0897,37806.92,2025-11-17T09:41:04+00:00
order_0000000027,cust_0188,36183.38,2025-11-17T01:02:44+00:00
order_0000000028,cust_0067,25006.00,2025-11-21T10:50:52+00:00
order_0000000029,cust_0344,35304.85,2025-11-09T18:38:58+00:00
order_0000000030,cust_0798,43603.99,2025-11-30T17:22:32+00:00
order_0000000031,cust_0724,4618.54,2025-11-04T12:31:24+00:00
order_0000000032,cust_0172,16379.17,2025-11-24T00:35:56+00:00
order_0000000033,cust_0685,17957.00,2025-11-21T17:19:54+00:00
order_0000000034,cust_0409,158119.69,2025-11-08T15:29:08+00:00
order_0000000035,cust_0266,6047.09,2025-11-18T13:38:08+00:00
order_0000000036,cust_0683,32511.00,2025-11-27T17:36:54+00:00
order_0000000037,cust_0249,13428.99,2025-11-29T04:22:42+00:00
order_0000000038,cust_0660,19104.91,2025-11-17T15:11:57+00:00
order_0000000039,cust_0704,169312.00,2025-11-18T18:14:01+00:00
order_0000000040,cust_0168,8873.06,2025-11-16T02:22:31+00:00
order_0000000041,cust_0308,22235.99,2025-11-09T10:27:35+00:00
order_0000000042,cust_0273,23642.24,2025-11-24T09:27:06+00:00
order_0000000043,cust_0652,21853.74,2025-11-30T00:39:47+00:00
order_0000000044,cust_0854,39393.35,2025-11-05T02:36:24+00:00
order_0000000045,cust_0648,4732.39,2025-11-12T07:10:22+00:00
order_0000000046,cust_0512,39723.99,2025-11-18T08:30:53+00:00
order_0000000047,cust_0781,29766.54,2025-11-20T04:20:32+00:00
order_0000000048,cust_0592,248736.00,2025-11-20T11:52:11+00:00
order_0000000049,cust_0334,245591.14,2025-11-29T04:36:48+00:00
order_0000000050,cust_0765,44863.70,2025-11-07T16:27:43+00:00
order_0000000051,cust_0691,10573.99,2025-11-21T11:38:41+00:00
order_0000000052,cust_0227,8674.00,2025-11-13T20:25:35+00:00
order_0000000053,cust_0717,39549.67,2025-11-16T10:12:57+00:00
order_0000000054,cust_0347,12026.00,2025-11-23T13:25:21+00:00
order_0000000055,cust_0029,6651.90,2025-11-07T15:23:52+00:00
order_0000000056,cust_0356,92771.00,2025-11-27T18:13:13+00:00
order_0000000057,cust_0046,159642.72,2025-11-14T16:19:51+00:00
order_0000000058,cust_0832,52424.86,2025-11-30T13:48:12+00:00
order_0000000059,cust_0462,38133.57,2025-11-23T14:17:09+00:00
order_0000000060,cust_0354,19997.00,2025-11-24T09:55:55+00:00
order_0000000061,cust_0877,14478.97,2025-11-21T13:34:02+00:00
order_0000000062,cust_0690,8609.37,2025-11-26T22:44:42+00:00
order_0000000063,cust_0704,109359.00,2025-11-17T15:11:47+00:00
order_0000000064,cust_0225,35470.51,2025-11-12T00:57:58+00:00
order_0000000065,cust_0833,26432.00,2025-11-24T11:30:30+00:00
order_0000000066,cust_0810,174904.87,2025-11-12T13:09:44+00:00
order_0000000067,cust_0470,5014.99,2025-11-25T18:11:38+00:00
order_0000000068,cust_0485,41399.99,2025-11-11T08:48:14+00:00
order_0000000069,cust_0434,241373.00,2025-11-26T16:58:21+00:00
order_0000000070,cust_0350,204825.00,2025-11-07T11:05:15+00:00
order_0000000071,cust_0319,18234.99,2025-11-28T09:05:11+00:00
order_0000000072,cust_0879,23495.99,2025-11-26T15:34:25+00:00
order_0000000073,cust_0723,22921.41,2025-11-19T07:20:29+00:00
order_0000000074,cust_0553,44883.00,2025-11-30T17:19:53+00:00
order_0000000075,cust_0286,18591.00,2025-11-14T20:01:04+00:00
order_0000000076,cust_0148,126065.00,2025-11-12T06:51:00+00:00
order_0000000077,cust_0153,23217.22,2025-11-14T00:21:38+00:00
order_0000000078,cust_0152,30091.99,2025-11-12T04:43:29+00:00
order_0000000079,cust_0753,23610.90,2025-11-29T12:20:37+00:00
order_0000000080,cust_0284,9706.00,2025-11-18T07:26:22+00:00
order_0000000081,cust_0376,7949.00,2025-11-16T17:01:54+00:00
order_0000000082,cust_0080,69806.99,2025-11-21T10:49:01+00:00
order_0000000083,cust_0075,4461.00,2025-11-06T05:29:10+00:00
order_0000000084,cust_0768,8825.81,2025-11-01T02:48:17+00:00
order_0000000085,cust_0603,12954.00,2025-11-19T12:54:16+00:00
order_0000000086,cust_0525,42063.67,2025-11-22T19:41:17+00:00
order_0000000087,cust_0208,32174.99,2025-11-18T00:23:25+00:00
order_0000000088,cust_0069,4137.32,2025-11-05T12:15:23+00:00
order_0000000089,cust_0774,5812.00,2025-11-02T11:12:28+00:00
order_0000000090,cust_0721,92589.23,2025-11-20T02:20:54+00:00
order_0000000091,cust_0275,5181.98,2025-11-14T04:39:32+00:00
order_0000000092,cust_0105,6157.83,2025-11-03T13:57:47+00:00
order_0000000093,cust_0089,31665.76,2025-11-01T16:08:32+00:00
order_0000000094,cust_0771,24139.00,2025-11-14T16:42:23+00:00
order_0000000095,cust_0821,16869.00,2025-11-03T10:34:11+00:00
order_0000000096,cust_0579,14189.98,2025-11-07T09:48:56+00:00
order_0000000097,cust_0157,134938.60,2025-11-14T12:34:43+00:00
order_0000000098,cust_0765,4623.70,2025-11-15T03:00:46+00:00
order_0000000099,cust_0326,27898.19,2025-11-07T15:42:38+00:00
order_0000000100,cust_0576,6993.07,2025-11-05T06:27:04+00:00
order_0000000101,cust_0658,31337.81,2025-11-22T10:33:54+00:00
order_0000000102,cust_0020,164741.23,2025-11-10T05:29:53+00:00
order_0000000103,cust_0161,158413.91,2025-11-09T19:54:11+00:00
order_0000000104,cust_0351,25904.64,2025-11-20T09:54:17+00:00
order_0000000105,cust_0474,8101.00,2025-11-22T12:46:25+00:00
order_0000000106,cust_0311,77456.31,2025-11-05T00:29:42+00:00
order_0000000107,cust_0039,6720.00,2025-11-03T08:00:34+00:00
order_0000000108,cust_0509,41445.99,2025-11-18T03:11:44+00:00
order_0000000109,cust_0824,3964.00,2025-11-29T15:45:28+00:00
order_0000000110,cust_0572,133616.15,2025-11-19T12:14:52+00:00
order_0000000111,cust_0669,7491.99,2025-11-25T07:50:09+00:00
order_0000000112,cust_0664,34418.68,2025-11-28T13:55:16+00:00
order_0000000113,cust_0247,173714.87,2025-11-29T05:00:59+00:00
order_0000000114,cust_0038,18007.00,2025-11-01T01:50:40+00:00
order_0000000115,cust_0207,32316.81,2025-11-30T11:11:34+00:00
order_0000000116,cust_0479,36638.00,2025-11-29T16:13:29+00:00
order_0000000117,cust_0828,27105.58,2025-11-27T07:12:10+00:00
order_0000000118,cust_0551,42077.00,2025-11-26T04:35:16+00:00
order_0000000119,cust_0237,5340.00,2025-11-04T12:28:19+00:00
order_0000000120,cust_0757,28348.99,2025-11-15T14:54:25+00:00
order_0000000121,cust_0446,7219.87,2025-11-16T06:27:46+00:00
order_0000000122,cust_0198,18110.99,2025-11-24T21:10:33+00:00
order_0000000123,cust_0266,10279.68,2025-11-20T13:02:54+00:00
order_0000000124,cust_0800,19846.99,2025-11-22T05:41:59+00:00
order_0000000125,cust_0251,170100.00,2025-11-09T01:06:00+00:00
order_0000000126,cust_0135,2644.83,2025-11-04T11:52:00+00:00
order_0000000127,cust_0727,38866.22,2025-11-30T11:26:17+00:00
order_0000000128,cust_0089,3711.74,2025-11-26T14:23:42+00:00
order_0000000129,cust_0812,13772.89,2025-11-27T15:21:19+00:00
order_0000000130,cust_0838,2657.88,2025-11-09T15:32:19+00:00
order_0000000131,cust_0453,22261.34,2025-11-06T07:23:57+00:00
order_0000000132,cust_0067,23686.90,2025-11-25T14:32:37+00:00
order_0000000133,cust_0806,29148.00,2025-11-27T16:00:03+00:00
order_0000000134,cust_0105,29294.69,2025-11-24T07:05:20+00:00
order_0000000135,cust_0325,16172.05,2025-11-20T18:20:58+00:00
order_0000000136,cust_0717,8690.41,2025-11-27T09:45:57+00:00
order_0000000137,cust_0163,34645.99,2025-11-26T01:00:09+00:00
order_0000000138,cust_0376,164194.88,2025-11-28T11:56:39+00:00
order_0000000139,cust_0011,11958.38,2025-11-20T02:04:21+00:00
order_0000000140,cust_0354,35511.99,2025-11-26T07:03:11+00:00
order_0000000141,cust_0864,152555.33,2025-11-01T07:46:59+00:00
order_0000000142,cust_0208,235430.49,2025-11-26T11:28:36+00:00
order_0000000143,cust_0188,7569.51,2025-11-19T13:56:49+00:00
order_0000000144,cust_0052,164529.00,2025-11-14T05:13:03+00:00
order_0000000145,cust_0256,25011.00,2025-11-11T14:38:27+00:00
order_0000000146,cust_0579,8856.99,2025-11-01T03:59:14+00:00
order_0000000147,cust_0746,34203.00,2025-11-21T20:46:00+00:00
order_0000000148,cust_0080,47537.15,2025-11-25T13:46:20+00:00
order_0000000149,cust_0598,6344.00,2025-11-28T13:39:22+00:00
order_0000000150,cust_0214,2784.00,2025-11-19T14:37:14+00:00
order_0000000151,cust_0641,210480.00,2025-11-09T10:32:01+00:00
order_0000000152,cust_0417,3710.85,2025-11-26T11:23:19+00:00
order_0000000153,cust_0721,86719.00,2025-11-27T12:27:47+00:00
order_0000000154,cust_0100,3609.24,2025-11-28T08:50:20+00:00
order_0000000155,cust_0599,28673.00,2025-11-24T22:28:04+00:00
order_0000000156,cust_0125,9993.00,2025-11-20T12:16:05+00:00
order_0000000157,cust_0639,10794.00,2025-11-10T02:21:51+00:00
order_0000000158,cust_0196,16766.99,2025-11-03T08:56:42+00:00
order_0000000159,cust_0759,8581.99,2025-11-10T16:56:41+00:00
order_0000000160,cust_0288,22690.38,2025-11-24T17:31:47+00:00
order_0000000161,cust_0318,25072.78,2025-11-08T05:28:15+00:00
order_0000000162,cust_0148,7911.96,2025-11-30T17:04:07+00:00
order_0000000163,cust_0376,37641.08,2025-11-03T03:06:42+00:00
order_0000000164,cust_0368,6628.58,2025-11-15T18:31:00+00:00
order_0000000165,cust_0461,42480.00,2025-11-13T06:20:19+00:00
order_0000000166,cust_0509,20481.00,2025-11-20T08:33:37+00:00
order_0000000167,cust_0438,27455.00,2025-11-12T06:27:35+00:00
order_0000000168,cust_0831,248307.99,2025-11-17T11:36:25+00:00
order_0000000169,cust_0201,37370.99,2025-11-25T11:08:51+00:00
order_0000000170,cust_0045,90011.18,2025-11-19T02:54:00+00:00
order_0000000171,cust_0572,23713.82,2025-11-06T12:43:10+00:00
order_0000000172,cust_0387,232113.95,2025-11-18T12:36:12+00:00
order_0000000173,cust_0133,195333.55,2025-11-20T14:47:21+00:00
order_0000000174,cust_0697,24434.99,2025-11-23T11:30:34+00:00
order_0000000175,cust_0402,5623.45,2025-11-29T17:46:52+00:00
order_0000000176,cust_0489,32390.00,2025-11-11T07:04:05+00:00
order_0000000177,cust_0254,32353.99,2025-11-17T07:02:02+00:00
order_0000000178,cust_0401,17411.00,2025-11-19T03:16:41+00:00
order_0000000179,cust_0850,45799.00,2025-11-20T03:44:24+00:00
order_0000000180,cust_0275,34350.00,2025-11-23T09:26:21+00:00
order_0000000181,cust_0471,20451.99,2025-11-19T17:01:39+00:00
order_0000000182,cust_0523,29556.99,2025-11-15T10:40:58+00:00
order_0000000183,cust_0339,6548.96,2025-11-15T01:34:52+00:00
order_0000000184,cust_0849,26179.00,2025-11-27T09:59:01+00:00
order_0000000185,cust_0171,18096.70,2025-11-23T08:33:38+00:00
order_0000000186,cust_0082,38035.00,2025-11-12T17:56:29+00:00
order_0000000187,cust_0180,27333.43,2025-11-19T09:27:56+00:00
order_0000000188,cust_0456,21958.24,2025-11-02T00:59:59+00:00
order_0000000189,cust_0184,6807.51,2025-11-13T13:22:18+00:00
order_0000000190,cust_0627,145110.55,2025-11-21T15:07:16+00:00
order_0000000191,cust_0109,37462.00,2025-11-17T07:24:16+00:00
order_0000000192,cust_0769,100580.71,2025-11-17T03:45:24+00:00
order_0000000193,cust_0188,31811.00,2025-11-09T02:23:13+00:00
order_0000000194,cust_0225,168375.93,2025-11-05T13:06:17+00:00
order_0000000195,cust_0175,223355.33,2025-11-20T11:24:18+00:00
order_0000000196,cust_0019,7305.00,2025-11-09T14:28:17+00:00
order_0000000197,cust_0661,13055.01,2025-11-19T00:54:10+00:00
order_0000000198,cust_0443,16185.39,2025-11-24T07:55:06+00:00
order_0000000199,cust_0609,14702.34,2025-11-09T04:34:27+00:00
order_0000000200,cust_0105,35165.00,2025-11-17T10:21:09+00:00
order_0000000201,cust_0608,3008.99,2025-11-11T12:17:25+00:00
order_0000000202,cust_0467,109884.92,2025-11-22T12:08:42+00:00
order_0000000203,cust_0892,2092.99,2025-11-27T10:17:56+00:00
order_0000000204,cust_0875,36758.00,2025-11-06T17:26:48+00:00
order_0000000205,cust_0464,13756.99,2025-11-25T09:21:29+00:00
order_0000000206,cust_0146,236079.40,2025-11-28T17:28:39+00:00
order_0000000207,cust_0386,32453.00,2025-11-03T07:44:36+00:00
order_0000000208,cust_0277,20682.97,2025-11-06T09:30:22+00:00
order_0000000209,cust_0162,5125.00,2025-11-19T07:43:34+00:00
order_0000000210,cust_0560,37197.00,2025-11-09T00:43:11+00:00
order_0000000211,cust_0432,14032.53,2025-11-02T12:44:00+00:00
order_0000000212,cust_0579,5515.03,2025-11-20T11:25:59+00:00
order_0000000213,cust_0742,18905.81,2025-11-05T09:20:31+00:00
order_0000000214,cust_0101,37484.17,2025-11-24T12:02:41+00:00
order_0000000215,cust_0886,3419.35,2025-11-11T07:29:44+00:00
order_0000000216,cust_0406,53138.92,2025-11-28T08:11:54+00:00
order_0000000217,cust_0635,13834.26,2025-11-25T12:44:53+00:00
order_0000000218,cust_0688,24186.00,2025-11-01T13:47:42+00:00
order_0000000219,cust_0540,72632.08,2025-11-18T06:04:36+00:00
order_0000000220,cust_0564,35228.09,2025-11-29T08:16:41+00:00
order_0000000221,cust_0149,33424.32,2025-11-09T10:42:52+00:00
order_0000000222,cust_0266,8853.99,2025-11-19T08:56:41+00:00
order_0000000223,cust_0490,30320.00,2025-11-17T23:16:11+00:00
order_0000000224,cust_0449,43567.02,2025-11-06T10:32:37+00:00
order_0000000225,cust_0263,3090.90,2025-11-15T16:23:13+00:00
order_0000000226,cust_0527,5457.00,2025-11-27T13:52:53+00:00
order_0000000227,cust_0641,117051.00,2025-11-16T18:19:47+00:00
order_0000000228,cust_0863,33366.78,2025-11-09T11:08:38+00:00
order_0000000229,cust_0533,201257.89,2025-11-19T06:55:12+00:00
order_0000000230,cust_0840,23145.00,2025-11-24T01:47:57+00:00
order_0000000231,cust_0505,23724.87,2025-11-05T08:42:09+00:00
order_0000000232,cust_0294,7461.99,2025-11-10T12:32:50+00:00
order_0000000233,cust_0086,37231.00,2025-11-27T11:48:02+00:00
order_0000000234,cust_0077,30975.52,2025-11-15T06:30:00+00:00
order_0000000235,cust_0545,37802.00,2025-11-13T10:50:42+00:00
order_0000000236,cust_0029,26341.42,2025-11-07T17:32:07+00:00
order_0000000237,cust_0287,36089.00,2025-11-24T22:51:37+00:00
order_0000000238,cust_0220,224443.48,2025-11-19T03:35:00+00:00
order_0000000239,cust_0746,30976.99,2025-11-03T05:07:17+00:00
order_0000000240,cust_0820,8930.64,2025-11-01T20:40:33+00:00
order_0000000241,cust_0100,7950.00,2025-11-19T07:23:10+00:00
order_0000000242,cust_0565,7061.99,2025-11-15T17:23:25+00:00
order_0000000243,cust_0621,132160.00,2025-11-15T09:43:05+00:00
order_0000000244,cust_0631,10898.99,2025-11-06T07:50:36+00:00
order_0000000245,cust_0219,6126.00,2025-11-17T05:56:53+00:00
order_0000000246,cust_0734,30434.00,2025-11-11T11:40:02+00:00
order_0000000247,cust_0092,12855.53,2025-11-26T18:41:21+00:00
order_0000000248,cust_0137,5067.00,2025-11-20T02:59:40+00:00
order_0000000249,cust_0547,23359.18,2025-11-15T04:17:31+00:00
order_0000000250,cust_0331,14762.00,2025-11-10T02:25:57+00:00
order_0000000251,cust_0495,4080.99,2025-11-19T06:11:57+00:00
order_0000000252,cust_0634,7944.41,2025-11-20T10:16:03+00:00
order_0000000253,cust_0431,135753.18,2025-11-28T21:54:39+00:00
order_0000000254,cust_0448,26304.00,2025-11-12T16:51:39+00:00
order_0000000255,cust_0278,144510.00,2025-11-27T10:11:01+00:00
order_0000000256,cust_0267,13114.03,2025-11-08T18:13:17+00:00
order_0000000257,cust_0863,40957.00,2025-11-23T15:21:43+00:00
order_0000000258,cust_0237,3130.07,2025-11-08T23:47:47+00:00
order_0000000259,cust_0501,42429.00,2025-11-20T02:34:33+00:00
order_0000000260,cust_0396,6456.72,2025-11-01T10:53:14+00:00
order_0000000261,cust_0787,6658.00,2025-11-02T13:36:21+00:00
order_0000000262,cust_0222,73637.03,2025-11-06T16:53:40+00:00
order_0000000263,cust_0339,15119.00,2025-11-05T14:23:44+00:00
order_0000000264,cust_0227,6353.99,2025-11-13T12:33:29+00:00
order_0000000265,cust_0487,106702.00,2025-11-05T13:10:02+00:00
order_0000000266,cust_0311,44005.03,2025-11-29T06:13:47+00:00
order_0000000267,cust_0410,4815.33,2025-11-23T08:50:53+00:00
order_0000000268,cust_0277,31331.37,2025-11-18T08:22:20+00:00
order_0000000269,cust_0607,88824.99,2025-11-22T09:05:24+00:00
order_0000000270,cust_0212,36030.00,2025-11-24T13:18:10+00:00
order_0000000271,cust_0876,16381.51,2025-11-24T07:23:08+00:00
order_0000000272,cust_0523,32456.00,2025-11-12T13:51:43+00:00
order_0000000273,cust_0741,2713.99,2025-11-24T02:54:19+00:00
order_0000000274,cust_0531,4928.50,2025-11-28T15:02:40+00:00
order_0000000275,cust_0341,34914.73,2025-11-13T16:06:42+00:00
order_0000000276,cust_0359,28958.87,2025-11-27T07:48:01+00:00
order_0000000277,cust_0239,58646.64,2025-11-29T17:34:37+00:00
order_0000000278,cust_0199,4444.00,2025-11-07T17:08:14+00:00
order_0000000279,cust_0436,148358.00,2025-11-01T14:54:39+00:00
order_0000000280,cust_0650,10702.99,2025-11-10T15:54:06+00:00
order_0000000281,cust_0435,4715.00,2025-11-15T11:24:50+00:00
order_0000000282,cust_0180,72135.99,2025-11-10T05:32:57+00:00
order_0000000283,cust_0688,43242.38,2025-11-12T18:50:54+00:00
order_0000000284,cust_0858,32519.00,2025-11-19T12:40:10+00:00
order_0000000285,cust_0309,106002.00,2025-11-29T19:48:38+00:00
order_0000000286,cust_0598,30243.00,2025-11-11T17:42:34+00:00
order_0000000287,cust_0549,7251.32,2025-11-13T15:10:59+00:00
order_0000000288,cust_0124,18014.00,2025-11-30T04:50:09+00:00
order_0000000289,cust_0075,10428.87,2025-11-08T15:59:37+00:00
order_0000000290,cust_0086,38713.29,2025-11-19T15:36:29+00:00
order_0000000291,cust_0040,10211.09,2025-11-19T00:44:45+00:00
order_0000000292,cust_0065,7262.60,2025-11-08T18:20:28+00:00
order_0000000293,cust_0703,32912.00,2025-11-12T01:55:02+00:00
order_0000000294,cust_0393,27552.67,2025-11-02T08:31:23+00:00
order_0000000295,cust_0677,232506.40,2025-11-28T18:13:07+00:00
order_0000000296,cust_0007,2642.51,2025-11-07T18:32:13+00:00
order_0000000297,cust_0440,14039.17,2025-11-05T07:57:54+00:00
order_0000000298,cust_0107,113497.00,2025-11-23T12:24:56+00:00
order_0000000299,cust_0104,4271.13,2025-11-10T10:24:12+00:00
order_0000000300,cust_0457,22045.99,2025-11-05T05:54:23+00:00
order_0000000301,cust_0656,38522.00,2025-11-11T07:36:12+00:00
order_0000000302,cust_0885,6943.00,2025-11-11T15:51:31+00:00
order_0000000303,cust_0618,3437.85,2025-11-22T10:25:27+00:00
order_0000000304,cust_0140,24173.99,2025-11-08T10:53:32+00:00
order_0000000305,cust_0733,130465.00,2025-11-07T14:34:07+00:00
order_0000000306,cust_0608,17056.00,2025-11-17T05:23:25+00:00
order_0000000307,cust_0729,140277.99,2025-11-17T11:16:30+00:00
order_0000000308,cust_0631,2023.99,2025-11-28T11:38:17+00:00
order_0000000309,cust_0183,85175.67,2025-11-27T04:21:45+00:00
order_0000000310,cust_0576,39402.00,2025-11-04T08:45:17+00:00
order_0000000311,cust_0426,22676.58,2025-11-22T07:45:24+00:00
order_0000000312,cust_0426,183788.83,2025-11-30T17:54:37+00:00
order_0000000313,cust_0790,21989.00,2025-11-28T02:11:43+00:00
order_0000000314,cust_0411,4995.99,2025-11-07T07:44:56+00:00
order_0000000315,cust_0489,185808.66,2025-11-25T12:21:31+00:00
order_0000000316,cust_0207,36465.31,2025-11-25T02:38:06+00:00
order_0000000317,cust_0030,9941.22,2025-11-28T00:52:57+00:00
order_0000000318,cust_0109,7979.17,2025-11-20T12:30:16+00:00
order_0000000319,cust_0792,40934.99,2025-11-13T05:21:50+00:00
order_0000000320,cust_0515,131685.00,2025-11-11T14:25:43+00:00
order_0000000321,cust_0323,5799.64,2025-11-12T18:12:43+00:00
order_0000000322,cust_0690,118970.00,2025-11-27T07:43:52+00:00
order_0000000323,cust_0843,43126.00,2025-11-09T11:16:31+00:00
order_0000000324,cust_0662,3661.99,2025-11-12T07:03:00+00:00
order_0000000325,cust_0639,31223.00,2025-11-29T09:20:38+00:00
order_0000000326,cust_0709,221922.00,2025-10-31T22:40:50+00:00
order_0000000327,cust_0211,42326.01,2025-11-04T05:57:48+00:00
order_0000000328,cust_0602,88346.11,2025-11-18T09:35:13+00:00
order_0000000329,cust_0415,129040.00,2025-11-28T04:46:58+00:00
order_0000000330,cust_0595,24922.28,2025-11-01T10:12:27+00:00
order_0000000331,cust_0196,44513.99,2025-11-22T12:21:27+00:00
order_0000000332,cust_0882,36928.99,2025-11-30T17:01:45+00:00
order_0000000333,cust_0018,19359.34,2025-10-31T18:39:23+00:00
order_0000000334,cust_0173,47579.00,2025-11-05T01:25:28+00:00
order_0000000335,cust_0026,41629.76,2025-11-07T09:42:39+00:00
order_0000000336,cust_0273,30948.00,2025-11-21T09:40:02+00:00
order_0000000337,cust_0446,10132.99,2025-11-19T18:53:23+00:00
order_0000000338,cust_0266,7695.25,2025-11-03T15:42:24+00:00
order_0000000339,cust_0726,96301.88,2025-11-26T12:52:03+00:00
order_0000000340,cust_0389,6149.00,2025-11-16T15:20:24+00:00
order_0000000341,cust_0725,8209.68,2025-11-12T13:13:41+00:00
order_0000000342,cust_0234,31362.99,2025-11-25T07:38:33+00:00
order_0000000343,cust_0062,183358.92,2025-11-18T10:30:57+00:00
order_0000000344,cust_0281,35787.99,2025-11-13T06:51:58+00:00
order_0000000345,cust_0423,22679.06,2025-11-07T07:51:46+00:00
order_0000000346,cust_0270,8136.52,2025-11-12T02:18:39+00:00
order_0000000347,cust_0073,20122.59,2025-11-01T09:58:24+00:00
order_0000000348,cust_0697,9014.99,2025-11-18T08:42:58+00:00
order_0000000349,cust_0305,76914.69,2025-11-10T18:01:59+00:00
order_0000000350,cust_0611,2852.82,2025-11-01T19:18:25+00:00
order_0000000351,cust_0697,5201.00,2025-11-08T10:33:49+00:00
order_0000000352,cust_0880,3073.40,2025-11-25T18:29:07+00:00
order_0000000353,cust_0737,38362.61,2025-11-04T15:56:13+00:00
order_0000000354,cust_0536,39623.00,2025-11-12T15:49:35+00:00
order_0000000355,cust_0547,27637.00,2025-11-14T06:49:43+00:00
order_0000000356,cust_0224,14532.00,2025-11-08T11:36:58+00:00
order_0000000357,cust_0763,7939.01,2025-11-28T15:20:23+00:00
order_0000000358,cust_0465,32243.00,2025-11-16T04:32:45+00:00
order_0000000359,cust_0440,12513.06,2025-11-13T13:40:19+00:00
order_0000000360,cust_0823,7366.99,2025-11-05T16:16:35+00:00
order_0000000361,cust_0664,19869.00,2025-11-08T09:37:29+00:00
order_0000000362,cust_0706,7581.99,2025-11-24T15:17:18+00:00
order_0000000363,cust_0501,226276.00,2025-11-07T11:48:41+00:00
order_0000000364,cust_0094,6687.00,2025-11-10T20:14:54+00:00
order_0000000365,cust_0087,6985.00,2025-11-15T10:50:17+00:00
order_0000000366,cust_0659,34917.99,2025-11-28T17:50:19+00:00
order_0000000367,cust_0562,24152.99,2025-11-26T02:56:45+00:00
order_0000000368,cust_0218,7114.20,2025-11-08T10:14:24+00:00
order_0000000369,cust_0189,30658.00,2025-11-07T15:22:59+00:00
order_0000000370,cust_0418,16985.99,2025-11-20T02:41:17+00:00
order_0000000371,cust_0181,41945.59,2025-11-01T13:23:14+00:00
order_0000000372,cust_0475,18048.39,2025-11-04T02:12:45+00:00
order_0000000373,cust_0312,5747.48,2025-11-18T14:00:05+00:00
order_0000000374,cust_0723,3581.00,2025-11-08T07:32:51+00:00
order_0000000375,cust_0261,88347.99,2025-11-16T06:45:29+00:00
order_0000000376,cust_0001,2559.25,2025-11-12T18:44:46+00:00
order_0000000377,cust_0205,32165.00,2025-11-15T14:33:44+00:00
order_0000000378,cust_0461,6297.51,2025-11-17T12:03:34+00:00
order_0000000379,cust_0395,6436.99,2025-11-15T15:53:35+00:00
order_0000000380,cust_0744,7677.00,2025-11-16T13:46:15+00:00
order_0000000381,cust_0484,6538.54,2025-11-08T10:51:25+00:00
order_0000000382,cust_0886,6430.40,2025-11-14T20:56:37+00:00
order_0000000383,cust_0746,12387.22,2025-11-24T22:42:03+00:00
order_0000000384,cust_0737,36780.39,2025-11-07T12:48:59+00:00
order_0000000385,cust_0270,7889.99,2025-11-07T01:09:08+00:00
order_0000000386,cust_0673,37603.99,2025-11-01T21:02:26+00:00
order_0000000387,cust_0655,9385.99,2025-11-27T06:22:59+00:00
order_0000000388,cust_0076,10362.47,2025-11-23T02:01:49+00:00
order_0000000389,cust_0599,197759.12,2025-11-09T23:40:44+00:00
order_0000000390,cust_0813,7924.15,2025-11-27T06:21:22+00:00
order_0000000391,cust_0263,13045.99,2025-11-22T10:49:39+00:00
order_0000000392,cust_0768,194477.87,2025-10-31T21:34:33+00:00
order_0000000393,cust_0156,198392.46,2025-11-11T07:54:59+00:00
order_0000000394,cust_0110,36539.47,2025-11-11T07:09:18+00:00
order_0000000395,cust_0533,25809.55,2025-11-11T13:56:27+00:00
order_0000000396,cust_0340,8512.14,2025-11-13T17:18:21+00:00
order_0000000397,cust_0803,32900.00,2025-11-12T16:59:16+00:00
order_0000000398,cust_0191,7473.99,2025-11-19T00:23:22+00:00
order_0000000399,cust_0182,185589.15,2025-11-27T14:41:10+00:00
order_0000000400,cust_0472,196835.00,2025-11-07T17:41:43+00:00
order_0000000401,cust_0384,7806.58,2025-11-02T02:09:36+00:00
order_0000000402,cust_0001,39172.27,2025-11-09T18:19:35+00:00
order_0000000403,cust_0520,38866.00,2025-11-18T23:01:26+00:00
order_0000000404,cust_0025,2015.99,2025-11-02T10:34:04+00:00
order_0000000405,cust_0196,7314.44,2025-11-15T04:16:43+00:00
order_0000000406,cust_0652,7190.35,2025-11-06T15:11:57+00:00
order_0000000407,cust_0542,2197.96,2025-11-24T00:53:00+00:00
order_0000000408,cust_0584,18440.75,2025-11-15T10:22:12+00:00
order_0000000409,cust_0652,16306.00,2025-11-30T08:16:12+00:00
order_0000000410,cust_0788,2637.00,2025-11-18T11:56:49+00:00
order_0000000411,cust_0772,197232.00,2025-11-29T22:44:31+00:00
order_0000000412,cust_0877,135819.00,2025-11-03T05:19:18+00:00
order_0000000413,cust_0839,104823.60,2025-11-12T02:09:03+00:00
order_0000000414,cust_0451,103631.29,2025-11-03T17:36:49+00:00
order_0000000415,cust_0533,7227.99,2025-11-06T12:36:08+00:00
order_0000000416,cust_0163,4065.34,2025-11-23T12:04:56+00:00
order_0000000417,cust_0464,34607.04,2025-11-21T19:36:26+00:00
order_0000000418,cust_0694,11844.44,2025-11-14T02:29:56+00:00
order_0000000419,cust_0226,6750.58,2025-11-20T12:17:37+00:00
order_0000000420,cust_0100,36115.00,2025-11-27T08:11:40+00:00
order_0000000421,cust_0639,149956.70,2025-11-29T17:39:02+00:00
order_0000000422,cust_0814,12396.60,2025-11-23T20:27:24+00:00
order_0000000423,cust_0643,19419.99,2025-11-13T13:19:41+00:00
order_0000000424,cust_0715,38272.99,2025-11-06T03:00:21+00:00
order_0000000425,cust_0477,38380.68,2025-11-03T08:18:03+00:00
order_0000000426,cust_0167,29800.00,2025-11-30T03:24:48+00:00
order_0000000427,cust_0626,2089.21,2025-11-22T01:25:08+00:00
order_0000000428,cust_0451,43534.68,2025-11-14T11:16:38+00:00
order_0000000429,cust_0792,73253.00,2025-11-07T15:27:17+00:00
order_0000000430,cust_0804,170660.00,2025-11-25T05:27:37+00:00
order_0000000431,cust_0718,6603.00,2025-11-09T05:27:30+00:00
order_0000000432,cust_0183,40669.64,2025-11-12T05:16:55+00:00
order_0000000433,cust_0236,236395.99,2025-11-21T13:08:06+00:00
order_0000000434,cust_0626,7025.00,2025-11-15T03:19:16+00:00
order_0000000435,cust_0110,224576.74,2025-11-13T12:36:20+00:00
order_0000000436,cust_0173,6903.00,2025-11-09T08:04:59+00:00
order_0000000437,cust_0594,208168.99,2025-11-12T08:47:21+00:00
order_0000000438,cust_0864,36001.00,2025-11-28T06:29:14+00:00
order_0000000439,cust_0549,38733.79,2025-11-27T03:22:13+00:00
order_0000000440,cust_0213,6375.62,2025-11-20T12:22:56+00:00
order_0000000441,cust_0199,8220.00,2025-11-07T02:02:08+00:00
order_0000000442,cust_0378,14406.53,2025-11-28T17:40:15+00:00
order_0000000443,cust_0727,6124.00,2025-11-24T12:04:53+00:00
order_0000000444,cust_0251,69932.99,2025-11-28T17:02:42+00:00
order_0000000445,cust_0306,36000.00,2025-11-13T00:36:44+00:00
order_0000000446,cust_0328,4452.52,2025-11-06T08:43:51+00:00
order_0000000447,cust_0222,147513.82,2025-11-28T15:53:02+00:00
order_0000000448,cust_0655,34390.00,2025-11-06T10:14:03+00:00
order_0000000449,cust_0565,15698.72,2025-11-26T07:09:04+00:00
order_0000000450,cust_0743,31210.00,2025-11-12T13:09:40+00:00
order_0000000451,cust_0178,4856.50,2025-11-16T09:55:53+00:00
order_0000000452,cust_0102,12254.93,2025-11-24T15:42:47+00:00
order_0000000453,cust_0867,43714.99,2025-11-23T01:47:56+00:00
order_0000000454,cust_0529,39093.60,2025-11-20T01:18:08+00:00
order_0000000455,cust_0778,5120.50,2025-11-10T19:11:42+00:00
order_0000000456,cust_0625,20600.00,2025-11-04T17:41:41+00:00
order_0000000457,cust_0763,4830.75,2025-11-22T16:01:16+00:00
order_0000000458,cust_0112,8121.00,2025-11-11T11:11:41+00:00
order_0000000459,cust_0372,244263.04,2025-11-02T18:11:21+00:00
order_0000000460,cust_0406,7929.99,2025-11-21T07:20:52+00:00
order_0000000461,cust_0795,19711.99,2025-11-26T09:32:08+00:00
order_0000000462,cust_0452,18386.99,2025-11-22T13:54:20+00:00
order_0000000463,cust_0635,43139.00,2025-11-21T12:57:10+00:00
order_0000000464,cust_0809,111324.57,2025-11-18T11:04:06+00:00
order_0000000465,cust_0798,138265.00,2025-11-12T17:45:36+00:00
order_0000000466,cust_0523,38114.42,2025-11-10T01:52:00+00:00
order_0000000467,cust_0359,23304.00,2025-11-18T16:23:09+00:00
order_0000000468,cust_0163,235203.00,2025-11-19T01:18:02+00:00
order_0000000469,cust_0763,15138.65,2025-11-14T17:59:08+00:00
order_0000000470,cust_0824,33695.00,2025-11-12T05:53:27+00:00
order_0000000471,cust_0139,41659.00,2025-11-10T17:45:55+00:00
order_0000000472,cust_0273,224343.64,2025-11-14T07:16:30+00:00
order_0000000473,cust_0646,18240.99,2025-11-16T05:06:45+00:00
order_0000000474,cust_0859,233205.13,2025-11-01T05:00:26+00:00
order_0000000475,cust_0744,6767.66,2025-11-26T08:28:35+00:00
order_0000000476,cust_0238,2708.00,2025-11-22T06:45:04+00:00
order_0000000477,cust_0001,3596.73,2025-11-30T02:20:06+00:00
order_0000000478,cust_0602,4828.30,2025-11-15T14:16:36+00:00
order_0000000479,cust_0810,121754.99,2025-11-25T14:14:50+00:00
order_0000000480,cust_0581,20998.47,2025-11-29T07:43:39+00:00
order_0000000481,cust_0054,164759.02,2025-11-09T09:02:41+00:00
order_0000000482,cust_0669,44399.00,2025-11-18T03:15:51+00:00
order_0000000483,cust_0690,24367.00,2025-11-14T04:04:52+00:00
order_0000000484,cust_0204,42776.00,2025-11-30T07:45:37+00:00
order_0000000485,cust_0540,224140.89,2025-11-26T22:16:01+00:00
order_0000000486,cust_0878,33835.00,2025-11-22T17:23:51+00:00
order_0000000487,cust_0096,5522.00,2025-11-23T03:45:47+00:00
order_0000000488,cust_0349,5977.43,2025-11-13T18:09:03+00:00
order_0000000489,cust_0178,118107.20,2025-11-19T02:00:40+00:00
order_0000000490,cust_0044,41868.42,2025-11-23T11:15:51+00:00
order_0000000491,cust_0530,24716.00,2025-11-28T10:43:04+00:00
order_0000000492,cust_0458,74654.57,2025-11-28T14:44:50+00:00
order_0000000493,cust_0579,22116.56,2025-11-08T11:39:45+00:00
order_0000000494,cust_0072,22978.00,2025-11-16T01:57:48+00:00
order_0000000495,cust_0540,132900.00,2025-11-17T18:12:29+00:00
order_0000000496,cust_0897,30612.08,2025-11-26T11:37:00+00:00
order_0000000497,cust_0082,23636.99,2025-11-25T09:30:58+00:00
order_0000000498,cust_0382,36365.48,2025-11-09T01:05:26+00:00
order_0000000499,cust_0299,41475.72,2025-11-04T16:36:36+00:00
order_0000000500,cust_0670,30307.99,2025-11-22T17:25:52+00:00
order_0000000501,cust_0822,2409.63,2025-11-03T02:53:47+00:00
order_0000000502,cust_0835,31992.00,2025-11-19T11:25:10+00:00
order_0000000503,cust_0662,44684.80,2025-11-23T08:47:10+00:00
order_0000000504,cust_0348,31810.76,2025-11-13T08:22:30+00:00
order_0000000505,cust_0561,20808.32,2025-11-03T17:00:48+00:00
order_0000000506,cust_0117,7041.57,2025-11-15T01:45:10+00:00
order_0000000507,cust_0594,17646.00,2025-11-16T12:22:10+00:00
order_0000000508,cust_0657,38262.00,2025-11-13T08:01:58+00:00
order_0000000509,cust_0211,31481.79,2025-11-13T06:30:01+00:00
order_0000000510,cust_0274,4966.33,2025-11-21T07:32:08+00:00
order_0000000511,cust_0792,2877.23,2025-11-22T02:27:03+00:00
order_0000000512,cust_0814,28221.00,2025-11-06T08:22:25+00:00
order_0000000513,cust_0629,8260.23,2025-11-18T11:47:56+00:00
order_0000000514,cust_0539,227008.72,2025-11-13T03:32:13+00:00
order_0000000515,cust_0424,42110.00,2025-11-07T11:36:33+00:00
order_0000000516,cust_0628,240213.00,2025-11-10T15:36:07+00:00
order_0000000517,cust_0857,42782.36,2025-11-01T08:59:00+00:00
order_0000000518,cust_0547,43045.00,2025-11-25T02:57:20+00:00
order_0000000519,cust_0598,3344.00,2025-11-22T05:33:43+00:00
order_0000000520,cust_0643,25026.64,2025-11-25T19:56:02+00:00
order_0000000521,cust_0410,36597.71,2025-11-01T03:52:35+00:00
order_0000000522,cust_0093,17367.85,2025-11-25T12:39:49+00:00
order_0000000523,cust_0415,28590.99,2025-11-20T20:15:55+00:00
order_0000000524,cust_0191,177789.73,2025-11-04T18:04:21+00:00
order_0000000525,cust_0263,8874.00,2025-11-12T06:30:37+00:00
order_0000000526,cust_0025,190271.29,2025-11-05T10:32:33+00:00
order_0000000527,cust_0655,23584.35,2025-11-02T15:13:35+00:00
order_0000000528,cust_0282,31989.99,2025-11-18T07:53:38+00:00
order_0000000529,cust_0436,227240.00,2025-11-29T16:48:04+00:00
order_0000000530,cust_0158,12949.00,2025-11-17T02:58:32+00:00
order_0000000531,cust_0562,39802.40,2025-11-03T18:08:57+00:00
order_0000000532,cust_0249,7724.00,2025-11-29T11:21:28+00:00
order_0000000533,cust_0576,14177.24,2025-11-24T09:27:51+00:00
order_0000000534,cust_0546,208523.30,2025-11-26T16:17:16+00:00
order_0000000535,cust_0823,109308.42,2025-11-27T02:42:56+00:00
order_0000000536,cust_0001,57129.49,2025-11-18T13:21:54+00:00
order_0000000537,cust_0029,8877.99,2025-11-27T21:58:13+00:00
order_0000000538,cust_0015,2209.32,2025-10-31T19:48:52+00:00
order_0000000539,cust_0293,32038.73,2025-11-22T08:00:38+00:00
order_0000000540,cust_0777,65698.55,2025-11-01T09:27:13+00:00
order_0000000541,cust_0765,6649.78,2025-11-09T08:19:40+00:00
order_0000000542,cust_0082,131862.34,2025-11-03T21:36:38+00:00
order_0000000543,cust_0807,14813.17,2025-11-29T08:16:38+00:00
order_0000000544,cust_0450,6111.32,2025-11-30T04:36:02+00:00
order_0000000545,cust_0438,214429.99,2025-11-07T13:30:49+00:00
order_0000000546,cust_0342,201309.99,2025-11-09T17:20:36+00:00
order_0000000547,cust_0701,7872.00,2025-11-07T08:20:01+00:00
order_0000000548,cust_0075,13625.23,2025-11-15T15:45:27+00:00
order_0000000549,cust_0747,78261.98,2025-11-09T08:08:37+00:00
order_0000000550,cust_0798,112701.99,2025-11-28T01:54:49+00:00
order_0000000551,cust_0852,27056.99,2025-11-16T16:38:17+00:00
order_0000000552,cust_0699,108758.00,2025-11-13T04:28:59+00:00
order_0000000553,cust_0068,44669.00,2025-11-09T01:35:02+00:00
order_0000000554,cust_0224,148515.95,2025-11-17T14:30:50+00:00
order_0000000555,cust_0217,203292.57,2025-11-23T07:05:40+00:00
order_0000000556,cust_0595,16825.00,2025-11-03T21:21:42+00:00
order_0000000557,cust_0127,7923.62,2025-11-29T09:32:33+00:00
order_0000000558,cust_0359,13080.75,2025-11-16T14:07:52+00:00
order_0000000559,cust_0019,225242.30,2025-11-18T06:32:15+00:00
order_0000000560,cust_0337,4685.00,2025-11-16T07:47:07+00:00
order_0000000561,cust_0465,13443.00,2025-11-22T14:45:40+00:00
order_0000000562,cust_0503,7044.95,2025-11-30T15:29:38+00:00
order_0000000563,cust_0103,35036.00,2025-11-13T15:41:51+00:00
order_0000000564,cust_0860,14587.55,2025-11-03T22:51:41+00:00
order_0000000565,cust_0007,3992.37,2025-11-30T06:25:21+00:00
order_0000000566,cust_0832,27371.57,2025-11-30T17:03:08+00:00
order_0000000567,cust_0809,10595.99,2025-11-03T13:50:31+00:00
order_0000000568,cust_0843,10080.00,2025-11-25T22:03:55+00:00
order_0000000569,cust_0344,29376.00,2025-11-29T02:01:52+00:00
order_0000000570,cust_0461,6452.63,2025-11-11T10:15:11+00:00
order_0000000571,cust_0767,38552.95,2025-11-24T07:00:14+00:00
order_0000000572,cust_0820,2897.41,2025-11-28T04:08:15+00:00
order_0000000573,cust_0548,13338.00,2025-11-03T16:07:40+00:00
order_0000000574,cust_0636,3716.27,2025-11-09T14:32:11+00:00
order_0000000575,cust_0715,12845.00,2025-11-18T09:38:59+00:00
order_0000000576,cust_0419,31937.05,2025-11-09T15:05:09+00:00
order_0000000577,cust_0670,7404.99,2025-11-19T06:05:40+00:00
order_0000000578,cust_0777,8215.99,2025-11-22T05:09:30+00:00
order_0000000579,cust_0271,238769.92,2025-11-14T10:58:38+00:00
order_0000000580,cust_0641,8486.99,2025-11-13T09:37:40+00:00
order_0000000581,cust_0157,18973.00,2025-11-05T08:32:00+00:00
order_0000000582,cust_0711,22852.10,2025-11-03T02:22:52+00:00
order_0000000583,cust_0824,36553.00,2025-11-13T04:47:07+00:00
order_0000000584,cust_0182,27815.00,2025-11-22T07:51:46+00:00
order_0000000585,cust_0493,105570.00,2025-11-21T11:31:33+00:00
order_0000000586,cust_0033,7402.00,2025-11-12T05:34:45+00:00
order_0000000587,cust_0541,3789.99,2025-11-19T12:23:47+00:00
order_0000000588,cust_0710,113808.99,2025-11-12T01:01:20+00:00
order_0000000589,cust_0788,7548.60,2025-11-02T18:07:41+00:00
order_0000000590,cust_0477,42606.45,2025-11-01T09:48:26+00:00
order_0000000591,cust_0788,31964.00,2025-11-28T15:03:54+00:00
order_0000000592,cust_0086,7946.00,2025-11-14T09:00:09+00:00
order_0000000593,cust_0209,40383.00,2025-11-13T09:13:56+00:00
order_0000000594,cust_0361,32870.00,2025-11-13T16:10:25+00:00
order_0000000595,cust_0359,4330.99,2025-11-20T22:07:13+00:00
order_0000000596,cust_0767,21295.99,2025-11-24T10:42:30+00:00
order_0000000597,cust_0537,8249.99,2025-11-29T07:35:08+00:00
order_0000000598,cust_0132,124449.00,2025-11-15T07:07:02+00:00
order_0000000599,cust_0486,2583.16,2025-11-23T02:35:45+00:00
order_0000000600,cust_0571,36655.85,2025-11-11T13:06:16+00:00
order_0000000601,cust_0341,42617.00,2025-11-07T23:14:19+00:00
order_0000000602,cust_0753,106404.26,2025-11-30T09:02:21+00:00
order_0000000603,cust_0072,3850.99,2025-11-04T10:35:17+00:00
order_0000000604,cust_0782,31254.09,2025-11-22T01:48:59+00:00
order_0000000605,cust_0482,33189.86,2025-11-18T14:55:54+00:00
order_0000000606,cust_0325,31080.99,2025-11-07T18:38:48+00:00
order_0000000607,cust_0385,148046.00,2025-11-04T12:03:42+00:00
order_0000000608,cust_0608,5462.63,2025-11-29T12:02:21+00:00
order_0000000609,cust_0498,71068.99,2025-11-18T16:15:41+00:00
order_0000000610,cust_0017,74826.00,2025-11-24T16:42:56+00:00
order_0000000611,cust_0362,4934.36,2025-11-11T17:47:09+00:00
order_0000000612,cust_0266,3118.00,2025-11-28T08:10:00+00:00
order_0000000613,cust_0022,6514.99,2025-11-27T08:21:33+00:00
order_0000000614,cust_0386,36038.81,2025-11-06T17:49:15+00:00
order_0000000615,cust_0450,92268.04,2025-11-29T22:25:05+00:00
order_0000000616,cust_0662,2923.65,2025-11-08T17:04:41+00:00
order_0000000617,cust_0113,3916.67,2025-11-13T18:45:24+00:00
order_0000000618,cust_0733,81647.12,2025-11-09T10:58:46+00:00
order_0000000619,cust_0128,3809.01,2025-11-22T12:37:58+00:00
order_0000000620,cust_0716,34414.00,2025-11-24T15:13:49+00:00
order_0000000621,cust_0671,16872.83,2025-11-23T14:18:37+00:00
order_0000000622,cust_0819,223236.40,2025-11-07T14:52:10+00:00
order_0000000623,cust_0395,125143.55,2025-11-19T16:53:16+00:00
order_0000000624,cust_0216,103486.44,2025-11-06T15:29:18+00:00
order_0000000625,cust_0839,180481.89,2025-11-04T00:22:10+00:00
order_0000000626,cust_0642,43781.62,2025-11-20T11:09:25+00:00
order_0000000627,cust_0153,8346.00,2025-11-24T07:18:11+00:00
order_0000000628,cust_0670,4787.00,2025-11-05T16:17:27+00:00
order_0000000629,cust_0613,31049.79,2025-11-14T16:28:33+00:00
order_0000000630,cust_0034,27130.00,2025-11-26T14:35:19+00:00
order_0000000631,cust_0773,19333.99,2025-11-06T05:36:55+00:00
order_0000000632,cust_0034,4766.55,2025-11-22T18:42:19+00:00
order_0000000633,cust_0074,52397.10,2025-11-14T12:18:16+00:00
order_0000000634,cust_0170,120086.99,2025-11-22T02:22:47+00:00
order_0000000635,cust_0128,216432.00,2025-11-26T08:55:57+00:00
order_0000000636,cust_0655,41228.99,2025-11-11T13:36:47+00:00
order_0000000637,cust_0371,22059.33,2025-11-22T05:15:35+00:00
order_0000000638,cust_0065,33232.12,2025-11-23T12:33:57+00:00
order_0000000639,cust_0544,36527.00,2025-11-05T00:03:07+00:00
order_0000000640,cust_0028,32934.00,2025-11-29T15:16:03+00:00
order_0000000641,cust_0401,16117.00,2025-11-10T17:36:48+00:00
order_0000000642,cust_0746,228726.00,2025-11-30T17:41:02+00:00
order_0000000643,cust_0848,66538.00,2025-11-18T06:25:42+00:00
order_0000000644,cust_0834,19960.00,2025-11-23T14:06:26+00:00
order_0000000645,cust_0757,2503.76,2025-11-10T07:27:41+00:00
order_0000000646,cust_0316,169681.00,2025-11-08T20:56:51+00:00
order_0000000647,cust_0513,41859.99,2025-11-23T01:21:42+00:00
order_0000000648,cust_0870,17143.00,2025-11-23T08:26:06+00:00
order_0000000649,cust_0342,30559.94,2025-11-13T23:19:38+00:00
order_0000000650,cust_0506,7296.55,2025-11-09T15:24:33+00:00
order_0000000651,cust_0738,111861.00,2025-11-07T17:06:08+00:00
order_0000000652,cust_0385,7112.00,2025-11-18T07:21:12+00:00
order_0000000653,cust_0773,4937.00,2025-11-14T23:44:06+00:00
order_0000000654,cust_0825,4629.99,2025-11-25T12:27:36+00:00
order_0000000655,cust_0303,163736.25,2025-11-14T05:05:22+00:00
order_0000000656,cust_0622,8195.99,2025-11-14T12:16:48+00:00
order_0000000657,cust_0351,12280.78,2025-11-26T00:15:56+00:00
order_0000000658,cust_0637,2233.00,2025-11-20T02:20:54+00:00
order_0000000659,cust_0254,18793.17,2025-11-25T16:20:33+00:00
order_0000000660,cust_0766,23947.84,2025-11-28T12:04:58+00:00
order_0000000661,cust_0140,6867.54,2025-11-30T08:51:28+00:00
order_0000000662,cust_0807,4007.74,2025-11-28T05:22:04+00:00
order_0000000663,cust_0011,4538.22,2025-11-02T09:15:20+00:00
order_0000000664,cust_0755,35317.69,2025-11-01T04:57:32+00:00
order_0000000665,cust_0484,101559.45,2025-11-09T07:15:32+00:00
order_0000000666,cust_0070,91552.07,2025-11-10T17:25:07+00:00
order_0000000667,cust_0487,12199.05,2025-11-10T09:49:49+00:00
order_0000000668,cust_0841,212859.99,2025-11-18T21:44:27+00:00
order_0000000669,cust_0856,94060.74,2025-11-03T08:55:49+00:00
order_0000000670,cust_0033,205545.06,2025-11-18T04:41:44+00:00
order_0000000671,cust_0490,4617.00,2025-11-08T09:21:38+00:00
order_0000000672,cust_0253,9172.00,2025-11-12T13:23:13+00:00
order_0000000673,cust_0465,15678.92,2025-11-15T05:25:41+00:00
order_0000000674,cust_0320,21623.00,2025-11-10T16:09:59+00:00
order_0000000675,cust_0885,2298.31,2025-11-21T16:33:50+00:00
order_0000000676,cust_0726,40520.35,2025-11-20T13:43:23+00:00
order_0000000677,cust_0779,6573.89,2025-11-27T15:55:03+00:00
order_0000000678,cust_0022,37317.99,2025-11-27T14:47:58+00:00
order_0000000679,cust_0759,27338.57,2025-11-23T10:39:23+00:00
order_0000000680,cust_0233,18779.99,2025-11-16T14:47:46+00:00
order_0000000681,cust_0657,44590.80,2025-11-27T16:05:41+00:00
order_0000000682,cust_0668,27634.00,2025-11-28T10:07:46+00:00
order_0000000683,cust_0360,6242.93,2025-11-19T00:20:50+00:00
order_0000000684,cust_0115,128163.00,2025-11-28T21:06:25+00:00
order_0000000685,cust_0711,54556.66,2025-11-02T10:06:00+00:00
order_0000000686,cust_0264,26450.54,2025-11-16T05:28:03+00:00
order_0000000687,cust_0098,94946.99,2025-11-05T08:21:24+00:00
order_0000000688,cust_0393,158591.72,2025-11-30T17:19:00+00:00
order_0000000689,cust_0510,8995.50,2025-11-23T16:11:23+00:00
order_0000000690,cust_0512,16103.01,2025-11-12T01:19:37+00:00
order_0000000691,cust_0349,3663.18,2025-11-23T15:03:49+00:00
order_0000000692,cust_0862,26666.43,2025-11-03T07:33:29+00:00
order_0000000693,cust_0155,6640.00,2025-11-19T10:00:15+00:00
order_0000000694,cust_0241,8753.90,2025-11-26T16:04:38+00:00
order_0000000695,cust_0004,40230.46,2025-11-14T17:23:32+00:00
order_0000000696,cust_0622,184132.00,2025-11-04T17:12:10+00:00
order_0000000697,cust_0159,28927.04,2025-11-29T04:17:57+00:00
order_0000000698,cust_0470,6361.18,2025-11-12T03:17:57+00:00
order_0000000699,cust_0139,43835.00,2025-11-18T06:55:30+00:00
order_0000000700,cust_0521,43633.88,2025-11-15T08:20:52+00:00
order_0000000701,cust_0478,8944.00,2025-11-01T16:19:13+00:00
order_0000000702,cust_0211,182656.99,2025-11-25T00:38:33+00:00
order_0000000703,cust_0368,5301.99,2025-11-21T14:21:44+00:00
order_0000000704,cust_0879,107546.99,2025-11-27T11:35:27+00:00
order_0000000705,cust_0605,44516.21,2025-11-22T10:35:16+00:00
order_0000000706,cust_0018,158500.17,2025-11-26T10:48:28+00:00
order_0000000707,cust_0515,28565.00,2025-11-04T13:19:45+00:00
order_0000000708,cust_0795,16804.08,2025-11-17T15:59:07+00:00
order_0000000709,cust_0651,34115.00,2025-11-06T16:31:58+00:00
order_0000000710,cust_0203,7512.32,2025-11-13T13:47:10+00:00
order_0000000711,cust_0529,4417.35,2025-11-13T08:19:13+00:00
order_0000000712,cust_0324,5793.31,2025-11-04T10:02:47+00:00
order_0000000713,cust_0148,4942.00,2025-11-08T11:29:00+00:00
order_0000000714,cust_0631,26988.54,2025-11-21T11:49:58+00:00
order_0000000715,cust_0620,3820.07,2025-11-10T14:23:29+00:00
order_0000000716,cust_0813,44509.95,2025-11-14T09:28:21+00:00
order_0000000717,cust_0127,136042.00,2025-11-15T01:48:39+00:00
order_0000000718,cust_0376,5230.99,2025-11-19T22:04:34+00:00
order_0000000719,cust_0699,17760.96,2025-11-20T08:48:51+00:00
order_0000000720,cust_0861,39121.28,2025-11-09T11:46:56+00:00
order_0000000721,cust_0485,129572.00,2025-11-03T07:17:39+00:00
order_0000000722,cust_0336,11894.00,2025-11-10T18:02:43+00:00
order_0000000723,cust_0097,38394.00,2025-11-30T07:42:06+00:00
order_0000000724,cust_0602,2120.27,2025-11-10T06:15:23+00:00
order_0000000725,cust_0074,207336.74,2025-11-05T03:58:02+00:00
order_0000000726,cust_0329,3405.76,2025-11-16T15:53:26+00:00
order_0000000727,cust_0576,8863.99,2025-11-07T14:10:08+00:00
order_0000000728,cust_0872,2291.92,2025-11-03T11:02:56+00:00
order_0000000729,cust_0066,7115.00,2025-11-25T06:14:39+00:00
order_0000000730,cust_0008,132248.00,2025-11-05T00:48:56+00:00
order_0000000731,cust_0395,15667.09,2025-11-08T10:06:36+00:00
order_0000000732,cust_0396,118078.83,2025-11-24T14:09:25+00:00
order_0000000733,cust_0722,158454.01,2025-11-16T02:03:56+00:00
order_0000000734,cust_0598,175797.86,2025-11-23T07:13:42+00:00
order_0000000735,cust_0576,41193.99,2025-11-09T17:33:19+00:00
order_0000000736,cust_0024,2975.65,2025-11-29T07:23:52+00:00
order_0000000737,cust_0508,7981.99,2025-11-11T04:02:25+00:00
order_0000000738,cust_0498,40069.40,2025-11-18T16:12:47+00:00
order_0000000739,cust_0379,39672.01,2025-11-15T08:39:49+00:00
order_0000000740,cust_0128,13003.00,2025-11-15T12:56:17+00:00
order_0000000741,cust_0759,172524.23,2025-11-25T10:09:06+00:00
order_0000000742,cust_0526,2076.24,2025-11-07T04:29:12+00:00
order_0000000743,cust_0537,38490.00,2025-11-13T10:06:24+00:00
order_0000000744,cust_0045,42713.36,2025-11-24T22:34:12+00:00
order_0000000745,cust_0413,4333.95,2025-11-11T05:53:21+00:00
order_0000000746,cust_0420,223800.45,2025-11-01T10:37:24+00:00
order_0000000747,cust_0404,6041.63,2025-11-27T07:25:59+00:00
order_0000000748,cust_0167,14233.92,2025-11-08T07:25:14+00:00
order_0000000749,cust_0556,42084.51,2025-11-08T11:08:25+00:00
order_0000000750,cust_0248,69869.32,2025-11-26T14:06:29+00:00
order_0000000751,cust_0157,87337.55,2025-11-13T04:02:29+00:00
order_0000000752,cust_0252,2158.00,2025-11-20T12:29:31+00:00
order_0000000753,cust_0617,114189.00,2025-11-12T22:02:33+00:00
order_0000000754,cust_0398,24876.94,2025-11-20T10:17:35+00:00
order_0000000755,cust_0742,6046.99,2025-11-12T07:26:48+00:00
order_0000000756,cust_0266,80586.56,2025-11-05T06:23:37+00:00
order_0000000757,cust_0610,20688.03,2025-11-18T13:32:48+00:00
order_0000000758,cust_0107,7293.00,2025-11-27T07:54:21+00:00
order_0000000759,cust_0668,6267.00,2025-11-18T02:30:05+00:00
order_0000000760,cust_0623,7020.58,2025-11-11T16:28:25+00:00
order_0000000761,cust_0688,27498.47,2025-11-07T01:34:45+00:00
order_0000000762,cust_0814,31749.00,2025-11-16T10:51:43+00:00
order_0000000763,cust_0378,161980.33,2025-11-26T11:13:04+00:00
order_0000000764,cust_0110,246769.00,2025-11-26T14:51:58+00:00
order_0000000765,cust_0160,10650.99,2025-11-18T15:06:24+00:00
order_0000000766,cust_0211,118737.99,2025-11-03T00:25:03+00:00
order_0000000767,cust_0817,2834.00,2025-11-30T08:28:02+00:00
order_0000000768,cust_0159,193018.00,2025-11-19T08:01:12+00:00
order_0000000769,cust_0264,26161.42,2025-11-08T07:53:21+00:00
order_0000000770,cust_0498,2442.87,2025-11-13T17:38:54+00:00
order_0000000771,cust_0340,213752.78,2025-11-03T01:55:04+00:00
order_0000000772,cust_0899,43278.75,2025-11-06T10:34:56+00:00
order_0000000773,cust_0248,138904.13,2025-11-05T15:19:29+00:00
order_0000000774,cust_0155,26274.72,2025-11-13T21:21:18+00:00
order_0000000775,cust_0088,7778.52,2025-11-04T17:52:29+00:00
order_0000000776,cust_0374,7758.96,2025-11-25T00:40:22+00:00
order_0000000777,cust_0808,164239.00,2025-11-18T14:33:01+00:00
order_0000000778,cust_0530,207705.85,2025-11-11T21:32:20+00:00
order_0000000779,cust_0452,6108.99,2025-11-08T14:59:19+00:00
order_0000000780,cust_0378,17837.12,2025-11-02T03:17:42+00:00
order_0000000781,cust_0214,9788.75,2025-11-02T05:17:52+00:00
order_0000000782,cust_0502,31921.00,2025-11-09T13:23:00+00:00
order_0000000783,cust_0798,40535.80,2025-11-24T08:11:51+00:00
order_0000000784,cust_0852,32939.00,2025-11-12T14:34:34+00:00
order_0000000785,cust_0692,239894.00,2025-11-19T13:57:22+00:00
order_0000000786,cust_0457,15656.99,2025-11-10T04:33:35+00:00
order_0000000787,cust_0122,43110.99,2025-11-21T02:05:13+00:00
order_0000000788,cust_0323,36449.00,2025-11-04T13:42:29+00:00
order_0000000789,cust_0338,12799.31,2025-11-12T08:06:15+00:00
order_0000000790,cust_0312,11757.00,2025-11-05T22:52:35+00:00
order_0000000791,cust_0373,31196.10,2025-11-21T16:14:53+00:00
order_0000000792,cust_0195,31086.72,2025-11-22T04:50:40+00:00
order_0000000793,cust_0048,7610.00,2025-11-24T01:47:30+00:00
order_0000000794,cust_0868,2070.99,2025-11-10T02:01:59+00:00
order_0000000795,cust_0184,11694.59,2025-11-01T09:07:56+00:00
order_0000000796,cust_0148,43311.00,2025-11-19T17:25:13+00:00
order_0000000797,cust_0053,38660.00,2025-11-05T10:28:42+00:00
order_0000000798,cust_0759,10225.99,2025-11-16T08:07:40+00:00
order_0000000799,cust_0818,25222.99,2025-11-26T11:14:19+00:00
order_0000000800,cust_0052,15902.01,2025-11-26T13:05:41+00:00
order_0000000801,cust_0074,42092.03,2025-11-08T04:51:11+00:00
order_0000000802,cust_0631,19354.94,2025-11-22T11:34:53+00:00
order_0000000803,cust_0669,161204.99,2025-11-26T13:14:24+00:00
order_0000000804,cust_0268,28783.75,2025-11-22T02:29:48+00:00
order_0000000805,cust_0847,6763.44,2025-11-28T15:19:38+00:00
order_0000000806,cust_0602,8229.70,2025-11-26T06:14:47+00:00
order_0000000807,cust_0891,12073.11,2025-11-04T10:47:20+00:00
order_0000000808,cust_0805,8509.98,2025-11-16T11:28:39+00:00
order_0000000809,cust_0275,5250.03,2025-11-12T06:20:46+00:00
order_0000000810,cust_0575,37875.38,2025-11-04T11:42:54+00:00
order_0000000811,cust_0381,197428.99,2025-11-20T00:46:06+00:00
order_0000000812,cust_0245,30782.02,2025-11-01T07:37:29+00:00
order_0000000813,cust_0509,116699.00,2025-11-14T14:16:57+00:00
order_0000000814,cust_0298,44395.09,2025-11-26T03:50:04+00:00
order_0000000815,cust_0209,43377.00,2025-11-28T07:19:06+00:00
order_0000000816,cust_0528,6926.00,2025-11-08T07:29:33+00:00
order_0000000817,cust_0072,180529.28,2025-11-08T01:11:38+00:00
order_0000000818,cust_0271,24355.21,2025-11-20T05:38:34+00:00
order_0000000819,cust_0811,23486.70,2025-11-17T10:40:10+00:00
order_0000000820,cust_0030,2546.74,2025-11-04T12:46:26+00:00
order_0000000821,cust_0793,4282.58,2025-11-02T16:59:49+00:00
order_0000000822,cust_0091,30959.62,2025-11-21T08:57:57+00:00
order_0000000823,cust_0655,42212.81,2025-11-08T12:37:33+00:00
order_0000000824,cust_0800,31699.04,2025-11-01T11:33:27+00:00
order_0000000825,cust_0635,18410.00,2025-11-20T11:01:11+00:00
order_0000000826,cust_0884,43403.00,2025-11-28T15:36:39+00:00
order_0000000827,cust_0734,242703.99,2025-11-14T19:28:00+00:00
order_0000000828,cust_0779,69419.99,2025-11-05T14:37:45+00:00
order_0000000829,cust_0727,20934.61,2025-11-06T10:02:28+00:00
order_0000000830,cust_0744,70324.73,2025-11-04T08:23:15+00:00
order_0000000831,cust_0399,42790.57,2025-11-30T02:59:53+00:00
order_0000000832,cust_0253,31229.90,2025-11-10T02:18:11+00:00
order_0000000833,cust_0105,135429.49,2025-11-08T07:15:17+00:00
order_0000000834,cust_0784,34143.38,2025-11-23T07:07:31+00:00
order_0000000835,cust_0567,171251.58,2025-11-14T06:01:40+00:00
order_0000000836,cust_0621,3588.26,2025-11-04T12:34:00+00:00
order_0000000837,cust_0864,33757.93,2025-11-13T07:16:14+00:00
order_0000000838,cust_0893,10713.57,2025-11-15T03:30:44+00:00
order_0000000839,cust_0485,18284.82,2025-11-03T12:26:51+00:00
order_0000000840,cust_0337,64100.99,2025-11-07T06:57:07+00:00
order_0000000841,cust_0286,21307.69,2025-11-12T14:43:08+00:00
order_0000000842,cust_0813,20172.00,2025-11-09T16:54:49+00:00
order_0000000843,cust_0816,7963.33,2025-11-27T16:29:13+00:00
order_0000000844,cust_0800,8321.32,2025-11-24T22:46:13+00:00
order_0000000845,cust_0866,37011.99,2025-11-06T19:17:59+00:00
order_0000000846,cust_0497,7558.10,2025-11-07T12:35:04+00:00
order_0000000847,cust_0051,6001.00,2025-11-10T11:52:48+00:00
order_0000000848,cust_0695,110232.91,2025-11-01T08:09:13+00:00
order_0000000849,cust_0341,33551.47,2025-11-19T12:06:30+00:00
order_0000000850,cust_0518,43440.54,2025-11-02T10:56:28+00:00
order_0000000851,cust_0762,69946.99,2025-11-25T01:24:20+00:00
order_0000000852,cust_0775,132300.99,2025-11-28T19:10:21+00:00
order_0000000853,cust_0309,7973.00,2025-11-01T07:18:36+00:00
order_0000000854,cust_0106,31382.75,2025-11-04T08:46:30+00:00
order_0000000855,cust_0525,5742.76,2025-11-26T22:03:23+00:00
order_0000000856,cust_0420,16224.32,2025-11-27T09:39:36+00:00
order_0000000857,cust_0343,180788.33,2025-11-28T08:04:28+00:00
order_0000000858,cust_0271,3648.85,2025-11-25T14:03:25+00:00
order_0000000859,cust_0347,21870.75,2025-11-24T17:30:36+00:00
order_0000000860,cust_0536,235246.99,2025-11-20T06:40:21+00:00
order_0000000861,cust_0166,8085.00,2025-11-26T22:06:29+00:00
order_0000000862,cust_0416,199698.00,2025-11-11T06:54:09+00:00
order_0000000863,cust_0456,20084.33,2025-11-14T05:33:49+00:00
order_0000000864,cust_0704,9638.44,2025-11-16T02:14:29+00:00
order_0000000865,cust_0838,39798.99,2025-11-28T10:00:31+00:00
order_0000000866,cust_0633,41573.00,2025-11-28T16:43:30+00:00
order_0000000867,cust_0079,40324.00,2025-11-17T18:15:42+00:00
order_0000000868,cust_0480,29349.00,2025-11-11T09:39:52+00:00
order_0000000869,cust_0666,117590.00,2025-11-01T07:41:51+00:00
order_0000000870,cust_0601,201169.00,2025-11-12T09:55:53+00:00
order_0000000871,cust_0793,158356.00,2025-11-02T12:50:20+00:00
order_0000000872,cust_0481,231213.00,2025-11-20T07:47:12+00:00
order_0000000873,cust_0510,239260.47,2025-11-02T08:56:15+00:00
order_0000000874,cust_0799,92411.00,2025-11-18T11:16:06+00:00
order_0000000875,cust_0159,20604.00,2025-11-03T01:34:13+00:00
order_0000000876,cust_0103,136971.00,2025-11-10T12:02:44+00:00
order_0000000877,cust_0213,41005.49,2025-11-06T00:14:36+00:00
order_0000000878,cust_0011,26792.00,2025-11-09T22:36:32+00:00
order_0000000879,cust_0762,7234.73,2025-11-18T16:45:58+00:00
order_0000000880,cust_0499,120248.99,2025-11-04T13:26:35+00:00
order_0000000881,cust_0474,14266.00,2025-11-19T06:18:33+00:00
order_0000000882,cust_0607,35845.00,2025-11-18T14:08:14+00:00
order_0000000883,cust_0495,17089.99,2025-11-14T01:45:29+00:00
order_0000000884,cust_0511,20283.99,2025-11-22T00:33:09+00:00
order_0000000885,cust_0743,40539.00,2025-11-23T19:27:56+00:00
order_0000000886,cust_0887,8082.13,2025-11-08T09:42:25+00:00
order_0000000887,cust_0588,128857.00,2025-11-05T01:41:46+00:00
order_0000000888,cust_0778,2115.99,2025-11-15T17:06:34+00:00
order_0000000889,cust_0058,29403.00,2025-11-22T17:10:51+00:00
order_0000000890,cust_0071,28165.97,2025-11-27T17:00:26+00:00
order_0000000891,cust_0276,118977.99,2025-11-26T19:55:29+00:00
order_0000000892,cust_0818,9305.00,2025-11-23T21:38:57+00:00
order_0000000893,cust_0883,42015.00,2025-11-28T07:24:50+00:00
order_0000000894,cust_0657,24359.18,2025-11-30T09:16:36+00:00
order_0000000895,cust_0603,5500.99,2025-11-19T15:19:59+00:00
order_0000000896,cust_0473,3528.88,2025-11-27T12:29:21+00:00
order_0000000897,cust_0368,8631.50,2025-11-09T10:41:09+00:00
order_0000000898,cust_0434,5979.81,2025-11-17T17:12:08+00:00
order_0000000899,cust_0261,213902.59,2025-11-11T08:35:12+00:00
order_0000000900,cust_0270,4989.94,2025-11-24T15:55:48+00:00
order_0000000901,cust_0595,31673.00,2025-11-29T16:41:23+00:00
order_0000000902,cust_0764,32136.99,2025-11-01T09:51:35+00:00
order_0000000903,cust_0605,43433.26,2025-11-29T15:12:12+00:00
order_0000000904,cust_0033,40078.85,2025-11-17T11:56:14+00:00
order_0000000905,cust_0622,8763.52,2025-11-14T16:03:03+00:00
order_0000000906,cust_0801,24882.00,2025-11-04T16:59:01+00:00
order_0000000907,cust_0709,5457.32,2025-11-10T05:18:57+00:00
order_0000000908,cust_0229,2293.07,2025-11-11T10:04:44+00:00
order_0000000909,cust_0116,33482.06,2025-11-29T19:35:41+00:00
order_0000000910,cust_0627,2109.19,2025-11-25T17:48:32+00:00
order_0000000911,cust_0566,4866.36,2025-11-26T16:16:41+00:00
order_0000000912,cust_0634,33069.43,2025-11-20T06:42:30+00:00
order_0000000913,cust_0240,6928.86,2025-11-04T15:52:19+00:00
order_0000000914,cust_0175,8029.68,2025-11-26T02:50:08+00:00
order_0000000915,cust_0792,19266.26,2025-11-01T07:10:46+00:00
order_0000000916,cust_0222,17945.92,2025-11-11T06:33:55+00:00
order_0000000917,cust_0173,10237.48,2025-11-19T07:57:52+00:00
order_0000000918,cust_0137,120867.80,2025-11-10T16:22:49+00:00
order_0000000919,cust_0685,27249.56,2025-11-16T19:43:44+00:00
order_0000000920,cust_0653,28037.75,2025-11-26T12:09:42+00:00
order_0000000921,cust_0221,6651.18,2025-11-14T09:25:57+00:00
order_0000000922,cust_0306,3875.12,2025-11-16T09:40:13+00:00
order_0000000923,cust_0073,226573.35,2025-11-10T16:18:32+00:00
order_0000000924,cust_0225,23369.49,2025-11-04T17:03:40+00:00
order_0000000925,cust_0584,38687.99,2025-11-25T12:32:46+00:00
order_0000000926,cust_0405,20301.85,2025-11-11T08:08:30+00:00
order_0000000927,cust_0487,7189.33,2025-11-20T09:47:37+00:00
order_0000000928,cust_0364,6673.00,2025-11-01T09:53:47+00:00
order_0000000929,cust_0019,39942.41,2025-11-14T12:59:23+00:00
order_0000000930,cust_0088,11354.85,2025-11-19T15:29:37+00:00
order_0000000931,cust_0651,32531.00,2025-11-06T19:01:27+00:00
order_0000000932,cust_0568,32659.06,2025-11-20T06:00:22+00:00
order_0000000933,cust_0781,19520.46,2025-11-23T13:39:29+00:00
order_0000000934,cust_0684,37999.99,2025-11-12T15:41:44+00:00
order_0000000935,cust_0847,11894.99,2025-11-16T13:02:49+00:00
order_0000000936,cust_0404,39923.00,2025-11-28T12:16:57+00:00
order_0000000937,cust_0543,214247.22,2025-11-10T08:39:15+00:00
order_0000000938,cust_0086,13752.68,2025-11-26T08:58:24+00:00
order_0000000939,cust_0228,17236.03,2025-11-14T00:18:53+00:00
order_0000000940,cust_0401,8852.99,2025-11-28T09:26:10+00:00
order_0000000941,cust_0691,8164.20,2025-11-10T05:11:38+00:00
order_0000000942,cust_0876,31169.99,2025-11-23T07:08:02+00:00
order_0000000943,cust_0698,4831.33,2025-11-27T18:04:33+00:00
order_0000000944,cust_0823,37468.08,2025-11-12T09:26:46+00:00
order_0000000945,cust_0482,19885.00,2025-11-11T19:30:54+00:00
order_0000000946,cust_0221,80401.27,2025-11-05T03:57:25+00:00
order_0000000947,cust_0158,111801.53,2025-11-28T16:22:28+00:00
order_0000000948,cust_0006,42955.00,2025-11-27T15:33:51+00:00
order_0000000949,cust_0381,170997.64,2025-11-28T02:56:37+00:00
order_0000000950,cust_0440,224790.16,2025-11-29T00:54:47+00:00
order_0000000951,cust_0608,2925.00,2025-11-21T11:27:53+00:00
order_0000000952,cust_0148,31202.00,2025-11-04T09:24:17+00:00
order_0000000953,cust_0331,21173.06,2025-11-05T22:53:03+00:00
order_0000000954,cust_0755,5352.06,2025-11-04T03:13:03+00:00
order_0000000955,cust_0002,7813.00,2025-11-06T13:33:11+00:00
order_0000000956,cust_0064,173970.00,2025-11-28T11:30:08+00:00
order_0000000957,cust_0066,3227.25,2025-11-04T01:49:54+00:00
order_0000000958,cust_0403,41253.99,2025-11-14T16:55:10+00:00
order_0000000959,cust_0747,8747.12,2025-11-02T12:53:37+00:00
order_0000000960,cust_0387,43641.09,2025-11-04T00:29:34+00:00
order_0000000961,cust_0257,185117.18,2025-11-30T13:56:27+00:00
order_0000000962,cust_0112,41414.00,2025-11-22T10:22:55+00:00
order_0000000963,cust_0230,227070.53,2025-11-10T02:21:23+00:00
order_0000000964,cust_0494,31828.99,2025-11-10T00:33:50+00:00
order_0000000965,cust_0355,2105.99,2025-11-06T00:31:51+00:00
order_0000000966,cust_0002,31983.59,2025-11-16T12:13:10+00:00
order_0000000967,cust_0246,10464.00,2025-11-20T11:57:22+00:00
order_0000000968,cust_0649,18201.00,2025-11-14T15:33:17+00:00
order_0000000969,cust_0727,194077.00,2025-11-03T15:12:16+00:00
order_0000000970,cust_0453,26327.74,2025-11-11T13:44:53+00:00
order_0000000971,cust_0503,91454.99,2025-11-21T07:24:58+00:00
order_0000000972,cust_0183,12041.66,2025-11-01T17:08:48+00:00
order_0000000973,cust_0234,55264.00,2025-11-13T14:05:01+00:00
order_0000000974,cust_0329,8824.27,2025-11-08T13:38:54+00:00
order_0000000975,cust_0495,4961.00,2025-11-05T06:23:20+00:00
order_0000000976,cust_0474,30349.97,2025-11-30T14:41:39+00:00
order_0000000977,cust_0331,87238.37,2025-11-14T07:43:36+00:00
order_0000000978,cust_0603,197150.00,2025-11-24T13:34:12+00:00
order_0000000979,cust_0242,37164.00,2025-11-19T13:34:38+00:00
order_0000000980,cust_0771,2936.66,2025-11-28T07:29:36+00:00
order_0000000981,cust_0264,25926.33,2025-11-09T05:05:56+00:00
order_0000000982,cust_0573,146805.00,2025-11-07T06:30:32+00:00
order_0000000983,cust_0837,29803.63,2025-11-03T13:03:38+00:00
order_0000000984,cust_0176,36063.19,2025-11-28T11:27:38+00:00
order_0000000985,cust_0870,7329.99,2025-11-28T04:25:57+00:00
order_0000000986,cust_0342,2827.75,2025-11-09T13:39:13+00:00
order_0000000987,cust_0134,38176.36,2025-11-13T15:44:11+00:00
order_0000000988,cust_0671,11580.11,2025-11-07T11:16:29+00:00
order_0000000989,cust_0135,5583.79,2025-11-23T06:44:33+00:00
order_0000000990,cust_0427,6069.99,2025-11-09T07:41:58+00:00
order_0000000991,cust_0019,190790.23,2025-11-08T06:41:46+00:00
order_0000000992,cust_0131,7297.45,2025-11-02T17:24:10+00:00
order_0000000993,cust_0574,2308.48,2025-11-24T08:52:37+00:00
order_0000000994,cust_0617,35435.12,2025-11-24T16:23:07+00:00
order_0000000995,cust_0094,206664.69,2025-11-30T09:01:02+00:00
order_0000000996,cust_0087,41876.19,2025-11-28T09:07:33+00:00
order_0000000997,cust_0185,3940.00,2025-11-20T23:50:55+00:00
order_0000000998,cust_0278,44063.99,2025-11-07T09:47:27+00:00
order_0000000999,cust_0787,94904.99,2025-11-05T12:22:09+00:00
order_0000001000,cust_0723,26687.00,2025-11-02T16:01:26+00:00
order_0000001001,cust_0750,12125.00,2025-11-17T07:06:48+00:00
order_0000001002,cust_0160,2170.62,2025-11-11T06:16:28+00:00
order_0000001003,cust_0498,35321.26,2025-11-28T10:08:45+00:00
order_0000001004,cust_0163,5758.90,2025-11-30T07:01:04+00:00
order_0000001005,cust_0594,43989.02,2025-11-24T09:21:37+00:00
order_0000001006,cust_0862,19165.64,2025-11-11T11:29:01+00:00
order_0000001007,cust_0359,47610.00,2025-11-16T17:55:18+00:00
order_0000001008,cust_0435,136722.15,2025-11-18T00:47:46+00:00
order_0000001009,cust_0164,7576.00,2025-11-02T10:11:20+00:00
order_0000001010,cust_0546,10196.00,2025-11-01T13:05:05+00:00
order_0000001011,cust_0118,7581.02,2025-11-18T08:52:12+00:00
order_0000001012,cust_0277,12855.25,2025-11-15T09:55:24+00:00
order_0000001013,cust_0650,36502.89,2025-11-09T15:07:00+00:00
order_0000001014,cust_0176,83825.96,2025-11-21T14:56:50+00:00
order_0000001015,cust_0186,42740.00,2025-11-17T18:26:02+00:00
order_0000001016,cust_0309,228475.95,2025-11-15T04:38:54+00:00
order_0000001017,cust_0504,40048.99,2025-11-07T07:23:01+00:00
order_0000001018,cust_0313,3244.92,2025-11-30T12:44:29+00:00
order_0000001019,cust_0708,10160.03,2025-11-26T04:33:47+00:00
order_0000001020,cust_0561,29293.47,2025-11-19T06:29:13+00:00
order_0000001021,cust_0394,40622.00,2025-11-25T09:56:55+00:00
order_0000001022,cust_0119,7785.28,2025-11-10T05:38:16+00:00
order_0000001023,cust_0391,19581.00,2025-11-14T17:52:28+00:00
order_0000001024,cust_0578,17937.05,2025-11-19T15:50:21+00:00
order_0000001025,cust_0662,14542.00,2025-11-19T17:01:04+00:00
order_0000001026,cust_0585,3299.00,2025-11-27T04:07:56+00:00
order_0000001027,cust_0531,7202.44,2025-11-24T02:03:44+00:00
order_0000001028,cust_0037,21620.94,2025-10-31T20:47:11+00:00
order_0000001029,cust_0161,23290.10,2025-11-08T17:48:14+00:00
order_0000001030,cust_0883,5777.00,2025-11-29T17:06:16+00:00
order_0000001031,cust_0657,42336.46,2025-11-05T12:47:28+00:00
order_0000001032,cust_0109,169563.00,2025-11-06T15:45:33+00:00
order_0000001033,cust_0154,17409.99,2025-11-12T12:46:47+00:00
order_0000001034,cust_0772,27444.29,2025-11-26T10:47:06+00:00
order_0000001035,cust_0162,52633.92,2025-11-03T08:28:55+00:00
order_0000001036,cust_0175,7025.95,2025-11-23T12:59:56+00:00
order_0000001037,cust_0677,198764.00,2025-11-30T13:28:15+00:00
order_0000001038,cust_0309,131640.99,2025-11-09T09:02:37+00:00
order_0000001039,cust_0841,43814.00,2025-11-23T14:09:38+00:00
order_0000001040,cust_0278,149183.00,2025-11-30T01:52:35+00:00
order_0000001041,cust_0705,106377.20,2025-11-02T11:57:42+00:00
order_0000001042,cust_0681,13065.05,2025-11-30T12:32:05+00:00
order_0000001043,cust_0441,33373.00,2025-11-15T21:14:36+00:00
order_0000001044,cust_0153,6518.97,2025-11-11T09:51:17+00:00
order_0000001045,cust_0605,44593.00,2025-11-07T02:17:22+00:00
order_0000001046,cust_0347,6369.17,2025-11-25T07:04:13+00:00
order_0000001047,cust_0319,2096.78,2025-11-27T16:31:46+00:00
order_0000001048,cust_0116,116373.33,2025-11-19T17:10:17+00:00
order_0000001049,cust_0840,43277.59,2025-11-04T07:49:23+00:00
order_0000001050,cust_0739,19374.60,2025-11-04T12:04:17+00:00
order_0000001051,cust_0783,18734.95,2025-11-01T10:06:19+00:00
order_0000001052,cust_0679,17350.40,2025-11-07T05:08:43+00:00
order_0000001053,cust_0142,3346.50,2025-11-14T08:02:51+00:00
order_0000001054,cust_0863,134163.90,2025-11-14T07:31:01+00:00
order_0000001055,cust_0805,70963.29,2025-11-16T12:03:30+00:00
order_0000001056,cust_0686,8446.00,2025-11-05T23:07:26+00:00
order_0000001057,cust_0313,8621.00,2025-11-14T05:10:00+00:00
order_0000001058,cust_0381,23561.12,2025-11-12T15:38:42+00:00
order_0000001059,cust_0688,5436.00,2025-11-16T03:55:30+00:00
order_0000001060,cust_0699,246305.00,2025-11-22T01:16:17+00:00
order_0000001061,cust_0183,7389.99,2025-11-28T11:59:39+00:00
order_0000001062,cust_0608,43311.28,2025-11-26T21:29:46+00:00
order_0000001063,cust_0823,23324.55,2025-11-03T15:50:23+00:00
order_0000001064,cust_0468,37092.14,2025-11-13T22:27:06+00:00
order_0000001065,cust_0829,5750.13,2025-11-21T11:26:19+00:00
order_0000001066,cust_0264,2451.00,2025-11-12T09:16:32+00:00
order_0000001067,cust_0794,224856.00,2025-11-24T15:44:46+00:00
order_0000001068,cust_0433,116274.00,2025-11-02T07:56:30+00:00
order_0000001069,cust_0103,191539.00,2025-11-16T07:34:24+00:00
order_0000001070,cust_0283,121843.00,2025-11-23T17:49:10+00:00
order_0000001071,cust_0272,31241.84,2025-11-13T03:07:11+00:00
order_0000001072,cust_0481,3005.80,2025-11-27T11:21:35+00:00
order_0000001073,cust_0594,22495.17,2025-11-08T04:04:08+00:00
order_0000001074,cust_0766,8448.99,2025-11-12T07:58:24+00:00
order_0000001075,cust_0573,5649.11,2025-11-08T14:22:37+00:00
order_0000001076,cust_0377,31669.00,2025-11-05T14:44:19+00:00
order_0000001077,cust_0585,170786.73,2025-11-10T15:46:14+00:00
order_0000001078,cust_0897,29239.00,2025-11-04T16:00:51+00:00
order_0000001079,cust_0290,242586.99,2025-11-08T19:00:50+00:00
order_0000001080,cust_0415,43674.32,2025-11-30T07:39:50+00:00
order_0000001081,cust_0410,25568.99,2025-11-12T15:16:16+00:00
order_0000001082,cust_0064,11793.98,2025-11-18T11:52:58+00:00
order_0000001083,cust_0559,39875.77,2025-11-22T02:38:09+00:00
order_0000001084,cust_0369,176062.75,2025-11-28T07:38:26+00:00
order_0000001085,cust_0143,43418.05,2025-11-29T09:43:58+00:00
order_0000001086,cust_0433,36529.99,2025-11-25T07:11:01+00:00
order_0000001087,cust_0498,22757.23,2025-11-30T07:19:06+00:00
order_0000001088,cust_0115,45353.96,2025-11-07T08:32:56+00:00
order_0000001089,cust_0590,5624.90,2025-11-27T14:56:29+00:00
order_0000001090,cust_0085,226639.46,2025-11-07T17:17:35+00:00
order_0000001091,cust_0700,17509.00,2025-11-25T18:54:16+00:00
order_0000001092,cust_0759,2758.00,2025-11-16T19:01:53+00:00
order_0000001093,cust_0546,104606.00,2025-11-12T19:33:31+00:00
order_0000001094,cust_0061,17766.58,2025-11-21T04:27:42+00:00
order_0000001095,cust_0299,8244.00,2025-11-01T08:22:46+00:00
order_0000001096,cust_0648,3525.00,2025-11-10T09:05:16+00:00
order_0000001097,cust_0439,42606.00,2025-11-13T04:13:54+00:00
order_0000001098,cust_0398,42745.99,2025-11-05T12:41:34+00:00
order_0000001099,cust_0190,12035.99,2025-11-23T10:59:37+00:00
order_0000001100,cust_0589,21833.99,2025-11-14T19:32:00+00:00
order_0000001101,cust_0031,130556.99,2025-11-01T10:13:55+00:00
order_0000001102,cust_0028,21624.95,2025-11-11T00:21:11+00:00
order_0000001103,cust_0590,25900.99,2025-11-25T07:33:28+00:00
order_0000001104,cust_0324,39095.99,2025-11-15T07:53:48+00:00
order_0000001105,cust_0197,10987.16,2025-11-05T07:31:44+00:00
order_0000001106,cust_0760,233558.03,2025-11-04T05:15:14+00:00
order_0000001107,cust_0204,10236.00,2025-11-29T07:13:04+00:00
order_0000001108,cust_0520,29528.00,2025-11-06T17:12:15+00:00
order_0000001109,cust_0003,44847.03,2025-11-17T20:03:54+00:00
order_0000001110,cust_0047,83684.99,2025-11-03T08:58:49+00:00
order_0000001111,cust_0399,5793.01,2025-11-30T06:49:52+00:00
order_0000001112,cust_0711,109287.62,2025-11-08T21:12:57+00:00
order_0000001113,cust_0807,30811.00,2025-11-03T17:00:44+00:00
order_0000001114,cust_0448,3093.00,2025-11-17T06:27:25+00:00
order_0000001115,cust_0782,23635.00,2025-11-28T10:32:39+00:00
order_0000001116,cust_0755,26500.78,2025-11-27T03:04:35+00:00
order_0000001117,cust_0830,4804.99,2025-11-08T15:32:03+00:00
order_0000001118,cust_0285,21627.99,2025-11-08T17:42:48+00:00
order_0000001119,cust_0667,35715.45,2025-11-25T12:23:30+00:00
order_0000001120,cust_0521,4652.15,2025-11-06T14:16:38+00:00
order_0000001121,cust_0274,7950.30,2025-11-05T11:33:10+00:00
order_0000001122,cust_0531,7784.00,2025-11-28T03:05:34+00:00
order_0000001123,cust_0666,2809.99,2025-11-04T18:08:00+00:00
order_0000001124,cust_0825,131753.91,2025-11-18T11:11:55+00:00
order_0000001125,cust_0741,16251.02,2025-11-27T04:22:11+00:00
order_0000001126,cust_0895,8089.00,2025-11-05T06:32:39+00:00
order_0000001127,cust_0682,37041.66,2025-11-05T14:52:22+00:00
order_0000001128,cust_0407,9752.91,2025-11-21T20:53:21+00:00
order_0000001129,cust_0280,44286.30,2025-11-12T04:30:40+00:00
order_0000001130,cust_0132,20251.00,2025-11-16T15:31:08+00:00
order_0000001131,cust_0351,40634.24,2025-11-19T16:23:29+00:00
order_0000001132,cust_0892,83016.99,2025-11-06T10:50:15+00:00
order_0000001133,cust_0642,26839.72,2025-11-21T13:30:32+00:00
order_0000001134,cust_0825,35589.00,2025-11-03T01:32:55+00:00
order_0000001135,cust_0436,36364.37,2025-11-22T11:32:46+00:00
order_0000001136,cust_0889,248037.00,2025-11-06T10:47:17+00:00
order_0000001137,cust_0439,15657.49,2025-11-11T21:08:53+00:00
order_0000001138,cust_0172,13497.28,2025-11-11T15:12:26+00:00
order_0000001139,cust_0056,15006.10,2025-11-16T08:24:37+00:00
order_0000001140,cust_0218,2528.94,2025-11-11T16:08:48+00:00
order_0000001141,cust_0476,3898.16,2025-11-10T03:34:31+00:00
order_0000001142,cust_0373,2004.00,2025-11-26T12:55:20+00:00
order_0000001143,cust_0319,38719.03,2025-11-04T15:43:59+00:00
order_0000001144,cust_0597,29162.00,2025-11-16T07:52:53+00:00
order_0000001145,cust_0865,3695.00,2025-11-23T16:21:41+00:00
order_0000001146,cust_0073,233680.99,2025-11-12T12:54:17+00:00
order_0000001147,cust_0718,75038.34,2025-11-04T12:21:33+00:00
order_0000001148,cust_0360,24766.00,2025-11-05T13:11:24+00:00
order_0000001149,cust_0476,25695.00,2025-11-12T07:59:11+00:00
order_0000001150,cust_0467,4603.75,2025-11-07T14:24:59+00:00
order_0000001151,cust_0408,23923.50,2025-11-29T22:41:00+00:00
order_0000001152,cust_0744,24741.96,2025-11-30T03:04:58+00:00
order_0000001153,cust_0077,4190.00,2025-11-02T01:06:43+00:00
order_0000001154,cust_0374,34188.00,2025-11-02T10:08:24+00:00
order_0000001155,cust_0393,6776.00,2025-11-27T13:17:30+00:00
order_0000001156,cust_0791,187599.46,2025-11-22T07:13:18+00:00
order_0000001157,cust_0053,23297.99,2025-11-07T19:15:39+00:00
order_0000001158,cust_0366,159977.95,2025-11-05T09:14:07+00:00
order_0000001159,cust_0890,29742.96,2025-11-18T08:10:34+00:00
order_0000001160,cust_0125,13183.04,2025-11-22T12:17:51+00:00
order_0000001161,cust_0668,2469.67,2025-11-06T08:49:35+00:00
order_0000001162,cust_0514,4295.30,2025-11-14T03:54:32+00:00
order_0000001163,cust_0199,42742.00,2025-11-21T07:45:40+00:00
order_0000001164,cust_0041,173328.26,2025-11-02T15:01:01+00:00
order_0000001165,cust_0186,40612.62,2025-11-06T13:57:54+00:00
order_0000001166,cust_0692,21986.00,2025-11-03T10:24:32+00:00
order_0000001167,cust_0467,30004.04,2025-11-05T11:14:22+00:00
order_0000001168,cust_0439,12287.00,2025-11-16T08:54:34+00:00
order_0000001169,cust_0831,13505.47,2025-11-27T21:09:46+00:00
order_0000001170,cust_0570,17085.25,2025-11-24T06:49:41+00:00
order_0000001171,cust_0536,18187.00,2025-11-17T06:41:04+00:00
order_0000001172,cust_0526,42859.55,2025-11-28T21:31:54+00:00
order_0000001173,cust_0201,18617.22,2025-11-27T22:48:27+00:00
order_0000001174,cust_0324,6518.55,2025-11-01T08:08:35+00:00
order_0000001175,cust_0656,96731.00,2025-11-26T09:24:58+00:00
order_0000001176,cust_0100,37909.60,2025-11-02T07:21:42+00:00
order_0000001177,cust_0658,16976.99,2025-11-01T14:21:27+00:00
order_0000001178,cust_0873,52713.43,2025-11-10T01:40:43+00:00
order_0000001179,cust_0044,213007.99,2025-11-10T12:44:21+00:00
order_0000001180,cust_0559,6422.99,2025-11-05T13:50:42+00:00
order_0000001181,cust_0346,4665.00,2025-11-01T16:00:19+00:00
order_0000001182,cust_0293,165614.29,2025-11-18T15:33:05+00:00
order_0000001183,cust_0519,24746.89,2025-11-30T09:09:43+00:00
order_0000001184,cust_0394,226224.46,2025-11-01T13:02:38+00:00
order_0000001185,cust_0426,236449.00,2025-11-18T02:21:58+00:00
order_0000001186,cust_0767,24651.95,2025-11-17T04:55:12+00:00
order_0000001187,cust_0711,5641.76,2025-11-23T16:29:08+00:00
order_0000001188,cust_0784,150273.00,2025-11-18T02:38:45+00:00
order_0000001189,cust_0625,38765.00,2025-11-19T02:25:41+00:00
order_0000001190,cust_0142,162280.24,2025-11-12T16:26:46+00:00
order_0000001191,cust_0454,2312.00,2025-11-05T02:14:36+00:00
order_0000001192,cust_0866,2473.30,2025-11-15T14:50:54+00:00
order_0000001193,cust_0347,26450.99,2025-11-05T11:19:53+00:00
order_0000001194,cust_0875,10248.79,2025-11-29T14:12:04+00:00
order_0000001195,cust_0075,14779.00,2025-11-27T05:41:10+00:00
order_0000001196,cust_0808,21386.43,2025-11-07T08:16:24+00:00
order_0000001197,cust_0467,16579.00,2025-11-03T23:55:46+00:00
order_0000001198,cust_0677,145062.00,2025-11-01T17:48:39+00:00
order_0000001199,cust_0302,34158.00,2025-11-21T18:08:32+00:00
order_0000001200,cust_0250,143237.00,2025-11-19T13:05:44+00:00
order_0000001201,cust_0033,10855.45,2025-11-06T16:15:40+00:00
order_0000001202,cust_0305,26747.75,2025-11-17T16:51:25+00:00
order_0000001203,cust_0067,16468.92,2025-11-15T14:11:45+00:00
order_0000001204,cust_0309,150652.69,2025-11-30T01:16:22+00:00
order_0000001205,cust_0355,36100.00,2025-11-02T18:09:17+00:00
order_0000001206,cust_0200,3126.96,2025-11-29T16:44:15+00:00
order_0000001207,cust_0242,2103.99,2025-11-09T19:34:48+00:00
order_0000001208,cust_0355,22134.79,2025-11-03T09:54:42+00:00
order_0000001209,cust_0094,6876.00,2025-11-29T17:28:42+00:00
order_0000001210,cust_0016,156374.72,2025-11-23T08:06:12+00:00
order_0000001211,cust_0419,4510.10,2025-11-07T10:50:54+00:00
order_0000001212,cust_0108,28568.25,2025-11-03T08:10:38+00:00
order_0000001213,cust_0762,42936.65,2025-11-22T01:14:54+00:00
order_0000001214,cust_0562,5121.33,2025-11-01T07:05:24+00:00
order_0000001215,cust_0016,13180.37,2025-11-18T15:15:26+00:00
order_0000001216,cust_0541,19848.00,2025-11-25T03:15:25+00:00
order_0000001217,cust_0875,39995.00,2025-11-05T16:10:34+00:00
order_0000001218,cust_0138,2206.00,2025-11-02T10:34:12+00:00
order_0000001219,cust_0614,42930.53,2025-11-16T18:43:20+00:00
order_0000001220,cust_0618,12600.99,2025-11-05T04:51:48+00:00
order_0000001221,cust_0783,2194.99,2025-11-26T17:45:21+00:00
order_0000001222,cust_0527,7930.49,2025-11-06T17:50:53+00:00
order_0000001223,cust_0245,2775.08,2025-11-05T07:26:21+00:00
order_0000001224,cust_0398,4296.00,2025-11-07T04:18:45+00:00
order_0000001225,cust_0421,3783.64,2025-11-25T18:11:23+00:00
order_0000001226,cust_0025,31534.00,2025-11-03T12:35:43+00:00
order_0000001227,cust_0680,11683.99,2025-11-22T11:40:21+00:00
order_0000001228,cust_0076,41850.94,2025-11-22T14:29:27+00:00
order_0000001229,cust_0802,21746.95,2025-11-23T07:52:44+00:00
order_0000001230,cust_0708,13963.99,2025-11-01T11:01:28+00:00
order_0000001231,cust_0891,27670.99,2025-11-08T07:50:36+00:00
order_0000001232,cust_0406,37100.23,2025-11-16T01:53:22+00:00
order_0000001233,cust_0630,7815.00,2025-11-04T19:54:48+00:00
order_0000001234,cust_0299,16176.84,2025-11-10T23:49:09+00:00
order_0000001235,cust_0206,27980.64,2025-11-01T08:33:47+00:00
order_0000001236,cust_0238,8338.40,2025-11-30T12:38:37+00:00
order_0000001237,cust_0787,81962.00,2025-11-01T21:01:24+00:00
order_0000001238,cust_0457,60814.51,2025-11-27T14:31:48+00:00
order_0000001239,cust_0665,54439.99,2025-11-18T19:56:41+00:00
order_0000001240,cust_0214,36150.00,2025-11-04T10:14:44+00:00
order_0000001241,cust_0251,2954.00,2025-11-04T16:32:47+00:00
order_0000001242,cust_0387,7881.23,2025-11-26T01:23:30+00:00
order_0000001243,cust_0765,238280.72,2025-11-12T01:01:46+00:00
order_0000001244,cust_0098,8397.83,2025-11-23T12:58:36+00:00
order_0000001245,cust_0894,3934.87,2025-11-12T11:33:22+00:00
order_0000001246,cust_0341,86086.88,2025-11-21T16:29:37+00:00
order_0000001247,cust_0055,226328.47,2025-11-04T07:15:48+00:00
order_0000001248,cust_0754,3467.00,2025-11-06T05:35:33+00:00
order_0000001249,cust_0432,13639.95,2025-11-19T16:54:36+00:00
order_0000001250,cust_0189,57724.89,2025-11-19T00:50:08+00:00
order_0000001251,cust_0573,7235.00,2025-11-11T18:16:24+00:00
order_0000001252,cust_0486,24068.61,2025-11-17T21:24:34+00:00
order_0000001253,cust_0335,14132.32,2025-11-14T18:34:48+00:00
order_0000001254,cust_0338,8841.62,2025-11-23T16:20:02+00:00
order_0000001255,cust_0516,38715.70,2025-11-14T10:39:59+00:00
order_0000001256,cust_0510,42165.00,2025-11-29T12:21:06+00:00
order_0000001257,cust_0895,28181.00,2025-11-10T02:10:06+00:00
order_0000001258,cust_0767,16412.85,2025-11-15T14:02:37+00:00
order_0000001259,cust_0714,22397.38,2025-11-08T10:36:17+00:00
order_0000001260,cust_0761,116134.22,2025-11-20T10:14:13+00:00
order_0000001261,cust_0058,7984.99,2025-11-14T01:57:23+00:00
order_0000001262,cust_0230,173286.41,2025-11-19T17:26:41+00:00
order_0000001263,cust_0548,43146.99,2025-11-02T17:31:09+00:00
order_0000001264,cust_0893,4109.11,2025-11-01T08:50:24+00:00
order_0000001265,cust_0814,26339.00,2025-11-12T09:37:13+00:00
order_0000001266,cust_0751,7064.00,2025-11-29T18:50:15+00:00
order_0000001267,cust_0533,26868.99,2025-11-02T17:18:14+00:00
order_0000001268,cust_0399,33538.65,2025-11-04T02:18:53+00:00
order_0000001269,cust_0335,34103.00,2025-11-05T21:19:48+00:00
order_0000001270,cust_0768,9172.51,2025-11-14T11:57:41+00:00
order_0000001271,cust_0213,3875.84,2025-11-23T11:08:54+00:00
order_0000001272,cust_0429,37230.67,2025-11-13T11:10:37+00:00
order_0000001273,cust_0055,70556.99,2025-11-14T11:03:55+00:00
order_0000001274,cust_0088,40345.99,2025-11-07T10:26:30+00:00
order_0000001275,cust_0619,133322.00,2025-11-20T13:39:06+00:00
order_0000001276,cust_0287,11056.00,2025-11-14T16:22:09+00:00
order_0000001277,cust_0184,238965.99,2025-11-24T11:51:06+00:00
order_0000001278,cust_0502,4184.82,2025-11-20T14:44:36+00:00
order_0000001279,cust_0366,2705.14,2025-11-29T03:41:59+00:00
order_0000001280,cust_0657,6286.04,2025-11-18T14:33:26+00:00
order_0000001281,cust_0594,11132.12,2025-11-04T15:11:35+00:00
order_0000001282,cust_0591,41624.80,2025-11-02T08:36:26+00:00
order_0000001283,cust_0606,247648.99,2025-11-14T05:34:40+00:00
order_0000001284,cust_0406,33931.00,2025-11-04T01:30:43+00:00
order_0000001285,cust_0162,42699.00,2025-11-29T06:44:16+00:00
order_0000001286,cust_0719,34203.48,2025-11-30T02:33:18+00:00
order_0000001287,cust_0212,7446.65,2025-11-07T09:53:52+00:00
order_0000001288,cust_0034,4733.00,2025-11-21T10:10:15+00:00
order_0000001289,cust_0017,241014.00,2025-11-12T11:24:51+00:00
order_0000001290,cust_0418,2167.99,2025-11-29T14:41:26+00:00
order_0000001291,cust_0130,56832.91,2025-11-14T06:03:35+00:00
order_0000001292,cust_0181,43082.00,2025-11-30T17:20:42+00:00
order_0000001293,cust_0528,245738.37,2025-11-19T02:04:09+00:00
order_0000001294,cust_0103,14987.69,2025-11-20T11:33:48+00:00
order_0000001295,cust_0205,2779.99,2025-11-13T17:24:52+00:00
order_0000001296,cust_0834,23678.35,2025-11-24T10:53:29+00:00
order_0000001297,cust_0307,22307.00,2025-11-01T08:23:00+00:00
order_0000001298,cust_0029,238156.79,2025-11-23T21:39:33+00:00
order_0000001299,cust_0118,16111.99,2025-11-21T12:37:17+00:00
order_0000001300,cust_0850,53495.00,2025-11-05T17:06:59+00:00
order_0000001301,cust_0488,68837.00,2025-11-16T07:49:30+00:00
order_0000001302,cust_0681,22258.39,2025-11-30T01:30:24+00:00
order_0000001303,cust_0434,79981.63,2025-11-15T08:52:47+00:00
order_0000001304,cust_0126,20172.73,2025-11-11T08:28:47+00:00
order_0000001305,cust_0547,5606.14,2025-11-07T03:11:56+00:00
order_0000001306,cust_0850,6280.00,2025-11-05T05:23:25+00:00
order_0000001307,cust_0065,43936.00,2025-11-19T09:31:42+00:00
order_0000001308,cust_0171,37554.07,2025-11-18T21:45:37+00:00
order_0000001309,cust_0193,14346.00,2025-11-14T17:54:35+00:00
order_0000001310,cust_0802,4222.32,2025-11-12T08:36:39+00:00
order_0000001311,cust_0729,193084.19,2025-11-13T00:24:46+00:00
order_0000001312,cust_0602,3776.54,2025-11-06T21:34:26+00:00
order_0000001313,cust_0124,42355.50,2025-11-25T08:43:56+00:00
order_0000001314,cust_0383,137439.75,2025-11-22T01:14:18+00:00
order_0000001315,cust_0416,27515.47,2025-11-26T11:24:26+00:00
order_0000001316,cust_0730,6652.89,2025-11-22T11:30:15+00:00
order_0000001317,cust_0174,26945.99,2025-11-24T17:41:26+00:00
order_0000001318,cust_0386,14604.85,2025-11-23T12:18:31+00:00
order_0000001319,cust_0104,6887.77,2025-11-28T16:12:59+00:00
order_0000001320,cust_0134,55698.99,2025-11-22T15:08:17+00:00
order_0000001321,cust_0321,36215.73,2025-11-16T12:31:53+00:00
order_0000001322,cust_0071,2211.00,2025-11-18T14:04:13+00:00
order_0000001323,cust_0680,33715.00,2025-11-16T00:31:01+00:00
order_0000001324,cust_0782,110702.87,2025-11-18T10:03:52+00:00
order_0000001325,cust_0473,10037.53,2025-11-11T20:42:04+00:00
order_0000001326,cust_0307,146891.72,2025-11-24T07:40:42+00:00
order_0000001327,cust_0813,157518.71,2025-11-30T13:50:13+00:00
order_0000001328,cust_0877,3492.69,2025-11-27T16:28:19+00:00
order_0000001329,cust_0495,204696.00,2025-11-21T16:58:44+00:00
order_0000001330,cust_0049,8290.00,2025-11-13T04:23:29+00:00
order_0000001331,cust_0046,25616.99,2025-11-26T16:41:21+00:00
order_0000001332,cust_0895,88851.41,2025-11-05T12:55:39+00:00
order_0000001333,cust_0351,7397.10,2025-11-23T07:11:26+00:00
order_0000001334,cust_0228,156531.00,2025-11-22T06:06:16+00:00
order_0000001335,cust_0541,146456.00,2025-11-06T02:45:09+00:00
order_0000001336,cust_0040,150086.00,2025-11-06T16:04:27+00:00
order_0000001337,cust_0284,152267.73,2025-11-11T17:11:20+00:00
order_0000001338,cust_0724,17639.22,2025-11-04T07:47:58+00:00
order_0000001339,cust_0353,26016.00,2025-11-15T15:37:52+00:00
order_0000001340,cust_0520,28523.44,2025-11-29T07:12:41+00:00
order_0000001341,cust_0090,247615.74,2025-11-06T13:52:59+00:00
order_0000001342,cust_0785,6244.67,2025-11-29T03:22:04+00:00
order_0000001343,cust_0794,7249.33,2025-11-18T00:16:56+00:00
order_0000001344,cust_0711,41144.64,2025-11-24T06:17:56+00:00
order_0000001345,cust_0609,125739.44,2025-11-26T08:30:57+00:00
order_0000001346,cust_0048,10139.51,2025-11-30T10:38:24+00:00
order_0000001347,cust_0577,47369.99,2025-11-02T15:45:31+00:00
order_0000001348,cust_0220,28731.31,2025-11-02T08:01:17+00:00
order_0000001349,cust_0324,40523.83,2025-11-11T23:01:39+00:00
order_0000001350,cust_0070,127341.39,2025-11-29T10:47:55+00:00
order_0000001351,cust_0077,111550.00,2025-11-29T13:25:41+00:00
order_0000001352,cust_0667,2217.00,2025-11-13T09:51:46+00:00
order_0000001353,cust_0165,26818.22,2025-11-11T15:20:03+00:00
order_0000001354,cust_0202,155161.38,2025-11-06T17:06:30+00:00
order_0000001355,cust_0800,3931.46,2025-11-13T14:06:49+00:00
order_0000001356,cust_0293,26987.35,2025-11-26T00:58:50+00:00
order_0000001357,cust_0450,2680.03,2025-11-10T07:52:51+00:00
order_0000001358,cust_0823,14377.00,2025-11-15T06:01:23+00:00
order_0000001359,cust_0770,22586.50,2025-11-23T13:43:43+00:00
order_0000001360,cust_0107,45821.00,2025-11-23T11:10:59+00:00
order_0000001361,cust_0118,24199.99,2025-11-25T16:08:57+00:00
order_0000001362,cust_0277,130989.00,2025-11-12T14:03:00+00:00
order_0000001363,cust_0438,2664.00,2025-11-25T17:01:14+00:00
order_0000001364,cust_0858,20598.21,2025-11-17T09:00:43+00:00
order_0000001365,cust_0639,22414.99,2025-11-20T07:45:23+00:00
order_0000001366,cust_0311,24259.00,2025-11-20T09:47:37+00:00
order_0000001367,cust_0421,199071.94,2025-11-20T08:50:34+00:00
order_0000001368,cust_0521,28730.00,2025-11-10T14:04:37+00:00
order_0000001369,cust_0290,28174.99,2025-11-28T05:10:19+00:00
order_0000001370,cust_0351,8140.54,2025-11-22T15:39:53+00:00
order_0000001371,cust_0651,31126.98,2025-11-18T20:57:43+00:00
order_0000001372,cust_0870,34368.00,2025-11-09T21:22:29+00:00
order_0000001373,cust_0208,43795.00,2025-11-20T10:11:29+00:00
order_0000001374,cust_0443,197094.00,2025-11-21T07:54:31+00:00
order_0000001375,cust_0597,182638.67,2025-11-21T10:34:38+00:00
order_0000001376,cust_0466,21559.44,2025-11-18T10:51:32+00:00
order_0000001377,cust_0024,14008.04,2025-10-31T19:16:30+00:00
order_0000001378,cust_0605,79052.00,2025-11-02T08:26:45+00:00
order_0000001379,cust_0086,3229.68,2025-11-16T07:05:29+00:00
order_0000001380,cust_0226,148788.00,2025-11-20T11:04:10+00:00
order_0000001381,cust_0260,242631.99,2025-11-05T13:41:07+00:00
order_0000001382,cust_0076,7916.00,2025-11-02T11:51:35+00:00
order_0000001383,cust_0446,23140.99,2025-11-04T11:54:54+00:00
order_0000001384,cust_0481,9604.00,2025-11-24T13:48:03+00:00
order_0000001385,cust_0892,217345.99,2025-11-25T16:35:29+00:00
order_0000001386,cust_0131,4348.99,2025-11-16T18:25:47+00:00
order_0000001387,cust_0054,56061.99,2025-11-02T06:38:59+00:00
order_0000001388,cust_0142,77429.80,2025-11-24T07:10:16+00:00
order_0000001389,cust_0511,2262.20,2025-10-31T23:40:48+00:00
order_0000001390,cust_0418,10342.00,2025-11-19T15:31:41+00:00
order_0000001391,cust_0636,31920.99,2025-11-18T09:25:13+00:00
order_0000001392,cust_0621,4507.00,2025-11-18T07:37:58+00:00
order_0000001393,cust_0821,20794.67,2025-11-20T10:07:20+00:00
order_0000001394,cust_0272,66952.00,2025-11-03T15:53:44+00:00
order_0000001395,cust_0488,39547.91,2025-11-03T00:18:23+00:00
order_0000001396,cust_0124,4249.55,2025-11-29T22:52:35+00:00
order_0000001397,cust_0408,11794.00,2025-10-31T23:41:33+00:00
order_0000001398,cust_0724,35776.00,2025-11-14T08:23:05+00:00
order_0000001399,cust_0156,4449.89,2025-11-16T10:07:13+00:00
order_0000001400,cust_0813,7577.74,2025-11-29T05:57:28+00:00
order_0000001401,cust_0411,6136.62,2025-11-07T04:09:50+00:00
order_0000001402,cust_0819,25515.00,2025-11-22T07:36:06+00:00
order_0000001403,cust_0070,42190.47,2025-11-22T03:50:28+00:00
order_0000001404,cust_0610,219157.73,2025-11-07T15:19:42+00:00
order_0000001405,cust_0744,7322.99,2025-11-11T18:10:40+00:00
order_0000001406,cust_0767,26620.04,2025-11-18T08:36:43+00:00
order_0000001407,cust_0569,14033.00,2025-11-08T07:11:18+00:00
order_0000001408,cust_0375,10906.00,2025-11-18T15:08:30+00:00
order_0000001409,cust_0823,17684.00,2025-11-26T13:26:44+00:00
order_0000001410,cust_0636,139265.00,2025-11-20T12:51:39+00:00
order_0000001411,cust_0567,28406.26,2025-11-15T14:33:30+00:00
order_0000001412,cust_0052,21274.99,2025-11-21T12:10:00+00:00
order_0000001413,cust_0770,115197.26,2025-11-04T10:47:31+00:00
order_0000001414,cust_0251,2130.00,2025-11-01T06:21:45+00:00
order_0000001415,cust_0569,37454.00,2025-11-07T17:55:09+00:00
order_0000001416,cust_0542,18400.80,2025-11-17T04:32:02+00:00
order_0000001417,cust_0058,12229.99,2025-11-03T10:48:01+00:00
order_0000001418,cust_0056,22890.99,2025-11-28T07:58:07+00:00
order_0000001419,cust_0001,13377.68,2025-11-08T15:22:05+00:00
order_0000001420,cust_0631,3959.99,2025-11-16T06:29:42+00:00
order_0000001421,cust_0804,40810.66,2025-11-20T06:52:32+00:00
order_0000001422,cust_0396,112803.27,2025-11-13T03:04:18+00:00
order_0000001423,cust_0849,5652.99,2025-11-20T05:48:28+00:00
order_0000001424,cust_0707,112538.32,2025-11-12T02:26:10+00:00
order_0000001425,cust_0697,28773.41,2025-11-15T08:14:08+00:00
order_0000001426,cust_0688,196608.07,2025-11-15T11:24:36+00:00
order_0000001427,cust_0466,29511.36,2025-11-29T01:14:01+00:00
order_0000001428,cust_0575,23286.99,2025-11-09T14:26:15+00:00
order_0000001429,cust_0775,41534.00,2025-11-19T19:02:59+00:00
order_0000001430,cust_0111,2661.99,2025-11-15T16:43:38+00:00
order_0000001431,cust_0109,86654.97,2025-11-21T05:10:01+00:00
order_0000001432,cust_0100,7047.40,2025-11-08T12:02:49+00:00
order_0000001433,cust_0483,4351.28,2025-11-07T23:53:34+00:00
order_0000001434,cust_0016,34421.91,2025-11-19T05:40:21+00:00
order_0000001435,cust_0673,6056.00,2025-11-21T06:49:59+00:00
order_0000001436,cust_0821,34199.87,2025-11-03T22:10:11+00:00
order_0000001437,cust_0394,42148.99,2025-11-30T10:41:52+00:00
order_0000001438,cust_0801,206677.80,2025-11-27T03:34:01+00:00
order_0000001439,cust_0017,6534.99,2025-11-13T19:21:41+00:00
order_0000001440,cust_0423,3313.00,2025-11-29T04:40:17+00:00
order_0000001441,cust_0545,170882.00,2025-11-17T16:42:26+00:00
order_0000001442,cust_0473,14727.19,2025-11-23T02:09:55+00:00
order_0000001443,cust_0052,7266.00,2025-11-03T08:15:45+00:00
order_0000001444,cust_0309,30678.00,2025-11-22T22:29:12+00:00
order_0000001445,cust_0537,4136.29,2025-11-27T10:07:17+00:00
order_0000001446,cust_0330,23892.65,2025-11-27T12:28:35+00:00
order_0000001447,cust_0169,40955.02,2025-11-16T08:05:43+00:00
order_0000001448,cust_0283,16308.48,2025-11-06T12:19:41+00:00
order_0000001449,cust_0289,7849.00,2025-11-26T10:01:00+00:00
order_0000001450,cust_0898,30189.17,2025-11-10T03:43:31+00:00
order_0000001451,cust_0656,2181.23,2025-11-29T08:24:48+00:00
order_0000001452,cust_0606,8494.42,2025-11-10T08:57:18+00:00
order_0000001453,cust_0800,29985.00,2025-11-23T07:11:37+00:00
order_0000001454,cust_0657,2606.72,2025-11-11T13:04:22+00:00
order_0000001455,cust_0044,10027.03,2025-11-02T17:30:52+00:00
order_0000001456,cust_0858,127660.00,2025-11-17T03:38:45+00:00
order_0000001457,cust_0496,9873.15,2025-11-14T07:30:50+00:00
order_0000001458,cust_0824,106332.48,2025-11-25T13:44:58+00:00
order_0000001459,cust_0712,21331.99,2025-11-07T10:21:07+00:00
order_0000001460,cust_0849,38246.69,2025-11-25T00:31:33+00:00
order_0000001461,cust_0152,5567.00,2025-11-07T05:00:05+00:00
order_0000001462,cust_0281,24499.00,2025-11-20T12:45:44+00:00
order_0000001463,cust_0510,3344.00,2025-11-07T19:27:14+00:00
order_0000001464,cust_0355,8961.99,2025-11-01T09:02:44+00:00
order_0000001465,cust_0194,114841.12,2025-11-15T11:41:17+00:00
order_0000001466,cust_0870,5644.34,2025-11-13T16:39:07+00:00
order_0000001467,cust_0639,2450.00,2025-11-19T19:08:38+00:00
order_0000001468,cust_0186,22102.00,2025-11-18T15:17:28+00:00
order_0000001469,cust_0516,6303.73,2025-11-25T12:51:23+00:00
order_0000001470,cust_0340,15866.00,2025-11-22T16:56:18+00:00
order_0000001471,cust_0177,37368.99,2025-11-20T12:24:10+00:00
order_0000001472,cust_0417,75111.83,2025-11-04T11:18:28+00:00
order_0000001473,cust_0811,41939.85,2025-11-27T17:25:43+00:00
order_0000001474,cust_0516,64069.00,2025-11-23T00:29:55+00:00
order_0000001475,cust_0320,101661.81,2025-11-13T03:44:29+00:00
order_0000001476,cust_0888,180427.07,2025-11-11T08:57:41+00:00
order_0000001477,cust_0601,42912.00,2025-11-20T12:46:16+00:00
order_0000001478,cust_0127,17317.00,2025-11-25T06:54:56+00:00
order_0000001479,cust_0484,6711.85,2025-11-28T17:40:22+00:00
order_0000001480,cust_0193,36993.00,2025-11-18T12:16:48+00:00
order_0000001481,cust_0388,25431.99,2025-11-15T07:27:18+00:00
order_0000001482,cust_0402,15533.39,2025-11-01T17:19:50+00:00
order_0000001483,cust_0026,214750.90,2025-11-18T08:41:56+00:00
order_0000001484,cust_0270,150634.29,2025-11-01T17:14:26+00:00
order_0000001485,cust_0698,4519.00,2025-11-08T09:47:34+00:00
order_0000001486,cust_0434,2003.00,2025-11-23T16:59:38+00:00
order_0000001487,cust_0444,5905.91,2025-11-03T10:07:04+00:00
order_0000001488,cust_0751,26681.00,2025-11-28T06:12:48+00:00
order_0000001489,cust_0551,243010.10,2025-11-02T11:37:49+00:00
order_0000001490,cust_0298,39508.99,2025-11-16T14:52:52+00:00
order_0000001491,cust_0686,40350.99,2025-11-24T18:15:10+00:00
order_0000001492,cust_0405,78467.72,2025-11-14T09:21:13+00:00
order_0000001493,cust_0314,22234.58,2025-11-18T16:52:03+00:00
order_0000001494,cust_0876,6427.00,2025-11-08T06:53:14+00:00
order_0000001495,cust_0869,6314.50,2025-11-30T14:35:36+00:00
order_0000001496,cust_0047,15631.00,2025-11-20T11:19:36+00:00
order_0000001497,cust_0126,5902.02,2025-11-04T12:51:47+00:00
order_0000001498,cust_0704,18302.00,2025-11-07T11:08:03+00:00
order_0000001499,cust_0084,25371.06,2025-11-10T12:26:39+00:00
order_0000001500,cust_0694,36555.99,2025-11-09T06:35:21+00:00
order_0000001501,cust_0412,7857.00,2025-11-21T13:26:39+00:00
order_0000001502,cust_0431,19948.13,2025-11-18T04:39:31+00:00
order_0000001503,cust_0584,34429.00,2025-11-22T10:39:34+00:00
order_0000001504,cust_0306,3467.99,2025-11-07T01:04:51+00:00
order_0000001505,cust_0718,39823.00,2025-11-14T11:24:00+00:00
order_0000001506,cust_0326,4936.32,2025-11-16T06:38:46+00:00
order_0000001507,cust_0836,55127.04,2025-11-24T18:48:14+00:00
order_0000001508,cust_0440,150107.42,2025-11-19T14:55:34+00:00
order_0000001509,cust_0179,219805.00,2025-11-30T15:13:02+00:00
order_0000001510,cust_0822,41521.24,2025-11-22T05:59:45+00:00
order_0000001511,cust_0652,28799.28,2025-11-30T00:32:55+00:00
order_0000001512,cust_0616,27050.37,2025-11-18T16:08:02+00:00
order_0000001513,cust_0104,45954.16,2025-11-29T15:37:22+00:00
order_0000001514,cust_0251,189690.99,2025-11-23T07:09:57+00:00
order_0000001515,cust_0289,28667.00,2025-11-14T20:10:10+00:00
order_0000001516,cust_0575,41745.99,2025-11-14T16:15:37+00:00
order_0000001517,cust_0078,6532.79,2025-11-04T17:02:06+00:00
order_0000001518,cust_0897,36536.91,2025-11-04T12:13:00+00:00
order_0000001519,cust_0247,191130.52,2025-11-28T07:09:30+00:00
order_0000001520,cust_0692,35535.64,2025-11-04T06:25:30+00:00
order_0000001521,cust_0592,44088.62,2025-11-02T03:50:20+00:00
order_0000001522,cust_0255,82959.00,2025-11-24T02:57:54+00:00
order_0000001523,cust_0242,7218.20,2025-11-04T13:33:47+00:00
order_0000001524,cust_0271,25120.09,2025-11-28T12:24:34+00:00
order_0000001525,cust_0141,74889.58,2025-11-03T10:16:00+00:00
order_0000001526,cust_0204,3343.10,2025-11-23T07:18:24+00:00
order_0000001527,cust_0134,2969.99,2025-11-29T15:48:43+00:00
order_0000001528,cust_0280,112298.75,2025-11-28T20:39:31+00:00
order_0000001529,cust_0216,34908.00,2025-11-04T15:02:34+00:00
order_0000001530,cust_0754,40865.99,2025-11-11T21:36:17+00:00
order_0000001531,cust_0023,7440.00,2025-11-29T07:51:38+00:00
order_0000001532,cust_0032,8640.73,2025-11-30T14:47:13+00:00
order_0000001533,cust_0549,41948.99,2025-11-09T16:37:38+00:00
order_0000001534,cust_0223,8985.99,2025-11-17T08:18:04+00:00
order_0000001535,cust_0224,171269.62,2025-11-03T09:35:07+00:00
order_0000001536,cust_0356,133775.99,2025-11-22T10:39:08+00:00
order_0000001537,cust_0310,3783.24,2025-11-29T03:18:15+00:00
order_0000001538,cust_0215,12936.00,2025-11-17T15:33:20+00:00
order_0000001539,cust_0636,12230.08,2025-11-25T09:35:50+00:00
order_0000001540,cust_0705,9863.00,2025-11-12T14:05:06+00:00
order_0000001541,cust_0152,7090.99,2025-11-18T05:00:16+00:00
order_0000001542,cust_0601,133276.99,2025-11-29T08:43:32+00:00
order_0000001543,cust_0773,10677.00,2025-11-13T11:41:49+00:00
order_0000001544,cust_0221,14853.99,2025-11-28T08:00:05+00:00
order_0000001545,cust_0406,18946.61,2025-11-01T12:57:09+00:00
order_0000001546,cust_0302,6457.00,2025-11-30T14:32:24+00:00
order_0000001547,cust_0546,23819.85,2025-11-09T16:38:01+00:00
order_0000001548,cust_0709,159972.50,2025-11-02T17:46:49+00:00
order_0000001549,cust_0496,7023.00,2025-11-08T07:05:21+00:00
order_0000001550,cust_0856,8842.88,2025-11-17T07:34:06+00:00
order_0000001551,cust_0451,3695.57,2025-11-11T08:47:31+00:00
order_0000001552,cust_0788,40915.17,2025-11-30T16:20:46+00:00
order_0000001553,cust_0144,2931.68,2025-11-28T08:48:26+00:00
order_0000001554,cust_0075,44193.84,2025-11-14T01:44:31+00:00
order_0000001555,cust_0185,41130.39,2025-11-05T12:53:00+00:00
order_0000001556,cust_0690,36750.10,2025-11-08T06:25:36+00:00
order_0000001557,cust_0263,20664.40,2025-11-14T11:58:35+00:00
order_0000001558,cust_0156,30682.99,2025-11-30T07:35:04+00:00
order_0000001559,cust_0810,3152.18,2025-11-19T03:43:23+00:00
order_0000001560,cust_0242,2620.00,2025-11-10T15:51:23+00:00
order_0000001561,cust_0514,95679.00,2025-11-17T08:08:20+00:00
order_0000001562,cust_0626,28943.83,2025-11-15T18:03:17+00:00
order_0000001563,cust_0888,34942.70,2025-11-09T03:19:01+00:00
order_0000001564,cust_0381,2819.71,2025-11-05T02:19:13+00:00
order_0000001565,cust_0320,3601.99,2025-11-05T10:46:50+00:00
order_0000001566,cust_0501,26448.74,2025-11-29T13:10:24+00:00
order_0000001567,cust_0101,188957.27,2025-11-04T08:08:20+00:00
order_0000001568,cust_0714,8150.58,2025-11-01T10:16:49+00:00
order_0000001569,cust_0790,3963.10,2025-11-21T07:38:45+00:00
order_0000001570,cust_0542,74738.00,2025-11-17T07:55:25+00:00
order_0000001571,cust_0180,8226.00,2025-11-04T17:32:10+00:00
order_0000001572,cust_0887,6844.48,2025-11-08T08:02:17+00:00
order_0000001573,cust_0458,140351.00,2025-11-30T08:39:47+00:00
order_0000001574,cust_0594,8746.60,2025-11-18T05:10:30+00:00
order_0000001575,cust_0550,190437.64,2025-11-30T11:59:11+00:00
order_0000001576,cust_0839,3466.00,2025-11-29T10:06:35+00:00
order_0000001577,cust_0743,35586.00,2025-11-02T07:01:53+00:00
order_0000001578,cust_0420,23473.00,2025-11-30T03:41:40+00:00
order_0000001579,cust_0236,205262.00,2025-11-26T16:22:01+00:00
order_0000001580,cust_0504,3236.33,2025-11-16T02:13:59+00:00
order_0000001581,cust_0036,99200.26,2025-11-10T13:32:10+00:00
order_0000001582,cust_0114,234905.96,2025-11-21T16:44:18+00:00
order_0000001583,cust_0323,42040.65,2025-11-24T00:45:41+00:00
order_0000001584,cust_0674,23191.39,2025-11-19T08:46:49+00:00
order_0000001585,cust_0297,49928.99,2025-11-14T15:45:29+00:00
order_0000001586,cust_0549,5100.67,2025-11-17T06:13:46+00:00
order_0000001587,cust_0853,16056.40,2025-11-02T15:18:57+00:00
order_0000001588,cust_0386,3018.99,2025-11-13T09:41:50+00:00
order_0000001589,cust_0071,5388.99,2025-11-01T07:04:40+00:00
order_0000001590,cust_0358,2729.99,2025-11-07T17:51:32+00:00
order_0000001591,cust_0610,21027.99,2025-11-16T08:19:29+00:00
order_0000001592,cust_0577,22980.64,2025-11-09T04:27:06+00:00
order_0000001593,cust_0740,41765.00,2025-11-10T07:40:29+00:00
order_0000001594,cust_0883,4519.00,2025-11-06T15:34:35+00:00
order_0000001595,cust_0534,25344.00,2025-11-01T14:31:04+00:00
order_0000001596,cust_0225,25109.36,2025-11-16T13:22:46+00:00
order_0000001597,cust_0531,27235.89,2025-11-03T06:24:52+00:00
order_0000001598,cust_0281,5077.15,2025-11-11T07:46:12+00:00
order_0000001599,cust_0562,119580.72,2025-11-23T04:48:15+00:00
order_0000001600,cust_0802,17510.29,2025-11-13T18:16:35+00:00
order_0000001601,cust_0778,220074.68,2025-11-19T17:21:21+00:00
order_0000001602,cust_0035,8338.99,2025-11-22T12:57:42+00:00
order_0000001603,cust_0462,115162.00,2025-11-20T15:08:11+00:00
order_0000001604,cust_0116,5237.40,2025-11-09T02:07:12+00:00
order_0000001605,cust_0359,17752.14,2025-11-10T06:52:17+00:00
order_0000001606,cust_0324,26221.00,2025-11-17T14:14:38+00:00
order_0000001607,cust_0009,55814.00,2025-11-28T08:58:58+00:00
order_0000001608,cust_0289,19004.29,2025-11-15T19:41:16+00:00
order_0000001609,cust_0611,3102.10,2025-11-20T22:59:11+00:00
order_0000001610,cust_0652,10385.93,2025-11-19T14:00:10+00:00
order_0000001611,cust_0339,35176.43,2025-11-04T13:10:51+00:00
order_0000001612,cust_0070,39239.00,2025-11-04T17:06:40+00:00
order_0000001613,cust_0085,17365.00,2025-11-23T15:08:53+00:00
order_0000001614,cust_0877,20707.92,2025-11-16T15:30:24+00:00
order_0000001615,cust_0463,30251.00,2025-11-03T05:56:01+00:00
order_0000001616,cust_0763,175415.40,2025-11-11T06:58:06+00:00
order_0000001617,cust_0718,242355.38,2025-11-27T16:18:46+00:00
order_0000001618,cust_0834,34877.00,2025-11-07T17:20:52+00:00
order_0000001619,cust_0138,24971.66,2025-11-20T17:19:11+00:00
order_0000001620,cust_0579,10571.49,2025-11-17T13:18:19+00:00
order_0000001621,cust_0850,7298.30,2025-11-13T09:06:01+00:00
order_0000001622,cust_0117,6547.00,2025-11-02T15:38:57+00:00
order_0000001623,cust_0400,42113.99,2025-11-05T21:00:52+00:00
order_0000001624,cust_0321,19577.00,2025-11-07T00:15:24+00:00
order_0000001625,cust_0550,164272.16,2025-11-19T08:03:12+00:00
order_0000001626,cust_0368,19728.89,2025-11-17T18:12:43+00:00
order_0000001627,cust_0238,43210.99,2025-11-20T07:14:59+00:00
order_0000001628,cust_0127,75036.42,2025-11-12T09:49:29+00:00
order_0000001629,cust_0843,2891.00,2025-11-30T10:43:33+00:00
order_0000001630,cust_0042,15871.00,2025-11-18T03:49:31+00:00
order_0000001631,cust_0426,2676.00,2025-11-30T12:51:36+00:00
order_0000001632,cust_0458,18371.49,2025-11-29T05:32:25+00:00
order_0000001633,cust_0558,13473.00,2025-11-24T08:45:45+00:00
order_0000001634,cust_0195,28177.99,2025-11-27T12:42:06+00:00
order_0000001635,cust_0800,10543.00,2025-11-20T14:03:34+00:00
order_0000001636,cust_0803,4612.66,2025-11-16T17:59:34+00:00
order_0000001637,cust_0316,55046.99,2025-11-14T11:59:40+00:00
order_0000001638,cust_0448,234160.29,2025-11-09T09:38:48+00:00
order_0000001639,cust_0741,14516.99,2025-11-25T10:05:19+00:00
order_0000001640,cust_0400,21830.00,2025-11-29T06:15:29+00:00
order_0000001641,cust_0555,162024.01,2025-11-05T01:24:01+00:00
order_0000001642,cust_0756,28833.43,2025-11-14T12:20:27+00:00
order_0000001643,cust_0460,2797.83,2025-11-27T08:37:32+00:00
order_0000001644,cust_0838,213733.00,2025-11-03T13:00:57+00:00
order_0000001645,cust_0809,74535.00,2025-11-11T06:35:18+00:00
order_0000001646,cust_0557,20434.70,2025-11-20T13:12:19+00:00
order_0000001647,cust_0370,38412.05,2025-11-17T17:20:44+00:00
order_0000001648,cust_0812,40557.00,2025-11-08T18:01:13+00:00
order_0000001649,cust_0477,38771.47,2025-11-19T09:26:22+00:00
order_0000001650,cust_0653,30822.99,2025-11-21T14:04:58+00:00
order_0000001651,cust_0242,21447.14,2025-11-19T00:25:55+00:00
order_0000001652,cust_0122,193904.81,2025-11-18T13:34:14+00:00
order_0000001653,cust_0272,4285.36,2025-11-17T13:36:02+00:00
order_0000001654,cust_0709,31267.99,2025-11-07T04:43:17+00:00
order_0000001655,cust_0424,13757.67,2025-11-01T14:12:41+00:00
order_0000001656,cust_0525,17204.11,2025-11-10T09:25:02+00:00
order_0000001657,cust_0355,32241.99,2025-11-19T16:12:41+00:00
order_0000001658,cust_0569,18565.12,2025-11-16T07:35:00+00:00
order_0000001659,cust_0072,6570.20,2025-11-14T16:53:37+00:00
order_0000001660,cust_0616,5905.81,2025-11-10T16:23:29+00:00
order_0000001661,cust_0012,8276.00,2025-11-17T07:22:40+00:00
order_0000001662,cust_0118,5976.99,2025-11-13T13:11:25+00:00
order_0000001663,cust_0387,49753.99,2025-11-03T01:11:53+00:00
order_0000001664,cust_0573,9830.00,2025-11-11T11:01:53+00:00
order_0000001665,cust_0128,192403.00,2025-11-09T18:07:39+00:00
order_0000001666,cust_0258,2301.00,2025-11-24T15:20:35+00:00
order_0000001667,cust_0263,2900.88,2025-11-27T06:55:55+00:00
order_0000001668,cust_0137,18584.38,2025-11-22T06:45:58+00:00
order_0000001669,cust_0574,38570.14,2025-11-22T06:15:39+00:00
order_0000001670,cust_0684,4604.00,2025-11-18T09:05:54+00:00
order_0000001671,cust_0310,23856.93,2025-11-20T14:32:39+00:00
order_0000001672,cust_0690,39152.99,2025-11-21T07:10:47+00:00
order_0000001673,cust_0079,6133.52,2025-11-10T16:47:47+00:00
order_0000001674,cust_0238,2794.99,2025-11-14T11:54:06+00:00
order_0000001675,cust_0635,5732.00,2025-11-29T16:54:12+00:00
order_0000001676,cust_0411,35015.00,2025-11-17T12:37:06+00:00
order_0000001677,cust_0285,5825.91,2025-11-06T15:05:40+00:00
order_0000001678,cust_0727,30830.93,2025-11-03T12:48:18+00:00
order_0000001679,cust_0623,3909.00,2025-11-13T12:50:09+00:00
order_0000001680,cust_0069,5664.99,2025-11-09T16:41:26+00:00
order_0000001681,cust_0570,9637.99,2025-11-04T03:27:24+00:00
order_0000001682,cust_0427,9531.99,2025-11-18T07:33:55+00:00
order_0000001683,cust_0870,68265.53,2025-11-19T00:53:45+00:00
order_0000001684,cust_0185,79269.00,2025-11-07T07:30:03+00:00
order_0000001685,cust_0039,5956.00,2025-11-23T13:39:40+00:00
order_0000001686,cust_0268,9127.91,2025-11-18T02:06:10+00:00
order_0000001687,cust_0531,180560.00,2025-11-18T11:49:47+00:00
order_0000001688,cust_0482,40521.00,2025-11-16T02:20:41+00:00
order_0000001689,cust_0256,30609.81,2025-11-06T06:51:24+00:00
order_0000001690,cust_0829,24586.80,2025-11-30T12:15:51+00:00
order_0000001691,cust_0157,227468.00,2025-11-05T10:20:38+00:00
order_0000001692,cust_0355,8379.89,2025-11-21T12:38:10+00:00
order_0000001693,cust_0053,21987.54,2025-11-21T06:06:09+00:00
order_0000001694,cust_0475,3228.00,2025-11-09T03:47:19+00:00
order_0000001695,cust_0636,30223.99,2025-11-04T00:39:48+00:00
order_0000001696,cust_0032,134259.00,2025-11-05T05:26:42+00:00
order_0000001697,cust_0897,2962.79,2025-11-11T09:30:46+00:00
order_0000001698,cust_0789,192639.43,2025-11-25T04:31:52+00:00
order_0000001699,cust_0091,105271.40,2025-11-05T13:52:33+00:00
order_0000001700,cust_0051,3049.92,2025-11-03T04:31:06+00:00
order_0000001701,cust_0374,16622.68,2025-11-19T18:43:55+00:00
order_0000001702,cust_0420,34396.65,2025-11-22T09:35:50+00:00
order_0000001703,cust_0510,81950.99,2025-11-09T20:21:33+00:00
order_0000001704,cust_0152,19003.09,2025-11-04T13:38:27+00:00
order_0000001705,cust_0662,42861.68,2025-11-29T01:20:07+00:00
order_0000001706,cust_0551,4319.70,2025-11-09T15:49:56+00:00
order_0000001707,cust_0214,6191.64,2025-11-15T17:33:29+00:00
order_0000001708,cust_0357,28993.70,2025-11-09T08:46:10+00:00
order_0000001709,cust_0308,2603.99,2025-11-05T02:08:58+00:00
order_0000001710,cust_0389,25063.36,2025-11-28T13:00:41+00:00
order_0000001711,cust_0392,4503.68,2025-11-23T01:36:03+00:00
order_0000001712,cust_0293,18356.00,2025-11-10T17:19:43+00:00
order_0000001713,cust_0513,35116.00,2025-11-05T10:40:45+00:00
order_0000001714,cust_0321,21275.00,2025-11-08T02:33:01+00:00
order_0000001715,cust_0336,235357.00,2025-11-19T17:44:10+00:00
order_0000001716,cust_0572,149702.12,2025-11-28T12:19:32+00:00
order_0000001717,cust_0587,137028.00,2025-11-26T11:48:54+00:00
order_0000001718,cust_0803,205976.91,2025-11-19T06:49:42+00:00
order_0000001719,cust_0636,8841.00,2025-11-28T03:26:51+00:00
order_0000001720,cust_0852,29951.26,2025-11-20T10:19:18+00:00
order_0000001721,cust_0298,25538.00,2025-11-04T12:03:18+00:00
order_0000001722,cust_0777,80483.05,2025-11-06T11:19:35+00:00
order_0000001723,cust_0740,41209.20,2025-11-09T14:21:37+00:00
order_0000001724,cust_0573,231327.00,2025-11-05T02:23:44+00:00
order_0000001725,cust_0694,40842.00,2025-11-12T08:18:47+00:00
order_0000001726,cust_0451,42034.92,2025-11-07T15:39:13+00:00
order_0000001727,cust_0439,6413.99,2025-11-25T07:47:25+00:00
order_0000001728,cust_0577,3889.00,2025-11-28T08:26:04+00:00
order_0000001729,cust_0383,32393.00,2025-11-23T05:21:05+00:00
order_0000001730,cust_0599,31738.00,2025-11-01T11:18:40+00:00
order_0000001731,cust_0537,30942.32,2025-11-03T09:25:48+00:00
order_0000001732,cust_0607,37446.50,2025-11-14T10:36:15+00:00
order_0000001733,cust_0062,7878.58,2025-11-14T00:46:02+00:00
order_0000001734,cust_0014,29035.77,2025-11-05T08:44:25+00:00
order_0000001735,cust_0520,40240.00,2025-10-31T21:12:09+00:00
order_0000001736,cust_0319,25756.52,2025-11-30T12:01:17+00:00
order_0000001737,cust_0462,192895.72,2025-11-10T18:06:48+00:00
order_0000001738,cust_0872,26988.02,2025-11-15T07:51:16+00:00
order_0000001739,cust_0807,26789.00,2025-11-09T11:48:25+00:00
order_0000001740,cust_0302,214233.60,2025-11-24T16:14:44+00:00
order_0000001741,cust_0207,4198.99,2025-11-24T10:39:06+00:00
order_0000001742,cust_0866,114353.00,2025-11-03T15:23:40+00:00
order_0000001743,cust_0411,5548.99,2025-11-11T07:47:40+00:00
order_0000001744,cust_0335,33895.28,2025-11-26T01:12:44+00:00
order_0000001745,cust_0570,44654.00,2025-11-12T03:10:19+00:00
order_0000001746,cust_0159,8751.99,2025-11-11T09:19:40+00:00
order_0000001747,cust_0365,4746.05,2025-11-16T19:20:21+00:00
order_0000001748,cust_0674,24292.00,2025-11-27T21:32:25+00:00
order_0000001749,cust_0482,17398.00,2025-11-18T09:03:26+00:00
order_0000001750,cust_0752,61209.89,2025-11-15T04:16:10+00:00
order_0000001751,cust_0216,35689.88,2025-11-11T16:45:58+00:00
order_0000001752,cust_0516,2132.62,2025-11-05T21:02:25+00:00
order_0000001753,cust_0492,5692.00,2025-11-10T08:40:39+00:00
order_0000001754,cust_0685,10013.23,2025-11-02T20:33:05+00:00
order_0000001755,cust_0237,21158.55,2025-11-30T11:16:02+00:00
order_0000001756,cust_0294,41027.32,2025-11-19T07:55:31+00:00
order_0000001757,cust_0612,9913.97,2025-11-17T21:48:54+00:00
order_0000001758,cust_0735,19555.47,2025-11-26T17:22:20+00:00
order_0000001759,cust_0209,7663.99,2025-11-02T23:59:22+00:00
order_0000001760,cust_0358,17569.00,2025-11-24T08:24:01+00:00
order_0000001761,cust_0784,26148.07,2025-11-29T13:48:34+00:00
order_0000001762,cust_0504,68815.35,2025-11-30T15:21:48+00:00
order_0000001763,cust_0565,111923.99,2025-11-12T08:49:30+00:00
order_0000001764,cust_0690,7930.00,2025-11-14T23:05:51+00:00
order_0000001765,cust_0579,17791.00,2025-11-16T15:10:19+00:00
order_0000001766,cust_0591,7155.94,2025-11-07T14:40:10+00:00
order_0000001767,cust_0245,138395.43,2025-11-05T16:29:43+00:00
order_0000001768,cust_0004,7609.34,2025-11-07T09:33:17+00:00
order_0000001769,cust_0813,232463.53,2025-11-18T02:41:50+00:00
order_0000001770,cust_0836,2515.69,2025-11-16T12:49:38+00:00
order_0000001771,cust_0447,5275.00,2025-11-11T02:49:20+00:00
order_0000001772,cust_0091,43040.19,2025-11-23T02:52:54+00:00
order_0000001773,cust_0007,26515.99,2025-11-27T16:51:24+00:00
order_0000001774,cust_0382,186714.96,2025-11-29T09:52:49+00:00
order_0000001775,cust_0485,24302.90,2025-11-27T16:49:22+00:00
order_0000001776,cust_0441,35699.99,2025-11-10T01:46:29+00:00
order_0000001777,cust_0782,29567.00,2025-11-23T13:19:09+00:00
order_0000001778,cust_0010,5815.28,2025-11-08T12:30:51+00:00
order_0000001779,cust_0479,36341.06,2025-11-19T17:12:36+00:00
order_0000001780,cust_0575,4198.00,2025-11-22T16:06:09+00:00
order_0000001781,cust_0291,4096.88,2025-11-08T06:14:51+00:00
order_0000001782,cust_0281,48143.82,2025-11-18T01:15:56+00:00
order_0000001783,cust_0347,35744.50,2025-11-19T17:33:56+00:00
order_0000001784,cust_0528,2237.20,2025-11-14T03:53:05+00:00
order_0000001785,cust_0186,42598.51,2025-11-13T22:33:16+00:00
order_0000001786,cust_0580,31951.87,2025-11-30T10:36:19+00:00
order_0000001787,cust_0627,30622.07,2025-11-15T18:06:30+00:00
order_0000001788,cust_0374,187382.29,2025-11-05T08:16:56+00:00
order_0000001789,cust_0802,62956.42,2025-11-18T13:23:38+00:00
order_0000001790,cust_0432,7651.43,2025-11-25T05:06:39+00:00
order_0000001791,cust_0219,36320.66,2025-11-06T15:23:38+00:00
order_0000001792,cust_0741,5444.10,2025-11-27T06:44:17+00:00
order_0000001793,cust_0741,37912.00,2025-11-30T14:45:32+00:00
order_0000001794,cust_0214,15735.00,2025-11-07T09:33:04+00:00
order_0000001795,cust_0157,233266.63,2025-11-29T16:50:25+00:00
order_0000001796,cust_0001,37055.12,2025-11-27T16:31:46+00:00
order_0000001797,cust_0351,31476.68,2025-11-05T20:23:11+00:00
order_0000001798,cust_0462,105544.99,2025-11-25T15:08:46+00:00
order_0000001799,cust_0851,5750.00,2025-11-26T11:56:10+00:00
order_0000001800,cust_0571,204824.00,2025-11-12T14:20:21+00:00
order_0000001801,cust_0621,28783.75,2025-11-22T06:27:59+00:00
order_0000001802,cust_0316,28783.75,2025-11-22T06:27:59+00:00
order_0000001803,cust_0468,2642.51,2025-11-08T06:27:59+00:00
order_0000001804,cust_0837,2642.51,2025-11-08T06:27:59+00:00
order_0000001805,cust_0473,171251.58,2025-11-14T06:27:59+00:00
order_0000001806,cust_0842,171251.58,2025-11-14T06:27:59+00:00
