payment_id,order_id,amount,method,status,created_at_ist
pay_00000000000001,order_0000000001,9859.99,upi,captured,2025-11-22T07:31:38+05:30
pay_00000000000002,order_0000000002,31056.00,netbanking,captured,2025-11-14T21:19:05+05:30
pay_00000000000003,order_0000000003,8569.27,upi,captured,2025-11-12T10:23:13+05:30
pay_00000000000004,order_0000000004,144861.14,netbanking,captured,2025-11-18T18:45:05+05:30
pay_00000000000005,order_0000000005,17011.00,netbanking,captured,2025-11-18T13:31:10+05:30
pay_00000000000006,order_0000000006,118315.00,netbanking,captured,2025-11-13T19:08:04+05:30
pay_00000000000007,order_0000000007,23327.99,card,captured,2025-11-02T03:08:26+05:30
pay_00000000000008,order_0000000008,40296.49,wallet,captured,2025-11-03T07:27:55+05:30
pay_00000000000009,order_0000000009,6411.00,netbanking,captured,2025-11-17T12:11:57+05:30
pay_00000000000010,order_0000000010,17311.64,wallet,captured,2025-11-06T09:02:22+05:30
pay_00000000000011,order_0000000011,74273.12,netbanking,captured,2025-11-11T17:49:58+05:30
pay_00000000000012,order_0000000012,34080.99,netbanking,captured,2025-11-15T13:12:40+05:30
pay_00000000000013,order_0000000013,9279.45,wallet,captured,2025-11-07T22:59:36+05:30
pay_00000000000014,order_0000000014,35962.66,netbanking,failed,2025-11-02T13:45:22+05:30
pay_00000000000015,order_0000000015,4909.40,netbanking,captured,2025-11-15T16:00:49+05:30
pay_00000000000016,order_0000000016,14230.91,card,captured,2025-11-13T07:25:35+05:30
pay_00000000000017,order_0000000017,39551.18,upi,captured,2025-11-05T23:14:51+05:30
pay_00000000000018,order_0000000018,39054.00,wallet,captured,2025-11-06T10:17:04+05:30
pay_00000000000019,order_0000000019,3678.07,netbanking,captured,2025-11-28T11:46:41+05:30
pay_00000000000020,order_0000000020,37998.00,netbanking,captured,2025-11-05T01:08:49+05:30
pay_00000000000021,order_0000000021,6672.00,card,captured,2025-11-02T12:19:15+05:30
pay_00000000000022,order_0000000022,2377.48,netbanking,captured,2025-11-29T20:23:36+05:30
pay_00000000000023,order_0000000023,73313.67,card,captured,2025-11-26T23:58:43+05:30
pay_00000000000024,order_0000000024,25994.44,wallet,captured,2025-11-11T21:46:45+05:30
pay_00000000000025,order_0000000025,6471.21,netbanking,captured,2025-11-11T09:43:01+05:30
pay_00000000000026,order_0000000026,37806.92,wallet,captured,2025-11-17T15:13:47+05:30
pay_00000000000027,order_0000000027,36183.38,card,failed,2025-11-17T06:40:07+05:30
pay_00000000000028,order_0000000028,25006.00,card,captured,2025-11-21T16:32:04+05:30
pay_00000000000029,order_0000000029,35304.85,card,captured,2025-11-10T00:15:33+05:30
pay_00000000000030,order_0000000030,43603.99,upi,captured,2025-11-30T22:58:23+05:30
pay_00000000000031,order_0000000031,4618.54,wallet,captured,2025-11-04T18:06:22+05:30
pay_00000000000032,order_0000000032,16379.17,wallet,captured,2025-11-24T06:17:28+05:30
pay_00000000000033,order_0000000033,17957.00,card,captured,2025-11-21T22:54:36+05:30
pay_00000000000034,order_0000000034,158119.69,netbanking,captured,2025-11-08T20:59:54+05:30
pay_00000000000035,order_0000000035,6047.09,card,captured,2025-11-18T19:09:26+05:30
pay_00000000000036,order_0000000036,32511.00,netbanking,captured,2025-11-27T23:20:54+05:30
pay_00000000000037,order_0000000037,13428.99,netbanking,captured,2025-11-29T10:05:34+05:30
pay_00000000000038,order_0000000038,19104.91,netbanking,captured,2025-11-17T20:49:52+05:30
pay_00000000000039,order_0000000039,169312.00,upi,failed,2025-11-18T23:52:23+05:30
pay_00000000000040,order_0000000040,8873.06,card,captured,2025-11-16T08:01:59+05:30
pay_00000000000041,order_0000000041,22235.99,wallet,captured,2025-11-09T16:05:47+05:30
pay_00000000000042,order_0000000042,23642.24,upi,captured,2025-11-24T14:59:50+05:30
pay_00000000000043,order_0000000043,21853.74,netbanking,captured,2025-11-30T06:13:44+05:30
pay_00000000000044,order_0000000044,39393.35,upi,captured,2025-11-05T08:15:16+05:30
pay_00000000000045,order_0000000045,4732.39,wallet,captured,2025-11-12T12:41:33+05:30
pay_00000000000046,order_0000000046,39723.99,netbanking,captured,2025-11-18T14:06:53+05:30
pay_00000000000047,order_0000000047,29766.54,card,captured,2025-11-20T10:02:10+05:30
pay_00000000000048,order_0000000048,248736.00,netbanking,captured,2025-11-20T17:36:50+05:30
pay_00000000000049,order_0000000049,245591.14,card,failed,2025-11-29T10:14:38+05:30
pay_00000000000050,order_0000000050,44863.70,netbanking,captured,2025-11-07T22:00:53+05:30
pay_00000000000051,order_0000000051,10573.99,upi,captured,2025-11-21T17:19:58+05:30
pay_00000000000052,order_0000000052,8674.00,upi,captured,2025-11-14T02:09:04+05:30
pay_00000000000053,order_0000000053,39549.67,upi,captured,2025-11-16T15:49:01+05:30
pay_00000000000054,order_0000000054,12026.00,netbanking,captured,2025-11-23T19:04:08+05:30
pay_00000000000055,order_0000000055,6651.90,netbanking,captured,2025-11-07T21:06:47+05:30
pay_00000000000056,order_0000000056,92771.00,card,failed,2025-11-27T23:57:50+05:30
pay_00000000000057,order_0000000057,159642.72,netbanking,captured,2025-11-14T22:01:59+05:30
pay_00000000000058,order_0000000058,52424.86,wallet,captured,2025-11-30T19:32:18+05:30
pay_00000000000059,order_0000000059,38133.57,netbanking,captured,2025-11-23T19:54:43+05:30
pay_00000000000060,order_0000000060,19997.00,card,captured,2025-11-24T15:28:32+05:30
pay_00000000000061,order_0000000061,14478.97,netbanking,captured,2025-11-21T19:10:21+05:30
pay_00000000000062,order_0000000062,8609.37,netbanking,captured,2025-11-27T04:15:49+05:30
pay_00000000000063,order_0000000063,109359.00,wallet,captured,2025-11-17T20:42:21+05:30
pay_00000000000064,order_0000000064,35470.51,netbanking,captured,2025-11-12T06:32:46+05:30
pay_00000000000065,order_0000000065,26432.00,wallet,captured,2025-11-24T17:13:22+05:30
pay_00000000000066,order_0000000066,174904.87,wallet,captured,2025-11-12T18:48:01+05:30
pay_00000000000067,order_0000000067,5014.99,upi,failed,2025-11-25T23:51:00+05:30
pay_00000000000068,order_0000000068,41399.99,wallet,captured,2025-11-11T14:26:11+05:30
pay_00000000000069,order_0000000069,241373.00,netbanking,captured,2025-11-26T22:35:40+05:30
pay_00000000000070,order_0000000070,204825.00,netbanking,captured,2025-11-07T16:42:30+05:30
pay_00000000000071,order_0000000071,18234.99,wallet,failed,2025-11-28T14:44:14+05:30
pay_00000000000072,order_0000000072,23495.99,upi,captured,2025-11-26T21:10:16+05:30
pay_00000000000073,order_0000000073,22921.41,netbanking,captured,2025-11-19T12:52:25+05:30
pay_00000000000074,order_0000000074,44883.00,upi,captured,2025-11-30T22:53:00+05:30
pay_00000000000075,order_0000000075,18591.00,netbanking,captured,2025-11-15T01:38:52+05:30
pay_00000000000076,order_0000000076,126065.00,wallet,captured,2025-11-12T12:34:57+05:30
pay_00000000000077,order_0000000077,23217.22,netbanking,captured,2025-11-14T05:52:49+05:30
pay_00000000000078,order_0000000078,30091.99,netbanking,captured,2025-11-12T10:16:59+05:30
pay_00000000000079,order_0000000079,23610.90,upi,captured,2025-11-29T17:57:04+05:30
pay_00000000000080,order_0000000080,9706.00,card,captured,2025-11-18T13:10:14+05:30
pay_00000000000081,order_0000000081,7949.00,netbanking,captured,2025-11-16T22:45:00+05:30
pay_00000000000082,order_0000000082,69806.99,card,failed,2025-11-21T16:24:53+05:30
pay_00000000000083,order_0000000083,4461.00,wallet,captured,2025-11-06T11:09:16+05:30
pay_00000000000084,order_0000000084,8825.81,wallet,captured,2025-11-01T08:32:55+05:30
pay_00000000000085,order_0000000085,12954.00,upi,captured,2025-11-19T18:29:00+05:30
pay_00000000000086,order_0000000086,42063.67,netbanking,captured,2025-11-23T01:18:11+05:30
pay_00000000000087,order_0000000087,32174.99,wallet,captured,2025-11-18T05:55:43+05:30
pay_00000000000088,order_0000000088,4137.32,netbanking,captured,2025-11-05T17:46:44+05:30
pay_00000000000089,order_0000000089,5812.00,card,captured,2025-11-02T16:43:32+05:30
pay_00000000000090,order_0000000090,92589.23,wallet,captured,2025-11-20T07:56:32+05:30
pay_00000000000091,order_0000000091,5181.98,netbanking,captured,2025-11-14T10:10:50+05:30
pay_00000000000092,order_0000000092,6157.83,netbanking,captured,2025-11-03T19:34:26+05:30
pay_00000000000093,order_0000000093,31665.76,wallet,captured,2025-11-01T21:49:33+05:30
pay_00000000000094,order_0000000094,24139.00,netbanking,captured,2025-11-14T22:26:10+05:30
pay_00000000000095,order_0000000095,16869.00,wallet,captured,2025-11-03T16:14:39+05:30
pay_00000000000096,order_0000000096,14189.98,wallet,captured,2025-11-07T15:22:34+05:30
pay_00000000000097,order_0000000097,134938.60,card,captured,2025-11-14T18:18:10+05:30
pay_00000000000098,order_0000000098,4623.70,wallet,failed,2025-11-15T08:39:58+05:30
pay_00000000000099,order_0000000099,27898.19,wallet,captured,2025-11-07T21:26:17+05:30
pay_00000000000100,order_0000000100,6993.07,netbanking,captured,2025-11-05T11:57:37+05:30
pay_00000000000101,order_0000000101,31337.81,wallet,captured,2025-11-22T16:05:48+05:30
pay_00000000000102,order_0000000102,164741.23,netbanking,captured,2025-11-10T11:02:23+05:30
pay_00000000000103,order_0000000103,158413.91,netbanking,captured,2025-11-10T01:34:41+05:30
pay_00000000000104,order_0000000104,25904.64,netbanking,captured,2025-11-20T15:29:55+05:30
pay_00000000000105,order_0000000105,8101.00,card,captured,2025-11-22T18:19:05+05:30
pay_00000000000106,order_0000000106,77456.31,netbanking,captured,2025-11-05T06:10:26+05:30
pay_00000000000107,order_0000000107,6720.00,card,captured,2025-11-03T13:31:35+05:30
pay_00000000000108,order_0000000108,41445.99,wallet,captured,2025-11-18T08:49:58+05:30
pay_00000000000109,order_0000000109,3964.00,upi,captured,2025-11-29T21:27:47+05:30
pay_00000000000110,order_0000000110,133616.15,card,captured,2025-11-19T17:46:05+05:30
pay_00000000000111,order_0000000111,7491.99,wallet,captured,2025-11-25T13:34:21+05:30
pay_00000000000112,order_0000000112,34418.68,wallet,captured,2025-11-28T19:27:38+05:30
pay_00000000000113,order_0000000113,173714.87,wallet,failed,2025-11-29T10:37:51+05:30
pay_00000000000114,order_0000000114,18007.00,netbanking,failed,2025-11-01T07:30:27+05:30
pay_00000000000115,order_0000000115,32316.81,netbanking,captured,2025-11-30T16:50:31+05:30
pay_00000000000116,order_0000000116,36638.00,netbanking,captured,2025-11-29T21:45:36+05:30
pay_00000000000117,order_0000000117,27105.58,wallet,captured,2025-11-27T12:53:05+05:30
pay_00000000000118,order_0000000118,42077.00,netbanking,captured,2025-11-26T10:17:55+05:30
pay_00000000000119,order_0000000119,5340.00,netbanking,captured,2025-11-04T18:06:29+05:30
pay_00000000000120,order_0000000120,28348.99,netbanking,captured,2025-11-15T20:34:29+05:30
pay_00000000000121,order_0000000121,7219.87,netbanking,captured,2025-11-16T12:01:26+05:30
pay_00000000000122,order_0000000122,18110.99,netbanking,captured,2025-11-25T02:50:45+05:30
pay_00000000000123,order_0000000123,10279.68,card,captured,2025-11-20T18:44:55+05:30
pay_00000000000124,order_0000000124,19846.99,netbanking,captured,2025-11-22T11:18:27+05:30
pay_00000000000125,order_0000000125,170100.00,netbanking,captured,2025-11-09T06:44:14+05:30
pay_00000000000126,order_0000000126,2644.83,card,captured,2025-11-04T17:26:01+05:30
pay_00000000000127,order_0000000127,38866.22,card,captured,2025-11-30T17:02:21+05:30
pay_00000000000128,order_0000000128,3711.74,wallet,captured,2025-11-26T19:56:28+05:30
pay_00000000000129,order_0000000129,13772.89,wallet,captured,2025-11-27T20:55:29+05:30
pay_00000000000130,order_0000000130,2657.88,netbanking,captured,2025-11-09T21:03:42+05:30
pay_00000000000131,order_0000000131,22261.34,netbanking,captured,2025-11-06T13:01:32+05:30
pay_00000000000132,order_0000000132,23686.90,wallet,captured,2025-11-25T20:14:05+05:30
pay_00000000000133,order_0000000133,29148.00,netbanking,captured,2025-11-27T21:40:27+05:30
pay_00000000000134,order_0000000134,29294.69,upi,captured,2025-11-24T12:45:54+05:30
pay_00000000000135,order_0000000135,16172.05,netbanking,captured,2025-11-20T23:52:02+05:30
pay_00000000000136,order_0000000136,8690.41,wallet,failed,2025-11-27T15:18:49+05:30
pay_00000000000137,order_0000000137,34645.99,netbanking,captured,2025-11-26T06:36:19+05:30
pay_00000000000138,order_0000000138,164194.88,netbanking,captured,2025-11-28T17:27:27+05:30
pay_00000000000139,order_0000000139,11958.38,netbanking,captured,2025-11-20T07:44:52+05:30
pay_00000000000140,order_0000000140,35511.99,card,captured,2025-11-26T12:46:46+05:30
pay_00000000000141,order_0000000141,152555.33,netbanking,captured,2025-11-01T13:22:07+05:30
pay_00000000000142,order_0000000142,235430.49,netbanking,captured,2025-11-26T17:08:04+05:30
pay_00000000000143,order_0000000143,7569.51,upi,captured,2025-11-19T19:30:38+05:30
pay_00000000000144,order_0000000144,164529.00,netbanking,captured,2025-11-14T10:43:51+05:30
pay_00000000000145,order_0000000145,25011.00,netbanking,captured,2025-11-11T20:14:51+05:30
pay_00000000000146,order_0000000146,8856.99,card,captured,2025-11-01T09:39:37+05:30
pay_00000000000147,order_0000000147,34203.00,netbanking,captured,2025-11-22T02:20:54+05:30
pay_00000000000148,order_0000000148,47537.15,netbanking,captured,2025-11-25T19:20:50+05:30
pay_00000000000149,order_0000000149,6344.00,netbanking,captured,2025-11-28T19:23:18+05:30
pay_00000000000150,order_0000000150,2784.00,netbanking,captured,2025-11-19T20:14:46+05:30
pay_00000000000151,order_0000000151,210480.00,upi,captured,2025-11-09T16:05:56+05:30
pay_00000000000152,order_0000000152,3710.85,upi,captured,2025-11-26T17:00:18+05:30
pay_00000000000153,order_0000000153,86719.00,wallet,captured,2025-11-27T18:00:10+05:30
pay_00000000000154,order_0000000154,3609.24,card,failed,2025-11-28T14:25:43+05:30
pay_00000000000155,order_0000000155,28673.00,upi,captured,2025-11-25T04:05:17+05:30
pay_00000000000156,order_0000000156,9993.00,netbanking,captured,2025-11-20T17:57:11+05:30
pay_00000000000157,order_0000000157,10794.00,card,failed,2025-11-10T07:53:32+05:30
pay_00000000000158,order_0000000158,16766.99,netbanking,captured,2025-11-03T14:27:30+05:30
pay_00000000000159,order_0000000159,8581.99,netbanking,captured,2025-11-10T22:34:01+05:30
pay_00000000000160,order_0000000160,22690.38,upi,captured,2025-11-24T23:09:11+05:30
pay_00000000000161,order_0000000161,25072.78,wallet,captured,2025-11-08T11:07:03+05:30
pay_00000000000162,order_0000000162,7911.96,card,captured,2025-11-30T22:40:11+05:30
pay_00000000000163,order_0000000163,37641.08,netbanking,captured,2025-11-03T08:47:28+05:30
pay_00000000000164,order_0000000164,6628.58,netbanking,captured,2025-11-16T00:08:46+05:30
pay_00000000000165,order_0000000165,42480.00,netbanking,captured,2025-11-13T12:00:21+05:30
pay_00000000000166,order_0000000166,20481.00,wallet,failed,2025-11-20T14:12:07+05:30
pay_00000000000167,order_0000000167,27455.00,card,captured,2025-11-12T12:03:07+05:30
pay_00000000000168,order_0000000168,248307.99,upi,captured,2025-11-17T17:14:36+05:30
pay_00000000000169,order_0000000169,37370.99,card,captured,2025-11-25T16:50:58+05:30
pay_00000000000170,order_0000000170,90011.18,netbanking,captured,2025-11-19T08:32:49+05:30
pay_00000000000171,order_0000000171,23713.82,netbanking,captured,2025-11-06T18:16:06+05:30
pay_00000000000172,order_0000000172,232113.95,netbanking,captured,2025-11-18T18:19:21+05:30
pay_00000000000173,order_0000000173,195333.55,upi,captured,2025-11-20T20:30:36+05:30
pay_00000000000174,order_0000000174,24434.99,netbanking,captured,2025-11-23T17:12:57+05:30
pay_00000000000175,order_0000000175,5623.45,wallet,captured,2025-11-29T23:30:42+05:30
pay_00000000000176,order_0000000176,32390.00,upi,captured,2025-11-11T12:35:25+05:30
pay_00000000000177,order_0000000177,32353.99,card,captured,2025-11-17T12:44:44+05:30
pay_00000000000178,order_0000000178,17411.00,card,captured,2025-11-19T08:49:33+05:30
pay_00000000000179,order_0000000179,45799.00,netbanking,captured,2025-11-20T09:20:08+05:30
pay_00000000000180,order_0000000180,34350.00,netbanking,captured,2025-11-23T15:10:29+05:30
pay_00000000000181,order_0000000181,20451.99,card,captured,2025-11-19T22:32:44+05:30
pay_00000000000182,order_0000000182,29556.99,netbanking,failed,2025-11-15T16:12:07+05:30
pay_00000000000183,order_0000000183,6548.96,netbanking,failed,2025-11-15T07:15:07+05:30
pay_00000000000184,order_0000000184,26179.00,netbanking,captured,2025-11-27T15:40:23+05:30
pay_00000000000185,order_0000000185,18096.70,netbanking,captured,2025-11-23T14:10:37+05:30
pay_00000000000186,order_0000000186,38035.00,netbanking,captured,2025-11-12T23:32:21+05:30
pay_00000000000187,order_0000000187,27333.43,netbanking,captured,2025-11-19T14:59:14+05:30
pay_00000000000188,order_0000000188,21958.24,card,captured,2025-11-02T06:37:38+05:30
pay_00000000000189,order_0000000189,6807.51,netbanking,captured,2025-11-13T19:01:31+05:30
pay_00000000000190,order_0000000190,145110.55,netbanking,captured,2025-11-21T20:40:57+05:30
pay_00000000000191,order_0000000191,37462.00,card,failed,2025-11-17T12:59:18+05:30
pay_00000000000192,order_0000000192,100580.71,upi,failed,2025-11-17T09:16:17+05:30
pay_00000000000193,order_0000000193,31811.00,netbanking,captured,2025-11-09T08:02:42+05:30
pay_00000000000194,order_0000000194,168375.93,upi,captured,2025-11-05T18:38:17+05:30
pay_00000000000195,order_0000000195,223355.33,netbanking,captured,2025-11-20T17:04:21+05:30
pay_00000000000196,order_0000000196,7305.00,upi,captured,2025-11-09T20:11:27+05:30
pay_00000000000197,order_0000000197,13055.01,netbanking,captured,2025-11-19T06:32:25+05:30
pay_00000000000198,order_0000000198,16185.39,wallet,captured,2025-11-24T13:39:45+05:30
pay_00000000000199,order_0000000199,14702.34,card,failed,2025-11-09T10:05:34+05:30
pay_00000000000200,order_0000000200,35165.00,upi,captured,2025-11-17T15:56:18+05:30
pay_00000000000201,order_0000000201,3008.99,upi,captured,2025-11-11T17:52:36+05:30
pay_00000000000202,order_0000000202,109884.92,wallet,captured,2025-11-22T17:41:55+05:30
pay_00000000000203,order_0000000203,2092.99,netbanking,captured,2025-11-27T15:59:00+05:30
pay_00000000000204,order_0000000204,36758.00,netbanking,captured,2025-11-06T23:09:34+05:30
pay_00000000000205,order_0000000205,13756.99,wallet,captured,2025-11-25T15:03:48+05:30
pay_00000000000206,order_0000000206,236079.40,wallet,failed,2025-11-28T23:02:32+05:30
pay_00000000000207,order_0000000207,32453.00,netbanking,captured,2025-11-03T13:28:06+05:30
pay_00000000000208,order_0000000208,20682.97,netbanking,captured,2025-11-06T15:04:17+05:30
pay_00000000000209,order_0000000209,5125.00,netbanking,captured,2025-11-19T13:27:31+05:30
pay_00000000000210,order_0000000210,37197.00,wallet,captured,2025-11-09T06:21:19+05:30
pay_00000000000211,order_0000000211,14032.53,netbanking,captured,2025-11-02T18:23:25+05:30
pay_00000000000212,order_0000000212,5515.03,netbanking,captured,2025-11-20T17:03:18+05:30
pay_00000000000213,order_0000000213,18905.81,netbanking,captured,2025-11-05T14:52:51+05:30
pay_00000000000214,order_0000000214,37484.17,netbanking,captured,2025-11-24T17:40:13+05:30
pay_00000000000215,order_0000000215,3419.35,card,captured,2025-11-11T13:14:04+05:30
pay_00000000000216,order_0000000216,53138.92,card,captured,2025-11-28T13:56:00+05:30
pay_00000000000217,order_0000000217,13834.26,upi,captured,2025-11-25T18:29:16+05:30
pay_00000000000218,order_0000000218,24186.00,netbanking,captured,2025-11-01T19:24:23+05:30
pay_00000000000219,order_0000000219,72632.08,netbanking,captured,2025-11-18T11:39:41+05:30
pay_00000000000220,order_0000000220,35228.09,wallet,captured,2025-11-29T13:59:26+05:30
pay_00000000000221,order_0000000221,33424.32,card,captured,2025-11-09T16:26:53+05:30
pay_00000000000222,order_0000000222,8853.99,netbanking,captured,2025-11-19T14:41:13+05:30
pay_00000000000223,order_0000000223,30320.00,netbanking,captured,2025-11-18T04:59:41+05:30
pay_00000000000224,order_0000000224,43567.02,netbanking,captured,2025-11-06T16:16:23+05:30
pay_00000000000225,order_0000000225,3090.90,netbanking,captured,2025-11-15T21:55:21+05:30
pay_00000000000226,order_0000000226,5457.00,card,captured,2025-11-27T19:29:10+05:30
pay_00000000000227,order_0000000227,117051.00,card,captured,2025-11-16T23:54:17+05:30
pay_00000000000228,order_0000000228,33366.78,netbanking,captured,2025-11-09T16:44:34+05:30
pay_00000000000229,order_0000000229,201257.89,wallet,captured,2025-11-19T12:35:44+05:30
pay_00000000000230,order_0000000230,23145.00,card,captured,2025-11-24T07:25:18+05:30
pay_00000000000231,order_0000000231,23724.87,wallet,captured,2025-11-05T14:19:22+05:30
pay_00000000000232,order_0000000232,7461.99,card,captured,2025-11-10T18:11:57+05:30
pay_00000000000233,order_0000000233,37231.00,wallet,captured,2025-11-27T17:26:35+05:30
pay_00000000000234,order_0000000234,30975.52,upi,captured,2025-11-15T12:09:35+05:30
pay_00000000000235,order_0000000235,37802.00,netbanking,failed,2025-11-13T16:32:22+05:30
pay_00000000000236,order_0000000236,26341.42,card,captured,2025-11-07T23:06:11+05:30
pay_00000000000237,order_0000000237,36089.00,card,captured,2025-11-25T04:30:32+05:30
pay_00000000000238,order_0000000238,224443.48,card,failed,2025-11-19T09:07:41+05:30
pay_00000000000239,order_0000000239,30976.99,wallet,captured,2025-11-03T10:39:03+05:30
pay_00000000000240,order_0000000240,8930.64,netbanking,captured,2025-11-02T02:16:25+05:30
pay_00000000000241,order_0000000241,7950.00,upi,captured,2025-11-19T13:04:25+05:30
pay_00000000000242,order_0000000242,7061.99,wallet,captured,2025-11-15T23:00:30+05:30
pay_00000000000243,order_0000000243,132160.00,netbanking,captured,2025-11-15T15:14:33+05:30
pay_00000000000244,order_0000000244,10898.99,upi,captured,2025-11-06T13:22:47+05:30
pay_00000000000245,order_0000000245,6126.00,card,captured,2025-11-17T11:29:14+05:30
pay_00000000000246,order_0000000246,30434.00,netbanking,captured,2025-11-11T17:24:13+05:30
pay_00000000000247,order_0000000247,12855.53,netbanking,captured,2025-11-27T00:17:39+05:30
pay_00000000000248,order_0000000248,5067.00,wallet,captured,2025-11-20T08:41:19+05:30
pay_00000000000249,order_0000000249,23359.18,netbanking,captured,2025-11-15T09:49:48+05:30
pay_00000000000250,order_0000000250,14762.00,netbanking,captured,2025-11-10T07:57:52+05:30
pay_00000000000251,order_0000000251,4080.99,netbanking,captured,2025-11-19T11:52:33+05:30
pay_00000000000252,order_0000000252,7944.41,netbanking,captured,2025-11-20T15:49:36+05:30
pay_00000000000253,order_0000000253,135753.18,wallet,captured,2025-11-29T03:34:18+05:30
pay_00000000000254,order_0000000254,26304.00,netbanking,captured,2025-11-12T22:26:09+05:30
pay_00000000000255,order_0000000255,144510.00,netbanking,captured,2025-11-27T15:45:48+05:30
pay_00000000000256,order_0000000256,13114.03,netbanking,captured,2025-11-08T23:48:30+05:30
pay_00000000000257,order_0000000257,40957.00,netbanking,captured,2025-11-23T21:01:26+05:30
pay_00000000000258,order_0000000258,3130.07,upi,captured,2025-11-09T05:28:54+05:30
pay_00000000000259,order_0000000259,42429.00,upi,captured,2025-11-20T08:08:49+05:30
pay_00000000000260,order_0000000260,6456.72,wallet,captured,2025-11-01T16:30:18+05:30
pay_00000000000261,order_0000000261,6658.00,netbanking,captured,2025-11-02T19:13:18+05:30
pay_00000000000262,order_0000000262,73637.03,card,captured,2025-11-06T22:25:49+05:30
pay_00000000000263,order_0000000263,15119.00,wallet,captured,2025-11-05T19:55:08+05:30
pay_00000000000264,order_0000000264,6353.99,netbanking,captured,2025-11-13T18:07:26+05:30
pay_00000000000265,order_0000000265,106702.00,card,captured,2025-11-05T18:43:19+05:30
pay_00000000000266,order_0000000266,44005.03,card,captured,2025-11-29T11:49:38+05:30
pay_00000000000267,order_0000000267,4815.33,netbanking,captured,2025-11-23T14:29:26+05:30
pay_00000000000268,order_0000000268,31331.37,upi,captured,2025-11-18T14:04:33+05:30
pay_00000000000269,order_0000000269,88824.99,netbanking,captured,2025-11-22T14:46:36+05:30
pay_00000000000270,order_0000000270,36030.00,wallet,captured,2025-11-24T18:56:52+05:30
pay_00000000000271,order_0000000271,16381.51,wallet,captured,2025-11-24T12:59:33+05:30
pay_00000000000272,order_0000000272,32456.00,netbanking,captured,2025-11-12T19:28:25+05:30
pay_00000000000273,order_0000000273,2713.99,netbanking,captured,2025-11-24T08:37:43+05:30
pay_00000000000274,order_0000000274,4928.50,netbanking,captured,2025-11-28T20:47:12+05:30
pay_00000000000275,order_0000000275,34914.73,card,captured,2025-11-13T21:48:27+05:30
pay_00000000000276,order_0000000276,28958.87,wallet,failed,2025-11-27T13:22:56+05:30
pay_00000000000277,order_0000000277,58646.64,netbanking,captured,2025-11-29T23:14:03+05:30
pay_00000000000278,order_0000000278,4444.00,netbanking,failed,2025-11-07T22:45:22+05:30
pay_00000000000279,order_0000000279,148358.00,netbanking,failed,2025-11-01T20:28:41+05:30
pay_00000000000280,order_0000000280,10702.99,netbanking,captured,2025-11-10T21:34:17+05:30
pay_00000000000281,order_0000000281,4715.00,upi,captured,2025-11-15T16:58:43+05:30
pay_00000000000282,order_0000000282,72135.99,wallet,captured,2025-11-10T11:05:37+05:30
pay_00000000000283,order_0000000283,43242.38,upi,captured,2025-11-13T00:30:24+05:30
pay_00000000000284,order_0000000284,32519.00,netbanking,captured,2025-11-19T18:13:04+05:30
pay_00000000000285,order_0000000285,106002.00,netbanking,captured,2025-11-30T01:23:19+05:30
pay_00000000000286,order_0000000286,30243.00,netbanking,captured,2025-11-11T23:15:37+05:30
pay_00000000000287,order_0000000287,7251.32,netbanking,captured,2025-11-13T20:49:02+05:30
pay_00000000000288,order_0000000288,18014.00,upi,captured,2025-11-30T10:31:05+05:30
pay_00000000000289,order_0000000289,10428.87,netbanking,captured,2025-11-08T21:34:48+05:30
pay_00000000000290,order_0000000290,38713.29,netbanking,captured,2025-11-19T21:13:32+05:30
pay_00000000000291,order_0000000291,10211.09,wallet,captured,2025-11-19T06:25:27+05:30
pay_00000000000292,order_0000000292,7262.60,netbanking,captured,2025-11-08T23:51:59+05:30
pay_00000000000293,order_0000000293,32912.00,wallet,captured,2025-11-12T07:31:41+05:30
pay_00000000000294,order_0000000294,27552.67,card,captured,2025-11-02T14:06:29+05:30
pay_00000000000295,order_0000000295,232506.40,wallet,captured,2025-11-28T23:54:11+05:30
pay_00000000000296,order_0000000296,2642.51,card,captured,2025-11-08T00:05:55+05:30
pay_00000000000297,order_0000000297,14039.17,upi,captured,2025-11-05T13:39:18+05:30
pay_00000000000298,order_0000000298,113497.00,netbanking,captured,2025-11-23T18:06:57+05:30
pay_00000000000299,order_0000000299,4271.13,netbanking,captured,2025-11-10T16:02:51+05:30
pay_00000000000300,order_0000000300,22045.99,card,captured,2025-11-05T11:36:14+05:30
pay_00000000000301,order_0000000301,38522.00,upi,captured,2025-11-11T13:18:53+05:30
pay_00000000000302,order_0000000302,6943.00,wallet,captured,2025-11-11T21:23:53+05:30
pay_00000000000303,order_0000000303,3437.85,card,captured,2025-11-22T16:06:03+05:30
pay_00000000000304,order_0000000304,24173.99,card,captured,2025-11-08T16:24:49+05:30
pay_00000000000305,order_0000000305,130465.00,netbanking,captured,2025-11-07T20:10:12+05:30
pay_00000000000306,order_0000000306,17056.00,upi,captured,2025-11-17T11:01:51+05:30
pay_00000000000307,order_0000000307,140277.99,netbanking,captured,2025-11-17T17:00:17+05:30
pay_00000000000308,order_0000000308,2023.99,netbanking,captured,2025-11-28T17:17:01+05:30
pay_00000000000309,order_0000000309,85175.67,card,captured,2025-11-27T09:57:04+05:30
pay_00000000000310,order_0000000310,39402.00,wallet,captured,2025-11-04T14:23:09+05:30
pay_00000000000311,order_0000000311,22676.58,card,captured,2025-11-22T13:24:29+05:30
pay_00000000000312,order_0000000312,183788.83,netbanking,captured,2025-11-30T23:34:35+05:30
pay_00000000000313,order_0000000313,21989.00,wallet,captured,2025-11-28T07:54:04+05:30
pay_00000000000314,order_0000000314,4995.99,upi,captured,2025-11-07T13:29:00+05:30
pay_00000000000315,order_0000000315,185808.66,netbanking,captured,2025-11-25T18:05:27+05:30
pay_00000000000316,order_0000000316,36465.31,card,captured,2025-11-25T08:15:00+05:30
pay_00000000000317,order_0000000317,9941.22,netbanking,captured,2025-11-28T06:26:31+05:30
pay_00000000000318,order_0000000318,7979.17,upi,captured,2025-11-20T18:01:35+05:30
pay_00000000000319,order_0000000319,40934.99,upi,captured,2025-11-13T11:00:27+05:30
pay_00000000000320,order_0000000320,131685.00,upi,captured,2025-11-11T20:02:15+05:30
pay_00000000000321,order_0000000321,5799.64,netbanking,captured,2025-11-12T23:49:57+05:30
pay_00000000000322,order_0000000322,118970.00,card,failed,2025-11-27T13:18:56+05:30
pay_00000000000323,order_0000000323,43126.00,upi,captured,2025-11-09T16:48:52+05:30
pay_00000000000324,order_0000000324,3661.99,wallet,captured,2025-11-12T12:39:50+05:30
pay_00000000000325,order_0000000325,31223.00,netbanking,captured,2025-11-29T14:56:56+05:30
pay_00000000000326,order_0000000326,221922.00,upi,captured,2025-11-01T04:17:52+05:30
pay_00000000000327,order_0000000327,42326.01,wallet,captured,2025-11-04T11:34:21+05:30
pay_00000000000328,order_0000000328,88346.11,card,captured,2025-11-18T15:19:51+05:30
pay_00000000000329,order_0000000329,129040.00,card,captured,2025-11-28T10:25:57+05:30
pay_00000000000330,order_0000000330,24922.28,netbanking,captured,2025-11-01T15:47:30+05:30
pay_00000000000331,order_0000000331,44513.99,wallet,captured,2025-11-22T17:57:25+05:30
pay_00000000000332,order_0000000332,36928.99,card,captured,2025-11-30T22:36:24+05:30
pay_00000000000333,order_0000000333,19359.34,upi,captured,2025-11-01T00:16:19+05:30
pay_00000000000334,order_0000000334,47579.00,upi,captured,2025-11-05T07:00:40+05:30
pay_00000000000335,order_0000000335,41629.76,upi,captured,2025-11-07T15:26:34+05:30
pay_00000000000336,order_0000000336,30948.00,wallet,captured,2025-11-21T15:17:21+05:30
pay_00000000000337,order_0000000337,10132.99,netbanking,captured,2025-11-20T00:30:49+05:30
pay_00000000000338,order_0000000338,7695.25,netbanking,captured,2025-11-03T21:25:44+05:30
pay_00000000000339,order_0000000339,96301.88,netbanking,captured,2025-11-26T18:34:36+05:30
pay_00000000000340,order_0000000340,6149.00,netbanking,captured,2025-11-16T20:59:20+05:30
pay_00000000000341,order_0000000341,8209.68,card,captured,2025-11-12T18:51:41+05:30
pay_00000000000342,order_0000000342,31362.99,netbanking,captured,2025-11-25T13:21:47+05:30
pay_00000000000343,order_0000000343,183358.92,netbanking,captured,2025-11-18T16:03:33+05:30
pay_00000000000344,order_0000000344,35787.99,netbanking,captured,2025-11-13T12:32:03+05:30
pay_00000000000345,order_0000000345,22679.06,netbanking,failed,2025-11-07T13:31:57+05:30
pay_00000000000346,order_0000000346,8136.52,wallet,captured,2025-11-12T08:03:11+05:30
pay_00000000000347,order_0000000347,20122.59,card,captured,2025-11-01T15:37:49+05:30
pay_00000000000348,order_0000000348,9014.99,wallet,captured,2025-11-18T14:22:18+05:30
pay_00000000000349,order_0000000349,76914.69,card,captured,2025-11-10T23:45:10+05:30
pay_00000000000350,order_0000000350,2852.82,card,captured,2025-11-02T00:49:32+05:30
pay_00000000000351,order_0000000351,5201.00,upi,captured,2025-11-08T16:14:33+05:30
pay_00000000000352,order_0000000352,3073.40,upi,captured,2025-11-25T23:59:50+05:30
pay_00000000000353,order_0000000353,38362.61,netbanking,failed,2025-11-04T21:30:02+05:30
pay_00000000000354,order_0000000354,39623.00,netbanking,captured,2025-11-12T21:25:09+05:30
pay_00000000000355,order_0000000355,27637.00,netbanking,captured,2025-11-14T12:33:48+05:30
pay_00000000000356,order_0000000356,14532.00,card,failed,2025-11-08T17:15:24+05:30
pay_00000000000357,order_0000000357,7939.01,netbanking,captured,2025-11-28T20:54:34+05:30
pay_00000000000358,order_0000000358,32243.00,netbanking,captured,2025-11-16T10:14:49+05:30
pay_00000000000359,order_0000000359,12513.06,wallet,captured,2025-11-13T19:21:49+05:30
pay_00000000000360,order_0000000360,7366.99,netbanking,failed,2025-11-05T21:54:10+05:30
pay_00000000000361,order_0000000361,19869.00,netbanking,failed,2025-11-08T15:08:31+05:30
pay_00000000000362,order_0000000362,7581.99,wallet,captured,2025-11-24T20:59:52+05:30
pay_00000000000363,order_0000000363,226276.00,netbanking,captured,2025-11-07T17:26:48+05:30
pay_00000000000364,order_0000000364,6687.00,card,failed,2025-11-11T01:47:24+05:30
pay_00000000000365,order_0000000365,6985.00,netbanking,captured,2025-11-15T16:24:53+05:30
pay_00000000000366,order_0000000366,34917.99,card,captured,2025-11-28T23:22:07+05:30
pay_00000000000367,order_0000000367,24152.99,netbanking,captured,2025-11-26T08:28:15+05:30
pay_00000000000368,order_0000000368,7114.20,wallet,captured,2025-11-08T15:47:33+05:30
pay_00000000000369,order_0000000369,30658.00,card,captured,2025-11-07T21:07:39+05:30
pay_00000000000370,order_0000000370,16985.99,netbanking,captured,2025-11-20T08:21:45+05:30
pay_00000000000371,order_0000000371,41945.59,netbanking,captured,2025-11-01T18:57:00+05:30
pay_00000000000372,order_0000000372,18048.39,wallet,captured,2025-11-04T07:47:48+05:30
pay_00000000000373,order_0000000373,5747.48,card,captured,2025-11-18T19:32:43+05:30
pay_00000000000374,order_0000000374,3581.00,netbanking,captured,2025-11-08T13:09:42+05:30
pay_00000000000375,order_0000000375,88347.99,card,captured,2025-11-16T12:24:36+05:30
pay_00000000000376,order_0000000376,2559.25,wallet,captured,2025-11-13T00:18:38+05:30
pay_00000000000377,order_0000000377,32165.00,card,captured,2025-11-15T20:13:45+05:30
pay_00000000000378,order_0000000378,6297.51,netbanking,captured,2025-11-17T17:41:54+05:30
pay_00000000000379,order_0000000379,6436.99,upi,captured,2025-11-15T21:27:28+05:30
pay_00000000000380,order_0000000380,7677.00,netbanking,captured,2025-11-16T19:24:54+05:30
pay_00000000000381,order_0000000381,6538.54,wallet,captured,2025-11-08T16:24:49+05:30
pay_00000000000382,order_0000000382,6430.40,wallet,captured,2025-11-15T02:37:59+05:30
pay_00000000000383,order_0000000383,12387.22,netbanking,captured,2025-11-25T04:15:57+05:30
pay_00000000000384,order_0000000384,36780.39,upi,captured,2025-11-07T18:21:59+05:30
pay_00000000000385,order_0000000385,7889.99,card,captured,2025-11-07T06:49:29+05:30
pay_00000000000386,order_0000000386,37603.99,card,captured,2025-11-02T02:37:45+05:30
pay_00000000000387,order_0000000387,9385.99,card,captured,2025-11-27T11:58:48+05:30
pay_00000000000388,order_0000000388,10362.47,wallet,captured,2025-11-23T07:40:13+05:30
pay_00000000000389,order_0000000389,197759.12,upi,captured,2025-11-10T05:20:03+05:30
pay_00000000000390,order_0000000390,7924.15,netbanking,captured,2025-11-27T12:00:14+05:30
pay_00000000000391,order_0000000391,13045.99,netbanking,captured,2025-11-22T16:24:09+05:30
pay_00000000000392,order_0000000392,194477.87,wallet,captured,2025-11-01T03:15:24+05:30
pay_00000000000393,order_0000000393,198392.46,netbanking,captured,2025-11-11T13:26:32+05:30
pay_00000000000394,order_0000000394,36539.47,card,captured,2025-11-11T12:50:34+05:30
pay_00000000000395,order_0000000395,25809.55,wallet,captured,2025-11-11T19:33:16+05:30
pay_00000000000396,order_0000000396,8512.14,wallet,captured,2025-11-13T22:58:59+05:30
pay_00000000000397,order_0000000397,32900.00,netbanking,captured,2025-11-12T22:40:18+05:30
pay_00000000000398,order_0000000398,7473.99,netbanking,captured,2025-11-19T06:02:27+05:30
pay_00000000000399,order_0000000399,185589.15,netbanking,captured,2025-11-27T20:19:24+05:30
pay_00000000000400,order_0000000400,196835.00,upi,captured,2025-11-07T23:12:53+05:30
pay_00000000000401,order_0000000401,7806.58,netbanking,captured,2025-11-02T07:50:29+05:30
pay_00000000000402,order_0000000402,39172.27,card,captured,2025-11-09T23:50:20+05:30
pay_00000000000403,order_0000000403,38866.00,upi,captured,2025-11-19T04:33:02+05:30
pay_00000000000404,order_0000000404,2015.99,card,captured,2025-11-02T16:17:46+05:30
pay_00000000000405,order_0000000405,7314.44,wallet,captured,2025-11-15T09:53:55+05:30
pay_00000000000406,order_0000000406,7190.35,netbanking,captured,2025-11-06T20:49:21+05:30
pay_00000000000407,order_0000000407,2197.96,netbanking,captured,2025-11-24T06:25:38+05:30
pay_00000000000408,order_0000000408,18440.75,netbanking,captured,2025-11-15T16:05:18+05:30
pay_00000000000409,order_0000000409,16306.00,netbanking,captured,2025-11-30T13:48:53+05:30
pay_00000000000410,order_0000000410,2637.00,netbanking,captured,2025-11-18T17:33:38+05:30
pay_00000000000411,order_0000000411,197232.00,netbanking,captured,2025-11-30T04:15:33+05:30
pay_00000000000412,order_0000000412,135819.00,netbanking,failed,2025-11-03T11:01:51+05:30
pay_00000000000413,order_0000000413,104823.60,upi,captured,2025-11-12T07:48:37+05:30
pay_00000000000414,order_0000000414,103631.29,wallet,captured,2025-11-03T23:17:51+05:30
pay_00000000000415,order_0000000415,7227.99,netbanking,captured,2025-11-06T18:19:13+05:30
pay_00000000000416,order_0000000416,4065.34,card,captured,2025-11-23T17:42:00+05:30
pay_00000000000417,order_0000000417,34607.04,card,captured,2025-11-22T01:08:49+05:30
pay_00000000000418,order_0000000418,11844.44,netbanking,captured,2025-11-14T08:10:02+05:30
pay_00000000000419,order_0000000419,6750.58,netbanking,failed,2025-11-20T17:53:00+05:30
pay_00000000000420,order_0000000420,36115.00,upi,captured,2025-11-27T13:52:32+05:30
pay_00000000000421,order_0000000421,149956.70,card,captured,2025-11-29T23:15:30+05:30
pay_00000000000422,order_0000000422,12396.60,netbanking,captured,2025-11-24T02:03:32+05:30
pay_00000000000423,order_0000000423,19419.99,wallet,captured,2025-11-13T18:56:17+05:30
pay_00000000000424,order_0000000424,38272.99,card,captured,2025-11-06T08:35:01+05:30
pay_00000000000425,order_0000000425,38380.68,upi,captured,2025-11-03T14:00:16+05:30
pay_00000000000426,order_0000000426,29800.00,card,captured,2025-11-30T08:58:51+05:30
pay_00000000000427,order_0000000427,2089.21,netbanking,captured,2025-11-22T07:01:02+05:30
pay_00000000000428,order_0000000428,43534.68,card,captured,2025-11-14T16:59:08+05:30
pay_00000000000429,order_0000000429,73253.00,wallet,captured,2025-11-07T21:00:05+05:30
pay_00000000000430,order_0000000430,170660.00,upi,captured,2025-11-25T11:12:10+05:30
pay_00000000000431,order_0000000431,6603.00,wallet,captured,2025-11-09T11:04:36+05:30
pay_00000000000432,order_0000000432,40669.64,wallet,failed,2025-11-12T10:51:00+05:30
pay_00000000000433,order_0000000433,236395.99,netbanking,captured,2025-11-21T18:41:46+05:30
pay_00000000000434,order_0000000434,7025.00,netbanking,captured,2025-11-15T08:58:40+05:30
pay_00000000000435,order_0000000435,224576.74,netbanking,failed,2025-11-13T18:19:26+05:30
pay_00000000000436,order_0000000436,6903.00,netbanking,captured,2025-11-09T13:36:05+05:30
pay_00000000000437,order_0000000437,208168.99,netbanking,captured,2025-11-12T14:20:55+05:30
pay_00000000000438,order_0000000438,36001.00,upi,captured,2025-11-28T12:08:07+05:30
pay_00000000000439,order_0000000439,38733.79,wallet,captured,2025-11-27T08:55:24+05:30
pay_00000000000440,order_0000000440,6375.62,netbanking,captured,2025-11-20T17:56:18+05:30
pay_00000000000441,order_0000000441,8220.00,card,captured,2025-11-07T07:41:19+05:30
pay_00000000000442,order_0000000442,14406.53,upi,captured,2025-11-28T23:22:12+05:30
pay_00000000000443,order_0000000443,6124.00,card,captured,2025-11-24T17:48:56+05:30
pay_00000000000444,order_0000000444,69932.99,netbanking,captured,2025-11-28T22:45:21+05:30
pay_00000000000445,order_0000000445,36000.00,netbanking,captured,2025-11-13T06:17:28+05:30
pay_00000000000446,order_0000000446,4452.52,netbanking,captured,2025-11-06T14:27:57+05:30
pay_00000000000447,order_0000000447,147513.82,netbanking,captured,2025-11-28T21:35:52+05:30
pay_00000000000448,order_0000000448,34390.00,netbanking,captured,2025-11-06T15:46:11+05:30
pay_00000000000449,order_0000000449,15698.72,wallet,captured,2025-11-26T12:48:48+05:30
pay_00000000000450,order_0000000450,31210.00,upi,captured,2025-11-12T18:50:47+05:30
pay_00000000000451,order_0000000451,4856.50,card,captured,2025-11-16T15:40:23+05:30
pay_00000000000452,order_0000000452,12254.93,card,captured,2025-11-24T21:18:08+05:30
pay_00000000000453,order_0000000453,43714.99,wallet,captured,2025-11-23T07:32:54+05:30
pay_00000000000454,order_0000000454,39093.60,netbanking,failed,2025-11-20T06:53:06+05:30
pay_00000000000455,order_0000000455,5120.50,netbanking,failed,2025-11-11T00:46:50+05:30
pay_00000000000456,order_0000000456,20600.00,netbanking,captured,2025-11-04T23:15:05+05:30
pay_00000000000457,order_0000000457,4830.75,netbanking,captured,2025-11-22T21:40:22+05:30
pay_00000000000458,order_0000000458,8121.00,upi,captured,2025-11-11T16:49:33+05:30
pay_00000000000459,order_0000000459,244263.04,upi,captured,2025-11-02T23:43:25+05:30
pay_00000000000460,order_0000000460,7929.99,card,captured,2025-11-21T12:52:40+05:30
pay_00000000000461,order_0000000461,19711.99,netbanking,captured,2025-11-26T15:16:18+05:30
pay_00000000000462,order_0000000462,18386.99,netbanking,captured,2025-11-22T19:29:28+05:30
pay_00000000000463,order_0000000463,43139.00,wallet,captured,2025-11-21T18:34:51+05:30
pay_00000000000464,order_0000000464,111324.57,card,captured,2025-11-18T16:47:13+05:30
pay_00000000000465,order_0000000465,138265.00,netbanking,captured,2025-11-12T23:29:28+05:30
pay_00000000000466,order_0000000466,38114.42,wallet,captured,2025-11-10T07:31:38+05:30
pay_00000000000467,order_0000000467,23304.00,wallet,captured,2025-11-18T21:56:46+05:30
pay_00000000000468,order_0000000468,235203.00,netbanking,captured,2025-11-19T06:50:42+05:30
pay_00000000000469,order_0000000469,15138.65,netbanking,captured,2025-11-14T23:33:28+05:30
pay_00000000000470,order_0000000470,33695.00,upi,captured,2025-11-12T11:38:26+05:30
pay_00000000000471,order_0000000471,41659.00,netbanking,captured,2025-11-10T23:28:32+05:30
pay_00000000000472,order_0000000472,224343.64,netbanking,captured,2025-11-14T12:54:26+05:30
pay_00000000000473,order_0000000473,18240.99,card,failed,2025-11-16T10:38:19+05:30
pay_00000000000474,order_0000000474,233205.13,netbanking,captured,2025-11-01T10:44:10+05:30
pay_00000000000475,order_0000000475,6767.66,card,captured,2025-11-26T14:07:09+05:30
pay_00000000000476,order_0000000476,2708.00,netbanking,captured,2025-11-22T12:20:41+05:30
pay_00000000000477,order_0000000477,3596.73,card,captured,2025-11-30T08:03:02+05:30
pay_00000000000478,order_0000000478,4828.30,netbanking,captured,2025-11-15T19:53:25+05:30
pay_00000000000479,order_0000000479,121754.99,netbanking,captured,2025-11-25T19:57:05+05:30
pay_00000000000480,order_0000000480,20998.47,upi,failed,2025-11-29T13:19:33+05:30
pay_00000000000481,order_0000000481,164759.02,netbanking,captured,2025-11-09T14:46:45+05:30
pay_00000000000482,order_0000000482,44399.00,wallet,failed,2025-11-18T08:54:46+05:30
pay_00000000000483,order_0000000483,24367.00,netbanking,failed,2025-11-14T09:45:31+05:30
pay_00000000000484,order_0000000484,42776.00,wallet,captured,2025-11-30T13:18:40+05:30
pay_00000000000485,order_0000000485,224140.89,netbanking,captured,2025-11-27T03:55:10+05:30
pay_00000000000486,order_0000000486,33835.00,netbanking,captured,2025-11-22T23:01:50+05:30
pay_00000000000487,order_0000000487,5522.00,wallet,captured,2025-11-23T09:24:37+05:30
pay_00000000000488,order_0000000488,5977.43,netbanking,captured,2025-11-13T23:52:30+05:30
pay_00000000000489,order_0000000489,118107.20,netbanking,captured,2025-11-19T07:31:52+05:30
pay_00000000000490,order_0000000490,41868.42,netbanking,failed,2025-11-23T16:52:10+05:30
pay_00000000000491,order_0000000491,24716.00,netbanking,failed,2025-11-28T16:13:58+05:30
pay_00000000000492,order_0000000492,74654.57,wallet,captured,2025-11-28T20:28:28+05:30
pay_00000000000493,order_0000000493,22116.56,wallet,captured,2025-11-08T17:11:39+05:30
pay_00000000000494,order_0000000494,22978.00,card,captured,2025-11-16T07:32:32+05:30
pay_00000000000495,order_0000000495,132900.00,netbanking,captured,2025-11-17T23:44:45+05:30
pay_00000000000496,order_0000000496,30612.08,wallet,captured,2025-11-26T17:18:39+05:30
pay_00000000000497,order_0000000497,23636.99,netbanking,captured,2025-11-25T15:11:00+05:30
pay_00000000000498,order_0000000498,36365.48,card,captured,2025-11-09T06:35:59+05:30
pay_00000000000499,order_0000000499,41475.72,netbanking,captured,2025-11-04T22:08:36+05:30
pay_00000000000500,order_0000000500,30307.99,netbanking,captured,2025-11-22T22:56:42+05:30
pay_00000000000501,order_0000000501,2409.63,netbanking,captured,2025-11-03T08:35:23+05:30
pay_00000000000502,order_0000000502,31992.00,netbanking,captured,2025-11-19T16:57:46+05:30
pay_00000000000503,order_0000000503,44684.80,netbanking,captured,2025-11-23T14:18:54+05:30
pay_00000000000504,order_0000000504,31810.76,wallet,captured,2025-11-13T13:55:37+05:30
pay_00000000000505,order_0000000505,20808.32,netbanking,captured,2025-11-03T22:45:24+05:30
pay_00000000000506,order_0000000506,7041.57,netbanking,captured,2025-11-15T07:19:51+05:30
pay_00000000000507,order_0000000507,17646.00,card,captured,2025-11-16T18:05:34+05:30
pay_00000000000508,order_0000000508,38262.00,upi,captured,2025-11-13T13:40:21+05:30
pay_00000000000509,order_0000000509,31481.79,card,captured,2025-11-13T12:04:02+05:30
pay_00000000000510,order_0000000510,4966.33,upi,captured,2025-11-21T13:04:52+05:30
pay_00000000000511,order_0000000511,2877.23,netbanking,captured,2025-11-22T08:11:24+05:30
pay_00000000000512,order_0000000512,28221.00,wallet,captured,2025-11-06T14:02:12+05:30
pay_00000000000513,order_0000000513,8260.23,netbanking,captured,2025-11-18T17:31:11+05:30
pay_00000000000514,order_0000000514,227008.72,wallet,captured,2025-11-13T09:05:55+05:30
pay_00000000000515,order_0000000515,42110.00,upi,captured,2025-11-07T17:19:13+05:30
pay_00000000000516,order_0000000516,240213.00,card,captured,2025-11-10T21:16:13+05:30
pay_00000000000517,order_0000000517,42782.36,upi,captured,2025-11-01T14:34:02+05:30
pay_00000000000518,order_0000000518,43045.00,wallet,captured,2025-11-25T08:38:00+05:30
pay_00000000000519,order_0000000519,3344.00,netbanking,captured,2025-11-22T11:06:52+05:30
pay_00000000000520,order_0000000520,25026.64,wallet,captured,2025-11-26T01:32:08+05:30
pay_00000000000521,order_0000000521,36597.71,card,captured,2025-11-01T09:30:07+05:30
pay_00000000000522,order_0000000522,17367.85,netbanking,captured,2025-11-25T18:15:39+05:30
pay_00000000000523,order_0000000523,28590.99,wallet,captured,2025-11-21T01:54:44+05:30
pay_00000000000524,order_0000000524,177789.73,upi,captured,2025-11-04T23:36:08+05:30
pay_00000000000525,order_0000000525,8874.00,netbanking,captured,2025-11-12T12:01:29+05:30
pay_00000000000526,order_0000000526,190271.29,netbanking,captured,2025-11-05T16:12:49+05:30
pay_00000000000527,order_0000000527,23584.35,upi,captured,2025-11-02T20:48:50+05:30
pay_00000000000528,order_0000000528,31989.99,netbanking,captured,2025-11-18T13:27:02+05:30
pay_00000000000529,order_0000000529,227240.00,netbanking,captured,2025-11-29T22:24:53+05:30
pay_00000000000530,order_0000000530,12949.00,netbanking,captured,2025-11-17T08:41:18+05:30
pay_00000000000531,order_0000000531,39802.40,netbanking,captured,2025-11-03T23:41:13+05:30
pay_00000000000532,order_0000000532,7724.00,card,captured,2025-11-29T16:58:46+05:30
pay_00000000000533,order_0000000533,14177.24,netbanking,captured,2025-11-24T15:10:04+05:30
pay_00000000000534,order_0000000534,208523.30,upi,captured,2025-11-26T21:52:41+05:30
pay_00000000000535,order_0000000535,109308.42,wallet,captured,2025-11-27T08:26:47+05:30
pay_00000000000536,order_0000000536,57129.49,netbanking,captured,2025-11-18T19:06:39+05:30
pay_00000000000537,order_0000000537,8877.99,card,captured,2025-11-28T03:37:00+05:30
pay_00000000000538,order_0000000538,2209.32,card,failed,2025-11-01T01:25:42+05:30
pay_00000000000539,order_0000000539,32038.73,upi,captured,2025-11-22T13:41:22+05:30
pay_00000000000540,order_0000000540,65698.55,netbanking,captured,2025-11-01T14:59:26+05:30
pay_00000000000541,order_0000000541,6649.78,card,captured,2025-11-09T14:04:05+05:30
pay_00000000000542,order_0000000542,131862.34,netbanking,captured,2025-11-04T03:21:18+05:30
pay_00000000000543,order_0000000543,14813.17,card,captured,2025-11-29T13:58:46+05:30
pay_00000000000544,order_0000000544,6111.32,wallet,captured,2025-11-30T10:07:41+05:30
pay_00000000000545,order_0000000545,214429.99,wallet,captured,2025-11-07T19:10:11+05:30
pay_00000000000546,order_0000000546,201309.99,upi,captured,2025-11-09T23:01:04+05:30
pay_00000000000547,order_0000000547,7872.00,wallet,captured,2025-11-07T13:57:25+05:30
pay_00000000000548,order_0000000548,13625.23,card,captured,2025-11-15T21:19:38+05:30
pay_00000000000549,order_0000000549,78261.98,netbanking,captured,2025-11-09T13:45:51+05:30
pay_00000000000550,order_0000000550,112701.99,wallet,captured,2025-11-28T07:35:39+05:30
pay_00000000000551,order_0000000551,27056.99,card,captured,2025-11-16T22:12:11+05:30
pay_00000000000552,order_0000000552,108758.00,upi,captured,2025-11-13T09:59:53+05:30
pay_00000000000553,order_0000000553,44669.00,card,captured,2025-11-09T07:05:40+05:30
pay_00000000000554,order_0000000554,148515.95,netbanking,captured,2025-11-17T20:01:34+05:30
pay_00000000000555,order_0000000555,203292.57,upi,captured,2025-11-23T12:36:37+05:30
pay_00000000000556,order_0000000556,16825.00,upi,captured,2025-11-04T03:05:12+05:30
pay_00000000000557,order_0000000557,7923.62,netbanking,captured,2025-11-29T15:14:58+05:30
pay_00000000000558,order_0000000558,13080.75,wallet,captured,2025-11-16T19:39:51+05:30
pay_00000000000559,order_0000000559,225242.30,wallet,captured,2025-11-18T12:09:53+05:30
pay_00000000000560,order_0000000560,4685.00,netbanking,captured,2025-11-16T13:21:35+05:30
pay_00000000000561,order_0000000561,13443.00,card,captured,2025-11-22T20:20:59+05:30
pay_00000000000562,order_0000000562,7044.95,wallet,captured,2025-11-30T21:10:12+05:30
pay_00000000000563,order_0000000563,35036.00,upi,captured,2025-11-13T21:18:35+05:30
pay_00000000000564,order_0000000564,14587.55,wallet,captured,2025-11-04T04:27:03+05:30
pay_00000000000565,order_0000000565,3992.37,wallet,captured,2025-11-30T12:08:38+05:30
pay_00000000000566,order_0000000566,27371.57,netbanking,captured,2025-11-30T22:41:36+05:30
pay_00000000000567,order_0000000567,10595.99,card,captured,2025-11-03T19:23:47+05:30
pay_00000000000568,order_0000000568,10080.00,wallet,captured,2025-11-26T03:40:08+05:30
pay_00000000000569,order_0000000569,29376.00,netbanking,captured,2025-11-29T07:38:52+05:30
pay_00000000000570,order_0000000570,6452.63,netbanking,captured,2025-11-11T15:47:24+05:30
pay_00000000000571,order_0000000571,38552.95,netbanking,captured,2025-11-24T12:35:14+05:30
pay_00000000000572,order_0000000572,2897.41,card,captured,2025-11-28T09:41:10+05:30
pay_00000000000573,order_0000000573,13338.00,netbanking,captured,2025-11-03T21:43:29+05:30
pay_00000000000574,order_0000000574,3716.27,netbanking,captured,2025-11-09T20:08:50+05:30
pay_00000000000575,order_0000000575,12845.00,wallet,captured,2025-11-18T15:10:36+05:30
pay_00000000000576,order_0000000576,31937.05,netbanking,captured,2025-11-09T20:38:12+05:30
pay_00000000000577,order_0000000577,7404.99,card,captured,2025-11-19T11:46:51+05:30
pay_00000000000578,order_0000000578,8215.99,netbanking,captured,2025-11-22T10:41:25+05:30
pay_00000000000579,order_0000000579,238769.92,wallet,captured,2025-11-14T16:35:32+05:30
pay_00000000000580,order_0000000580,8486.99,netbanking,failed,2025-11-13T15:12:49+05:30
pay_00000000000581,order_0000000581,18973.00,wallet,captured,2025-11-05T14:08:23+05:30
pay_00000000000582,order_0000000582,22852.10,card,captured,2025-11-03T08:05:59+05:30
pay_00000000000583,order_0000000583,36553.00,card,captured,2025-11-13T10:30:52+05:30
pay_00000000000584,order_0000000584,27815.00,card,captured,2025-11-22T13:27:07+05:30
pay_00000000000585,order_0000000585,105570.00,netbanking,captured,2025-11-21T17:13:08+05:30
pay_00000000000586,order_0000000586,7402.00,card,failed,2025-11-12T11:18:39+05:30
pay_00000000000587,order_0000000587,3789.99,netbanking,captured,2025-11-19T18:06:03+05:30
pay_00000000000588,order_0000000588,113808.99,netbanking,captured,2025-11-12T06:37:11+05:30
pay_00000000000589,order_0000000589,7548.60,netbanking,captured,2025-11-02T23:42:12+05:30
pay_00000000000590,order_0000000590,42606.45,card,captured,2025-11-01T15:27:18+05:30
pay_00000000000591,order_0000000591,31964.00,card,captured,2025-11-28T20:47:13+05:30
pay_00000000000592,order_0000000592,7946.00,upi,captured,2025-11-14T14:45:01+05:30
pay_00000000000593,order_0000000593,40383.00,netbanking,captured,2025-11-13T14:47:49+05:30
pay_00000000000594,order_0000000594,32870.00,wallet,captured,2025-11-13T21:49:06+05:30
pay_00000000000595,order_0000000595,4330.99,netbanking,captured,2025-11-21T03:47:15+05:30
pay_00000000000596,order_0000000596,21295.99,card,captured,2025-11-24T16:18:53+05:30
pay_00000000000597,order_0000000597,8249.99,netbanking,captured,2025-11-29T13:13:31+05:30
pay_00000000000598,order_0000000598,124449.00,netbanking,captured,2025-11-15T12:50:27+05:30
pay_00000000000599,order_0000000599,2583.16,card,captured,2025-11-23T08:07:53+05:30
pay_00000000000600,order_0000000600,36655.85,upi,captured,2025-11-11T18:45:08+05:30
pay_00000000000601,order_0000000601,42617.00,netbanking,captured,2025-11-08T04:46:35+05:30
pay_00000000000602,order_0000000602,106404.26,upi,failed,2025-11-30T14:35:50+05:30
pay_00000000000603,order_0000000603,3850.99,netbanking,captured,2025-11-04T16:12:04+05:30
pay_00000000000604,order_0000000604,31254.09,netbanking,captured,2025-11-22T07:32:52+05:30
pay_00000000000605,order_0000000605,33189.86,wallet,captured,2025-11-18T20:33:07+05:30
pay_00000000000606,order_0000000606,31080.99,wallet,captured,2025-11-08T00:18:36+05:30
pay_00000000000607,order_0000000607,148046.00,card,captured,2025-11-04T17:41:04+05:30
pay_00000000000608,order_0000000608,5462.63,netbanking,captured,2025-11-29T17:38:53+05:30
pay_00000000000609,order_0000000609,71068.99,netbanking,captured,2025-11-18T21:48:23+05:30
pay_00000000000610,order_0000000610,74826.00,card,captured,2025-11-24T22:18:43+05:30
pay_00000000000611,order_0000000611,4934.36,wallet,captured,2025-11-11T23:31:06+05:30
pay_00000000000612,order_0000000612,3118.00,card,captured,2025-11-28T13:51:41+05:30
pay_00000000000613,order_0000000613,6514.99,netbanking,captured,2025-11-27T14:04:27+05:30
pay_00000000000614,order_0000000614,36038.81,card,captured,2025-11-06T23:27:08+05:30
pay_00000000000615,order_0000000615,92268.04,card,captured,2025-11-30T04:06:36+05:30
pay_00000000000616,order_0000000616,2923.65,wallet,failed,2025-11-08T22:44:57+05:30
pay_00000000000617,order_0000000617,3916.67,wallet,captured,2025-11-14T00:22:35+05:30
pay_00000000000618,order_0000000618,81647.12,upi,captured,2025-11-09T16:41:57+05:30
pay_00000000000619,order_0000000619,3809.01,wallet,captured,2025-11-22T18:10:02+05:30
pay_00000000000620,order_0000000620,34414.00,card,captured,2025-11-24T20:44:21+05:30
pay_00000000000621,order_0000000621,16872.83,netbanking,captured,2025-11-23T19:54:54+05:30
pay_00000000000622,order_0000000622,223236.40,netbanking,captured,2025-11-07T20:31:06+05:30
pay_00000000000623,order_0000000623,125143.55,netbanking,captured,2025-11-19T22:32:41+05:30
pay_00000000000624,order_0000000624,103486.44,card,captured,2025-11-06T21:14:15+05:30
pay_00000000000625,order_0000000625,180481.89,upi,captured,2025-11-04T06:04:28+05:30
pay_00000000000626,order_0000000626,43781.62,card,captured,2025-11-20T16:43:16+05:30
pay_00000000000627,order_0000000627,8346.00,upi,captured,2025-11-24T12:56:06+05:30
pay_00000000000628,order_0000000628,4787.00,netbanking,captured,2025-11-05T21:52:16+05:30
pay_00000000000629,order_0000000629,31049.79,card,captured,2025-11-14T22:11:09+05:30
pay_00000000000630,order_0000000630,27130.00,wallet,captured,2025-11-26T20:19:01+05:30
pay_00000000000631,order_0000000631,19333.99,card,captured,2025-11-06T11:14:40+05:30
pay_00000000000632,order_0000000632,4766.55,netbanking,captured,2025-11-23T00:14:28+05:30
pay_00000000000633,order_0000000633,52397.10,netbanking,captured,2025-11-14T17:53:49+05:30
pay_00000000000634,order_0000000634,120086.99,netbanking,captured,2025-11-22T07:57:43+05:30
pay_00000000000635,order_0000000635,216432.00,wallet,captured,2025-11-26T14:33:58+05:30
pay_00000000000636,order_0000000636,41228.99,netbanking,captured,2025-11-11T19:08:03+05:30
pay_00000000000637,order_0000000637,22059.33,netbanking,captured,2025-11-22T10:48:00+05:30
pay_00000000000638,order_0000000638,33232.12,wallet,captured,2025-11-23T18:14:51+05:30
pay_00000000000639,order_0000000639,36527.00,upi,captured,2025-11-05T05:37:43+05:30
pay_00000000000640,order_0000000640,32934.00,wallet,captured,2025-11-29T20:51:37+05:30
pay_00000000000641,order_0000000641,16117.00,netbanking,captured,2025-11-10T23:21:38+05:30
pay_00000000000642,order_0000000642,228726.00,card,captured,2025-11-30T23:11:59+05:30
pay_00000000000643,order_0000000643,66538.00,netbanking,captured,2025-11-18T12:09:18+05:30
pay_00000000000644,order_0000000644,19960.00,netbanking,captured,2025-11-23T19:41:17+05:30
pay_00000000000645,order_0000000645,2503.76,netbanking,captured,2025-11-10T13:09:21+05:30
pay_00000000000646,order_0000000646,169681.00,netbanking,failed,2025-11-09T02:31:17+05:30
pay_00000000000647,order_0000000647,41859.99,netbanking,captured,2025-11-23T06:57:52+05:30
pay_00000000000648,order_0000000648,17143.00,netbanking,captured,2025-11-23T14:09:01+05:30
pay_00000000000649,order_0000000649,30559.94,card,captured,2025-11-14T05:00:01+05:30
pay_00000000000650,order_0000000650,7296.55,netbanking,failed,2025-11-09T21:08:29+05:30
pay_00000000000651,order_0000000651,111861.00,upi,captured,2025-11-07T22:51:03+05:30
pay_00000000000652,order_0000000652,7112.00,wallet,captured,2025-11-18T13:00:28+05:30
pay_00000000000653,order_0000000653,4937.00,netbanking,captured,2025-11-15T05:15:53+05:30
pay_00000000000654,order_0000000654,4629.99,netbanking,captured,2025-11-25T18:02:17+05:30
pay_00000000000655,order_0000000655,163736.25,netbanking,captured,2025-11-14T10:48:21+05:30
pay_00000000000656,order_0000000656,8195.99,card,captured,2025-11-14T17:51:42+05:30
pay_00000000000657,order_0000000657,12280.78,upi,failed,2025-11-26T05:50:59+05:30
pay_00000000000658,order_0000000658,2233.00,wallet,captured,2025-11-20T07:59:53+05:30
pay_00000000000659,order_0000000659,18793.17,card,captured,2025-11-25T21:55:47+05:30
pay_00000000000660,order_0000000660,23947.84,wallet,captured,2025-11-28T17:39:30+05:30
pay_00000000000661,order_0000000661,6867.54,upi,captured,2025-11-30T14:28:34+05:30
pay_00000000000662,order_0000000662,4007.74,netbanking,captured,2025-11-28T11:05:30+05:30
pay_00000000000663,order_0000000663,4538.22,netbanking,captured,2025-11-02T14:47:45+05:30
pay_00000000000664,order_0000000664,35317.69,card,captured,2025-11-01T10:36:45+05:30
pay_00000000000665,order_0000000665,101559.45,netbanking,captured,2025-11-09T12:46:22+05:30
pay_00000000000666,order_0000000666,91552.07,wallet,captured,2025-11-10T23:02:07+05:30
pay_00000000000667,order_0000000667,12199.05,upi,captured,2025-11-10T15:27:45+05:30
pay_00000000000668,order_0000000668,212859.99,upi,captured,2025-11-19T03:25:33+05:30
pay_00000000000669,order_0000000669,94060.74,wallet,captured,2025-11-03T14:29:38+05:30
pay_00000000000670,order_0000000670,205545.06,netbanking,failed,2025-11-18T10:16:51+05:30
pay_00000000000671,order_0000000671,4617.00,netbanking,failed,2025-11-08T15:05:22+05:30
pay_00000000000672,order_0000000672,9172.00,wallet,captured,2025-11-12T18:54:21+05:30
pay_00000000000673,order_0000000673,15678.92,upi,captured,2025-11-15T11:09:42+05:30
pay_00000000000674,order_0000000674,21623.00,upi,captured,2025-11-10T21:48:31+05:30
pay_00000000000675,order_0000000675,2298.31,netbanking,captured,2025-11-21T22:15:13+05:30
pay_00000000000676,order_0000000676,40520.35,card,captured,2025-11-20T19:14:52+05:30
pay_00000000000677,order_0000000677,6573.89,netbanking,captured,2025-11-27T21:31:09+05:30
pay_00000000000678,order_0000000678,37317.99,upi,captured,2025-11-27T20:24:03+05:30
pay_00000000000679,order_0000000679,27338.57,netbanking,captured,2025-11-23T16:17:17+05:30
pay_00000000000680,order_0000000680,18779.99,netbanking,captured,2025-11-16T20:19:50+05:30
pay_00000000000681,order_0000000681,44590.80,netbanking,captured,2025-11-27T21:44:55+05:30
pay_00000000000682,order_0000000682,27634.00,wallet,captured,2025-11-28T15:44:44+05:30
pay_00000000000683,order_0000000683,6242.93,netbanking,captured,2025-11-19T06:01:54+05:30
pay_00000000000684,order_0000000684,128163.00,netbanking,captured,2025-11-29T02:41:05+05:30
pay_00000000000685,order_0000000685,54556.66,netbanking,captured,2025-11-02T15:41:55+05:30
pay_00000000000686,order_0000000686,26450.54,netbanking,captured,2025-11-16T11:08:14+05:30
pay_00000000000687,order_0000000687,94946.99,wallet,captured,2025-11-05T13:59:52+05:30
pay_00000000000688,order_0000000688,158591.72,card,captured,2025-11-30T22:50:58+05:30
pay_00000000000689,order_0000000689,8995.50,upi,captured,2025-11-23T21:47:31+05:30
pay_00000000000690,order_0000000690,16103.01,netbanking,captured,2025-11-12T06:56:12+05:30
pay_00000000000691,order_0000000691,3663.18,wallet,captured,2025-11-23T20:37:31+05:30
pay_00000000000692,order_0000000692,26666.43,wallet,captured,2025-11-03T13:08:22+05:30
pay_00000000000693,order_0000000693,6640.00,upi,captured,2025-11-19T15:33:34+05:30
pay_00000000000694,order_0000000694,8753.90,wallet,captured,2025-11-26T21:43:10+05:30
pay_00000000000695,order_0000000695,40230.46,netbanking,captured,2025-11-14T23:05:00+05:30
pay_00000000000696,order_0000000696,184132.00,upi,captured,2025-11-04T22:47:41+05:30
pay_00000000000697,order_0000000697,28927.04,netbanking,captured,2025-11-29T09:53:37+05:30
pay_00000000000698,order_0000000698,6361.18,netbanking,captured,2025-11-12T08:56:40+05:30
pay_00000000000699,order_0000000699,43835.00,netbanking,captured,2025-11-18T12:37:42+05:30
pay_00000000000700,order_0000000700,43633.88,netbanking,captured,2025-11-15T14:00:19+05:30
pay_00000000000701,order_0000000701,8944.00,netbanking,captured,2025-11-01T22:02:37+05:30
pay_00000000000702,order_0000000702,182656.99,netbanking,captured,2025-11-25T06:13:10+05:30
pay_00000000000703,order_0000000703,5301.99,upi,captured,2025-11-21T20:05:46+05:30
pay_00000000000704,order_0000000704,107546.99,card,captured,2025-11-27T17:13:51+05:30
pay_00000000000705,order_0000000705,44516.21,netbanking,captured,2025-11-22T16:18:35+05:30
pay_00000000000706,order_0000000706,158500.17,netbanking,captured,2025-11-26T16:25:50+05:30
pay_00000000000707,order_0000000707,28565.00,netbanking,captured,2025-11-04T19:03:36+05:30
pay_00000000000708,order_0000000708,16804.08,upi,captured,2025-11-17T21:35:10+05:30
pay_00000000000709,order_0000000709,34115.00,netbanking,captured,2025-11-06T22:14:16+05:30
pay_00000000000710,order_0000000710,7512.32,upi,captured,2025-11-13T19:19:06+05:30
pay_00000000000711,order_0000000711,4417.35,wallet,captured,2025-11-13T13:55:07+05:30
pay_00000000000712,order_0000000712,5793.31,netbanking,captured,2025-11-04T15:47:10+05:30
pay_00000000000713,order_0000000713,4942.00,netbanking,failed,2025-11-08T16:59:49+05:30
pay_00000000000714,order_0000000714,26988.54,netbanking,captured,2025-11-21T17:25:21+05:30
pay_00000000000715,order_0000000715,3820.07,wallet,captured,2025-11-10T20:01:47+05:30
pay_00000000000716,order_0000000716,44509.95,netbanking,captured,2025-11-14T15:11:53+05:30
pay_00000000000717,order_0000000717,136042.00,netbanking,captured,2025-11-15T07:21:50+05:30
pay_00000000000718,order_0000000718,5230.99,upi,captured,2025-11-20T03:48:55+05:30
pay_00000000000719,order_0000000719,17760.96,netbanking,captured,2025-11-20T14:29:29+05:30
pay_00000000000720,order_0000000720,39121.28,netbanking,captured,2025-11-09T17:28:09+05:30
pay_00000000000721,order_0000000721,129572.00,netbanking,failed,2025-11-03T12:57:04+05:30
pay_00000000000722,order_0000000722,11894.00,card,captured,2025-11-10T23:41:55+05:30
pay_00000000000723,order_0000000723,38394.00,netbanking,captured,2025-11-30T13:24:02+05:30
pay_00000000000724,order_0000000724,2120.27,wallet,failed,2025-11-10T11:55:39+05:30
pay_00000000000725,order_0000000725,207336.74,wallet,captured,2025-11-05T09:34:00+05:30
pay_00000000000726,order_0000000726,3405.76,upi,captured,2025-11-16T21:29:06+05:30
pay_00000000000727,order_0000000727,8863.99,upi,captured,2025-11-07T19:53:24+05:30
pay_00000000000728,order_0000000728,2291.92,card,captured,2025-11-03T16:34:28+05:30
pay_00000000000729,order_0000000729,7115.00,card,captured,2025-11-25T11:57:31+05:30
pay_00000000000730,order_0000000730,132248.00,card,captured,2025-11-05T06:26:48+05:30
pay_00000000000731,order_0000000731,15667.09,netbanking,captured,2025-11-08T15:43:32+05:30
pay_00000000000732,order_0000000732,118078.83,card,captured,2025-11-24T19:51:23+05:30
pay_00000000000733,order_0000000733,158454.01,upi,captured,2025-11-16T07:39:49+05:30
pay_00000000000734,order_0000000734,175797.86,netbanking,failed,2025-11-23T12:45:43+05:30
pay_00000000000735,order_0000000735,41193.99,upi,captured,2025-11-09T23:09:25+05:30
pay_00000000000736,order_0000000736,2975.65,netbanking,captured,2025-11-29T13:06:43+05:30
pay_00000000000737,order_0000000737,7981.99,card,captured,2025-11-11T09:39:04+05:30
pay_00000000000738,order_0000000738,40069.40,netbanking,captured,2025-11-18T21:44:27+05:30
pay_00000000000739,order_0000000739,39672.01,netbanking,captured,2025-11-15T14:18:09+05:30
pay_00000000000740,order_0000000740,13003.00,wallet,captured,2025-11-15T18:34:39+05:30
pay_00000000000741,order_0000000741,172524.23,netbanking,captured,2025-11-25T15:40:42+05:30
pay_00000000000742,order_0000000742,2076.24,wallet,captured,2025-11-07T10:13:02+05:30
pay_00000000000743,order_0000000743,38490.00,card,captured,2025-11-13T15:42:42+05:30
pay_00000000000744,order_0000000744,42713.36,netbanking,captured,2025-11-25T04:09:11+05:30
pay_00000000000745,order_0000000745,4333.95,wallet,captured,2025-11-11T11:36:17+05:30
pay_00000000000746,order_0000000746,223800.45,netbanking,failed,2025-11-01T16:09:29+05:30
pay_00000000000747,order_0000000747,6041.63,netbanking,captured,2025-11-27T13:09:41+05:30
pay_00000000000748,order_0000000748,14233.92,card,captured,2025-11-08T13:02:51+05:30
pay_00000000000749,order_0000000749,42084.51,wallet,captured,2025-11-08T16:50:08+05:30
pay_00000000000750,order_0000000750,69869.32,netbanking,captured,2025-11-26T19:48:48+05:30
pay_00000000000751,order_0000000751,87337.55,card,captured,2025-11-13T09:33:39+05:30
pay_00000000000752,order_0000000752,2158.00,upi,failed,2025-11-20T18:05:17+05:30
pay_00000000000753,order_0000000753,114189.00,netbanking,captured,2025-11-13T03:34:15+05:30
pay_00000000000754,order_0000000754,24876.94,netbanking,captured,2025-11-20T15:48:05+05:30
pay_00000000000755,order_0000000755,6046.99,netbanking,captured,2025-11-12T13:01:42+05:30
pay_00000000000756,order_0000000756,80586.56,card,captured,2025-11-05T11:58:52+05:30
pay_00000000000757,order_0000000757,20688.03,upi,captured,2025-11-18T19:14:54+05:30
pay_00000000000758,order_0000000758,7293.00,netbanking,captured,2025-11-27T13:34:46+05:30
pay_00000000000759,order_0000000759,6267.00,card,captured,2025-11-18T08:13:44+05:30
pay_00000000000760,order_0000000760,7020.58,netbanking,captured,2025-11-11T22:00:30+05:30
pay_00000000000761,order_0000000761,27498.47,card,captured,2025-11-07T07:08:07+05:30
pay_00000000000762,order_0000000762,31749.00,wallet,captured,2025-11-16T16:22:53+05:30
pay_00000000000763,order_0000000763,161980.33,card,captured,2025-11-26T16:45:35+05:30
pay_00000000000764,order_0000000764,246769.00,upi,captured,2025-11-26T20:32:12+05:30
pay_00000000000765,order_0000000765,10650.99,wallet,captured,2025-11-18T20:50:44+05:30
pay_00000000000766,order_0000000766,118737.99,upi,captured,2025-11-03T06:08:19+05:30
pay_00000000000767,order_0000000767,2834.00,card,captured,2025-11-30T14:05:30+05:30
pay_00000000000768,order_0000000768,193018.00,wallet,captured,2025-11-19T13:38:45+05:30
pay_00000000000769,order_0000000769,26161.42,netbanking,captured,2025-11-08T13:34:31+05:30
pay_00000000000770,order_0000000770,2442.87,upi,captured,2025-11-13T23:16:09+05:30
pay_00000000000771,order_0000000771,213752.78,netbanking,captured,2025-11-03T07:34:51+05:30
pay_00000000000772,order_0000000772,43278.75,upi,captured,2025-11-06T16:13:20+05:30
pay_00000000000773,order_0000000773,138904.13,netbanking,captured,2025-11-05T20:54:00+05:30
pay_00000000000774,order_0000000774,26274.72,card,captured,2025-11-14T03:01:33+05:30
pay_00000000000775,order_0000000775,7778.52,netbanking,captured,2025-11-04T23:36:13+05:30
pay_00000000000776,order_0000000776,7758.96,netbanking,captured,2025-11-25T06:20:00+05:30
pay_00000000000777,order_0000000777,164239.00,wallet,captured,2025-11-18T20:04:40+05:30
pay_00000000000778,order_0000000778,207705.85,netbanking,captured,2025-11-12T03:07:18+05:30
pay_00000000000779,order_0000000779,6108.99,netbanking,captured,2025-11-08T20:30:52+05:30
pay_00000000000780,order_0000000780,17837.12,upi,failed,2025-11-02T08:57:51+05:30
pay_00000000000781,order_0000000781,9788.75,upi,captured,2025-11-02T10:59:52+05:30
pay_00000000000782,order_0000000782,31921.00,netbanking,captured,2025-11-09T18:57:06+05:30
pay_00000000000783,order_0000000783,40535.80,netbanking,captured,2025-11-24T13:45:52+05:30
pay_00000000000784,order_0000000784,32939.00,netbanking,captured,2025-11-12T20:05:04+05:30
pay_00000000000785,order_0000000785,239894.00,card,failed,2025-11-19T19:39:01+05:30
pay_00000000000786,order_0000000786,15656.99,wallet,failed,2025-11-10T10:15:52+05:30
pay_00000000000787,order_0000000787,43110.99,wallet,captured,2025-11-21T07:35:51+05:30
pay_00000000000788,order_0000000788,36449.00,card,captured,2025-11-04T19:22:24+05:30
pay_00000000000789,order_0000000789,12799.31,upi,captured,2025-11-12T13:45:06+05:30
pay_00000000000790,order_0000000790,11757.00,netbanking,captured,2025-11-06T04:24:55+05:30
pay_00000000000791,order_0000000791,31196.10,upi,captured,2025-11-21T21:50:50+05:30
pay_00000000000792,order_0000000792,31086.72,wallet,captured,2025-11-22T10:26:14+05:30
pay_00000000000793,order_0000000793,7610.00,upi,captured,2025-11-24T07:21:33+05:30
pay_00000000000794,order_0000000794,2070.99,netbanking,captured,2025-11-10T07:39:29+05:30
pay_00000000000795,order_0000000795,11694.59,netbanking,captured,2025-11-01T14:46:18+05:30
pay_00000000000796,order_0000000796,43311.00,card,captured,2025-11-19T23:09:41+05:30
pay_00000000000797,order_0000000797,38660.00,netbanking,captured,2025-11-05T16:03:45+05:30
pay_00000000000798,order_0000000798,10225.99,netbanking,captured,2025-11-16T13:50:56+05:30
pay_00000000000799,order_0000000799,25222.99,netbanking,captured,2025-11-26T16:48:03+05:30
pay_00000000000800,order_0000000800,15902.01,netbanking,captured,2025-11-26T18:45:47+05:30
pay_00000000000801,order_0000000801,42092.03,netbanking,captured,2025-11-08T10:29:53+05:30
pay_00000000000802,order_0000000802,19354.94,wallet,captured,2025-11-22T17:08:01+05:30
pay_00000000000803,order_0000000803,161204.99,netbanking,captured,2025-11-26T18:46:21+05:30
pay_00000000000804,order_0000000804,28783.75,netbanking,captured,2025-11-22T08:00:18+05:30
pay_00000000000805,order_0000000805,6763.44,netbanking,captured,2025-11-28T20:57:25+05:30
pay_00000000000806,order_0000000806,8229.70,upi,captured,2025-11-26T11:59:32+05:30
pay_00000000000807,order_0000000807,12073.11,netbanking,failed,2025-11-04T16:31:32+05:30
pay_00000000000808,order_0000000808,8509.98,card,captured,2025-11-16T17:02:58+05:30
pay_00000000000809,order_0000000809,5250.03,netbanking,captured,2025-11-12T11:59:12+05:30
pay_00000000000810,order_0000000810,37875.38,upi,captured,2025-11-04T17:16:35+05:30
pay_00000000000811,order_0000000811,197428.99,wallet,captured,2025-11-20T06:27:07+05:30
pay_00000000000812,order_0000000812,30782.02,netbanking,captured,2025-11-01T13:17:36+05:30
pay_00000000000813,order_0000000813,116699.00,card,captured,2025-11-14T19:55:27+05:30
pay_00000000000814,order_0000000814,44395.09,netbanking,captured,2025-11-26T09:27:39+05:30
pay_00000000000815,order_0000000815,43377.00,card,captured,2025-11-28T12:59:46+05:30
pay_00000000000816,order_0000000816,6926.00,netbanking,captured,2025-11-08T13:06:49+05:30
pay_00000000000817,order_0000000817,180529.28,wallet,captured,2025-11-08T06:46:46+05:30
pay_00000000000818,order_0000000818,24355.21,netbanking,captured,2025-11-20T11:20:04+05:30
pay_00000000000819,order_0000000819,23486.70,netbanking,captured,2025-11-17T16:18:22+05:30
pay_00000000000820,order_0000000820,2546.74,netbanking,captured,2025-11-04T18:18:31+05:30
pay_00000000000821,order_0000000821,4282.58,card,captured,2025-11-02T22:42:25+05:30
pay_00000000000822,order_0000000822,30959.62,upi,captured,2025-11-21T14:40:07+05:30
pay_00000000000823,order_0000000823,42212.81,wallet,captured,2025-11-08T18:16:01+05:30
pay_00000000000824,order_0000000824,31699.04,netbanking,captured,2025-11-01T17:06:07+05:30
pay_00000000000825,order_0000000825,18410.00,card,captured,2025-11-20T16:32:25+05:30
pay_00000000000826,order_0000000826,43403.00,card,captured,2025-11-28T21:13:31+05:30
pay_00000000000827,order_0000000827,242703.99,netbanking,captured,2025-11-15T01:06:21+05:30
pay_00000000000828,order_0000000828,69419.99,card,captured,2025-11-05T20:19:31+05:30
pay_00000000000829,order_0000000829,20934.61,netbanking,captured,2025-11-06T15:45:00+05:30
pay_00000000000830,order_0000000830,70324.73,netbanking,captured,2025-11-04T13:55:46+05:30
pay_00000000000831,order_0000000831,42790.57,card,captured,2025-11-30T08:38:54+05:30
pay_00000000000832,order_0000000832,31229.90,upi,captured,2025-11-10T07:52:31+05:30
pay_00000000000833,order_0000000833,135429.49,wallet,captured,2025-11-08T13:00:10+05:30
pay_00000000000834,order_0000000834,34143.38,netbanking,captured,2025-11-23T12:50:23+05:30
pay_00000000000835,order_0000000835,171251.58,card,captured,2025-11-14T11:45:23+05:30
pay_00000000000836,order_0000000836,3588.26,netbanking,captured,2025-11-04T18:04:37+05:30
pay_00000000000837,order_0000000837,33757.93,netbanking,captured,2025-11-13T12:48:00+05:30
pay_00000000000838,order_0000000838,10713.57,upi,captured,2025-11-15T09:03:48+05:30
pay_00000000000839,order_0000000839,18284.82,netbanking,captured,2025-11-03T17:59:45+05:30
pay_00000000000840,order_0000000840,64100.99,wallet,captured,2025-11-07T12:30:06+05:30
pay_00000000000841,order_0000000841,21307.69,card,captured,2025-11-12T20:27:04+05:30
pay_00000000000842,order_0000000842,20172.00,netbanking,captured,2025-11-09T22:27:23+05:30
pay_00000000000843,order_0000000843,7963.33,netbanking,captured,2025-11-27T22:01:58+05:30
pay_00000000000844,order_0000000844,8321.32,wallet,captured,2025-11-25T04:20:52+05:30
pay_00000000000845,order_0000000845,37011.99,netbanking,captured,2025-11-07T01:02:58+05:30
pay_00000000000846,order_0000000846,7558.10,wallet,captured,2025-11-07T18:10:29+05:30
pay_00000000000847,order_0000000847,6001.00,netbanking,captured,2025-11-10T17:25:25+05:30
pay_00000000000848,order_0000000848,110232.91,card,captured,2025-11-01T13:52:46+05:30
pay_00000000000849,order_0000000849,33551.47,upi,captured,2025-11-19T17:45:16+05:30
pay_00000000000850,order_0000000850,43440.54,card,captured,2025-11-02T16:40:27+05:30
pay_00000000000851,order_0000000851,69946.99,card,failed,2025-11-25T07:07:50+05:30
pay_00000000000852,order_0000000852,132300.99,card,captured,2025-11-29T00:54:25+05:30
pay_00000000000853,order_0000000853,7973.00,netbanking,captured,2025-11-01T12:57:35+05:30
pay_00000000000854,order_0000000854,31382.75,card,captured,2025-11-04T14:18:32+05:30
pay_00000000000855,order_0000000855,5742.76,netbanking,captured,2025-11-27T03:47:47+05:30
pay_00000000000856,order_0000000856,16224.32,netbanking,captured,2025-11-27T15:15:09+05:30
pay_00000000000857,order_0000000857,180788.33,netbanking,captured,2025-11-28T13:48:22+05:30
pay_00000000000858,order_0000000858,3648.85,card,captured,2025-11-25T19:41:17+05:30
pay_00000000000859,order_0000000859,21870.75,wallet,captured,2025-11-24T23:03:39+05:30
pay_00000000000860,order_0000000860,235246.99,wallet,captured,2025-11-20T12:19:04+05:30
pay_00000000000861,order_0000000861,8085.00,netbanking,captured,2025-11-27T03:45:58+05:30
pay_00000000000862,order_0000000862,199698.00,card,captured,2025-11-11T12:29:21+05:30
pay_00000000000863,order_0000000863,20084.33,upi,captured,2025-11-14T11:05:19+05:30
pay_00000000000864,order_0000000864,9638.44,netbanking,captured,2025-11-16T07:48:23+05:30
pay_00000000000865,order_0000000865,39798.99,card,captured,2025-11-28T15:37:28+05:30
pay_00000000000866,order_0000000866,41573.00,upi,captured,2025-11-28T22:16:14+05:30
pay_00000000000867,order_0000000867,40324.00,netbanking,captured,2025-11-17T23:59:10+05:30
pay_00000000000868,order_0000000868,29349.00,netbanking,captured,2025-11-11T15:23:26+05:30
pay_00000000000869,order_0000000869,117590.00,wallet,captured,2025-11-01T13:23:41+05:30
pay_00000000000870,order_0000000870,201169.00,wallet,captured,2025-11-12T15:28:32+05:30
pay_00000000000871,order_0000000871,158356.00,netbanking,captured,2025-11-02T18:25:33+05:30
pay_00000000000872,order_0000000872,231213.00,card,captured,2025-11-20T13:25:16+05:30
pay_00000000000873,order_0000000873,239260.47,card,captured,2025-11-02T14:35:29+05:30
pay_00000000000874,order_0000000874,92411.00,card,captured,2025-11-18T16:56:48+05:30
pay_00000000000875,order_0000000875,20604.00,card,captured,2025-11-03T07:10:54+05:30
pay_00000000000876,order_0000000876,136971.00,upi,captured,2025-11-10T17:45:36+05:30
pay_00000000000877,order_0000000877,41005.49,netbanking,captured,2025-11-06T05:58:13+05:30
pay_00000000000878,order_0000000878,26792.00,card,captured,2025-11-10T04:10:56+05:30
pay_00000000000879,order_0000000879,7234.73,upi,captured,2025-11-18T22:20:44+05:30
pay_00000000000880,order_0000000880,120248.99,upi,captured,2025-11-04T19:06:00+05:30
pay_00000000000881,order_0000000881,14266.00,netbanking,captured,2025-11-19T11:51:42+05:30
pay_00000000000882,order_0000000882,35845.00,wallet,captured,2025-11-18T19:50:49+05:30
pay_00000000000883,order_0000000883,17089.99,netbanking,captured,2025-11-14T07:29:40+05:30
pay_00000000000884,order_0000000884,20283.99,upi,captured,2025-11-22T06:05:34+05:30
pay_00000000000885,order_0000000885,40539.00,netbanking,captured,2025-11-24T01:02:25+05:30
pay_00000000000886,order_0000000886,8082.13,card,captured,2025-11-08T15:24:51+05:30
pay_00000000000887,order_0000000887,128857.00,wallet,captured,2025-11-05T07:26:18+05:30
pay_00000000000888,order_0000000888,2115.99,netbanking,captured,2025-11-15T22:41:42+05:30
pay_00000000000889,order_0000000889,29403.00,netbanking,captured,2025-11-22T22:53:45+05:30
pay_00000000000890,order_0000000890,28165.97,wallet,captured,2025-11-27T22:43:23+05:30
pay_00000000000891,order_0000000891,118977.99,card,captured,2025-11-27T01:38:28+05:30
pay_00000000000892,order_0000000892,9305.00,wallet,captured,2025-11-24T03:21:16+05:30
pay_00000000000893,order_0000000893,42015.00,netbanking,captured,2025-11-28T13:02:30+05:30
pay_00000000000894,order_0000000894,24359.18,wallet,captured,2025-11-30T14:50:50+05:30
pay_00000000000895,order_0000000895,5500.99,netbanking,captured,2025-11-19T20:58:28+05:30
pay_00000000000896,order_0000000896,3528.88,netbanking,failed,2025-11-27T18:02:11+05:30
pay_00000000000897,order_0000000897,8631.50,netbanking,captured,2025-11-09T16:24:10+05:30
pay_00000000000898,order_0000000898,5979.81,netbanking,captured,2025-11-17T22:56:10+05:30
pay_00000000000899,order_0000000899,213902.59,netbanking,captured,2025-11-11T14:17:39+05:30
pay_00000000000900,order_0000000900,4989.94,upi,captured,2025-11-24T21:27:10+05:30
pay_00000000000901,order_0000000901,31673.00,wallet,captured,2025-11-29T22:20:52+05:30
pay_00000000000902,order_0000000902,32136.99,netbanking,captured,2025-11-01T15:28:57+05:30
pay_00000000000903,order_0000000903,43433.26,card,captured,2025-11-29T20:56:30+05:30
pay_00000000000904,order_0000000904,40078.85,upi,captured,2025-11-17T17:29:48+05:30
pay_00000000000905,order_0000000905,8763.52,wallet,captured,2025-11-14T21:45:49+05:30
pay_00000000000906,order_0000000906,24882.00,netbanking,captured,2025-11-04T22:39:40+05:30
pay_00000000000907,order_0000000907,5457.32,wallet,captured,2025-11-10T10:59:25+05:30
pay_00000000000908,order_0000000908,2293.07,upi,captured,2025-11-11T15:35:38+05:30
pay_00000000000909,order_0000000909,33482.06,netbanking,captured,2025-11-30T01:12:45+05:30
pay_00000000000910,order_0000000910,2109.19,netbanking,captured,2025-11-25T23:26:38+05:30
pay_00000000000911,order_0000000911,4866.36,netbanking,failed,2025-11-26T21:59:40+05:30
pay_00000000000912,order_0000000912,33069.43,upi,captured,2025-11-20T12:13:15+05:30
pay_00000000000913,order_0000000913,6928.86,netbanking,captured,2025-11-04T21:24:57+05:30
pay_00000000000914,order_0000000914,8029.68,netbanking,captured,2025-11-26T08:24:44+05:30
pay_00000000000915,order_0000000915,19266.26,card,captured,2025-11-01T12:41:24+05:30
pay_00000000000916,order_0000000916,17945.92,upi,captured,2025-11-11T12:04:31+05:30
pay_00000000000917,order_0000000917,10237.48,card,captured,2025-11-19T13:30:07+05:30
pay_00000000000918,order_0000000918,120867.80,wallet,captured,2025-11-10T21:54:30+05:30
pay_00000000000919,order_0000000919,27249.56,netbanking,captured,2025-11-17T01:21:59+05:30
pay_00000000000920,order_0000000920,28037.75,netbanking,captured,2025-11-26T17:44:44+05:30
pay_00000000000921,order_0000000921,6651.18,upi,captured,2025-11-14T15:01:01+05:30
pay_00000000000922,order_0000000922,3875.12,netbanking,failed,2025-11-16T15:22:11+05:30
pay_00000000000923,order_0000000923,226573.35,card,captured,2025-11-10T21:58:20+05:30
pay_00000000000924,order_0000000924,23369.49,card,captured,2025-11-04T22:40:09+05:30
pay_00000000000925,order_0000000925,38687.99,netbanking,failed,2025-11-25T18:08:50+05:30
pay_00000000000926,order_0000000926,20301.85,netbanking,captured,2025-11-11T13:52:33+05:30
pay_00000000000927,order_0000000927,7189.33,netbanking,captured,2025-11-20T15:25:47+05:30
pay_00000000000928,order_0000000928,6673.00,netbanking,captured,2025-11-01T15:31:25+05:30
pay_00000000000929,order_0000000929,39942.41,netbanking,captured,2025-11-14T18:34:04+05:30
pay_00000000000930,order_0000000930,11354.85,upi,captured,2025-11-19T21:14:32+05:30
pay_00000000000931,order_0000000931,32531.00,netbanking,failed,2025-11-07T00:39:31+05:30
pay_00000000000932,order_0000000932,32659.06,wallet,captured,2025-11-20T11:37:08+05:30
pay_00000000000933,order_0000000933,19520.46,wallet,captured,2025-11-23T19:13:32+05:30
pay_00000000000934,order_0000000934,37999.99,wallet,captured,2025-11-12T21:16:47+05:30
pay_00000000000935,order_0000000935,11894.99,wallet,captured,2025-11-16T18:46:55+05:30
pay_00000000000936,order_0000000936,39923.00,upi,captured,2025-11-28T17:55:36+05:30
pay_00000000000937,order_0000000937,214247.22,netbanking,captured,2025-11-10T14:11:35+05:30
pay_00000000000938,order_0000000938,13752.68,card,captured,2025-11-26T14:32:33+05:30
pay_00000000000939,order_0000000939,17236.03,netbanking,captured,2025-11-14T06:02:48+05:30
pay_00000000000940,order_0000000940,8852.99,card,captured,2025-11-28T15:07:11+05:30
pay_00000000000941,order_0000000941,8164.20,netbanking,captured,2025-11-10T10:48:12+05:30
pay_00000000000942,order_0000000942,31169.99,wallet,captured,2025-11-23T12:51:01+05:30
pay_00000000000943,order_0000000943,4831.33,card,captured,2025-11-27T23:43:18+05:30
pay_00000000000944,order_0000000944,37468.08,upi,captured,2025-11-12T15:09:58+05:30
pay_00000000000945,order_0000000945,19885.00,upi,captured,2025-11-12T01:10:10+05:30
pay_00000000000946,order_0000000946,80401.27,wallet,captured,2025-11-05T09:31:33+05:30
pay_00000000000947,order_0000000947,111801.53,netbanking,captured,2025-11-28T21:56:08+05:30
pay_00000000000948,order_0000000948,42955.00,netbanking,captured,2025-11-27T21:15:12+05:30
pay_00000000000949,order_0000000949,170997.64,card,captured,2025-11-28T08:33:58+05:30
pay_00000000000950,order_0000000950,224790.16,card,captured,2025-11-29T06:38:14+05:30
pay_00000000000951,order_0000000951,2925.00,upi,captured,2025-11-21T17:11:34+05:30
pay_00000000000952,order_0000000952,31202.00,netbanking,captured,2025-11-04T14:57:21+05:30
pay_00000000000953,order_0000000953,21173.06,wallet,failed,2025-11-06T04:33:59+05:30
pay_00000000000954,order_0000000954,5352.06,netbanking,captured,2025-11-04T08:47:04+05:30
pay_00000000000955,order_0000000955,7813.00,card,captured,2025-11-06T19:13:51+05:30
pay_00000000000956,order_0000000956,173970.00,card,captured,2025-11-28T17:07:04+05:30
pay_00000000000957,order_0000000957,3227.25,card,captured,2025-11-04T07:22:37+05:30
pay_00000000000958,order_0000000958,41253.99,netbanking,captured,2025-11-14T22:27:22+05:30
pay_00000000000959,order_0000000959,8747.12,card,captured,2025-11-02T18:30:24+05:30
pay_00000000000960,order_0000000960,43641.09,netbanking,captured,2025-11-04T06:13:07+05:30
pay_00000000000961,order_0000000961,185117.18,netbanking,captured,2025-11-30T19:39:38+05:30
pay_00000000000962,order_0000000962,41414.00,upi,captured,2025-11-22T15:53:37+05:30
pay_00000000000963,order_0000000963,227070.53,upi,captured,2025-11-10T07:59:13+05:30
pay_00000000000964,order_0000000964,31828.99,netbanking,captured,2025-11-10T06:10:26+05:30
pay_00000000000965,order_0000000965,2105.99,netbanking,captured,2025-11-06T06:05:56+05:30
pay_00000000000966,order_0000000966,31983.59,wallet,failed,2025-11-16T17:47:30+05:30
pay_00000000000967,order_0000000967,10464.00,wallet,captured,2025-11-20T17:29:04+05:30
pay_00000000000968,order_0000000968,18201.00,card,captured,2025-11-14T21:15:24+05:30
pay_00000000000969,order_0000000969,194077.00,card,captured,2025-11-03T20:43:53+05:30
pay_00000000000970,order_0000000970,26327.74,card,captured,2025-11-11T19:29:20+05:30
pay_00000000000971,order_0000000971,91454.99,wallet,failed,2025-11-21T12:57:28+05:30
pay_00000000000972,order_0000000972,12041.66,netbanking,captured,2025-11-01T22:40:32+05:30
pay_00000000000973,order_0000000973,55264.00,wallet,captured,2025-11-13T19:48:19+05:30
pay_00000000000974,order_0000000974,8824.27,netbanking,captured,2025-11-08T19:20:46+05:30
pay_00000000000975,order_0000000975,4961.00,wallet,captured,2025-11-05T11:58:30+05:30
pay_00000000000976,order_0000000976,30349.97,netbanking,captured,2025-11-30T20:14:10+05:30
pay_00000000000977,order_0000000977,87238.37,netbanking,captured,2025-11-14T13:15:54+05:30
pay_00000000000978,order_0000000978,197150.00,upi,captured,2025-11-24T19:18:07+05:30
pay_00000000000979,order_0000000979,37164.00,netbanking,captured,2025-11-19T19:18:47+05:30
pay_00000000000980,order_0000000980,2936.66,upi,captured,2025-11-28T13:10:09+05:30
pay_00000000000981,order_0000000981,25926.33,card,captured,2025-11-09T10:41:23+05:30
pay_00000000000982,order_0000000982,146805.00,card,captured,2025-11-07T12:12:33+05:30
pay_00000000000983,order_0000000983,29803.63,wallet,captured,2025-11-03T18:44:39+05:30
pay_00000000000984,order_0000000984,36063.19,card,captured,2025-11-28T17:01:53+05:30
pay_00000000000985,order_0000000985,7329.99,card,captured,2025-11-28T10:00:17+05:30
pay_00000000000986,order_0000000986,2827.75,netbanking,captured,2025-11-09T19:21:21+05:30
pay_00000000000987,order_0000000987,38176.36,upi,captured,2025-11-13T21:21:34+05:30
pay_00000000000988,order_0000000988,11580.11,netbanking,failed,2025-11-07T16:53:24+05:30
pay_00000000000989,order_0000000989,5583.79,upi,captured,2025-11-23T12:21:10+05:30
pay_00000000000990,order_0000000990,6069.99,netbanking,captured,2025-11-09T13:23:13+05:30
pay_00000000000991,order_0000000991,190790.23,card,failed,2025-11-08T12:14:56+05:30
pay_00000000000992,order_0000000992,7297.45,wallet,failed,2025-11-02T23:01:09+05:30
pay_00000000000993,order_0000000993,2308.48,wallet,captured,2025-11-24T14:28:58+05:30
pay_00000000000994,order_0000000994,35435.12,netbanking,captured,2025-11-24T22:07:28+05:30
pay_00000000000995,order_0000000995,206664.69,wallet,captured,2025-11-30T14:33:34+05:30
pay_00000000000996,order_0000000996,41876.19,netbanking,captured,2025-11-28T14:44:46+05:30
pay_00000000000997,order_0000000997,3940.00,wallet,captured,2025-11-21T05:31:20+05:30
pay_00000000000998,order_0000000998,44063.99,card,captured,2025-11-07T15:22:39+05:30
pay_00000000000999,order_0000000999,94904.99,netbanking,captured,2025-11-05T17:53:15+05:30
pay_00000000001000,order_0000001000,26687.00,card,captured,2025-11-02T21:43:24+05:30
pay_00000000001001,order_0000001001,12125.00,card,captured,2025-11-17T12:42:37+05:30
pay_00000000001002,order_0000001002,2170.62,netbanking,captured,2025-11-11T11:49:48+05:30
pay_00000000001003,order_0000001003,35321.26,netbanking,captured,2025-11-28T15:50:51+05:30
pay_00000000001004,order_0000001004,5758.90,upi,captured,2025-11-30T12:31:58+05:30
pay_00000000001005,order_0000001005,43989.02,netbanking,captured,2025-11-24T14:53:19+05:30
pay_00000000001006,order_0000001006,19165.64,card,captured,2025-11-11T17:13:39+05:30
pay_00000000001007,order_0000001007,47610.00,upi,failed,2025-11-16T23:27:32+05:30
pay_00000000001008,order_0000001008,136722.15,wallet,captured,2025-11-18T06:22:20+05:30
pay_00000000001009,order_0000001009,7576.00,card,captured,2025-11-02T15:46:27+05:30
pay_00000000001010,order_0000001010,10196.00,netbanking,captured,2025-11-01T18:46:44+05:30
pay_00000000001011,order_0000001011,7581.02,card,captured,2025-11-18T14:24:14+05:30
pay_00000000001012,order_0000001012,12855.25,netbanking,captured,2025-11-15T15:37:05+05:30
pay_00000000001013,order_0000001013,36502.89,card,captured,2025-11-09T20:45:48+05:30
pay_00000000001014,order_0000001014,83825.96,netbanking,captured,2025-11-21T20:28:17+05:30
pay_00000000001015,order_0000001015,42740.00,wallet,captured,2025-11-17T23:59:07+05:30
pay_00000000001016,order_0000001016,228475.95,netbanking,captured,2025-11-15T10:20:23+05:30
pay_00000000001017,order_0000001017,40048.99,netbanking,captured,2025-11-07T12:58:10+05:30
pay_00000000001018,order_0000001018,3244.92,wallet,captured,2025-11-30T18:29:23+05:30
pay_00000000001019,order_0000001019,10160.03,card,failed,2025-11-26T10:14:08+05:30
pay_00000000001020,order_0000001020,29293.47,netbanking,captured,2025-11-19T12:13:28+05:30
pay_00000000001021,order_0000001021,40622.00,netbanking,captured,2025-11-25T15:31:30+05:30
pay_00000000001022,order_0000001022,7785.28,netbanking,captured,2025-11-10T11:13:48+05:30
pay_00000000001023,order_0000001023,19581.00,wallet,captured,2025-11-14T23:33:09+05:30
pay_00000000001024,order_0000001024,17937.05,netbanking,captured,2025-11-19T21:25:40+05:30
pay_00000000001025,order_0000001025,14542.00,wallet,captured,2025-11-19T22:36:51+05:30
pay_00000000001026,order_0000001026,3299.00,netbanking,captured,2025-11-27T09:38:36+05:30
pay_00000000001027,order_0000001027,7202.44,upi,captured,2025-11-24T07:40:45+05:30
pay_00000000001028,order_0000001028,21620.94,wallet,captured,2025-11-01T02:28:28+05:30
pay_00000000001029,order_0000001029,23290.10,card,captured,2025-11-08T23:32:24+05:30
pay_00000000001030,order_0000001030,5777.00,card,captured,2025-11-29T22:39:04+05:30
pay_00000000001031,order_0000001031,42336.46,upi,captured,2025-11-05T18:29:19+05:30
pay_00000000001032,order_0000001032,169563.00,card,captured,2025-11-06T21:28:39+05:30
pay_00000000001033,order_0000001033,17409.99,netbanking,captured,2025-11-12T18:24:55+05:30
pay_00000000001034,order_0000001034,27444.29,netbanking,captured,2025-11-26T16:17:56+05:30
pay_00000000001035,order_0000001035,52633.92,netbanking,captured,2025-11-03T14:13:15+05:30
pay_00000000001036,order_0000001036,7025.95,netbanking,captured,2025-11-23T18:31:33+05:30
pay_00000000001037,order_0000001037,198764.00,upi,captured,2025-11-30T19:05:31+05:30
pay_00000000001038,order_0000001038,131640.99,wallet,captured,2025-11-09T14:33:45+05:30
pay_00000000001039,order_0000001039,43814.00,card,captured,2025-11-23T19:44:43+05:30
pay_00000000001040,order_0000001040,149183.00,netbanking,captured,2025-11-30T07:30:46+05:30
pay_00000000001041,order_0000001041,106377.20,netbanking,failed,2025-11-02T17:32:27+05:30
pay_00000000001042,order_0000001042,13065.05,netbanking,captured,2025-11-30T18:07:52+05:30
pay_00000000001043,order_0000001043,33373.00,upi,captured,2025-11-16T02:49:20+05:30
pay_00000000001044,order_0000001044,6518.97,netbanking,captured,2025-11-11T15:29:14+05:30
pay_00000000001045,order_0000001045,44593.00,card,captured,2025-11-07T07:54:24+05:30
pay_00000000001046,order_0000001046,6369.17,netbanking,captured,2025-11-25T12:39:49+05:30
pay_00000000001047,order_0000001047,2096.78,wallet,captured,2025-11-27T22:06:14+05:30
pay_00000000001048,order_0000001048,116373.33,wallet,captured,2025-11-19T22:49:23+05:30
pay_00000000001049,order_0000001049,43277.59,wallet,captured,2025-11-04T13:34:14+05:30
pay_00000000001050,order_0000001050,19374.60,card,captured,2025-11-04T17:48:53+05:30
pay_00000000001051,order_0000001051,18734.95,card,captured,2025-11-01T15:37:01+05:30
pay_00000000001052,order_0000001052,17350.40,wallet,captured,2025-11-07T10:52:33+05:30
pay_00000000001053,order_0000001053,3346.50,wallet,captured,2025-11-14T13:41:20+05:30
pay_00000000001054,order_0000001054,134163.90,netbanking,captured,2025-11-14T13:13:50+05:30
pay_00000000001055,order_0000001055,70963.29,wallet,captured,2025-11-16T17:45:09+05:30
pay_00000000001056,order_0000001056,8446.00,card,failed,2025-11-06T04:41:24+05:30
pay_00000000001057,order_0000001057,8621.00,card,captured,2025-11-14T10:54:35+05:30
pay_00000000001058,order_0000001058,23561.12,card,captured,2025-11-12T21:12:56+05:30
pay_00000000001059,order_0000001059,5436.00,wallet,captured,2025-11-16T09:37:47+05:30
pay_00000000001060,order_0000001060,246305.00,upi,captured,2025-11-22T06:47:46+05:30
pay_00000000001061,order_0000001061,7389.99,netbanking,captured,2025-11-28T17:36:50+05:30
pay_00000000001062,order_0000001062,43311.28,wallet,captured,2025-11-27T03:01:52+05:30
pay_00000000001063,order_0000001063,23324.55,card,captured,2025-11-03T21:26:13+05:30
pay_00000000001064,order_0000001064,37092.14,netbanking,captured,2025-11-14T04:09:20+05:30
pay_00000000001065,order_0000001065,5750.13,netbanking,captured,2025-11-21T17:08:20+05:30
pay_00000000001066,order_0000001066,2451.00,card,captured,2025-11-12T14:49:56+05:30
pay_00000000001067,order_0000001067,224856.00,netbanking,captured,2025-11-24T21:18:40+05:30
pay_00000000001068,order_0000001068,116274.00,netbanking,captured,2025-11-02T13:39:56+05:30
pay_00000000001069,order_0000001069,191539.00,card,captured,2025-11-16T13:18:51+05:30
pay_00000000001070,order_0000001070,121843.00,netbanking,captured,2025-11-23T23:23:46+05:30
pay_00000000001071,order_0000001071,31241.84,netbanking,captured,2025-11-13T08:39:35+05:30
pay_00000000001072,order_0000001072,3005.80,netbanking,captured,2025-11-27T16:59:44+05:30
pay_00000000001073,order_0000001073,22495.17,card,captured,2025-11-08T09:44:41+05:30
pay_00000000001074,order_0000001074,8448.99,netbanking,captured,2025-11-12T13:36:48+05:30
pay_00000000001075,order_0000001075,5649.11,netbanking,captured,2025-11-08T20:01:53+05:30
pay_00000000001076,order_0000001076,31669.00,upi,captured,2025-11-05T20:27:29+05:30
pay_00000000001077,order_0000001077,170786.73,netbanking,captured,2025-11-10T21:21:54+05:30
pay_00000000001078,order_0000001078,29239.00,netbanking,captured,2025-11-04T21:33:40+05:30
pay_00000000001079,order_0000001079,242586.99,netbanking,captured,2025-11-09T00:41:35+05:30
pay_00000000001080,order_0000001080,43674.32,wallet,captured,2025-11-30T13:19:59+05:30
pay_00000000001081,order_0000001081,25568.99,netbanking,captured,2025-11-12T20:55:07+05:30
pay_00000000001082,order_0000001082,11793.98,upi,captured,2025-11-18T17:26:40+05:30
pay_00000000001083,order_0000001083,39875.77,netbanking,captured,2025-11-22T08:22:24+05:30
pay_00000000001084,order_0000001084,176062.75,netbanking,captured,2025-11-28T13:15:53+05:30
pay_00000000001085,order_0000001085,43418.05,wallet,captured,2025-11-29T15:28:52+05:30
pay_00000000001086,order_0000001086,36529.99,upi,captured,2025-11-25T12:50:15+05:30
pay_00000000001087,order_0000001087,22757.23,wallet,captured,2025-11-30T13:02:24+05:30
pay_00000000001088,order_0000001088,45353.96,card,captured,2025-11-07T14:11:37+05:30
pay_00000000001089,order_0000001089,5624.90,netbanking,captured,2025-11-27T20:39:41+05:30
pay_00000000001090,order_0000001090,226639.46,wallet,captured,2025-11-07T22:54:46+05:30
pay_00000000001091,order_0000001091,17509.00,netbanking,captured,2025-11-26T00:36:37+05:30
pay_00000000001092,order_0000001092,2758.00,netbanking,captured,2025-11-17T00:43:19+05:30
pay_00000000001093,order_0000001093,104606.00,card,captured,2025-11-13T01:17:48+05:30
pay_00000000001094,order_0000001094,17766.58,netbanking,captured,2025-11-21T09:58:50+05:30
pay_00000000001095,order_0000001095,8244.00,card,captured,2025-11-01T13:56:25+05:30
pay_00000000001096,order_0000001096,3525.00,upi,captured,2025-11-10T14:40:56+05:30
pay_00000000001097,order_0000001097,42606.00,card,captured,2025-11-13T09:54:38+05:30
pay_00000000001098,order_0000001098,42745.99,netbanking,captured,2025-11-05T18:18:05+05:30
pay_00000000001099,order_0000001099,12035.99,wallet,captured,2025-11-23T16:41:52+05:30
pay_00000000001100,order_0000001100,21833.99,netbanking,captured,2025-11-15T01:16:49+05:30
pay_00000000001101,order_0000001101,130556.99,netbanking,captured,2025-11-01T15:56:41+05:30
pay_00000000001102,order_0000001102,21624.95,upi,captured,2025-11-11T05:52:44+05:30
pay_00000000001103,order_0000001103,25900.99,wallet,captured,2025-11-25T13:08:21+05:30
pay_00000000001104,order_0000001104,39095.99,wallet,captured,2025-11-15T13:34:05+05:30
pay_00000000001105,order_0000001105,10987.16,card,captured,2025-11-05T13:09:04+05:30
pay_00000000001106,order_0000001106,233558.03,upi,captured,2025-11-04T10:47:42+05:30
pay_00000000001107,order_0000001107,10236.00,netbanking,captured,2025-11-29T12:47:14+05:30
pay_00000000001108,order_0000001108,29528.00,card,captured,2025-11-06T22:46:55+05:30
pay_00000000001109,order_0000001109,44847.03,upi,captured,2025-11-18T01:41:16+05:30
pay_00000000001110,order_0000001110,83684.99,netbanking,captured,2025-11-03T14:29:31+05:30
pay_00000000001111,order_0000001111,5793.01,netbanking,captured,2025-11-30T12:28:52+05:30
pay_00000000001112,order_0000001112,109287.62,wallet,captured,2025-11-09T02:57:03+05:30
pay_00000000001113,order_0000001113,30811.00,upi,captured,2025-11-03T22:43:03+05:30
pay_00000000001114,order_0000001114,3093.00,card,captured,2025-11-17T12:09:09+05:30
pay_00000000001115,order_0000001115,23635.00,card,captured,2025-11-28T16:13:10+05:30
pay_00000000001116,order_0000001116,26500.78,netbanking,failed,2025-11-27T08:46:12+05:30
pay_00000000001117,order_0000001117,4804.99,netbanking,captured,2025-11-08T21:02:52+05:30
pay_00000000001118,order_0000001118,21627.99,upi,captured,2025-11-08T23:19:09+05:30
pay_00000000001119,order_0000001119,35715.45,netbanking,captured,2025-11-25T18:07:32+05:30
pay_00000000001120,order_0000001120,4652.15,netbanking,captured,2025-11-06T19:55:13+05:30
pay_00000000001121,order_0000001121,7950.30,upi,captured,2025-11-05T17:14:28+05:30
pay_00000000001122,order_0000001122,7784.00,wallet,captured,2025-11-28T08:38:40+05:30
pay_00000000001123,order_0000001123,2809.99,netbanking,captured,2025-11-04T23:45:20+05:30
pay_00000000001124,order_0000001124,131753.91,wallet,captured,2025-11-18T16:49:55+05:30
pay_00000000001125,order_0000001125,16251.02,netbanking,captured,2025-11-27T10:04:48+05:30
pay_00000000001126,order_0000001126,8089.00,netbanking,captured,2025-11-05T12:11:19+05:30
pay_00000000001127,order_0000001127,37041.66,netbanking,captured,2025-11-05T20:30:06+05:30
pay_00000000001128,order_0000001128,9752.91,upi,captured,2025-11-22T02:25:37+05:30
pay_00000000001129,order_0000001129,44286.30,wallet,captured,2025-11-12T10:15:00+05:30
pay_00000000001130,order_0000001130,20251.00,card,captured,2025-11-16T21:12:04+05:30
pay_00000000001131,order_0000001131,40634.24,netbanking,captured,2025-11-19T22:05:59+05:30
pay_00000000001132,order_0000001132,83016.99,netbanking,captured,2025-11-06T16:31:13+05:30
pay_00000000001133,order_0000001133,26839.72,wallet,captured,2025-11-21T19:07:10+05:30
pay_00000000001134,order_0000001134,35589.00,wallet,captured,2025-11-03T07:06:12+05:30
pay_00000000001135,order_0000001135,36364.37,netbanking,captured,2025-11-22T17:03:52+05:30
pay_00000000001136,order_0000001136,248037.00,netbanking,captured,2025-11-06T16:23:47+05:30
pay_00000000001137,order_0000001137,15657.49,wallet,captured,2025-11-12T02:47:38+05:30
pay_00000000001138,order_0000001138,13497.28,card,captured,2025-11-11T20:43:56+05:30
pay_00000000001139,order_0000001139,15006.10,netbanking,captured,2025-11-16T14:05:40+05:30
pay_00000000001140,order_0000001140,2528.94,netbanking,captured,2025-11-11T21:44:33+05:30
pay_00000000001141,order_0000001141,3898.16,netbanking,failed,2025-11-10T09:12:28+05:30
pay_00000000001142,order_0000001142,2004.00,card,captured,2025-11-26T18:39:15+05:30
pay_00000000001143,order_0000001143,38719.03,wallet,captured,2025-11-04T21:22:42+05:30
pay_00000000001144,order_0000001144,29162.00,wallet,captured,2025-11-16T13:33:44+05:30
pay_00000000001145,order_0000001145,3695.00,card,failed,2025-11-23T22:01:28+05:30
pay_00000000001146,order_0000001146,233680.99,netbanking,captured,2025-11-12T18:36:02+05:30
pay_00000000001147,order_0000001147,75038.34,wallet,captured,2025-11-04T18:03:27+05:30
pay_00000000001148,order_0000001148,24766.00,card,failed,2025-11-05T18:55:19+05:30
pay_00000000001149,order_0000001149,25695.00,wallet,captured,2025-11-12T13:32:09+05:30
pay_00000000001150,order_0000001150,4603.75,netbanking,captured,2025-11-07T19:59:49+05:30
pay_00000000001151,order_0000001151,23923.50,upi,captured,2025-11-30T04:17:52+05:30
pay_00000000001152,order_0000001152,24741.96,card,captured,2025-11-30T08:44:42+05:30
pay_00000000001153,order_0000001153,4190.00,netbanking,captured,2025-11-02T06:38:11+05:30
pay_00000000001154,order_0000001154,34188.00,upi,captured,2025-11-02T15:46:41+05:30
pay_00000000001155,order_0000001155,6776.00,wallet,captured,2025-11-27T18:56:31+05:30
pay_00000000001156,order_0000001156,187599.46,netbanking,captured,2025-11-22T12:54:29+05:30
pay_00000000001157,order_0000001157,23297.99,netbanking,failed,2025-11-08T00:47:58+05:30
pay_00000000001158,order_0000001158,159977.95,upi,captured,2025-11-05T14:47:48+05:30
pay_00000000001159,order_0000001159,29742.96,card,captured,2025-11-18T13:51:30+05:30
pay_00000000001160,order_0000001160,13183.04,card,failed,2025-11-22T17:55:49+05:30
pay_00000000001161,order_0000001161,2469.67,wallet,captured,2025-11-06T14:30:36+05:30
pay_00000000001162,order_0000001162,4295.30,netbanking,captured,2025-11-14T09:29:10+05:30
pay_00000000001163,order_0000001163,42742.00,netbanking,captured,2025-11-21T13:21:57+05:30
pay_00000000001164,order_0000001164,173328.26,card,captured,2025-11-02T20:31:37+05:30
pay_00000000001165,order_0000001165,40612.62,netbanking,captured,2025-11-06T19:30:48+05:30
pay_00000000001166,order_0000001166,21986.00,wallet,failed,2025-11-03T16:03:49+05:30
pay_00000000001167,order_0000001167,30004.04,netbanking,captured,2025-11-05T16:47:23+05:30
pay_00000000001168,order_0000001168,12287.00,netbanking,captured,2025-11-16T14:37:03+05:30
pay_00000000001169,order_0000001169,13505.47,wallet,failed,2025-11-28T02:44:11+05:30
pay_00000000001170,order_0000001170,17085.25,card,captured,2025-11-24T12:31:06+05:30
pay_00000000001171,order_0000001171,18187.00,netbanking,captured,2025-11-17T12:14:45+05:30
pay_00000000001172,order_0000001172,42859.55,card,captured,2025-11-29T03:03:02+05:30
pay_00000000001173,order_0000001173,18617.22,upi,captured,2025-11-28T04:30:14+05:30
pay_00000000001174,order_0000001174,6518.55,netbanking,captured,2025-11-01T13:50:02+05:30
pay_00000000001175,order_0000001175,96731.00,card,captured,2025-11-26T14:59:35+05:30
pay_00000000001176,order_0000001176,37909.60,wallet,captured,2025-11-02T12:55:59+05:30
pay_00000000001177,order_0000001177,16976.99,wallet,failed,2025-11-01T20:03:39+05:30
pay_00000000001178,order_0000001178,52713.43,netbanking,captured,2025-11-10T07:15:26+05:30
pay_00000000001179,order_0000001179,213007.99,netbanking,captured,2025-11-10T18:28:20+05:30
pay_00000000001180,order_0000001180,6422.99,wallet,captured,2025-11-05T19:21:21+05:30
pay_00000000001181,order_0000001181,4665.00,wallet,captured,2025-11-01T21:45:11+05:30
pay_00000000001182,order_0000001182,165614.29,netbanking,captured,2025-11-18T21:16:55+05:30
pay_00000000001183,order_0000001183,24746.89,card,captured,2025-11-30T14:49:48+05:30
pay_00000000001184,order_0000001184,226224.46,card,captured,2025-11-01T18:39:59+05:30
pay_00000000001185,order_0000001185,236449.00,wallet,captured,2025-11-18T08:00:32+05:30
pay_00000000001186,order_0000001186,24651.95,netbanking,failed,2025-11-17T10:35:10+05:30
pay_00000000001187,order_0000001187,5641.76,netbanking,captured,2025-11-23T22:11:11+05:30
pay_00000000001188,order_0000001188,150273.00,netbanking,captured,2025-11-18T08:09:20+05:30
pay_00000000001189,order_0000001189,38765.00,wallet,failed,2025-11-19T08:07:56+05:30
pay_00000000001190,order_0000001190,162280.24,netbanking,captured,2025-11-12T21:59:36+05:30
pay_00000000001191,order_0000001191,2312.00,netbanking,failed,2025-11-05T07:53:40+05:30
pay_00000000001192,order_0000001192,2473.30,upi,captured,2025-11-15T20:30:24+05:30
pay_00000000001193,order_0000001193,26450.99,card,captured,2025-11-05T17:02:23+05:30
pay_00000000001194,order_0000001194,10248.79,netbanking,captured,2025-11-29T19:54:09+05:30
pay_00000000001195,order_0000001195,14779.00,netbanking,captured,2025-11-27T11:25:43+05:30
pay_00000000001196,order_0000001196,21386.43,upi,captured,2025-11-07T14:01:15+05:30
pay_00000000001197,order_0000001197,16579.00,card,captured,2025-11-04T05:34:35+05:30
pay_00000000001198,order_0000001198,145062.00,netbanking,captured,2025-11-01T23:26:25+05:30
pay_00000000001199,order_0000001199,34158.00,wallet,captured,2025-11-21T23:39:09+05:30
pay_00000000001200,order_0000001200,143237.00,upi,captured,2025-11-19T18:36:48+05:30
pay_00000000001201,order_0000001201,10855.45,wallet,captured,2025-11-06T21:59:27+05:30
pay_00000000001202,order_0000001202,26747.75,wallet,captured,2025-11-17T22:28:47+05:30
pay_00000000001203,order_0000001203,16468.92,netbanking,captured,2025-11-15T19:56:12+05:30
pay_00000000001204,order_0000001204,150652.69,netbanking,captured,2025-11-30T06:47:08+05:30
pay_00000000001205,order_0000001205,36100.00,card,captured,2025-11-02T23:52:32+05:30
pay_00000000001206,order_0000001206,3126.96,card,failed,2025-11-29T22:24:59+05:30
pay_00000000001207,order_0000001207,2103.99,upi,captured,2025-11-10T01:07:04+05:30
pay_00000000001208,order_0000001208,22134.79,netbanking,captured,2025-11-03T15:36:50+05:30
pay_00000000001209,order_0000001209,6876.00,card,captured,2025-11-29T23:01:54+05:30
pay_00000000001210,order_0000001210,156374.72,netbanking,captured,2025-11-23T13:45:27+05:30
pay_00000000001211,order_0000001211,4510.10,card,captured,2025-11-07T16:30:33+05:30
pay_00000000001212,order_0000001212,28568.25,upi,captured,2025-11-03T13:47:21+05:30
pay_00000000001213,order_0000001213,42936.65,upi,captured,2025-11-22T06:49:58+05:30
pay_00000000001214,order_0000001214,5121.33,netbanking,captured,2025-11-01T12:41:57+05:30
pay_00000000001215,order_0000001215,13180.37,upi,captured,2025-11-18T20:57:09+05:30
pay_00000000001216,order_0000001216,19848.00,netbanking,captured,2025-11-25T08:49:55+05:30
pay_00000000001217,order_0000001217,39995.00,netbanking,captured,2025-11-05T21:46:42+05:30
pay_00000000001218,order_0000001218,2206.00,netbanking,captured,2025-11-02T16:07:18+05:30
pay_00000000001219,order_0000001219,42930.53,netbanking,captured,2025-11-17T00:16:33+05:30
pay_00000000001220,order_0000001220,12600.99,netbanking,captured,2025-11-05T10:32:40+05:30
pay_00000000001221,order_0000001221,2194.99,netbanking,captured,2025-11-26T23:23:07+05:30
pay_00000000001222,order_0000001222,7930.49,netbanking,captured,2025-11-06T23:23:28+05:30
pay_00000000001223,order_0000001223,2775.08,card,captured,2025-11-05T13:03:57+05:30
pay_00000000001224,order_0000001224,4296.00,wallet,captured,2025-11-07T09:53:58+05:30
pay_00000000001225,order_0000001225,3783.64,card,captured,2025-11-25T23:55:59+05:30
pay_00000000001226,order_0000001226,31534.00,netbanking,captured,2025-11-03T18:20:20+05:30
pay_00000000001227,order_0000001227,11683.99,netbanking,failed,2025-11-22T17:13:10+05:30
pay_00000000001228,order_0000001228,41850.94,wallet,captured,2025-11-22T20:13:45+05:30
pay_00000000001229,order_0000001229,21746.95,netbanking,captured,2025-11-23T13:33:20+05:30
pay_00000000001230,order_0000001230,13963.99,wallet,captured,2025-11-01T16:43:18+05:30
pay_00000000001231,order_0000001231,27670.99,card,captured,2025-11-08T13:26:13+05:30
pay_00000000001232,order_0000001232,37100.23,netbanking,captured,2025-11-16T07:35:18+05:30
pay_00000000001233,order_0000001233,7815.00,upi,captured,2025-11-05T01:31:40+05:30
pay_00000000001234,order_0000001234,16176.84,card,captured,2025-11-11T05:33:53+05:30
pay_00000000001235,order_0000001235,27980.64,netbanking,captured,2025-11-01T14:06:55+05:30
pay_00000000001236,order_0000001236,8338.40,card,captured,2025-11-30T18:09:18+05:30
pay_00000000001237,order_0000001237,81962.00,card,captured,2025-11-02T02:33:33+05:30
pay_00000000001238,order_0000001238,60814.51,netbanking,captured,2025-11-27T20:03:29+05:30
pay_00000000001239,order_0000001239,54439.99,upi,captured,2025-11-19T01:31:18+05:30
pay_00000000001240,order_0000001240,36150.00,card,captured,2025-11-04T15:56:08+05:30
pay_00000000001241,order_0000001241,2954.00,netbanking,captured,2025-11-04T22:04:21+05:30
pay_00000000001242,order_0000001242,7881.23,wallet,captured,2025-11-26T06:56:06+05:30
pay_00000000001243,order_0000001243,238280.72,netbanking,captured,2025-11-12T06:36:38+05:30
pay_00000000001244,order_0000001244,8397.83,upi,captured,2025-11-23T18:35:40+05:30
pay_00000000001245,order_0000001245,3934.87,card,captured,2025-11-12T17:07:56+05:30
pay_00000000001246,order_0000001246,86086.88,wallet,captured,2025-11-21T22:06:39+05:30
pay_00000000001247,order_0000001247,226328.47,netbanking,captured,2025-11-04T13:00:11+05:30
pay_00000000001248,order_0000001248,3467.00,wallet,captured,2025-11-06T11:14:46+05:30
pay_00000000001249,order_0000001249,13639.95,netbanking,failed,2025-11-19T22:39:12+05:30
pay_00000000001250,order_0000001250,57724.89,netbanking,failed,2025-11-19T06:27:05+05:30
pay_00000000001251,order_0000001251,7235.00,netbanking,captured,2025-11-11T23:51:34+05:30
pay_00000000001252,order_0000001252,24068.61,card,captured,2025-11-18T03:08:16+05:30
pay_00000000001253,order_0000001253,14132.32,card,captured,2025-11-15T00:11:45+05:30
pay_00000000001254,order_0000001254,8841.62,netbanking,captured,2025-11-23T21:58:39+05:30
pay_00000000001255,order_0000001255,38715.70,card,captured,2025-11-14T16:21:30+05:30
pay_00000000001256,order_0000001256,42165.00,wallet,captured,2025-11-29T17:52:51+05:30
pay_00000000001257,order_0000001257,28181.00,upi,captured,2025-11-10T07:47:45+05:30
pay_00000000001258,order_0000001258,16412.85,upi,captured,2025-11-15T19:35:37+05:30
pay_00000000001259,order_0000001259,22397.38,netbanking,captured,2025-11-08T16:14:15+05:30
pay_00000000001260,order_0000001260,116134.22,card,captured,2025-11-20T15:58:46+05:30
pay_00000000001261,order_0000001261,7984.99,upi,captured,2025-11-14T07:31:28+05:30
pay_00000000001262,order_0000001262,173286.41,wallet,captured,2025-11-19T23:01:57+05:30
pay_00000000001263,order_0000001263,43146.99,netbanking,captured,2025-11-02T23:03:31+05:30
pay_00000000001264,order_0000001264,4109.11,netbanking,captured,2025-11-01T14:29:37+05:30
pay_00000000001265,order_0000001265,26339.00,card,captured,2025-11-12T15:17:45+05:30
pay_00000000001266,order_0000001266,7064.00,card,failed,2025-11-30T00:22:34+05:30
pay_00000000001267,order_0000001267,26868.99,netbanking,captured,2025-11-02T22:54:29+05:30
pay_00000000001268,order_0000001268,33538.65,netbanking,captured,2025-11-04T08:01:05+05:30
pay_00000000001269,order_0000001269,34103.00,upi,failed,2025-11-06T03:03:12+05:30
pay_00000000001270,order_0000001270,9172.51,card,captured,2025-11-14T17:35:54+05:30
pay_00000000001271,order_0000001271,3875.84,netbanking,captured,2025-11-23T16:52:54+05:30
pay_00000000001272,order_0000001272,37230.67,netbanking,captured,2025-11-13T16:48:41+05:30
pay_00000000001273,order_0000001273,70556.99,netbanking,captured,2025-11-14T16:47:56+05:30
pay_00000000001274,order_0000001274,40345.99,card,captured,2025-11-07T16:04:07+05:30
pay_00000000001275,order_0000001275,133322.00,wallet,captured,2025-11-20T19:12:14+05:30
pay_00000000001276,order_0000001276,11056.00,netbanking,captured,2025-11-14T21:58:31+05:30
pay_00000000001277,order_0000001277,238965.99,netbanking,captured,2025-11-24T17:25:39+05:30
pay_00000000001278,order_0000001278,4184.82,netbanking,captured,2025-11-20T20:21:11+05:30
pay_00000000001279,order_0000001279,2705.14,wallet,captured,2025-11-29T09:17:06+05:30
pay_00000000001280,order_0000001280,6286.04,netbanking,captured,2025-11-18T20:10:46+05:30
pay_00000000001281,order_0000001281,11132.12,netbanking,captured,2025-11-04T20:43:15+05:30
pay_00000000001282,order_0000001282,41624.80,card,captured,2025-11-02T14:10:38+05:30
pay_00000000001283,order_0000001283,247648.99,card,captured,2025-11-14T11:18:16+05:30
pay_00000000001284,order_0000001284,33931.00,wallet,captured,2025-11-04T07:06:20+05:30
pay_00000000001285,order_0000001285,42699.00,netbanking,captured,2025-11-29T12:26:45+05:30
pay_00000000001286,order_0000001286,34203.48,wallet,captured,2025-11-30T08:14:27+05:30
pay_00000000001287,order_0000001287,7446.65,netbanking,captured,2025-11-07T15:38:11+05:30
pay_00000000001288,order_0000001288,4733.00,upi,captured,2025-11-21T15:43:57+05:30
pay_00000000001289,order_0000001289,241014.00,netbanking,captured,2025-11-12T17:07:56+05:30
pay_00000000001290,order_0000001290,2167.99,upi,captured,2025-11-29T20:15:03+05:30
pay_00000000001291,order_0000001291,56832.91,card,captured,2025-11-14T11:34:18+05:30
pay_00000000001292,order_0000001292,43082.00,upi,captured,2025-11-30T22:57:21+05:30
pay_00000000001293,order_0000001293,245738.37,netbanking,captured,2025-11-19T07:42:26+05:30
pay_00000000001294,order_0000001294,14987.69,netbanking,captured,2025-11-20T17:09:04+05:30
pay_00000000001295,order_0000001295,2779.99,wallet,captured,2025-11-13T23:00:43+05:30
pay_00000000001296,order_0000001296,23678.35,netbanking,captured,2025-11-24T16:28:03+05:30
pay_00000000001297,order_0000001297,22307.00,wallet,captured,2025-11-01T13:55:44+05:30
pay_00000000001298,order_0000001298,238156.79,wallet,captured,2025-11-24T03:18:01+05:30
pay_00000000001299,order_0000001299,16111.99,card,captured,2025-11-21T18:08:58+05:30
pay_00000000001300,order_0000001300,53495.00,netbanking,captured,2025-11-05T22:38:25+05:30
pay_00000000001301,order_0000001301,68837.00,wallet,captured,2025-11-16T13:25:33+05:30
pay_00000000001302,order_0000001302,22258.39,netbanking,failed,2025-11-30T07:14:51+05:30
pay_00000000001303,order_0000001303,79981.63,netbanking,captured,2025-11-15T14:31:27+05:30
pay_00000000001304,order_0000001304,20172.73,netbanking,captured,2025-11-11T14:03:00+05:30
pay_00000000001305,order_0000001305,5606.14,netbanking,captured,2025-11-07T08:45:24+05:30
pay_00000000001306,order_0000001306,6280.00,netbanking,captured,2025-11-05T11:00:30+05:30
pay_00000000001307,order_0000001307,43936.00,upi,captured,2025-11-19T15:05:20+05:30
pay_00000000001308,order_0000001308,37554.07,wallet,captured,2025-11-19T03:22:16+05:30
pay_00000000001309,order_0000001309,14346.00,upi,failed,2025-11-14T23:34:16+05:30
pay_00000000001310,order_0000001310,4222.32,wallet,captured,2025-11-12T14:08:20+05:30
pay_00000000001311,order_0000001311,193084.19,wallet,captured,2025-11-13T05:55:45+05:30
pay_00000000001312,order_0000001312,3776.54,card,captured,2025-11-07T03:06:36+05:30
pay_00000000001313,order_0000001313,42355.50,wallet,captured,2025-11-25T14:24:38+05:30
pay_00000000001314,order_0000001314,137439.75,wallet,captured,2025-11-22T06:45:39+05:30
pay_00000000001315,order_0000001315,27515.47,wallet,captured,2025-11-26T17:01:37+05:30
pay_00000000001316,order_0000001316,6652.89,netbanking,captured,2025-11-22T17:13:53+05:30
pay_00000000001317,order_0000001317,26945.99,wallet,captured,2025-11-24T23:20:55+05:30
pay_00000000001318,order_0000001318,14604.85,wallet,captured,2025-11-23T17:55:29+05:30
pay_00000000001319,order_0000001319,6887.77,card,captured,2025-11-28T21:55:43+05:30
pay_00000000001320,order_0000001320,55698.99,wallet,captured,2025-11-22T20:40:42+05:30
pay_00000000001321,order_0000001321,36215.73,upi,captured,2025-11-16T18:03:01+05:30
pay_00000000001322,order_0000001322,2211.00,wallet,captured,2025-11-18T19:46:52+05:30
pay_00000000001323,order_0000001323,33715.00,netbanking,captured,2025-11-16T06:07:56+05:30
pay_00000000001324,order_0000001324,110702.87,netbanking,failed,2025-11-18T15:48:04+05:30
pay_00000000001325,order_0000001325,10037.53,wallet,captured,2025-11-12T02:17:29+05:30
pay_00000000001326,order_0000001326,146891.72,card,captured,2025-11-24T13:19:15+05:30
pay_00000000001327,order_0000001327,157518.71,netbanking,captured,2025-11-30T19:22:05+05:30
pay_00000000001328,order_0000001328,3492.69,upi,captured,2025-11-27T22:12:36+05:30
pay_00000000001329,order_0000001329,204696.00,netbanking,captured,2025-11-21T22:34:14+05:30
pay_00000000001330,order_0000001330,8290.00,upi,captured,2025-11-13T10:04:39+05:30
pay_00000000001331,order_0000001331,25616.99,wallet,captured,2025-11-26T22:22:35+05:30
pay_00000000001332,order_0000001332,88851.41,upi,failed,2025-11-05T18:38:49+05:30
pay_00000000001333,order_0000001333,7397.10,wallet,captured,2025-11-23T12:55:07+05:30
pay_00000000001334,order_0000001334,156531.00,netbanking,failed,2025-11-22T11:48:13+05:30
pay_00000000001335,order_0000001335,146456.00,card,captured,2025-11-06T08:26:48+05:30
pay_00000000001336,order_0000001336,150086.00,netbanking,captured,2025-11-06T21:42:11+05:30
pay_00000000001337,order_0000001337,152267.73,wallet,captured,2025-11-11T22:45:20+05:30
pay_00000000001338,order_0000001338,17639.22,netbanking,captured,2025-11-04T13:31:36+05:30
pay_00000000001339,order_0000001339,26016.00,card,captured,2025-11-15T21:15:13+05:30
pay_00000000001340,order_0000001340,28523.44,wallet,captured,2025-11-29T12:43:55+05:30
pay_00000000001341,order_0000001341,247615.74,card,captured,2025-11-06T19:25:21+05:30
pay_00000000001342,order_0000001342,6244.67,wallet,captured,2025-11-29T09:04:22+05:30
pay_00000000001343,order_0000001343,7249.33,netbanking,failed,2025-11-18T05:58:29+05:30
pay_00000000001344,order_0000001344,41144.64,netbanking,captured,2025-11-24T11:48:58+05:30
pay_00000000001345,order_0000001345,125739.44,netbanking,captured,2025-11-26T14:12:05+05:30
pay_00000000001346,order_0000001346,10139.51,netbanking,captured,2025-11-30T16:12:38+05:30
pay_00000000001347,order_0000001347,47369.99,upi,captured,2025-11-02T21:17:23+05:30
pay_00000000001348,order_0000001348,28731.31,netbanking,captured,2025-11-02T13:38:03+05:30
pay_00000000001349,order_0000001349,40523.83,netbanking,captured,2025-11-12T04:46:20+05:30
pay_00000000001350,order_0000001350,127341.39,upi,captured,2025-11-29T16:27:51+05:30
pay_00000000001351,order_0000001351,111550.00,netbanking,captured,2025-11-29T19:02:00+05:30
pay_00000000001352,order_0000001352,2217.00,netbanking,captured,2025-11-13T15:26:36+05:30
pay_00000000001353,order_0000001353,26818.22,netbanking,captured,2025-11-11T20:54:27+05:30
pay_00000000001354,order_0000001354,155161.38,netbanking,captured,2025-11-06T22:46:41+05:30
pay_00000000001355,order_0000001355,3931.46,netbanking,captured,2025-11-13T19:47:58+05:30
pay_00000000001356,order_0000001356,26987.35,upi,captured,2025-11-26T06:35:21+05:30
pay_00000000001357,order_0000001357,2680.03,card,captured,2025-11-10T13:31:17+05:30
pay_00000000001358,order_0000001358,14377.00,upi,captured,2025-11-15T11:35:14+05:30
pay_00000000001359,order_0000001359,22586.50,netbanking,captured,2025-11-23T19:26:05+05:30
pay_00000000001360,order_0000001360,45821.00,netbanking,captured,2025-11-23T16:44:32+05:30
pay_00000000001361,order_0000001361,24199.99,netbanking,captured,2025-11-25T21:42:08+05:30
pay_00000000001362,order_0000001362,130989.00,upi,captured,2025-11-12T19:33:37+05:30
pay_00000000001363,order_0000001363,2664.00,card,failed,2025-11-25T22:38:59+05:30
pay_00000000001364,order_0000001364,20598.21,card,captured,2025-11-17T14:39:30+05:30
pay_00000000001365,order_0000001365,22414.99,card,captured,2025-11-20T13:27:41+05:30
pay_00000000001366,order_0000001366,24259.00,card,captured,2025-11-20T15:30:43+05:30
pay_00000000001367,order_0000001367,199071.94,netbanking,failed,2025-11-20T14:25:45+05:30
pay_00000000001368,order_0000001368,28730.00,wallet,captured,2025-11-10T19:39:40+05:30
pay_00000000001369,order_0000001369,28174.99,netbanking,captured,2025-11-28T10:53:13+05:30
pay_00000000001370,order_0000001370,8140.54,upi,captured,2025-11-22T21:21:43+05:30
pay_00000000001371,order_0000001371,31126.98,netbanking,captured,2025-11-19T02:42:05+05:30
pay_00000000001372,order_0000001372,34368.00,card,captured,2025-11-10T02:55:32+05:30
pay_00000000001373,order_0000001373,43795.00,netbanking,captured,2025-11-20T15:49:06+05:30
pay_00000000001374,order_0000001374,197094.00,netbanking,captured,2025-11-21T13:35:33+05:30
pay_00000000001375,order_0000001375,182638.67,wallet,captured,2025-11-21T16:05:56+05:30
pay_00000000001376,order_0000001376,21559.44,netbanking,captured,2025-11-18T16:22:11+05:30
pay_00000000001377,order_0000001377,14008.04,netbanking,captured,2025-11-01T00:51:23+05:30
pay_00000000001378,order_0000001378,79052.00,wallet,captured,2025-11-02T14:07:50+05:30
pay_00000000001379,order_0000001379,3229.68,netbanking,captured,2025-11-16T12:38:34+05:30
pay_00000000001380,order_0000001380,148788.00,netbanking,captured,2025-11-20T16:46:48+05:30
pay_00000000001381,order_0000001381,242631.99,netbanking,captured,2025-11-05T19:13:01+05:30
pay_00000000001382,order_0000001382,7916.00,netbanking,captured,2025-11-02T17:29:52+05:30
pay_00000000001383,order_0000001383,23140.99,netbanking,captured,2025-11-04T17:30:48+05:30
pay_00000000001384,order_0000001384,9604.00,netbanking,captured,2025-11-24T19:28:39+05:30
pay_00000000001385,order_0000001385,217345.99,netbanking,failed,2025-11-25T22:18:37+05:30
pay_00000000001386,order_0000001386,4348.99,netbanking,captured,2025-11-16T23:58:37+05:30
pay_00000000001387,order_0000001387,56061.99,netbanking,captured,2025-11-02T12:10:19+05:30
pay_00000000001388,order_0000001388,77429.80,upi,captured,2025-11-24T12:43:51+05:30
pay_00000000001389,order_0000001389,2262.20,card,failed,2025-11-01T05:19:24+05:30
pay_00000000001390,order_0000001390,10342.00,netbanking,captured,2025-11-19T21:08:46+05:30
pay_00000000001391,order_0000001391,31920.99,netbanking,captured,2025-11-18T15:01:48+05:30
pay_00000000001392,order_0000001392,4507.00,netbanking,captured,2025-11-18T13:16:27+05:30
pay_00000000001393,order_0000001393,20794.67,upi,captured,2025-11-20T15:41:38+05:30
pay_00000000001394,order_0000001394,66952.00,netbanking,captured,2025-11-03T21:36:52+05:30
pay_00000000001395,order_0000001395,39547.91,netbanking,captured,2025-11-03T05:54:08+05:30
pay_00000000001396,order_0000001396,4249.55,netbanking,captured,2025-11-30T04:24:21+05:30
pay_00000000001397,order_0000001397,11794.00,netbanking,captured,2025-11-01T05:13:23+05:30
pay_00000000001398,order_0000001398,35776.00,netbanking,captured,2025-11-14T13:55:05+05:30
pay_00000000001399,order_0000001399,4449.89,netbanking,failed,2025-11-16T15:40:08+05:30
pay_00000000001400,order_0000001400,7577.74,card,captured,2025-11-29T11:38:54+05:30
pay_00000000001401,order_0000001401,6136.62,netbanking,captured,2025-11-07T09:53:58+05:30
pay_00000000001402,order_0000001402,25515.00,netbanking,failed,2025-11-22T13:17:52+05:30
pay_00000000001403,order_0000001403,42190.47,wallet,captured,2025-11-22T09:30:12+05:30
pay_00000000001404,order_0000001404,219157.73,upi,captured,2025-11-07T20:57:33+05:30
pay_00000000001405,order_0000001405,7322.99,upi,captured,2025-11-11T23:50:26+05:30
pay_00000000001406,order_0000001406,26620.04,netbanking,captured,2025-11-18T14:18:07+05:30
pay_00000000001407,order_0000001407,14033.00,netbanking,captured,2025-11-08T12:55:06+05:30
pay_00000000001408,order_0000001408,10906.00,card,captured,2025-11-18T20:47:28+05:30
pay_00000000001409,order_0000001409,17684.00,wallet,failed,2025-11-26T18:59:11+05:30
pay_00000000001410,order_0000001410,139265.00,netbanking,captured,2025-11-20T18:34:39+05:30
pay_00000000001411,order_0000001411,28406.26,card,captured,2025-11-15T20:15:41+05:30
pay_00000000001412,order_0000001412,21274.99,card,captured,2025-11-21T17:46:52+05:30
pay_00000000001413,order_0000001413,115197.26,netbanking,captured,2025-11-04T16:29:27+05:30
pay_00000000001414,order_0000001414,2130.00,card,captured,2025-11-01T11:58:01+05:30
pay_00000000001415,order_0000001415,37454.00,upi,captured,2025-11-07T23:33:30+05:30
pay_00000000001416,order_0000001416,18400.80,netbanking,captured,2025-11-17T10:09:31+05:30
pay_00000000001417,order_0000001417,12229.99,card,captured,2025-11-03T16:26:35+05:30
pay_00000000001418,order_0000001418,22890.99,upi,captured,2025-11-28T13:29:25+05:30
pay_00000000001419,order_0000001419,13377.68,netbanking,captured,2025-11-08T21:04:42+05:30
pay_00000000001420,order_0000001420,3959.99,netbanking,captured,2025-11-16T12:13:14+05:30
pay_00000000001421,order_0000001421,40810.66,wallet,captured,2025-11-20T12:34:18+05:30
pay_00000000001422,order_0000001422,112803.27,wallet,captured,2025-11-13T08:42:57+05:30
pay_00000000001423,order_0000001423,5652.99,wallet,captured,2025-11-20T11:20:37+05:30
pay_00000000001424,order_0000001424,112538.32,netbanking,captured,2025-11-12T07:57:37+05:30
pay_00000000001425,order_0000001425,28773.41,wallet,captured,2025-11-15T13:55:27+05:30
pay_00000000001426,order_0000001426,196608.07,card,captured,2025-11-15T16:55:54+05:30
pay_00000000001427,order_0000001427,29511.36,wallet,captured,2025-11-29T06:54:19+05:30
pay_00000000001428,order_0000001428,23286.99,netbanking,captured,2025-11-09T20:09:18+05:30
pay_00000000001429,order_0000001429,41534.00,netbanking,captured,2025-11-20T00:39:38+05:30
pay_00000000001430,order_0000001430,2661.99,wallet,captured,2025-11-15T22:25:50+05:30
pay_00000000001431,order_0000001431,86654.97,upi,captured,2025-11-21T10:50:32+05:30
pay_00000000001432,order_0000001432,7047.40,netbanking,captured,2025-11-08T17:36:40+05:30
pay_00000000001433,order_0000001433,4351.28,card,captured,2025-11-08T05:30:14+05:30
pay_00000000001434,order_0000001434,34421.91,netbanking,captured,2025-11-19T11:14:36+05:30
pay_00000000001435,order_0000001435,6056.00,netbanking,captured,2025-11-21T12:25:29+05:30
pay_00000000001436,order_0000001436,34199.87,netbanking,captured,2025-11-04T03:49:33+05:30
pay_00000000001437,order_0000001437,42148.99,wallet,captured,2025-11-30T16:24:22+05:30
pay_00000000001438,order_0000001438,206677.80,upi,captured,2025-11-27T09:05:54+05:30
pay_00000000001439,order_0000001439,6534.99,netbanking,failed,2025-11-14T00:53:18+05:30
pay_00000000001440,order_0000001440,3313.00,netbanking,captured,2025-11-29T10:25:14+05:30
pay_00000000001441,order_0000001441,170882.00,wallet,captured,2025-11-17T22:14:13+05:30
pay_00000000001442,order_0000001442,14727.19,netbanking,captured,2025-11-23T07:48:43+05:30
pay_00000000001443,order_0000001443,7266.00,netbanking,captured,2025-11-03T13:53:24+05:30
pay_00000000001444,order_0000001444,30678.00,wallet,captured,2025-11-23T04:00:39+05:30
pay_00000000001445,order_0000001445,4136.29,card,captured,2025-11-27T15:50:30+05:30
pay_00000000001446,order_0000001446,23892.65,upi,captured,2025-11-27T18:11:42+05:30
pay_00000000001447,order_0000001447,40955.02,wallet,captured,2025-11-16T13:43:27+05:30
pay_00000000001448,order_0000001448,16308.48,card,captured,2025-11-06T18:01:12+05:30
pay_00000000001449,order_0000001449,7849.00,wallet,captured,2025-11-26T15:35:29+05:30
pay_00000000001450,order_0000001450,30189.17,card,captured,2025-11-10T09:20:54+05:30
pay_00000000001451,order_0000001451,2181.23,card,captured,2025-11-29T14:07:59+05:30
pay_00000000001452,order_0000001452,8494.42,upi,captured,2025-11-10T14:31:06+05:30
pay_00000000001453,order_0000001453,29985.00,netbanking,captured,2025-11-23T12:45:49+05:30
pay_00000000001454,order_0000001454,2606.72,netbanking,captured,2025-11-11T18:49:01+05:30
pay_00000000001455,order_0000001455,10027.03,netbanking,captured,2025-11-02T23:15:09+05:30
pay_00000000001456,order_0000001456,127660.00,netbanking,captured,2025-11-17T09:19:10+05:30
pay_00000000001457,order_0000001457,9873.15,card,captured,2025-11-14T13:13:33+05:30
pay_00000000001458,order_0000001458,106332.48,upi,captured,2025-11-25T19:24:23+05:30
pay_00000000001459,order_0000001459,21331.99,wallet,captured,2025-11-07T15:59:54+05:30
pay_00000000001460,order_0000001460,38246.69,netbanking,captured,2025-11-25T06:15:33+05:30
pay_00000000001461,order_0000001461,5567.00,netbanking,captured,2025-11-07T10:40:56+05:30
pay_00000000001462,order_0000001462,24499.00,netbanking,captured,2025-11-20T18:27:22+05:30
pay_00000000001463,order_0000001463,3344.00,netbanking,captured,2025-11-08T01:08:03+05:30
pay_00000000001464,order_0000001464,8961.99,card,captured,2025-11-01T14:39:41+05:30
pay_00000000001465,order_0000001465,114841.12,netbanking,captured,2025-11-15T17:26:16+05:30
pay_00000000001466,order_0000001466,5644.34,netbanking,captured,2025-11-13T22:14:39+05:30
pay_00000000001467,order_0000001467,2450.00,upi,captured,2025-11-20T00:52:51+05:30
pay_00000000001468,order_0000001468,22102.00,netbanking,captured,2025-11-18T20:58:45+05:30
pay_00000000001469,order_0000001469,6303.73,wallet,captured,2025-11-25T18:23:06+05:30
pay_00000000001470,order_0000001470,15866.00,card,failed,2025-11-22T22:30:59+05:30
pay_00000000001471,order_0000001471,37368.99,netbanking,captured,2025-11-20T18:05:51+05:30
pay_00000000001472,order_0000001472,75111.83,wallet,captured,2025-11-04T16:55:37+05:30
pay_00000000001473,order_0000001473,41939.85,card,captured,2025-11-27T23:09:27+05:30
pay_00000000001474,order_0000001474,64069.00,netbanking,captured,2025-11-23T06:13:12+05:30
pay_00000000001475,order_0000001475,101661.81,netbanking,captured,2025-11-13T09:28:30+05:30
pay_00000000001476,order_0000001476,180427.07,netbanking,captured,2025-11-11T14:30:03+05:30
pay_00000000001477,order_0000001477,42912.00,wallet,captured,2025-11-20T18:20:00+05:30
pay_00000000001478,order_0000001478,17317.00,wallet,captured,2025-11-25T12:28:02+05:30
pay_00000000001479,order_0000001479,6711.85,netbanking,captured,2025-11-28T23:18:44+05:30
pay_00000000001480,order_0000001480,36993.00,netbanking,captured,2025-11-18T17:53:30+05:30
pay_00000000001481,order_0000001481,25431.99,upi,captured,2025-11-15T13:07:00+05:30
pay_00000000001482,order_0000001482,15533.39,wallet,captured,2025-11-01T22:55:59+05:30
pay_00000000001483,order_0000001483,214750.90,netbanking,failed,2025-11-18T14:15:06+05:30
pay_00000000001484,order_0000001484,150634.29,card,captured,2025-11-01T22:53:59+05:30
pay_00000000001485,order_0000001485,4519.00,upi,captured,2025-11-08T15:21:56+05:30
pay_00000000001486,order_0000001486,2003.00,card,captured,2025-11-23T22:42:11+05:30
pay_00000000001487,order_0000001487,5905.91,netbanking,failed,2025-11-03T15:43:04+05:30
pay_00000000001488,order_0000001488,26681.00,netbanking,failed,2025-11-28T11:46:31+05:30
pay_00000000001489,order_0000001489,243010.10,card,failed,2025-11-02T17:18:02+05:30
pay_00000000001490,order_0000001490,39508.99,netbanking,captured,2025-11-16T20:30:43+05:30
pay_00000000001491,order_0000001491,40350.99,upi,captured,2025-11-24T23:47:31+05:30
pay_00000000001492,order_0000001492,78467.72,netbanking,captured,2025-11-14T14:58:11+05:30
pay_00000000001493,order_0000001493,22234.58,wallet,failed,2025-11-18T22:35:40+05:30
pay_00000000001494,order_0000001494,6427.00,card,captured,2025-11-08T12:36:21+05:30
pay_00000000001495,order_0000001495,6314.50,netbanking,captured,2025-11-30T20:11:46+05:30
pay_00000000001496,order_0000001496,15631.00,upi,captured,2025-11-20T16:51:58+05:30
pay_00000000001497,order_0000001497,5902.02,upi,captured,2025-11-04T18:32:15+05:30
pay_00000000001498,order_0000001498,18302.00,wallet,captured,2025-11-07T16:48:34+05:30
pay_00000000001499,order_0000001499,25371.06,netbanking,captured,2025-11-10T18:08:53+05:30
pay_00000000001500,order_0000001500,36555.99,netbanking,captured,2025-11-09T12:16:45+05:30
pay_00000000001501,order_0000001501,7857.00,upi,captured,2025-11-21T19:11:17+05:30
pay_00000000001502,order_0000001502,19948.13,upi,captured,2025-11-18T10:21:55+05:30
pay_00000000001503,order_0000001503,34429.00,wallet,captured,2025-11-22T16:24:32+05:30
pay_00000000001504,order_0000001504,3467.99,netbanking,captured,2025-11-07T06:48:18+05:30
pay_00000000001505,order_0000001505,39823.00,upi,captured,2025-11-14T16:55:32+05:30
pay_00000000001506,order_0000001506,4936.32,netbanking,failed,2025-11-16T12:23:04+05:30
pay_00000000001507,order_0000001507,55127.04,upi,captured,2025-11-25T00:20:39+05:30
pay_00000000001508,order_0000001508,150107.42,card,captured,2025-11-19T20:33:13+05:30
pay_00000000001509,order_0000001509,219805.00,netbanking,captured,2025-11-30T20:50:29+05:30
pay_00000000001510,order_0000001510,41521.24,netbanking,captured,2025-11-22T11:32:35+05:30
pay_00000000001511,order_0000001511,28799.28,wallet,captured,2025-11-30T06:04:57+05:30
pay_00000000001512,order_0000001512,27050.37,netbanking,captured,2025-11-18T21:49:29+05:30
pay_00000000001513,order_0000001513,45954.16,wallet,captured,2025-11-29T21:08:50+05:30
pay_00000000001514,order_0000001514,189690.99,card,captured,2025-11-23T12:41:48+05:30
pay_00000000001515,order_0000001515,28667.00,upi,captured,2025-11-15T01:55:03+05:30
pay_00000000001516,order_0000001516,41745.99,card,captured,2025-11-14T22:00:09+05:30
pay_00000000001517,order_0000001517,6532.79,wallet,captured,2025-11-04T22:34:01+05:30
pay_00000000001518,order_0000001518,36536.91,card,captured,2025-11-04T17:56:26+05:30
pay_00000000001519,order_0000001519,191130.52,netbanking,captured,2025-11-28T12:49:43+05:30
pay_00000000001520,order_0000001520,35535.64,wallet,captured,2025-11-04T12:05:06+05:30
pay_00000000001521,order_0000001521,44088.62,card,captured,2025-11-02T09:24:23+05:30
pay_00000000001522,order_0000001522,82959.00,wallet,captured,2025-11-24T08:36:49+05:30
pay_00000000001523,order_0000001523,7218.20,card,captured,2025-11-04T19:16:28+05:30
pay_00000000001524,order_0000001524,25120.09,netbanking,captured,2025-11-28T17:56:33+05:30
pay_00000000001525,order_0000001525,74889.58,upi,captured,2025-11-03T15:54:07+05:30
pay_00000000001526,order_0000001526,3343.10,card,captured,2025-11-23T13:02:41+05:30
pay_00000000001527,order_0000001527,2969.99,netbanking,captured,2025-11-29T21:28:42+05:30
pay_00000000001528,order_0000001528,112298.75,netbanking,captured,2025-11-29T02:24:30+05:30
pay_00000000001529,order_0000001529,34908.00,netbanking,captured,2025-11-04T20:35:59+05:30
pay_00000000001530,order_0000001530,40865.99,card,captured,2025-11-12T03:19:07+05:30
pay_00000000001531,order_0000001531,7440.00,card,captured,2025-11-29T13:31:18+05:30
pay_00000000001532,order_0000001532,8640.73,upi,captured,2025-11-30T20:20:18+05:30
pay_00000000001533,order_0000001533,41948.99,netbanking,captured,2025-11-09T22:15:47+05:30
pay_00000000001534,order_0000001534,8985.99,netbanking,captured,2025-11-17T13:48:58+05:30
pay_00000000001535,order_0000001535,171269.62,card,captured,2025-11-03T15:06:08+05:30
pay_00000000001536,order_0000001536,133775.99,wallet,captured,2025-11-22T16:09:58+05:30
pay_00000000001537,order_0000001537,3783.24,netbanking,failed,2025-11-29T08:52:32+05:30
pay_00000000001538,order_0000001538,12936.00,upi,captured,2025-11-17T21:08:53+05:30
pay_00000000001539,order_0000001539,12230.08,wallet,captured,2025-11-25T15:15:19+05:30
pay_00000000001540,order_0000001540,9863.00,netbanking,captured,2025-11-12T19:38:21+05:30
pay_00000000001541,order_0000001541,7090.99,upi,captured,2025-11-18T10:43:17+05:30
pay_00000000001542,order_0000001542,133276.99,card,captured,2025-11-29T14:21:30+05:30
pay_00000000001543,order_0000001543,10677.00,netbanking,captured,2025-11-13T17:21:49+05:30
pay_00000000001544,order_0000001544,14853.99,wallet,captured,2025-11-28T13:43:59+05:30
pay_00000000001545,order_0000001545,18946.61,card,captured,2025-11-01T18:32:02+05:30
pay_00000000001546,order_0000001546,6457.00,netbanking,failed,2025-11-30T20:09:47+05:30
pay_00000000001547,order_0000001547,23819.85,upi,failed,2025-11-09T22:21:14+05:30
pay_00000000001548,order_0000001548,159972.50,netbanking,captured,2025-11-02T23:27:27+05:30
pay_00000000001549,order_0000001549,7023.00,netbanking,captured,2025-11-08T12:44:22+05:30
pay_00000000001550,order_0000001550,8842.88,netbanking,captured,2025-11-17T13:06:09+05:30
pay_00000000001551,order_0000001551,3695.57,upi,captured,2025-11-11T14:18:17+05:30
pay_00000000001552,order_0000001552,40915.17,upi,captured,2025-11-30T22:03:14+05:30
pay_00000000001553,order_0000001553,2931.68,wallet,captured,2025-11-28T14:32:54+05:30
pay_00000000001554,order_0000001554,44193.84,netbanking,captured,2025-11-14T07:19:11+05:30
pay_00000000001555,order_0000001555,41130.39,netbanking,captured,2025-11-05T18:36:57+05:30
pay_00000000001556,order_0000001556,36750.10,netbanking,captured,2025-11-08T12:09:42+05:30
pay_00000000001557,order_0000001557,20664.40,netbanking,failed,2025-11-14T17:29:46+05:30
pay_00000000001558,order_0000001558,30682.99,upi,captured,2025-11-30T13:10:52+05:30
pay_00000000001559,order_0000001559,3152.18,netbanking,captured,2025-11-19T09:18:59+05:30
pay_00000000001560,order_0000001560,2620.00,wallet,captured,2025-11-10T21:27:37+05:30
pay_00000000001561,order_0000001561,95679.00,netbanking,failed,2025-11-17T13:43:23+05:30
pay_00000000001562,order_0000001562,28943.83,netbanking,captured,2025-11-15T23:37:47+05:30
pay_00000000001563,order_0000001563,34942.70,netbanking,captured,2025-11-09T09:01:11+05:30
pay_00000000001564,order_0000001564,2819.71,netbanking,captured,2025-11-05T08:00:37+05:30
pay_00000000001565,order_0000001565,3601.99,netbanking,captured,2025-11-05T16:26:30+05:30
pay_00000000001566,order_0000001566,26448.74,upi,captured,2025-11-29T18:54:51+05:30
pay_00000000001567,order_0000001567,188957.27,card,captured,2025-11-04T13:41:43+05:30
pay_00000000001568,order_0000001568,8150.58,netbanking,captured,2025-11-01T15:48:43+05:30
pay_00000000001569,order_0000001569,3963.10,netbanking,captured,2025-11-21T13:20:31+05:30
pay_00000000001570,order_0000001570,74738.00,card,captured,2025-11-17T13:26:49+05:30
pay_00000000001571,order_0000001571,8226.00,netbanking,captured,2025-11-04T23:16:38+05:30
pay_00000000001572,order_0000001572,6844.48,netbanking,captured,2025-11-08T13:40:08+05:30
pay_00000000001573,order_0000001573,140351.00,card,captured,2025-11-30T14:24:00+05:30
pay_00000000001574,order_0000001574,8746.60,netbanking,captured,2025-11-18T10:45:22+05:30
pay_00000000001575,order_0000001575,190437.64,upi,captured,2025-11-30T17:43:50+05:30
pay_00000000001576,order_0000001576,3466.00,netbanking,captured,2025-11-29T15:41:57+05:30
pay_00000000001577,order_0000001577,35586.00,netbanking,captured,2025-11-02T12:43:26+05:30
pay_00000000001578,order_0000001578,23473.00,card,captured,2025-11-30T09:25:24+05:30
pay_00000000001579,order_0000001579,205262.00,netbanking,captured,2025-11-26T21:54:56+05:30
pay_00000000001580,order_0000001580,3236.33,netbanking,captured,2025-11-16T07:57:29+05:30
pay_00000000001581,order_0000001581,99200.26,netbanking,captured,2025-11-10T19:14:49+05:30
pay_00000000001582,order_0000001582,234905.96,netbanking,captured,2025-11-21T22:25:25+05:30
pay_00000000001583,order_0000001583,42040.65,netbanking,captured,2025-11-24T06:24:06+05:30
pay_00000000001584,order_0000001584,23191.39,netbanking,captured,2025-11-19T14:22:11+05:30
pay_00000000001585,order_0000001585,49928.99,netbanking,captured,2025-11-14T21:16:24+05:30
pay_00000000001586,order_0000001586,5100.67,netbanking,captured,2025-11-17T11:47:35+05:30
pay_00000000001587,order_0000001587,16056.40,upi,failed,2025-11-02T21:01:54+05:30
pay_00000000001588,order_0000001588,3018.99,wallet,captured,2025-11-13T15:24:33+05:30
pay_00000000001589,order_0000001589,5388.99,upi,captured,2025-11-01T12:47:05+05:30
pay_00000000001590,order_0000001590,2729.99,upi,captured,2025-11-07T23:32:01+05:30
pay_00000000001591,order_0000001591,21027.99,netbanking,captured,2025-11-16T13:54:08+05:30
pay_00000000001592,order_0000001592,22980.64,upi,captured,2025-11-09T10:09:22+05:30
pay_00000000001593,order_0000001593,41765.00,netbanking,captured,2025-11-10T13:11:16+05:30
pay_00000000001594,order_0000001594,4519.00,netbanking,captured,2025-11-06T21:12:34+05:30
pay_00000000001595,order_0000001595,25344.00,netbanking,captured,2025-11-01T20:04:30+05:30
pay_00000000001596,order_0000001596,25109.36,wallet,captured,2025-11-16T18:56:50+05:30
pay_00000000001597,order_0000001597,27235.89,netbanking,captured,2025-11-03T12:04:15+05:30
pay_00000000001598,order_0000001598,5077.15,netbanking,captured,2025-11-11T13:27:38+05:30
pay_00000000001599,order_0000001599,119580.72,upi,captured,2025-11-23T10:23:34+05:30
pay_00000000001600,order_0000001600,17510.29,netbanking,captured,2025-11-13T23:58:32+05:30
pay_00000000001601,order_0000001601,220074.68,netbanking,failed,2025-11-19T23:05:50+05:30
pay_00000000001602,order_0000001602,8338.99,upi,captured,2025-11-22T18:28:30+05:30
pay_00000000001603,order_0000001603,115162.00,netbanking,captured,2025-11-20T20:40:45+05:30
pay_00000000001604,order_0000001604,5237.40,card,captured,2025-11-09T07:52:11+05:30
pay_00000000001605,order_0000001605,17752.14,card,captured,2025-11-10T12:29:56+05:30
pay_00000000001606,order_0000001606,26221.00,netbanking,captured,2025-11-17T19:52:35+05:30
pay_00000000001607,order_0000001607,55814.00,netbanking,captured,2025-11-28T14:33:56+05:30
pay_00000000001608,order_0000001608,19004.29,upi,captured,2025-11-16T01:23:05+05:30
pay_00000000001609,order_0000001609,3102.10,card,captured,2025-11-21T04:40:14+05:30
pay_00000000001610,order_0000001610,10385.93,netbanking,captured,2025-11-19T19:30:47+05:30
pay_00000000001611,order_0000001611,35176.43,upi,captured,2025-11-04T18:45:35+05:30
pay_00000000001612,order_0000001612,39239.00,netbanking,captured,2025-11-04T22:39:32+05:30
pay_00000000001613,order_0000001613,17365.00,netbanking,captured,2025-11-23T20:42:40+05:30
pay_00000000001614,order_0000001614,20707.92,netbanking,captured,2025-11-16T21:08:46+05:30
pay_00000000001615,order_0000001615,30251.00,netbanking,failed,2025-11-03T11:34:36+05:30
pay_00000000001616,order_0000001616,175415.40,wallet,captured,2025-11-11T12:35:09+05:30
pay_00000000001617,order_0000001617,242355.38,card,captured,2025-11-27T21:59:28+05:30
pay_00000000001618,order_0000001618,34877.00,wallet,captured,2025-11-07T22:51:43+05:30
pay_00000000001619,order_0000001619,24971.66,netbanking,captured,2025-11-20T22:57:55+05:30
pay_00000000001620,order_0000001620,10571.49,netbanking,captured,2025-11-17T18:53:04+05:30
pay_00000000001621,order_0000001621,7298.30,card,captured,2025-11-13T14:41:01+05:30
pay_00000000001622,order_0000001622,6547.00,card,captured,2025-11-02T21:09:34+05:30
pay_00000000001623,order_0000001623,42113.99,card,captured,2025-11-06T02:31:52+05:30
pay_00000000001624,order_0000001624,19577.00,card,captured,2025-11-07T05:55:03+05:30
pay_00000000001625,order_0000001625,164272.16,card,captured,2025-11-19T13:48:02+05:30
pay_00000000001626,order_0000001626,19728.89,upi,captured,2025-11-17T23:55:27+05:30
pay_00000000001627,order_0000001627,43210.99,netbanking,failed,2025-11-20T12:51:36+05:30
pay_00000000001628,order_0000001628,75036.42,netbanking,captured,2025-11-12T15:27:17+05:30
pay_00000000001629,order_0000001629,2891.00,card,captured,2025-11-30T16:17:39+05:30
pay_00000000001630,order_0000001630,15871.00,netbanking,captured,2025-11-18T09:32:55+05:30
pay_00000000001631,order_0000001631,2676.00,wallet,captured,2025-11-30T18:31:16+05:30
pay_00000000001632,order_0000001632,18371.49,netbanking,captured,2025-11-29T11:12:48+05:30
pay_00000000001633,order_0000001633,13473.00,card,failed,2025-11-24T14:24:43+05:30
pay_00000000001634,order_0000001634,28177.99,netbanking,captured,2025-11-27T18:12:59+05:30
pay_00000000001635,order_0000001635,10543.00,upi,captured,2025-11-20T19:34:40+05:30
pay_00000000001636,order_0000001636,4612.66,card,captured,2025-11-16T23:40:06+05:30
pay_00000000001637,order_0000001637,55046.99,netbanking,captured,2025-11-14T17:37:21+05:30
pay_00000000001638,order_0000001638,234160.29,wallet,captured,2025-11-09T15:20:34+05:30
pay_00000000001639,order_0000001639,14516.99,netbanking,captured,2025-11-25T15:46:58+05:30
pay_00000000001640,order_0000001640,21830.00,wallet,captured,2025-11-29T11:49:37+05:30
pay_00000000001641,order_0000001641,162024.01,wallet,captured,2025-11-05T07:04:54+05:30
pay_00000000001642,order_0000001642,28833.43,netbanking,captured,2025-11-14T17:56:49+05:30
pay_00000000001643,order_0000001643,2797.83,card,failed,2025-11-27T14:08:27+05:30
pay_00000000001644,order_0000001644,213733.00,netbanking,captured,2025-11-03T18:37:27+05:30
pay_00000000001645,order_0000001645,74535.00,netbanking,captured,2025-11-11T12:09:43+05:30
pay_00000000001646,order_0000001646,20434.70,netbanking,captured,2025-11-20T18:53:07+05:30
pay_00000000001647,order_0000001647,38412.05,card,captured,2025-11-17T23:04:33+05:30
pay_00000000001648,order_0000001648,40557.00,netbanking,captured,2025-11-08T23:37:16+05:30
pay_00000000001649,order_0000001649,38771.47,card,captured,2025-11-19T15:09:21+05:30
pay_00000000001650,order_0000001650,30822.99,wallet,captured,2025-11-21T19:38:57+05:30
pay_00000000001651,order_0000001651,21447.14,netbanking,captured,2025-11-19T05:57:38+05:30
pay_00000000001652,order_0000001652,193904.81,wallet,captured,2025-11-18T19:17:42+05:30
pay_00000000001653,order_0000001653,4285.36,card,captured,2025-11-17T19:13:05+05:30
pay_00000000001654,order_0000001654,31267.99,wallet,captured,2025-11-07T10:14:59+05:30
pay_00000000001655,order_0000001655,13757.67,card,failed,2025-11-01T19:52:33+05:30
pay_00000000001656,order_0000001656,17204.11,wallet,captured,2025-11-10T15:03:01+05:30
pay_00000000001657,order_0000001657,32241.99,upi,captured,2025-11-19T21:52:19+05:30
pay_00000000001658,order_0000001658,18565.12,upi,captured,2025-11-16T13:11:23+05:30
pay_00000000001659,order_0000001659,6570.20,netbanking,captured,2025-11-14T22:28:48+05:30
pay_00000000001660,order_0000001660,5905.81,netbanking,captured,2025-11-10T21:58:22+05:30
pay_00000000001661,order_0000001661,8276.00,wallet,captured,2025-11-17T13:07:19+05:30
pay_00000000001662,order_0000001662,5976.99,upi,captured,2025-11-13T18:44:03+05:30
pay_00000000001663,order_0000001663,49753.99,netbanking,failed,2025-11-03T06:56:36+05:30
pay_00000000001664,order_0000001664,9830.00,netbanking,captured,2025-11-11T16:35:29+05:30
pay_00000000001665,order_0000001665,192403.00,card,captured,2025-11-09T23:43:52+05:30
pay_00000000001666,order_0000001666,2301.00,netbanking,captured,2025-11-24T20:52:20+05:30
pay_00000000001667,order_0000001667,2900.88,netbanking,captured,2025-11-27T12:29:09+05:30
pay_00000000001668,order_0000001668,18584.38,upi,captured,2025-11-22T12:28:46+05:30
pay_00000000001669,order_0000001669,38570.14,card,captured,2025-11-22T12:00:16+05:30
pay_00000000001670,order_0000001670,4604.00,card,captured,2025-11-18T14:37:48+05:30
pay_00000000001671,order_0000001671,23856.93,netbanking,captured,2025-11-20T20:11:45+05:30
pay_00000000001672,order_0000001672,39152.99,netbanking,captured,2025-11-21T12:48:37+05:30
pay_00000000001673,order_0000001673,6133.52,wallet,captured,2025-11-10T22:22:35+05:30
pay_00000000001674,order_0000001674,2794.99,netbanking,captured,2025-11-14T17:29:27+05:30
pay_00000000001675,order_0000001675,5732.00,netbanking,captured,2025-11-29T22:37:37+05:30
pay_00000000001676,order_0000001676,35015.00,wallet,captured,2025-11-17T18:17:32+05:30
pay_00000000001677,order_0000001677,5825.91,netbanking,captured,2025-11-06T20:42:00+05:30
pay_00000000001678,order_0000001678,30830.93,card,captured,2025-11-03T18:23:40+05:30
pay_00000000001679,order_0000001679,3909.00,card,captured,2025-11-13T18:34:28+05:30
pay_00000000001680,order_0000001680,5664.99,wallet,captured,2025-11-09T22:25:27+05:30
pay_00000000001681,order_0000001681,9637.99,wallet,captured,2025-11-04T08:59:49+05:30
pay_00000000001682,order_0000001682,9531.99,wallet,captured,2025-11-18T13:07:52+05:30
pay_00000000001683,order_0000001683,68265.53,wallet,captured,2025-11-19T06:26:15+05:30
pay_00000000001684,order_0000001684,79269.00,wallet,captured,2025-11-07T13:03:26+05:30
pay_00000000001685,order_0000001685,5956.00,netbanking,captured,2025-11-23T19:15:42+05:30
pay_00000000001686,order_0000001686,9127.91,netbanking,captured,2025-11-18T07:45:43+05:30
pay_00000000001687,order_0000001687,180560.00,netbanking,captured,2025-11-18T17:33:10+05:30
pay_00000000001688,order_0000001688,40521.00,wallet,captured,2025-11-16T07:57:04+05:30
pay_00000000001689,order_0000001689,30609.81,netbanking,captured,2025-11-06T12:25:02+05:30
pay_00000000001690,order_0000001690,24586.80,wallet,failed,2025-11-30T17:58:45+05:30
pay_00000000001691,order_0000001691,227468.00,wallet,captured,2025-11-05T15:58:37+05:30
pay_00000000001692,order_0000001692,8379.89,wallet,captured,2025-11-21T18:14:25+05:30
pay_00000000001693,order_0000001693,21987.54,card,captured,2025-11-21T11:40:18+05:30
pay_00000000001694,order_0000001694,3228.00,netbanking,captured,2025-11-09T09:19:33+05:30
pay_00000000001695,order_0000001695,30223.99,netbanking,captured,2025-11-04T06:21:19+05:30
pay_00000000001696,order_0000001696,134259.00,card,captured,2025-11-05T11:01:37+05:30
pay_00000000001697,order_0000001697,2962.79,card,captured,2025-11-11T15:03:26+05:30
pay_00000000001698,order_0000001698,192639.43,netbanking,captured,2025-11-25T10:04:35+05:30
pay_00000000001699,order_0000001699,105271.40,wallet,captured,2025-11-05T19:25:54+05:30
pay_00000000001700,order_0000001700,3049.92,netbanking,captured,2025-11-03T10:11:43+05:30
pay_00000000001701,order_0000001701,16622.68,wallet,captured,2025-11-20T00:19:15+05:30
pay_00000000001702,order_0000001702,34396.65,netbanking,captured,2025-11-22T15:14:58+05:30
pay_00000000001703,order_0000001703,81950.99,card,captured,2025-11-10T01:58:45+05:30
pay_00000000001704,order_0000001704,19003.09,netbanking,captured,2025-11-04T19:21:34+05:30
pay_00000000001705,order_0000001705,42861.68,netbanking,captured,2025-11-29T07:04:30+05:30
pay_00000000001706,order_0000001706,4319.70,upi,captured,2025-11-09T21:21:54+05:30
pay_00000000001707,order_0000001707,6191.64,card,captured,2025-11-15T23:18:12+05:30
pay_00000000001708,order_0000001708,28993.70,netbanking,captured,2025-11-09T14:17:40+05:30
pay_00000000001709,order_0000001709,2603.99,netbanking,captured,2025-11-05T07:44:59+05:30
pay_00000000001710,order_0000001710,25063.36,netbanking,failed,2025-11-28T18:35:26+05:30
pay_00000000001711,order_0000001711,4503.68,netbanking,captured,2025-11-23T07:11:15+05:30
pay_00000000001712,order_0000001712,18356.00,wallet,captured,2025-11-10T22:51:44+05:30
pay_00000000001713,order_0000001713,35116.00,card,captured,2025-11-05T16:17:33+05:30
pay_00000000001714,order_0000001714,21275.00,netbanking,captured,2025-11-08T08:07:34+05:30
pay_00000000001715,order_0000001715,235357.00,card,captured,2025-11-19T23:25:44+05:30
pay_00000000001716,order_0000001716,149702.12,card,captured,2025-11-28T18:01:25+05:30
pay_00000000001717,order_0000001717,137028.00,netbanking,captured,2025-11-26T17:30:10+05:30
pay_00000000001718,order_0000001718,205976.91,netbanking,captured,2025-11-19T12:31:08+05:30
pay_00000000001719,order_0000001719,8841.00,netbanking,captured,2025-11-28T09:06:30+05:30
pay_00000000001720,order_0000001720,29951.26,card,captured,2025-11-20T15:54:59+05:30
pay_00000000001721,order_0000001721,25538.00,card,captured,2025-11-04T17:37:44+05:30
pay_00000000001722,order_0000001722,80483.05,netbanking,captured,2025-11-06T17:03:57+05:30
pay_00000000001723,order_0000001723,41209.20,card,captured,2025-11-09T19:59:02+05:30
pay_00000000001724,order_0000001724,231327.00,card,captured,2025-11-05T08:06:46+05:30
pay_00000000001725,order_0000001725,40842.00,upi,captured,2025-11-12T13:52:36+05:30
pay_00000000001726,order_0000001726,42034.92,card,captured,2025-11-07T21:15:14+05:30
pay_00000000001727,order_0000001727,6413.99,netbanking,captured,2025-11-25T13:21:48+05:30
pay_00000000001728,order_0000001728,3889.00,netbanking,captured,2025-11-28T14:04:48+05:30
pay_00000000001729,order_0000001729,32393.00,netbanking,captured,2025-11-23T11:03:55+05:30
pay_00000000001730,order_0000001730,31738.00,upi,captured,2025-11-01T16:53:22+05:30
pay_00000000001731,order_0000001731,30942.32,wallet,captured,2025-11-03T15:01:17+05:30
pay_00000000001732,order_0000001732,37446.50,netbanking,captured,2025-11-14T16:12:39+05:30
pay_00000000001733,order_0000001733,7878.58,card,captured,2025-11-14T06:18:53+05:30
pay_00000000001734,order_0000001734,29035.77,wallet,captured,2025-11-05T14:17:51+05:30
pay_00000000001735,order_0000001735,40240.00,card,captured,2025-11-01T02:42:53+05:30
pay_00000000001736,order_0000001736,25756.52,card,captured,2025-11-30T17:37:55+05:30
pay_00000000001737,order_0000001737,192895.72,card,captured,2025-11-10T23:46:24+05:30
pay_00000000001738,order_0000001738,26988.02,upi,captured,2025-11-15T13:26:39+05:30
pay_00000000001739,order_0000001739,26789.00,netbanking,captured,2025-11-09T17:30:38+05:30
pay_00000000001740,order_0000001740,214233.60,card,captured,2025-11-24T21:49:43+05:30
pay_00000000001741,order_0000001741,4198.99,netbanking,captured,2025-11-24T16:13:56+05:30
pay_00000000001742,order_0000001742,114353.00,netbanking,captured,2025-11-03T21:07:14+05:30
pay_00000000001743,order_0000001743,5548.99,wallet,captured,2025-11-11T13:24:38+05:30
pay_00000000001744,order_0000001744,33895.28,card,captured,2025-11-26T06:44:09+05:30
pay_00000000001745,order_0000001745,44654.00,wallet,captured,2025-11-12T08:50:28+05:30
pay_00000000001746,order_0000001746,8751.99,card,captured,2025-11-11T14:58:31+05:30
pay_00000000001747,order_0000001747,4746.05,netbanking,captured,2025-11-17T00:52:24+05:30
pay_00000000001748,order_0000001748,24292.00,netbanking,captured,2025-11-28T03:14:56+05:30
pay_00000000001749,order_0000001749,17398.00,upi,captured,2025-11-18T14:40:44+05:30
pay_00000000001750,order_0000001750,61209.89,netbanking,captured,2025-11-15T09:57:09+05:30
pay_00000000001751,order_0000001751,35689.88,card,captured,2025-11-11T22:23:15+05:30
pay_00000000001752,order_0000001752,2132.62,wallet,captured,2025-11-06T02:34:25+05:30
pay_00000000001753,order_0000001753,5692.00,upi,captured,2025-11-10T14:21:41+05:30
pay_00000000001754,order_0000001754,10013.23,upi,captured,2025-11-03T02:05:44+05:30
pay_00000000001755,order_0000001755,21158.55,netbanking,captured,2025-11-30T16:54:54+05:30
pay_00000000001756,order_0000001756,41027.32,card,captured,2025-11-19T13:38:17+05:30
pay_00000000001757,order_0000001757,9913.97,netbanking,captured,2025-11-18T03:29:10+05:30
pay_00000000001758,order_0000001758,19555.47,wallet,failed,2025-11-26T23:01:05+05:30
pay_00000000001759,order_0000001759,7663.99,wallet,captured,2025-11-03T05:33:14+05:30
pay_00000000001760,order_0000001760,17569.00,wallet,captured,2025-11-24T13:57:04+05:30
pay_00000000001761,order_0000001761,26148.07,upi,captured,2025-11-29T19:31:36+05:30
pay_00000000001762,order_0000001762,68815.35,netbanking,captured,2025-11-30T20:58:08+05:30
pay_00000000001763,order_0000001763,111923.99,netbanking,captured,2025-11-12T14:32:32+05:30
pay_00000000001764,order_0000001764,7930.00,card,captured,2025-11-15T04:50:38+05:30
pay_00000000001765,order_0000001765,17791.00,netbanking,captured,2025-11-16T20:51:51+05:30
pay_00000000001766,order_0000001766,7155.94,netbanking,captured,2025-11-07T20:14:04+05:30
pay_00000000001767,order_0000001767,138395.43,netbanking,captured,2025-11-05T22:10:02+05:30
pay_00000000001768,order_0000001768,7609.34,upi,captured,2025-11-07T15:05:57+05:30
pay_00000000001769,order_0000001769,232463.53,wallet,captured,2025-11-18T08:16:04+05:30
pay_00000000001770,order_0000001770,2515.69,wallet,captured,2025-11-16T18:32:52+05:30
pay_00000000001771,order_0000001771,5275.00,netbanking,captured,2025-11-11T08:25:46+05:30
pay_00000000001772,order_0000001772,43040.19,wallet,captured,2025-11-23T08:36:08+05:30
pay_00000000001773,order_0000001773,26515.99,card,captured,2025-11-27T22:27:28+05:30
pay_00000000001774,order_0000001774,186714.96,wallet,captured,2025-11-29T15:30:40+05:30
pay_00000000001775,order_0000001775,24302.90,netbanking,captured,2025-11-27T22:25:48+05:30
pay_00000000001776,order_0000001776,35699.99,card,captured,2025-11-10T07:29:26+05:30
pay_00000000001777,order_0000001777,29567.00,card,captured,2025-11-23T18:57:50+05:30
pay_00000000001778,order_0000001778,5815.28,netbanking,captured,2025-11-08T18:10:52+05:30
pay_00000000001779,order_0000001779,36341.06,wallet,captured,2025-11-19T22:49:18+05:30
pay_00000000001780,order_0000001780,4198.00,wallet,captured,2025-11-22T21:41:56+05:30
pay_00000000001781,order_0000001781,4096.88,netbanking,captured,2025-11-08T11:51:05+05:30
pay_00000000001782,order_0000001782,48143.82,netbanking,captured,2025-11-18T06:59:58+05:30
pay_00000000001783,order_0000001783,35744.50,netbanking,captured,2025-11-19T23:07:23+05:30
pay_00000000001784,order_0000001784,2237.20,upi,captured,2025-11-14T09:28:09+05:30
pay_00000000001785,order_0000001785,42598.51,upi,captured,2025-11-14T04:09:11+05:30
pay_00000000001786,order_0000001786,31951.87,card,captured,2025-11-30T16:07:15+05:30
pay_00000000001787,order_0000001787,30622.07,netbanking,captured,2025-11-15T23:41:57+05:30
pay_00000000001788,order_0000001788,187382.29,netbanking,captured,2025-11-05T13:49:52+05:30
pay_00000000001789,order_0000001789,62956.42,wallet,captured,2025-11-18T18:54:13+05:30
pay_00000000001790,order_0000001790,7651.43,netbanking,captured,2025-11-25T10:40:58+05:30
pay_00000000001791,order_0000001791,36320.66,netbanking,captured,2025-11-06T20:54:42+05:30
pay_00000000001792,order_0000001792,5444.10,netbanking,captured,2025-11-27T12:20:03+05:30
pay_00000000001793,order_0000001793,37912.00,netbanking,captured,2025-11-30T20:27:00+05:30
pay_00000000001794,order_0000001794,15735.00,netbanking,captured,2025-11-07T15:15:27+05:30
pay_00000000001795,order_0000001795,233266.63,netbanking,failed,2025-11-29T22:34:35+05:30
pay_00000000001796,order_0000001796,37055.12,wallet,captured,2025-11-27T22:10:23+05:30
pay_00000000001797,order_0000001797,31476.68,wallet,captured,2025-11-06T01:59:40+05:30
pay_00000000001798,order_0000001798,105544.99,netbanking,captured,2025-11-25T20:44:52+05:30
pay_00000000001799,order_0000001799,5750.00,card,captured,2025-11-26T17:37:20+05:30
pay_00000000001800,order_0000001800,204824.00,card,captured,2025-11-12T19:56:27+05:30
pay_00000000001801,order_0000001801,28783.75,netbanking,captured,2025-11-22T11:59:59+05:30
pay_00000000001802,order_0000001802,28783.75,netbanking,captured,2025-11-22T11:59:59+05:30
pay_00000000001803,order_0000001803,2642.51,card,captured,2025-11-08T11:59:59+05:30
pay_00000000001804,order_0000001804,2642.51,card,captured,2025-11-08T11:59:59+05:30
pay_00000000001805,order_0000001805,171251.58,card,captured,2025-11-14T11:59:59+05:30
pay_00000000001806,order_0000001806,171251.58,card,captured,2025-11-14T11:59:59+05:30
